tree
version=v4
num_class=1
num_tree_per_iteration=1
label_index=0
max_feature_idx=226
objective=regression
feature_names=roomId propertyId year month total_capacity_nights quarter season_strength is_peak_season is_eid_month is_major_holiday_month month_sin month_cos is_recent_lag_missing dynamic_anchor_price anchor_age_months is_fallback_anchor room_fc_bath_or_shower_lag_5 price_lag_16_lag_5 room_fc_reception_24_hour_lag_5 room_fc_bed_double_lag_5 reference_45867993_marie_lag_5 price_yoy_historical_lag_5 ch_channel_count_lag_5 room_fc_restaurant_lag_5 room_fc_minibar_lag_5 room_fc_cycling_lag_5 room_fc_wakeupcall_lag_5 cal_minStay_restrict_days_lag_5 cal_days_covered_lag_5 subStatus_noShow_lag_5 prop_booking_cutoff_hour_lag_5 cal_numAvail_max_lag_5 room_fc_car_available_lag_5 room_cfg_roomType_triple_lag_5 room_cfg_control_priority_lag_5 room_fc_cleaning_possible_lag_5 room_cfg_security_deposit_lag_5 room_cfg_roomType_quadruple_lag_5 num_of_nights_lag_5_lag_5 cal_minStay_max_lag_5 room_cfg_roomType_twin_lag_5 room_fc_deck_patio_uncovered_lag_5 allowAutoAction_enable_lag_5 subStatus_nonPayment_lag_5 prop_type_villa_lag_5 price_lag_10_lag_5 cal_numAvail_zero_days_lag_5 price_roll_mean_12_lag_5 reference_EJ4657377__lag_5 price_lag_36_lag_5 num_of_nights_lag_16_lag_5 room_cfg_rack_rate_lag_5 prop_vat_rate_lag_5 price_roll_std_6_lag_5 room_fc_closets_in_room_lag_5 room_fc_shampoo_lag_5 room_fc_desk_lag_5 price_roll_mean_6_lag_5 reference_E5593226_ANNA_HUBER_lag_5 room_cfg_roomType_twindouble_lag_5 room_fc_dining_area_lag_5 qty_lag_5 room_fc_room_soundproofed_lag_5 room_cfg_min_price_lag_5 commission_lag_5_lag_5 room_fc_bath_toilet_lag_5 room_cfg_min_stay_lag_5 numChild_lag_5_lag_5 room_fc_refrigerator_lag_5 room_fc_toiletries_lag_5 season_price_interaction_lag_5 prop_country_ID_lag_5 room_fc_bed_single_lag_5 price_lag_5_lag_5 ch_connect_inventory_ratio_lag_5 commission_lag_6_lag_5 room_fc_hangers_lag_5 room_fc_towels_lag_5 referer_Booking_com_lag_5 room_cfg_max_children_lag_5 room_cfg_units_count_lag_5 reference_PAM228132_lag_5 custom1_Paid_by_OTA_Auto_Adjusted_lag_5 price_to_mean_ratio_lag_5 allowReview_default_lag_5 channel_booking_lag_5 room_cfg_include_in_reports_lag_5 prop_checkin_end_min_lag_5 prop_type_bedAndBreakfast_lag_5 title_Twin_bed_lag_5 prop_type_resort_lag_5 room_fc_beach_view_lag_5 room_fc_iron_lag_5 title_RO_lag_5 room_cfg_max_people_lag_5 room_cfg_roomType_single_lag_5 room_fc_bar_lag_5 numChild_lag_6_lag_5 price_vs_property_avg_lag_5 price_zscore_property_lag_5 room_fc_bicycle_lag_5 price_roll_std_12_lag_5 cal_numAvail_std_lag_5 price_diff_1_lag_5 prop_checkout_end_min_lag_5 room_cfg_overbookingProtection_property_lag_5 room_fc_balcony_lag_5 reference_PAL643451_LUCAS_lag_5 room_cfg_roomType_villa_lag_5 room_fc_cable_lag_5 status_new_lag_5 prop_checkin_start_min_lag_5 room_cfg_room_size_lag_5 arrivalTime_16_3_lag_5 masterId_lag_5 allowChannelUpdate_all_lag_5 ch_connect_limited_ratio_lag_5 room_fc_coffee_maker_lag_5 room_fc_laptop_friendly_lag_5 price_lag_7_lag_5 room_fc_breakfast_possible_lag_5 prop_longitude_lag_5 prop_type_guesthouse_lag_5 leftover_rooms_lag_6_lag_5 used_room_nights_lag_6_lag_5 room_cfg_cleaning_fee_lag_5 price_growth_1_lag_5 arrivalTime___lag_5 room_fc_safe_lag_5 room_cfg_block_after_checkout_days_lag_5 room_fc_tv_lag_5 cal_minStay_mean_lag_5 room_cfg_roomType_family_lag_5 price_lag_12_lag_5 room_cfg_sell_priority_lag_5 room_cfg_restrictionStrategy_staythrough_lag_5 cal_restrict_rate_lag_5 room_fc_air_conditioning_lag_5 prop_type_hotel_lag_5 cal_low_avail_rate_lag_5 room_fc_linens_lag_5 mask_flag_lag_5 cal_override_rate_lag_5 prop_group_keywords_count_lag_5 room_fc_wifi_lag_5 apiSource_Booking_com_lag_5 status_confirmed_lag_5 room_fc_scuba_or_snorkeling_lag_5 title_Honeymoon_decor_lag_5 cal_multiplier_mean_lag_5 ch_enabled_ratio_lag_5 ch_price_per_day_ratio_lag_5 room_fc_airport_shuttle_lag_5 price_lag_24_lag_5 room_cfg_tax_person_lag_5 room_fc_bathroom_lag_5 title_Teman_kim_kasih_breakfast_lag_5 num_of_nights_lag_6_lag_5 room_fc_bedroom_lag_5 cal_numAvail_low_days_lag_5 leftover_rooms_lag_16_lag_5 room_fc_baggage_storage_lag_5 price_lag_6_lag_5 leftover_rooms_lag_5_lag_5 room_cfg_roomType_double_lag_5 refererEditable_Booking_com_lag_5 commission_lag_16_lag_5 room_cfg_roomType_bungalow_lag_5 prop_type_bungalow_lag_5 room_cfg_unitAllocation_perbooking_lag_5 room_fc_private_bathroom_lag_5 room_fc_beach_front_lag_5 allowAutoAction_disable_lag_5 room_fc_hair_dryer_lag_5 reference_YB7740043_lag_5 price_lag_17_lag_5 custom1_Paid_OTA_lag_5 cal_numAvail_min_lag_5 cancelTime_2024_08_05T03_15_10Z_lag_5 room_cfg_overbookingProtection_room_lag_5 room_cfg_feature_count_lag_5 room_fc_sitting_area_lag_5 used_room_nights_lag_5_lag_5 room_fc_garden_lag_5 price_roll_mean_3_lag_5 room_fc_bathrobe_lag_5 room_fc_tables_and_chairs_lag_5 peak_price_interaction_lag_5 cal_maxStay_mean_lag_5 room_cfg_has_unallocated_unit_lag_5 room_cfg_qty_raw_lag_5 cal_override_days_lag_5 room_fc_kettle_lag_5 room_fc_mountain_biking_lag_5 numChild_lag_16_lag_5 subStatus_none_lag_5 range_booking_arrival_lag_16_lag_5 room_fc_breakfast_in_room_lag_5 room_fc_tv_hd_32_plus_lag_5 prop_latitude_lag_5 room_cfg_max_adult_lag_5 ch_publish_ratio_lag_5 room_fc_bath_shower_lag_5 range_booking_arrival_lag_5_lag_5 allowCancellation__type_propertyDefault__lag_5 range_booking_arrival_lag_6_lag_5 room_fc_dining_room_seats_lag_5 price_roll_std_3_lag_5 voucher_geniuscm_lag_5 prop_feature_codes_count_lag_5 cal_numAvail_mean_lag_5 room_cfg_tax_percentage_lag_5 price_base_vs_anchor_lag_5 used_room_nights_lag_16_lag_5 inflation_rate_lag_5 arrivalTime_16_30_lag_5 cal_soldout_rate_lag_5 room_cfg_max_stay_lag_5 cal_multiplier_max_lag_5 room_fc_separate_toilet_area_lag_5 room_fc_satellite_lag_5 subStatus_walkin_lag_5 room_fc_cleaning_included_lag_5 room_fc_luxory_linen_lag_5 room_fc_beach_lag_5 groupNote_Room_Only__lag_5 room_fc_breakfast_included_lag_5
feature_infos=-1:7:6:8:4:5:12:0:1:2:3:16:17:11:13:14:15:9:24:10:19:21:18:20:23 -1:2:3:4:1:6:7:5:0 [2022:2026] [1:12] [28:372] [1:4] [0:3] [0:1] [0:1] [0:1] [-1:1] [-1:1] [0:1] [157090.63636363635:2305317.951388889] [5:36] [0:1] [0:1] [195752.08412277375:1926054.0909090908] [0:1] [0:1] [1:124] [0.61051151092597156:2.4390768345335392] [3:3] [0:1] [0:1] [0:1] [0:1] [0:0] [2:31] [0:2] [24:24] [0:10] [0:1] [0:1] [1:10] [0:1] [0:0] [0:1] [1:33] [1:1] [0:1] [0:1] [1:124] [0:0] [0:1] [157091:2305317.951388889] [0:26] [157636:1448582.0390717632] [0:1] [195752.08412277375:1381178.7951388888] [1:6.2000000000000002] [0:750000] [0:0] [0:534556.53370156046] [0:1] [0:1] [0:1] [157636:1678163.9472203236] [0:1] [0:1] [0:1] [1:12] [0:1] [0:250000] [0:3742200] [0:1] [1:1] [0:1] [0:1] [0:1] [0:5778162.2727272725] [1:1] [0:1] [157091:2305317.951388889] [0:0.33333333333333331] [0:3742200] [0:1] [0:1] [1:124] [1:1] [1:10] [0:1] [0:0] [0.60835807521540042:1.8854772685639876] [1:124] [1:124] [1:1] [1320:1440] [0:1] [0:0] [0:1] [0:1] [0:1] [1:124] [1:4] [0:1] [0:1] [0:1] [0.37713907483806525:2.2109693793824889] [-2.1282228305584439:3.4460905133704145] [0:1] [891.05162472794814:441658.8040370114] [0:3.746539622075943] [-498545.01124401903:596397.32620320842] [600:720] [0:1] [0:1] [0:1] [0:0] [0:1] [0:117] [840:960] [16:56] [1:124] [35385839:70775185.945074871] [1:124] [0:0.33333333333333331] [0:1] [0:1] [157091:2305317.951388889] [0:1] [115.446422:116.0865429] [0:1] [-14:330] [1:345] [0:0] [-0.47173130647926914:0.82363977483610773] [0:0] [0:1] [0:0] [0:1] [1:1] [0:1] [157636:2305317.951388889] [5:5] [1:1] [0:0] [0:1] [0:1] [0:1] [0:1] [0:1] [0:0] [0:1] [0:1] [1:124] [0:103] [0:1] [0:0] [1:1] [0:0.33333333333333331] [0:0.33333333333333331] [0:1] [200518.0476190476:2305317.951388889] [0:0] [0:1] [0:0] [1:33] [0:1] [0:30] [-13:330] [0:1] [157090.63636363635:2305317.951388889] [-14:330] [0:1] [1:124] [67571.736842105267:930204] [0:1] [0:1] [1:1] [0:1] [0:1] [0:0] [0:1] [0:1] [195752.08412277375:2305317.951388889] [1:124] [0:9] [1:124] [0:1] [0:33] [0:1] [1:345] [0:1] [157636:2019396.2532008681] [0:1] [0:1] [0:1926054.0909090908] [365:365] [0:0] [1:10] [0:0] [0:1] [0:1] [0:0.55555555555555558] [1:124] [0.5:137.19480519480518] [0:1] [0:1] [-8.7094237000000003:-8.3455556000000009] [2:4] [0:0.33333333333333331] [0:1] [0:143.02439024390245] [1:124] [0:143.02439024390245] [0:1] [0:523237.74659186805] [1:124] [0:29] [0:9] [0:0] [0.35257549757117779:3.0966312667198208] [3:336] [-0.089999999999999997:5.4699999999999998] [0:1] [0:1] [365:365] [1:1] [0:1] [0:1] [0:1] [0:1] [0:1] [0:1] [1:124] [0:1]
tree_sizes=1081 1130 961 1141 1055 1045 1151 1146 1045 1037 1146 955 872 1146 1150 958 1130 1054 1036 705 1143 1054 1048 1142 1056 968 1043 1150 967 960 1151 1144 875 1131 875 1067 1043 885 1141 958 1067 1042 1144 1153 1060 1165 1038 938 791 963 876 1147 879 1138 967 1158 1051 972 1130 1061 964 1141 872 1124 777 1131 862 975 1055 979 1055 1143 1052 1054 1038 1038 1054 965 954 1042 949 860 952 1036 776 1058 1048 953 780 1048 858 878 866 780 959 1135 965 967 1065 1064 1048 964 1056 1060 1055 1146 967 1072 967 973 878 1062 1157 1140 964 974 1054 983 1150 1146 879 978 884 965 1057 1165 890 1149 973 786 970 788 1060 1129 1062 785 1058 1057 1051 701 1168 787 1067 1058 1154 971 1167 870 1075 1151 1157 879 965 886 957 1070 791 980 799 1136 1055 1058 965 1118 866 1146 878 874 955 887 875 961 784 964 959 943 602 1059 1135 692 1150 953 1055 790 1051 1164 1144 881 877 1074 968 1159 1074 796 1171 789 906 1061 980 881 1052 1140 967 1157 966 962 959 1169 782 1066 878 1068 798 878 1149 1123 1142 1129 1165 794 975 887 907 1055 968 971 956 960 1050 986 897 869 895 791 1057 1073 881 996 971 954 968 1041 1056 951 871 749 1077 1041 883 863 971 867 864 1026 1052 869 1062 974 1163 885 996 1062 972 876 1087 985 795 1005 1060 797 1081 888 1050 1051 956 788 1166 806 1057 1138 978 693 957 958 984 960 858 1168 991 977 802 1067 788 1059 883 892 993 1056 791 873 1063 1070 1059 1085 1162 703 970 894 991 980 981 1065 813 811 1050 974 789 1057 1071 774 1071 1172 888 884 1060 798 780 1062 801 1149 812 975 709 876 972 1078 878 793 900 1056 765 817 972 964 1179 816 814 889 1064 1171 1097 984 1052 984 871 981 888 972 1060 788 1173 1156 794 965 1158 888 794 1085 988 1058 883 975 882 975 878 977 1052 1076 892 909 969 1071 977 1067 970 969 907 1180 993 1075 697 978 881 886 792 970 891 883 1160 786 983 880 891 1170 979 1157 978 894 1175 1064 968 1137 1076 1073 789 611 1064 703 1159 984 978 787 998 974 1059 798 794 906 910 980 899 797 1054 960 1181 1075 982 977 897 882 1164 995 795 974 804 1151 887 1076 795 874 1051 974 1049 972 1052 801 972 1079 996 879 1160 885 972 1075 1063 888 885 1089

Tree=0
num_leaves=11
num_cat=0
split_feature=143 11 10 77 10 13 55 55 11 37
split_gain=1.55312 0.801042 0.687608 0.635496 0.567964 0.90937 0.406835 0.155342 0.0417412 0.0329158
threshold=1.0000000180025095e-35 1.0000000180025095e-35 -0.24999999999999994 1.0000000180025095e-35 0.25000000000000011 959281.21281464526 1.0000000180025095e-35 1.0000000180025095e-35 -1.0000000180025095e-35 1.0000000180025095e-35
decision_type=10 2 2 8 2 2 10 10 2 8
left_child=1 6 -3 -4 5 7 9 -2 -6 -1
right_child=4 2 3 -5 8 -7 -8 -9 -10 -11
leaf_value=0.12088804266484988 0.12501611242373803 0.12065209536827484 0.1173808460710017 0.11954533491111426 0.12142696561569678 0.12162174741624873 0.12217377101604185 0.12333825117876628 0.12085138587440566 0.12055066080954432
leaf_weight=58 26 60 27 112 24 35 37 42 43 93
leaf_count=58 26 60 27 112 24 35 37 42 43 93
internal_value=0.120931 0.120355 0.119645 0.119003 0.122125 0.122912 0.121008 0.123949 0.121193 0.120749
internal_weight=557 387 199 139 170 103 188 68 67 151
internal_count=557 387 199 139 170 103 188 68 67 151
is_linear=0
shrinkage=1


Tree=1
num_leaves=11
num_cat=0
split_feature=5 121 196 201 55 119 9 47 70 70
split_gain=1.95807 1.11967 0.868885 0.57687 0.422921 0.308782 0.0860516 0.0693099 0.060612 0.0263165
threshold=1.5000000000000002 116.07631110000001 0.6904962153069808 1.0000000180025095e-35 1.0000000180025095e-35 1099691.3542424247 1.0000000180025095e-35 670837.79583139392 1247350.3333333337 616789.21829268301
decision_type=2 10 10 10 10 8 2 8 8 8
left_child=3 4 7 5 6 -1 -2 -3 -4 -6
right_child=1 2 8 -5 9 -7 -8 -9 -10 -11
leaf_value=-0.00029722101163804878 -0.00015113732066755962 0.0039705112198713541 0.00084154242857206968 -0.003006545890489978 0.001565094421250285 -0.001550701844021229 -0.00086370809336125582 0.0023951039171091833 0.00029753484364028536 0.00066052043068910314
leaf_weight=40 185 32 44 36 24 65 43 24 27 37
leaf_count=40 185 32 44 36 24 65 43 24 27 37
internal_value=-9.08959e-07 0.000540691 0.00171286 -0.00152999 3.28441e-05 -0.00103722 -0.000324626 0.00307219 0.000727348 0.000965042
internal_weight=557 416 127 141 289 105 228 56 71 61
internal_count=557 416 127 141 289 105 228 56 71 61
is_linear=0
shrinkage=0.0167612


Tree=2
num_leaves=9
num_cat=0
split_feature=137 5 40 23 187 133 214 124
split_gain=1.65642 0.754955 0.677374 0.479734 0.445731 0.654994 0.12983 0.0850343
threshold=1.0000000180025095e-35 1.5000000000000002 1.0000000180025095e-35 1.0000000180025095e-35 671523.75000000012 350297.35862248793 3.1750000000000003 87.000000000000014
decision_type=10 2 8 10 8 10 10 10
left_child=1 2 -1 4 5 -2 -3 -6
right_child=3 6 -4 -5 7 -7 -8 -9
leaf_value=-0.0037757125118433534 0.002203935031585507 -0.00055345331910695167 -0.0012256582907176346 0.0022039873050853144 -0.00058677713027111315 0.00029758450394834002 0.00020938850444781416 0.00012278085872024784
leaf_weight=26 60 184 43 35 62 94 28 25
leaf_count=26 60 184 43 35 62 94 28 25
internal_value=-1.07692e-06 -0.000866721 -0.00215339 0.000849537 0.000596941 0.00108005 -0.00040975 -0.000154248
internal_weight=557 281 69 276 241 154 212 87
internal_count=557 281 69 276 241 154 212 87
is_linear=0
shrinkage=0.0167612


Tree=3
num_leaves=11
num_cat=0
split_feature=11 141 17 119 56 143 143 94 153 10
split_gain=1.59252 0.963811 0.999084 0.719852 0.726343 0.543896 0.104128 0.0808046 0.0304072 0.0129964
threshold=-1.0000000180025095e-35 1.0000000180025095e-35 310632.45188343606 1280963.7908805034 1.0000000180025095e-35 1.0000000180025095e-35 1.0000000180025095e-35 3.5000000000000004 972139.27330874547 -1.0000000180025095e-35
decision_type=2 8 10 8 8 10 10 8 8 2
left_child=1 2 5 6 -5 -1 -2 -3 -4 -6
right_child=3 7 8 4 9 -7 -8 -9 -10 -11
leaf_value=0.0019567202034667802 -0.00031869358131617808 0.00035330321383025311 0.00069415563373743602 -0.0032409780298275955 -0.00065991699977106528 0.0044114560631099272 0.00045449799299640016 -0.00031661657736334114 0.0002249653251061819 -0.0012870754484564442
leaf_weight=32 55 41 40 29 74 34 58 97 35 62
leaf_count=32 55 41 40 29 74 34 58 97 35 62
internal_value=0 0.000825444 0.00174309 -0.000857347 -0.00155002 0.00305546 -7.93151e-05 4.45511e-05 0.000646236 -0.00105563
internal_weight=557 279 141 278 165 66 113 138 75 136
internal_count=557 279 141 278 165 66 113 138 75 136
is_linear=0
shrinkage=0.0167612


Tree=4
num_leaves=10
num_cat=0
split_feature=141 3 194 77 13 162 7 160 196
split_gain=1.44971 0.695491 0.801891 0.674721 0.413603 0.161884 0.0735359 0.0448904 0.0371251
threshold=1.0000000180025095e-35 3.5000000000000004 0.25320512820512825 1.0000000180025095e-35 763617.04545454553 532807.65292553196 1.0000000180025095e-35 24.500000000000004 1.0000000180025095e-35
decision_type=8 2 8 8 2 8 2 10 10
left_child=1 8 7 -2 -4 -5 -7 -3 -1
right_child=3 2 4 5 -6 6 -8 -9 -10
leaf_value=-0.00079004910267437543 -0.0024654403943104798 0.0005240241658344538 0.0029876155525389437 0.00015277577180331634 0.0010371152111034851 -0.00085177564405882432 -0.0001733172616841481 7.8890266419837497e-05 -0.00011323811147789398
leaf_weight=31 27 49 75 30 29 173 66 49 28
leaf_count=31 27 49 75 30 29 173 66 49 28
internal_value=-3.37385e-07 0.000836316 0.00134086 -0.000771769 0.00226897 -0.000522388 -0.000665867 0.00037072 -0.000282878
internal_weight=557 261 202 296 104 269 239 98 59
internal_count=557 261 202 296 104 269 239 98 59
is_linear=0
shrinkage=0.0167612


Tree=5
num_leaves=10
num_cat=0
split_feature=137 6 194 116 70 187 141 216 184
split_gain=1.53961 0.69663 0.628804 0.451699 0.17639 0.156568 0.16844 0.161484 0.0378677
threshold=1.0000000180025095e-35 1.5000000000000002 0.41875000000000007 1.0000000180025095e-35 710609.02276231709 191867.24023211861 1.0000000180025095e-35 0.45967741935483875 680775.0755295431
decision_type=10 2 8 10 8 8 10 10 8
left_child=3 5 -3 8 -4 6 -2 -7 -1
right_child=1 2 4 -5 -6 7 -8 -9 -10
leaf_value=-0.00019137718305298144 0.0010333340873276994 0.00074628281962532846 0.00401582857216045 -0.0022805088070076062 0.0021738570641175801 -0.00076798767337423249 9.2185864503694433e-05 0.00026149304031673613 -0.00071037753797285744
leaf_weight=43 73 44 27 25 25 49 27 31 213
leaf_count=43 73 44 27 25 25 49 27 31 213
internal_value=-1.39807e-06 0.00081813 0.0018501 -0.000836475 0.00297782 0.000255416 0.000608543 -0.000187116 -0.000631665
internal_weight=557 276 96 281 52 180 100 80 256
internal_count=557 276 96 281 52 180 100 80 256
is_linear=0
shrinkage=0.0167612


Tree=6
num_leaves=11
num_cat=0
split_feature=137 10 175 177 133 216 10 190 160 119
split_gain=1.49169 1.09099 0.561432 0.433887 0.425699 0.170201 0.109596 0.0349574 0.0201244 0.017323
threshold=1.0000000180025095e-35 0.25000000000000011 608187.50000000012 1.0000000180025095e-35 235288.23506944449 0.081720430107526859 0.68301270189221941 5.5000000000000009 23.500000000000004 1.0000000180025095e-35
decision_type=10 2 10 8 10 10 2 10 8 10
left_child=3 2 4 -1 -2 7 9 -3 -4 -5
right_child=1 5 8 6 -6 -7 -8 -9 -10 -11
leaf_value=-0.0021767627682272484 0.0031792828532145488 -0.0012982349702707057 0.00057988928156952463 -0.00038916257733801878 0.0012809085593341559 0.00010780458058770813 -0.0011039812329291128 -0.00041770294046963066 0.00020814121247335365 -0.00011333409831501017
leaf_weight=30 65 34 31 149 43 42 65 29 32 37
leaf_count=30 65 34 31 149 43 42 65 29 32 37
internal_value=-2.22422e-06 0.000804199 0.00161377 -0.000824416 0.0023406 -0.000244713 -0.000604704 -0.000853778 0.000564499 -0.000337691
internal_weight=557 276 171 281 108 105 251 63 63 186
internal_count=557 276 171 281 108 105 251 63 63 186
is_linear=0
shrinkage=0.0167612


Tree=7
num_leaves=11
num_cat=0
split_feature=128 11 196 210 110 13 10 70 209 120
split_gain=1.12733 1.09414 0.967682 0.564232 0.495999 0.331793 0.117985 0.0681927 0.0595328 0.0483513
threshold=1.0000000180025095e-35 1.0000000180025095e-35 84.846470588235306 1.0000000180025095e-35 2.5000000000000004 491171.8725490197 1.0000000180025095e-35 2056356.2722222225 15.000000000000002 1.0000000180025095e-35
decision_type=10 2 8 8 8 2 2 8 8 10
left_child=3 2 -2 -1 7 -4 -3 -5 -6 -8
right_child=1 6 5 4 8 -7 9 -9 -10 -11
leaf_value=-0.0021240797692287415 0.00066954128266521898 0.00016931461678634503 0.0046187104123431499 0.0014259849030870747 -0.0012521319380998073 0.0024522642139271889 -0.00026363123503527185 0.00032325703363186755 -0.00053399741065406959 -0.0010852755166748664
leaf_weight=28 52 52 24 25 32 34 26 24 231 29
leaf_count=28 52 52 24 25 32 34 26 24 231 29
internal_value=-3.28958e-06 0.000853078 0.00193724 -0.000590418 -0.000380525 0.00325565 -5.99908e-05 0.000738342 -0.000666572 -0.000630363
internal_weight=557 217 110 340 312 58 107 49 263 55
internal_count=557 217 110 340 312 58 107 49 263 55
is_linear=0
shrinkage=0.0167612


Tree=8
num_leaves=10
num_cat=0
split_feature=143 5 11 17 201 98 76 13 57
split_gain=1.66727 0.731899 0.554915 1.22432 0.305007 0.295441 0.19256 0.241015 0.131109
threshold=1.0000000180025095e-35 1.5000000000000002 1.0000000180025095e-35 1207924.8610389612 1.0000000180025095e-35 1.0285748161914892 1.0000000180025095e-35 218433.03935860062 691951.73177516938
decision_type=10 2 2 8 10 8 10 2 10
left_child=1 4 3 -2 -1 -4 7 -3 -8
right_child=2 6 5 -5 -6 -7 8 -9 -10
leaf_value=-0.0011607882861600456 0.00068004176670410953 0.00036737975913743004 0.0009345934733894013 0.0035244578930170604 -0.0028269163801175026 -0.00052793423633938695 0.0009430032133694317 -0.0007192495171870325 7.0368385157022501e-05
leaf_weight=67 39 30 44 52 33 30 43 170 29
leaf_count=67 39 30 44 52 33 30 43 170 29
internal_value=-1.76505e-05 -0.000627443 0.00123161 0.00209903 -0.00170495 0.000362464 -0.000196541 -0.000440266 0.000383397
internal_weight=537 372 165 91 100 74 272 200 72
internal_count=537 372 165 91 100 74 272 200 72
is_linear=0
shrinkage=0.0167612


Tree=9
num_leaves=10
num_cat=0
split_feature=143 13 3 6 114 37 203 3 213
split_gain=1.61087 0.804039 0.742755 0.525701 0.309592 0.296265 0.206937 0.1028 0.0345503
threshold=1.0000000180025095e-35 698348.21428571444 4.5000000000000009 1.5000000000000002 57607725.92279242 1.0000000180025095e-35 29.138888888888893 8.5000000000000018 107.50000000000001
decision_type=10 2 2 2 8 8 8 2 10
left_child=2 3 4 -2 -1 6 -4 -7 -3
right_child=1 8 5 -5 -6 7 -8 -9 -10
leaf_value=-0.0026820825125502003 0.0013341137950485123 -0.00015117698561033712 0.0010687179892025767 0.0034808591251977591 -0.0011139876297485509 -0.0001666778341075875 7.5501834943822124e-05 -0.0010364113247683701 0.00035648535659690714
leaf_weight=32 51 36 54 39 101 50 70 65 39
leaf_count=32 51 36 54 39 101 50 70 65 39
internal_value=-1.75055e-05 0.00121018 -0.000617152 0.00222617 -0.00153169 -8.82859e-05 0.000410831 -0.000612566 0.000241421
internal_weight=537 165 372 90 133 239 124 115 75
internal_count=537 165 372 90 133 239 124 115 75
is_linear=0
shrinkage=0.0167612


Tree=10
num_leaves=11
num_cat=0
split_feature=110 194 11 69 10 203 214 10 41 68
split_gain=1.61409 0.626996 0.949663 0.573198 0.501958 0.426842 0.129461 0.103796 0.0898137 0.0573599
threshold=1.5000000000000002 0.20377358490566039 1.0000000180025095e-35 1.0000000180025095e-35 -1.0000000180025095e-35 37.7016491754123 2.6850000000000005 1.0000000180025095e-35 1.0000000180025095e-35 1.0000000180025095e-35
decision_type=8 8 2 8 2 8 10 2 10 10
left_child=1 9 4 -2 -3 8 -7 -4 -5 -1
right_child=3 2 7 5 -6 6 -8 -9 -10 -11
leaf_value=0.00024689699450332439 -0.0020978728364785875 0.0041308879834968462 0.00077229775436405096 0.0001883510251238064 0.0018419134918835293 -0.00056089899500783437 -0.0014898311456315173 -0.00011444533458727333 0.00099438371279926508 -0.00039379461258209051
leaf_weight=36 42 36 29 26 38 186 41 32 39 32
leaf_count=36 42 36 29 26 38 186 41 32 39 32
internal_value=-1.75433e-05 0.00104923 0.00172816 -0.000712925 0.00285547 -0.000455985 -0.000780825 0.000466169 0.000450362 0.00017657
internal_weight=537 203 135 334 74 292 227 61 65 68
internal_count=537 203 135 334 74 292 227 61 65 68
is_linear=0
shrinkage=0.0167612


Tree=11
num_leaves=9
num_cat=0
split_feature=143 13 6 216 37 57 212 153
split_gain=1.53191 0.791416 0.50872 0.498735 0.209305 0.143743 0.0714506 0.036327
threshold=1.0000000180025095e-35 739809.75696536805 1.5000000000000002 0.45967741935483875 1.0000000180025095e-35 732163.80998404243 1.0745643407108212 241991.25186784277
decision_type=10 2 2 10 8 10 8 10
left_child=3 2 6 4 5 -1 -2 -3
right_child=1 7 -4 -5 -6 -7 -8 -9
leaf_value=0.00027030948033215777 0.0016022442115738004 -0.00025044312412526447 0.0033974055149935882 -0.00208508697225771 -0.00078526833142354127 -0.00058862805711777178 0.00051062262323534481 0.00027371386008457043
leaf_weight=122 25 25 39 26 177 47 29 47
leaf_count=122 25 25 39 26 177 47 29 47
internal_value=-1.82887e-05 0.00117851 0.00215673 -0.000603414 -0.000427768 -4.25979e-05 0.0013029 0.000242881
internal_weight=537 165 93 372 346 169 54 72
internal_count=537 165 93 372 346 169 54 72
is_linear=0
shrinkage=0.0167612


Tree=12
num_leaves=8
num_cat=0
split_feature=143 214 209 10 45 11 10
split_gain=1.48797 1.05398 0.51158 0.398575 1.19953 0.0980843 0.0902454
threshold=1.0000000180025095e-35 3.7750000000000004 1.0000000180025095e-35 -0.24999999999999994 267628.12876373186 -0.24999999999999994 0.25000000000000011
decision_type=10 10 8 2 10 2 2
left_child=1 2 -1 4 -2 -5 -4
right_child=3 -3 6 5 -6 -7 -8
leaf_value=-0.0021430942742202133 0.0040089691001394274 0.0011820765533813885 -0.00029004403312236411 0.00085776154331561316 0.00084244489575912988 0.00014553412496264576 -0.00092865376331177651
leaf_weight=54 26 39 146 40 52 47 133
leaf_count=54 26 39 146 40 52 47 133
internal_value=-1.84783e-05 -0.000595363 -0.00094252 0.00116079 0.00200782 0.0005115 -0.000641693
internal_weight=537 372 333 165 78 87 279
internal_count=537 372 333 165 78 87 279
is_linear=0
shrinkage=0.0167612


Tree=13
num_leaves=11
num_cat=0
split_feature=143 13 11 6 56 209 10 145 42 141
split_gain=1.44203 0.64565 0.485521 0.465394 0.436518 0.179292 0.130671 0.219006 0.0668514 0.0478807
threshold=1.0000000180025095e-35 959281.21281464526 -1.0000000180025095e-35 1.5000000000000002 1.0000000180025095e-35 24.000000000000004 -1.0000000180025095e-35 48.500000000000007 22.500000000000004 1.0000000180025095e-35
decision_type=10 2 2 2 8 10 2 8 8 10
left_child=2 3 6 5 -4 -2 7 -1 -8 -6
right_child=1 -3 4 -5 9 -7 8 -9 -10 -11
leaf_value=0.0010694629070760115 0.00039535387884174952 0.00010892099824831673 -0.002536173057766284 0.0029967184661925743 -0.00090781098318647776 0.0015624849994248713 -0.00077147507396133129 -7.2808787882245568e-05 -0.00010218144057793967 -0.00034366936815311347
leaf_weight=48 35 45 25 43 146 42 40 39 48 26
leaf_count=48 35 45 25 43 146 42 40 39 48 26
internal_value=-1.70334e-05 0.00114368 -0.000585191 0.00183842 -0.00113494 0.00113569 -5.64692e-05 0.000400588 -0.000364598 -0.00082174
internal_weight=537 165 372 120 197 77 175 87 88 172
internal_count=537 165 372 120 197 77 175 87 88 172
is_linear=0
shrinkage=0.0167612


Tree=14
num_leaves=11
num_cat=0
split_feature=5 137 17 11 155 124 5 178 173 170
split_gain=1.27458 1.01962 0.697348 0.477261 0.271201 0.087945 0.0547389 0.0487043 0.0116043 0.00377681
threshold=1.5000000000000002 1.0000000180025095e-35 337233.41415925353 0.6830127018922193 1.0000000180025095e-35 281.50000000000006 2.5000000000000004 6.5000000000000009 1.0000000180025095e-35 1.0000000180025095e-35
decision_type=2 10 10 2 10 8 2 8 10 10
left_child=4 7 3 -3 5 -1 -4 -2 -6 -9
right_child=1 2 6 -5 8 -7 -8 9 -10 -11
leaf_value=-0.00032733278150049767 -0.00013012949318044891 0.0026250335871162065 -0.00022078372141082916 0.00076052700523190756 -0.0028350256125898045 -0.00097159961128791337 0.00036404018610682406 -0.00058257397337854657 -0.0016791387352321184 -0.00019930283448380725
leaf_weight=24 26 90 27 30 27 48 64 141 31 29
leaf_count=24 26 90 27 30 27 48 64 141 31 29
internal_value=-1.76911e-05 0.000410504 0.00118361 0.00198124 -0.00130244 -0.000747651 0.000226955 -0.000338563 -0.0021573 -0.000508538
internal_weight=537 407 211 120 130 72 91 196 58 170
internal_count=537 407 211 120 130 72 91 196 58 170
is_linear=0
shrinkage=0.0167612


Tree=15
num_leaves=9
num_cat=0
split_feature=143 3 98 13 77 37 184 21
split_gain=1.36361 0.674504 0.403733 0.363263 0.328074 0.263104 0.206858 0.0837223
threshold=1.0000000180025095e-35 4.5000000000000009 0.80551675108566767 510944.7410714287 1.0000000180025095e-35 1.0000000180025095e-35 706930.42027417023 1.3985600469651682
decision_type=10 2 8 2 8 8 8 8
left_child=1 4 -2 -4 -1 6 -3 -5
right_child=2 5 3 7 -6 -7 -8 -9
leaf_value=-0.0026570506701227201 0.0022454185373842655 0.0010237803033223806 0.0015139957872473814 0.00031023133107963279 -0.0010421103357404916 -0.00056081244762756094 2.8788575105908865e-05 -0.00046307823873812331
leaf_weight=28 45 60 44 44 105 115 64 32
leaf_count=28 45 60 44 44 105 115 64 32
internal_value=-1.77538e-05 -0.000570649 0.0011105 0.000678118 -0.00144072 -6.45695e-05 0.000405294 0.00013178
internal_weight=537 372 165 120 133 239 124 76
internal_count=537 372 165 120 133 239 124 76
is_linear=0
shrinkage=0.0167612


Tree=16
num_leaves=11
num_cat=0
split_feature=143 5 128 6 213 184 38 13 141 196
split_gain=1.34054 0.917459 0.881463 0.5378 0.566253 0.164668 0.104242 0.153164 0.113716 0.0137353
threshold=1.0000000180025095e-35 1.5000000000000002 1.0000000180025095e-35 1.5000000000000002 329.50000000000006 947823.33872647374 2.8480769230769236 270363.52335858595 1.0000000180025095e-35 20.235507246376816
decision_type=10 2 8 2 8 8 8 2 10 10
left_child=1 2 -1 5 -5 -2 8 -8 -3 -7
right_child=3 6 -4 4 -6 9 7 -9 -10 -11
leaf_value=-0.0033533404362651475 0.00099150820076450495 0.00096151595787625198 -0.00079956538751393242 0.0011607459666385224 0.0036310711318696064 -0.00022877252439134488 0.00039974084212124545 -0.00044561413750253431 0.00016037901168512681 3.586402370038941e-05
leaf_weight=35 54 37 66 29 30 29 38 169 31 24
leaf_count=35 54 37 66 29 30 29 38 169 31 24
internal_value=6.81353e-06 -0.000507354 -0.0016936 0.001153 0.00228099 0.000556456 -3.22882e-05 -0.000200778 0.000426382 8.1916e-05
internal_weight=542 376 101 166 59 107 275 207 68 53
internal_count=542 376 101 166 59 107 275 207 68 53
is_linear=0
shrinkage=0.0167612


Tree=17
num_leaves=10
num_cat=0
split_feature=110 104 141 11 133 13 23 74 6
split_gain=0.939674 1.00152 0.91218 0.71367 0.799404 0.338354 0.183046 0.0856496 0.0269109
threshold=4.5000000000000009 690.00000000000011 1.0000000180025095e-35 0.25000000000000017 280369.20908408408 377332.12229437241 1.0000000180025095e-35 1.0000000180025095e-35 1.0000000180025095e-35
decision_type=8 10 10 2 10 2 8 10 2
left_child=2 5 3 4 -1 6 -2 -4 -5
right_child=1 -3 7 8 -6 -7 -8 -9 -10
leaf_value=0.0037445177782541184 -6.6808993879981219e-05 -0.0023685274995073119 -0.00013156393468003523 4.9047346571386081e-06 0.0012798843011561948 -0.00066947807863070442 0.00090627103213777632 -0.0010744319285477446 0.00045227119498100977
leaf_weight=39 42 40 41 43 64 147 71 31 24
leaf_count=39 42 40 41 43 64 147 71 31 24
internal_value=6.79337e-06 -0.000569064 0.00074436 0.00142354 0.00224579 -0.000197241 0.000383192 -0.000420165 0.000310498
internal_weight=542 300 242 170 103 260 113 72 67
internal_count=542 300 242 170 103 260 113 72 67
is_linear=0
shrinkage=0.0167612


Tree=18
num_leaves=10
num_cat=0
split_feature=143 11 56 6 45 141 214 209 98
split_gain=1.27818 0.612807 0.656953 0.514475 0.430578 0.112714 0.111885 0.0934181 0.0631428
threshold=1.0000000180025095e-35 -0.5 1.0000000180025095e-35 1.5000000000000002 641000.00000000012 1.0000000180025095e-35 3.3750000000000004 15.000000000000002 0.8355045088344013
decision_type=10 2 8 2 10 10 8 10 10
left_child=1 5 -3 7 -5 -1 -4 -2 -9
right_child=3 2 6 4 -6 -7 -8 8 -10
leaf_value=0.00073802387227193229 0.0001284140143513969 -0.0024982042658885919 -0.0010815120756460352 0.0033402432165311139 0.0011063330787867947 -1.8864394703437443e-05 -0.00030374419244380628 0.0012252092538940192 0.00029776243658520557
leaf_weight=83 36 34 69 35 24 29 161 31 40
leaf_count=83 36 34 69 35 24 29 161 31 40
internal_value=4.66895e-06 -0.000497053 -0.000945319 0.00112426 0.00222774 0.000333805 -0.000614707 0.000538911 0.000764861
internal_weight=542 376 264 166 59 112 230 107 71
internal_count=542 376 264 166 59 112 230 107 71
is_linear=0
shrinkage=0.0167612


Tree=19
num_leaves=6
num_cat=0
split_feature=98 199 143 7 130
split_gain=0.975837 0.617847 0.384498 0.452814 0.108381
threshold=0.80551675108566767 -8.3515575999999978 1.0000000180025095e-35 1.0000000180025095e-35 1.0000000180025095e-35
decision_type=8 10 10 2 8
left_child=-1 2 4 -4 -2
right_child=1 -3 3 -5 -6
leaf_value=0.0015926040688429572 -0.00084929294444889558 -0.0016663008107563109 0.00010903472795925681 0.0017921641000440902 -0.00016371016518255011
leaf_weight=60 70 40 90 37 245
leaf_count=60 70 40 90 37 245
internal_value=3.11597e-06 -0.000229226 -3.65347e-05 0.000634066 -0.000344781
internal_weight=542 482 442 127 315
internal_count=542 482 442 127 315
is_linear=0
shrinkage=0.0167612


Tree=20
num_leaves=11
num_cat=0
split_feature=143 11 209 6 47 119 99 41 203 98
split_gain=1.21198 0.65987 1.09577 0.488297 0.249453 0.172056 0.15554 0.0446393 0.0171989 0.00254696
threshold=1.0000000180025095e-35 1.0000000180025095e-35 1.0000000180025095e-35 1.5000000000000002 670837.79583139392 665736.25000000012 -0.34451833740272553 1.0000000180025095e-35 68.240384615384627 0.653656802466974
decision_type=10 2 8 2 10 8 8 10 8 10
left_child=1 5 -3 6 -5 -1 -2 -4 -7 -8
right_child=3 2 7 4 -6 8 9 -9 -10 -11
leaf_value=0.00085148003430730065 0.0010560696201784394 -0.0030487473165370033 -0.00028219415823363717 0.0031590961377280179 0.0013189183202884829 -0.00029638317447670814 -7.803605388511658e-05 -0.0009261822808252629 -5.092437349655238e-06 4.1724791605705976e-05
leaf_weight=43 38 35 120 32 27 27 26 42 109 43
leaf_count=43 38 35 120 32 27 27 26 42 109 43
internal_value=2.94689e-06 -0.000485222 -0.00112718 0.00109358 0.00216915 0.000124751 0.00052117 -0.000574025 -3.47906e-05 0.000111083
internal_weight=542 376 197 166 59 179 107 162 136 69
internal_count=542 376 197 166 59 179 107 162 136 69
is_linear=0
shrinkage=0.0167612


Tree=21
num_leaves=10
num_cat=0
split_feature=143 3 173 13 184 192 11 110 141
split_gain=1.17767 0.860577 0.823815 0.599714 0.246352 0.227906 0.196301 0.110088 0.100186
threshold=1.0000000180025095e-35 3.5000000000000004 1.0000000180025095e-35 639277.77777777787 1030099.3410122809 1.0000000180025095e-35 -0.68301270189221952 7.5000000000000009 1.0000000180025095e-35
decision_type=10 2 8 2 8 10 2 8 10
left_child=1 2 -1 5 -5 -2 8 -8 -3
right_child=3 6 -4 4 -6 -7 7 -9 -10
leaf_value=-0.0032317676913763299 0.0028471142122948449 0.00091804380745630202 -0.00075875785813720906 0.00090886295703483644 -0.00034300070188375255 0.0011384280026536446 6.7787658757598174e-05 -0.00057821588812023911 0.00022661952270558295
leaf_weight=35 50 63 66 46 46 24 58 129 25
leaf_count=35 50 63 66 46 46 24 58 129 25
internal_value=2.16805e-06 -0.000478829 -0.00162664 0.00107747 0.000324093 0.00209941 -3.04728e-05 -0.000296254 0.00052974
internal_weight=542 376 101 166 92 74 275 187 88
internal_count=542 376 101 166 92 74 275 187 88
is_linear=0
shrinkage=0.0167612


Tree=22
num_leaves=10
num_cat=0
split_feature=143 216 6 196 99 51 6 11 73
split_gain=1.14008 0.582979 0.473801 0.523897 0.16179 0.0816773 0.152836 0.0718967 0.00340863
threshold=1.0000000180025095e-35 0.51666666666666672 1.5000000000000002 0.6904962153069808 -0.26662358784313095 390000.00000000006 1.5000000000000002 -1.0000000180025095e-35 200259.02380952382
decision_type=10 10 2 10 8 8 2 2 10
left_child=1 5 4 -4 -2 6 -1 -7 -6
right_child=2 -3 3 -5 8 7 -8 -9 -10
leaf_value=-0.0011033668354116649 0.001036078224363277 -0.0020507364280604656 0.0034069191227924255 0.0010304380304013378 -9.6037900143041568e-05 0.00014839103575648878 -0.0002172813909462471 -0.00032870085943204942 3.2779639002980567e-05
leaf_weight=60 39 26 30 29 26 119 36 135 42
leaf_count=60 39 26 30 29 26 119 36 135 42
internal_value=1.38376e-06 -0.000471632 0.00105963 0.00211697 0.000493688 -0.000280398 -0.000635788 -8.56895e-05 0.00010644
internal_weight=542 376 166 59 107 350 96 254 68
internal_count=542 376 166 59 107 350 96 254 68
is_linear=0
shrinkage=0.0167612


Tree=23
num_leaves=11
num_cat=0
split_feature=5 143 137 119 110 141 11 90 99 21
split_gain=1.29745 0.805853 0.790524 0.571121 0.174042 0.261373 0.104997 0.0801295 0.0363554 0.0345306
threshold=1.5000000000000002 1.0000000180025095e-35 1.0000000180025095e-35 734007.89141414152 3.5000000000000004 1.0000000180025095e-35 -0.24999999999999994 1.0000000180025095e-35 0.44545087793770882 1.3454032328971834
decision_type=2 10 8 10 8 10 2 8 8 8
left_child=2 4 -1 8 5 -2 -6 -4 -3 -5
right_child=1 3 7 9 6 -7 -8 -9 -10 -11
leaf_value=-0.0029858017743784422 0.0012697854517818902 0.0031051654906714818 -0.0010874981561765486 0.00054841517478457897 -1.5144386904487318e-05 1.8867207809679676e-05 -0.00061736616007649573 -0.00023128330164407651 0.0018770081614007455 0.00010716457056401696
leaf_weight=28 45 35 40 30 93 39 98 73 37 24
leaf_count=28 45 35 40 30 93 39 98 73 37 24
internal_value=8.48224e-07 0.000483259 -0.00121212 0.00147585 3.07548e-05 0.000526754 -0.000260661 -0.000688763 0.00240184 0.000455217
internal_weight=542 401 141 126 275 84 191 113 72 54
internal_count=542 401 141 126 275 84 191 113 72 54
is_linear=0
shrinkage=0.0167612


Tree=24
num_leaves=10
num_cat=0
split_feature=10 110 138 194 152 67 120 31 160
split_gain=1.30435 0.895582 0.606776 0.338217 0.211725 0.172566 0.133169 0.0626154 0.0175823
threshold=0.25000000000000011 7.5000000000000009 1.0000000180025095e-35 0.26120857699805072 1.0000000180025095e-35 0.057189542483660101 1.0000000180025095e-35 2.5000000000000004 23.500000000000004
decision_type=2 8 10 8 8 10 10 8 10
left_child=1 3 5 8 -3 7 -5 -2 -1
right_child=2 4 -4 6 -6 -7 -8 -9 -10
leaf_value=0.00081308548603145246 -0.0011364652572211913 -0.00083643281220402302 -0.0022644229707294247 0.0029174279713579452 0.00018666204324593126 0.00023892378057918288 0.0015825840753752925 -0.00038191996396594818 0.00023812504543292858
leaf_weight=27 47 43 42 43 118 27 55 98 37
leaf_count=27 47 43 42 43 118 27 55 98 37
internal_value=4.69077e-05 0.000698685 -0.00087254 0.00152894 -1.9689e-05 -0.000473666 0.00216749 -0.000680544 0.00070952
internal_weight=537 323 214 162 161 172 98 145 64
internal_count=537 323 214 162 161 172 98 145 64
is_linear=0
shrinkage=0.0167612


Tree=25
num_leaves=9
num_cat=0
split_feature=121 69 168 47 101 10 10 159
split_gain=0.753072 0.336914 0.288437 0.414548 0.121105 0.116613 0.0862753 0.0764611
threshold=116.07631110000001 1.0000000180025095e-35 1.0000000180025095e-35 1113281.4817549605 219379.25147891746 1.0000000180025095e-35 -1.0000000180025095e-35 27.000000000000004
decision_type=10 8 10 8 8 2 2 8
left_child=1 -1 3 5 6 -2 -3 -6
right_child=2 4 -4 -5 7 -7 -8 -9
leaf_value=-0.0013732866702844512 0.001588509825174216 0.0006477798922753168 0.0019502273964096244 -0.00044844186084998976 -0.00090524025022900177 0.00047666701953868421 3.9033877618474553e-06 -0.00019286375502247747
leaf_weight=44 52 55 36 34 35 43 50 188
leaf_count=44 52 55 36 34 35 43 50 188
internal_value=4.53528e-05 -0.00033788 0.000908104 0.000572001 -0.000146023 0.00106673 0.000226725 -0.000358185
internal_weight=537 372 165 129 328 95 105 223
internal_count=537 372 165 129 328 95 105 223
is_linear=0
shrinkage=0.0167612


Tree=26
num_leaves=10
num_cat=0
split_feature=10 199 98 85 139 133 182 140 146
split_gain=1.25407 0.630234 0.57701 0.424707 0.450442 0.275729 0.238539 0.177148 0.0436431
threshold=0.25000000000000011 -8.3530716999999992 0.89510661240410616 12.500000000000002 0.57258064516129037 1325899.4930303034 266.00000000000006 1.0000000180025095e-35 43.000000000000007
decision_type=2 10 8 8 10 8 8 8 8
left_child=2 6 5 4 -4 -1 -2 -5 -8
right_child=1 -3 3 7 -6 -7 8 -9 -10
leaf_value=0.00092991920516397031 0.00030005930735624547 -0.0021778855109382189 0.00037482920321087762 -0.00083918865278117345 0.0020226135751957655 0.0026960802541091131 -0.00124032949701851 8.441446611509587e-05 -0.00048040681281527121
leaf_weight=30 47 50 32 41 50 42 33 128 84
leaf_count=30 47 50 32 41 50 42 33 128 84
internal_value=4.33078e-05 -0.000857987 0.000682723 0.000319067 0.00112367 0.00179924 -0.000405914 -0.00010216 -0.000749967
internal_weight=537 214 323 251 82 72 164 169 117
internal_count=537 214 323 251 82 72 164 169 117
is_linear=0
shrinkage=0.0167612


Tree=27
num_leaves=11
num_cat=0
split_feature=11 116 110 175 141 10 162 110 201 6
split_gain=0.756771 0.824175 0.795768 0.477511 0.48903 0.288733 0.160308 0.121424 0.119547 0.0830993
threshold=1.0000000180025095e-35 1.0000000180025095e-35 2.5000000000000004 1.0000000180025095e-35 1.0000000180025095e-35 -0.24999999999999994 475345.69545244699 4.5000000000000009 1.0000000180025095e-35 1.5000000000000002
decision_type=2 10 8 10 10 2 8 8 8 2
left_child=2 5 3 4 -1 7 -4 -2 -8 -7
right_child=1 -3 6 -5 -6 9 8 -9 -10 -11
leaf_value=0.0034241788896866958 0.0011211964564455995 -0.0024154941599551227 0.00053380228065481275 0.00062126666427510442 0.0011624130625879437 -0.00083296923803987766 -0.0011344513974713224 0.00013431592831446699 -0.00013511742886578528 -0.00016223550865794112
leaf_weight=43 28 24 28 63 27 120 26 44 85 49
leaf_count=43 28 24 28 63 27 120 26 44 85 49
internal_value=4.16043e-05 -0.00053867 0.000638031 0.00149827 0.0023885 -0.000238094 -6.32759e-05 0.000450513 -0.000446859 -0.000587559
internal_weight=537 265 272 133 70 241 139 72 111 169
internal_count=537 265 272 133 70 241 139 72 111 169
is_linear=0
shrinkage=0.0167612


Tree=28
num_leaves=9
num_cat=0
split_feature=6 138 143 194 159 101 74 119
split_gain=0.84105 0.775702 0.47362 0.312604 0.216312 0.194782 0.137447 0.0899949
threshold=1.0000000180025095e-35 1.0000000180025095e-35 1.0000000180025095e-35 0.22361111111111112 27.000000000000004 20890.912955189717 1.0000000180025095e-35 1009339.2814828764
decision_type=2 10 10 8 10 10 10 8
left_child=1 5 4 -4 7 -1 -5 -2
right_child=2 -3 3 6 -6 -7 -8 -9
leaf_value=-0.00078577761020044322 0.00026836132592782683 -0.0026295552197166706 0.00032615409755548105 0.0013215951589184804 0.00096009271638109242 0.00029079242759044764 0.0027095313903807562 -0.00031023596781318247
leaf_weight=62 62 31 49 54 26 37 25 191
leaf_count=62 62 31 49 54 26 37 25 191
internal_value=3.9633e-05 -0.000976701 0.000415214 0.00117292 3.59914e-05 -0.000365689 0.00181492 -0.000109903
internal_weight=537 130 407 128 279 99 79 253
internal_count=537 130 407 128 279 99 79 253
is_linear=0
shrinkage=0.0167612


Tree=29
num_leaves=9
num_cat=0
split_feature=5 110 141 119 201 13 57 53
split_gain=1.25678 0.811053 0.401047 0.416701 0.388011 0.357273 0.211123 0.0859921
threshold=1.5000000000000002 3.5000000000000004 1.0000000180025095e-35 959699.07555018796 1.0000000180025095e-35 259036.4666666667 872390.99306384672 38438.798132507924
decision_type=2 8 10 10 10 2 8 10
left_child=4 2 3 -2 7 -3 -7 -1
right_child=1 5 -4 -5 -6 6 -8 -9
leaf_value=-0.0009565141334671991 0.0023090441737575029 0.0008469292409000143 0.00035165168278705571 0.00064064261804605018 -0.0024346386610892548 0.00016680327894463519 -0.00079953416769929094 -0.00032004300511825087
leaf_weight=71 101 42 49 33 34 42 139 26
leaf_count=71 101 42 49 33 34 42 139 26
internal_value=3.90726e-05 0.000497141 0.00127356 0.00177176 -0.00120198 -7.91364e-05 -0.000458411 -0.000765247
internal_weight=537 406 183 134 131 223 181 97
internal_count=537 406 183 134 131 223 181 97
is_linear=0
shrinkage=0.0167612


Tree=30
num_leaves=11
num_cat=0
split_feature=10 140 137 13 47 90 199 130 11 11
split_gain=0.697478 0.489234 0.469635 0.398641 0.191166 0.13249 0.10128 0.0959907 0.0427078 0.0366608
threshold=-1.0000000180025095e-35 1.0000000180025095e-35 1.0000000180025095e-35 491171.8725490197 649414.90084375511 1.0000000180025095e-35 -8.5191404499999983 1.0000000180025095e-35 -0.24999999999999994 0.25000000000000017
decision_type=2 10 8 2 8 8 10 10 2 2
left_child=1 7 6 -3 -4 -6 -2 8 -1 -9
right_child=2 3 4 -5 5 -7 -8 9 -10 -11
leaf_value=0.00010894304993247576 -0.0011114229576452404 0.0025819837483833188 0.00049623061288414812 0.00077068305288821484 -0.0010100906709795598 -0.00011601855673246715 -0.0025358233330620801 0.00092507078849896822 -0.00034352301118551447 0.00024040215790968242
leaf_weight=33 26 36 44 62 50 120 24 29 89 24
leaf_count=33 26 36 44 62 50 120 24 29 89 24
internal_value=3.76987e-05 0.000608954 -0.000520765 0.00145095 -0.000190665 -0.00043261 -0.00166329 0.000111566 -0.000115234 0.000549096
internal_weight=537 273 264 98 214 170 50 175 122 53
internal_count=537 273 264 98 214 170 50 175 122 53
is_linear=0
shrinkage=0.0167612


Tree=31
num_leaves=11
num_cat=0
split_feature=101 93 146 12 121 17 181 18 133 120
split_gain=0.888993 0.493626 0.416448 0.257483 0.253934 0.286064 0.188017 0.17831 0.100881 0.0592597
threshold=233941.17571481396 17.500000000000004 13.500000000000002 1.0000000180025095e-35 116.07631110000001 857959.55267857155 1.0000000180025095e-35 1.0000000180025095e-35 625055.86428571434 1.0000000180025095e-35
decision_type=8 10 10 2 8 8 10 8 10 10
left_child=4 3 -3 -2 8 -6 -7 -5 9 -1
right_child=1 2 -4 7 5 6 -8 -9 -10 -11
leaf_value=0.00017419782770795915 -0.00065128306443055833 -0.0029377778432574777 -0.00075944636209445858 0.00098501170027074573 0.00042994380224391107 0.0012722094435327854 0.0028160907626814933 2.4667297956656563e-05 -0.00020304908535959701 0.00090174995010403253
leaf_weight=38 134 25 28 39 43 44 30 78 38 40
leaf_count=38 134 25 28 39 43 44 30 78 38 40
internal_value=3.72617e-05 -0.000510243 -0.00166972 -0.000207457 0.000774003 0.00131797 0.00192416 0.000269147 0.000263177 0.000528362
internal_weight=537 304 53 251 233 117 74 117 116 78
internal_count=537 304 53 251 233 117 74 117 116 78
is_linear=0
shrinkage=0.0167612


Tree=32
num_leaves=8
num_cat=0
split_feature=143 210 13 6 7 111 133
split_gain=1.14194 0.531069 0.420928 0.229517 0.237393 0.0806526 0.127246
threshold=1.0000000180025095e-35 0.85376344086021516 889430.40208333347 1.0000000180025095e-35 1.0000000180025095e-35 900.00000000000011 213636.50000000003
decision_type=10 8 2 2 2 10 10
left_child=1 -1 3 -2 -5 6 -3
right_child=2 5 -4 4 -6 -7 -8
leaf_value=-0.0021056415577730722 0.00064064859084768584 -2.3203653775288194e-05 0.00025472310092389104 0.0014313906998413845 0.0030845846007097636 -0.00099553794491953965 -0.00071621797723859626
leaf_weight=25 28 224 53 52 29 28 86
leaf_count=25 28 224 53 52 29 28 86
internal_value=-5.9365e-05 -0.000572943 0.00097703 0.00160039 0.00209364 -0.000387511 -0.000263928
internal_weight=525 363 162 109 81 338 310
internal_count=525 363 162 109 81 338 310
is_linear=0
shrinkage=0.0167612


Tree=33
num_leaves=11
num_cat=0
split_feature=143 68 141 98 98 214 133 144 11 75
split_gain=1.10609 0.367863 0.415608 0.333081 0.216063 0.209819 0.165085 0.127249 0.0868521 0.0454763
threshold=1.0000000180025095e-35 1.0000000180025095e-35 1.0000000180025095e-35 0.87650145820826164 0.8260323951562597 2.6850000000000005 1257824.1683760686 1.0000000180025095e-35 -0.5 362476.76747311832
decision_type=10 8 10 8 10 10 8 10 2 8
left_child=1 2 -1 6 5 -3 -2 -4 -5 -6
right_child=3 4 7 8 9 -7 -8 -9 -10 -11
leaf_value=-0.00041499796075984778 0.0011851660416463496 -0.00020864259890895077 -0.0030837880255123362 0.00078240916834733073 -0.00048588733506214139 0.00082363473976189568 0.0027556401793900733 -0.0015191056000629592 0.00012169363505664795 -0.0015008781875186913
leaf_weight=44 31 178 28 50 24 35 28 26 53 28
leaf_count=44 31 178 28 50 24 35 28 26 53 28
internal_value=-6.0898e-05 -0.00056655 -0.00134822 0.000958754 -0.000247442 -1.99612e-05 0.00186183 -0.00223348 0.000466775 -0.000964239
internal_weight=525 363 98 162 265 213 59 54 103 52
internal_count=525 363 98 162 265 213 59 54 103 52
is_linear=0
shrinkage=0.0167612


Tree=34
num_leaves=8
num_cat=0
split_feature=143 216 6 45 57 214 76
split_gain=1.07192 0.532808 0.464812 0.599038 0.262532 0.177982 0.0270191
threshold=1.0000000180025095e-35 0.13064516129032258 1.5000000000000002 315071.49191602325 1187385.9496134892 3.7750000000000004 1.0000000180025095e-35
decision_type=10 10 2 10 8 10 8
left_child=1 5 4 -4 -2 6 -1
right_child=2 -3 3 -5 -6 -7 -8
leaf_value=-0.00082646228852492577 0.00083809205752632487 -0.0020624884292826913 0.0034517429523234387 0.00095271978980639974 -0.00041731843347135009 0.00040688265777997888 -0.00035973812551717968
leaf_weight=63 69 27 25 33 35 27 246
leaf_count=63 69 27 25 33 35 27 246
internal_value=-5.94092e-05 -0.000557427 0.000944116 0.00198538 0.00037467 -0.000365049 -0.000488449
internal_weight=525 363 162 58 104 336 309
internal_count=525 363 162 58 104 336 309
is_linear=0
shrinkage=0.0167612


Tree=35
num_leaves=10
num_cat=0
split_feature=143 99 141 144 7 101 115 101 117
split_gain=1.03936 0.460891 0.433141 0.389986 0.295605 0.100305 0.271043 0.0308595 0.000696022
threshold=1.0000000180025095e-35 -0.63393439665365914 1.0000000180025095e-35 1.0000000180025095e-35 1.0000000180025095e-35 162749.49652117476 53.500000000000007 208235.58378054801 1.0000000180025095e-35
decision_type=10 8 10 8 2 10 8 8 8
left_child=2 -2 5 -4 7 6 -1 -3 -5
right_child=1 4 3 8 -6 -7 -8 -9 -10
leaf_value=0.00070498917646924823 0.0021564826859705646 0.00016207746408783226 -0.0026171904568240332 -0.00089404986278971506 0.0013574836488333612 -0.000762506646581109 -0.00036266911029200359 -0.00027486689857423988 -0.00033306290434400161
leaf_weight=60 40 44 30 26 33 39 171 45 37
leaf_count=60 40 44 30 26 33 39 171 45 37
internal_value=-5.86331e-05 0.000929266 -0.000549253 -0.00141373 0.00048622 -0.000216202 -2.99531e-05 7.23675e-05 -0.000786821
internal_weight=525 162 363 93 122 270 231 89 63
internal_count=525 162 363 93 122 270 231 89 63
is_linear=0
shrinkage=0.0167612


Tree=36
num_leaves=10
num_cat=0
split_feature=143 10 21 141 150 13 11 144 205
split_gain=1.01314 0.534817 0.459893 0.421944 0.318068 0.260415 0.221436 0.121633 0.0301853
threshold=1.0000000180025095e-35 0.25000000000000011 1.1356591315963469 1.0000000180025095e-35 1.0000000180025095e-35 322929.25907944521 -0.5 1.0000000180025095e-35 2.3071428571428574
decision_type=10 2 10 10 8 2 2 10 10
left_child=3 2 -2 5 7 -1 -7 -5 -3
right_child=1 8 -4 4 -6 6 -8 -9 -10
leaf_value=0.00057953843758751938 0.0025142167331085939 -0.00033827154334559954 0.00059127333435943252 -0.0030076775976265917 -0.00051852624237428715 6.6192956133754642e-05 -0.00081830359278803159 -0.001472249693948256 8.6574345527979955e-05
leaf_weight=50 61 24 40 28 39 73 147 26 37
leaf_count=50 61 24 40 28 39 73 147 26 37
internal_value=-5.74289e-05 0.00091772 0.00166153 -0.000542013 -0.0013954 -0.000212862 -0.000451832 -0.00219018 0.000139123
internal_weight=525 162 101 363 93 270 220 54 61
internal_count=525 162 101 363 93 270 220 54 61
is_linear=0
shrinkage=0.0167612


Tree=37
num_leaves=8
num_cat=0
split_feature=98 141 137 130 171 15 175
split_gain=0.894551 0.709359 0.261076 0.229458 0.217888 0.192528 0.0553648
threshold=0.8355045088344013 1.0000000180025095e-35 1.0000000180025095e-35 1.0000000180025095e-35 1.0000000180025095e-35 1.0000000180025095e-35 641216.23931623937
decision_type=8 10 10 8 10 2 10
left_child=2 4 -1 -3 5 -2 -6
right_child=1 3 -4 -5 6 -7 -8
leaf_value=0.00052100851273373535 -0.00055423073942858407 -0.002229037949630485 0.0018293141140260699 -0.00070572187441992772 0.0012205922416267561 0.0002121172517001708 0.00028005908436289821
leaf_weight=24 180 56 68 35 27 102 33
leaf_count=24 180 56 68 35 27 102 33
internal_value=-5.56061e-05 -0.000380261 0.00119002 -0.00149757 -3.29932e-05 -0.000225926 0.000675374
internal_weight=525 433 92 91 342 282 60
internal_count=525 433 92 91 342 282 60
is_linear=0
shrinkage=0.0167612


Tree=38
num_leaves=11
num_cat=0
split_feature=141 110 209 14 166 6 47 3 141 98
split_gain=0.824509 0.670399 0.631447 0.647287 0.491624 0.43162 0.268378 0.0148902 0.0156302 0.0136617
threshold=1.0000000180025095e-35 2.5000000000000004 1.0000000180025095e-35 8.5000000000000018 522239.49500000005 1.0000000180025095e-35 638113.51334293222 3.5000000000000004 1.0000000180025095e-35 1.2654879823739253
decision_type=8 10 8 2 8 2 8 2 10 8
left_child=1 4 3 -2 9 -6 -3 -4 -9 -1
right_child=2 6 7 -5 5 -7 -8 8 -10 -11
leaf_value=4.4822447980134575e-05 -0.0031283126521456824 -2.1332936204184839e-05 -0.00042512176745523812 -0.0007812354538306197 0.00082520479532140569 0.0025165401566533021 -0.0013073867902284415 -0.000175366599813316 6.9694722883313647e-05 0.0003429739760709426
leaf_weight=43 37 49 57 26 24 77 32 117 39 24
leaf_count=43 37 49 57 26 24 77 32 117 39 24
internal_value=-5.40559e-05 0.000580828 -0.000660489 -0.00186799 0.00118887 0.00188483 -0.000350984 -0.000245816 -7.36146e-05 0.000259314
internal_weight=525 249 276 63 168 101 81 213 156 67
internal_count=525 249 276 63 168 101 81 213 156 67
is_linear=0
shrinkage=0.0167612


Tree=39
num_leaves=9
num_cat=0
split_feature=143 216 70 99 13 6 130 101
split_gain=0.936345 0.54468 0.261238 0.203757 0.300789 0.246881 0.197264 0.0475884
threshold=1.0000000180025095e-35 0.9193548387096776 959601.14343729708 -0.2405777017832462 816284.22619047633 1.5000000000000002 1.0000000180025095e-35 10881.118659405138
decision_type=10 10 10 8 2 2 10 10
left_child=1 2 6 4 -2 7 -1 -5
right_child=3 -3 -4 5 -6 -7 -8 -9
leaf_value=-0.00038070769647052105 0.0023395386909009714 -0.0020799311377738025 -0.0013337198712043707 -0.0004797236269881639 0.00066808631488019432 0.0012437878692001839 0.00043911658400773538 5.5974781151202624e-05
leaf_weight=236 43 24 30 24 25 28 73 42
leaf_count=236 43 24 30 24 25 28 73 42
internal_value=-5.41442e-05 -0.000520588 -0.000334315 0.000882685 0.0015617 0.000437936 -0.000148433 -1.17585e-06
internal_weight=525 363 339 162 68 94 309 66
internal_count=525 363 339 162 68 94 309 66
is_linear=0
shrinkage=0.0167612


Tree=40
num_leaves=10
num_cat=0
split_feature=143 196 45 70 225 76 137 181 186
split_gain=0.917541 0.323115 0.185854 0.181565 0.353413 0.177158 0.0846416 0.0315447 0.00861734
threshold=1.0000000180025095e-35 42.589460784313736 746160.08934523817 740099.45171777008 15.500000000000002 1.0000000180025095e-35 1.0000000180025095e-35 1.0000000180025095e-35 1.0000000180025095e-35
decision_type=10 8 10 8 10 8 10 10 10
left_child=3 -2 7 5 6 -1 -5 -3 -6
right_child=1 2 -4 4 8 -7 -8 -9 -10
leaf_value=-0.00048616002354035328 0.00022916598155344251 0.0014034578077623977 0.00057433548381383267 -0.00022793172846046259 -0.0023341604133244047 0.00061995696124791315 -0.00098040203206481305 0.0025000465644931611 -0.001290387496333534
leaf_weight=38 53 36 30 203 26 46 34 36 31
leaf_count=38 53 36 30 203 26 46 34 36 31
internal_value=-7.68658e-05 0.000879002 0.00145363 -0.000517477 -0.000727967 -4.20087e-05 -0.000425012 0.00194753 -0.00168752
internal_weight=533 155 102 378 294 84 237 72 57
internal_count=533 155 102 378 294 84 237 72 57
is_linear=0
shrinkage=0.0167612


Tree=41
num_leaves=10
num_cat=2
split_feature=0 0 195 75 6 6 12 203 10
split_gain=0.904532 0.255101 0.227072 0.18864 0.329679 0.264649 0.174662 0.169416 0.117825
threshold=0 1 13.500000000000002 615606.93710888631 1.0000000180025095e-35 1.5000000000000002 1.0000000180025095e-35 74.429924242424264 -0.5
decision_type=9 9 8 8 2 2 2 8 2
left_child=6 2 -2 5 -5 -3 7 -1 -4
right_child=1 3 8 4 -6 -7 -8 -9 -10
leaf_value=0.0012229624460572915 -0.00040335890672455041 -6.3969086228858022e-05 -0.0007248820582907682 -0.001292549032067225 -4.9659310482485472e-05 0.0011508080633291641 0.0020411094239704795 0.00024004142969527613 -0.0019266626956588456
leaf_weight=41 27 66 32 56 144 41 33 29 64
leaf_count=41 27 66 32 56 144 41 33 29 64
internal_value=-7.68548e-05 -0.000420863 -0.000986043 -0.000144374 -0.000432256 0.000317803 0.00105207 0.000756372 -0.00146808
internal_weight=533 430 123 307 200 107 103 70 96
internal_count=533 430 123 307 200 107 103 70 96
cat_boundaries=0 1 2
cat_threshold=2099520 17330192
is_linear=0
shrinkage=0.0167612


Tree=42
num_leaves=11
num_cat=0
split_feature=121 6 45 5 214 5 197 57 106 46
split_gain=0.869389 0.265108 0.669125 0.168563 0.265537 0.246317 0.151227 0.0925316 0.0764403 0.0569241
threshold=116.07631110000001 1.0000000180025095e-35 1536029.3548809525 2.5000000000000004 3.1750000000000003 1.5000000000000002 1.0000000180025095e-35 1062192.3832923446 1.0000000180025095e-35 1.5000000000000002
decision_type=10 2 8 2 10 2 8 10 8 8
left_child=3 -2 7 5 8 6 -1 -3 -5 -7
right_child=1 2 -4 4 -6 9 -8 -9 -10 -11
leaf_value=-0.0020084262970100331 0.00018468712095412861 0.00075847988193029881 0.0026538518707993675 -0.0010521582234003042 0.00065925432333148535 -0.00053463817684273635 -0.00078142825161203982 6.7650797133142728e-05 -0.00024142291855609288 2.7872121352445755e-05
leaf_weight=49 33 54 38 29 45 39 55 30 109 52
leaf_count=49 33 54 38 29 45 39 55 30 109 52
internal_value=-7.46691e-05 0.000855309 0.00128749 -0.000503944 -0.000139067 -0.000844882 -0.00136247 0.000526416 -0.000475954 -0.000244163
internal_weight=533 155 122 378 183 195 104 84 138 91
internal_count=533 155 122 378 183 195 104 84 138 91
is_linear=0
shrinkage=0.0167612


Tree=43
num_leaves=11
num_cat=0
split_feature=10 110 138 180 45 120 8 168 205 57
split_gain=0.587601 0.583444 0.478134 0.256312 0.20738 0.203687 0.123844 0.101362 0.0270928 0.0100004
threshold=0.25000000000000011 11.500000000000002 1.0000000180025095e-35 1.0000000180025095e-35 212964.53409090909 1.0000000180025095e-35 1.0000000180025095e-35 1.0000000180025095e-35 16.90909090909091 739454.96027236653
decision_type=2 8 10 8 10 10 2 8 10 8
left_child=1 4 3 -2 5 -1 -5 -3 -6 -9
right_child=2 7 -4 6 8 -7 -8 9 -10 -11
leaf_value=0.0025726418036170337 0.00049078817139167411 -0.00093507456732049498 -0.0019524664413671092 -0.0008920730180824798 0.00080030892735802144 0.00097582915351305936 -0.0001837078046318864 2.8959433625359119e-05 0.00018727853061991496 -0.00015840475617550875
leaf_weight=30 35 26 39 119 34 35 29 24 65 97
leaf_count=30 35 26 39 119 34 35 29 24 65 97
internal_value=-7.34733e-05 0.000353734 -0.000695027 -0.000349467 0.00100946 0.00169563 -0.000633925 -0.000268232 0.000551169 -7.53674e-05
internal_weight=533 311 222 183 164 65 148 147 99 121
internal_count=533 311 222 183 164 65 148 147 99 121
is_linear=0
shrinkage=0.0167612


Tree=44
num_leaves=10
num_cat=0
split_feature=143 119 6 11 56 11 3 7 141
split_gain=0.828835 0.422583 0.381 0.329799 0.210329 0.0934211 0.0764214 0.0451077 0.0488131
threshold=1.0000000180025095e-35 1052744.4791666667 1.5000000000000002 -1.0000000180025095e-35 1.0000000180025095e-35 0.25000000000000017 3.5000000000000004 1.0000000180025095e-35 1.0000000180025095e-35
decision_type=10 10 2 2 8 2 2 2 8
left_child=3 2 5 7 -5 -2 -6 8 -1
right_child=1 -3 -4 4 6 -7 -8 -9 -10
leaf_value=0.00012194060723559049 0.001092539139448988 -7.6266971720102093e-05 0.0025020591581247785 -0.0019419091897223766 -0.0010094287084503962 0.00026487478086449645 -0.00029247080734699646 0.00033343829410470199 -0.00036455279689068048
leaf_weight=37 47 35 35 25 88 38 94 49 85
leaf_count=37 47 35 35 25 88 38 94 49 85
internal_value=-7.16268e-05 0.000836026 0.00137466 -0.000491126 -0.000924935 0.000803395 -0.000700227 -4.83916e-05 -0.000130041
internal_weight=533 155 120 378 207 85 182 171 122
internal_count=533 155 120 378 207 85 182 171 122
is_linear=0
shrinkage=0.0167612


Tree=45
num_leaves=11
num_cat=1
split_feature=143 75 6 84 50 1 10 183 140 162
split_gain=0.802336 0.31431 0.279125 0.192782 0.125167 0.0713931 0.157381 0.0475783 0.0220841 0.000621763
threshold=1.0000000180025095e-35 488427.02706552716 1.0000000180025095e-35 2.5000000000000004 5.6000000000000005 0 -0.24999999999999994 1.0000000180025095e-35 1.0000000180025095e-35 1198090.6301264262
decision_type=10 10 2 10 8 1 2 10 10 10
left_child=2 4 3 -1 -2 6 -4 -6 -5 -3
right_child=1 9 5 8 7 -7 -8 -9 -10 -11
leaf_value=-0.00052402344563613735 0.00065049260749941863 0.00010675588736931371 0.00062685685107706794 -0.0024429302827344312 0.0012838682179915095 -0.00040485841530819009 -0.00028401328552517247 0.0024465037436992312 -0.0013184995653036133 -7.9665436568275735e-07
leaf_weight=55 28 34 54 24 31 139 77 35 29 27
leaf_count=55 28 34 54 24 31 139 77 35 29 27
internal_value=-7.07246e-05 0.000822004 -0.00048369 -0.00113358 0.00142935 -0.00019487 2.8785e-05 0.00188933 -0.00180731 0.000192792
internal_weight=533 155 378 108 94 270 131 66 53 61
internal_count=533 155 378 108 94 270 131 66 53 61
cat_boundaries=0 1
cat_threshold=132
is_linear=0
shrinkage=0.0167612


Tree=46
num_leaves=10
num_cat=0
split_feature=110 69 3 17 6 11 7 99 118
split_gain=0.725367 0.467837 0.399571 0.221243 0.164896 0.150162 0.0989775 0.0613162 0.0167124
threshold=5.5000000000000009 1.0000000180025095e-35 4.5000000000000009 887884.8550000001 1.0000000180025095e-35 -0.5 1.0000000180025095e-35 -0.11603100456682695 1.0000000180025095e-35
decision_type=8 8 2 8 2 2 2 8 10
left_child=2 -2 4 8 -1 -3 -5 -7 -4
right_child=1 5 3 6 -6 7 -8 -9 -10
leaf_value=-0.00085955058589466259 -0.0019435360593370681 0.00010894944059526469 0.00036958733934551284 0.001043305511642962 0.0001773056230243836 -0.00024205246199824151 0.0021462083178406767 -0.00072897415612876559 6.4805447792588126e-05
leaf_weight=40 33 70 25 74 35 27 36 163 30
leaf_count=40 33 70 25 74 35 27 36 163 30
internal_value=-7.00098e-05 -0.000610909 0.000547853 0.00102317 -0.000167339 -0.000368535 0.00145705 -0.000591717 0.000267135
internal_weight=533 293 240 165 75 260 110 190 55
internal_count=533 293 240 165 75 260 110 190 55
is_linear=0
shrinkage=0.0167612


Tree=47
num_leaves=9
num_cat=0
split_feature=143 13 5 214 11 50 68 47
split_gain=0.764557 0.464692 0.220244 0.18601 0.243883 0.173745 0.142299 0.10055
threshold=1.0000000180025095e-35 982749.38613315707 1.5000000000000002 2.5350000000000006 -0.5 4.7666666666666675 1.0000000180025095e-35 1380068.9819776153
decision_type=10 2 2 8 2 8 8 8
left_child=3 2 -2 -1 6 -4 -5 -6
right_child=1 -3 5 4 7 -7 -8 -9
leaf_value=-0.001199962771604419 0.00055063488336091809 -9.2496098693470812e-05 0.0010506021063855858 -0.00020772038440237679 -0.00013557171876168631 0.0024985791783459321 0.00072796440509788221 -0.00080465445101756609
leaf_weight=58 29 42 34 25 62 50 68 165
leaf_count=58 29 42 34 25 62 50 68 165
internal_value=-6.86138e-05 0.000802434 0.00140499 -0.000472086 -0.000303656 0.00187056 0.000265634 -0.000585288
internal_weight=533 155 113 378 320 84 93 227
internal_count=533 155 113 378 320 84 93 227
is_linear=0
shrinkage=0.0167612


Tree=48
num_leaves=7
num_cat=0
split_feature=25 209 165 205 11 163
split_gain=0.462306 0.392266 0.561757 0.276697 0.116648 0.0170327
threshold=1.0000000180025095e-35 1.0000000180025095e-35 17.500000000000004 15.122670807453419 -1.0000000180025095e-35 62.500000000000007
decision_type=10 8 10 8 2 8
left_child=1 2 5 -3 -5 -1
right_child=-2 3 -4 4 -6 -7
leaf_value=-0.00033270279739183034 0.0013655768866555301 0.00097318355596074334 -0.0023147727010562162 0.00018926050939761986 -0.00034971370106213589 2.093184446423997e-05
leaf_weight=29 29 50 30 182 178 28
leaf_count=29 29 50 30 182 178 28
internal_value=1.84859e-06 -0.000107311 -0.000970097 8.02284e-05 -4.9381e-05 -0.00023955
internal_weight=526 497 87 410 360 57
internal_count=526 497 87 410 360 57
is_linear=0
shrinkage=0.0167612


Tree=49
num_leaves=9
num_cat=0
split_feature=3 77 99 194 214 201 120 124
split_gain=0.908098 0.610132 0.357639 0.258233 0.224511 0.192808 0.126118 0.0098393
threshold=4.5000000000000009 1.0000000180025095e-35 -0.26662358784313095 0.27207792207792209 1.9100000000000004 1.0000000180025095e-35 1.0000000180025095e-35 340.50000000000006
decision_type=2 8 8 8 8 8 10 8
left_child=1 -1 3 -2 -4 -6 7 -3
right_child=2 6 4 -5 5 -7 -8 -9
leaf_value=-0.0023578954870112612 0.00053129431255160989 0.00015680740557341463 0.00099676728985869474 0.0020008492926166157 -0.00062047346894611888 0.00026350292452466406 -0.00086968328866061093 -0.00010201953815109018
leaf_weight=32 28 25 42 55 69 151 60 64
leaf_count=32 28 25 42 55 69 151 60 64
internal_value=2.4237e-06 -0.000856504 0.00049812 0.00132722 0.00019953 1.00999e-05 -0.000446064 -7.74179e-05
internal_weight=526 181 345 83 262 220 149 89
internal_count=526 181 345 83 262 220 149 89
is_linear=0
shrinkage=0.0167612


Tree=50
num_leaves=8
num_cat=0
split_feature=143 116 47 160 70 151 214
split_gain=0.458152 0.489516 0.251704 0.225808 0.111477 0.236504 0.131222
threshold=1.0000000180025095e-35 1.0000000180025095e-35 1097699.6565110483 23.500000000000004 939536.7430654763 1.0000000180025095e-35 3.0650000000000004
decision_type=10 10 8 10 8 10 8
left_child=1 4 3 -2 6 -6 -1
right_child=2 -3 -4 -5 5 -7 -8
leaf_value=8.1340811630730889e-05 0.0017557740084331995 -0.0016684881856164355 0.00011807556749731376 0.00039781221530864157 -1.9511213551133777e-05 -0.000924620478575097 0.0009495135249527059
leaf_weight=54 64 30 46 46 179 75 32
leaf_count=54 64 30 46 46 179 75 32
internal_value=1.35556e-06 -0.000289739 0.000699163 0.00116065 -9.32925e-05 -0.000269216 0.000316347
internal_weight=526 370 156 110 340 254 86
internal_count=526 370 156 110 340 254 86
is_linear=0
shrinkage=0.0167612


Tree=51
num_leaves=11
num_cat=1
split_feature=0 13 41 141 47 99 2 15 83 7
split_gain=0.653915 0.325892 0.324007 0.275442 0.231046 0.188261 0.162804 0.152912 0.0318761 0.0174314
threshold=0 444942.55918898812 1.0000000180025095e-35 1.0000000180025095e-35 999980.72463563876 -0.13680116530817252 2024.5000000000002 1.0000000180025095e-35 0.9421144957926989 1.0000000180025095e-35
decision_type=9 2 8 10 8 8 2 2 10 2
left_child=2 4 3 -1 -2 -3 9 -6 -7 -4
right_child=1 5 6 -5 7 8 -8 -9 -10 -11
leaf_value=-0.00062488619400322804 0.0021391686725511301 0.000701242548440239 3.5734987286515041e-05 -0.0023442495990262133 0.00013502970151423396 -0.00038946590052705454 -0.0007165331345110594 0.0010907133526582911 -4.0671996933898163e-05 0.00040825382311172892
leaf_weight=26 32 69 53 38 25 80 71 42 60 30
leaf_count=26 32 69 53 38 25 80 71 42 60 30
internal_value=0 0.000478991 -0.000617637 -0.00149415 0.00119852 0.000130218 -0.00025285 0.000696679 -0.000171236 0.000137067
internal_weight=526 308 218 64 99 209 154 67 140 83
internal_count=526 308 218 64 99 209 154 67 140 83
cat_boundaries=0 1
cat_threshold=17425457
is_linear=0
shrinkage=0.0167612


Tree=52
num_leaves=8
num_cat=0
split_feature=23 5 201 99 146 13 103
split_gain=0.436277 0.716206 0.97382 0.209288 0.219575 0.146957 0.0596648
threshold=1.0000000180025095e-35 1.5000000000000002 1.0000000180025095e-35 -0.34451833740272553 1.0000000180025095e-35 729443.25741943263 -145322.73138320001
decision_type=10 2 10 8 8 2 10
left_child=1 2 6 5 -5 -3 -1
right_child=-2 3 -4 4 -6 -7 -8
leaf_value=-0.00055736909855253131 0.0013253592258304617 0.0013885233803177413 -0.0028831019325468265 -0.00078686307448991668 0.00021828400392680865 0.00034126157042273681 -3.8103479480893728e-05
leaf_weight=61 29 53 31 40 243 29 40
leaf_count=61 29 53 31 40 243 29 40
internal_value=1.33535e-07 -0.000105464 -0.00105212 0.000238369 1.95626e-05 0.000870758 -0.000366469
internal_weight=526 497 132 365 283 82 101
internal_count=526 497 132 365 283 82 101
is_linear=0
shrinkage=0.0167612


Tree=53
num_leaves=11
num_cat=0
split_feature=5 201 110 47 13 23 126 40 138 165
split_gain=0.874124 0.862711 0.59033 0.34345 0.285445 0.134704 0.0755476 0.0328613 0.0189984 0.0168368
threshold=1.5000000000000002 1.0000000180025095e-35 1.5000000000000002 638113.51334293222 491171.8725490197 1.0000000180025095e-35 -0.047087645224816045 1.0000000180025095e-35 1.0000000180025095e-35 11.500000000000002
decision_type=2 10 8 10 2 8 10 8 10 10
left_child=1 6 3 -2 5 -4 7 -1 -5 -6
right_child=2 -3 4 8 9 -7 -8 -9 -10 -11
leaf_value=-0.00094363392917476321 0.0020472819875156827 -0.0026986148926436142 -1.6205292456257709e-05 0.00067607300738592923 -0.00048557094454988866 0.00073171588815865542 3.7352648603967834e-05 -0.00019369087135747231 0.00018794138022522024 -0.0011628619927676353
leaf_weight=27 59 34 66 50 65 85 37 37 39 27
leaf_count=27 59 34 66 50 65 85 37 37 39 27
internal_value=0 -0.00101269 0.000400698 0.00116519 -2.42001e-05 0.00031531 -0.000355338 -0.000577123 0.000580103 -0.000695516
internal_weight=526 135 391 148 243 151 101 64 89 92
internal_count=526 135 391 148 243 151 101 64 89 92
is_linear=0
shrinkage=0.0167612


Tree=54
num_leaves=9
num_cat=0
split_feature=5 138 23 212 17 97 40 152
split_gain=0.849624 0.904234 0.320195 0.158512 0.136766 0.0685472 0.0683335 0.0313941
threshold=1.5000000000000002 1.0000000180025095e-35 1.0000000180025095e-35 1.0513822282357157 468331.12248062022 1.0000000180025095e-35 1.0000000180025095e-35 1.0000000180025095e-35
decision_type=2 10 10 8 10 10 8 10
left_child=1 5 3 4 -2 6 -1 -5
right_child=2 -3 -4 7 -6 -7 -8 -9
leaf_value=-0.00090794375637573432 0.0011321567133777129 -0.0027976074494340183 0.0015785205695177989 9.3968401235395094e-05 0.00027964148184316066 5.1199270107486808e-05 -0.00016825234439876106 -0.00029778960908470738
leaf_weight=40 71 30 26 230 30 25 40 34
leaf_count=40 71 30 26 230 30 25 40 34
internal_value=0 -0.000999276 0.000394148 0.000252536 0.000728491 -0.000371409 -0.000528332 1.66968e-05
internal_weight=526 135 391 365 101 105 80 264
internal_count=526 135 391 365 101 105 80 264
is_linear=0
shrinkage=0.0167612


Tree=55
num_leaves=11
num_cat=1
split_feature=0 10 98 15 11 120 83 57 41 140
split_gain=0.626934 0.799728 0.314138 0.246193 0.420116 0.244854 0.0937589 0.0798872 0.046138 0.00264513
threshold=0 0.25000000000000011 0.8748033987838143 1.0000000180025095e-35 1.0000000180025095e-35 1.0000000180025095e-35 0.9709388012750757 652533.33333333337 1.0000000180025095e-35 1.0000000180025095e-35
decision_type=9 2 8 2 2 8 10 10 10 8
left_child=1 8 7 6 -5 -3 -4 -2 9 -1
right_child=2 5 3 4 -6 -7 -8 -9 -10 -11
leaf_value=-2.3782684645137672e-05 0.0020939175646048835 -0.0028533624136438483 -0.00053017485267606496 0.0017083473343124664 0.00015518574709692397 -0.0012433185534592966 0.00010304031792788396 0.00088433192637833995 0.0003966633572822659 -0.00013125306975961647
leaf_weight=29 27 25 76 47 47 63 77 34 50 51
leaf_count=29 27 25 76 47 47 63 77 34 50 51
internal_value=0 -0.000606245 0.000467567 0.000217029 0.000784438 -0.00170984 -0.000131679 0.00136476 6.29681e-06 -6.06836e-05
internal_weight=526 218 308 247 94 88 153 61 130 80
internal_count=526 218 308 247 94 88 153 61 130 80
cat_boundaries=0 1
cat_threshold=17425457
is_linear=0
shrinkage=0.0167612


Tree=56
num_leaves=10
num_cat=0
split_feature=10 73 57 17 120 121 9 56 161
split_gain=0.705774 0.32176 0.302108 0.257381 0.244282 0.181419 0.0838357 0.174543 0.0271119
threshold=0.25000000000000011 940157.77604166686 1194024.2065442686 757750.00000000012 1.0000000180025095e-35 116.07848305 1.0000000180025095e-35 1.0000000180025095e-35 1.0000000180025095e-35
decision_type=2 8 10 8 8 10 2 8 10
left_child=1 3 4 -1 -3 6 7 -2 -5
right_child=5 2 -4 8 -6 -7 -8 -9 -10
leaf_value=0.00047574538554814584 -0.0019399630550422434 0.0012339121732393955 -0.00076719764760939738 0.0014075638479142676 7.6977083582332019e-05 -3.7114148719815621e-05 -0.00031168917487654898 -0.00072004861256164728 0.0024771864100298722
leaf_weight=31 29 51 33 45 127 41 34 109 26
leaf_count=31 29 51 33 45 127 41 34 109 26
internal_value=7.49196e-05 0.000568019 0.000203859 0.00126481 0.000469007 -0.000593203 -0.000878683 -0.0010803 0.00183178
internal_weight=526 313 211 102 178 213 172 138 71
internal_count=526 313 211 102 178 213 172 138 71
is_linear=0
shrinkage=0.0167612


Tree=57
num_leaves=9
num_cat=0
split_feature=143 3 153 55 93 164 68 196
split_gain=0.461124 0.411658 0.207612 0.200683 0.100932 0.083151 0.0452549 0.000513063
threshold=1.0000000180025095e-35 5.5000000000000009 939833.96702380956 1.0000000180025095e-35 25.500000000000004 1.0000000180025095e-35 1.0000000180025095e-35 37.097857142857144
decision_type=10 2 8 10 10 10 8 8
left_child=1 6 -2 -4 5 -3 -1 -5
right_child=2 4 3 7 -6 -7 -8 -9
leaf_value=-0.0012829960922633541 0.00022408282388587113 9.8248183838689347e-05 0.0021055715364558369 0.00032093540029330404 -0.00026268514536329272 0.00080978304561315551 -0.00057888441591638932 0.00079462325861978102
leaf_weight=49 46 105 29 25 35 68 115 54
leaf_count=49 46 105 29 25 35 68 115 54
internal_value=7.35488e-05 -0.000214352 0.000775581 0.00120052 0.00019875 0.000413969 -0.000804325 0.00075021
internal_weight=526 372 154 108 208 173 164 79
internal_count=526 372 154 108 208 173 164 79
is_linear=0
shrinkage=0.0167612


Tree=58
num_leaves=11
num_cat=0
split_feature=110 13 110 201 5 106 133 214 6 99
split_gain=0.532462 0.758426 0.248618 0.227049 0.141981 0.140478 0.125783 0.106243 0.163209 0.00756795
threshold=2.5000000000000004 425259.87508586288 5.5000000000000009 1.0000000180025095e-35 2.5000000000000004 1.0000000180025095e-35 1325899.4930303034 2.5350000000000006 1.5000000000000002 -0.4563263266018352
decision_type=8 2 10 10 2 8 8 10 2 8
left_child=3 5 4 7 -3 9 -5 -1 -9 -2
right_child=1 2 -4 6 -6 -7 -8 8 -10 -11
leaf_value=0.0017869801096511726 1.3153942649788164e-05 -0.0011057793148490278 -0.0018970139347766941 -0.00031365040693895601 -0.00015720253007540949 0.00078156335672457142 0.00062262648473638269 0.00019049940015840986 0.0013564627426168219 -0.0001703477003701355
leaf_weight=39 26 40 59 54 56 93 34 56 32 37
leaf_count=39 26 40 59 54 56 93 34 56 32 37
internal_value=7.19858e-05 -0.000329684 -0.00111033 0.000676129 -0.000628207 0.000353395 0.000118448 0.0011237 0.000761267 3.14521e-05
internal_weight=526 311 155 215 96 156 88 127 88 63
internal_count=526 311 155 215 96 156 88 127 88 63
is_linear=0
shrinkage=0.0167612


Tree=59
num_leaves=10
num_cat=0
split_feature=99 11 12 141 50 128 41 64 143
split_gain=0.551823 0.350817 0.248585 0.22734 0.172623 0.325293 0.0930745 0.0288307 0.00364132
threshold=-0.48817194006457543 -0.24999999999999994 1.0000000180025095e-35 1.0000000180025095e-35 3.3419913419913425 1.0000000180025095e-35 1.0000000180025095e-35 877980.58823529421 1.0000000180025095e-35
decision_type=8 2 2 8 8 8 10 8 10
left_child=6 2 7 -4 -3 -6 8 -2 -1
right_child=1 4 3 -5 5 -7 -8 -9 -10
leaf_value=0.00025200855306916568 0.00011287006859177242 3.1944528228852211e-05 0.0018493618448692504 0.00038393319738521151 -0.0016567830328232727 -0.00036769329378702313 0.0016528954529755298 -0.00026354602371134493 0.00068870174399286808
leaf_weight=27 61 35 31 31 59 148 46 62 26
leaf_count=27 61 35 31 31 59 148 46 62 26
internal_value=7.10373e-05 -0.000165041 0.000299381 0.00102072 -0.000578435 -0.000796685 0.00103942 1.16226e-05 0.000616055
internal_weight=526 427 185 62 242 207 99 123 53
internal_count=526 427 185 62 242 207 99 123 53
is_linear=0
shrinkage=0.0167612


Tree=60
num_leaves=9
num_cat=0
split_feature=3 64 98 12 120 56 57 53
split_gain=0.507754 0.307697 0.213712 0.187959 0.241532 0.160831 0.09643 0.0210527
threshold=3.5000000000000004 472965.54190476198 0.87023000654796034 1.0000000180025095e-35 1.0000000180025095e-35 1.0000000180025095e-35 1230212.4950829803 9408.8603543917961
decision_type=2 8 10 2 8 8 10 10
left_child=5 2 -2 6 -5 -1 -3 -7
right_child=1 3 -4 4 -6 7 -8 -9
leaf_value=-0.001566400161496017 0.0016366476769834038 -3.5973023878054843e-05 0.00033504031700484093 0.0012952668238618058 0.00011222412044546346 -0.00056028822468933098 -0.00085085945250835493 -0.00012384523162317027
leaf_weight=26 65 134 49 44 70 64 28 46
leaf_count=26 65 134 49 44 70 64 28 46
internal_value=7.07355e-05 0.000380276 0.00103204 7.67023e-05 0.000532527 -0.000690433 -0.000240976 -0.000428645
internal_weight=526 390 114 276 114 136 162 110
internal_count=526 390 114 276 114 136 162 110
is_linear=0
shrinkage=0.0167612


Tree=61
num_leaves=11
num_cat=0
split_feature=5 57 12 194 17 55 183 222 11 209
split_gain=0.493364 0.265425 0.240503 0.183106 0.164103 0.186722 0.123723 0.120441 0.0403989 0.0192775
threshold=1.5000000000000002 1042620.3486164367 1.0000000180025095e-35 0.27207792207792209 1094904.3294578441 1.0000000180025095e-35 1.0000000180025095e-35 1.0000000180025095e-35 -0.68301270189221952 15.000000000000002
decision_type=2 8 2 8 8 8 8 8 2 10
left_child=4 3 8 9 -1 -6 -5 -4 -3 -2
right_child=1 2 7 6 5 -7 -8 -9 -10 -11
leaf_value=-0.00018210363516234172 6.9768407769924665e-05 -0.00014704369168677659 0.0010223237892570112 0.00090411434594494502 -0.0018473176265670808 -0.00056889952409572655 0.0021058317932789459 0.00012915802522241778 -0.00069081723168319469 0.00035717717334464352
leaf_weight=28 35 38 50 74 34 74 25 55 79 34
leaf_count=28 35 38 50 74 34 74 25 55 79 34
internal_value=6.82908e-05 0.000373643 2.90148e-05 0.000841093 -0.000681813 -0.00104576 0.00129166 0.000509227 -0.000446 0.000236109
internal_weight=526 390 222 168 136 108 99 105 117 69
internal_count=526 390 222 168 136 108 99 105 117 69
is_linear=0
shrinkage=0.0167612


Tree=62
num_leaves=8
num_cat=0
split_feature=214 13 55 205 13 137 205
split_gain=0.664872 0.382386 0.503142 0.274199 0.249538 0.367183 0.203998
threshold=3.5350000000000006 538965.77081644267 1.0000000180025095e-35 20.48925672449467 427905.18238993717 1.0000000180025095e-35 34.208333333333343
decision_type=10 2 8 8 2 10 10
left_child=1 4 -3 -2 5 -1 -4
right_child=3 2 6 -5 -6 -7 -8
leaf_value=0.0001610158939198949 0.0022561430317069304 -0.001968229028034237 -0.00063940581508866627 0.00059575992031945125 -0.00039685243985946515 0.0016066390540370912 0.00026490639306295905
leaf_weight=124 35 33 128 40 54 45 67
leaf_count=124 35 33 128 40 54 45 67
internal_value=6.75838e-05 -0.000153133 -0.000620625 0.00126747 0.000270732 0.000618159 -0.000294485
internal_weight=526 451 228 75 223 169 195
internal_count=526 451 228 75 223 169 195
is_linear=0
shrinkage=0.0167612


Tree=63
num_leaves=11
num_cat=0
split_feature=146 17 11 3 85 80 219 13 5 53
split_gain=0.563722 0.3956 0.679644 0.261174 0.213827 0.218497 0.180493 0.210257 0.157745 0.100046
threshold=4.5000000000000009 822244.72361111117 -1.0000000180025095e-35 5.5000000000000009 5.5000000000000009 5.5000000000000009 1.0000000180025095e-35 425259.87508586288 2.5000000000000004 113587.25394131827
decision_type=10 8 2 2 10 8 8 2 2 8
left_child=3 -2 8 6 5 -5 -1 -8 -3 -6
right_child=1 2 -4 4 9 -7 7 -9 -10 -11
leaf_value=-0.0016141903867137734 -1.2455261568519252e-05 0.0016005990269089183 0.00031952167862312906 0.0012180637407018125 -0.00027628036117487235 6.0630359417490636e-05 6.3875681887607882e-05 -0.0010352114489000262 0.0032178075896534047 -0.0012501899896017979
leaf_weight=41 67 30 80 32 25 97 50 46 32 26
leaf_count=41 67 30 80 32 25 97 50 46 32 26
internal_value=6.61632e-05 0.000700851 0.00120954 -0.000338247 -1.97563e-05 0.000375289 -0.00084948 -0.000458364 0.00230729 -0.000645826
internal_weight=526 209 142 317 180 129 137 96 62 51
internal_count=526 209 142 317 180 129 137 96 62 51
is_linear=0
shrinkage=0.0167612


Tree=64
num_leaves=7
num_cat=0
split_feature=99 141 100 11 76 2
split_gain=0.423749 0.465133 0.25116 0.182162 0.131507 0.103281
threshold=-0.64031528803180426 1.0000000180025095e-35 1.0000000180025095e-35 0.6830127018922193 1.0000000180025095e-35 2023.5000000000002
decision_type=8 10 10 2 8 2
left_child=5 2 3 -2 -3 -1
right_child=1 4 -4 -5 -6 -7
leaf_value=0.0016358817280148451 0.00016131799311829397 -0.0015750505037516753 0.0010497415328528598 -0.00058993588979078509 -0.00042809035190959733 0.00050083977376130979
leaf_weight=34 235 63 30 93 40 42
leaf_count=34 235 63 30 93 40 42
internal_value=0 -0.000184111 6.11539e-05 -3.92314e-05 -0.00104352 0.000949155
internal_weight=537 461 358 328 103 76
internal_count=537 461 358 328 103 76
is_linear=0
shrinkage=0.0167612


Tree=65
num_leaves=11
num_cat=0
split_feature=119 6 11 15 7 13 117 76 207 20
split_gain=0.350918 0.328326 0.296741 0.248361 0.34967 0.199136 0.151928 0.0774179 0.0736669 0.0127693
threshold=937347.0086904763 1.5000000000000002 0.25000000000000017 1.0000000180025095e-35 1.0000000180025095e-35 334811.952991453 1.0000000180025095e-35 1.0000000180025095e-35 53899.071903714597 22.500000000000004
decision_type=8 2 2 2 2 2 10 8 8 8
left_child=1 6 3 9 -5 -4 8 -7 -1 -2
right_child=2 -3 5 4 -6 7 -8 -9 -10 -11
leaf_value=0.00012552674191990053 -0.00074970336062260795 0.0014415316712138282 -0.00022423137949615808 0.00010002076547463184 0.0016150792890222998 -0.0018687989247120351 -0.00050199502696329844 -0.0008663997805445421 0.00086923607255548756 -0.00022413933170423064
leaf_weight=47 33 54 28 84 31 26 36 90 40 68
leaf_count=47 33 54 28 84 31 26 36 90 40 68
internal_value=0 0.000557951 -0.000283081 3.26074e-05 0.000549539 -0.000824812 0.000116393 -0.00117319 0.000441181 -0.000422325
internal_weight=537 177 360 216 115 144 123 116 87 101
internal_count=537 177 360 216 115 144 123 116 87 101
is_linear=0
shrinkage=0.0167612


Tree=66
num_leaves=8
num_cat=0
split_feature=98 141 209 13 13 76 2
split_gain=0.499577 0.443692 0.287475 0.213624 0.14174 0.181303 0.139047
threshold=0.80551675108566767 1.0000000180025095e-35 1.0000000180025095e-35 425259.87508586288 413877.09027777787 1.0000000180025095e-35 2023.5000000000002
decision_type=8 10 8 2 2 10 2
left_child=6 2 -2 -4 -3 -6 -1
right_child=1 4 3 -5 5 -7 -8
leaf_value=0.0018638332500575732 0.0010217038497520054 -0.00043443299984989456 0.0004286809587484705 -0.00037947001814246336 -0.0024704385134246285 -0.00092203608756603525 0.00055458458347169728
leaf_weight=32 41 47 100 220 24 36 37
leaf_count=32 41 47 100 220 24 36 37
internal_value=0 -0.000188678 5.20902e-05 -7.96734e-05 -0.00101369 -0.00158185 0.00107242
internal_weight=537 468 361 320 107 60 69
internal_count=537 468 361 320 107 60 69
is_linear=0
shrinkage=0.0167612


Tree=67
num_leaves=9
num_cat=1
split_feature=0 214 138 12 119 103 214 18
split_gain=0.470593 0.320941 0.245409 0.204414 0.242884 0.172236 0.0694283 0.0559779
threshold=0 3.5000000000000004 1.0000000180025095e-35 1.0000000180025095e-35 1193104.0175177308 119680.27777777777 2.0350000000000006 1.0000000180025095e-35
decision_type=9 10 10 2 8 8 10 8
left_child=3 2 6 4 -1 -3 -2 -5
right_child=1 5 -4 7 -6 -7 -8 -9
leaf_value=0.00067683232137300822 -5.843552604053419e-05 0.0012216168722977651 -0.0014419623786851071 0.0017857984768054548 -0.00043633056391911319 0.00016909201338458264 -0.00066281186002796629 0.0007598888279824438
leaf_weight=88 126 27 59 34 52 29 83 39
leaf_count=88 126 27 59 34 52 29 83 39
internal_value=0 -0.000372658 -0.000650751 0.00055405 0.000219126 0.000431453 -0.000365108 0.0012168
internal_weight=537 324 268 213 140 56 209 73
internal_count=537 324 268 213 140 56 209 73
cat_boundaries=0 1
cat_threshold=3283780
is_linear=0
shrinkage=0.0167612


Tree=68
num_leaves=10
num_cat=0
split_feature=10 100 56 12 37 110 11 12 118
split_gain=0.537636 0.467221 0.391096 0.24997 0.187041 0.47906 0.171573 0.119003 0.0769194
threshold=-0.24999999999999994 1.0000000180025095e-35 1.0000000180025095e-35 1.0000000180025095e-35 1.0000000180025095e-35 3.5000000000000004 0.25000000000000017 1.0000000180025095e-35 1.0000000180025095e-35
decision_type=2 10 8 2 8 10 2 2 8
left_child=1 4 3 -2 5 -1 7 -4 -8
right_child=2 -3 6 -5 -6 -7 8 -9 -10
leaf_value=0.0013669915449170439 -0.00052815850541384471 0.0020340843605749486 4.4852106142996204e-05 -0.0021092856826115127 -0.00019242484009864547 -0.00025123668549718485 -0.00017420591059674588 0.0007929521396706986 -0.00078048062770832505
leaf_weight=81 28 24 86 42 67 40 35 47 87
leaf_count=81 28 24 86 42 67 40 35 47 87
internal_value=0 0.00060918 -0.000401761 -0.00131938 0.000327508 0.000671453 -9.98118e-05 0.000251228 -0.000500424
internal_weight=537 212 325 70 188 121 255 133 122
internal_count=537 212 325 70 188 121 255 133 122
is_linear=0
shrinkage=0.0167612


Tree=69
num_leaves=9
num_cat=1
split_feature=171 0 119 64 24 130 157 194
split_gain=0.202591 0.340567 0.338809 0.284494 0.185279 0.0811303 0.041257 0.0333537
threshold=1.0000000180025095e-35 0 941923.35459183692 577589.17471042485 1.0000000180025095e-35 1.0000000180025095e-35 3.2296703296703302 0.5277777777777779
decision_type=10 9 10 8 8 8 8 8
left_child=1 3 7 -1 -5 -3 -7 -2
right_child=2 5 -4 4 -6 6 -8 -9
leaf_value=0.0013236283973000315 0.00067464034056166503 -0.00096533986703515836 -0.00019541126034656258 -0.00060235022681091562 0.00053466540708933244 -6.4154806461584737e-05 -0.00043337049055304922 0.0016141632032066612
leaf_weight=43 27 61 34 39 47 72 167 47
leaf_count=43 27 61 34 39 47 72 167 47
internal_value=0 -0.000153573 0.000561971 0.000427857 7.63859e-05 -0.000460534 -0.000311293 0.00120031
internal_weight=537 429 108 129 86 300 239 74
internal_count=537 429 108 129 86 300 239 74
cat_boundaries=0 1
cat_threshold=137984
is_linear=0
shrinkage=0.0167612


Tree=70
num_leaves=10
num_cat=1
split_feature=0 11 12 73 45 124 184 141 144
split_gain=0.478812 0.248384 0.20021 0.139731 0.310697 0.0645154 0.053865 0.117176 0.0148147
threshold=0 -0.5 1.0000000180025095e-35 1105520.7633333334 869463.58997282025 87.000000000000014 219204.50000000003 1.0000000180025095e-35 1.0000000180025095e-35
decision_type=9 2 2 8 8 10 10 10 10
left_child=1 5 -3 4 -2 -1 7 -5 -4
right_child=3 2 8 6 -6 -7 -8 -9 -10
leaf_value=-0.00011886411065948492 0.00017307424682793209 -0.00049046314308459193 -0.0021985310940201485 0.00053861003028656126 0.001591792614804457 0.00052096246196040876 -0.00020576474163382926 -0.00025674120694992681 -0.0011497488632186959
leaf_weight=44 70 98 29 114 56 28 47 25 26
leaf_count=44 70 98 29 114 56 28 47 25 26
internal_value=0 -0.000528585 -0.000942416 0.000400873 0.000821273 -1.37518e-05 0.000118263 0.000275292 -0.0016441
internal_weight=537 225 153 312 126 72 186 139 55
internal_count=537 225 153 312 126 72 186 139 55
cat_boundaries=0 1
cat_threshold=17360049
is_linear=0
shrinkage=0.0167612


Tree=71
num_leaves=11
num_cat=0
split_feature=11 45 141 162 214 76 192 123 143 214
split_gain=0.315857 0.369986 0.716186 0.304066 0.226771 0.140936 0.138502 0.0940761 0.0661669 0.0195668
threshold=-0.24999999999999994 308528.69093873561 1.0000000180025095e-35 1032484.393809524 3.7750000000000004 1.0000000180025095e-35 1.0000000180025095e-35 14.500000000000002 1.0000000180025095e-35 2.6300000000000003
decision_type=2 10 8 8 8 8 10 8 8 10
left_child=1 2 -1 6 -4 -5 -2 9 -7 -3
right_child=3 7 4 5 -6 8 -8 -9 -10 -11
leaf_value=0.0022440969837069103 0.00062479757432937644 0.00024516182521305119 -0.00064592770000631748 -0.0014051953063636332 0.00058188446505804433 -0.0001005976053561173 -0.0002270600282314515 -0.00081147633079780906 -0.00059313062178206364 -0.00016145579923659544
leaf_weight=48 80 24 27 48 71 26 43 30 116 24
leaf_count=48 80 24 27 48 71 26 43 30 116 24
internal_value=0 0.00044806 0.000943734 -0.000321692 0.000204801 -0.000735557 0.000183637 -0.000219031 -0.000451228 -6.13853e-05
internal_weight=537 224 146 313 98 190 123 78 142 48
internal_count=537 224 146 313 98 190 123 78 142 48
is_linear=0
shrinkage=0.0167612


Tree=72
num_leaves=10
num_cat=0
split_feature=13 110 6 116 23 194 75 47 9
split_gain=0.576769 0.394257 0.323847 0.270584 0.185565 0.147824 0.226952 0.123299 0.0455524
threshold=656555.58531746047 17.500000000000004 1.5000000000000002 1.0000000180025095e-35 1.0000000180025095e-35 0.10084745762711866 571446.06756756769 426667.66052223794 1.0000000180025095e-35
decision_type=2 8 2 8 8 10 10 10 2
left_child=1 2 7 5 -3 6 -2 -1 -6
right_child=3 4 -4 -5 8 -7 -8 -9 -10
leaf_value=0.00017118917812850641 -0.00016343411120433088 -0.00060499954622494489 0.0021183233315658825 -0.0015064120173725465 0.0004696309337773796 0.00027427646168704819 -0.0014450068968381233 0.00099207206094057256 7.8301966913744297e-05
leaf_weight=45 100 59 39 47 120 40 29 40 27
leaf_count=45 100 59 39 47 120 40 29 40 27
internal_value=3.94532e-07 0.000433514 0.00110826 -0.000605789 3.60612e-05 -0.000304232 -0.00055527 0.00058335 0.000298554
internal_weight=546 330 124 216 206 169 129 85 147
internal_count=546 330 124 216 206 169 129 85 147
is_linear=0
shrinkage=0.0167612


Tree=73
num_leaves=10
num_cat=0
split_feature=13 56 110 128 123 98 141 7 199
split_gain=0.600185 0.786736 0.357753 0.442141 0.123501 0.167713 0.0653148 0.0522882 0.0466896
threshold=510944.7410714287 1.0000000180025095e-35 12.500000000000002 1.0000000180025095e-35 22.500000000000004 0.85697168698152681 1.0000000180025095e-35 1.0000000180025095e-35 -8.5191404499999983
decision_type=2 10 10 10 10 10 10 2 8
left_child=2 7 3 8 6 -6 -3 -2 -1
right_child=1 4 -4 -5 5 -7 -8 -9 -10
leaf_value=0.00020900456050824598 -0.002306483606187949 0.00053832331153010581 -0.0001643725135690529 0.0021799258926380651 -1.9697787496745752e-05 -0.0010352687314168479 1.8959968962420726e-05 -0.0011797735347119774 0.00064843206667487016
leaf_weight=31 45 101 70 36 31 41 32 34 125
leaf_count=31 45 101 70 36 31 41 32 34 125
internal_value=0 -0.000487224 0.000555306 0.000949084 -4.07102e-05 -0.000427739 0.000295524 -0.00168013 0.000555658
internal_weight=546 284 262 192 205 72 133 79 156
internal_count=546 284 262 192 205 72 133 79 156
is_linear=0
shrinkage=0.0167612


Tree=74
num_leaves=10
num_cat=0
split_feature=13 141 216 214 133 34 11 53 111
split_gain=0.826852 0.442418 0.400021 0.226002 0.169552 0.13078 0.0718087 0.0631827 0.010498
threshold=457860.51196581201 1.0000000180025095e-35 1.0000000180025095e-35 3.7750000000000004 1821569.4069767443 3.5000000000000004 0.25000000000000017 136109.56289869937 900.00000000000011
decision_type=2 8 10 8 8 10 2 8 10
left_child=2 4 5 -3 7 -1 -5 -2 -7
right_child=1 3 -4 6 -6 8 -8 -9 -10
leaf_value=0.0007391365996370214 -0.00064165868666986661 -0.0019456770597611741 0.0018601066975670235 -0.00018316301334270289 0.00067121460612826287 6.2446955871707231e-05 -0.0010011369960225747 -4.3922730515596823e-05 -0.00016816069987879819
leaf_weight=99 47 52 43 50 42 38 38 89 48
leaf_count=99 47 52 43 50 42 38 38 89 48
internal_value=0 -0.00050887 0.000727002 -0.001161 -4.83555e-05 0.000407479 -0.000673151 -0.000253072 6.1223e-05
internal_weight=546 318 228 140 178 185 88 136 86
internal_count=546 318 228 140 178 185 88 136 86
is_linear=0
shrinkage=0.0167612


Tree=75
num_leaves=10
num_cat=0
split_feature=13 106 201 11 184 209 69 103 20
split_gain=0.389952 0.344166 0.278527 0.337205 0.198341 0.131109 0.128388 0.0502309 0.0241818
threshold=366218.75088881719 1.0000000180025095e-35 1.0000000180025095e-35 -0.5 1073125.1064814818 1.0000000180025095e-35 1.0000000180025095e-35 -145322.73138320001 8.5000000000000018
decision_type=2 8 8 2 10 10 10 10 10
left_child=1 8 4 7 5 -2 -5 -4 -1
right_child=2 -3 3 6 -6 -7 -8 -9 -10
leaf_value=0.00019251326906209038 0.0013093393577764641 0.0013648398421815418 -7.8657179598796619e-06 -0.0014575467405910382 -0.00042344597283894221 0.00026557375467665592 -0.00045384006195398546 0.00050949918683801908 -0.00023170686707625927
leaf_weight=27 24 79 46 97 47 103 55 28 40
leaf_count=27 24 79 46 97 47 103 55 28 40
internal_value=0 0.000673506 -0.000245516 -0.000625186 0.000167355 0.000546831 -0.00106942 2.18423e-05 0.00013441
internal_weight=546 146 400 226 174 127 152 74 67
internal_count=546 146 400 226 174 127 152 74 67
is_linear=0
shrinkage=0.0167612


Tree=76
num_leaves=10
num_cat=0
split_feature=6 56 141 205 119 159 213 76 78
split_gain=0.217462 0.444988 0.279337 0.550895 0.0980424 0.103789 0.0882633 0.0523965 0.0380242
threshold=1.0000000180025095e-35 1.0000000180025095e-35 1.0000000180025095e-35 15.937500000000002 608187.50000000012 21.500000000000004 98.500000000000014 1.0000000180025095e-35 21.500000000000004
decision_type=2 8 8 10 8 8 10 10 10
left_child=1 -1 3 8 -4 -6 -5 -3 -2
right_child=2 7 4 6 5 -7 -8 -9 -10
leaf_value=-0.0018045789747588457 0.0019638611232525621 0.00016814247549243297 0.00039983268613472578 -0.00049563343914204542 -0.00083169598679212829 -6.6533385639516029e-05 0.00022600241933771431 -0.00038756221917512492 0.00098288747926138817
leaf_weight=25 54 66 25 49 50 147 49 45 36
leaf_count=25 54 66 25 49 50 147 49 45 36
internal_value=0 -0.000499543 0.000199606 0.000650572 -0.000135779 -0.000313957 1.72911e-05 -7.19925e-05 0.00148854
internal_weight=546 136 410 188 222 197 98 111 90
internal_count=546 136 410 188 222 197 98 111 90
is_linear=0
shrinkage=0.0167612


Tree=77
num_leaves=9
num_cat=0
split_feature=141 119 56 209 83 97 56 118
split_gain=0.285303 0.363091 0.377031 0.33768 0.0650105 0.0628444 0.0396132 0.0290383
threshold=1.0000000180025095e-35 1090171.2385487531 1.0000000180025095e-35 1.0000000180025095e-35 0.99999999997786726 0.12599206349206346 1.0000000180025095e-35 1.0000000180025095e-35
decision_type=10 8 10 8 10 8 10 8
left_child=3 6 -3 -1 7 -6 -2 -5
right_child=1 2 -4 4 5 -7 -8 -9
leaf_value=0.0012088394733712105 0.00042102431747503941 -0.002319930784100247 -0.00055230991325997433 -0.00032621860710899375 0.00068288786957716708 0.000112750132301774 -7.1607829104362674e-05 -6.2388443430069871e-06
leaf_weight=48 30 37 28 67 57 40 26 213
leaf_count=48 30 37 28 67 57 40 26 213
internal_value=0 -0.000613681 -0.00137972 0.000210569 3.01104e-05 0.000354049 -2.61031e-05 -7.73375e-05
internal_weight=546 121 65 425 377 97 56 280
internal_count=546 121 65 425 377 97 56 280
is_linear=0
shrinkage=0.0167612


Tree=78
num_leaves=9
num_cat=0
split_feature=3 201 214 143 73 214 141 114
split_gain=0.293586 0.271427 0.148447 0.206104 0.130928 0.19252 0.113175 0.0234449
threshold=2.5000000000000004 1.0000000180025095e-35 2.4400000000000004 1.0000000180025095e-35 727776.59075276589 2.9600000000000004 1.0000000180025095e-35 57757777.004196882
decision_type=2 10 8 10 8 8 10 8
left_child=1 7 3 -2 5 -4 -6 -1
right_child=2 -3 4 -5 6 -7 -8 -9
leaf_value=-0.00040476748996214166 0.00032716895064841564 -0.0017418700152518763 -1.7099720442040162e-05 0.001514597150442444 -8.0749838762224462e-06 0.00098842724876911149 -0.0006856672700859697 -7.9227770543127113e-05
leaf_weight=32 27 25 37 35 236 71 45 38
leaf_count=32 27 25 37 35 236 71 45 38
internal_value=0 -0.000702879 0.000186973 0.000799791 5.27609e-05 0.000487168 -0.000110035 -0.000240307
internal_weight=546 95 451 62 389 108 281 70
internal_count=546 95 451 62 389 108 281 70
is_linear=0
shrinkage=0.0167612


Tree=79
num_leaves=10
num_cat=0
split_feature=10 141 209 12 45 6 12 99 13
split_gain=0.46863 0.335852 0.320246 0.300648 0.273944 0.0950435 0.118273 0.0631887 0.0303142
threshold=-0.24999999999999994 1.0000000180025095e-35 10.500000000000002 1.0000000180025095e-35 453750.00000000006 1.5000000000000002 1.0000000180025095e-35 -0.3596594588139394 322929.25907944521
decision_type=2 10 8 2 10 2 2 8 2
left_child=2 5 4 -3 -1 6 -2 -4 -9
right_child=1 3 7 -5 -6 -7 -8 8 -10
leaf_value=0.002120729314499459 -8.0124284782837795e-05 -0.00033774197125855206 0.00057720434790137958 -0.0018646309437144793 0.00060333895943193746 -0.00058058584996213756 0.00062068525392102618 0.00024314420523774519 -0.00019507087468921227
leaf_weight=45 143 42 31 52 24 37 57 26 89
leaf_count=45 143 42 31 52 24 37 57 26 89
internal_value=0 -0.000362857 0.000573985 -0.00109669 0.00137807 -3.16859e-05 9.63727e-05 0.000157769 9.1579e-06
internal_weight=546 331 215 94 69 237 200 146 115
internal_count=546 331 215 94 69 237 200 146 115
is_linear=0
shrinkage=0.0167612


Tree=80
num_leaves=9
num_cat=0
split_feature=3 90 171 175 83 94 45 178
split_gain=0.489604 0.459787 0.320638 0.264734 0.174837 0.103801 0.0829765 0.0409117
threshold=5.5000000000000009 1.0000000180025095e-35 1.0000000180025095e-35 377239.38374125882 1.0683787908514459 2.5000000000000004 636923.58478669252 75.500000000000014
decision_type=2 8 10 10 10 8 10 8
left_child=1 4 5 -4 -1 6 -2 -3
right_child=2 7 3 -5 -6 -7 -8 -9
leaf_value=-0.001794699784105126 0.00071576928061415853 0.00040768243495842234 0.0021774042264809819 0.0005145753801883067 -0.00049409975843039793 -0.00017678130918019296 0.00011332496336234031 -4.6630727790637881e-05
leaf_weight=73 83 32 33 28 34 108 49 80
leaf_count=73 83 32 33 28 34 108 49 80
internal_value=0 -0.000565624 0.000405064 0.00128545 -0.00128731 0.000129239 0.000410423 -1.9412e-05
internal_weight=520 219 301 61 107 240 132 112
internal_count=520 219 301 61 107 240 132 112
is_linear=0
shrinkage=0.0167612


Tree=81
num_leaves=8
num_cat=0
split_feature=199 119 205 201 184 10 163
split_gain=0.272543 0.420014 0.234182 0.210795 0.268002 0.260981 0.0492968
threshold=-8.3580425999999992 633459.43405139854 64.818734457032335 1.0000000180025095e-35 915030.35753489647 -0.24999999999999994 38.500000000000007
decision_type=8 8 8 8 10 2 8
left_child=2 -2 6 4 -3 -5 -1
right_child=1 3 -4 5 -6 -7 -8
leaf_value=0.000205816383634836 0.0013395948219337478 0.00117677897722467 -0.0014818699224956658 0.00023590206006928726 4.6823706663335875e-05 -0.00068352257898460732 -0.00045437216284886751
leaf_weight=28 40 61 41 101 68 157 24
leaf_count=28 40 61 41 101 68 157 24
internal_value=0 0.000164678 -0.000700453 7.58687e-06 0.000482117 -0.000264126 -0.000185199
internal_weight=520 427 93 387 129 258 52
internal_count=520 427 93 387 129 258 52
is_linear=0
shrinkage=0.0167612


Tree=82
num_leaves=9
num_cat=0
split_feature=11 101 199 45 7 112 10 151
split_gain=0.507218 0.279777 0.254355 0.276345 0.257832 0.131008 0.0633173 0.0948518
threshold=-0.24999999999999994 208235.58378054801 -8.3580425999999992 678295.92500000016 1.0000000180025095e-35 46.000000000000007 0.68301270189221941 1.0000000180025095e-35
decision_type=2 8 8 10 2 8 2 8
left_child=2 6 -1 4 -4 -3 7 -2
right_child=1 5 3 -5 -6 -7 -8 -9
leaf_value=-0.00019480392305359982 0.00090644193476596398 -0.0016841710312726561 0.00065494246208384899 0.00017409838897549724 0.0019981429832829113 -0.000632419521406373 -0.00024410700234600758 8.6124629536255893e-05
leaf_weight=37 28 24 83 45 55 155 36 57
leaf_count=37 28 24 83 45 55 155 36 57
internal_value=0 -0.000431113 0.000556775 0.000859327 0.00122982 -0.000844729 3.38762e-05 0.000348776
internal_weight=520 300 220 183 138 179 121 85
internal_count=520 300 220 183 138 179 121 85
is_linear=0
shrinkage=0.0167612


Tree=83
num_leaves=10
num_cat=0
split_feature=143 5 47 45 13 13 164 73 44
split_gain=0.338508 0.290594 0.226124 0.276719 0.274014 0.18608 0.0866729 0.043252 0.0188567
threshold=1.0000000180025095e-35 1.5000000000000002 1076816.4355576204 790509.35000000021 698348.21428571444 386989.03273809532 1.0000000180025095e-35 857959.55267857155 1.0000000180025095e-35
decision_type=10 2 8 8 2 2 8 10 8
left_child=1 5 3 -2 -5 -1 -3 -8 -7
right_child=2 6 -4 4 -6 8 7 -9 -10
leaf_value=-0.00035270663075211167 0.00028325739521981377 -0.00056332107047709571 4.6471051145530183e-05 0.0027158425778284838 0.00089320053725871899 -0.0019110470418545731 0.0002180424690281841 -0.0002344121069526815 -0.00094125935083025608
leaf_weight=32 49 31 52 26 31 39 209 25 26
leaf_count=32 49 31 52 26 31 39 209 25 26
internal_value=0 -0.000279393 0.000571977 0.00102586 0.00171307 -0.000956574 -1.84074e-05 0.000104459 -0.00147812
internal_weight=520 362 158 106 57 97 265 234 65
internal_count=520 362 158 106 57 97 265 234 65
is_linear=0
shrinkage=0.0167612


Tree=84
num_leaves=7
num_cat=0
split_feature=5 214 13 143 53 152
split_gain=0.480205 0.311595 0.169218 0.255401 0.135829 0.174319
threshold=1.5000000000000002 4.1650000000000009 218433.03935860062 1.0000000180025095e-35 65709.490471523866 1.0000000180025095e-35
decision_type=2 10 2 10 10 8
left_child=4 2 -2 -4 5 -1
right_child=1 -3 3 -5 -6 -7
leaf_value=-0.00187837471644672 0.00091050730742421549 0.0012402245680386789 -0.00033968589832455472 0.00056259275408119939 -0.00028374152792192558 -0.00061300966208840339
leaf_weight=36 26 48 213 98 32 67
leaf_count=36 26 48 213 98 32 67
internal_value=0 0.000278757 8.84872e-05 -7.18984e-06 -0.000769534 -0.00112156
internal_weight=520 385 337 311 135 103
internal_count=520 385 337 311 135 103
is_linear=0
shrinkage=0.0167612


Tree=85
num_leaves=10
num_cat=0
split_feature=10 181 151 70 164 160 203 208 15
split_gain=0.533492 0.370039 0.330809 0.144821 0.0884877 0.126879 0.0576495 0.0210692 0.00826579
threshold=-0.24999999999999994 1.0000000180025095e-35 1.0000000180025095e-35 425259.87508586288 1.0000000180025095e-35 10.500000000000002 30.816923076923082 9.5000000000000018 1.0000000180025095e-35
decision_type=2 10 10 8 10 10 8 10 2
left_child=1 4 6 -4 8 -6 -2 -8 -1
right_child=2 -3 3 -5 5 -7 7 -9 -10
leaf_value=-0.00017051889416105378 0.00050565482446749809 0.0017546337106942454 -0.00029232703756455422 -0.0012931434698030806 0.0010522430263732415 0.00018128500687665937 -0.0002092672278740672 9.5718701179541289e-05 4.2479317526595088e-06
leaf_weight=47 24 34 42 110 50 41 96 41 35
leaf_count=47 24 34 42 110 50 41 96 41 35
internal_value=0 0.000598416 -0.000421876 -0.000949222 0.000293199 0.000578956 -1.35437e-05 -5.06704e-05 1.22026e-05
internal_weight=520 207 313 152 173 91 161 137 82
internal_count=520 207 313 152 173 91 161 137 82
is_linear=0
shrinkage=0.0167612


Tree=86
num_leaves=10
num_cat=0
split_feature=10 110 65 120 103 214 180 99 182
split_gain=0.427968 0.406258 0.359326 0.174042 0.13919 0.243428 0.0706844 0.0684016 0.0403481
threshold=0.25000000000000011 4.5000000000000009 1.0000000180025095e-35 1.0000000180025095e-35 -37915.586444567271 3.7750000000000004 1.0000000180025095e-35 -0.47979284258562838 89.500000000000014
decision_type=2 8 10 10 10 8 8 8 10
left_child=1 3 6 8 5 -3 -2 -5 -1
right_child=2 4 -4 7 -6 -7 -8 -9 -10
leaf_value=0.0021509744633570996 0.00047442927455692776 -0.0013650077033692156 -0.0012070589938945045 0.00086511553474590279 0.0004313164594317652 -7.1501025680501825e-05 -0.00017846266599715472 0.00012548805191275002 0.0010542664389516178
leaf_weight=34 29 26 98 27 37 93 92 55 29
leaf_count=34 29 26 98 27 37 93 92 55 29
internal_value=0 0.000379694 -0.000527891 0.000977125 -8.93787e-05 -0.000427274 -7.06317e-05 0.000494757 0.00160108
internal_weight=520 301 219 145 156 119 121 82 63
internal_count=520 301 219 145 156 119 121 82 63
is_linear=0
shrinkage=0.0167612


Tree=87
num_leaves=9
num_cat=0
split_feature=5 9 143 194 138 199 176 53
split_gain=0.447825 0.229628 0.177405 0.153944 0.1144 0.103409 0.047044 0.0359651
threshold=1.5000000000000002 1.0000000180025095e-35 1.0000000180025095e-35 0.30789473684210528 1.0000000180025095e-35 -8.3530716999999992 19.500000000000004 142477.83839251372
decision_type=2 2 10 8 10 8 10 8
left_child=4 2 5 -4 7 -2 -3 -1
right_child=1 6 3 -5 -6 -7 -8 -9
leaf_value=-0.00019765514882516704 -0.00032332066745544003 -0.00072130229249883033 0.0004187581281368196 0.0016174888308460535 -0.0014774270257756903 0.00036391128105985418 -0.0001349350493261626 -0.00060559054165341226
leaf_weight=27 35 44 48 50 31 178 30 77
leaf_count=27 35 44 48 50 31 178 30 77
internal_value=0 0.000272289 0.000489674 0.00101868 -0.000740368 0.00020296 -0.000351518 -0.000483184
internal_weight=520 385 311 98 135 213 74 104
internal_count=520 385 311 98 135 213 74 104
is_linear=0
shrinkage=0.0167612


Tree=88
num_leaves=7
num_cat=0
split_feature=6 216 214 10 13 128
split_gain=0.374662 0.44572 0.369673 0.0822582 0.396333 0.0261176
threshold=1.0000000180025095e-35 0.13064516129032258 3.5000000000000004 -0.93301270189221908 670718.75000000012 1.0000000180025095e-35
decision_type=2 10 10 2 2 8
left_child=1 5 3 -2 -5 -1
right_child=2 -3 -4 4 -6 -7
leaf_value=-1.7587643686940493e-05 -0.00051895185112273167 -0.001982052408333765 0.0011433320287812668 0.00058775137952418385 -0.00051285730104328419 -0.00034000550331553215
leaf_weight=33 34 28 70 178 118 64
leaf_count=33 34 28 70 178 118 64
internal_value=0 -0.000698626 0.000243802 1.30683e-05 0.000105059 -0.00021771
internal_weight=525 125 400 330 296 97
internal_count=525 125 400 330 296 97
is_linear=0
shrinkage=0.0167612


Tree=89
num_leaves=10
num_cat=0
split_feature=116 14 47 11 99 93 190 128 201
split_gain=0.358411 0.446373 0.171154 0.29025 0.181966 0.134555 0.0801017 0.0733115 0.0473325
threshold=1.0000000180025095e-35 8.5000000000000018 1053128.0687719854 -0.24999999999999994 -0.72950481553142954 23.500000000000004 4.5000000000000009 1.0000000180025095e-35 1.0000000180025095e-35
decision_type=10 2 8 2 10 8 10 10 10
left_child=2 -2 4 5 8 -4 -6 -5 -1
right_child=1 -3 3 7 6 -7 -8 -9 -10
leaf_value=0.001305130276607426 -0.0022266527322052816 -0.00040985094062172413 0.00010157094351580447 -0.00073232499652577457 -0.00021703350439723673 0.00093359067126891598 0.00045281404226283581 -0.00018964121564702963 0.00042714671819156421
leaf_weight=64 25 27 30 130 72 64 50 33 30
leaf_count=64 25 27 30 130 72 64 50 33 30
internal_value=0 -0.00100191 0.000146517 -9.59271e-05 0.000480294 0.00047708 6.53798e-05 -0.000524471 0.000975915
internal_weight=525 52 473 257 216 94 122 163 94
internal_count=525 52 473 257 216 94 122 163 94
is_linear=0
shrinkage=0.0167612


Tree=90
num_leaves=8
num_cat=0
split_feature=116 97 180 73 7 85 146
split_gain=0.347238 0.362158 0.122289 0.141501 0.132068 0.132061 0.116013
threshold=1.0000000180025095e-35 0.14459930313588848 5.5000000000000009 883301.31531746045 1.0000000180025095e-35 26.500000000000004 4.5000000000000009
decision_type=10 8 8 8 2 8 8
left_child=2 -2 3 -1 6 -6 -4
right_child=1 -3 4 -5 5 -7 -8
leaf_value=0.001109295437998595 -0.00042184443194840168 -0.002068183922879632 -0.00069417926506555453 0.0001654007693642381 0.0010332891720876061 0.00010847188571102827 -1.3944152973330916e-05
leaf_weight=53 25 27 59 48 41 59 213
leaf_count=53 25 27 59 48 41 59 213
internal_value=0 -0.000986093 0.000144312 0.000590173 6.90386e-06 0.000450882 -0.000172854
internal_weight=525 52 473 101 372 100 272
internal_count=525 52 473 101 372 100 272
is_linear=0
shrinkage=0.0167612


Tree=91
num_leaves=8
num_cat=0
split_feature=69 141 47 113 171 11 187
split_gain=0.339192 0.351037 0.226378 0.0924712 0.0834065 0.0707129 0.0464052
threshold=1.0000000180025095e-35 1.0000000180025095e-35 682831.17631785513 3.5000000000000004 1.0000000180025095e-35 1.0000000180025095e-35 617066.83333333349
decision_type=8 10 8 8 8 2 8
left_child=1 -1 4 -4 6 -5 -2
right_child=2 -3 3 5 -6 -7 -8
leaf_value=-0.00037536414314436793 0.00054128196359570834 -0.0019653699923060427 -0.00069285094212959174 0.00025908552476816419 0.0012548692304967196 -0.00020669688523043838 0.00016387344576319112
leaf_weight=28 94 30 24 136 33 155 25
leaf_count=28 94 30 24 136 33 155 25
internal_value=0 -0.000937691 0.000150454 -6.37153e-05 0.000636907 -3.84537e-06 0.000407288
internal_weight=525 58 467 315 152 291 119
internal_count=525 58 467 315 152 291 119
is_linear=0
shrinkage=0.0167612


Tree=92
num_leaves=8
num_cat=0
split_feature=110 69 99 13 74 182 101
split_gain=0.287178 0.71791 0.121063 0.38174 0.122499 0.0446598 0.0187339
threshold=8.5000000000000018 1.0000000180025095e-35 -0.84484721205659741 187877.44817073175 1.0000000180025095e-35 179.50000000000003 56131.653350674147
decision_type=10 10 8 2 8 10 8
left_child=2 -2 -1 -4 -5 6 -3
right_child=1 5 3 4 -6 -7 -8
leaf_value=0.0008841938119879025 -0.0021540077650033891 -4.6458827447308908e-05 0.0012893000874208997 0.00020159220551715359 -0.00035401413065268273 0.00041935035753184422 -0.00034473499876498876
leaf_weight=32 32 25 31 178 178 24 25
leaf_count=32 32 25 31 178 178 24 25
internal_value=0 -0.00066715 0.000192191 9.29749e-05 -4.72857e-05 -8.28835e-05 -0.000108601
internal_weight=525 106 419 387 356 74 50
internal_count=525 106 419 387 356 74 50
is_linear=0
shrinkage=0.0167612


Tree=93
num_leaves=7
num_cat=0
split_feature=116 101 99 11 13 184
split_gain=0.324222 0.312344 0.178362 0.141291 0.324528 0.0488796
threshold=1.0000000180025095e-35 27780.940975162797 -0.72950481553142954 1.0000000180025095e-35 510944.7410714287 678459.4176920068
decision_type=10 10 8 2 2 8
left_child=2 -2 -1 4 -4 -5
right_child=1 -3 3 5 -6 -7
leaf_value=0.00080864108789669581 -0.0020201216335429162 -0.00038131792860433318 0.00096609570029076552 8.6633737949732827e-06 -0.00013878630263107746 -0.00040567047661475278
leaf_weight=61 24 28 91 29 114 178
leaf_count=61 24 28 91 29 114 178
internal_value=0 -0.000952564 0.000139792 6.06653e-06 0.000302274 -0.000268014
internal_weight=525 52 473 412 205 207
internal_count=525 52 473 412 205 207
is_linear=0
shrinkage=0.0167612


Tree=94
num_leaves=9
num_cat=0
split_feature=11 77 184 13 143 74 160 98
split_gain=0.477108 0.407449 0.13482 0.3522 0.444964 0.218142 0.0637513 0.0466551
threshold=-1.0000000180025095e-35 1.0000000180025095e-35 1073125.1064814818 468254.25315579714 1.0000000180025095e-35 1.0000000180025095e-35 23.500000000000004 0.89295929933666252
decision_type=2 8 10 2 10 8 10 8
left_child=2 -2 3 4 -1 -5 7 -3
right_child=1 6 -4 5 -6 -7 -8 -9
leaf_value=0.000654548991833702 -0.0016168029167295938 -4.040265042512533e-05 -7.6530404211588558e-05 0.00051828730396397647 0.0024987972353752428 -0.00060321250269628379 0.00022485399785884876 -0.00043394743960418895
leaf_weight=80 41 27 33 74 31 48 31 160
leaf_count=80 41 27 33 74 31 48 31 160
internal_value=0 -0.000475885 0.000469638 0.000651483 0.00125523 8.65487e-05 -0.00018869 -0.000305084
internal_weight=525 259 266 233 111 122 218 187
internal_count=525 259 266 233 111 122 218 187
is_linear=0
shrinkage=0.0167612


Tree=95
num_leaves=11
num_cat=0
split_feature=10 138 41 13 143 21 186 146 45 214
split_gain=0.250407 0.376431 0.216825 0.203647 0.375839 0.117721 0.0600845 0.0584792 0.0420077 0.0676498
threshold=-0.24999999999999994 1.0000000180025095e-35 1.0000000180025095e-35 670718.75000000012 1.0000000180025095e-35 2.1770463893116712 1.0000000180025095e-35 40.500000000000007 790509.35000000021 1.7750000000000001
decision_type=2 10 10 2 10 8 8 8 10 10
left_child=3 5 -3 4 6 -2 -1 -7 9 -5
right_child=1 2 -4 8 -6 7 -8 -9 -10 -11
leaf_value=0.00070237902311180993 0.0005879676361604016 -0.0020101102645978973 -0.00049149797974901805 -0.0001884863466339806 0.002059287217252459 -0.00041868939090883181 8.772678067401505e-05 2.0216217341513646e-05 -0.00041064135302904708 0.00051929995351439871
leaf_weight=34 43 34 37 26 25 96 62 106 32 30
leaf_count=34 43 34 37 26 25 96 62 106 32 30
internal_value=0 -0.00027923 -0.00115895 0.000416761 0.000846947 -1.9792e-05 0.000378733 -0.000143808 8.59087e-06 7.3759e-05
internal_weight=525 316 71 209 121 245 96 202 88 56
internal_count=525 316 71 209 121 245 96 202 88 56
is_linear=0
shrinkage=0.0167612


Tree=96
num_leaves=9
num_cat=0
split_feature=10 13 55 205 80 57 90 76
split_gain=0.29895 0.35906 0.425962 0.314125 0.227748 0.104723 0.0779239 0.0620261
threshold=0.25000000000000011 425259.87508586288 1.0000000180025095e-35 11.087500000000002 3.5000000000000004 1199650.5427092526 1.0000000180025095e-35 1.0000000180025095e-35
decision_type=2 2 8 8 8 8 10 8
left_child=3 7 -3 -1 -5 -6 -4 -2
right_child=1 2 6 4 5 -7 -8 -9
leaf_value=0.0012345338153596269 -9.3399278459368172e-05 -0.0023172523149338309 -0.00080935651603806222 0.00078687068323144815 9.4432964615788037e-05 -0.00048976616608840766 -0.00019508611570544115 0.00049762751695493789
leaf_weight=32 40 31 73 46 86 147 39 44
leaf_count=32 40 31 73 46 86 147 39 44
internal_value=-0.000137368 -0.000574168 -0.00107171 0.000161585 1.01451e-05 -0.000215576 -0.000602156 4.44616e-05
internal_weight=538 227 143 311 279 233 112 84
internal_count=538 227 143 311 279 233 112 84
is_linear=0
shrinkage=0.0167612


Tree=97
num_leaves=9
num_cat=0
split_feature=3 151 137 99 115 75 123 214
split_gain=0.36458 0.177592 0.146145 0.187009 0.128829 0.0984742 0.054147 0.0189448
threshold=1.5000000000000002 1.0000000180025095e-35 1.0000000180025095e-35 -0.4563263266018352 12.500000000000002 275182.75641025644 55.500000000000007 1.2900000000000003
decision_type=2 10 10 8 10 10 8 10
left_child=1 -1 4 5 7 -4 -5 -2
right_child=2 -3 3 6 -6 -7 -8 -9
leaf_value=-0.00049523748115219018 -0.00013619127791869617 -0.0019888521260418368 0.0015842331598875841 -0.00022725137835303508 -0.00085107389681469915 0.00042309643699680683 0.00026709801081336351 0.00015099245189325613
leaf_weight=30 160 27 28 82 47 34 90 40
leaf_count=30 160 27 28 82 47 34 90 40
internal_value=-0.000133986 -0.00111659 -2.65621e-06 0.000296943 -0.000245396 0.000936516 2.91049e-05 -4.41376e-05
internal_weight=538 57 481 234 247 62 172 200
internal_count=538 57 481 234 247 62 172 200
is_linear=0
shrinkage=0.0167612


Tree=98
num_leaves=10
num_cat=0
split_feature=110 53 214 141 177 214 10 126 119
split_gain=0.411205 0.533156 0.218398 0.0949448 0.116031 0.097529 0.0907914 0.055633 0.0100423
threshold=6.5000000000000009 155990.65492148165 3.5000000000000004 1.0000000180025095e-35 1.0000000180025095e-35 2.9600000000000004 1.0000000180025095e-35 -0.010089720269117369 368415.46029411763
decision_type=10 8 10 8 8 8 2 10 10
left_child=2 7 3 4 -1 -5 -4 -2 -3
right_child=1 8 6 5 -6 -7 -8 -9 -10
leaf_value=0.00064073538699357415 -0.00043915996567588241 -0.0026684446971259519 0.0012609328595191197 -0.00089887343528894216 -8.3802910657624282e-05 -0.00011030666783374075 0.00033477351734937489 0.00026274732033375764 -0.0015169031305191838
leaf_weight=73 24 25 45 30 64 189 25 36 27
leaf_count=73 24 25 45 30 64 189 25 36 27
internal_value=-0.000132112 -0.000918879 7.94292e-05 -5.30919e-05 0.000217907 -0.000277866 0.000782558 -0.000218252 -0.00196017
internal_weight=538 112 426 356 137 219 70 60 52
internal_count=538 112 426 356 137 219 70 60 52
is_linear=0
shrinkage=0.0167612


Tree=99
num_leaves=10
num_cat=0
split_feature=3 138 57 133 83 111 137 158 171
split_gain=0.268396 0.247611 0.188216 0.144412 0.0902559 0.0984387 0.0412278 0.0206556 0.0155595
threshold=3.5000000000000004 1.0000000180025095e-35 1136830.371874701 1280349.2013888892 1.3617614887936802 900.00000000000011 1.0000000180025095e-35 1.0000000180025095e-35 1.0000000180025095e-35
decision_type=2 10 8 8 8 8 8 8 8
left_child=1 7 3 8 -4 -6 -5 -1 -2
right_child=2 -3 4 6 5 -7 -8 -9 -10
leaf_value=-0.00013249058130018171 -3.9051321548205748e-05 -0.0016227405696796692 -0.00079911653779307027 0.00042481713612886835 0.00037245794064169206 -0.00028949465970978317 0.001322161750513856 -0.00039049778039195989 0.00027122867189997548
leaf_weight=27 65 33 27 26 58 135 49 89 29
leaf_count=27 65 33 27 26 58 135 49 89 29
internal_value=-0.000130553 -0.000676411 7.24951e-05 0.000476021 -0.000192227 -4.32099e-05 0.000962379 -0.000323884 7.89516e-05
internal_weight=538 149 389 169 220 193 75 116 94
internal_count=538 149 389 169 220 193 75 116 94
is_linear=0
shrinkage=0.0167612


Tree=100
num_leaves=10
num_cat=0
split_feature=110 103 199 83 119 207 210 57 4
split_gain=0.367089 0.377056 0.193533 0.168287 0.138221 0.142201 0.0887771 0.0407173 0.0225592
threshold=5.5000000000000009 256288.6974724404 -8.3580425999999992 0.9999999999809851 289388.25925925933 62599.472031285055 1.0645161290322582 652533.33333333337 91.500000000000014
decision_type=10 8 10 10 10 10 10 8 2
left_child=2 3 7 -2 6 -6 -4 -1 -9
right_child=1 -3 4 -5 5 -7 -8 8 -10
leaf_value=3.8046263053728859e-05 -0.0008025209987352845 -0.0018302731365739502 0.0014755432037180428 0.00030012860615649851 -0.00039449132432539804 0.00046802186414043759 0.000382932896855642 -0.00050409940796884104 -6.8722381274144334e-05
leaf_weight=26 32 45 39 42 48 90 31 108 77
leaf_count=26 32 45 39 42 48 90 31 108 77
internal_value=-0.000129002 -0.00085018 7.78707e-05 -0.000227576 0.000434253 0.000123246 0.00096002 -0.000218898 -0.000345502
internal_weight=538 119 419 74 208 138 70 211 185
internal_count=538 119 419 74 208 138 70 211 185
is_linear=0
shrinkage=0.0167612


Tree=101
num_leaves=9
num_cat=0
split_feature=110 184 3 214 214 99 151 157
split_gain=0.356941 0.433846 0.177353 0.178516 0.237869 0.12099 0.0419842 0.00339477
threshold=13.500000000000002 1257305.6482046791 2.5000000000000004 2.9600000000000004 2.5350000000000006 -0.52500550581349137 1.0000000180025095e-35 2.6252986857825573
decision_type=10 8 2 10 8 8 10 8
left_child=2 7 6 4 -4 -5 -1 -2
right_child=1 -3 3 5 -6 -7 -8 -9
leaf_value=-0.00025391716919865757 -0.00013594756345955837 -0.0022704373923409637 0.00072969785760368085 0.0013111286161531003 -0.00028333051040017507 0.00031709259739140755 -0.0010320119842741839 -0.00026004995308049537
leaf_weight=51 24 25 51 37 209 87 27 27
leaf_count=51 24 25 51 37 209 87 27 27
internal_value=-0.000127084 -0.000999324 2.65322e-05 0.000192733 -4.09466e-06 0.000660284 -0.000545349 -0.000310514
internal_weight=538 76 462 384 260 124 78 51
internal_count=538 76 462 384 260 124 78 51
is_linear=0
shrinkage=0.0167612


Tree=102
num_leaves=10
num_cat=0
split_feature=98 6 76 5 3 61 45 141 165
split_gain=0.302136 0.305333 0.345508 0.215014 0.0466082 0.0336209 0.145508 0.0290483 0.00235348
threshold=0.87907250212371257 1.0000000180025095e-35 1.0000000180025095e-35 2.5000000000000004 3.5000000000000004 5.5000000000000009 670718.75000000012 1.0000000180025095e-35 30.500000000000004
decision_type=8 2 8 2 2 8 10 8 10
left_child=3 2 -2 -1 -4 6 -3 -7 -5
right_child=1 5 4 8 -6 7 -8 -9 -10
leaf_value=0.00013160590357992025 -0.0021170035356536483 0.00055395878111127376 -0.00062321901942798575 0.0016092483142945498 -0.00020882701603070123 -0.00049045124119816619 -0.00029398731367774632 -3.6523073225684179e-05 0.00075767652782299244
leaf_weight=42 29 78 60 33 25 44 62 141 24
leaf_count=42 29 78 60 33 25 44 62 141 24
internal_value=-0.000125409 -0.00032126 -0.000978135 0.000561804 -0.000488149 -5.28115e-05 0.000102496 -0.000192169 0.00119209
internal_weight=538 439 114 99 85 325 140 185 57
internal_count=538 439 114 99 85 325 140 185 57
is_linear=0
shrinkage=0.0167612


Tree=103
num_leaves=10
num_cat=0
split_feature=10 56 75 61 11 99 97 19 55
split_gain=0.265346 0.362242 0.238426 0.201591 0.0751506 0.0405417 0.0233191 0.0141809 0.00542932
threshold=0.25000000000000011 1.0000000180025095e-35 291870.00000000006 3.5000000000000004 0.25000000000000017 -0.2405777017832462 0.084039548022598873 1.0000000180025095e-35 1.0000000180025095e-35
decision_type=2 8 8 8 2 8 8 10 10
left_child=2 -2 8 -4 6 -5 -3 -6 -1
right_child=1 4 3 5 7 -7 -8 -9 -10
leaf_value=0.00061102184981180003 -0.001593412794685725 -0.00013747376650063571 0.00074544950759200047 2.257370915625465e-05 -0.00022873733575361525 -0.00034746943200613235 0.00022359349058221636 -0.00081337426863987994 0.001453587360361584
leaf_weight=24 42 30 41 30 48 190 73 34 26
leaf_count=24 42 30 41 30 48 190 73 34 26
internal_value=-0.000124507 -0.00053673 0.000156129 6.66293e-06 -0.000216665 -0.000226506 6.28927e-06 -0.000513663 0.000968475
internal_weight=538 227 311 261 185 220 103 82 50
internal_count=538 227 311 261 185 220 103 82 50
is_linear=0
shrinkage=0.0167612


Tree=104
num_leaves=10
num_cat=0
split_feature=70 3 141 13 12 80 120 45 124
split_gain=0.212877 0.228962 0.171079 0.175541 0.119261 0.0885729 0.0873292 0.0797654 0.024635
threshold=772496.15404040425 5.5000000000000009 1.0000000180025095e-35 982749.38613315707 1.0000000180025095e-35 5.5000000000000009 1.0000000180025095e-35 615580.28972125438 220.50000000000003
decision_type=8 2 10 2 2 8 10 10 8
left_child=1 -1 3 5 -4 -2 -6 -3 -5
right_child=2 7 4 8 6 -7 -8 -9 -10
leaf_value=-0.0001978625559376302 0.00056731237113289183 0.0012275547861964871 -0.0003493715480560385 -0.0011093758825611983 -0.0018938047962017662 7.1127866319425395e-06 -0.00066584191573463821 0.00030796506680991898 -0.00030512787795005774
leaf_weight=37 62 70 25 32 26 194 27 40 26
leaf_count=37 62 70 25 32 26 194 27 40 26
internal_value=-1.76023e-05 0.000451008 -0.000227989 -4.23774e-05 -0.000816682 0.000120944 -0.00127519 0.000867921 -0.000696263
internal_weight=539 147 392 314 78 256 53 110 58
internal_count=539 147 392 314 78 256 53 110 58
is_linear=0
shrinkage=0.0167612


Tree=105
num_leaves=11
num_cat=0
split_feature=13 34 65 12 10 163 157 7 180 162
split_gain=0.261381 0.254621 0.222177 0.20999 0.129888 0.0973531 0.0845712 0.0912123 0.0719296 0.0604844
threshold=643622.38376068382 4.5000000000000009 1.0000000180025095e-35 1.0000000180025095e-35 0.25000000000000011 14.500000000000002 3.507352941176471 1.0000000180025095e-35 20.000000000000004 913544.9421092798
decision_type=2 8 10 2 2 10 8 2 10 8
left_child=1 -1 6 9 5 -3 -2 -8 -6 -4
right_child=2 4 3 -5 8 -7 7 -9 -10 -11
leaf_value=0.0012421708199593842 0.00037040385973735422 0.00011186170205656821 -0.00016278111040742734 -0.0018576822051758575 -4.3077569547481498e-05 0.00092670223242454029 -0.00067837904816653034 3.5405901395117738e-05 -0.00078881436593408434 -0.0007762540061863548
leaf_weight=33 55 111 38 29 91 42 57 26 25 32
leaf_count=33 55 111 38 29 91 42 57 26 25 32
internal_value=-1.78541e-05 0.000274513 -0.000418793 -0.000960713 8.9169e-05 0.000388282 -4.9955e-05 -0.000301582 -0.000252812 -0.000493733
internal_weight=539 302 237 99 269 153 138 83 116 70
internal_count=539 302 237 99 269 153 138 83 116 70
is_linear=0
shrinkage=0.0167612


Tree=106
num_leaves=9
num_cat=0
split_feature=6 146 133 177 101 152 12 160
split_gain=0.247999 0.353931 0.388653 0.219455 0.534028 0.0868187 0.171818 0.00722927
threshold=1.0000000180025095e-35 4.5000000000000009 1217893.5340879525 3.5000000000000004 258512.66703877089 1.0000000180025095e-35 1.0000000180025095e-35 88.500000000000014
decision_type=2 10 8 8 8 10 2 8
left_child=3 5 7 4 -1 6 -2 -3
right_child=1 2 -4 -5 -6 -7 -8 -9
leaf_value=-0.00034025205911524317 -0.00037330575918047347 0.00015994521441659647 0.001538783329581082 -0.00014148845755018903 -0.0024426229152639 -0.00074974546392969589 0.0004635938935724684 -3.5709897100480381e-05
leaf_weight=45 139 59 70 59 27 33 73 34
leaf_count=45 139 59 70 59 27 33 73 34
internal_value=-1.68097e-05 0.000163099 0.000726275 -0.000588121 -0.00115945 -0.000178992 -4.08326e-05 0.000121537
internal_weight=539 408 163 131 72 245 212 93
internal_count=539 408 163 131 72 245 212 93
is_linear=0
shrinkage=0.0167612


Tree=107
num_leaves=10
num_cat=1
split_feature=1 208 5 141 13 10 67 85 182
split_gain=0.20475 0.247913 0.173268 0.08081 0.147155 0.0424474 0.0271108 0.0212139 0.00202619
threshold=0 14.500000000000002 1.5000000000000002 1.0000000180025095e-35 674353.63636363647 0.25000000000000011 0.041241496598639411 53.500000000000007 166.00000000000003
decision_type=1 10 2 10 2 2 8 8 8
left_child=1 5 7 4 -4 -1 -5 8 -2
right_child=2 -3 3 6 -6 -7 -8 -9 -10
leaf_value=0.00018066530146959426 -0.00012044053523318509 -0.0013183548146922235 0.00084119841723818674 4.1995879194352521e-05 6.9094385815156095e-05 -0.00040396113034594106 -0.00035128009446264868 -0.00055892135189077648 -3.6242176536310672e-05
leaf_weight=48 28 49 136 32 116 24 25 57 24
leaf_count=48 28 49 136 32 116 24 25 57 24
internal_value=-1.62978e-05 -0.000533554 0.000139802 0.00035639 0.000497918 -0.000109961 1.94304e-05 -0.000313086 -8.27797e-05
internal_weight=539 121 418 309 252 72 57 109 52
internal_count=539 121 418 309 252 72 57 109 52
cat_boundaries=0 1
cat_threshold=97
is_linear=0
shrinkage=0.0167612


Tree=108
num_leaves=9
num_cat=0
split_feature=13 3 106 162 112 94 75 83
split_gain=0.375715 0.271025 0.210324 0.170192 0.0994149 0.0926776 0.0751807 0.0673791
threshold=457860.51196581201 3.5000000000000004 1.0000000180025095e-35 670718.75000000012 46.000000000000007 3.5000000000000004 671688.98345259402 1.2695306610945496
decision_type=2 2 10 10 8 10 10 8
left_child=2 3 5 -2 -3 7 -6 -1
right_child=1 4 -4 -5 6 -7 -8 -9
leaf_value=0.00092638775917163786 -0.0017997301783466628 -0.00072254881444687663 0.0013849958784351343 -0.00043521843384842265 0.00014311042652251609 -0.00023148802387157886 -0.00049814615408865176 0.00019130739380274049
leaf_weight=33 42 26 30 30 195 33 29 121
leaf_count=33 42 26 30 30 195 33 29 121
internal_value=-1.67101e-05 -0.000375541 0.000464819 -0.00113378 -0.000111956 0.000248124 -8.62219e-06 0.000418954
internal_weight=539 322 217 72 250 187 224 154
internal_count=539 322 217 72 250 187 224 154
is_linear=0
shrinkage=0.0167612


Tree=109
num_leaves=9
num_cat=0
split_feature=3 209 101 99 124 15 216 12
split_gain=0.462534 0.288734 0.25425 0.143057 0.0618827 0.0613222 0.0500849 0.0412023
threshold=5.5000000000000009 1.0000000180025095e-35 210074.75487621289 0.94983609965449245 97.500000000000014 1.0000000180025095e-35 0.081720430107526859 1.0000000180025095e-35
decision_type=2 8 10 8 8 2 8 2
left_child=1 -1 3 -2 -3 -5 -4 -6
right_child=2 4 6 5 7 -7 -8 -9
leaf_value=-0.001499586348823059 0.0010255592922543176 -0.00074361540962062582 -0.00091361839900743304 1.9044544077600087e-05 -0.00025802468622309471 0.00048875709360378871 -0.00017088208362240676 0.00018515906985897462
leaf_weight=47 108 25 24 77 94 85 25 54
leaf_count=47 108 25 24 77 94 85 25 54
internal_value=-1.65129e-05 -0.000576881 0.000353643 0.000584535 -0.000269581 0.000250703 -0.000399449 -5.83055e-05
internal_weight=539 220 319 270 173 162 49 148
internal_count=539 220 319 270 173 162 49 148
is_linear=0
shrinkage=0.0167612


Tree=110
num_leaves=8
num_cat=0
split_feature=5 144 57 13 94 214 15
split_gain=0.335945 0.226318 0.189899 0.186658 0.226704 0.0114144 0.032604
threshold=1.5000000000000002 1.0000000180025095e-35 1199650.5427092526 232909.00000000003 1.5000000000000002 3.1750000000000003 1.0000000180025095e-35
decision_type=2 8 10 2 10 8 2
left_child=1 -1 3 -2 -5 -3 -7
right_child=2 5 -4 4 -6 6 -8
leaf_value=-0.0016215675263613935 0.001172364321428218 -0.00011180556405345592 -0.00056984230472540733 -0.00029222299973475274 0.00049860070513025288 -0.00061228772533132429 -0.00016854175770058727
leaf_weight=29 35 37 34 118 217 44 25
leaf_count=29 35 37 34 118 217 44 25
internal_value=-1.72668e-05 -0.000669716 0.000199253 0.000336468 0.000192042 -0.000333137 -0.000393979
internal_weight=539 135 404 370 335 106 69
internal_count=539 135 404 370 335 106 69
is_linear=0
shrinkage=0.0167612


Tree=111
num_leaves=10
num_cat=0
split_feature=3 190 130 64 12 83 216 151 12
split_gain=0.441116 0.20398 0.188987 0.1288 0.0786247 0.0599318 0.0389912 0.0298196 0.0172796
threshold=5.5000000000000009 4.5000000000000009 1.0000000180025095e-35 300617.61904761911 1.0000000180025095e-35 0.9999999999809851 0.29623655913978492 1.0000000180025095e-35 1.0000000180025095e-35
decision_type=2 8 10 8 2 10 8 8 2
left_child=1 2 -1 -2 5 -5 -6 -3 -9
right_child=3 7 -4 4 6 -7 -8 8 -10
leaf_value=-0.001959507240602652 0.00092524261623489889 8.3527774749142121e-05 -0.00059002505713746413 -0.00026668401782190709 0.0001926329178838694 0.00027150136952618629 0.00070469921289135682 -0.00040718218619325105 -9.9990163645384363e-05
leaf_weight=33 61 25 53 105 28 55 70 76 33
leaf_count=33 61 25 53 105 28 55 70 76 33
internal_value=-1.76728e-05 -0.000565177 -0.00114673 0.000343391 0.000168528 -4.95722e-06 0.000481213 -0.000176072 -0.000276533
internal_weight=539 220 86 319 258 160 98 134 109
internal_count=539 220 86 319 258 160 98 134 109
is_linear=0
shrinkage=0.0167612


Tree=112
num_leaves=11
num_cat=0
split_feature=10 158 196 5 212 55 141 69 15 75
split_gain=0.29325 0.29573 0.331157 0.260856 0.133263 0.111908 0.0789218 0.0584394 0.048404 0.0248304
threshold=-0.24999999999999994 1.0000000180025095e-35 1.0526315789473688 1.5000000000000002 0.99999999996935396 1.0000000180025095e-35 1.0000000180025095e-35 1.0000000180025095e-35 1.0000000180025095e-35 534555.42857142875
decision_type=2 10 10 2 8 10 10 10 2 8
left_child=1 -1 5 4 -2 -3 9 -6 -8 -5
right_child=3 2 -4 6 7 -7 8 -9 -10 -11
leaf_value=-7.1371756462701485e-05 -0.00036221283520525911 0.0023195507130614043 0.00029855962409561801 0.00051602214618817277 -0.0016666054837618949 0.00098444410193066607 -0.00016902127764513536 -0.00075566242059476284 -0.00076970699063965645 3.6275539319467972e-05
leaf_weight=107 27 34 41 36 46 31 25 61 31 93
leaf_count=107 27 34 41 36 46 31 25 61 31 93
internal_value=-5.35211e-05 0.000372261 0.000953486 -0.000371587 -0.000885458 0.00163312 -3.40967e-05 -0.00118566 -0.0003951 0.000216774
internal_weight=532 213 106 319 134 65 185 107 56 129
internal_count=532 213 106 319 134 65 185 107 56 129
is_linear=0
shrinkage=0.0167612


Tree=113
num_leaves=11
num_cat=0
split_feature=10 25 13 146 110 73 12 21 178 101
split_gain=0.357865 0.227573 0.163742 0.399129 0.159966 0.13523 0.055883 0.0264902 0.0220463 0.0165515
threshold=0.25000000000000011 1.0000000180025095e-35 480000.38461538468 9.5000000000000018 15.500000000000002 1328958.0736185384 1.0000000180025095e-35 1.6077251325515152 66.500000000000014 194106.94544614159
decision_type=2 10 2 8 8 8 2 8 8 8
left_child=1 4 8 -4 5 -1 -6 -5 9 -2
right_child=2 -3 3 7 6 -7 -8 -9 -10 -11
leaf_value=0.00085075020078881282 0.00033446016817904688 0.001279177644261669 -0.0022051962479866091 -0.00018620455515015732 -0.00049331146328496439 0.00011753296483559907 -3.6116680547534136e-05 -0.00053147518490107958 -0.00025768017679974866 3.5626031272955099e-05
leaf_weight=93 24 24 25 27 81 57 56 64 55 26
leaf_count=93 24 24 25 27 81 57 56 64 55 26
internal_value=-5.27432e-05 0.000276432 -0.00054205 -0.000959953 0.000127835 0.00047597 -0.000210962 -0.000455192 -9.00945e-05 8.51846e-05
internal_weight=532 311 221 116 287 150 137 91 105 50
internal_count=532 311 221 116 287 150 137 91 105 50
is_linear=0
shrinkage=0.0167612


Tree=114
num_leaves=9
num_cat=0
split_feature=6 124 3 99 46 124 214 120
split_gain=0.310948 0.180721 0.267089 0.117356 0.197896 0.176788 0.150427 0.0372067
threshold=1.0000000180025095e-35 220.50000000000003 6.5000000000000009 -0.47979284258562838 1.0000000180025095e-35 72.500000000000014 2.9600000000000004 1.0000000180025095e-35
decision_type=2 8 2 8 10 10 10 10
left_child=1 -1 -3 6 7 -6 -2 -5
right_child=3 2 -4 4 5 -7 -8 -9
leaf_value=-0.00021380099771164021 0.00024324570125732945 -0.0017610308161129984 -0.00051523762363165249 -6.8252316089800232e-05 0.0011351794501938644 0.000162114846420237 0.0011449098127821768 -0.00052567424810138065
leaf_weight=43 24 57 24 167 53 45 51 68
leaf_count=43 24 57 24 167 53 45 51 68
internal_value=-5.19603e-05 -0.000705677 -0.00117684 0.000146135 7.76631e-06 0.000552428 0.000642018 -0.000229703
internal_weight=532 124 81 408 333 98 75 235
internal_count=532 124 81 408 333 98 75 235
is_linear=0
shrinkage=0.0167612


Tree=115
num_leaves=9
num_cat=0
split_feature=13 110 111 128 100 163 16 118
split_gain=0.464083 0.535281 0.52519 0.552231 0.162424 0.0918239 0.115329 0.0358063
threshold=468254.25315579714 4.5000000000000009 900.00000000000011 1.0000000180025095e-35 1.0000000180025095e-35 194.00000000000003 1.0000000180025095e-35 1.0000000180025095e-35
decision_type=2 10 8 10 8 8 8 10
left_child=2 4 3 -1 7 -4 -7 -2
right_child=1 -3 5 -5 -6 6 -8 -9
leaf_value=0.00053277003912501585 0.00031977436688472675 -0.0018201800630364606 0.00038331174412554168 0.002655012605410457 -0.00068005919566953559 -0.00099664917843890087 -6.015753247923124e-05 -4.6047369990478428e-05
leaf_weight=55 73 38 36 33 89 24 84 100
leaf_count=55 73 38 36 33 89 24 84 100
internal_value=-5.07821e-05 -0.000475392 0.000454068 0.00134486 -0.000200813 -1.83134e-05 -0.00033052 4.95278e-05
internal_weight=532 300 232 88 262 144 108 173
internal_count=532 300 232 88 262 144 108 173
is_linear=0
shrinkage=0.0167612


Tree=116
num_leaves=10
num_cat=0
split_feature=6 216 73 207 178 38 214 199 21
split_gain=0.298483 0.170072 0.160318 0.156907 0.184884 0.0847244 0.0796099 0.0457068 0.00369852
threshold=1.0000000180025095e-35 1.0000000180025095e-35 341961.51332199556 32543.01449408579 19.500000000000004 3.2792207792207795 3.0650000000000004 -8.3580425999999992 1.129714716881238
decision_type=2 10 10 10 10 8 8 8 10
left_child=3 5 -3 4 -1 6 -2 -7 -4
right_child=1 2 8 -5 -6 7 -8 -9 -10
leaf_value=-0.00056608607028481913 7.3399364330150568e-05 0.0012181427568897414 0.0001618431761060556 -0.0002319778673439392 -0.0019177448693201776 -0.00068062099817415677 0.00071767064250127311 -0.00010241156825943246 5.2347482311373849e-05
leaf_weight=57 51 51 39 37 30 33 41 160 33
leaf_count=57 51 51 39 37 30 33 41 160 33
internal_value=-5.0492e-05 0.000143254 0.000611278 -0.000691203 -0.00110371 -3.43573e-05 0.000273681 -0.000252482 0.000144772
internal_weight=532 408 123 124 87 285 92 193 72
internal_count=532 408 123 124 87 285 92 193 72
is_linear=0
shrinkage=0.0167612


Tree=117
num_leaves=9
num_cat=1
split_feature=214 13 0 13 12 141 70 210
split_gain=0.387664 0.403726 0.366584 0.315924 0.176396 0.175137 0.128684 0.0195867
threshold=3.5350000000000006 386989.03273809532 0 187877.44817073175 1.0000000180025095e-35 1.0000000180025095e-35 1824488.8449328451 1.7000000000000002
decision_type=10 2 9 2 2 8 8 10
left_child=1 3 7 -1 -5 -4 -2 -3
right_child=6 2 5 4 -6 -7 -8 -9
leaf_value=0.001457226769630541 0.0014078904614485059 0.00029309279178523189 -0.0004981128832808058 -0.00042954941644214589 0.0006334969722717181 -0.0014554692078874911 0.00031961340724954079 2.9005379200448142e-05
leaf_weight=30 47 82 110 61 42 106 30 24
leaf_count=30 47 82 110 61 42 106 30 24
internal_value=-4.94241e-05 -0.000246106 -0.000570615 0.000400753 6.1552e-05 -0.000938402 0.000832621 6.62503e-05
internal_weight=532 455 322 133 103 216 77 106
internal_count=532 455 322 133 103 216 77 106
cat_boundaries=0 1
cat_threshold=2097484
is_linear=0
shrinkage=0.0167612


Tree=118
num_leaves=11
num_cat=0
split_feature=3 13 199 160 114 143 83 123 143 74
split_gain=0.449119 0.346018 0.583896 0.188017 0.120904 0.0834999 0.0451429 0.0337899 0.0331786 0.023043
threshold=3.5000000000000004 620458.50000000012 -8.3580425999999992 32.500000000000007 56256332.89469251 1.0000000180025095e-35 0.99624024842937287 51.500000000000007 1.0000000180025095e-35 1.0000000180025095e-35
decision_type=2 2 10 8 10 10 10 8 10 8
left_child=4 2 6 -3 9 -5 -2 -6 -4 -1
right_child=1 3 8 5 7 -7 -8 -9 -10 -11
leaf_value=-0.0018423008326836523 -3.6249279483463029e-05 0.00031611346058657092 0.0012331082779839188 -0.00031901708326015289 -9.8103657245593933e-05 -0.0011716066227378914 0.00046973724087210169 -0.00048895220855155934 0.0023195103651507611 -0.00092678732519993446
leaf_weight=25 128 44 34 92 26 38 26 36 36 47
leaf_count=25 128 44 34 92 26 38 26 36 36 47
internal_value=-4.73932e-05 0.000207387 0.000633851 -0.000259579 -0.000800015 -0.000619906 8.93449e-05 -0.000316101 0.0016851 -0.00128907
internal_weight=532 398 224 174 134 130 154 62 70 72
internal_count=532 398 224 174 134 130 154 62 70 72
is_linear=0
shrinkage=0.0167612


Tree=119
num_leaves=11
num_cat=0
split_feature=11 5 116 37 160 6 12 53 103 13
split_gain=0.230482 0.216629 0.163767 0.138694 0.365923 0.191067 0.0287565 0.0191647 0.0175195 0.0408175
threshold=1.0000000180025095e-35 2.5000000000000004 1.0000000180025095e-35 1.0000000180025095e-35 20.500000000000004 1.5000000000000002 1.0000000180025095e-35 11989.413480872377 -25364.343589743654 407216.3798844539
decision_type=2 2 8 8 10 2 2 10 10 2
left_child=3 2 7 4 5 -1 -5 -2 9 -3
right_child=1 8 -4 6 -6 -7 -8 -9 -10 -11
leaf_value=0.00041744011077294826 -0.00055040230901221671 0.00021427782792346988 -0.0015057019757968829 -0.00039207267643000878 -0.000344943317046507 0.0015654392886686344 -5.134204639744794e-05 -0.00011171798822757519 0.00024653671311545834 -0.00029019502959932531
leaf_weight=77 38 30 47 54 43 64 29 49 36 65
leaf_count=77 38 30 47 54 43 64 29 49 36 65
internal_value=-4.6236e-05 -0.00038701 -0.000829538 0.000261499 0.000530002 0.000954283 -0.000131004 -0.000404603 -3.66478e-05 -3.82614e-05
internal_weight=532 265 134 267 184 141 83 87 131 95
internal_count=532 265 134 267 184 141 83 87 131 95
is_linear=0
shrinkage=0.0167612


Tree=120
num_leaves=8
num_cat=0
split_feature=5 56 94 12 110 53 83
split_gain=0.500583 0.333417 0.130067 0.185866 0.173325 0.0677202 0.0294498
threshold=1.5000000000000002 1.0000000180025095e-35 2.5000000000000004 1.0000000180025095e-35 5.5000000000000009 219320.13275844336 1.0125328899102728
decision_type=2 8 10 2 10 8 10
left_child=1 -1 3 5 -5 -2 -3
right_child=2 6 -4 4 -6 -7 -8
leaf_value=-0.0019882148948403597 0.00030152407859344285 -0.00052008251441031128 -0.00037744433313156628 0.0011423756770961822 0.00026061318201007686 -0.00018133762680155063 -0.0001643704429452799
leaf_weight=28 131 67 29 110 25 103 29
leaf_count=28 131 67 29 110 25 103 29
internal_value=-4.04335e-06 -0.000831776 0.000258396 0.000371865 0.000819551 7.32964e-05 -0.000419405
internal_weight=522 124 398 369 135 234 96
internal_count=522 124 398 369 135 234 96
is_linear=0
shrinkage=0.0167612


Tree=121
num_leaves=9
num_cat=0
split_feature=5 138 9 74 13 164 143 65
split_gain=0.485429 0.356635 0.133021 0.0952868 0.176009 0.124113 0.0821936 0.0463054
threshold=1.5000000000000002 1.0000000180025095e-35 1.0000000180025095e-35 1.0000000180025095e-35 433391.55702811241 1.0000000180025095e-35 1.0000000180025095e-35 1.0000000180025095e-35
decision_type=2 10 2 10 2 10 10 8
left_child=1 7 3 4 -2 -5 -4 -1
right_child=2 -3 6 5 -6 -7 -8 -9
leaf_value=-0.00014835444393853232 0.0011758094037532126 -0.0020217726376572909 -0.00058531844937958978 -0.00052208405720738642 0.00027267758653414713 0.00048257282249558977 0.00011261099545307236 -0.0005605149931785261
leaf_weight=32 72 27 56 38 182 24 26 65
leaf_count=32 72 27 56 38 182 24 26 65
internal_value=-5.54511e-06 -0.000820781 0.000252615 0.000424122 0.000574221 6.51225e-05 -0.000182561 -0.000402351
internal_weight=522 124 398 316 254 62 82 97
internal_count=522 124 398 316 254 62 82 97
is_linear=0
shrinkage=0.0167612


Tree=122
num_leaves=8
num_cat=0
split_feature=5 138 119 151 9 65 205
split_gain=0.471893 0.348813 0.163318 0.278701 0.18655 0.0453574 0.0387875
threshold=1.5000000000000002 1.0000000180025095e-35 893467.06875000021 1.0000000180025095e-35 1.0000000180025095e-35 1.0000000180025095e-35 53.845849802371546
decision_type=2 10 10 8 2 8 10
left_child=1 5 3 -2 -5 -1 -4
right_child=2 -3 6 4 -6 -7 -8
leaf_value=-0.00014548473846789367 0.0013588765654994383 -0.0019971513388499533 -0.00068662638225928105 0.0004209435437988959 -0.00040438105988119233 -0.00055148082278141887 -0.00012513273317994381
leaf_weight=32 43 27 34 233 60 65 28
leaf_count=32 43 27 34 233 60 65 28
internal_value=-5.55827e-06 -0.000809534 0.000248746 0.000414545 0.000209455 -0.000394568 -0.000312592
internal_weight=522 124 398 336 293 97 62
internal_count=522 124 398 336 293 97 62
is_linear=0
shrinkage=0.0167612


Tree=123
num_leaves=9
num_cat=0
split_feature=116 114 15 119 10 65 90 139
split_gain=0.320114 0.299502 0.217885 0.202771 0.189391 0.143842 0.0858133 0.0530764
threshold=1.0000000180025095e-35 57161692.028536215 1.0000000180025095e-35 978221.85528926493 -0.5 1.0000000180025095e-35 1.0000000180025095e-35 0.80322580645161301
decision_type=10 10 2 8 2 10 8 10
left_child=2 -2 3 6 -4 -6 -1 -5
right_child=1 -3 4 7 5 -7 -8 -9
leaf_value=3.8571557340719421e-05 -0.0018663213359047907 -0.00041236756141563346 0.0013286511362457186 -0.00031061990235836342 0.00068267314819334666 -0.00020965976629709336 0.00073225079848884735 -0.0010071394502655291
leaf_weight=105 32 24 45 127 56 54 46 33
leaf_count=105 32 24 45 127 56 54 46 33
internal_value=-5.91065e-06 -0.000941877 0.000120267 -9.50087e-05 0.000592876 0.000229264 0.000255259 -0.000499158
internal_weight=522 56 466 311 155 110 151 160
internal_count=522 56 466 311 155 110 151 160
is_linear=0
shrinkage=0.0167612


Tree=124
num_leaves=10
num_cat=0
split_feature=141 3 119 80 204 12 49 144 187
split_gain=0.288557 0.288582 0.0989466 0.265579 0.124794 0.086486 0.0624434 0.0375934 0.0674993
threshold=1.0000000180025095e-35 3.5000000000000004 879774.28667027422 4.5000000000000009 18.500000000000004 1.0000000180025095e-35 446952.45684523816 1.0000000180025095e-35 460785.3075380915
decision_type=10 2 10 8 10 2 10 10 8
left_child=2 -2 3 4 -1 -5 -4 -3 -9
right_child=1 7 6 5 -6 -7 -8 8 -10
leaf_value=0.0016110443266258222 -0.0015866923309335995 0.0001264891525338597 -0.00059665144024071001 -0.00012481456821381685 0.0004111413424488475 0.00042705407955718583 -2.2638277778614407e-05 -0.00013591076856764366 -0.00078238425148178116
leaf_weight=46 37 28 46 172 29 83 26 29 26
leaf_count=46 37 28 46 172 29 83 26 29 26
internal_value=-5.33679e-06 -0.000647725 0.000185632 0.000324881 0.00104906 5.44664e-05 -0.000213819 -0.000165368 -0.000346788
internal_weight=522 120 402 330 75 255 72 83 55
internal_count=522 120 402 330 75 255 72 83 55
is_linear=0
shrinkage=0.0167612


Tree=125
num_leaves=11
num_cat=0
split_feature=3 65 205 222 41 97 9 141 118 61
split_gain=0.449716 0.276479 0.127727 0.160485 0.108433 0.0950973 0.0727993 0.0671145 0.0429092 0.0166784
threshold=3.5000000000000004 1.0000000180025095e-35 18.425925925925931 1.0000000180025095e-35 1.0000000180025095e-35 0.050641025641025607 1.0000000180025095e-35 1.0000000180025095e-35 1.0000000180025095e-35 1.5000000000000002
decision_type=2 10 10 8 10 10 2 10 10 10
left_child=1 9 3 7 -3 8 -5 -2 -4 -1
right_child=2 4 5 6 -6 -7 -8 -9 -10 -11
leaf_value=-0.00029814999509179211 0.0011275215041210076 -0.0023337734988086892 -0.00098240867687847356 0.00023851417287779162 -0.00097056918244345272 0.00013421105408584005 -0.00039896065913606638 0.00030859063522398368 -0.0002351541560632007 -1.0098842978680016e-05
leaf_weight=40 88 26 29 125 30 52 31 46 27 28
leaf_count=40 88 26 29 125 30 52 31 46 27 28
internal_value=-5.09676e-06 -0.000790294 0.000242777 0.000436211 -0.00156234 -0.000122844 6.52621e-05 0.00082691 -0.000574853 -0.000193313
internal_weight=522 124 398 290 56 108 156 134 56 68
internal_count=522 124 398 290 56 108 156 134 56 68
is_linear=0
shrinkage=0.0167612


Tree=126
num_leaves=8
num_cat=0
split_feature=116 124 15 141 126 123 175
split_gain=0.30787 0.327952 0.204915 0.257983 0.120712 0.146802 0.00396588
threshold=1.0000000180025095e-35 3.5000000000000004 1.0000000180025095e-35 1.0000000180025095e-35 -0.096745860146399215 33.500000000000007 1002019.6897461816
decision_type=10 10 2 10 10 10 8
left_child=2 -2 4 -4 6 -6 -1
right_child=1 -3 3 -5 5 -7 -8
leaf_value=-0.00014286575101665617 -0.0018809500349214069 -0.00039315023098515395 0.0010208548523041618 -6.555383704108472e-05 0.00065529873069906605 -0.00017756166573692334 -0.00046805732773371313
leaf_weight=32 32 24 111 44 76 63 140
leaf_count=32 32 24 111 44 76 63 140
internal_value=-5.12885e-06 -0.0009233 0.000118306 0.00057677 -8.96725e-05 0.000190255 -0.000387465
internal_weight=522 56 466 155 311 139 172
internal_count=522 56 466 155 311 139 172
is_linear=0
shrinkage=0.0167612


Tree=127
num_leaves=11
num_cat=0
split_feature=141 12 137 83 11 212 83 3 80 34
split_gain=0.270297 0.291199 0.221186 0.207459 0.174545 0.117215 0.0723296 0.0655856 0.0183229 0.0157686
threshold=1.0000000180025095e-35 1.0000000180025095e-35 1.0000000180025095e-35 1.0307004445184575 0.25000000000000017 1.3529161408157355 1.0307004445184575 2.5000000000000004 1.0000000180025095e-35 6.5000000000000009
decision_type=10 2 8 10 2 10 10 2 10 8
left_child=1 3 -2 7 9 -5 -4 -1 -6 -3
right_child=2 4 6 5 8 -7 -8 -9 -10 -11
leaf_value=-0.00089669521122486982 -0.0013112395600157131 0.0017790673037851249 0.00026140416158802559 0.00092419718976390021 0.00033549866008771934 0.00015578749775746909 -0.00049988927294967935 -0.0002108250156887715 -9.4952792544218291e-07 0.00087007188081558023
leaf_weight=38 54 36 38 52 29 35 28 154 27 31
leaf_count=38 54 36 38 52 29 35 28 154 27 31
internal_value=-5.42815e-06 0.000178864 -0.000627564 -6.93551e-05 0.000786463 0.000447516 -0.000138499 -0.000392231 0.000196804 0.00133253
internal_weight=522 402 120 279 123 87 66 192 56 67
internal_count=522 402 120 279 123 87 66 192 56 67
is_linear=0
shrinkage=0.0167612


Tree=128
num_leaves=9
num_cat=0
split_feature=10 2 116 194 205 13 83 128
split_gain=0.277667 0.367224 0.229424 0.147945 0.0963491 0.1096 0.0421583 0.0233915
threshold=-0.24999999999999994 2023.5000000000002 1.0000000180025095e-35 0.041241496598639411 19.136363636363644 603248.51836917584 1.2093805077093582 1.0000000180025095e-35
decision_type=2 2 10 10 10 2 10 10
left_child=1 -1 3 6 5 -3 -2 -6
right_child=2 4 -4 -5 7 -7 -8 -9
leaf_value=0.0012795921575149702 -0.00043522628894845033 0.00064658205218081418 -0.0013205604572880984 0.00047310273103277022 -0.00083065935069941957 -0.00011368815823149079 -0.00011772701597480491 -0.00020541562595193663
leaf_weight=57 232 62 30 33 26 44 33 24
leaf_count=57 232 62 30 33 26 44 33 24
internal_value=-5.43118e-05 0.00036202 -0.000357806 -0.000200008 3.87334e-05 0.000228378 -0.000343143 -0.000469184
internal_weight=541 213 328 298 156 106 265 50
internal_count=541 213 328 298 156 106 265 50
is_linear=0
shrinkage=0.0167612


Tree=129
num_leaves=7
num_cat=0
split_feature=13 53 194 5 9 90
split_gain=0.289645 0.222964 0.175608 0.140869 0.278725 0.189973
threshold=939536.7430654763 103320.35552004572 0.06749241658240647 2.5000000000000004 1.0000000180025095e-35 1.0000000180025095e-35
decision_type=2 10 10 2 2 8
left_child=1 3 -2 5 -5 -1
right_child=2 -3 -4 4 -6 -7
leaf_value=-0.00077990026007073538 -0.0013638148336883676 0.0008129571667798291 -0.00030881720415901187 0.00063252074298797347 -0.00051323549265184642 4.520592879196206e-05
leaf_weight=109 56 68 30 141 45 92
leaf_count=109 56 68 30 141 45 92
internal_value=-5.28444e-05 9.48009e-05 -0.000804496 -3.02833e-05 0.000243701 -0.000336064
internal_weight=541 455 86 387 186 201
internal_count=541 455 86 387 186 201
is_linear=0
shrinkage=0.0167612


Tree=130
num_leaves=9
num_cat=0
split_feature=10 116 50 121 83 13 140 123
split_gain=0.260606 0.223388 0.206671 0.383195 0.0746725 0.0566471 0.0543424 0.0492538
threshold=-0.24999999999999994 1.0000000180025095e-35 2.4682539682539688 115.74135015000002 1.0307004445184575 1098847.237734488 1.0000000180025095e-35 54.500000000000007
decision_type=2 10 10 10 10 2 10 8
left_child=2 4 3 -1 6 -4 -2 -6
right_child=1 -3 5 -5 7 -7 -8 -9
leaf_value=0.00012271109503886104 -0.00013691846775180087 -0.0012951140983789012 -8.8194014101267872e-05 0.0014295046899980776 2.5888423252869303e-05 -0.00072483842766308875 -0.00070668813592729722 0.00052077514249080151
leaf_weight=85 148 30 30 74 53 24 65 32
leaf_count=85 148 30 30 74 53 24 65 32
internal_value=-5.14466e-05 -0.000345913 0.000351377 0.000680771 -0.000189667 -0.000229753 -0.000350361 0.0001131
internal_weight=541 328 213 159 298 54 213 85
internal_count=541 328 213 159 298 54 213 85
is_linear=0
shrinkage=0.0167612


Tree=131
num_leaves=7
num_cat=0
split_feature=110 101 99 13 141 25
split_gain=0.181106 0.22812 0.131627 0.0731606 0.157609 0.119411
threshold=9.5000000000000018 221692.57491107748 -0.95254369358153068 350494.38031462586 1.0000000180025095e-35 1.0000000180025095e-35
decision_type=10 8 8 2 8 8
left_child=2 -2 -1 5 -5 -4
right_child=1 -3 3 4 -6 -7
leaf_value=0.00081213560298455342 -0.00014885196846318478 -0.001371520536119602 1.7693657633400337e-06 0.00020584860491815901 -0.00044012471691389621 0.00081338265615313375
leaf_weight=26 58 41 31 152 178 55
leaf_count=26 58 41 31 152 178 55
internal_value=-5.17302e-05 -0.000610765 7.20818e-05 3.09933e-06 -0.000110386 0.000361287
internal_weight=541 99 442 416 330 86
internal_count=541 99 442 416 330 86
is_linear=0
shrinkage=0.0167612


Tree=132
num_leaves=10
num_cat=0
split_feature=10 14 45 164 76 153 45 204 61
split_gain=0.251076 0.273974 0.230264 0.445307 0.158303 0.0642601 0.0336904 0.0282249 0.000424689
threshold=-0.24999999999999994 8.5000000000000018 692713.06818181823 1.0000000180025095e-35 1.0000000180025095e-35 723237.17948717962 449946.55172413803 21.500000000000004 7.0000000000000009
decision_type=2 2 10 10 10 10 10 10 8
left_child=2 4 3 8 -2 6 -3 -5 -1
right_child=1 5 -4 7 -6 -7 -8 -9 -10
leaf_value=-1.3803792527238343e-05 -0.001613803876902115 -1.6433673133717199e-05 -0.0003152549073933639 0.0020764563255022952 -0.00039338898472962439 0.00042762956856810911 -0.00043097899759607844 0.0010142967694754554 4.0678977468505136e-05
leaf_weight=25 52 160 48 41 31 25 60 24 75
leaf_count=25 52 160 48 41 31 25 60 24 75
internal_value=-5.03047e-05 -0.000339583 0.000344757 0.000672262 -0.00104586 -5.44833e-05 -0.000157114 0.00155755 0.000105863
internal_weight=541 328 213 165 83 245 220 65 100
internal_count=541 328 213 165 83 245 220 65 100
is_linear=0
shrinkage=0.0167612


Tree=133
num_leaves=11
num_cat=0
split_feature=13 110 14 6 56 124 11 210 59 175
split_gain=0.312794 0.229949 0.215524 0.112167 0.126839 0.0913496 0.0849742 0.0297219 0.016454 0.00957202
threshold=639277.77777777787 15.500000000000002 8.5000000000000018 1.5000000000000002 1.0000000180025095e-35 98.500000000000014 -0.5 1.0645161290322582 1.0000000180025095e-35 867125.82302476827
decision_type=2 8 2 2 10 10 2 10 8 8
left_child=1 3 -2 4 -1 7 -3 -4 -8 -7
right_child=2 6 5 -5 -6 9 8 -9 -10 -11
leaf_value=9.9454533026397502e-05 -0.0014222996513323714 0.00039266662237175066 -0.0006217754385142325 0.0014695910086242718 0.00096604879800797562 2.3561498699152131e-05 -0.00052117908740188454 -0.00020173618401748313 -8.6779736360504816e-05 0.00025613549001093341
leaf_weight=47 29 47 119 36 30 31 38 27 99 38
leaf_count=47 29 47 119 36 30 31 38 27 99 38
internal_value=-4.97824e-05 0.000277431 -0.000476349 0.000813153 0.000451011 -0.000279896 2.7283e-06 -0.00049316 -0.000251039 6.26404e-05
internal_weight=541 297 244 113 77 215 184 146 137 69
internal_count=541 297 244 113 77 215 184 146 137 69
is_linear=0
shrinkage=0.0167612


Tree=134
num_leaves=10
num_cat=0
split_feature=119 110 141 10 76 123 11 203 45
split_gain=0.25521 0.330353 0.121029 0.30752 0.1718 0.0749611 0.220562 0.0682205 0.0193819
threshold=670718.75000000012 4.5000000000000009 1.0000000180025095e-35 -1.0000000180025095e-35 1.0000000180025095e-35 19.500000000000004 -0.24999999999999994 26.391343283582092 393962.33617857145
decision_type=8 10 10 2 10 10 2 10 8
left_child=1 -1 5 -4 -5 6 -2 -7 -3
right_child=2 8 3 4 -6 7 -8 -9 -10
leaf_value=0.001430408516096289 0.00047744152253276906 -0.00025009367133602616 -8.3227622613899888e-06 -0.0021273019638415984 -0.00062339789507829819 -0.00019122755660453295 -0.00034619711777757526 -0.00094407850773897629 9.9922861451548126e-05
leaf_weight=47 133 33 27 32 26 30 156 32 25
leaf_count=47 133 33 27 32 26 30 156 32 25
internal_value=-4.87414e-05 0.000568547 -0.000235931 -0.000724896 -0.00138516 -8.45499e-05 4.66248e-06 -0.000498165 9.48581e-05
internal_weight=541 105 436 85 58 351 289 62 58
internal_count=541 105 436 85 58 351 289 62 58
is_linear=0
shrinkage=0.0167612


Tree=135
num_leaves=7
num_cat=0
split_feature=214 14 153 45 139 3
split_gain=0.104358 0.0809588 0.154194 0.231355 0.0757858 0.0374928
threshold=4.5450000000000008 18.000000000000004 373412.15390310023 762733.11688311701 1.0000000180025095e-35 6.5000000000000009
decision_type=10 2 10 10 10 2
left_child=1 2 3 -1 -4 -3
right_child=-2 5 4 -5 -6 -7
leaf_value=-0.00022916104264308107 0.00053873097373574185 0.00057744929778043134 0.00013526352831594847 -0.0013517761936266103 0.0007752596021382268 5.4578821430323871e-05
leaf_weight=323 36 32 25 30 38 57
leaf_count=323 36 32 25 30 38 57
internal_value=-4.72082e-05 -0.000125132 -0.000234389 -0.000384457 0.000316188 0.000221026
internal_weight=541 505 416 353 63 89
internal_count=541 505 416 353 63 89
is_linear=0
shrinkage=0.0167612


Tree=136
num_leaves=10
num_cat=0
split_feature=146 143 11 166 205 106 186 119 166
split_gain=0.216518 0.240818 0.191582 0.247331 0.0731492 0.048323 0.101279 0.0174806 0.0018906
threshold=1.5000000000000002 1.0000000180025095e-35 -1.0000000180025095e-35 485318.74867724872 26.22666666666667 1.0000000180025095e-35 1.0000000180025095e-35 520318.6486486487 758114.2857142858
decision_type=8 10 2 8 8 10 8 10 8
left_child=4 5 3 -3 -1 6 -2 -7 -4
right_child=1 2 8 -5 -6 7 -8 -9 -10
leaf_value=-0.00025372863515556545 -0.0006581240999283327 0.00052684961725553339 0.00015982703980071494 0.001819321695153952 -0.00098466669121281434 0.00051543508687624173 -1.1532365907229032e-05 0.00012628003476125295 5.8042498988282542e-05
leaf_weight=25 49 25 25 55 53 36 205 24 35
leaf_count=25 49 25 25 55 53 36 205 24 35
internal_value=5.58861e-05 0.000207176 0.000727576 0.00123155 -0.000593109 -6.23789e-06 -0.000138021 0.000288433 0.000172814
internal_weight=532 454 140 80 78 314 254 60 60
internal_count=532 454 140 80 78 314 254 60 60
is_linear=0
shrinkage=0.0167612


Tree=137
num_leaves=10
num_cat=0
split_feature=13 104 121 70 190 143 151 7 99
split_gain=0.615286 0.361948 0.496125 0.203353 0.0921897 0.0805691 0.0783724 0.0913125 0.0227353
threshold=457860.51196581201 630.00000000000011 116.04047185 1207924.8610389612 1.5000000000000002 1.0000000180025095e-35 1.0000000180025095e-35 1.0000000180025095e-35 -0.4563263266018352
decision_type=2 10 10 8 10 10 10 2 10
left_child=1 4 -3 5 -1 8 7 -5 -2
right_child=3 2 -4 6 -6 -7 -8 -9 -10
leaf_value=0.00040997774721259633 -6.1357419492964524e-05 0.00055619148525369133 0.0025884368653032838 -0.00069003766075111908 -0.00029432804354619844 0.00051765253740396742 -0.0011805866930885561 -0.00011461790438808749 -0.00039371539771496138
leaf_weight=94 24 48 39 97 35 50 58 54 33
leaf_count=94 24 48 39 97 35 50 58 54 33
internal_value=5.43832e-05 0.000703679 0.0014562 -0.000374753 0.000187987 5.63576e-05 -0.000686422 -0.000445767 -0.000140145
internal_weight=532 216 87 316 129 107 209 151 57
internal_count=532 216 87 316 129 107 209 151 57
is_linear=0
shrinkage=0.0167612


Tree=138
num_leaves=10
num_cat=0
split_feature=5 119 114 133 128 87 140 163 83
split_gain=0.124128 0.200109 0.148311 0.131807 0.177789 0.0866371 0.0841574 0.0702678 0.0409105
threshold=1.5000000000000002 1029411.6643269431 59682889.237278871 231590.7048896632 1.0000000180025095e-35 1380.0000000000002 1.0000000180025095e-35 68.500000000000014 1.1308847049521396
decision_type=2 8 8 10 8 8 10 8 10
left_child=2 3 6 4 -2 -3 -1 -7 -5
right_child=1 5 -4 8 -6 7 -8 -9 -10
leaf_value=-0.0013282832669745507 0.00046436070018079115 0.00048061389166159272 5.6422075579962376e-05 3.1925165963813056e-05 0.0018685191946214961 -0.00059429476356110246 -0.00032345855134888619 -1.6356155827176047e-05 0.00051744326159215356
leaf_weight=32 29 35 55 49 35 51 45 176 25
leaf_count=32 29 35 55 49 35 51 45 176 25
internal_value=5.35734e-05 0.000208403 -0.00031849 0.000675209 0.00118486 -1.06843e-05 -0.00077138 -0.000170374 0.000220143
internal_weight=532 400 132 138 64 262 77 227 74
internal_count=532 400 132 138 64 262 77 227 74
is_linear=0
shrinkage=0.0167612


Tree=139
num_leaves=6
num_cat=0
split_feature=13 104 13 6 77
split_gain=0.402361 0.23047 0.193488 0.225381 0.00645244
threshold=199409.10576923081 630.00000000000011 348365.14087301592 1.0000000180025095e-35 1.0000000180025095e-35
decision_type=2 10 2 2 10
left_child=-1 4 -3 -4 -2
right_child=1 2 3 -5 -6
leaf_value=0.0012616165520998432 -0.00038404190694502196 0.0010316912350013105 -0.00066393601648345106 0.00027982128349496825 -0.00083729678026953612
leaf_weight=35 150 32 60 219 36
leaf_count=35 150 32 60 219 36
internal_value=5.28475e-05 -5.60413e-05 0.000185198 2.67567e-05 -0.000497319
internal_weight=532 497 311 279 186
internal_count=532 497 311 279 186
is_linear=0
shrinkage=0.0167612


Tree=140
num_leaves=11
num_cat=1
split_feature=0 203 6 141 196 104 47 171 145 46
split_gain=0.219821 0.173873 0.11801 0.0967611 0.0949372 0.0793339 0.0405107 0.0274682 0.016816 0.014436
threshold=0 18.135802469135808 1.5000000000000002 1.0000000180025095e-35 80.64444444444446 690.00000000000011 778598.32437445852 1.0000000180025095e-35 28.500000000000004 1.5000000000000002
decision_type=9 8 2 10 8 10 10 10 8 8
left_child=1 -1 3 7 -4 9 -7 -2 -6 -3
right_child=2 5 4 -5 8 6 -8 -9 -10 -11
leaf_value=0.0011156888986125556 -0.00031801514110782415 -0.00024380478891292527 -0.00033364547627545699 -0.0010026660900641043 0.00071102120195756465 0.0009737855686762128 0.0001996599281791191 -2.4073078165384282e-05 0.00015261309903226488 -4.7129970270626982e-06
leaf_weight=54 121 40 27 48 37 25 33 26 50 71
leaf_count=54 121 40 27 48 37 25 33 26 50 71
internal_value=5.25051e-05 0.000424523 -0.000202416 -0.000463883 0.000100341 0.000171472 0.000552179 -0.000223626 0.000424374 -2.26163e-05
internal_weight=532 223 309 195 114 169 58 147 87 111
internal_count=532 223 309 195 114 169 58 147 87 111
cat_boundaries=0 1
cat_threshold=2296646
is_linear=0
shrinkage=0.0167612


Tree=141
num_leaves=7
num_cat=0
split_feature=13 3 197 133 80 65
split_gain=0.398288 0.22334 0.268929 0.363883 0.267858 0.0621649
threshold=187877.44817073175 5.5000000000000009 1.0000000180025095e-35 315221.905994898 3.5000000000000004 1.0000000180025095e-35
decision_type=2 2 8 10 8 8
left_child=-1 4 3 -3 -2 -6
right_child=1 2 -4 -5 5 -7
leaf_value=0.0012932915167184083 -0.0014335323829039429 0.0013184474209988343 -0.00033894334679606493 7.7588844119464326e-05 0.00015382371943109186 -0.00035999837965375878
leaf_weight=31 34 79 102 118 46 122
leaf_count=31 34 79 102 118 46 122
internal_value=5.19131e-05 -4.99535e-05 0.000202188 0.000567434 -0.000461223 -0.000181013
internal_weight=532 501 299 197 202 168
internal_count=532 501 299 197 202 168
is_linear=0
shrinkage=0.0167612


Tree=142
num_leaves=10
num_cat=0
split_feature=101 133 68 141 143 17 126 10 181
split_gain=0.169935 0.203011 0.138616 0.147685 0.0961204 0.143149 0.0335371 0.0768318 0.00570788
threshold=219379.25147891746 940157.77604166686 1.0000000180025095e-35 1.0000000180025095e-35 1.0000000180025095e-35 1207924.8610389612 -0.10055751532836185 0.25000000000000011 1.0000000180025095e-35
decision_type=8 10 10 10 8 8 10 2 8
left_child=4 2 3 -2 6 -6 -1 -8 -7
right_child=1 -3 -4 -5 5 8 7 -9 -10
leaf_value=-0.00018180268216318692 -1.2431136679081971e-05 -0.00099996371317088279 0.00070603852593948747 -0.00083792543070468459 0.00020678668938323025 0.0007980887310789545 0.00063672742015865355 -7.1250153856473015e-06 0.0016743741333551381
leaf_weight=42 204 37 28 37 48 26 46 35 29
leaf_count=42 204 37 28 37 48 26 46 35 29
internal_value=5.08656e-05 -0.000174191 -1.13168e-05 -0.000148112 0.00038529 0.000737844 6.47876e-05 0.00024267 0.0012431
internal_weight=532 306 269 241 226 103 123 81 55
internal_count=532 306 269 241 226 103 123 81 55
is_linear=0
shrinkage=0.0167612


Tree=143
num_leaves=10
num_cat=0
split_feature=110 69 17 141 6 207 184 101 59
split_gain=0.226698 0.237573 0.145559 0.174088 0.226276 0.0443948 0.0378443 0.0501609 0.03299
threshold=5.5000000000000009 1.0000000180025095e-35 797718.91807674535 1.0000000180025095e-35 1.0000000180025095e-35 81584.229745774108 922176.76059145888 20890.912955189717 1.0000000180025095e-35
decision_type=8 8 8 10 2 10 8 10 8
left_child=2 -2 5 4 -4 -1 7 -3 -8
right_child=1 6 3 -5 -6 -7 8 -9 -10
leaf_value=-0.00050082216934729047 -0.0011666204853646328 3.4095983899575643e-06 0.00036466147936085511 0.00016941106795926043 0.001393931092477536 1.3553022847083688e-06 -0.00055353650566139555 0.0005136342560457881 -4.8076761227651733e-05
leaf_weight=24 31 24 26 56 97 30 25 48 171
leaf_count=24 31 24 26 56 97 30 25 48 171
internal_value=4.92945e-05 -0.000221066 0.000425343 0.000676995 0.00101333 -4.18878e-05 -4.42235e-05 0.000193777 -0.00017016
internal_weight=532 299 233 179 123 54 268 72 196
internal_count=532 299 233 179 123 54 268 72 196
is_linear=0
shrinkage=0.0167612


Tree=144
num_leaves=11
num_cat=0
split_feature=13 10 56 104 128 14 119 151 180 99
split_gain=0.428064 0.295368 0.557303 0.289956 0.222732 0.215535 0.214034 0.0916522 0.0429687 0.0381472
threshold=413877.09027777787 -1.0000000180025095e-35 1.0000000180025095e-35 630.00000000000011 1.0000000180025095e-35 8.5000000000000018 924112.25338345871 1.0000000180025095e-35 1.0000000180025095e-35 1.0204730887875846
decision_type=2 2 8 10 10 2 10 8 10 8
left_child=3 6 -3 5 -5 -1 9 -4 -7 -2
right_child=1 2 7 4 -6 8 -8 -9 -10 -11
leaf_value=-0.00052415837533345739 0.00090796682981461043 -0.002154487795943938 9.5793569436756099e-05 0.00087642912570376182 0.0025215651243290114 0.00080912539025497976 -0.00046045217322794276 -0.00053706267345391507 0.00026474093834786769 0.00028328155466046364
leaf_weight=25 55 25 59 37 25 81 42 85 24 87
leaf_count=25 55 25 59 37 25 81 42 85 24 87
internal_value=0.000137402 -0.000173859 -0.00065881 0.000728068 0.00153598 0.000304931 0.000203302 -0.000258922 0.000604687 0.000552378
internal_weight=545 353 169 192 62 130 184 144 105 142
internal_count=545 353 169 192 62 130 184 144 105 142
is_linear=0
shrinkage=0.0167612


Tree=145
num_leaves=9
num_cat=0
split_feature=5 203 137 6 171 160 110 102
split_gain=0.301394 0.202265 0.182683 0.0833408 0.0540902 0.0803015 0.0481541 0.0180033
threshold=1.5000000000000002 20.611748633879785 1.0000000180025095e-35 1.5000000000000002 1.0000000180025095e-35 5.5000000000000009 10.500000000000002 1.0000000180025095e-35
decision_type=2 8 8 2 8 10 10 8
left_child=2 3 -1 -2 6 -6 -3 -4
right_child=1 4 7 -5 5 -7 -8 -9
leaf_value=-0.0012873188984131947 0.00052321385100944403 2.6829514578337487e-05 -0.00030164931298064636 0.0015124017488779469 0.00048935569124634046 -9.8076738461732628e-05 -0.00046275879096925349 -3.452142113288558e-05
leaf_weight=29 53 95 47 42 158 28 33 60
leaf_count=29 53 95 47 42 158 28 33 60
internal_value=0.000133846 0.000364543 -0.000447363 0.000958987 0.000148024 0.000313515 -5.0791e-05 -0.000145341
internal_weight=545 409 136 95 314 186 128 107
internal_count=545 409 136 95 314 186 128 107
is_linear=0
shrinkage=0.0167612


Tree=146
num_leaves=11
num_cat=1
split_feature=0 119 13 151 78 197 41 175 73 146
split_gain=0.351276 0.265113 0.1704 0.180086 0.143774 0.0655123 0.106272 0.0439819 0.0350469 0.0213651
threshold=0 423825.22398589068 680724.29560755345 1.0000000180025095e-35 16.500000000000004 1.0000000180025095e-35 1.0000000180025095e-35 845005.57980581594 1284413.0833333337 53.500000000000007
decision_type=9 8 2 8 8 8 10 8 8 8
left_child=1 -1 5 -4 8 6 -2 -6 -3 -7
right_child=2 4 3 -5 7 9 -8 -9 -10 -11
leaf_value=0.001686598846674627 8.720271981145222e-05 -1.8993351450660545e-05 -0.00017471861261849576 -0.0013396244298674615 0.00024487131592008048 -0.00041904084175130221 0.00088337707033857868 0.00084668352025225814 -0.00044144549369849615 -2.9445816045964327e-05
leaf_weight=26 53 36 56 47 32 38 34 107 29 87
leaf_count=26 53 36 56 47 32 38 34 107 29 87
internal_value=0.000130785 0.000587042 -0.000195283 -0.000698204 0.000393309 -3.65884e-06 0.00033448 0.000664114 -5.55766e-05 -0.000166509
internal_weight=545 230 315 103 204 212 87 139 65 125
internal_count=545 230 315 103 204 212 87 139 65 125
cat_boundaries=0 1
cat_threshold=133966
is_linear=0
shrinkage=0.0167612


Tree=147
num_leaves=8
num_cat=0
split_feature=3 13 184 178 214 160 197
split_gain=0.318177 0.444444 0.255133 0.171012 0.10137 0.0419835 0.00770661
threshold=2.5000000000000004 646533.28993110557 1059952.436443168 4.5000000000000009 2.6850000000000005 47.500000000000007 1.0000000180025095e-35
decision_type=2 2 10 8 10 8 8
left_child=1 6 3 -2 -5 -4 -1
right_child=2 -3 5 4 -6 -7 -8
leaf_value=0.0001717193981156579 -0.00012058292925404907 -0.0017124599911954835 -0.00018386068372498577 0.00036513822393916418 0.00098629828570284315 -0.00096841155928411259 -3.1490315595789843e-05
leaf_weight=24 49 36 28 214 135 24 35
leaf_count=24 49 36 28 214 135 24 35
internal_value=0.000128564 -0.000592645 0.0003222 0.000484491 0.000627955 -0.000459299 -9.04592e-05
internal_weight=545 95 450 398 349 52 59
internal_count=545 95 450 398 349 52 59
is_linear=0
shrinkage=0.0167612


Tree=148
num_leaves=10
num_cat=1
split_feature=119 13 151 146 144 1 88 152 182
split_gain=0.249398 0.268418 0.451311 0.199908 0.108489 0.104213 0.164712 0.12623 0.0155436
threshold=500405.0000238241 656555.58531746047 1.0000000180025095e-35 10.500000000000002 1.0000000180025095e-35 0 1.0000000180025095e-35 1.0000000180025095e-35 109.50000000000001
decision_type=8 2 10 10 8 1 8 10 10
left_child=4 5 8 -4 -1 7 -7 -2 -3
right_child=1 2 3 -5 -6 6 -8 -9 -10
leaf_value=0.00033405517935434451 0.00022778856363475875 -6.2133247358138065e-05 -0.002237335763779472 -0.0006872317110309217 0.0013099785092361114 0.0010859793960572392 0.00013354343718897948 -0.00066921284762512902 0.00020261263040096777
leaf_weight=28 84 98 33 32 53 77 64 26 50
leaf_count=28 84 98 33 32 53 77 64 26 50
internal_value=0.000124924 -3.49287e-06 -0.000428244 -0.00138146 0.000834497 0.000320039 0.000590821 4.64813e-05 -4.80178e-05
internal_weight=545 464 213 65 81 251 141 110 148
internal_count=545 464 213 65 81 251 141 110 148
cat_boundaries=0 1
cat_threshold=145
is_linear=0
shrinkage=0.0167612


Tree=149
num_leaves=11
num_cat=0
split_feature=13 199 151 157 57 7 141 53 77 42
split_gain=0.402217 0.435232 0.343787 0.368456 0.0620535 0.0858449 0.0586041 0.051276 0.166703 0.0248684
threshold=629773.1481481482 -8.3580425999999992 1.0000000180025095e-35 4.3712406015037599 1062192.3832923446 1.0000000180025095e-35 1.0000000180025095e-35 9408.8603543917961 1.0000000180025095e-35 41.500000000000007
decision_type=2 10 10 8 10 2 10 10 10 10
left_child=1 7 4 -4 5 -2 -3 8 -1 -9
right_child=2 6 3 -5 -6 -7 -8 9 -10 -11
leaf_value=0.00017894278943107473 4.7671666645190823e-05 0.0019101694262282246 -0.00044010443195991529 -0.0022903650368850965 -0.00032381917157050497 0.00073654009555808601 0.00087756648444100715 0.00067394429294350279 -0.00078153536034426666 0.00018049117399552937
leaf_weight=128 75 48 47 27 49 36 39 40 31 25
leaf_count=128 75 48 47 27 49 36 39 40 31 25
internal_value=0.000122436 0.000507201 -0.000344918 -0.00114379 -2.83862e-05 0.000238965 0.00137178 0.000124199 -7.03475e-06 0.000421911
internal_weight=545 311 234 74 160 111 87 224 159 65
internal_count=545 311 234 74 160 111 87 224 159 65
is_linear=0
shrinkage=0.0167612


Tree=150
num_leaves=11
num_cat=1
split_feature=0 5 203 45 47 13 35 183 57 102
split_gain=0.279434 0.413152 0.178451 0.409241 0.0750061 0.0789158 0.051147 0.0428197 0.0356462 0.025573
threshold=0 2.5000000000000004 32.54504504504505 308528.69093873561 323179.28106659587 491171.8725490197 1.0000000180025095e-35 1.0000000180025095e-35 691951.73177516938 0.36557827348805211
decision_type=9 2 8 10 10 2 8 10 10 8
left_child=1 6 3 -2 5 -4 -1 -6 -5 -3
right_child=2 9 4 8 7 -7 -8 -9 -10 -11
leaf_value=-0.0020663972301063157 0.0016588520499551745 4.362377071974589e-05 0.00060543723593936951 0.00030833948914270012 -0.0003742258241105296 5.9392862327217421e-05 -0.00094267024855419919 5.8159862522900646e-05 -0.00022395963481181062 0.00042636328151531342
leaf_weight=25 59 25 94 35 92 78 33 34 34 36
leaf_count=25 59 25 94 35 92 78 33 34 34 36
internal_value=0.000119737 -0.000459831 0.000323793 0.00080583 9.53981e-05 0.000307253 -0.00137082 -0.000152788 0.000171756 0.000101974
internal_weight=545 119 426 128 298 172 58 126 69 61
internal_count=545 119 426 128 298 172 58 126 69 61
cat_boundaries=0 1
cat_threshold=17358849
is_linear=0
shrinkage=0.0167612


Tree=151
num_leaves=8
num_cat=0
split_feature=5 137 114 194 184 184 113
split_gain=0.276708 0.174905 0.105149 0.0659866 0.0473003 0.0435064 0.0134675
threshold=1.5000000000000002 1.0000000180025095e-35 54667041.678474613 0.17157275021026072 1039034.8668497476 1030099.3410122809 45.500000000000007
decision_type=2 8 8 8 8 10 10
left_child=1 -1 -2 4 -4 -5 -3
right_child=2 6 3 5 -6 -7 -8
leaf_value=-0.0012597593159541856 0.00098094958580604999 -0.00022387225551167761 6.0762354230577961e-05 0.00043929987817748276 -0.00044907039558849602 0.00010729134837584527 -2.9535214430040131e-05
leaf_weight=29 38 80 56 254 34 27 27
leaf_count=29 38 80 56 254 34 27 27
internal_value=0.000117774 -0.000438821 0.000339569 0.000234409 -4.09896e-05 0.000356953 -0.000140357
internal_weight=545 136 409 371 90 281 107
internal_count=545 136 409 371 90 281 107
is_linear=0
shrinkage=0.0167612


Tree=152
num_leaves=9
num_cat=0
split_feature=141 15 163 5 12 113 130 98
split_gain=0.136191 0.136423 0.146228 0.129237 0.206113 0.0782742 0.0708255 0.0610519
threshold=1.0000000180025095e-35 1.0000000180025095e-35 38.500000000000007 2.5000000000000004 1.0000000180025095e-35 10.500000000000002 1.0000000180025095e-35 0.94732147311167958
decision_type=10 2 8 2 2 8 10 8
left_child=1 2 6 4 -2 -3 -1 -4
right_child=3 5 7 -5 -6 -7 -8 -9
leaf_value=0.00014113680588098893 -0.00029108046091797104 0.0011683512858119565 -3.8668312150089302e-05 -5.2135700555108269e-05 -0.0014267858203655592 0.0003126129237832595 0.00070432387206778536 -0.00049786060104705428
leaf_weight=32 34 26 38 41 47 102 66 143
leaf_count=32 34 26 38 41 47 102 66 143
internal_value=0 0.000143137 -1.93408e-05 -0.000427697 -0.000820585 0.000550789 0.000382776 -0.000313389
internal_weight=529 407 279 122 81 128 98 181
internal_count=529 407 279 122 81 128 98 181
is_linear=0
shrinkage=0.0167612


Tree=153
num_leaves=8
num_cat=1
split_feature=1 195 101 46 102 195 164
split_gain=0.150653 0.172177 0.137315 0.0908451 0.0951504 0.076355 0.065608
threshold=0 13.500000000000002 223905.01755796268 1.0000000180025095e-35 1.0000000180025095e-35 63.500000000000007 1.0000000180025095e-35
decision_type=1 8 10 10 10 8 8
left_child=1 -1 3 6 -5 -3 -2
right_child=2 5 -4 4 -6 -7 -8
leaf_value=0.00012288849482297907 -0.00026207988982722088 -0.0014841971304943543 -0.00043185071191631313 0.0003021966354871119 0.0012233137933464868 -0.00052003393985623303 0.00024861298986321467
leaf_weight=28 41 24 46 28 41 72 249
leaf_count=28 41 24 46 28 41 72 249
internal_value=0 -0.000425233 0.000154265 0.000289758 0.000754912 -0.0008367 0.000137439
internal_weight=529 124 405 359 69 96 290
internal_count=529 124 405 359 69 96 290
cat_boundaries=0 1
cat_threshold=66
is_linear=0
shrinkage=0.0167612


Tree=154
num_leaves=9
num_cat=0
split_feature=110 97 13 110 175 13 103 161
split_gain=0.287187 0.264938 0.198423 0.305984 0.249641 0.182918 0.0250456 0.0236742
threshold=7.5000000000000009 0.12158167036215817 643622.38376068382 1.0000000180025095e-35 808703.34455555561 228431.44574332176 25804.66165571877 1.0000000180025095e-35
decision_type=10 8 2 8 10 2 10 8
left_child=2 6 3 -1 7 -5 -2 -4
right_child=1 -3 4 5 -6 -7 -8 -9
leaf_value=0.0015051105054275503 -0.00028980716207701685 -0.0014969159504166262 -0.0001982245693705909 0.00088918266554398264 0.0006694311830096406 -3.6424853369968483e-05 0.00016334910641752664 -0.00068664877430559543
leaf_weight=41 35 43 93 44 39 134 24 76
leaf_count=41 35 43 93 44 39 134 24 76
internal_value=0 -0.000680295 0.000186612 0.000527863 -0.000117184 0.000219145 -0.000163663 -0.000435904
internal_weight=529 102 427 219 208 178 59 169
internal_count=529 102 427 219 208 178 59 169
is_linear=0
shrinkage=0.0167612


Tree=155
num_leaves=10
num_cat=1
split_feature=1 119 110 74 10 151 3 18 113
split_gain=0.141179 0.193735 0.188285 0.211369 0.15603 0.100011 0.0694961 0.0222664 0.0167644
threshold=0 1009339.2814828764 10.500000000000002 1.0000000180025095e-35 -1.0000000180025095e-35 1.0000000180025095e-35 5.5000000000000009 1.0000000180025095e-35 28.500000000000004
decision_type=1 10 8 8 2 10 2 8 10
left_child=1 5 4 -4 -2 7 -7 -1 -5
right_child=2 -3 3 8 -6 6 -8 -9 -10
leaf_value=0.0011201614782596371 0.00093384622342589639 -0.00044973527264618773 -0.0014983145813174674 -0.00038066063977931774 -9.0366612439737523e-05 -0.00028368416966563671 0.00036040134798852753 0.00049909911870644401 -8.5951606664406798e-05
leaf_weight=41 33 43 29 97 31 47 62 99 47
leaf_count=41 33 43 29 97 31 47 62 99 47
internal_value=0 0.000231334 -0.00027376 -0.000587099 0.000249102 0.000446365 6.53362e-05 0.000727841 -0.000302089
internal_weight=529 292 237 173 64 249 109 140 144
internal_count=529 292 237 173 64 249 109 140 144
cat_boundaries=0 1
cat_threshold=28
is_linear=0
shrinkage=0.0167612


Tree=156
num_leaves=7
num_cat=0
split_feature=126 116 12 130 162 13
split_gain=0.130332 0.116586 0.184816 0.099567 0.016791 0.00900869
threshold=0.063189355404974903 1.0000000180025095e-35 1.0000000180025095e-35 1.0000000180025095e-35 690677.65151515161 798600.00000000012
decision_type=10 10 2 10 8 2
left_child=1 2 4 -4 -1 -2
right_child=5 -3 3 -5 -6 -7
leaf_value=-8.7465004944230101e-05 0.00072123478017443825 -0.00075319309442658752 0.00014050265590051064 0.00097592375572914426 -0.00037330844002591093 0.00020610712142756808
leaf_weight=44 57 36 126 34 205 27
leaf_count=44 57 36 126 34 205 27
internal_value=0 -0.000109641 -1.16479e-05 0.000371625 -0.000293369 0.000503845
internal_weight=529 445 409 160 249 84
internal_count=529 445 409 160 249 84
is_linear=0
shrinkage=0.0167612


Tree=157
num_leaves=9
num_cat=1
split_feature=0 103 113 6 141 12 119 70
split_gain=0.407032 0.111906 0.147678 0.315172 0.0988173 0.0847062 0.0248332 0.0228882
threshold=0 30275.782376490435 7.5000000000000009 1.0000000180025095e-35 1.0000000180025095e-35 1.0000000180025095e-35 1180293.5555555557 926819.40616123646
decision_type=9 10 10 2 8 2 8 10
left_child=5 2 4 -4 -2 6 -1 -3
right_child=1 7 3 -5 -6 -7 -8 -9
leaf_value=0.00058165996420913354 0.00045280383386014938 0.0004940190435264233 -0.001775193808636706 -0.00030652859199937994 -0.00025204290863935208 0.0013610037719358329 0.00018666542143684688 7.2562479301227587e-05
leaf_weight=51 32 32 36 97 181 41 27 32
leaf_count=51 32 32 36 97 181 41 27 32
internal_value=0 -0.000241825 -0.000384622 -0.000785446 -9.59046e-05 0.000718626 0.000456319 0.000196796
internal_weight=529 410 346 133 213 119 78 64
internal_count=529 410 346 133 213 119 78 64
cat_boundaries=0 1
cat_threshold=2099524
is_linear=0
shrinkage=0.0167612


Tree=158
num_leaves=7
num_cat=1
split_feature=0 5 162 15 110 146
split_gain=0.349537 0.182172 0.0755081 0.137737 0.113319 0.00639752
threshold=0 1.5000000000000002 409525.30055994733 1.0000000180025095e-35 4.5000000000000009 7.5000000000000009
decision_type=9 2 8 2 10 8
left_child=1 -1 -2 4 -4 -3
right_child=2 5 3 -5 -6 -7
leaf_value=-0.0016226102077844685 0.000761088587308274 -0.00053057864487491158 5.010680004090648e-05 0.00052752147175170907 -0.00065204351972889831 -0.00010403416431974373
leaf_weight=26 39 32 204 131 42 55
leaf_count=26 39 32 204 131 42 55
internal_value=0 -0.000678696 0.000221574 0.000137085 -5.66076e-05 -0.000391457
internal_weight=529 113 416 377 246 87
internal_count=529 113 416 377 246 87
cat_boundaries=0 1
cat_threshold=17358850
is_linear=0
shrinkage=0.0167612


Tree=159
num_leaves=11
num_cat=0
split_feature=13 182 4 56 102 6 10 164 41 76
split_gain=0.229818 0.269467 0.191243 0.144382 0.0962349 0.224553 0.0853516 0.0458888 0.0262277 0.0144533
threshold=683409.35590986407 84.500000000000014 43.500000000000007 1.0000000180025095e-35 1.1390954083024492 1.5000000000000002 0.68301270189221941 1.0000000180025095e-35 1.0000000180025095e-35 1.0000000180025095e-35
decision_type=2 10 2 10 8 2 2 8 10 10
left_child=2 4 6 7 5 -2 -1 -4 -3 -5
right_child=1 8 3 9 -6 -7 -8 -9 -10 -11
leaf_value=0.0011885315220221042 -0.0020136478359274131 0.00041340106434872533 -0.00070380581420550743 0.0002071660002098501 -0.00037960809524789115 -0.00051574197274963931 0.00032766039263432129 -8.7287000376304273e-05 4.6664884865549817e-05 0.00075245884050823746
leaf_weight=64 39 46 24 27 55 29 28 136 31 50
leaf_count=64 39 46 24 27 55 29 28 136 31 50
internal_value=0 -0.000409089 0.000260361 1.9032e-05 -0.000884913 -0.00131596 0.000818523 -0.000240456 0.000124063 0.000506434
internal_weight=529 200 329 237 123 68 92 160 77 77
internal_count=529 200 329 237 123 68 92 160 77 77
is_linear=0
shrinkage=0.0167612


Tree=160
num_leaves=10
num_cat=0
split_feature=110 74 119 90 133 9 41 225 213
split_gain=0.227746 0.263915 0.103647 0.107342 0.0726326 0.0583316 0.0223836 0.00482491 0.00156032
threshold=12.500000000000002 1.0000000180025095e-35 773677.08333333337 1.0000000180025095e-35 1325899.4930303034 1.0000000180025095e-35 1.0000000180025095e-35 69.000000000000014 119.50000000000001
decision_type=8 8 10 10 8 2 10 8 8
left_child=2 -2 3 4 -1 7 8 -3 -4
right_child=1 5 6 -5 -6 -7 -8 -9 -10
leaf_value=2.9979755287893096e-05 -0.0013390814849673126 0.000130230049164572 7.9635792479927335e-05 0.001169480998792874 0.00053931307846319788 -0.00050617792352554772 -0.00034340756542457972 -1.0812654311022199e-05 -3.482227506546434e-06
leaf_weight=64 32 38 28 34 99 47 27 136 24
leaf_count=64 32 38 28 34 99 47 27 136 24
internal_value=0 -0.000348813 0.000302361 0.000519733 0.000305421 -0.000130007 -3.00819e-05 -1.26103e-05 -7.95365e-06
internal_weight=529 253 276 197 163 221 79 174 52
internal_count=529 253 276 197 163 221 79 174 52
is_linear=0
shrinkage=0.0167612


Tree=161
num_leaves=10
num_cat=0
split_feature=13 112 225 128 116 119 11 120 201
split_gain=0.363209 0.567603 0.189678 0.363297 0.110032 0.0646317 0.0559731 0.0261697 0.0063716
threshold=480000.38461538468 26.000000000000004 36.500000000000007 1.0000000180025095e-35 1.0000000180025095e-35 1255046.5704306725 -0.24999999999999994 1.0000000180025095e-35 1.0000000180025095e-35
decision_type=2 8 8 10 8 10 2 10 8
left_child=2 -2 3 7 5 -3 -4 -1 -8
right_child=1 4 6 -5 -6 -7 8 -9 -10
leaf_value=0.0004661847342583751 -0.0018946279037462504 0.00021302967215397527 0.00045161832537599702 0.0020740306252827094 -0.00057421773298868583 -0.00037842014426595002 -0.00022083352542931698 0.00012361540469197428 -1.6796495076074425e-05
leaf_weight=28 27 165 43 30 74 28 37 30 67
leaf_count=28 27 165 43 30 74 28 37 30 67
internal_value=0 -0.000380712 0.000445277 0.000995171 -0.000132786 4.10336e-05 8.85411e-05 0.000329886 -7.70069e-05
internal_weight=529 294 235 88 267 193 147 58 104
internal_count=529 294 235 88 267 193 147 58 104
is_linear=0
shrinkage=0.0167612


Tree=162
num_leaves=9
num_cat=0
split_feature=143 45 11 130 12 75 34 210
split_gain=0.185247 0.138628 0.209148 0.0980298 0.231471 0.129059 0.193216 0.0123785
threshold=1.0000000180025095e-35 282853.39583333337 -1.0000000180025095e-35 1.0000000180025095e-35 1.0000000180025095e-35 315541.02272727276 6.5000000000000009 0.85376344086021516
decision_type=10 10 2 8 2 10 8 10
left_child=3 2 -2 4 -1 6 -5 -3
right_child=1 7 -4 5 -6 -7 -8 -9
leaf_value=-0.00014759207190446119 0.0016191186201897105 -0.00010111155887852004 0.00041875745853969294 0.00074365844295490758 -0.0012499682750449104 -0.00063791028172917417 -0.00011967461083812403 0.00018335063417514126
leaf_weight=55 38 37 24 67 51 44 163 50
leaf_count=55 38 37 24 67 51 44 163 50
internal_value=0 0.000436007 0.000956472 -0.000199486 -0.000581906 -1.93779e-05 0.000114883 7.71045e-05
internal_weight=529 149 62 380 106 274 230 87
internal_count=529 149 62 380 106 274 230 87
is_linear=0
shrinkage=0.0167612


Tree=163
num_leaves=11
num_cat=0
split_feature=110 13 11 166 24 38 119 3 23 10
split_gain=0.361747 0.559187 0.206254 0.182123 0.123886 0.104686 0.0291578 0.216735 0.017316 0.0102054
threshold=2.5000000000000004 413877.09027777787 -0.5 437326.38043478271 1.0000000180025095e-35 2.3678646934460894 893467.06875000021 6.5000000000000009 1.0000000180025095e-35 -1.0000000180025095e-35
decision_type=8 2 2 8 8 10 10 2 8 2
left_child=3 5 -3 9 -4 8 7 -5 -2 -1
right_child=1 2 4 6 -6 -7 -8 -9 -10 -11
leaf_value=-9.7429066878769312e-06 -0.00010774189838821604 -0.00026515542784068827 -0.0021377697632799942 0.0003428036527336154 -0.00097789656564778774 0.00089797147913440588 0.00033715715321745889 0.0015620032652594615 0.0001901267345813162 -0.00028080204742648236
leaf_weight=31 41 54 38 76 73 30 25 58 76 27
leaf_count=31 41 54 38 76 73 30 25 58 76 27
internal_value=0 -0.000357258 -0.000993388 0.000473501 -0.00142568 0.000254837 0.00078813 0.000924629 4.37829e-05 -2.59024e-05
internal_weight=529 312 165 217 111 147 159 134 117 58
internal_count=529 312 165 217 111 147 159 134 117 58
is_linear=0
shrinkage=0.0167612


Tree=164
num_leaves=8
num_cat=0
split_feature=13 141 110 4 75 216 75
split_gain=0.170268 0.271856 0.239499 0.183142 0.15978 0.138156 0.0749507
threshold=184084.60119047618 1.0000000180025095e-35 1.5000000000000002 236.00000000000003 302328.70833333343 0.51666666666666672 481382.60936408112
decision_type=2 8 10 2 10 10 10
left_child=-1 2 4 5 -2 -3 -4
right_child=1 3 6 -5 -6 -7 -8
leaf_value=0.00081907780001533954 0.0012694199877769203 -0.00046763467772905021 -3.0562500692387964e-05 0.00025771414183443605 0.00022492846562064653 -0.0014608066331489996 -0.00070011899244072954
leaf_weight=28 62 196 85 26 76 28 28
leaf_count=28 62 196 85 26 76 28 28
internal_value=0 -8.57782e-05 0.000254412 -0.000465793 0.000707195 -0.000664391 -0.000169553
internal_weight=529 501 251 250 138 224 113
internal_count=529 501 251 250 138 224 113
is_linear=0
shrinkage=0.0167612


Tree=165
num_leaves=11
num_cat=0
split_feature=110 74 101 133 74 6 173 67 50 12
split_gain=0.294234 0.242665 0.260896 0.209547 0.250121 0.140283 0.0774374 0.0702053 0.0575143 0.0430997
threshold=3.5000000000000004 1.0000000180025095e-35 206741.30212421893 1181900.5661172166 1.0000000180025095e-35 1.0000000180025095e-35 1.0000000180025095e-35 0.095454545454545472 2.2714987714987722 1.0000000180025095e-35
decision_type=8 8 8 8 10 2 10 8 10 2
left_child=3 2 -2 6 5 -5 -1 -3 -8 -9
right_child=1 7 -4 4 -6 -7 8 9 -10 -11
leaf_value=0.00042002862725826239 -0.00040753918407069326 0.00034280689962626088 -0.0018575785570182279 0.00053554109875311306 0.00016819720422709458 0.0017465775848838942 -0.00071903887916346509 -0.00041545459359638564 -8.1901209407166833e-05 -4.0774989999622136e-05
leaf_weight=31 30 43 38 27 25 65 31 111 48 80
leaf_count=31 30 43 38 27 25 65 31 111 48 80
internal_value=0 -0.000333761 -0.00106168 0.000411892 0.000873644 0.00130917 5.28734e-05 -7.40405e-05 -0.000292235 -0.000215302
internal_weight=529 302 68 227 117 92 110 234 79 191
internal_count=529 302 68 227 117 92 110 234 79 191
is_linear=0
shrinkage=0.0167612


Tree=166
num_leaves=8
num_cat=0
split_feature=13 110 56 171 101 151 67
split_gain=0.275014 0.411251 0.288112 0.115866 0.0789682 0.0434382 0.0510836
threshold=656555.58531746047 1.0000000180025095e-35 1.0000000180025095e-35 1.0000000180025095e-35 20890.912955189717 1.0000000180025095e-35 0.23182297154899892
decision_type=2 8 10 10 10 10 8
left_child=1 -1 -2 4 -3 6 -4
right_child=2 3 5 -5 -6 -7 -8
leaf_value=0.001332774631894982 -0.0012699717449578436 -0.00028790332807766144 -5.2703672648785582e-05 0.00070900749565121744 0.00025736846529116601 -0.00036335281934394913 0.00046499004761874925
leaf_weight=52 56 177 60 24 64 57 39
leaf_count=52 56 177 60 24 64 57 39
internal_value=0 0.000285322 -0.000440591 1.8798e-05 -8.73461e-05 -8.29487e-05 7.97885e-05
internal_weight=529 317 212 265 241 156 99
internal_count=529 317 212 265 241 156 99
is_linear=0
shrinkage=0.0167612


Tree=167
num_leaves=8
num_cat=0
split_feature=13 214 201 114 32 209 123
split_gain=0.217016 0.332969 0.278648 0.258796 0.196008 0.174376 0.0915819
threshold=207891.24561403514 3.3750000000000004 1.0000000180025095e-35 57288350.56005574 1.0000000180025095e-35 1.0000000180025095e-35 77.500000000000014
decision_type=2 10 8 10 10 8 8
left_child=-1 2 3 -2 6 -4 -3
right_child=1 4 5 -5 -6 -7 -8
leaf_value=0.00082920574333240373 -0.00047133627687031703 0.00036766955333302783 -0.0016523757706612468 0.00067897112603273958 -0.00013954055173996509 -0.00054178064665020794 0.0013331153029591844
leaf_weight=42 59 48 27 81 25 190 57
leaf_count=42 59 48 27 81 25 190 57
internal_value=0 -0.000110292 -0.000381254 7.74476e-05 0.000501561 -0.000748736 0.000891285
internal_weight=529 487 357 140 130 217 105
internal_count=529 487 357 140 130 217 105
is_linear=0
shrinkage=0.0167612


Tree=168
num_leaves=9
num_cat=0
split_feature=10 140 69 214 201 65 126 46
split_gain=0.0983818 0.189397 0.127209 0.0488342 0.0545299 0.0292177 0.00974046 0.0338122
threshold=-0.5 1.0000000180025095e-35 1.0000000180025095e-35 2.8900000000000001 1.0000000180025095e-35 1.0000000180025095e-35 0.39384845158010912 9.0000000000000018
decision_type=2 10 8 10 10 10 8 8
left_child=1 6 -2 5 -5 -4 -1 -8
right_child=2 -3 3 4 -6 -7 7 -9
leaf_value=-0.0001844383670078615 -0.0008426385355336755 0.00094488749526355916 0.00020040403898393942 -0.00065519924488318618 -0.00010617758864106503 -0.00012160688669017572 0.00038539405350467525 -7.6164073547350987e-05
leaf_weight=34 35 53 162 49 39 61 25 55
leaf_count=34 35 53 162 49 39 61 25 55
internal_value=0 0.000288046 -0.00016691 -3.9746e-05 -0.000327729 6.09858e-05 3.97004e-05 2.36131e-05
internal_weight=513 167 346 311 88 223 114 80
internal_count=513 167 346 311 88 223 114 80
is_linear=0
shrinkage=0.0167612


Tree=169
num_leaves=8
num_cat=1
split_feature=0 137 83 123 87 41 175
split_gain=0.158402 0.058238 0.0706749 0.0653111 0.105232 0.0579035 0.0431542
threshold=0 1.0000000180025095e-35 1.1193406373025092 37.500000000000007 1380.0000000000002 1.0000000180025095e-35 740099.45171777008
decision_type=9 8 8 8 8 10 8
left_child=5 2 -2 6 -5 -1 -3
right_child=1 3 -4 4 -6 -7 -8
leaf_value=0.00082213338104762863 -0.00089626720832690311 0.00012416745973521114 -0.00014833722653132569 0.00026681268860980628 -0.00037921200786190668 0.00012838805467066996 0.0005868944392449474
leaf_weight=62 45 25 44 49 194 47 47
leaf_count=62 45 25 44 49 194 47 47
internal_value=0 -0.000162605 -0.000497542 -4.24653e-05 -0.000182661 0.000451238 0.000290251
internal_weight=513 404 89 315 243 109 72
internal_count=513 404 89 315 243 109 72
cat_boundaries=0 1
cat_threshold=2316
is_linear=0
shrinkage=0.0167612


Tree=170
num_leaves=8
num_cat=0
split_feature=214 102 69 153 13 143 145
split_gain=0.255031 0.1988 0.159507 0.0818858 0.0297337 0.0294458 0.0229366
threshold=3.7750000000000004 1.0000000180025095e-35 1.0000000180025095e-35 330339.98473214294 903155.30219780235 1.0000000180025095e-35 37.500000000000007
decision_type=10 8 10 10 2 10 8
left_child=1 2 -1 -4 6 -2 -3
right_child=5 4 3 -5 -6 -7 -8
leaf_value=-0.0012371284666454581 0.0013326369203049823 0.00047718992563371306 -0.00045741522537939448 0.00016354764710668697 -0.00013908939458010024 0.00042242502178139985 7.9446475611536047e-05
leaf_weight=44 29 49 110 35 30 24 192
leaf_count=44 29 49 110 35 30 24 192
internal_value=0 -0.000139103 -0.000533221 -0.000255092 0.000104257 0.00082835 0.000201126
internal_weight=513 460 189 145 271 53 241
internal_count=513 460 189 145 271 53 241
is_linear=0
shrinkage=0.0167612


Tree=171
num_leaves=9
num_cat=0
split_feature=13 110 32 31 45 7 77 178
split_gain=0.151948 0.299581 0.083737 0.0573724 0.135353 0.0694178 0.0404307 0.00413357
threshold=377332.12229437241 6.5000000000000009 1.0000000180025095e-35 1.0000000180025095e-35 869463.58997282025 1.0000000180025095e-35 1.0000000180025095e-35 35.500000000000007
decision_type=2 10 8 10 8 2 10 10
left_child=2 3 7 5 -5 -2 -3 -1
right_child=1 6 -4 4 -6 -7 -8 -9
leaf_value=0.0011189497037428866 -0.00043274198753416858 -0.0015359056559671332 7.218681440009214e-05 -0.00013273876328531858 0.00063728169430025863 0.00011562691428766795 -0.00057636215553978794 0.00042440977678414254
leaf_weight=35 104 35 84 64 88 47 30 26
leaf_count=35 104 35 84 64 88 47 30 26
internal_value=0 -0.000185821 0.000396612 -8.3703e-06 0.000231184 -0.000178184 -0.00101397 0.000813329
internal_weight=513 368 145 303 152 151 65 61
internal_count=513 368 145 303 152 151 65 61
is_linear=0
shrinkage=0.0167612


Tree=172
num_leaves=7
num_cat=0
split_feature=13 25 116 170 160 17
split_gain=0.113521 0.125652 0.110305 0.0465807 0.104291 0.0230234
threshold=249612.22396605703 1.0000000180025095e-35 1.0000000180025095e-35 1.0000000180025095e-35 25.500000000000004 1308479.1921604942
decision_type=2 8 10 8 10 8
left_child=1 -1 3 4 -2 -5
right_child=2 -3 -4 5 -6 -7
leaf_value=0.0001900481348351062 0.00037707730850227084 0.0010804478648311323 -0.00072266090666138092 -6.0900533525598209e-05 -0.00028017685745381345 -0.00028941354560140496
leaf_weight=31 154 35 38 32 54 169
leaf_count=31 154 35 38 32 54 169
internal_value=0 0.00050526 -0.000106535 -9.03322e-06 0.00013566 -0.000189904
internal_weight=513 66 447 409 208 201
internal_count=513 66 447 409 208 201
is_linear=0
shrinkage=0.0167612


Tree=173
num_leaves=9
num_cat=0
split_feature=116 184 21 65 10 67 65 114
split_gain=0.107649 0.0634039 0.0839584 0.0723282 0.20383 0.056865 0.0344756 0.0219893
threshold=1.0000000180025095e-35 706930.42027417023 1.3499261500172557 1.0000000180025095e-35 1.0000000180025095e-35 0.22613636363636364 1.0000000180025095e-35 56675169.900530793
decision_type=10 10 8 10 2 8 10 10
left_child=1 3 6 7 -5 -4 -3 -1
right_child=-2 2 5 4 -6 -7 -8 -9
leaf_value=7.9887894346449033e-05 -0.00058582261941680144 0.00036096298395695052 -0.00018646178319859042 0.0011146068334755078 0.00010180191430016865 -0.001063498869582624 -0.00010053332554627332 -0.00026257690346761608
leaf_weight=186 45 40 39 53 70 25 25 30
leaf_count=186 45 40 39 53 70 25 25 30
internal_value=0 6.23767e-05 -0.00018655 0.000192904 0.000483071 -0.000575536 3.75776e-05 1.53627e-05
internal_weight=513 468 129 339 123 64 65 216
internal_count=513 468 129 339 123 64 65 216
is_linear=0
shrinkage=0.0167612


Tree=174
num_leaves=9
num_cat=0
split_feature=13 112 141 32 139 114 4 160
split_gain=0.248339 0.181607 0.217737 0.108158 0.0357589 0.0504719 0.0134561 0.00936503
threshold=386989.03273809532 26.000000000000004 1.0000000180025095e-35 1.0000000180025095e-35 0.98387096774193561 55251914.678700574 152.50000000000003 69.500000000000014
decision_type=2 8 10 8 8 10 2 8
left_child=3 2 -2 -1 5 -3 -5 -6
right_child=1 4 -4 6 7 -7 -8 -9
leaf_value=0.00094392558758188535 -0.00033546703473335751 0.00055310724871926269 -0.0017940963594962119 0.00022147142913234334 -6.1703146667516364e-05 2.0527871324933081e-05 -1.4282399356177735e-05 -0.00027463030194002435
leaf_weight=68 33 24 26 61 43 84 29 145
leaf_count=68 33 24 26 61 43 84 29 145
internal_value=0 -0.000248165 -0.000927767 0.000483106 -6.7277e-05 0.000112785 0.000118028 -0.000203659
internal_weight=513 355 59 158 296 108 90 188
internal_count=513 355 59 158 296 108 90 188
is_linear=0
shrinkage=0.0167612


Tree=175
num_leaves=9
num_cat=0
split_feature=13 111 180 13 112 69 160 83
split_gain=0.242683 0.216118 0.131567 0.124242 0.446947 0.034306 0.0259332 0.0182601
threshold=407216.3798844539 900.00000000000011 20.000000000000004 473941.14251127053 46.000000000000007 1.0000000180025095e-35 49.500000000000007 1.2462146911878671
decision_type=2 8 10 2 8 10 8 8
left_child=1 7 -3 5 -5 -2 -6 -1
right_child=3 2 -4 4 6 -7 -8 -9
leaf_value=0.0007481739498100612 0.00010241600559139785 0.0003822170449571005 -0.00052124085563082809 -0.0017436224046652573 -1.7829993111664934e-05 0.00061018807343537291 -0.00025974581216510104 0.0016937061632798628
leaf_weight=26 25 84 32 28 70 28 193 27
leaf_count=26 25 84 32 28 70 28 193 27
internal_value=0 0.00045696 7.32749e-05 -0.000256447 -0.000414994 0.000239405 -0.00017415 0.00117471
internal_weight=513 169 116 344 291 53 263 53
internal_count=513 169 116 344 291 53 263 53
is_linear=0
shrinkage=0.0167612


Tree=176
num_leaves=5
num_cat=0
split_feature=119 151 34 190
split_gain=0.225364 0.153528 0.0834616 0.068237
threshold=1079100.7241568628 1.0000000180025095e-35 2.5000000000000004 1.5000000000000002
decision_type=10 8 8 10
left_child=1 -1 -3 -4
right_child=-2 2 3 -5
leaf_value=0.00065887112081560741 -0.00078897709719486018 0.00058201055438236921 6.8864972191334852e-05 -0.0003192938763942882
leaf_weight=83 54 24 221 173
leaf_count=83 54 24 221 173
internal_value=0 0.000109226 4.67493e-06 -7.96659e-05
internal_weight=555 501 418 394
internal_count=555 501 418 394
is_linear=0
shrinkage=0.0167612


Tree=177
num_leaves=10
num_cat=0
split_feature=119 214 124 141 12 146 205 201 180
split_gain=0.0744675 0.356786 0.218474 0.0774446 0.119073 0.073782 0.046737 0.0396138 0.0312048
threshold=816284.22619047633 4.1650000000000009 115.50000000000001 1.0000000180025095e-35 1.0000000180025095e-35 15.500000000000002 3.3637770897832824 1.0000000180025095e-35 15.000000000000002
decision_type=8 8 8 10 2 10 10 10 10
left_child=1 6 5 4 -4 -2 -1 -5 -8
right_child=2 -3 3 7 -6 -7 8 -9 -10
leaf_value=0.00031289811085062375 -0.0014534027032124951 0.0014211219245646538 -8.2576862377856954e-05 -0.00080750034658377541 0.00050044807227709459 -0.00038124942512467186 -6.6097963866171137e-05 -0.00015823201203881801 -0.00045513681200462524
leaf_weight=31 29 27 157 24 128 30 43 29 57
leaf_count=31 29 27 157 24 128 30 43 29 57
internal_value=0 0.0002758 -0.000118096 1.25557e-05 0.000147716 -0.000859004 1.90734e-05 -0.000403743 -0.000218165
internal_weight=555 158 397 338 285 59 131 53 100
internal_count=555 158 397 338 285 59 131 53 100
is_linear=0
shrinkage=0.0167612


Tree=178
num_leaves=11
num_cat=0
split_feature=13 123 210 83 111 138 139 73 140 6
split_gain=0.343295 0.120817 0.21765 0.0805677 0.158124 0.0720493 0.0650102 0.0278425 0.0254448 0.0119206
threshold=643622.38376068382 22.500000000000004 0.95000000000000007 1.087241524108751 900.00000000000011 1.0000000180025095e-35 0.57258064516129037 857959.55267857155 1.0000000180025095e-35 1.5000000000000002
decision_type=2 8 8 8 8 8 10 10 10 2
left_child=3 7 -3 9 6 -4 -5 -2 -6 -1
right_child=1 2 5 4 8 -7 -8 -9 -10 -11
leaf_value=-0.00017523544058664354 -0.00021573976869286926 -0.0016166330470461119 -8.4110484094158957e-05 0.00048968005399908671 0.0002323956478989883 -0.00061360181252296511 0.0014089381311827775 0.00023610942210771632 -9.9277436318671302e-05 8.7093570895007254e-05
leaf_weight=51 36 32 47 45 121 80 51 40 26 26
leaf_count=51 36 32 47 45 121 80 51 40 26 26
internal_value=0 -0.000451997 -0.000723212 0.000337858 0.000500441 -0.00038697 0.000969897 -8.92177e-05 0.000140944 5.07374e-05
internal_weight=555 235 159 320 243 127 96 76 147 77
internal_count=555 235 159 320 243 127 96 76 147 77
is_linear=0
shrinkage=0.0167612


Tree=179
num_leaves=6
num_cat=0
split_feature=13 13 151 153 141
split_gain=0.239566 0.254311 0.272899 0.0800267 0.0691662
threshold=180408.90000000002 939536.7430654763 1.0000000180025095e-35 454646.49964080466 1.0000000180025095e-35
decision_type=2 2 8 10 8
left_child=-1 2 -2 -3 -4
right_child=1 3 4 -5 -6
leaf_value=0.0010093530305884989 0.00090856712309422263 -0.0012708596869357544 0.00017285717074784233 -0.00033136986168234329 -0.00024225543310155199
leaf_weight=25 58 45 126 49 252
leaf_count=25 58 45 126 49 252
internal_value=0 -8.11212e-05 6.38805e-05 -0.000757312 -7.05265e-05
internal_weight=555 530 436 94 378
internal_count=555 530 436 94 378
is_linear=0
shrinkage=0.0167612


Tree=180
num_leaves=11
num_cat=1
split_feature=0 13 128 13 47 196 157 214 214 61
split_gain=0.399565 0.359002 0.19123 0.177971 0.175691 0.145039 0.136525 0.107236 0.0787505 0.0653692
threshold=0 683409.35590986407 1.0000000180025095e-35 207891.24561403514 1174970.8480234302 18.259259259259263 2.6252986857825573 2.7350000000000008 3.1750000000000003 7.0000000000000009
decision_type=9 2 8 2 8 10 10 10 10 8
left_child=1 2 7 -2 6 -3 -5 -1 -6 -4
right_child=3 5 9 4 8 -7 -8 -9 -10 -11
leaf_value=-0.0002561499017435989 0.0012953015858170613 -0.0018139373784895785 0.00082080323681471925 0.0011400183009921349 -0.00034365379329508899 -0.00054556320873193798 0.00017560438764700471 -0.0011833050513671243 0.00032788978146512004 6.7659026945577169e-05
leaf_weight=27 25 52 31 63 111 35 77 33 27 74
leaf_count=27 25 52 31 63 111 35 77 33 27 74
internal_value=0 -0.000450218 -4.58098e-05 0.00038184 0.000255486 -0.00122105 0.000629716 -0.000626179 -8.27121e-05 0.000335536
internal_weight=555 252 165 303 278 87 140 60 138 105
internal_count=555 252 165 303 278 87 140 60 138 105
cat_boundaries=0 1
cat_threshold=17416881
is_linear=0
shrinkage=0.0167612


Tree=181
num_leaves=9
num_cat=0
split_feature=110 162 45 102 180 163 10 165
split_gain=0.252727 0.164249 0.107221 0.0819593 0.0995776 0.0549605 0.0340328 0.0336832
threshold=5.5000000000000009 709019.57619047631 200259.02380952382 1.0000000180025095e-35 8.5000000000000018 59.500000000000007 0.25000000000000011 23.500000000000004
decision_type=10 8 10 10 8 8 2 10
left_child=3 2 -2 4 5 -1 -5 -6
right_child=1 -3 -4 6 7 -7 -8 -9
leaf_value=0.00024486955128878973 0.00045699641756740214 -0.0011166623730517757 -0.00047667379846243402 0.00085177959667223277 -2.974849211527775e-06 0.0010337893971298236 0.0002196466673466662 -0.00038324000518824135
leaf_weight=25 25 64 38 58 251 27 31 36
leaf_count=25 25 64 38 58 251 27 31 36
internal_value=0 -0.000574764 -0.000131504 0.000189396 5.60098e-05 0.000572401 0.000583951 -4.29248e-05
internal_weight=555 127 63 428 339 52 89 287
internal_count=555 127 63 428 339 52 89 287
is_linear=0
shrinkage=0.0167612


Tree=182
num_leaves=10
num_cat=0
split_feature=80 181 119 182 151 70 143 17 12
split_gain=0.0793037 0.0934352 0.185727 0.108097 0.0889199 0.0580618 0.0322322 0.058875 0.0249464
threshold=1.5000000000000002 1.0000000180025095e-35 1029411.6643269431 110.50000000000001 1.0000000180025095e-35 1038445.5553174604 1.0000000180025095e-35 327172.15553674061 1.0000000180025095e-35
decision_type=8 8 8 8 10 8 10 10 2
left_child=5 2 4 -4 -2 -1 8 -8 -3
right_child=1 6 3 -5 -6 -7 7 -9 -10
leaf_value=0.0008922229132987047 0.00055352077614737483 -0.00011564796483309391 -0.0013713222475889718 -0.00037992584162886483 -0.00014480146444791194 0.00014036089402917596 0.00074840537119672315 0.00015919899383867953 0.00021061003037380147
leaf_weight=28 39 123 38 74 79 39 36 26 73
leaf_count=28 39 123 38 74 79 39 36 26 73
internal_value=0 -7.14949e-05 -0.000311986 -0.000758917 1.83931e-05 0.00043324 0.000108181 0.000380657 9.41807e-06
internal_weight=555 488 230 112 118 67 258 62 196
internal_count=555 488 230 112 118 67 258 62 196
is_linear=0
shrinkage=0.0167612


Tree=183
num_leaves=7
num_cat=1
split_feature=94 13 1 204 146 145
split_gain=0.103078 0.360004 0.161148 0.10457 0.0483027 0.00724219
threshold=3.5000000000000004 1079100.7241568628 0 14.500000000000002 1.5000000000000002 10.500000000000002
decision_type=10 2 1 8 8 10
left_child=1 2 4 -4 -1 -3
right_child=-2 5 3 -5 -6 -7
leaf_value=0.00028820366420411326 -0.00062292771634934975 -0.00044938892556546639 0.0004578756668720411 -0.00013505610299196168 0.00088518958553413418 -0.0011935297758684669
leaf_weight=24 32 25 80 236 113 45
leaf_count=24 32 25 80 236 113 45
internal_value=0 6.01966e-05 0.000246523 1.77408e-05 0.000658278 -0.000819265
internal_weight=555 523 453 316 137 70
internal_count=555 523 453 316 137 70
cat_boundaries=0 1
cat_threshold=24
is_linear=0
shrinkage=0.0167612


Tree=184
num_leaves=10
num_cat=0
split_feature=110 87 83 194 53 6 195 123 41
split_gain=0.423637 0.295558 0.367561 0.218693 0.087344 0.0748433 0.0325501 0.0220106 0.00663619
threshold=1.5000000000000002 1380.0000000000002 0.99999999998728251 0.15394736842105264 11989.413480872377 1.5000000000000002 26.500000000000004 35.500000000000007 1.0000000180025095e-35
decision_type=8 10 10 8 10 2 10 8 10
left_child=3 6 4 7 -3 -5 -2 8 -1
right_child=1 2 -4 5 -6 -7 -8 -9 -10
leaf_value=0.00017826637093907292 -0.00017393539489478043 -0.0023993012593629781 -0.00031783304810508058 0.0005810114930370259 -0.0011593368069745234 0.0014455195815909025 0.00018242077383677206 -0.00030584935630714922 5.3384383642976951e-06
leaf_weight=24 190 33 34 94 39 42 49 31 25
leaf_count=24 190 33 34 94 39 42 49 31 25
internal_value=-4.07088e-05 -0.000400828 -0.00105403 0.000480034 -0.00171289 0.000889989 -7.68747e-05 2.47967e-05 1.2479e-05
internal_weight=561 345 106 216 72 136 239 80 49
internal_count=561 345 106 216 72 136 239 80 49
is_linear=0
shrinkage=0.0167612


Tree=185
num_leaves=11
num_cat=0
split_feature=182 204 69 32 159 119 10 210 118 121
split_gain=0.16471 0.262323 0.47931 0.183434 0.120425 0.0420755 0.0295252 0.0288831 0.0145405 9.86439e-05
threshold=109.50000000000001 13.500000000000002 1.0000000180025095e-35 1.0000000180025095e-35 1.5000000000000002 341961.51332199556 -0.24999999999999994 1.7000000000000002 1.0000000180025095e-35 116.08355345000001
decision_type=10 10 10 8 10 10 2 10 10 10
left_child=1 3 -3 8 -4 -2 -5 -7 -1 -9
right_child=5 2 4 6 -6 7 -8 9 -10 -11
leaf_value=0.00074498167437209834 0.00086849254010033393 -0.0021631522977281748 -2.1470812538831733e-05 -4.5026318014685724e-05 -0.00085745313851392092 0.00042368117964170562 -0.00041589319780324478 -1.1308870823128425e-05 0.00019932790396892186 1.8908540057666213e-05
leaf_weight=68 28 24 74 80 29 47 108 25 45 33
leaf_count=68 28 24 74 80 29 47 108 25 45 33
internal_value=-3.92434e-05 -0.000207102 -0.000776788 1.53214e-05 -0.000305832 0.000397312 -0.00023775 0.000214569 0.000510577 5.22934e-05
internal_weight=561 428 127 301 103 133 188 105 113 58
internal_count=561 428 127 301 103 133 188 105 113 58
is_linear=0
shrinkage=0.0167612


Tree=186
num_leaves=11
num_cat=0
split_feature=110 168 205 119 120 6 99 5 203 207
split_gain=0.212119 0.274086 0.417537 0.0699402 0.0680848 0.115519 0.0364856 0.022533 0.0165503 0.0131069
threshold=4.5000000000000009 1.0000000180025095e-35 15.309523809523812 341961.51332199556 1.0000000180025095e-35 1.5000000000000002 -0.55861861736451679 1.5000000000000002 54.534722222222229 184468.52132459087
decision_type=8 8 8 10 10 2 8 2 8 8
left_child=4 2 -2 -4 5 9 -6 -3 -9 -1
right_child=1 7 3 -5 6 -7 -8 8 -10 -11
leaf_value=6.3594699451004075e-05 -0.00029363594240900938 -0.00026281943889666128 -0.0026806608421704051 -0.0013230475615725137 0.00036015436554601957 0.0011856859767091167 -7.2210056349830321e-05 0.00029260906066934405 3.467813954486878e-06 0.00029876643281340681
leaf_weight=36 28 57 24 25 39 35 110 24 150 33
leaf_count=36 28 57 24 25 39 35 110 24 150 33
internal_value=-3.85655e-05 -0.000330424 -0.0010555 -0.00191052 0.000280142 0.000587097 3.88431e-05 -3.92998e-05 3.12986e-05 0.000186085
internal_weight=561 308 77 49 253 104 149 231 174 69
internal_count=561 308 77 49 253 104 149 231 174 69
is_linear=0
shrinkage=0.0167612


Tree=187
num_leaves=8
num_cat=0
split_feature=116 75 101 37 214 13 65
split_gain=0.241857 0.404253 0.182202 0.171044 0.160378 0.0191627 0.00957968
threshold=1.0000000180025095e-35 488427.02706552716 223905.01755796268 1.0000000180025095e-35 3.5000000000000004 407216.3798844539 1.0000000180025095e-35
decision_type=10 8 10 8 10 2 8
left_child=2 -2 3 4 -1 -5 -4
right_child=1 -3 6 5 -6 -7 -8
leaf_value=0.00021892404396973159 -0.00030123614357079374 -0.0020266817105259812 -0.00031094571343856135 -2.8818888364215839e-05 0.0010945079727324011 -0.00031448614546189247 -0.0010331023085139879
leaf_weight=224 25 25 25 80 56 99 27
leaf_count=224 25 25 25 80 56 99 27
internal_value=-3.69725e-05 -0.000882903 5.62075e-05 0.000180311 0.00043745 -0.000152171 -0.000633826
internal_weight=561 50 511 459 280 179 52
internal_count=561 50 511 459 280 179 52
is_linear=0
shrinkage=0.0167612


Tree=188
num_leaves=8
num_cat=0
split_feature=116 205 205 133 110 184 87
split_gain=0.23396 0.386739 0.126097 0.124841 0.0413849 0.040236 0.00811134
threshold=1.0000000180025095e-35 22.222222222222225 16.582251082251087 1105520.7633333334 10.500000000000002 517337.39143451746 1380.0000000000002
decision_type=10 8 8 8 8 10 8
left_child=2 -2 3 -1 5 -4 -6
right_child=1 -3 4 -5 6 -7 -8
leaf_value=0.00024165706644974921 -0.00028435465731184098 -0.0019704014048418034 0.00036720883564734689 0.0012012445841065554 -5.7523379280418993e-05 1.2763424620174044e-05 -0.00023943492241385248
leaf_weight=29 24 26 80 34 41 138 189
leaf_count=29 24 26 80 34 41 138 189
internal_value=-3.64653e-05 -0.000868566 5.49209e-05 0.000616609 -2.09819e-05 0.000107001 -0.000183708
internal_weight=561 50 511 63 448 218 230
internal_count=561 50 511 63 448 218 230
is_linear=0
shrinkage=0.0167612


Tree=189
num_leaves=10
num_cat=0
split_feature=13 55 128 35 194 207 5 74 22
split_gain=0.277477 0.280702 0.171062 0.213997 0.106608 0.0558235 0.0352118 0.0314332 0.0142189
threshold=620458.50000000012 1.0000000180025095e-35 1.0000000180025095e-35 1.0000000180025095e-35 0.12060606060606062 146082.58307039159 1.5000000000000002 1.0000000180025095e-35 1.0000000180025095e-35
decision_type=2 8 10 10 10 10 2 10 10
left_child=2 -2 6 -4 5 -3 8 -8 -1
right_child=1 4 3 -5 -6 -7 7 -9 -10
leaf_value=-0.00042372751525722371 -0.0014171487588520301 -0.00049708434329455604 0.0014787251022820016 0.00038208799535463571 0.00030818594240052268 -6.0187741326698485e-05 0.00034359933601364544 4.0900346385667936e-05 -9.1478771758962734e-05
leaf_weight=31 35 166 49 24 43 25 105 59 24
leaf_count=31 35 166 49 24 43 25 105 59 24
internal_value=-3.56683e-05 -0.000412344 0.000284937 0.000875323 -0.000192009 -0.000361301 4.55374e-05 0.000171636 -0.000208944
internal_weight=561 269 292 73 234 191 219 164 55
internal_count=561 269 292 73 234 191 219 164 55
is_linear=0
shrinkage=0.0167612


Tree=190
num_leaves=9
num_cat=0
split_feature=98 5 144 13 140 126 182 124
split_gain=0.231416 0.241205 0.229446 0.103534 0.0492759 0.0460585 0.0736714 0.0474772
threshold=0.82877288492654266 1.5000000000000002 1.0000000180025095e-35 400286.61722370778 1.0000000180025095e-35 0.25518799914683538 95.500000000000014 127.50000000000001
decision_type=8 2 8 2 10 8 10 8
left_child=4 2 -2 -4 -1 6 -3 -7
right_child=1 5 3 -5 -6 7 -8 -9
leaf_value=0.00024594271117512218 -0.001754232157681697 -0.00067120583863289861 3.6033221423538297e-05 -0.00069447914672534879 0.0010725863297014969 0.00059597006578291484 -5.9204165087204003e-05 3.5619448507117695e-05
leaf_weight=40 24 39 33 67 41 24 56 237
leaf_count=40 24 39 33 67 41 24 56 237
internal_value=-3.52028e-05 -0.000186049 -0.000749545 -0.000403022 0.000631502 -2.34483e-06 -0.00023659 0.000136464
internal_weight=561 480 124 100 81 356 95 261
internal_count=561 480 124 100 81 356 95 261
is_linear=0
shrinkage=0.0167612


Tree=191
num_leaves=11
num_cat=0
split_feature=13 110 128 32 201 194 203 139 119 11
split_gain=0.204124 0.35162 0.125325 0.148579 0.0931074 0.0818163 0.0371028 0.0425989 0.0259175 0.0166025
threshold=646533.28993110557 2.5000000000000004 1.0000000180025095e-35 1.0000000180025095e-35 1.0000000180025095e-35 0.041241496598639411 36.377839225755494 0.37096774193548393 444551.40625000006 -0.24999999999999994
decision_type=2 10 10 10 8 10 8 10 8 2
left_child=2 4 6 -4 5 -2 8 -8 -1 -6
right_child=1 -3 3 -5 9 -7 7 -9 -10 -11
leaf_value=0.00059268040038230375 -1.3850539659256291e-05 -0.0014556633525896251 0.0011707084620804986 0.00029991089626343794 -0.00011399796818390893 0.00063892201812018753 -9.6420455020451641e-06 -0.00043929230361421242 0.00012355733526523351 -0.00060387967666418257
leaf_weight=31 44 38 56 24 58 47 137 39 28 59
leaf_count=31 44 38 56 24 58 47 137 39 28 59
internal_value=-3.39964e-05 -0.000383307 0.000216842 0.000702148 -0.000105256 0.000206569 1.59758e-05 -8.03173e-05 0.000308656 -0.00038357
internal_weight=561 246 315 80 208 91 235 176 59 117
internal_count=561 246 315 80 208 91 235 176 59 117
is_linear=0
shrinkage=0.0167612


Tree=192
num_leaves=10
num_cat=0
split_feature=133 13 222 65 11 68 194 151 102
split_gain=0.123639 0.397798 0.199307 0.249656 0.152218 0.149808 0.0967168 0.0675269 0.0102939
threshold=667242.50000000012 407216.3798844539 1.0000000180025095e-35 1.0000000180025095e-35 -0.24999999999999994 1.0000000180025095e-35 0.028484848484848453 1.0000000180025095e-35 1.0000000180025095e-35
decision_type=10 2 10 10 2 10 10 10 8
left_child=1 2 3 -1 7 -6 8 -3 -2
right_child=6 4 -4 -5 5 -7 -8 -9 -10
leaf_value=0.00064862531190099256 -0.0010860091539810857 0.00041702320288521198 0.0001543672953499144 0.0020786789722667116 -0.00099043103180801863 -0.00018263676422140422 -0.00011389380757178229 -0.00017675404164539608 -0.00037700834153438819
leaf_weight=99 46 60 43 26 98 33 53 59 24
leaf_count=99 46 60 43 26 98 33 53 59 24
internal_value=-1.68888e-05 9.93267e-05 0.00068764 0.00105405 -0.000268773 -0.000648318 -0.000436858 3.02949e-05 -0.000819169
internal_weight=541 418 168 125 250 131 123 119 70
internal_count=541 418 168 125 250 131 123 119 70
is_linear=0
shrinkage=0.0167612


Tree=193
num_leaves=7
num_cat=0
split_feature=75 171 17 151 10 15
split_gain=0.166889 0.0897127 0.126734 0.116854 0.110858 0.0822589
threshold=585478.7045454547 1.0000000180025095e-35 1032484.393809524 1.0000000180025095e-35 0.25000000000000011 1.0000000180025095e-35
decision_type=10 10 8 10 2 2
left_child=1 3 -3 5 -5 -1
right_child=-2 2 -4 4 -6 -7
leaf_value=2.5962992111871683e-05 -0.00073974438043413067 0.00016862484553728773 0.00099312414662213844 -3.9613693069865389e-05 -0.00067538455523492088 0.00062128415046263394
leaf_weight=141 46 28 47 118 93 68
leaf_count=141 46 28 47 118 93 68
internal_value=-1.60015e-05 5.81045e-05 0.000499296 -1.30072e-05 -0.000289709 0.000221826
internal_weight=541 495 75 420 211 209
internal_count=541 495 75 420 211 209
is_linear=0
shrinkage=0.0167612


Tree=194
num_leaves=11
num_cat=1
split_feature=0 10 196 163 20 106 209 146 212 11
split_gain=0.217933 0.19972 0.145514 0.0998671 0.091965 0.078717 0.0308867 0.0261721 0.0198991 0.0116394
threshold=0 -0.24999999999999994 48.885112432153015 17.500000000000004 16.500000000000004 1.0000000180025095e-35 1.0000000180025095e-35 33.500000000000007 0.99999999998285471 -0.24999999999999994
decision_type=9 2 8 10 10 8 10 10 10 2
left_child=2 6 7 5 -3 -4 -2 -1 -5 -6
right_child=1 4 3 8 9 -7 -8 -9 -10 -11
leaf_value=-0.00041008795954262115 0.00034862555671338094 -0.00028861824958319437 -5.0095602715405532e-05 0.0016343697271999839 -0.00055733525785587993 0.00054387758879523383 3.6194350579842269e-06 -5.3386056356829563e-05 0.00068609162104362202 -0.0013221841786316686
leaf_weight=41 59 94 39 24 25 89 62 24 24 60
leaf_count=41 59 94 39 24 25 89 62 24 24 60
internal_value=-1.58712e-05 -0.000309551 0.0003105 0.000589951 -0.000668145 0.000314822 7.24867e-05 -0.000121938 0.00114202 -0.00106075
internal_weight=541 300 241 176 179 128 121 65 48 85
internal_count=541 300 241 176 179 128 121 65 48 85
cat_boundaries=0 1
cat_threshold=1055566
is_linear=0
shrinkage=0.0167612


Tree=195
num_leaves=7
num_cat=0
split_feature=184 160 57 6 152 177
split_gain=0.147929 0.125993 0.120241 0.161345 0.240066 0.143767
threshold=1059952.436443168 31.500000000000004 913456.17981397116 1.0000000180025095e-35 1.0000000180025095e-35 1.0000000180025095e-35
decision_type=10 8 10 2 8 8
left_child=2 -2 3 4 -1 -5
right_child=1 -3 -4 5 -6 -7
leaf_value=-0.0011796212305066991 -0.00028173236210891472 -0.0012842517464321088 0.00074580940478584097 0.00066702134465865389 -8.7702341881110154e-05 1.1642884435704664e-05
leaf_weight=52 25 30 30 87 65 252
leaf_count=52 25 30 30 87 65 252
internal_value=-1.53893e-05 -0.00065857 6.11796e-05 2.4089e-06 -0.000473391 0.000168621
internal_weight=541 55 486 456 117 339
internal_count=541 55 486 456 117 339
is_linear=0
shrinkage=0.0167612


Tree=196
num_leaves=8
num_cat=1
split_feature=0 194 121 74 176 151 140
split_gain=0.186348 0.101375 0.15664 0.107386 0.0475735 0.0323931 0.0219848
threshold=0 0.06749241658240647 116.07631110000001 1.0000000180025095e-35 37.500000000000007 1.0000000180025095e-35 1.0000000180025095e-35
decision_type=9 8 10 10 8 10 10
left_child=4 6 3 -3 -1 -4 -2
right_child=1 2 5 -5 -6 -7 -8
leaf_value=-0.00088199232870834825 -9.7908533868453418e-05 0.00025000991599195805 0.00051588666145892205 -0.00037545464701417141 -0.00016341006374184924 0.0013195286727696054 -0.00055836425241822998
leaf_weight=68 36 204 55 71 42 26 39
leaf_count=68 36 204 55 71 42 26 39
internal_value=-1.44824e-05 0.000124598 0.000261191 5.47391e-05 -0.000530613 0.00080712 -0.000286491
internal_weight=541 431 356 275 110 81 75
internal_count=541 431 356 275 110 81 75
cat_boundaries=0 1
cat_threshold=32913
is_linear=0
shrinkage=0.0167612


Tree=197
num_leaves=10
num_cat=0
split_feature=13 13 177 55 214 153 106 19 102
split_gain=0.393759 0.193929 0.35303 0.254484 0.153991 0.282011 0.111915 0.0215772 0.014102
threshold=674353.63636363647 407216.3798844539 1.0000000180025095e-35 1.0000000180025095e-35 3.5350000000000006 509443.6486486487 1.0000000180025095e-35 1.0000000180025095e-35 1.0000000180025095e-35
decision_type=2 2 8 10 8 10 8 10 10
left_child=1 2 -1 -3 5 -2 -4 -7 -5
right_child=4 3 6 8 -6 7 -8 -9 -10
leaf_value=0.001915739921105627 -0.0014573084570664425 -0.00049004065692715999 1.3515692985396362e-05 0.0010260946642647638 -0.00012836576799437916 7.6179321348790571e-05 0.00069342981130143615 -0.00029754089593569223 0.00028851017022124824
leaf_weight=24 79 106 66 29 61 30 79 42 25
leaf_count=24 79 106 66 29 61 30 79 42 25
internal_value=-1.4324e-05 0.000314125 0.000692761 -2.28085e-07 -0.000547311 -0.00085141 0.000363447 -0.000175468 0.000638642
internal_weight=541 329 169 160 212 151 145 72 54
internal_count=541 329 169 160 212 151 145 72 54
is_linear=0
shrinkage=0.0167612


Tree=198
num_leaves=9
num_cat=0
split_feature=13 25 6 151 194 80 139 164
split_gain=0.241235 0.337192 0.182411 0.0873394 0.0802584 0.123061 0.0408736 0.0249326
threshold=350494.38031462586 1.0000000180025095e-35 1.0000000180025095e-35 1.0000000180025095e-35 0.17157275021026072 5.5000000000000009 0.98387096774193561 1.0000000180025095e-35
decision_type=2 8 2 8 8 8 10 10
left_child=1 7 3 -2 6 -6 -4 -1
right_child=2 -3 4 -5 5 -7 -8 -9
leaf_value=-0.00034090783949216035 -0.00025168520826431668 0.0013059519047060081 -9.2705318190834969e-05 -0.0011395440751654003 0.00051617872366773094 -0.00013488841844963031 -0.00072036691833573857 3.1784868002891899e-06
leaf_weight=34 37 62 55 64 109 114 39 27
leaf_count=34 37 62 55 64 109 114 39 27
internal_value=-1.28836e-05 0.000541701 -0.000212887 -0.000749924 -1.18531e-05 0.000139874 -0.000365506 7.77006e-06
internal_weight=541 123 418 101 317 223 94 61
internal_count=541 123 418 101 317 223 94 61
is_linear=0
shrinkage=0.0167612


Tree=199
num_leaves=8
num_cat=0
split_feature=214 143 15 225 20 139 38
split_gain=0.241547 0.113843 0.119872 0.0833986 0.049219 0.0363996 0.0235919
threshold=4.1650000000000009 1.0000000180025095e-35 1.0000000180025095e-35 27.500000000000004 12.500000000000002 0.57258064516129037 2.3193473193473202
decision_type=10 8 2 8 10 10 8
left_child=1 4 5 -4 6 -3 -1
right_child=-2 2 3 -5 -6 -7 -8
leaf_value=-0.00037129856603839394 0.00082616046797811843 -1.9061078308033e-05 0.00017797757781499101 0.00080047643085587609 -0.0006797202032492051 -0.00051551846961194576 -1.7905676858072797e-05
leaf_weight=24 47 167 30 68 107 33 65
leaf_count=24 47 167 30 68 107 33 65
internal_value=-1.2726e-05 -0.000137306 2.81531e-05 0.000463647 -0.000433005 -0.000150044 -0.000115033
internal_weight=541 494 298 98 196 200 89
internal_count=541 494 298 98 196 200 89
is_linear=0
shrinkage=0.0167612


Tree=200
num_leaves=10
num_cat=0
split_feature=10 37 13 214 140 119 153 119 141
split_gain=0.227201 0.345783 0.27866 0.214219 0.176061 0.141169 0.226578 0.135043 0.0035365
threshold=-0.24999999999999994 1.0000000180025095e-35 603248.51836917584 1.6550000000000002 1.0000000180025095e-35 773677.08333333337 330339.98473214294 924112.25338345871 1.0000000180025095e-35
decision_type=2 8 2 10 10 8 10 10 10
left_child=1 2 4 -2 -1 8 -7 -4 -5
right_child=3 -3 7 5 -6 6 -8 -9 -10
leaf_value=0.00089504590315700569 0.00015123057681579386 -0.00032182220309248791 0.00069866366326466463 -3.2191136253425742e-05 0.0024105297585357462 -0.0013143002906870534 -0.00026476923501475666 -0.00021223784900517378 -0.00015217660991887315
leaf_weight=35 117 73 47 44 28 102 24 44 35
leaf_count=35 117 73 47 44 28 102 24 44 35
internal_value=0 0.000362411 0.000815645 -0.000284574 0.00155048 -0.000611858 -0.00094801 0.000265716 -0.000117063
internal_weight=549 227 154 322 63 205 126 91 79
internal_count=549 227 154 322 63 205 126 91 79
is_linear=0
shrinkage=0.0167612


Tree=201
num_leaves=11
num_cat=0
split_feature=10 151 199 45 13 139 37 7 114 162
split_gain=0.22428 0.277036 0.228826 0.370357 0.14318 0.0249965 0.0214701 0.0417854 0.0180635 0.0057066
threshold=0.25000000000000011 1.0000000180025095e-35 -8.5191404499999983 350297.35862248793 656555.58531746047 0.98387096774193561 1.0000000180025095e-35 1.0000000180025095e-35 58076973.65377599 1143294.4244927387
decision_type=2 10 10 10 2 10 8 2 8 8
left_child=2 8 6 -4 5 -3 -1 -8 -2 -5
right_child=1 4 3 9 -6 -7 7 -9 -10 -11
leaf_value=-5.1648092424950537e-05 -0.0001030091238585651 -0.00022533372298965234 0.0012893478706164369 4.2636196011143761e-05 -0.0017420632704272365 -0.00068669247347469774 -0.00062285048723035273 -8.9448019000117467e-05 0.00019165167539333142 -0.00012074195938529705
leaf_weight=39 37 28 93 59 32 40 46 50 86 39
leaf_count=39 37 28 93 59 32 40 46 50 86 39
internal_value=0 -0.000390983 0.000252694 0.00061903 -0.000981469 -0.000562902 -0.000159418 -0.000328735 -9.70391e-06 9.91513e-05
internal_weight=549 223 326 191 100 68 135 96 123 98
internal_count=549 223 326 191 100 68 135 96 123 98
is_linear=0
shrinkage=0.0167612


Tree=202
num_leaves=9
num_cat=0
split_feature=6 139 10 56 74 162 57 102
split_gain=0.209849 0.160174 0.0819589 0.334651 0.174511 0.082802 0.0683034 0.0127939
threshold=1.0000000180025095e-35 0.57258064516129037 1.0000000180025095e-35 1.0000000180025095e-35 1.0000000180025095e-35 205845.99561403514 1194024.2065442686 1.0000000180025095e-35
decision_type=2 10 2 8 10 10 8 10
left_child=1 7 3 -2 5 -4 -5 -1
right_child=2 -3 4 6 -6 -7 -8 -9
leaf_value=-0.00022331510753153478 0.0013759634153813994 -0.001166747756751939 0.00050896937805185367 0.00036384851501741891 -0.00076886092311548738 -9.832944029340582e-05 -0.0001581731076292992 -3.0642035265382646e-06
leaf_weight=60 41 47 77 86 40 62 107 29
leaf_count=60 41 47 77 86 40 62 107 29
internal_value=0 -0.00051662 0.000167774 0.000372265 -3.34527e-05 0.000160904 6.58925e-05 -0.000128336
internal_weight=549 136 413 234 179 139 193 89
internal_count=549 136 413 234 179 139 193 89
is_linear=0
shrinkage=0.0167612


Tree=203
num_leaves=11
num_cat=0
split_feature=10 151 202 17 120 203 46 7 141 97
split_gain=0.214466 0.264889 0.212644 0.168166 0.104103 0.0999059 0.0375554 0.018597 0.0126125 0.00272451
threshold=0.25000000000000011 1.0000000180025095e-35 1.0000000180025095e-35 310632.45188343606 1.0000000180025095e-35 48.191374663072786 1.0000000180025095e-35 1.0000000180025095e-35 1.0000000180025095e-35 0.032795698924731158
decision_type=2 10 10 10 10 8 10 2 8 8
left_child=2 8 5 4 -4 -1 -3 -7 -2 -5
right_child=1 6 3 9 -6 7 -8 -9 -10 -11
leaf_value=0.00036834310929536332 -5.410663196602198e-05 -0.00067715526593873949 0.0015726886084719593 -6.5366244550206187e-05 0.00054189668945752714 -0.00054900782287597765 -0.0015008431183647498 -8.0652432186706195e-05 0.00017200509160951972 9.6864353852210946e-05
leaf_weight=39 42 69 49 24 57 67 31 64 81 26
leaf_count=39 42 69 49 24 57 67 31 64 81 26
internal_value=0 -0.000382876 0.000246498 0.000667898 0.00104102 -7.28172e-05 -0.000960329 -0.000341228 -1.14467e-05 0.000181734
internal_weight=549 223 326 156 106 170 100 131 123 50
internal_count=549 223 326 156 106 170 100 131 123 50
is_linear=0
shrinkage=0.0167612


Tree=204
num_leaves=9
num_cat=0
split_feature=10 59 45 102 123 83 11 140
split_gain=0.207766 0.297826 0.401404 0.191694 0.0813949 0.181518 0.0513778 0.0121314
threshold=-0.24999999999999994 1.0000000180025095e-35 707484.67359307373 1.0000000180025095e-35 45.000000000000007 1.0150472169761409 -0.24999999999999994 1.0000000180025095e-35
decision_type=2 8 10 8 8 10 2 10
left_child=1 2 -1 4 -2 -6 -3 -5
right_child=3 6 -4 7 5 -7 -8 -9
leaf_value=0.0014188353591412116 -0.0002142848671031217 -8.4012993304590254e-05 6.1909115354368669e-05 0.00013823105241098796 -0.0013557516309180056 -0.00034816064497951899 -0.00061659279184297542 -8.0287552664969384e-05
leaf_weight=93 41 35 53 139 76 32 46 34
leaf_count=93 41 35 53 139 76 32 46 34
internal_value=0 0.000346557 0.000794923 -0.000272137 -0.000684345 -0.000944245 -0.000241336 1.62528e-05
internal_weight=549 227 146 322 149 108 81 173
internal_count=549 227 146 322 149 108 81 173
is_linear=0
shrinkage=0.0167612


Tree=205
num_leaves=9
num_cat=0
split_feature=10 186 199 45 209 119 7 55
split_gain=0.202428 0.230191 0.211344 0.328759 0.131283 0.0895746 0.0337366 0.0124486
threshold=0.25000000000000011 1.0000000180025095e-35 -8.5191404499999983 168681.62500000003 10.500000000000002 1029411.6643269431 1.0000000180025095e-35 1.0000000180025095e-35
decision_type=2 8 10 10 10 10 2 10
left_child=2 4 6 7 -2 -5 -1 -4
right_child=1 -3 3 5 -6 -7 -8 -9
leaf_value=-0.00041235049603615092 -0.0012638750994865037 4.6877082927589985e-05 0.0017312711048914021 0.0003354915669981935 -0.00023379904452334297 -0.00040801003237632801 -3.394924037215392e-05 0.00088953274623778267
leaf_weight=68 75 100 42 68 48 41 67 40
leaf_count=68 75 100 42 68 48 41 67 40
internal_value=0 -0.000372245 0.000239181 0.000591645 -0.000834228 8.66014e-05 -0.000155647 0.00128268
internal_weight=549 223 326 191 123 109 135 82
internal_count=549 223 326 191 123 109 135 82
is_linear=0
shrinkage=0.0167612


Tree=206
num_leaves=9
num_cat=0
split_feature=214 138 83 7 104 98 47 70
split_gain=0.170981 0.126663 0.142778 0.0739919 0.0999869 0.070934 0.0491006 0.00483661
threshold=3.5000000000000004 1.0000000180025095e-35 1.1193406373025092 1.0000000180025095e-35 690.00000000000011 0.82458719403352942 1.0000000180025095e-35 1340096.0582341272
decision_type=10 10 8 2 8 10 10 8
left_child=1 3 -3 6 -5 7 -1 -2
right_child=5 2 -4 4 -6 -7 -8 -9
leaf_value=-0.00035207978502369399 0.0012397702251599352 -0.0013058593595390276 -0.00022131966384718283 0.00086959484978471613 6.3611911003336595e-05 0.00019432127755904978 -5.0386301946431855e-06 0.000519725302532231
leaf_weight=153 29 34 38 31 71 33 128 32
leaf_count=153 29 34 38 31 71 33 128 32
internal_value=0 -0.000143133 -0.000671287 -8.7385e-06 0.000305255 0.000537414 -0.000156034 0.000890716
internal_weight=549 455 72 383 102 94 281 61
internal_count=549 455 72 383 102 94 281 61
is_linear=0
shrinkage=0.0167612


Tree=207
num_leaves=11
num_cat=1
split_feature=0 214 13 119 141 213 141 5 201 118
split_gain=0.347114 0.187077 0.327323 0.14805 0.150883 0.0480369 0.0466431 0.0369203 0.0130644 0.00891093
threshold=0 3.5350000000000006 366218.75088881719 678295.92500000016 1.0000000180025095e-35 80.500000000000014 1.0000000180025095e-35 2.5000000000000004 1.0000000180025095e-35 1.0000000180025095e-35
decision_type=9 10 2 10 10 8 8 2 10 8
left_child=1 2 7 4 -2 -5 -4 -1 -6 -7
right_child=3 -3 6 5 8 9 -8 -9 -10 -11
leaf_value=-0.00010662491756547746 0.00077669285230647425 0.00017646575097888474 -0.00078530871736604197 -0.00054638216966628622 2.8878458867710146e-05 0.00017862382272203941 -0.0016329104675804375 0.00037539843738102385 -0.00022782839268350069 -6.5126628949965432e-05
leaf_weight=37 187 29 57 24 28 28 65 26 28 40
leaf_count=37 187 29 57 24 28 28 65 26 28 40
internal_value=0 -0.000484743 -0.000752916 0.000305048 0.000541982 -9.53808e-05 -0.00122949 -0.00010068 7.21408e-05 -2.05642e-05
internal_weight=549 214 185 335 243 92 122 63 56 68
internal_count=549 214 185 335 243 92 122 63 56 68
cat_boundaries=0 1
cat_threshold=17392786
is_linear=0
shrinkage=0.0167612


Tree=208
num_leaves=7
num_cat=0
split_feature=94 13 116 214 6 47
split_gain=0.129137 0.1948 0.119096 0.0883465 0.0429256 0.0296879
threshold=3.5000000000000004 315221.905994898 1.0000000180025095e-35 3.5000000000000004 1.0000000180025095e-35 404389.4742746827
decision_type=10 2 8 10 2 8
left_child=1 5 3 -3 -4 -1
right_child=-2 2 4 -5 -6 -7
leaf_value=0.0012503479190464481 -0.00066013383071488797 1.2166829869516339e-05 -0.00079437644459437289 0.00060173216010688414 -0.00017963854506319266 0.00047051858786679052
leaf_weight=24 34 211 39 60 110 55
leaf_count=24 34 211 39 60 110 55
internal_value=1.12644e-05 9.65275e-05 -2.0982e-05 0.00014952 -0.000380843 0.00073013
internal_weight=533 499 420 271 149 79
internal_count=533 499 420 271 149 79
is_linear=0
shrinkage=0.0167612


Tree=209
num_leaves=10
num_cat=0
split_feature=11 196 141 116 7 53 119 216 171
split_gain=0.155423 0.183243 0.141053 0.102279 0.0376289 0.0303789 0.0329766 0.0194414 0.0164943
threshold=-0.24999999999999994 35.560924369747902 1.0000000180025095e-35 1.0000000180025095e-35 1.0000000180025095e-35 89525.64549988728 470435.03323503438 0.13064516129032258 1.0000000180025095e-35
decision_type=2 8 8 10 2 10 10 10 10
left_child=1 -1 7 5 -4 6 -2 -3 -7
right_child=3 2 4 -5 -6 8 -8 -9 -10
leaf_value=-0.00028479472031364494 -7.6983364526019739e-05 0.00073136270914423004 4.569955057230339e-05 -0.00085978516098141706 0.00046066299772345477 0.00030494640133733278 -0.00058885397486583906 0.0015756469740962999 3.3751860726408139e-05
leaf_weight=41 181 41 67 27 40 43 25 31 37
leaf_count=41 181 41 67 27 40 43 25 31 37
internal_value=1.05923e-05 0.000340007 0.000604113 -0.00020006 0.000209519 -8.52842e-05 -0.000196345 0.0011088 0.000100567
internal_weight=533 220 179 313 107 286 206 72 80
internal_count=533 220 179 313 107 286 206 72 80
is_linear=0
shrinkage=0.0167612


Tree=210
num_leaves=8
num_cat=0
split_feature=5 205 15 111 116 99 184
split_gain=0.0667348 0.0665662 0.0682379 0.0806644 0.0652745 0.0228907 0.00665544
threshold=1.5000000000000002 8.5220864661654154 1.0000000180025095e-35 900.00000000000011 1.0000000180025095e-35 -0.66575608250561447 742683.12989801413
decision_type=2 8 2 8 8 8 8
left_child=4 -2 5 -4 6 -3 -1
right_child=1 2 3 -5 -6 -7 -8
leaf_value=-0.0001369478129613962 0.0006095594523267703 6.0893637664847399e-05 0.00065970395577548456 6.2610620018459411e-05 -0.00063977102437824695 -0.00021558139803777487 8.5753200966586163e-05
leaf_weight=33 39 34 70 72 52 184 49
leaf_count=33 39 34 70 72 52 184 49
internal_value=8.9843e-06 0.000128227 3.7646e-05 0.0003038 -0.000259844 -0.000113204 -4.82332e-05
internal_weight=533 399 360 142 134 218 82
internal_count=533 399 360 142 134 218 82
is_linear=0
shrinkage=0.0167612


Tree=211
num_leaves=10
num_cat=0
split_feature=99 11 12 152 106 110 214 99 173
split_gain=0.0916077 0.13812 0.097989 0.147517 0.0811824 0.161694 0.0760792 0.00923877 0.00249415
threshold=-0.53318265629272121 -0.24999999999999994 1.0000000180025095e-35 1.0000000180025095e-35 1.0000000180025095e-35 1.5000000000000002 3.3750000000000004 0.69176680844356164 1.0000000180025095e-35
decision_type=8 2 2 10 10 10 10 10 10
left_child=6 2 7 -4 5 -3 8 -2 -1
right_child=1 4 3 -5 -6 -7 -8 -9 -10
leaf_value=0.00013979070073907822 -0.00011683962239534797 -0.00017608247933263206 0.0011525925931737708 0.00025098373990351159 5.7257550961523825e-05 -0.001093451648734088 0.00087040820318249506 0.0001170369270833339 1.9937214251797028e-05
leaf_weight=28 89 154 45 28 37 59 41 26 26
leaf_count=28 89 154 45 28 37 59 41 26 26
internal_value=8.88122e-06 -7.41296e-05 0.000211414 0.000626978 -0.000332152 -0.00048437 0.000419341 2.95567e-05 0.000107823
internal_weight=533 438 188 73 250 213 95 115 54
internal_count=533 438 188 73 250 213 95 115 54
is_linear=0
shrinkage=0.0167612


Tree=212
num_leaves=7
num_cat=0
split_feature=99 116 12 119 11 103
split_gain=0.0863994 0.093975 0.108624 0.0769131 0.0634653 0.0441157
threshold=-0.38999155354112652 1.0000000180025095e-35 1.0000000180025095e-35 683200.60470085486 -0.24999999999999994 67801.498117417694
decision_type=8 10 2 8 2 10
left_child=3 2 5 -1 -4 -2
right_child=1 -3 4 -5 -6 -7
leaf_value=0.00077390897341906878 -0.00033859489369355189 -0.00066879392560956717 0.00064794262112267888 9.2229872905726475e-05 5.7585898019085971e-05 4.2400569942551847e-05
leaf_weight=54 200 33 67 58 82 39
leaf_count=54 200 33 67 58 82 39
internal_value=8.81374e-06 -8.11369e-05 -3.72886e-06 0.000378435 0.000310229 -0.000213213
internal_weight=533 421 388 112 149 239
internal_count=533 421 388 112 149 239
is_linear=0
shrinkage=0.0167612


Tree=213
num_leaves=8
num_cat=0
split_feature=182 98 11 12 5 72 83
split_gain=0.0999869 0.182086 0.124285 0.116071 0.102519 0.0765062 0.0547302
threshold=87.000000000000014 0.87023000654796034 0.6830127018922193 1.0000000180025095e-35 1.5000000000000002 1.0000000180025095e-35 1.043977653693035
decision_type=10 10 2 2 2 8 10
left_child=1 2 3 -1 -3 -4 -2
right_child=6 4 5 -5 -6 -7 -8
leaf_value=-3.7069242529683504e-05 8.1594457191192475e-05 -0.0014548019690748164 -0.00085243651488529134 0.00055601888457436919 -0.00031748171899893222 -0.00011493137317247101 0.00066263739837904134
leaf_weight=116 65 24 40 129 39 47 73
leaf_count=116 65 24 40 129 39 47 73
internal_value=8.58924e-06 -0.000105375 1.73774e-05 0.000228167 -0.000765558 -0.000403942 0.000365355
internal_weight=533 395 332 245 63 87 138
internal_count=533 395 332 245 63 87 138
is_linear=0
shrinkage=0.0167612


Tree=214
num_leaves=11
num_cat=0
split_feature=13 94 128 112 42 15 123 202 12 98
split_gain=0.224447 0.230804 0.277893 0.178 0.126106 0.0600816 0.0525966 0.0442973 0.0353828 0.0250236
threshold=496258.12121212127 3.5000000000000004 1.0000000180025095e-35 46.000000000000007 42.500000000000007 1.0000000180025095e-35 22.500000000000004 1.0000000180025095e-35 1.0000000180025095e-35 1.1234869723604552
decision_type=2 8 10 10 8 2 10 10 2 10
left_child=1 2 7 5 -3 -2 9 -1 -6 -5
right_child=3 4 -4 6 8 -7 -8 -9 -10 -11
leaf_value=9.9701221103247283e-05 -0.00043187505420294158 -0.00070700628356726823 0.0018032991077479891 2.7431115761525659e-05 3.3416460584108084e-05 -0.0013369863696320269 -0.00030578036850416513 0.00054958276013408584 0.00044206257490133916 0.00048916700735810912
leaf_weight=34 48 24 36 96 71 37 74 41 47 25
leaf_count=34 48 24 36 96 71 37 74 41 47 25
internal_value=7.51043e-06 0.000359758 0.000878662 -0.000283577 3.64091e-05 -0.000831656 -2.48032e-05 0.000348859 0.000160356 0.000168325
internal_weight=533 253 111 280 142 85 195 75 118 121
internal_count=533 253 111 280 142 85 195 75 118 121
is_linear=0
shrinkage=0.0167612


Tree=215
num_leaves=11
num_cat=0
split_feature=10 151 19 119 133 42 11 164 10 10
split_gain=0.0861793 0.137816 0.121254 0.11375 0.0853265 0.067446 0.0387243 0.0374402 0.0131862 0.00794704
threshold=-0.24999999999999994 1.0000000180025095e-35 1.0000000180025095e-35 500405.0000238241 764338.85064935079 26.500000000000004 -0.5 1.0000000180025095e-35 -0.6830127018922193 -0.5
decision_type=2 10 10 10 8 10 2 10 2 2
left_child=2 5 8 -4 -3 6 -2 -6 -1 -10
right_child=1 4 3 -5 7 -7 -8 -9 9 -11
leaf_value=-0.00017598108004118486 0.00026526663819479557 -0.00012107307787063182 0.0010721147028263005 0.00017580782253516985 -0.00034410573590331397 0.00056590401764429834 -0.00021836198437393372 -0.0010864735154632343 2.6715386529905069e-05 0.00022329442334791447
leaf_weight=73 36 59 58 48 26 39 83 61 25 25
leaf_count=73 36 59 58 48 26 39 83 61 25 25
internal_value=6.91109e-06 -0.000151343 0.00024844 0.000627307 -0.000503261 0.000110377 1.49829e-05 -0.000822783 8.68015e-06 6.24492e-05
internal_weight=533 304 229 106 146 158 119 87 123 50
internal_count=533 304 229 106 146 158 119 87 123 50
is_linear=0
shrinkage=0.0167612


Tree=216
num_leaves=11
num_cat=0
split_feature=119 11 170 126 10 199 196 11 55 10
split_gain=0.205731 0.132906 0.184441 0.0826921 0.0775868 0.0344566 0.11005 0.0350255 0.0300044 0.00204524
threshold=670718.75000000012 0.25000000000000017 1.0000000180025095e-35 0.0082403178126975313 -0.24999999999999994 -8.6934013499999985 62.88181818181819 -0.24999999999999994 1.0000000180025095e-35 -0.5
decision_type=8 2 8 10 2 10 8 2 8 2
left_child=3 5 4 8 -3 7 -7 -2 -1 -4
right_child=1 2 9 -5 -6 6 -8 -9 -10 -11
leaf_value=-0.00012749778840946249 -3.9953301589054716e-05 -0.00044756820217930874 -2.2281274055692079e-06 0.00092742395002757042 -0.0014219236867840839 -0.00019491861282151346 0.00050376126198531954 -0.00052185034898577498 0.00035144786524452036 -0.00010203481200681451
leaf_weight=28 70 25 38 55 59 61 96 31 30 51
leaf_count=28 70 25 38 55 59 61 96 31 30 51
internal_value=-3.88415e-05 -0.000214347 -0.000547265 0.000493945 -0.00104622 -1.44792e-05 0.00015589 -0.000189587 0.000120381 -9.49822e-05
internal_weight=544 431 173 113 84 258 157 101 58 89
internal_count=544 431 173 113 84 258 157 101 58 89
is_linear=0
shrinkage=0.0167612


Tree=217
num_leaves=11
num_cat=0
split_feature=13 104 130 15 84 6 24 6 214 11
split_gain=0.184245 0.354262 0.251367 0.235527 0.122317 0.0452775 0.0916182 0.0378984 0.0715896 0.0395405
threshold=427905.18238993717 630.00000000000011 1.0000000180025095e-35 1.0000000180025095e-35 25.500000000000004 1.5000000000000002 1.0000000180025095e-35 1.5000000000000002 2.8900000000000001 -0.5
decision_type=2 10 8 2 10 2 8 2 10 2
left_child=1 5 3 -2 -3 6 -1 8 -4 -9
right_child=2 4 7 -5 -6 -7 -8 9 -10 -11
leaf_value=-0.00038095412158934723 -0.00039901087557999587 0.0019158692038668539 -0.00043460335948151361 -0.0019404526896822775 0.00065093749094049895 -0.00045909619656319582 0.0003957886129677344 0.00043815257263487661 0.00010322479835320525 3.9841487790199014e-05
leaf_weight=37 44 27 114 27 41 35 58 54 53 54
leaf_count=37 44 27 114 27 41 35 58 54 53 54
internal_value=-3.80745e-05 0.000317895 -0.000273599 -0.00100381 0.00113725 -5.62046e-05 -4.44059e-06 -3.57495e-05 -0.00018908 0.00015495
internal_weight=544 198 346 71 68 130 95 275 167 108
internal_count=544 198 346 71 68 130 95 275 167 108
is_linear=0
shrinkage=0.0167612


Tree=218
num_leaves=11
num_cat=0
split_feature=6 56 145 196 219 141 57 187 12 33
split_gain=0.139539 0.125631 0.115228 0.224775 0.170679 0.134548 0.0499556 0.0269967 0.0187308 0.00216961
threshold=1.0000000180025095e-35 1.0000000180025095e-35 4.5000000000000009 80.64444444444446 1.0000000180025095e-35 1.0000000180025095e-35 1194024.2065442686 460785.3075380915 1.0000000180025095e-35 1.0000000180025095e-35
decision_type=2 8 10 8 10 10 8 8 2 8
left_child=1 -1 5 6 -5 9 -4 -3 -9 -2
right_child=2 7 3 4 -6 -7 -8 8 -10 -11
leaf_value=-0.0012076499434139668 9.3785251843018903e-05 -2.994585347962466e-05 -1.3893654145921062e-05 0.001124240439037799 0.00024977240064218522 -0.00085910201917159762 -0.0005311776319475908 -0.00053485401737614628 -0.00013776174111407524 -4.0683328727438435e-06
leaf_weight=25 24 33 84 101 28 31 26 43 28 121
leaf_count=25 24 33 84 101 28 31 26 43 28 121
internal_value=-3.75507e-05 -0.000470663 8.97551e-05 0.000331241 0.000776228 -0.000172671 -7.63352e-05 -0.000202748 -0.00034414 -1.9716e-05
internal_weight=544 129 415 239 129 176 110 104 71 145
internal_count=544 129 415 239 129 176 110 104 71 145
is_linear=0
shrinkage=0.0167612


Tree=219
num_leaves=7
num_cat=0
split_feature=214 201 83 116 8 76
split_gain=0.142908 0.158024 0.098174 0.12192 0.0375677 0.0183357
threshold=3.7750000000000004 1.0000000180025095e-35 1.1570203364369163 1.0000000180025095e-35 1.0000000180025095e-35 1.0000000180025095e-35
decision_type=10 10 10 10 2 10
left_child=2 -2 3 4 -1 -4
right_child=1 -3 5 -5 -6 -7
leaf_value=-0.00022630687816544714 0.00018302199801635435 0.0012591882572931487 0.00058109194467019368 -0.0010145672901401054 0.00012569862271543308 9.3006938626830066e-05
leaf_weight=354 36 27 29 24 36 38
leaf_count=354 36 27 29 24 36 38
internal_value=-3.82487e-05 0.000535542 -0.000149587 -0.000260133 -0.000164931 0.0002821
internal_weight=544 63 481 414 390 67
internal_count=544 63 481 414 390 67
is_linear=0
shrinkage=0.0167612


Tree=220
num_leaves=9
num_cat=0
split_feature=101 68 214 45 137 207 123 65
split_gain=0.157987 0.158255 0.119484 0.0332016 0.0468217 0.0255427 0.0200748 0.0062581
threshold=223905.01755796268 1.0000000180025095e-35 2.8500000000000001 978221.85528926493 1.0000000180025095e-35 10571.007799608667 10.500000000000002 1.0000000180025095e-35
decision_type=8 8 10 8 10 10 8 10
left_child=3 7 -3 5 -5 -1 -7 -2
right_child=1 2 -4 4 -6 6 -8 -9
leaf_value=0.00035030249987823612 -0.00048845834898797707 -0.00021038119583095002 0.00057933400549271016 0.00020166398694726793 0.00074190942022472125 0.00016009739974857476 -0.00017469460366980615 -0.0011194627194258411
leaf_weight=31 47 178 33 27 61 38 84 45
leaf_count=31 47 178 33 27 61 38 84 45
internal_value=-3.70482e-05 -0.000290519 -3.03355e-05 0.000243214 0.000492984 6.74935e-05 6.49116e-06 -0.000794065
internal_weight=544 303 211 241 88 153 122 92
internal_count=544 303 211 241 88 153 122 92
is_linear=0
shrinkage=0.0167612


Tree=221
num_leaves=8
num_cat=0
split_feature=101 4 205 56 83 117 141
split_gain=0.0810998 0.123244 0.113286 0.0898251 0.0592219 0.042401 0.0415875
threshold=129061.27119792576 43.500000000000007 17.660112359550563 1.0000000180025095e-35 1.0407107320057893 1.0000000180025095e-35 1.0000000180025095e-35
decision_type=8 2 10 8 10 10 10
left_child=2 5 6 -3 -5 -2 -1
right_child=1 3 -4 4 -6 -7 -8
leaf_value=0.00096005932506765951 3.4847025079058053e-05 -0.00095403735287478302 -8.0882504565683779e-05 -0.00035568660408176754 8.1044035641749594e-05 0.00058007236394307571 0.00021061750095940655
leaf_weight=48 84 36 56 194 57 32 37
leaf_count=48 84 36 56 194 57 32 37
internal_value=-3.58561e-05 -0.000165524 0.000251706 -0.000359392 -0.000219741 0.000191458 0.000627558
internal_weight=544 403 141 287 251 116 85
internal_count=544 403 141 287 251 116 85
is_linear=0
shrinkage=0.0167612


Tree=222
num_leaves=8
num_cat=1
split_feature=0 101 13 97 74 170 110
split_gain=0.150348 0.0897568 0.106006 0.069562 0.0921008 0.0686859 0.0599949
threshold=0 187268.19029711609 769714.2857142858 0.14907407407407408 1.0000000180025095e-35 1.0000000180025095e-35 1.5000000000000002
decision_type=9 8 2 8 10 10 10
left_child=6 2 5 -3 -5 -2 -1
right_child=1 3 -4 4 -6 -7 -8
leaf_value=-0.00018405753439372586 0.00086096399872580449 -0.0005410328202643123 -2.8353052085542504e-05 0.00017586906215452485 -0.00051293742429627291 0.00021323154213833204 -0.00096225353892409181
leaf_weight=58 95 39 42 192 34 36 48
leaf_count=58 95 39 42 192 34 36 48
internal_value=-3.49966e-05 8.5022e-05 0.000368918 -6.48569e-05 1.88865e-07 0.000623938 -0.000504882
internal_weight=544 438 173 265 226 131 106
internal_count=544 438 173 265 226 131 106
cat_boundaries=0 1
cat_threshold=16835585
is_linear=0
shrinkage=0.0167612


Tree=223
num_leaves=10
num_cat=0
split_feature=3 13 177 83 214 114 80 146 162
split_gain=0.128381 0.205181 0.0663114 0.0494388 0.0492846 0.0435396 0.0503496 0.0168204 0.0121296
threshold=2.5000000000000004 420529.6768292684 1.0000000180025095e-35 1.0125328899102728 2.3400000000000003 57036354.175166383 4.5000000000000009 14.500000000000002 475345.69545244699
decision_type=2 2 8 10 10 10 10 10 10
left_child=1 -1 5 4 -4 6 -2 -5 -3
right_child=2 8 3 7 -6 -7 -8 -9 -10
leaf_value=-7.2089235291297493e-05 -0.00029099188912433762 -0.0016375662376606431 -1.7764115639910236e-05 7.4029304237087501e-05 -0.00044219838324875915 0.00060279019125819794 0.00036236789029934721 0.00046906020525290575 -0.00073676967076856652
leaf_weight=36 26 25 161 40 90 74 31 34 27
leaf_count=36 26 25 161 40 90 74 31 34 27
internal_value=-3.58174e-05 -0.000534026 5.77167e-05 -3.85081e-05 -0.000170784 0.000348822 8.6136e-05 0.000232461 -0.00114697
internal_weight=544 88 456 325 251 131 57 74 52
internal_count=544 88 456 325 251 131 57 74 52
is_linear=0
shrinkage=0.0167612


Tree=224
num_leaves=9
num_cat=0
split_feature=143 210 203 2 84 160 11 205
split_gain=0.146522 0.149984 0.0737376 0.0568778 0.0777921 0.0412597 0.0139833 0.00586232
threshold=1.0000000180025095e-35 1.0000000180025095e-35 27.016666666666669 2024.5000000000002 25.500000000000004 8.5000000000000018 -1.0000000180025095e-35 133.00603864734302
decision_type=8 10 8 2 10 10 2 8
left_child=1 -1 -2 4 -3 6 -4 -5
right_child=2 3 5 7 -6 -7 -8 -9
leaf_value=-0.0011175309740901166 0.00067793750020482416 0.00032063755124286995 0.00033325322482728005 -0.0006978793903340807 -0.00035133277126417247 -0.0001931843710139467 2.8611383630690001e-05 -0.00019337605090251654
leaf_weight=25 53 86 103 31 38 53 110 26
leaf_count=25 53 86 103 31 38 53 110 26
internal_value=0 -0.000316731 0.000216775 -0.000127266 1.39554e-05 8.40998e-05 0.000196999 -0.000462377
internal_weight=525 206 319 181 124 266 213 57
internal_count=525 206 319 181 124 266 213 57
is_linear=0
shrinkage=0.0167612


Tree=225
num_leaves=9
num_cat=0
split_feature=13 141 128 84 101 143 41 145
split_gain=0.262804 0.278084 0.195717 0.105993 0.067986 0.0315592 0.00579362 0.00299152
threshold=610120.83333333349 1.0000000180025095e-35 1.0000000180025095e-35 29.500000000000004 227165.88621587018 1.0000000180025095e-35 1.0000000180025095e-35 13.500000000000002
decision_type=2 10 10 10 10 8 10 10
left_child=2 4 5 -4 6 7 -2 -1
right_child=1 -3 3 -5 -6 -7 -8 -9
leaf_value=-2.709789707740047e-05 0.00010981675907281407 -0.0012955699976022583 0.0015047609736882834 0.00043343824275392836 -0.00053724027869983787 0.00023972238955222104 -9.6816109409648129e-06 -0.00017797965454697482
leaf_weight=41 109 42 43 24 41 120 55 50
leaf_count=41 109 42 43 24 41 120 55 50
internal_value=0 -0.000367744 0.000334894 0.000990004 -0.000107547 7.95919e-05 1.15498e-05 -8.65404e-05
internal_weight=525 247 278 67 205 211 164 91
internal_count=525 247 278 67 205 211 164 91
is_linear=0
shrinkage=0.0167612


Tree=226
num_leaves=9
num_cat=0
split_feature=143 110 214 119 75 119 160 98
split_gain=0.138819 0.15616 0.0909425 0.0550176 0.0330733 0.0123617 0.0167873 0.00712522
threshold=1.0000000180025095e-35 17.500000000000004 2.5900000000000003 656555.58531746047 517332.23890243907 520318.6486486487 44.500000000000007 0.90964761505307579
decision_type=8 10 10 8 8 10 8 10
left_child=1 2 -1 -2 -3 -5 -7 -4
right_child=3 4 7 5 -6 6 -8 -9
leaf_value=-0.00049890103570265291 0.00068388435800549152 -0.00050684230492112608 0.00030736863413832218 0.00017177680105344054 -0.0014040072076986002 0.0001020597816224991 -0.00022851204715707582 8.0498495477719374e-05
leaf_weight=44 34 33 75 212 26 37 36 28
leaf_count=44 34 33 75 212 26 37 36 28
internal_value=0 -0.000309733 -3.49391e-05 0.000209555 -0.000899419 0.000111301 2.2688e-05 0.000201092
internal_weight=525 206 147 319 59 285 73 103
internal_count=525 206 147 319 59 285 73 103
is_linear=0
shrinkage=0.0167612


Tree=227
num_leaves=9
num_cat=0
split_feature=137 13 145 78 75 205 69 201
split_gain=0.124787 0.313761 0.206567 0.183341 0.0565331 0.0222534 0.0220917 0.0191035
threshold=1.0000000180025095e-35 473941.14251127053 11.500000000000002 63.500000000000007 534555.42857142875 29.138888888888893 1.0000000180025095e-35 1.0000000180025095e-35
decision_type=8 2 10 8 8 10 10 10
left_child=2 3 -1 -2 7 -6 -4 -3
right_child=1 4 6 -5 5 -7 -8 -9
leaf_value=3.605890032311892e-05 0.0012463115365181684 0.00026089732180303128 -0.0014556112562909528 0.00022426299851773695 -0.00049921387837336079 -0.0001448872130921004 -0.00056591974422600701 -4.8204602848663778e-05
leaf_weight=37 67 40 35 106 135 32 24 49
leaf_count=37 67 40 35 106 135 32 24 49
internal_value=0 0.000120409 -0.000460571 0.00063637 -0.000199582 -0.000392948 -0.00104007 -3.01278e-06
internal_weight=525 429 96 173 256 167 59 89
internal_count=525 429 96 173 256 167 59 89
is_linear=0
shrinkage=0.0167612


Tree=228
num_leaves=10
num_cat=0
split_feature=13 141 55 210 94 11 11 178 170
split_gain=0.353615 0.254028 0.319402 0.151415 0.0803007 0.043237 0.0545997 0.0250321 0.017307
threshold=420529.6768292684 1.0000000180025095e-35 1.0000000180025095e-35 0.95000000000000007 3.5000000000000004 -1.0000000180025095e-35 0.6830127018922193 61.500000000000007 1.0000000180025095e-35
decision_type=2 10 10 8 10 2 2 8 8
left_child=3 5 -3 -1 7 8 -7 -5 -2
right_child=1 2 -4 4 -6 6 -8 -9 -10
leaf_value=0.0013880663159828628 0.00024520084501670602 -0.0021611672804568069 -0.000381455710508709 0.00082577357587641147 -8.151655459730086e-05 -6.1708261116057432e-05 -0.00054842712861706056 0.00025760360367598352 1.6059027380532493e-05
leaf_weight=25 76 25 35 46 29 64 74 84 67
leaf_count=25 76 25 35 46 29 64 74 84 67
internal_value=0 -0.000301364 -0.00109577 0.00054176 0.000341308 -8.23241e-05 -0.000273009 0.000510631 7.36258e-05
internal_weight=525 341 60 184 159 281 138 130 143
internal_count=525 341 60 184 159 281 138 130 143
is_linear=0
shrinkage=0.0167612


Tree=229
num_leaves=9
num_cat=1
split_feature=0 141 130 7 194 7 113 141
split_gain=0.134098 0.210484 0.138935 0.0705248 0.0504565 0.0495994 0.0247834 0.0220966
threshold=0 1.0000000180025095e-35 1.0000000180025095e-35 1.0000000180025095e-35 0.20377358490566039 1.0000000180025095e-35 12.500000000000002 1.0000000180025095e-35
decision_type=9 10 10 2 8 2 8 8
left_child=5 3 -3 6 -5 7 -2 -1
right_child=1 2 -4 4 -6 -7 -8 -9
leaf_value=0.00027179595422796403 0.00011712536435153703 -0.0012736789539623174 -0.0002808476082542886 0.00014658453343172051 0.00062688733467770408 0.0001793176852794293 -0.00019077105477930065 0.00095702642678155718
leaf_weight=33 32 53 32 28 68 26 202 51
leaf_count=33 32 53 32 28 68 26 202 51
internal_value=0 -0.000132342 -0.000761685 1.86434e-05 0.00036618 0.000428762 -9.32775e-05 0.000696205
internal_weight=525 415 85 330 96 110 234 84
internal_count=525 415 85 330 96 110 234 84
cat_boundaries=0 1
cat_threshold=2099972
is_linear=0
shrinkage=0.0167612


Tree=230
num_leaves=8
num_cat=1
split_feature=13 0 6 139 183 7 103
split_gain=0.146941 0.170067 0.195783 0.184495 0.110042 0.0665781 0.0367979
threshold=348365.14087301592 0 1.0000000180025095e-35 1.0000000180025095e-35 1.0000000180025095e-35 1.0000000180025095e-35 -33748.963533471389
decision_type=2 9 2 10 8 2 10
left_child=4 6 3 -3 -1 -4 -2
right_child=1 2 5 -5 -6 -7 -8
leaf_value=0.00011565552497666082 0.00060358333862734295 -0.00036377059453307926 -0.00030494106637927337 -0.0017505814646764802 0.00084829150344413939 0.00018134627960929471 9.2627930699943091e-05
leaf_weight=53 60 39 147 34 71 79 42
leaf_count=53 60 39 147 34 71 79 42
internal_value=0 -0.000147368 -0.000354349 -0.000996443 0.000443615 -0.00010875 0.000300774
internal_weight=525 401 299 73 124 226 102
internal_count=525 401 299 73 124 226 102
cat_boundaries=0 1
cat_threshold=2097476
is_linear=0
shrinkage=0.0167612


Tree=231
num_leaves=8
num_cat=0
split_feature=138 6 10 13 203 214 207
split_gain=0.114085 0.345001 0.0398469 0.0691114 0.0487024 0.0192466 0.0122669
threshold=1.0000000180025095e-35 1.0000000180025095e-35 -0.93301270189221908 982749.38613315707 32.069078947368432 2.9600000000000004 136865.45316140729
decision_type=10 2 2 2 8 8 8
left_child=2 -2 -1 4 -4 -5 -3
right_child=1 6 3 5 -6 -7 -8
leaf_value=-0.0002020721397073321 -0.0014272498001045896 -5.4243258739749451e-06 0.00060137836458143217 -0.00046265746565389711 0.00013884166679234612 -7.769109878605777e-05 0.00022826988069114037
leaf_weight=31 34 34 89 27 248 25 37
leaf_count=31 34 34 89 27 248 25 37
internal_value=0 -0.000421086 0.000121958 0.000188529 0.000290214 -0.000181609 -1.52917e-05
internal_weight=525 105 420 389 337 52 71
internal_count=525 105 420 389 337 52 71
is_linear=0
shrinkage=0.0167612


Tree=232
num_leaves=8
num_cat=0
split_feature=98 76 141 153 158 117 7
split_gain=0.238502 0.101788 0.205782 0.0425513 0.0342281 0.0272676 0.00713614
threshold=0.81974858152425967 1.0000000180025095e-35 1.0000000180025095e-35 434550.26875000005 1.0000000180025095e-35 1.0000000180025095e-35 1.0000000180025095e-35
decision_type=8 8 10 10 10 10 2
left_child=4 2 6 5 -1 -3 -2
right_child=1 3 -4 -5 -6 -7 -8
leaf_value=0.00027326772629001429 -0.00011192153364038206 -0.00020468676003424708 -0.0010956158469621687 0.00032332116387079714 0.0010801347168485323 9.1017278028332683e-05 0.00010957425846064727
leaf_weight=30 56 199 66 51 42 54 31
leaf_count=30 56 199 66 51 42 54 31
internal_value=-2.82014e-05 -0.000181646 -0.000503076 -1.05211e-05 0.000680031 -9.50619e-05 -8.89652e-05
internal_weight=529 457 153 304 72 253 87
internal_count=529 457 153 304 72 253 87
is_linear=0
shrinkage=0.0167612


Tree=233
num_leaves=7
num_cat=0
split_feature=99 141 51 153 68 50
split_gain=0.178003 0.186592 0.105065 0.119187 0.104 0.0328826
threshold=-0.65659438565657646 1.0000000180025095e-35 1.0000000180025095e-35 736858.1453823956 1.0000000180025095e-35 1.6944444444444446
decision_type=8 10 10 10 8 10
left_child=-1 2 3 -2 -3 -4
right_child=1 4 5 -5 -6 -7
leaf_value=0.00058577278665566512 -0.00027748186138420544 -0.0010977110079868216 0.00089123734422496593 0.00041640574141028837 -0.00027475579313174529 0.00020474047399957521
leaf_weight=71 254 68 31 47 30 28
leaf_count=71 254 68 31 47 30 28
internal_value=-2.6904e-05 -0.000160561 -7.92459e-06 -0.000111183 -0.000715763 0.000511459
internal_weight=529 458 360 301 98 59
internal_count=529 458 360 301 98 59
is_linear=0
shrinkage=0.0167612


Tree=234
num_leaves=10
num_cat=0
split_feature=13 104 56 170 87 7 214 6 9
split_gain=0.268845 0.46573 0.431675 0.301486 0.092748 0.127524 0.0748604 0.0573909 0.0565211
threshold=444942.55918898812 630.00000000000011 1.0000000180025095e-35 1.0000000180025095e-35 1380.0000000000002 1.0000000180025095e-35 3.3750000000000004 1.5000000000000002 1.0000000180025095e-35
decision_type=2 10 8 10 10 2 10 2 2
left_child=1 6 -2 -3 5 -4 7 -1 -6
right_child=2 3 4 -5 8 -7 -8 -9 -10
leaf_value=0.00028997349067957142 -0.0016401392925622085 0.0022719790582333842 -0.00095516322952712927 0.00050257151644209552 0.00019157318764803836 -0.0001535014617013737 -0.00060099599053595101 -0.00030251118738826001 -0.00035350731619232962
leaf_weight=85 28 36 55 32 178 33 24 29 29
leaf_count=85 28 36 55 32 178 33 24 29 29
internal_value=-2.50396e-05 0.00039302 -0.000325582 0.00133666 -0.000119863 -0.00049841 -2.3345e-05 3.78966e-05 3.73315e-05
internal_weight=529 206 323 68 295 88 138 114 207
internal_count=529 206 323 68 295 88 138 114 207
is_linear=0
shrinkage=0.0167612


Tree=235
num_leaves=10
num_cat=0
split_feature=141 13 151 101 209 161 153 216 205
split_gain=0.133729 0.303426 0.132642 0.082693 0.146512 0.0770877 0.0732086 0.0614412 0.0561337
threshold=1.0000000180025095e-35 643622.38376068382 1.0000000180025095e-35 210074.75487621289 1.0000000180025095e-35 1.0000000180025095e-35 434550.26875000005 0.45967741935483875 81.356209150326819
decision_type=8 2 10 10 8 8 10 8 8
left_child=3 5 -3 4 -1 -2 -6 -7 -5
right_child=1 2 -4 8 6 7 -8 -9 -10
leaf_value=0.0011814102580996297 0.00050707711167395219 -0.00058524118745033066 -0.0018482743489794009 -0.00060647781819594048 2.291715195444318e-05 -0.00054193908968214503 0.00062729337825648225 -1.3716574488325408e-05 -4.5462010706980806e-05
leaf_weight=26 36 46 26 24 134 37 38 130 32
leaf_count=26 36 46 26 24 134 37 38 130 32
internal_value=-2.56621e-05 -0.000279595 -0.00104983 0.000215711 0.000398697 -2.35724e-05 0.000187219 -0.000109121 -0.000137504
internal_weight=529 275 72 254 198 203 172 167 56
internal_count=529 275 72 254 198 203 172 167 56
is_linear=0
shrinkage=0.0167612


Tree=236
num_leaves=8
num_cat=0
split_feature=13 151 141 80 150 153 70
split_gain=0.135684 0.197713 0.104411 0.157337 0.0810274 0.076587 0.00446761
threshold=939536.7430654763 1.0000000180025095e-35 1.0000000180025095e-35 4.5000000000000009 1.0000000180025095e-35 434550.26875000005 759226.27272727282
decision_type=2 8 8 8 8 10 10
left_child=1 6 3 -3 -4 -2 -1
right_child=5 2 4 -5 -6 -7 -8
leaf_value=0.00047783788443408608 -0.0010010517729179839 0.00082622785032134677 -0.00063805343649948843 -5.393582418324445e-05 -3.5693599667582096e-05 -0.00015829086371025097 0.0011914573631828203
leaf_weight=32 42 59 74 61 187 45 29
leaf_count=32 42 59 74 61 187 45 29
internal_value=-2.44917e-05 7.46341e-05 -3.92726e-05 0.000286266 -0.000239625 -0.000539397 0.000779015
internal_weight=529 442 381 120 261 87 61
internal_count=529 442 381 120 261 87 61
is_linear=0
shrinkage=0.0167612


Tree=237
num_leaves=9
num_cat=1
split_feature=141 184 126 1 6 114 152 171
split_gain=0.126259 0.17948 0.0958564 0.065929 0.049964 0.0754959 0.0434282 0.0365049
threshold=1.0000000180025095e-35 1165326.7890872357 0.11428863733913415 0 1.5000000000000002 49233922.520453922 1.0000000180025095e-35 1.0000000180025095e-35
decision_type=8 10 10 1 2 10 10 10
left_child=1 2 7 4 5 -2 -5 -1
right_child=3 -3 -4 6 -6 -7 -8 -9
leaf_value=3.0694426229432372e-05 -0.00039672182699208738 -0.00048082410592004924 0.0010339250506685926 5.8548844420459963e-05 -0.00020697754040066227 -0.0014178715731172696 -0.000407001480866461 0.00050448623057991915
leaf_weight=127 41 36 35 139 32 27 36 56
leaf_count=127 41 36 35 139 32 27 36 56
internal_value=-2.42459e-05 0.000209823 0.000424906 -0.000271396 -0.000561343 -0.000868206 -3.97886e-05 0.000239259
internal_weight=529 254 218 275 100 68 175 183
internal_count=529 254 218 275 100 68 175 183
cat_boundaries=0 1
cat_threshold=66
is_linear=0
shrinkage=0.0167612


Tree=238
num_leaves=9
num_cat=0
split_feature=153 102 106 103 101 207 78 38
split_gain=0.094472 0.103844 0.111597 0.127181 0.0925356 0.0874082 0.0215376 0.0076153
threshold=665017.50000000012 1.0000000180025095e-35 1.0000000180025095e-35 -280949.79471861466 232677.17118069125 55730.490800429063 71.500000000000014 3.007352941176471
decision_type=10 10 8 10 10 8 8 8
left_child=1 2 3 -1 -2 -3 -4 -7
right_child=4 5 6 -5 -6 7 -8 -9
leaf_value=-0.001072491205548961 0.00091187958220066798 -5.0554873470318289e-05 0.00022000145907044317 -0.00015183431617727636 0.00016413782282775379 0.00026327507914754013 -0.00010502830485438049 0.00083069996566801079
leaf_weight=67 37 43 39 78 30 24 167 44
leaf_count=67 37 43 39 78 30 24 167 44
internal_value=-2.37181e-05 -0.000122396 -0.000273737 -0.000599095 0.000427594 0.000227255 -2.27704e-05 0.000601339
internal_weight=529 462 351 145 67 111 206 68
internal_count=529 462 351 145 67 111 206 68
is_linear=0
shrinkage=0.0167612


Tree=239
num_leaves=9
num_cat=0
split_feature=13 64 111 121 11 214 114 103
split_gain=0.256123 0.25176 0.245074 0.266765 0.242817 0.0716272 0.0225127 0.0121232
threshold=670718.75000000012 307479.62195121957 900.00000000000011 116.04047185 0.25000000000000017 3.1750000000000003 57427853.012764104 79901.080538302384
decision_type=2 10 8 10 2 10 10 8
left_child=2 4 3 -1 -2 -4 -3 -8
right_child=1 6 5 -5 -6 -7 7 -9
leaf_value=0.00015714207339794468 -0.00048624693568952924 -0.00019458947145218028 -1.1028150660835184e-05 0.0012685738634491083 -0.0019542804727372045 -0.00063638505747014252 6.6068961481243477e-05 0.00037440788507754928
leaf_weight=65 60 48 149 85 32 26 31 33
leaf_count=65 60 48 149 85 32 26 31 33
internal_value=-2.32967e-05 -0.000464457 0.000237071 0.000703634 -0.00104527 -9.89439e-05 -6.64238e-05 0.00017565
internal_weight=529 204 325 150 92 175 112 64
internal_count=529 204 325 150 92 175 112 64
is_linear=0
shrinkage=0.0167612


Tree=240
num_leaves=9
num_cat=0
split_feature=119 124 11 45 106 220 41 168
split_gain=0.166452 0.224107 0.217576 0.171797 0.0887674 0.0788155 0.0589568 0.0245138
threshold=941923.35459183692 113.50000000000001 -1.0000000180025095e-35 698348.21428571444 1.0000000180025095e-35 1.0000000180025095e-35 1.0000000180025095e-35 1.0000000180025095e-35
decision_type=8 8 2 8 8 8 8 10
left_child=3 -2 5 7 -4 -3 -5 -1
right_child=1 2 4 6 -6 -7 -8 -9
leaf_value=4.4721746603490261e-05 -0.0010671334759994407 0.00067500768030273194 -0.00094442528774637559 0.001235220328954581 -0.00016861499269265999 4.3094150950371754e-05 0.00037079519942242783 -0.00031180465270726074
leaf_weight=57 40 71 56 50 101 109 45 31
leaf_count=57 40 71 56 50 101 109 45 31
internal_value=0 -0.000205342 -4.92888e-05 0.000364556 -0.000471224 0.000294412 0.000821065 2.4017e-05
internal_weight=560 377 337 183 157 180 95 88
internal_count=560 377 337 183 157 180 95 88
is_linear=0
shrinkage=0.0167612


Tree=241
num_leaves=10
num_cat=0
split_feature=13 104 110 112 9 225 114 78 99
split_gain=0.293182 0.329717 0.294779 0.269306 0.169154 0.11669 0.0884194 0.0504915 0.0172082
threshold=425259.87508586288 630.00000000000011 18.500000000000004 46.000000000000007 1.0000000180025095e-35 16.500000000000004 57607725.92279242 1.5000000000000002 0.34749134786313546
decision_type=2 10 10 8 2 10 10 10 8
left_child=1 7 -3 5 6 -2 -5 -1 -6
right_child=3 2 -4 4 8 -7 -8 -9 -10
leaf_value=0.00022176228907565433 -0.00056419924774099475 0.0023313898004221796 0.00056455619009506634 -0.00010816029934178174 -0.00033424732339638012 -0.0019022653716618168 0.00042610247552829202 -0.00030998661357019373 -0.0011121820731807674
leaf_weight=90 26 26 38 152 24 26 102 43 33
leaf_count=90 26 26 38 152 24 26 102 43 33
internal_value=0 0.000463565 0.00127948 -0.000282694 -8.61827e-05 -0.00114994 7.28792e-05 5.71182e-05 -0.000726351
internal_weight=560 197 64 363 311 52 254 133 57
internal_count=560 197 64 363 311 52 254 133 57
is_linear=0
shrinkage=0.0167612


Tree=242
num_leaves=10
num_cat=0
split_feature=10 94 119 164 68 133 151 209 85
split_gain=0.179994 0.155516 0.111477 0.141728 0.0950458 0.0891674 0.0549091 0.0525019 0.0148301
threshold=-0.24999999999999994 3.5000000000000004 1029411.6643269431 1.0000000180025095e-35 1.0000000180025095e-35 740827.57354028092 1.0000000180025095e-35 15.000000000000002 17.500000000000004
decision_type=2 8 8 10 10 8 10 10 10
left_child=1 5 6 -4 -5 -1 -2 -7 -8
right_child=2 -3 3 4 -6 7 8 -9 -10
leaf_value=0.00020278807777782896 0.00047475483800669239 -5.0662432560635623e-05 -9.4492777222279173e-05 -0.0012777879383041471 -0.00033991464931623644 0.0013226680244138517 -1.7578179189876411e-05 0.00046036812895552617 -0.00025407718903423479
leaf_weight=43 40 85 126 65 31 54 33 42 41
leaf_count=43 40 85 126 65 31 54 33 42 41
internal_value=0 0.000326835 -0.000246269 -0.000469956 -0.000903694 0.000669328 5.87984e-05 0.000955849 -4.86142e-05
internal_weight=560 224 336 222 96 139 114 96 74
internal_count=560 224 336 222 96 139 114 96 74
is_linear=0
shrinkage=0.0167612


Tree=243
num_leaves=9
num_cat=0
split_feature=5 112 11 119 216 163 85 80
split_gain=0.151883 0.13054 0.0968627 0.0690784 0.199215 0.046788 0.0353094 0.0027274
threshold=1.5000000000000002 26.000000000000004 0.6830127018922193 1225353.142520492 1.0000000180025095e-35 45.000000000000007 39.500000000000007 2.5000000000000004
decision_type=2 8 2 10 10 10 8 10
left_child=1 -1 3 4 -2 -4 7 -3
right_child=2 6 5 -5 -6 -7 -8 -9
leaf_value=-0.0011939629480269102 8.7519237631402538e-05 0.00011737083517075036 -0.00050830423617913983 -0.00010893357306809157 0.00095485363756434114 -5.9532246389216442e-05 -0.00038462848121198739 -4.8308108807056666e-06
leaf_weight=24 208 24 63 33 89 25 67 27
leaf_count=24 208 24 63 33 89 25 67 27
internal_value=0 -0.000432887 0.000141 0.000286336 0.000387408 -0.000227199 -0.000190247 -1.18093e-05
internal_weight=560 142 418 330 297 88 118 51
internal_count=560 142 418 330 297 88 118 51
is_linear=0
shrinkage=0.0167612


Tree=244
num_leaves=8
num_cat=0
split_feature=214 120 61 11 69 65 152
split_gain=0.127204 0.148572 0.143963 0.139513 0.08115 0.0806744 0.023929
threshold=3.5350000000000006 1.0000000180025095e-35 1.5000000000000002 -0.68301270189221952 1.0000000180025095e-35 1.0000000180025095e-35 1.0000000180025095e-35
decision_type=10 10 8 2 8 10 10
left_child=2 -2 -1 5 -5 -4 -3
right_child=1 6 3 4 -6 -7 -8
leaf_value=0.00050957207433029899 0.0012505167801552084 0.00030986058523722095 0.00057711317833168793 -0.00102357352648224 -0.00029131566432782604 -6.3960507873382134e-05 -0.0001296065398499786
leaf_weight=46 24 30 62 29 304 40 25
leaf_count=46 24 30 62 29 304 40 25
internal_value=0 0.000499102 -0.000114052 -0.000226984 -0.000400512 0.000188617 0.00012659
internal_weight=560 79 481 435 333 102 55
internal_count=560 79 481 435 333 102 55
is_linear=0
shrinkage=0.0167612


Tree=245
num_leaves=7
num_cat=0
split_feature=80 11 213 10 153 213
split_gain=0.125382 0.134488 0.104205 0.102669 0.0968593 0.069958
threshold=1.5000000000000002 -0.5 118.00000000000001 -0.5 972139.27330874547 322.00000000000006
decision_type=8 2 10 2 8 8
left_child=-1 4 3 -3 -2 -6
right_child=1 2 -4 -5 5 -7
leaf_value=0.00053444092454943209 -0.00021397818733271572 -6.2294943913576177e-05 0.00023507130908219788 -0.00064858626381207466 0.00017795714653860812 0.00068283727298955603
leaf_weight=66 34 109 28 190 30 103
leaf_count=66 34 109 28 190 30 103
internal_value=0 -0.000103509 -0.000306479 -0.000425588 0.000216767 0.000463594
internal_weight=560 494 327 299 167 133
internal_count=560 494 327 299 167 133
is_linear=0
shrinkage=0.0167612


Tree=246
num_leaves=10
num_cat=1
split_feature=145 202 119 1 155 103 199 175 10
split_gain=0.0836566 0.0882334 0.14791 0.0852589 0.0623082 0.0664631 0.0257623 0.0186205 0.0123167
threshold=13.500000000000002 1.0000000180025095e-35 1052744.4791666667 0 1.0000000180025095e-35 119680.27777777777 -8.3530716999999992 850157.42857142875 1.0000000180025095e-35
decision_type=8 10 8 1 10 8 10 8 2
left_child=4 3 -3 7 -1 -6 -7 -2 -5
right_child=1 2 -4 8 5 6 -8 -9 -10
leaf_value=-2.0018791362582266e-05 0.00011026269401743038 -9.8571488701527964e-05 -0.00099348455173301538 -4.0970071985665491e-05 0.00016535874170836771 0.00030426949253890433 0.0010167200541505511 0.00042709917155446054 -0.00038774853251804359
leaf_weight=26 29 69 56 79 37 35 50 106 73
leaf_count=26 29 69 56 79 37 35 50 106 73
internal_value=0 -0.000130509 -0.000462468 -7.9796e-06 0.000292379 0.000492704 0.000738239 0.000281345 -0.00021414
internal_weight=560 412 125 287 148 122 85 135 152
internal_count=560 412 125 287 148 122 85 135 152
cat_boundaries=0 1
cat_threshold=24
is_linear=0
shrinkage=0.0167612


Tree=247
num_leaves=10
num_cat=0
split_feature=5 210 112 67 133 151 208 119 42
split_gain=0.140329 0.13498 0.126335 0.0902732 0.0864341 0.0653564 0.0486007 0.0322685 0.02433
threshold=1.5000000000000002 0.95000000000000007 26.000000000000004 0.064866760168302909 1330114.7285067877 1.0000000180025095e-35 16.500000000000004 1090171.2385487531 77.500000000000014
decision_type=2 8 8 10 8 8 10 8 8
left_child=2 3 -1 4 -2 6 -3 -4 -7
right_child=1 5 7 -5 -6 8 -8 -9 -10
leaf_value=-0.0011629498640575949 0.00040903890736275017 0.0001442625139836394 2.8888993513914659e-06 0.00027055042785460422 0.0013774264315059754 -0.00029435703277935126 0.00068561962165731552 -0.00035442820368432706 -1.6101006092058343e-05
leaf_weight=24 25 27 47 24 43 121 41 71 137
leaf_count=24 25 27 47 24 43 121 41 71 137
internal_value=0 0.000135262 -0.000416319 0.000617956 0.000956159 7.33449e-06 0.000352661 -0.000175926 -0.00013412
internal_weight=560 418 142 92 68 326 68 118 258
internal_count=560 418 142 92 68 326 68 118 258
is_linear=0
shrinkage=0.0167612


Tree=248
num_leaves=8
num_cat=0
split_feature=23 6 152 138 41 123 178
split_gain=0.0980865 0.140343 0.162451 0.0518011 0.0422636 0.0929114 0.0403072
threshold=1.0000000180025095e-35 1.0000000180025095e-35 1.0000000180025095e-35 1.0000000180025095e-35 1.0000000180025095e-35 17.500000000000004 20.500000000000004
decision_type=10 2 8 10 8 10 8
left_child=1 2 3 -1 5 -3 -6
right_child=-2 4 -4 -5 6 -7 -8
leaf_value=-0.00050579624096581748 0.00061708195280295894 0.00062534907925420702 -0.00010625649137672633 -0.0014906778665527303 -0.00036057333042874398 5.5190677876848778e-07 5.425415237744615e-05
leaf_weight=30 31 86 66 34 45 51 194
leaf_count=30 31 86 66 34 45 51 194
internal_value=0 -5.27509e-05 -0.000481469 -0.00100718 8.40782e-05 0.000302074 -3.72553e-06
internal_weight=537 506 130 64 376 137 239
internal_count=537 506 130 64 376 137 239
is_linear=0
shrinkage=0.0167612


Tree=249
num_leaves=8
num_cat=0
split_feature=11 114 225 57 111 45 157
split_gain=0.184442 0.143448 0.116769 0.0690524 0.173447 0.0585556 0.0314126
threshold=0.6830127018922193 54667041.678474613 66.500000000000014 346583.50695546105 900.00000000000011 1246548.6908730161 2.4473813621834282
decision_type=2 8 8 10 8 8 8
left_child=1 -1 5 4 -3 -2 -5
right_child=2 3 -4 6 -6 -7 -8
leaf_value=0.00096004152020442545 -0.00034734631192915048 0.00095830974382967186 -0.00010166913617994933 6.2287532876490893e-05 2.9516810694613169e-05 -0.0012873242306697197 -0.00028106135109662436
leaf_weight=27 29 46 66 38 157 44 130
leaf_count=27 29 46 66 38 157 44 130
internal_value=0 0.000181748 -0.000460683 7.67164e-05 0.000277457 -0.000886284 -0.000125266
internal_weight=537 398 139 371 203 73 168
internal_count=537 398 139 371 203 73 168
is_linear=0
shrinkage=0.0167612


Tree=250
num_leaves=9
num_cat=0
split_feature=13 130 152 216 133 7 213 141
split_gain=0.246917 0.093828 0.13791 0.0845712 0.0688631 0.0422634 0.0137699 0.0114079
threshold=386989.03273809532 1.0000000180025095e-35 1.0000000180025095e-35 0.081720430107526859 475932.42248062021 1.0000000180025095e-35 44.500000000000007 1.0000000180025095e-35
decision_type=2 10 8 8 10 2 10 10
left_child=3 2 -2 -1 7 -4 -6 -3
right_child=1 4 5 -5 6 -7 -8 -9
leaf_value=0.0001107687200080988 -0.0011032613609902135 0.00059783393223381454 -0.00036383353791403632 0.00084685630418000789 -0.00037083024243973035 2.9995884187188557e-05 -3.5437678255258929e-05 0.00015751343986559587
leaf_weight=67 44 41 104 90 41 52 72 26
leaf_count=67 44 41 104 90 41 52 72 26
internal_value=0 -0.000214671 -0.000456013 0.000507841 -1.3298e-05 -0.000199388 -0.000171951 0.000376627
internal_weight=537 380 200 157 180 156 113 67
internal_count=537 380 200 157 180 156 113 67
is_linear=0
shrinkage=0.0167612


Tree=251
num_leaves=8
num_cat=0
split_feature=11 119 7 74 146 74 204
split_gain=0.17962 0.109883 0.121207 0.102905 0.141223 0.0704039 0.0470878
threshold=0.6830127018922193 1029411.6643269431 1.0000000180025095e-35 1.0000000180025095e-35 20.500000000000004 1.0000000180025095e-35 35.500000000000007
decision_type=2 10 2 8 10 8 8
left_child=1 2 5 4 -2 -1 -4
right_child=3 -3 6 -5 -6 -7 -8
leaf_value=0.0003890096624885304 -0.001462757780124608 -0.00034086987114037185 0.0012964707947565675 -9.8999500849263151e-05 -0.00029410966076036073 -5.1643731735978877e-05 0.00038793879420215218
leaf_weight=127 36 44 34 67 36 160 33
leaf_count=127 36 44 34 67 36 160 33
internal_value=0 0.000180112 0.000300285 -0.000453883 -0.000860596 0.000129136 0.000834791
internal_weight=537 398 354 139 72 287 67
internal_count=537 398 354 139 72 287 67
is_linear=0
shrinkage=0.0167612


Tree=252
num_leaves=8
num_cat=0
split_feature=110 6 55 13 11 124 83
split_gain=0.161719 0.360432 0.147556 0.0937722 0.0711041 0.0328843 0.0154457
threshold=2.5000000000000004 1.0000000180025095e-35 1.0000000180025095e-35 939536.7430654763 0.6830127018922193 201.00000000000003 1.043977653693035
decision_type=10 2 8 2 2 8 8
left_child=2 -2 -1 4 -4 6 -3
right_child=1 5 3 -5 -6 -7 -8
leaf_value=0.00081872574499397967 -0.001509568693780054 -0.00043477180998881043 0.00032912518759220559 -0.00046693234239103749 -0.00011594266734198154 0.00024369666001217318 -8.3990749160991611e-05
leaf_weight=50 33 25 212 47 95 46 29
leaf_count=50 33 25 212 47 95 46 29
internal_value=0 -0.000441676 0.000166211 3.07674e-05 0.000150279 -6.95521e-05 -0.00021431
internal_weight=537 133 404 354 307 100 54
internal_count=537 133 404 354 307 100 54
is_linear=0
shrinkage=0.0167612


Tree=253
num_leaves=10
num_cat=0
split_feature=11 13 110 139 45 50 113 98 10
split_gain=0.162342 0.190119 0.164132 0.0733948 0.120814 0.0497722 0.0414711 0.0425136 0.031182
threshold=0.25000000000000017 270363.52335858595 12.500000000000002 0.80322580645161301 698348.21428571444 2.2714987714987722 14.500000000000002 1.0355645215652116 -0.5
decision_type=2 2 10 10 10 10 10 8 2
left_child=3 -2 5 6 -5 -3 8 -8 -1
right_child=1 2 -4 4 -6 -7 7 -9 -10
leaf_value=-0.00041588750779600857 0.00041031906555709125 -0.0004190367056507052 -0.0013022084181031348 0.0008752866893845789 0.00011897697976910924 1.3064576115650219e-05 7.809395516767408e-05 0.00062729729011037764 -2.2448868856628594e-05
leaf_weight=38 30 124 37 86 25 33 49 35 80
leaf_count=38 30 124 37 86 25 33 49 35 80
internal_value=0 -0.00031381 -0.000548354 0.000238119 0.000553811 -0.000284452 3.30727e-05 0.000282829 -0.000118535
internal_weight=537 224 194 313 111 157 202 84 118
internal_count=537 224 194 313 111 157 202 84 118
is_linear=0
shrinkage=0.0167612


Tree=254
num_leaves=10
num_cat=0
split_feature=13 171 110 11 94 74 151 157 175
split_gain=0.333239 0.196664 0.111551 0.135134 0.097952 0.0485221 0.0246487 0.0223537 0.0129547
threshold=480000.38461538468 1.0000000180025095e-35 11.500000000000002 -0.24999999999999994 3.5000000000000004 1.0000000180025095e-35 1.0000000180025095e-35 3.507352941176471 808703.34455555561
decision_type=2 10 8 2 10 10 10 10 8
left_child=1 4 6 -4 5 -1 7 -2 -8
right_child=2 -3 3 -5 -6 -7 8 -9 -10
leaf_value=0.00058582315708549648 0.00019466178775816111 0.001364220462474381 -0.00027867636707315112 -0.001198398482514699 -0.0002662445118902413 0.0001019743951739074 -9.6447158986935562e-05 -0.00017397100281038304 -0.00040090062744282078
leaf_weight=124 78 27 33 64 29 56 33 27 66
leaf_count=124 78 27 33 64 29 56 33 27 66
internal_value=0 0.000442793 -0.000343886 -0.000770707 0.000255727 0.000407507 -0.000111668 1.72656e-07 -0.000266734
internal_weight=537 236 301 97 209 180 204 105 99
internal_count=537 236 301 97 209 180 204 105 99
is_linear=0
shrinkage=0.0167612


Tree=255
num_leaves=8
num_cat=0
split_feature=3 138 119 111 45 93 69
split_gain=0.200811 0.166462 0.107626 0.10123 0.293696 0.00632823 0.00292429
threshold=2.5000000000000004 1.0000000180025095e-35 1029411.6643269431 900.00000000000011 776363.63636363647 4.5000000000000009 1.0000000180025095e-35
decision_type=2 10 10 8 8 10 10
left_child=1 5 3 4 -2 -1 -5
right_child=2 -3 -4 6 -6 -7 -8
leaf_value=-7.2615308790789212e-05 -0.00012804363507295274 -0.0014216830301500528 -0.00036713983452389904 1.775371494959803e-05 0.00092657836151980276 -0.00026050263297125529 -9.5281626520225793e-05
leaf_weight=36 68 24 46 148 140 36 39
leaf_count=36 68 24 46 148 140 36 39
internal_value=0 -0.000583471 0.000151668 0.000260825 0.000500081 -0.00021248 2.37005e-05
internal_weight=537 96 441 395 208 72 187
internal_count=537 96 441 395 208 72 187
is_linear=0
shrinkage=0.0167612


Tree=256
num_leaves=10
num_cat=0
split_feature=13 104 119 182 171 10 151 214 126
split_gain=0.200098 0.21957 0.132077 0.192615 0.086149 0.097689 0.0454566 0.0438819 0.0435603
threshold=639277.77777777787 690.00000000000011 910684.76337551349 91.500000000000014 1.0000000180025095e-35 -0.24999999999999994 1.0000000180025095e-35 3.5000000000000004 -0.10055751532836185
decision_type=2 10 8 8 8 2 10 8 10
left_child=1 4 6 -4 8 -6 -2 -5 -1
right_child=2 -3 3 7 5 -7 -8 -9 -10
leaf_value=-0.00052316510133911844 0.00048338951104894283 0.0010259975520548405 -0.0013881367137649262 -0.00047613079107209223 0.00077026537161850562 5.2561950006894536e-05 -2.8050315270533533e-06 -5.7835144503647178e-05 -6.3047058357959898e-05
leaf_weight=53 34 62 35 62 54 93 40 64 48
leaf_count=53 34 62 35 62 54 93 40 64 48
internal_value=2.62056e-05 0.000304252 -0.000299519 -0.000580071 7.2504e-05 0.000314098 8.42035e-05 -0.000255874 -0.000224961
internal_weight=545 310 235 161 248 147 74 126 101
internal_count=545 310 235 161 248 147 74 126 101
is_linear=0
shrinkage=0.0167612


Tree=257
num_leaves=9
num_cat=0
split_feature=13 112 94 128 74 163 173 11
split_gain=0.252161 0.379896 0.181023 0.221277 0.0513031 0.022259 0.071125 0.0525348
threshold=452451.62037037039 46.000000000000007 3.5000000000000004 1.0000000180025095e-35 1.0000000180025095e-35 34.500000000000007 1.0000000180025095e-35 0.6830127018922193
decision_type=2 8 10 10 10 10 10 2
left_child=2 -2 3 4 -1 7 -7 -3
right_child=1 5 -4 -5 -6 6 -8 -9
leaf_value=0.0005751169341989069 -0.0013541146415259582 0.00019718372942653924 -0.00020373583248847526 0.0016224905093534163 0.00010018804368856166 -4.6343863617541345e-05 -0.00067904806765916388 -0.00028758397008991237
leaf_weight=100 39 178 34 30 57 30 33 44
leaf_count=100 39 178 34 30 57 30 33 44
internal_value=2.57794e-05 -0.000240067 0.000442399 0.000688359 0.000405728 -1.59277e-05 -0.000242713 4.20695e-05
internal_weight=545 324 221 187 157 285 63 222
internal_count=545 324 221 187 157 285 63 222
is_linear=0
shrinkage=0.0167612


Tree=258
num_leaves=11
num_cat=0
split_feature=10 162 164 202 130 153 195 184 32 17
split_gain=0.157743 0.145332 0.127592 0.109327 0.0975868 0.0693991 0.0322088 0.0182824 0.00876756 0.00567766
threshold=-0.24999999999999994 670718.75000000012 1.0000000180025095e-35 1.0000000180025095e-35 1.0000000180025095e-35 1311651.1400000004 55.500000000000007 733700.00000000012 1.0000000180025095e-35 763617.04545454553
decision_type=2 10 10 10 10 8 8 8 8 10
left_child=1 2 8 5 -5 -2 -7 -6 -1 -3
right_child=3 9 -4 4 7 6 -8 -9 -10 -11
leaf_value=8.9184459754010868e-05 0.00054126971922502159 -4.2512489636989667e-05 0.0010973357718494997 -0.00091125138549745044 -0.00027539106789507101 -0.00037784630131895583 2.3345162714568147e-06 4.7919925677494563e-05 0.00023286156321326854 -0.00033541212016075726
leaf_weight=24 30 29 73 68 39 35 118 40 65 24
leaf_count=24 30 29 73 68 39 35 118 40 65 24
internal_value=2.42169e-05 0.000362787 0.000633254 -0.000177578 -0.000496958 2.26824e-05 -5.16042e-05 -0.00010074 0.000203704 -0.000108474
internal_weight=545 215 162 330 147 183 153 79 89 53
internal_count=545 215 162 330 147 183 153 79 89 53
is_linear=0
shrinkage=0.0167612


Tree=259
num_leaves=8
num_cat=0
split_feature=13 110 210 141 119 128 2
split_gain=0.174125 0.569332 0.168897 0.157525 0.12082 0.0961582 0.000441156
threshold=496258.12121212127 1.5000000000000002 0.85376344086021516 1.0000000180025095e-35 1124601.6150549902 1.0000000180025095e-35 2023.5000000000002
decision_type=2 8 10 10 10 8 2
left_child=1 -1 -3 4 5 -2 -4
right_child=3 2 6 -5 -6 -7 -8
leaf_value=0.0016843352347123443 0.00063161862993593189 0.00033332636176436749 -0.00080928004185461722 -0.00088988992186869861 -0.00066046342326526769 -1.8871437643487357e-05 -0.00030215320170267436
leaf_weight=38 42 136 26 49 37 162 55
leaf_count=38 42 136 26 49 37 162 55
internal_value=2.35834e-05 0.000335171 2.65795e-05 -0.000224307 -3.49129e-05 9.81177e-05 -0.000486593
internal_weight=545 255 217 290 241 204 81
internal_count=545 255 217 290 241 204 81
is_linear=0
shrinkage=0.0167612


Tree=260
num_leaves=9
num_cat=1
split_feature=0 214 126 110 3 177 139 119
split_gain=0.218339 0.124476 0.0653041 0.0413998 0.0377526 0.0347019 0.0234134 0.00233532
threshold=0 3.5000000000000004 -0.0082543940001265307 13.500000000000002 2.5000000000000004 1.5000000000000002 0.16397849462365588 452451.62037037039
decision_type=9 8 10 10 2 8 10 10
left_child=2 3 4 6 -1 -3 -2 -4
right_child=1 5 7 -5 -6 -7 -8 -9
leaf_value=-0.0010127905178070652 0.00042101790065108484 0.0010602225732939494 8.2127241977447514e-05 -0.00033822226310195006 -0.00035606794355903863 0.00041966684227628649 2.1790594967513038e-05 -2.5702959549005251e-05
leaf_weight=24 29 41 27 35 143 112 99 35
leaf_count=24 29 41 27 35 143 112 99 35
internal_value=2.27498e-05 0.000302477 -0.000318757 3.11159e-05 -0.000517916 0.000633988 0.000137211 -7.38344e-05
internal_weight=545 316 229 163 167 153 128 62
internal_count=545 316 229 163 167 153 128 62
cat_boundaries=0 1
cat_threshold=17376433
is_linear=0
shrinkage=0.0167612


Tree=261
num_leaves=10
num_cat=0
split_feature=146 196 78 119 106 170 168 6 119
split_gain=0.0833274 0.086349 0.102274 0.0754036 0.102703 0.135568 0.0312544 0.0121816 0.0120543
threshold=9.5000000000000018 45.112203389830519 24.500000000000004 869177.08077639167 1.0000000180025095e-35 1.0000000180025095e-35 1.0000000180025095e-35 1.5000000000000002 1452957.9571233676
decision_type=8 8 8 8 10 10 10 2 8
left_child=3 7 -3 6 5 -5 -1 -2 -4
right_child=1 2 8 4 -6 -7 -8 -9 -10
leaf_value=0.00030954629703266263 -0.00038160066786288067 0.00089167421546553047 0.00034752861383105754 -0.0011781051045270936 -9.0004530596296542e-05 -0.00032703094823818471 -0.00011859659635391704 -7.2620176037109971e-05 3.9723252956054573e-05
leaf_weight=48 42 47 48 62 24 26 34 28 186
leaf_count=48 42 47 48 62 24 26 34 28 186
internal_value=2.21625e-05 0.000182448 0.00032935 -0.000215261 -0.000491075 -0.000781956 1.1696e-05 -0.000181411 0.000159351
internal_weight=545 351 281 194 112 88 82 70 234
internal_count=545 351 281 194 112 88 82 70 234
is_linear=0
shrinkage=0.0167612


Tree=262
num_leaves=9
num_cat=0
split_feature=137 83 146 133 115 164 175 184
split_gain=0.0459276 0.154194 0.0791488 0.0612826 0.0891158 0.0524332 0.0341069 0.013311
threshold=1.0000000180025095e-35 1.0753052763128854 4.5000000000000009 368415.46029411763 27.500000000000004 1.0000000180025095e-35 740099.45171777008 815352.44343535823
decision_type=8 8 8 10 8 10 10 8
left_child=1 -1 7 4 -4 -3 -5 -2
right_child=2 5 3 6 -6 -7 -8 -9
leaf_value=-0.0008216120428006467 -0.00011906553851309512 -7.6205726128537201e-05 0.00089228586177491482 -0.00025250238739885729 0.00018548723733953146 0.00049313439960045526 0.00017799479704034754 -0.00051794750560882016
leaf_weight=46 26 26 47 74 210 36 44 36
leaf_count=46 26 26 47 74 210 36 44 36
internal_value=2.29302e-05 -0.000223716 0.000110724 0.000218186 0.000363735 9.00047e-05 3.38678e-06 -0.000284695
internal_weight=545 108 437 375 257 62 118 62
internal_count=545 108 437 375 257 62 118 62
is_linear=0
shrinkage=0.0167612


Tree=263
num_leaves=8
num_cat=0
split_feature=182 119 13 104 7 207 84
split_gain=0.088539 0.134027 0.0844958 0.130208 0.0658803 0.0615326 0.0164447
threshold=95.500000000000014 724918.47916666686 1239225.3688725494 690.00000000000011 1.0000000180025095e-35 136865.45316140729 36.500000000000007
decision_type=8 8 2 10 2 10 10
left_child=1 -1 3 4 -2 -3 -5
right_child=2 5 -4 6 -6 -7 -8
leaf_value=8.8468414917351813e-05 -0.00012288559692777339 -0.0010791959454278209 -0.00038558465524488565 0.00081604195081841347 0.00036154224025088311 -0.00030526684629932457 0.00022775861574144532
leaf_weight=42 198 50 27 89 78 26 35
leaf_count=42 198 50 27 89 78 26 35
internal_value=2.21222e-05 -0.000313532 0.000144718 0.000228989 1.45235e-05 -0.000729916 0.000628346
internal_weight=545 118 427 400 276 76 124
internal_count=545 118 427 400 276 76 124
is_linear=0
shrinkage=0.0167612


Tree=264
num_leaves=10
num_cat=1
split_feature=0 13 13 12 222 56 168 25 157
split_gain=0.208107 0.100937 0.129161 0.160324 0.111164 0.0726042 0.0432713 0.0267088 0.0119068
threshold=0 396531.29017857148 662660.83353494632 1.0000000180025095e-35 1.0000000180025095e-35 1.0000000180025095e-35 1.0000000180025095e-35 1.0000000180025095e-35 3.507352941176471
decision_type=9 2 2 2 8 10 8 8 8
left_child=5 4 6 -4 -2 -1 -3 -6 -7
right_child=1 2 3 -5 7 8 -8 -9 -10
leaf_value=0.0010006536025109838 0.00069228118150269893 0.00033529858676021153 -0.00029754844182159864 -0.0013070550989619804 -0.00035877374821015085 0.0002958064044903934 -0.00014978436243244341 -1.7467686620099537e-06 8.3730398351741675e-05
leaf_weight=56 45 54 137 42 30 41 54 57 28
leaf_count=56 45 54 137 42 30 41 54 57 28
internal_value=1.66008e-05 -0.000142601 -0.000330114 -0.00059806 0.000149989 0.000530612 -8.78465e-06 -4.22366e-05 0.000209165
internal_weight=544 419 287 179 132 125 108 87 69
internal_count=544 419 287 179 132 125 108 87 69
cat_boundaries=0 1
cat_threshold=2230344
is_linear=0
shrinkage=0.0167612


Tree=265
num_leaves=9
num_cat=0
split_feature=80 124 116 9 103 184 32 102
split_gain=0.0702102 0.166931 0.113706 0.0506941 0.0192579 0.0139551 0.0510737 0.00655359
threshold=1.5000000000000002 109.50000000000001 1.0000000180025095e-35 1.0000000180025095e-35 -97522.163825757525 450958.13777139218 1.0000000180025095e-35 1.0000000180025095e-35
decision_type=10 10 10 2 10 10 8 10
left_child=5 2 3 -2 -3 6 -1 -6
right_child=1 4 -4 -5 7 -7 -8 -9
leaf_value=0.00074352047363809598 -2.6629014520769487e-05 0.00011590035200604694 -0.0010906203214087705 -0.00063852426729630392 0.00060888258119159099 8.3502944537117737e-05 0.00013552759339797237 0.00015351690025688924
leaf_weight=32 134 26 33 25 48 32 179 35
leaf_count=32 134 26 33 25 48 32 179 35
internal_value=1.64419e-05 -0.000128087 -0.000428059 -0.000217543 0.000277127 0.000226468 0.000290101 0.000440993
internal_weight=544 301 192 159 109 243 211 83
internal_count=544 301 192 159 109 243 211 83
is_linear=0
shrinkage=0.0167612


Tree=266
num_leaves=7
num_cat=0
split_feature=116 119 153 141 180 38
split_gain=0.100317 0.180881 0.143271 0.0381395 0.0824374 0.0402441
threshold=1.0000000180025095e-35 959699.07555018796 846931.50982343697 1.0000000180025095e-35 5.5000000000000009 2.1633333333333336
decision_type=10 10 10 8 10 10
left_child=1 3 -3 5 -5 -1
right_child=-2 2 -4 4 -6 -7
leaf_value=0.00010078919324056638 -0.00053827820386575501 -0.0011187330091630514 -0.00020937003008222283 0.00026834591986525858 -0.00026601029037890344 0.00062268254830722466
leaf_weight=61 42 40 24 193 76 108
leaf_count=61 42 40 24 193 76 108
internal_value=1.54309e-05 9.67978e-05 -0.0005333 0.000233401 8.37398e-05 0.000429733
internal_weight=544 502 64 438 269 169
internal_count=544 502 64 438 269 169
is_linear=0
shrinkage=0.0167612


Tree=267
num_leaves=9
num_cat=1
split_feature=0 123 13 170 122 193 141 106
split_gain=0.210838 0.139138 0.193708 0.0973596 0.0958043 0.03265 0.0177291 0.0156664
threshold=0 23.500000000000004 427905.18238993717 1.0000000180025095e-35 1.0000000180025095e-35 1.0000000180025095e-35 1.0000000180025095e-35 1.0000000180025095e-35
decision_type=9 8 2 10 8 8 10 10
left_child=4 -2 5 -4 6 -3 7 -1
right_child=1 2 3 -5 -6 -7 -8 -9
leaf_value=4.5362119246653551e-05 0.00033592344743129093 -0.00021257368605883363 -0.0010078208064212325 -0.00033740076864465255 0.00081609336821862383 0.00022176595566645441 -1.13367813195956e-05 0.00047082872686898878
leaf_weight=93 40 41 124 25 78 77 35 31
leaf_count=93 40 41 124 25 78 77 35 31
internal_value=1.44268e-05 -0.000240818 -0.000415637 -0.000788699 0.000368328 -4.59238e-05 0.000134891 0.00022071
internal_weight=544 307 267 149 237 118 159 124
internal_count=544 307 267 149 237 118 159 124
cat_boundaries=0 1
cat_threshold=2304332
is_linear=0
shrinkage=0.0167612


Tree=268
num_leaves=10
num_cat=0
split_feature=13 214 153 55 111 180 120 170 180
split_gain=0.201679 0.206736 0.324449 0.267436 0.113658 0.119241 0.0527274 0.0507361 0.0274394
threshold=583039.28750000009 3.7750000000000004 687849.06818181823 1.0000000180025095e-35 900.00000000000011 8.5000000000000018 1.0000000180025095e-35 1.0000000180025095e-35 5.5000000000000009
decision_type=2 8 10 10 8 10 10 10 10
left_child=4 2 3 -2 7 -6 -4 -1 -3
right_child=1 8 6 -5 5 -7 -8 -9 -10
leaf_value=0.001071654707939956 -0.0021071144600363287 4.1054072585941716e-05 0.00053379952390812766 -0.00064728814055906676 0.00029061859839050894 -0.000528109252323818 -1.2990591590790101e-05 0.00026972739212127186 0.00056117621097209573
leaf_weight=62 28 73 37 97 125 32 24 39 27
leaf_count=62 28 73 37 97 125 32 24 39 27
internal_value=1.53367e-05 -0.000256836 -0.000590182 -0.00106626 0.000346702 5.96408e-05 8.01808e-05 0.000746623 0.0002014
internal_weight=544 286 186 125 258 157 61 101 100
internal_count=544 286 186 125 258 157 61 101 100
is_linear=0
shrinkage=0.0167612


Tree=269
num_leaves=7
num_cat=0
split_feature=13 116 153 3 151 140
split_gain=0.219888 0.0945459 0.0819038 0.069331 0.0595461 0.000697811
threshold=1079100.7241568628 1.0000000180025095e-35 736858.1453823956 10.500000000000002 1.0000000180025095e-35 1.0000000180025095e-35
decision_type=2 10 10 2 8 10
left_child=1 3 -2 4 -1 -5
right_child=2 -3 -4 5 -6 -7
leaf_value=0.00076052505065077173 -0.0011823252625180519 -0.00035151281917220989 -0.00028940202792071551 -1.4599143012048449e-05 0.00021922255731652025 -0.00017352062285391548
leaf_weight=65 40 41 26 55 292 25
leaf_count=65 40 41 26 55 292 25
internal_value=1.49611e-05 0.000153143 -0.000691982 0.000244141 0.000351233 -5.75595e-05
internal_weight=544 478 66 437 357 80
internal_count=544 478 66 437 357 80
is_linear=0
shrinkage=0.0167612


Tree=270
num_leaves=10
num_cat=1
split_feature=0 57 110 225 12 54 157 19 84
split_gain=0.218879 0.143565 0.1323 0.156673 0.123908 0.0753916 0.0277684 0.0200893 0.0193476
threshold=0 1139472.9217716893 1.5000000000000002 18.500000000000004 1.0000000180025095e-35 1.0000000180025095e-35 1.716666666666667 1.0000000180025095e-35 54.500000000000007
decision_type=9 10 8 10 2 8 10 10 10
left_child=2 5 3 -1 6 8 -4 -6 -2
right_child=1 -3 4 -5 7 -7 -8 -9 -10
leaf_value=0.00074641588133285495 0.00026739790049475412 -0.0003602923705998381 -0.00036092309371474563 -0.000320840060120371 -0.00073388655624736588 0.00077958489053328269 -2.5621688885064533e-05 -0.0016187169441373088 7.3451331855200097e-05
leaf_weight=31 159 29 62 37 35 106 27 28 30
leaf_count=31 159 29 62 37 35 106 27 28 30
internal_value=1.37572e-05 0.000286876 -0.000338896 3.33158e-05 -0.000639461 0.000439117 -0.000230843 -0.00113964 0.000206228
internal_weight=544 324 220 68 152 295 89 63 189
internal_count=544 324 220 68 152 295 89 63 189
cat_boundaries=0 1
cat_threshold=17352355
is_linear=0
shrinkage=0.0167612


Tree=271
num_leaves=8
num_cat=0
split_feature=116 13 133 196 122 70 143
split_gain=0.0917679 0.103438 0.0488944 0.0343303 0.0235632 0.022699 0.00326284
threshold=1.0000000180025095e-35 510944.7410714287 1032484.393809524 24.268316509280371 1.0000000180025095e-35 740099.45171777008 1.0000000180025095e-35
decision_type=10 2 8 10 8 8 8
left_child=1 4 3 -3 -1 -4 -6
right_child=-2 2 5 -5 6 -7 -8
leaf_value=0.00061896408934129592 -0.00051648913823619741 -0.00056449956262009493 0.00033200336430630202 -0.00010840179364109998 6.5823440760882175e-05 2.9302848944318498e-06 0.00020333474912146546
leaf_weight=75 42 67 26 40 33 157 104
leaf_count=75 42 67 26 40 33 157 104
internal_value=1.27066e-05 9.1216e-05 -7.73478e-05 -0.000340394 0.000361092 2.75446e-05 0.000182041
internal_weight=544 502 290 107 212 183 137
internal_count=544 502 290 107 212 183 137
is_linear=0
shrinkage=0.0167612


Tree=272
num_leaves=10
num_cat=0
split_feature=13 56 197 42 182 6 175 164 12
split_gain=0.262151 0.377302 0.252277 0.10632 0.066361 0.0633052 0.0529122 0.0157764 0.0229646
threshold=444942.55918898812 1.0000000180025095e-35 1.0000000180025095e-35 28.500000000000004 97.500000000000014 1.0000000180025095e-35 808703.34455555561 1.0000000180025095e-35 1.0000000180025095e-35
decision_type=2 8 8 10 10 2 8 8 2
left_child=2 -2 3 -1 5 -3 -6 -4 -9
right_child=1 4 7 -5 6 -7 -8 8 -10
leaf_value=0.0017313384186982605 -0.0015233336596330608 -0.00063720263839747693 -0.00019222447345816626 0.0005649755061475077 4.7950167954892073e-05 -4.7121071532067397e-05 0.00054705532296570839 2.4562601412845641e-05 0.00035717845705451309
leaf_weight=36 26 54 26 39 28 166 52 69 39
leaf_count=36 26 54 26 39 28 166 52 69 39
internal_value=0 -0.000273143 0.000434598 0.00109993 -8.6322e-05 -0.000236881 0.000224449 5.31983e-05 0.00011524
internal_weight=535 326 209 75 300 220 80 134 108
internal_count=535 326 209 75 300 220 80 134 108
is_linear=0
shrinkage=0.0167612


Tree=273
num_leaves=10
num_cat=0
split_feature=13 112 104 186 124 68 158 110 12
split_gain=0.274911 0.259124 0.25639 0.13717 0.102185 0.0767972 0.0371017 0.027893 0.0331072
threshold=452451.62037037039 26.000000000000004 630.00000000000011 1.0000000180025095e-35 84.500000000000014 1.0000000180025095e-35 1.0000000180025095e-35 1.5000000000000002 1.0000000180025095e-35
decision_type=2 8 10 10 10 8 10 10 2
left_child=2 -2 7 -4 5 -3 -6 8 -1
right_child=1 4 3 -5 6 -7 -8 -9 -10
leaf_value=4.9808264644713426e-05 -0.0012667896473358981 -0.00087740807534450937 0.0017462538630796274 0.00046669808856195349 0.00058438367721205754 -0.00014486546619920304 7.4167313277467874e-05 -0.00018714963531598814 0.00048451135362896088
leaf_weight=54 33 29 41 32 40 173 47 49 37
leaf_count=54 33 29 41 32 40 173 47 49 37
internal_value=0 -0.000285548 0.000437514 0.00112211 -0.000109554 -0.000311639 0.000260671 5.15304e-05 0.000193712
internal_weight=535 322 213 73 289 202 87 140 91
internal_count=535 322 213 73 289 202 87 140 91
is_linear=0
shrinkage=0.0167612


Tree=274
num_leaves=9
num_cat=0
split_feature=13 124 199 186 101 180 160 190
split_gain=0.201886 0.212745 0.192322 0.188827 0.072777 0.13973 0.0291788 0.0272561
threshold=646533.28993110557 93.500000000000014 -8.3580425999999992 1.0000000180025095e-35 23580.491286770954 8.5000000000000018 23.500000000000004 2.5000000000000004
decision_type=2 10 10 8 10 10 10 10
left_child=2 3 4 7 5 -1 -3 -2
right_child=1 6 -4 -5 -6 -7 -8 -9
leaf_value=-1.062597249401343e-05 -0.00072532292982691092 0.00049510398217439443 0.00080809570224913698 -0.00014220958437599098 0.00044698459463020287 -0.00086268578879352634 5.3704071220972722e-05 -0.0016095895572736676
leaf_weight=138 33 35 97 74 44 28 39 47
leaf_count=138 33 35 97 74 44 28 39 47
internal_value=0 -0.000343814 0.00027129 -0.000705248 2.21721e-05 -0.000147607 0.000165764 -0.00121386
internal_weight=535 228 307 154 210 166 74 80
internal_count=535 228 307 154 210 166 74 80
is_linear=0
shrinkage=0.0167612


Tree=275
num_leaves=7
num_cat=0
split_feature=123 94 13 121 201 183
split_gain=0.0438199 0.0955815 0.320863 0.189826 0.0815151 0.0250221
threshold=70.500000000000014 2.5000000000000004 662660.83353494632 116.03826205000001 1.0000000180025095e-35 1.0000000180025095e-35
decision_type=10 10 2 10 10 10
left_child=1 2 3 -1 -4 -2
right_child=5 -3 4 -5 -6 -7
leaf_value=4.3330752683272087e-05 0.00015556362917319393 -0.000653041814174267 -0.00020870587657888923 0.00086797738027811491 -0.00091242932767112404 0.00069113126874634548
leaf_weight=148 25 30 140 109 59 24
leaf_count=148 25 30 140 109 59 24
internal_value=0 -4.11572e-05 1.54885e-06 0.000386443 -0.000441994 0.000363641
internal_weight=535 486 456 257 199 49
internal_count=535 486 456 257 199 49
is_linear=0
shrinkage=0.0167612


Tree=276
num_leaves=11
num_cat=1
split_feature=0 119 13 15 141 119 212 126 73 10
split_gain=0.185662 0.119953 0.323495 0.11531 0.216019 0.171179 0.0248951 0.0212959 0.0133569 0.00377084
threshold=0 218433.03935860062 452451.62037037039 1.0000000180025095e-35 1.0000000180025095e-35 729443.25741943263 0.9999999999854261 -0.032911055837152321 665017.50000000012 -1.0000000180025095e-35
decision_type=9 10 2 2 10 8 10 10 10 2
left_child=1 2 9 5 -5 8 -7 -3 -2 -1
right_child=3 7 -4 4 -6 6 -8 -9 -10 -11
leaf_value=2.8904311127983358e-05 0.00091182443940546296 -0.00015743171522325465 -0.0015174390870819714 0.0011123057031872865 8.1604643982413863e-05 -0.0004450433523159859 -8.1370743019287416e-05 0.00021122954761999035 0.00024346891061832217 -0.00013578229504422796
leaf_weight=33 36 38 48 79 39 93 45 52 29 43
leaf_count=33 36 38 48 79 39 93 45 52 29 43
internal_value=0 -0.000337655 -0.000677883 0.000244871 0.000627275 2.06449e-05 -0.000277282 -5.80636e-05 0.000583334 -0.000133804
internal_weight=535 214 124 321 118 203 138 90 65 76
internal_count=535 214 124 321 118 203 138 90 65 76
cat_boundaries=0 1
cat_threshold=17417363
is_linear=0
shrinkage=0.0167612


Tree=277
num_leaves=7
num_cat=1
split_feature=98 1 119 140 182 168
split_gain=0.0850064 0.0859921 0.0755061 0.0635212 0.061414 0.0548649
threshold=0.8355045088344013 0 1079100.7241568628 1.0000000180025095e-35 87.000000000000014 1.0000000180025095e-35
decision_type=8 1 10 10 8 10
left_child=3 5 4 -1 -3 -2
right_child=1 2 -4 -5 -6 -7
leaf_value=0.00012769732877349117 -0.00058931372292003975 -0.00013331409425388472 -0.00037953292664741231 0.00076790772594251559 0.00033237095681752659 -0.00014220115492074786
leaf_weight=40 116 49 44 49 206 31
leaf_count=40 116 49 44 49 206 31
internal_value=0 -8.58103e-05 4.53821e-05 0.000400985 0.000185637 -0.000378055
internal_weight=535 446 299 89 255 147
internal_count=535 446 299 89 255 147
cat_boundaries=0 1
cat_threshold=19
is_linear=0
shrinkage=0.0167612


Tree=278
num_leaves=10
num_cat=0
split_feature=103 34 15 56 70 133 141 21 133
split_gain=0.0769743 0.110684 0.28523 0.0732213 0.0570417 0.0460676 0.01091 0.00192952 7.48778e-05
threshold=-8937.4102627973461 4.5000000000000009 1.0000000180025095e-35 1.0000000180025095e-35 1038445.5553174604 1093751.6158635679 1.0000000180025095e-35 1.1819431990381353 428087.15151515161
decision_type=10 10 2 10 10 8 10 8 10
left_child=1 2 -1 6 5 8 -3 -5 -2
right_child=4 3 -4 7 -6 -7 -8 -9 -10
leaf_value=-0.00031885084775599932 7.0404425550773167e-05 -0.00039704678493193512 0.00070647927157395515 -5.2474541007245621e-05 8.1150734339761898e-05 0.00087544728722516554 -0.0011254527855426952 -0.00011838186372730786 0.00010861554058777099
leaf_weight=133 24 25 94 25 49 46 39 70 30
leaf_count=133 24 25 94 25 49 46 39 70 30
internal_value=0 -0.000114237 7.19122e-05 -0.000432917 0.000293899 0.000529092 -0.000825564 -0.000122663 0.000160809
internal_weight=535 386 227 159 149 100 64 95 54
internal_count=535 386 227 159 149 100 64 95 54
is_linear=0
shrinkage=0.0167612


Tree=279
num_leaves=11
num_cat=0
split_feature=10 94 45 205 151 102 123 85 70 15
split_gain=0.132794 0.103766 0.20284 0.0699723 0.100573 0.0997308 0.0381219 0.0294152 0.0250602 0.000360848
threshold=-0.24999999999999994 3.5000000000000004 393962.33617857145 15.122670807453419 1.0000000180025095e-35 1.0000000180025095e-35 27.500000000000004 28.500000000000004 1038445.5553174604 1.0000000180025095e-35
decision_type=2 8 10 8 10 10 10 10 8 2
left_child=1 2 -1 7 6 -6 -5 -2 -4 -3
right_child=3 9 8 4 5 -7 -8 -9 -10 -11
leaf_value=0.0011791503520447752 4.587247174112431e-05 -5.3950795322393985e-05 0.00022742369002386092 3.7445766902616395e-05 -0.0010871097378262629 -0.00022264524654920799 -0.00041827646247348532 0.0004662256241362156 -0.0002105264777355364 5.7697191736659974e-06
leaf_weight=61 34 51 45 130 63 40 27 26 26 32
leaf_count=61 34 51 45 130 63 40 27 26 26 32
internal_value=0 0.00030206 0.000590912 -0.000199883 -0.000337668 -0.000699132 -5.20983e-05 0.000129319 0.00012314 1.5648e-05
internal_weight=535 215 132 320 260 103 157 60 71 83
internal_count=535 215 132 320 260 103 157 60 71 83
is_linear=0
shrinkage=0.0167612


Tree=280
num_leaves=9
num_cat=1
split_feature=0 137 13 101 214 45 7 64
split_gain=0.196964 0.0997428 0.0864501 0.0458686 0.0671009 0.0458626 0.0205399 0.00294723
threshold=0 1.0000000180025095e-35 480000.38461538468 240280.63783366434 3.5000000000000004 200259.02380952382 1.0000000180025095e-35 403168.21780303033
decision_type=9 8 2 8 8 10 2 8
left_child=5 2 -2 4 -3 -1 -5 -7
right_child=1 3 -4 6 -6 7 -8 -9
leaf_value=0.00058741306444768846 -0.00022193605100708747 2.6283079455252638e-05 -0.0011716666196689588 -0.0003645872671884628 0.00063187353762002491 1.6922026114354794e-05 -7.1584426787746865e-05 0.00012423693150205058
leaf_weight=132 50 83 38 108 27 32 43 40
leaf_count=132 50 83 38 108 27 32 43 40
internal_value=0 -0.000226164 -0.000657012 -5.41213e-05 0.000143 0.000371802 -0.000236273 7.66253e-05
internal_weight=553 349 88 261 110 204 151 72
internal_count=553 349 88 261 110 204 151 72
cat_boundaries=0 1
cat_threshold=658028
is_linear=0
shrinkage=0.0167612


Tree=281
num_leaves=6
num_cat=0
split_feature=137 13 195 145 124
split_gain=0.142706 0.243198 0.175581 0.0605704 0.069984
threshold=1.0000000180025095e-35 238015.73506944449 13.500000000000002 75.500000000000014 89.500000000000014
decision_type=8 2 10 8 10
left_child=2 -2 -1 4 -3
right_child=1 3 -4 -5 -6
leaf_value=-0.00012608499672325858 0.00097175021141435213 -2.9922594076762453e-05 -0.0010993564573345972 -0.00023770159458371581 0.00042470679561049579
leaf_weight=53 48 131 48 157 116
leaf_count=53 48 131 48 157 116
internal_value=0 0.000125628 -0.000483619 5.55505e-06 0.00014542
internal_weight=553 452 101 404 247
internal_count=553 452 101 404 247
is_linear=0
shrinkage=0.0167612


Tree=282
num_leaves=9
num_cat=0
split_feature=119 13 56 199 133 128 182 113
split_gain=0.126114 0.177639 0.143229 0.115227 0.0647605 0.126068 0.0306386 0.00193031
threshold=739012.59931746044 427905.18238993717 1.0000000180025095e-35 -8.3580425999999992 1229744.6646341465 1.0000000180025095e-35 91.500000000000014 30.500000000000004
decision_type=8 2 8 8 8 8 8 8
left_child=4 3 -3 -2 7 -6 -4 -1
right_child=1 2 6 -5 5 -7 -8 -9
leaf_value=3.4588622572583515e-05 -0.00015833003704169026 -0.0011873743212961021 -0.00053056640534540373 0.00059551130609732236 0.00035378677845482423 0.0013986762279220926 -9.3085766700211789e-05 0.00010954223543639011
leaf_weight=33 35 25 52 102 24 28 208 46
leaf_count=33 35 25 52 102 24 28 208 46
internal_value=0 -0.000133594 -0.000377529 0.000269935 0.00040214 0.000808074 -0.000235468 9.56582e-05
internal_weight=553 422 285 137 131 52 260 79
internal_count=553 422 285 137 131 52 260 79
is_linear=0
shrinkage=0.0167612


Tree=283
num_leaves=9
num_cat=0
split_feature=137 6 187 70 13 32 133 176
split_gain=0.135603 0.0617908 0.0518828 0.038626 0.14064 0.182254 0.0943425 0.0288674
threshold=1.0000000180025095e-35 1.0000000180025095e-35 1.0000000180025095e-35 649461.32305194822 491171.8725490197 1.0000000180025095e-35 1072633.095108696 27.500000000000004
decision_type=8 2 8 8 2 8 8 10
left_child=1 -1 -3 6 5 -5 -2 -6
right_child=3 2 -4 4 7 -7 -8 -9
leaf_value=-0.001009574447766393 9.006144995722559e-05 -0.00051494482452912839 3.077641733475402e-05 0.0012176845819690842 -0.0003475106002299811 9.0028575732050941e-05 0.00086164643975807868 -4.6953595131307071e-05
leaf_weight=27 60 37 37 29 147 111 40 65
leaf_count=27 60 37 37 29 147 111 40 65
internal_value=0 -0.000472111 -0.000207826 0.000121718 2.17906e-05 0.000402512 0.000379175 -0.000210244
internal_weight=553 101 74 452 352 140 100 212
internal_count=553 101 74 452 352 140 100 212
is_linear=0
shrinkage=0.0167612


Tree=284
num_leaves=9
num_cat=1
split_feature=0 103 137 133 203 61 145 194
split_gain=0.188184 0.0987234 0.0620045 0.117219 0.0577565 0.0455545 0.0597961 0.00807732
threshold=0 -50637.625122608464 1.0000000180025095e-35 1093751.6158635679 37.097857142857144 9.0000000000000018 22.500000000000004 0.022321428571428555
decision_type=9 10 10 8 10 8 10 10
left_child=1 5 -3 -4 -2 6 -1 -6
right_child=4 2 3 -5 7 -7 -8 -9
leaf_value=-0.00044252460374906194 0.00040772629979450657 -0.00029804714050849705 0.00012809065778380624 0.00097697235134666422 -0.00020454033799458451 -0.00022873725415210994 -0.0013436695650748019 2.4335092209515768e-06
leaf_weight=54 241 32 32 24 24 84 31 31
leaf_count=54 241 32 32 24 24 84 31 31
internal_value=0 -0.00030209 -2.44757e-05 0.000347915 0.000269096 -0.000553898 -0.000836823 6.46971e-06
internal_weight=553 257 88 56 296 169 85 55
internal_count=553 257 88 56 296 169 85 55
cat_boundaries=0 1
cat_threshold=16888979
is_linear=0
shrinkage=0.0167612


Tree=285
num_leaves=9
num_cat=0
split_feature=13 106 130 101 4 94 187 153
split_gain=0.240527 0.143972 0.109055 0.180902 0.0550309 0.0518316 0.0278527 0.0065491
threshold=457860.51196581201 1.0000000180025095e-35 1.0000000180025095e-35 121174.96309681398 152.50000000000003 3.5000000000000004 671523.75000000012 939833.96702380956
decision_type=2 10 8 10 2 10 8 8
left_child=1 5 3 -2 7 6 -1 -4
right_child=2 -3 4 -5 -6 -7 -8 -9
leaf_value=0.00067473946648431682 -0.0014470392657453246 0.0011547289790850798 -6.8824715228775257e-05 -0.00027924997180033917 0.00027481937944104514 -0.0001353032732834028 0.00015252977447632358 -0.00025503636178973753
leaf_weight=36 35 32 38 33 38 30 120 191
leaf_count=36 35 32 38 33 38 30 120 191
internal_value=0 0.000401034 -0.000266759 -0.000772293 -0.000100141 0.000208178 0.00033342 -0.000208753
internal_weight=553 218 335 68 267 186 156 229
internal_count=553 218 335 68 267 186 156 229
is_linear=0
shrinkage=0.0167612


Tree=286
num_leaves=8
num_cat=0
split_feature=77 119 13 45 13 13 64
split_gain=0.0898128 0.0868 0.131686 0.115603 0.0524818 0.0334206 0.00175216
threshold=1.0000000180025095e-35 1009339.2814828764 238015.73506944449 995969.00108877418 639277.77777777787 939536.7430654763 381297.09740259749
decision_type=8 8 2 8 2 2 8
left_child=4 3 -3 6 -1 -4 -2
right_child=1 2 5 -5 -6 -7 -8
leaf_value=-0.00012848159974968704 1.8394628501937543e-05 0.00051869799075226987 -8.755228683208882e-05 0.00093171458501537787 -0.00088100041727782064 -0.00052677740980884363 0.0001037144946718686
leaf_weight=45 64 49 210 47 30 57 51
leaf_count=45 64 49 210 47 30 57 51
internal_value=0 8.45946e-05 -4.29149e-05 0.000377988 -0.000437818 -0.00021499 8.13813e-05
internal_weight=553 478 316 162 75 267 115
internal_count=553 478 316 162 75 267 115
is_linear=0
shrinkage=0.0167612


Tree=287
num_leaves=11
num_cat=1
split_feature=110 126 137 1 212 3 3 41 117 74
split_gain=0.162696 0.259498 0.0605376 0.0573502 0.0730641 0.0635133 0.0539355 0.025123 0.0241014 0.0227758
threshold=3.5000000000000004 -0.082824018185471901 1.0000000180025095e-35 0 1.0745643407108212 6.5000000000000009 3.5000000000000004 1.0000000180025095e-35 1.0000000180025095e-35 1.0000000180025095e-35
decision_type=10 10 10 1 8 2 2 10 10 10
left_child=3 2 -2 4 -1 6 -5 -6 -7 -3
right_child=1 9 -4 5 7 8 -8 -9 -10 -11
leaf_value=0.00037606865159504394 -0.0016258905094078814 1.1559732578065602e-05 -0.00059896098085820493 0.00038212572954538133 -0.00032857804294885541 0.00087478881029397454 -0.00019504123016931809 -6.1786151982975217e-05 0.00023872695500281297 0.00033811140313860989
leaf_weight=55 35 24 34 44 123 61 58 40 42 37
leaf_count=55 35 24 34 44 123 61 58 40 42 37
internal_value=0 -0.000454524 -0.00108829 0.000155457 1.22758e-05 0.000339745 5.26142e-05 -0.000194016 0.000624315 2.64032e-05
internal_weight=553 130 69 423 218 205 102 163 103 61
internal_count=553 130 69 423 218 205 102 163 103 61
cat_boundaries=0 1
cat_threshold=26
is_linear=0
shrinkage=0.0167612


Tree=288
num_leaves=9
num_cat=1
split_feature=0 44 13 6 77 181 210 165
split_gain=0.217923 0.128563 0.0979453 0.144223 0.104659 0.100665 0.0566234 0.00949908
threshold=0 1.0000000180025095e-35 350494.38031462586 1.0000000180025095e-35 1.0000000180025095e-35 1.0000000180025095e-35 0.95000000000000007 13.500000000000002
decision_type=9 8 2 2 10 8 8 10
left_child=1 7 5 4 -4 -2 -5 -1
right_child=2 -3 3 6 -6 -7 -8 -9
leaf_value=7.2810102243304768e-05 -3.3547643918328362e-05 0.0012234516537654595 -0.001405120299450895 0.00024660203783785916 -0.00028200644338481217 0.0006832911927675936 -0.00021129458022436907 0.00030624462148514016
leaf_weight=39 41 50 32 75 36 60 168 32
leaf_count=39 41 50 32 75 36 60 168 32
internal_value=8.12452e-05 0.000607602 -8.30413e-05 -0.000247636 -0.000806313 0.000263945 -4.08345e-05 0.000224737
internal_weight=533 121 412 311 68 101 243 71
internal_count=533 121 412 311 68 101 243 71
cat_boundaries=0 1
cat_threshold=6216
is_linear=0
shrinkage=0.0167612


Tree=289
num_leaves=9
num_cat=0
split_feature=116 133 126 126 69 196 143 212
split_gain=0.0837875 0.0536297 0.0521794 0.0477665 0.0327968 0.0153837 0.0696142 0.0354798
threshold=1.0000000180025095e-35 1229744.6646341465 0.32615129581189212 0.026203908248221722 1.0000000180025095e-35 62.88181818181819 1.0000000180025095e-35 1.7368575496705578
decision_type=10 8 8 10 10 8 8 8
left_child=1 5 3 -3 -4 7 -7 -1
right_child=-2 2 4 -5 -6 6 -8 -9
leaf_value=-3.7778742706703487e-05 -0.00041076144849809927 0.00024844754654191058 0.00026903820893112358 0.0010756440045882063 -1.8456176510763106e-05 -0.00021493969236846587 0.00049996166876319266 -0.0005274001344030433
leaf_weight=72 42 31 182 31 86 29 32 28
leaf_count=72 42 31 182 31 86 29 32 28
internal_value=7.9946e-05 0.000155565 0.000279474 0.000660521 0.000149743 -2.82797e-05 4.96135e-05 -0.00018331
internal_weight=533 491 330 62 268 161 61 100
internal_count=533 491 330 62 268 161 61 100
is_linear=0
shrinkage=0.0167612


Tree=290
num_leaves=7
num_cat=0
split_feature=126 116 194 12 165 141
split_gain=0.102247 0.131266 0.0934287 0.0421068 0.0335841 0.0295468
threshold=0.08915619144801086 1.0000000180025095e-35 0.041241496598639411 1.0000000180025095e-35 16.500000000000004 1.0000000180025095e-35
decision_type=10 10 8 2 10 10
left_child=1 2 4 -4 -1 -2
right_child=5 -3 3 -5 -6 -7
leaf_value=-0.00016321615734457312 0.00081953260789741382 -0.00071572567269685748 1.4545031918643806e-05 0.00037020823773970121 -0.00072984636881885884 0.00023924279170484225
leaf_weight=26 51 31 210 158 33 24
leaf_count=26 51 31 210 158 33 24
internal_value=7.79507e-05 3.05637e-06 6.16792e-05 0.000177967 -0.000390262 0.000546448
internal_weight=533 458 427 368 59 75
internal_count=533 458 427 368 59 75
is_linear=0
shrinkage=0.0167612


Tree=291
num_leaves=10
num_cat=0
split_feature=146 119 201 11 75 103 141 144 75
split_gain=0.0752728 0.0485708 0.0734177 0.0406839 0.14492 0.0436734 0.0262951 0.0235459 0.00419041
threshold=5.5000000000000009 520318.6486486487 1.0000000180025095e-35 1.0000000180025095e-35 690613.50678733049 40891.854761904753 1.0000000180025095e-35 1.0000000180025095e-35 511977.15695488726
decision_type=8 8 10 2 8 8 10 10 10
left_child=3 -2 8 5 -5 -1 -4 -7 -3
right_child=1 2 6 4 -6 7 -8 -9 -10
leaf_value=-0.00035652263749416061 0.00070101381058924384 0.00030429844376484057 -6.3249253678996853e-05 -0.00012597922733151437 -0.0010682811670039353 0.00049626152390347194 -0.00049011629129515355 6.6375730801832732e-05 8.3180050613353799e-05
leaf_weight=27 25 238 41 30 32 25 35 39 41
leaf_count=27 25 238 41 30 32 25 35 39 41
internal_value=7.61089e-05 0.00020844 0.000134017 -0.000180172 -0.000464976 -3.07002e-05 -0.000201994 0.000204876 0.000265646
internal_weight=533 380 355 153 62 91 76 64 279
internal_count=533 380 355 153 62 91 76 64 279
is_linear=0
shrinkage=0.0167612


Tree=292
num_leaves=7
num_cat=0
split_feature=116 13 60 53 11 207
split_gain=0.0796405 0.0732814 0.105134 0.0361088 0.0714941 0.00746291
threshold=1.0000000180025095e-35 350494.38031462586 1.0000000180025095e-35 155345.99106560907 0.6830127018922193 114516.15102230309
decision_type=10 2 8 10 2 10
left_child=1 2 -1 4 -3 -5
right_child=-2 3 -4 5 -6 -7
leaf_value=0.000133789411728256 -0.00040343618861345804 7.1526837143286989e-05 0.00086895903560395933 0.00010635158058004098 -0.00040946033492449872 0.00044804047962568961
leaf_weight=48 42 215 66 32 82 48
leaf_count=48 42 215 66 32 82 48
internal_value=7.4819e-05 0.000148956 0.00047738 2.01849e-05 -4.35631e-05 0.000288436
internal_weight=533 491 114 377 297 80
internal_count=533 491 114 377 297 80
is_linear=0
shrinkage=0.0167612


Tree=293
num_leaves=10
num_cat=0
split_feature=141 13 112 80 204 213 213 55 12
split_gain=0.0643034 0.0971606 0.153726 0.0699542 0.0726445 0.130431 0.0531799 0.0226615 0.00793407
threshold=1.0000000180025095e-35 396531.29017857148 26.000000000000004 5.5000000000000009 13.500000000000002 84.500000000000014 66.000000000000014 1.0000000180025095e-35 1.0000000180025095e-35
decision_type=10 2 8 10 8 8 10 10 2
left_child=3 8 -3 4 7 -6 -5 -1 -2
right_child=1 2 -4 6 5 -7 -8 -9 -10
leaf_value=0.0011843536458548561 0.00030625379098477744 -0.0012631647877597272 -0.00016814213120136751 -0.00051784617099883909 -0.0004752651157127934 0.00030622585561831142 1.1789600637987409e-05 0.00039670368127935274 4.2868734883729821e-05
leaf_weight=24 25 28 45 40 32 239 37 35 28
leaf_count=24 25 28 45 40 32 239 37 35 28
internal_value=7.31354e-05 -0.000190777 -0.000572967 0.000183413 0.000300974 0.000158019 -0.000131905 0.000749518 0.00010709
internal_weight=533 126 73 407 330 271 77 59 53
internal_count=533 126 73 407 330 271 77 59 53
is_linear=0
shrinkage=0.0167612


Tree=294
num_leaves=8
num_cat=0
split_feature=13 130 164 207 114 216 41
split_gain=0.0889839 0.27599 0.0796235 0.117783 0.0627007 0.0517069 0.0441849
threshold=583039.28750000009 1.0000000180025095e-35 1.0000000180025095e-35 65153.764931104633 56675169.900530793 0.081720430107526859 1.0000000180025095e-35
decision_type=2 8 10 8 8 8 10
left_child=2 -2 5 -4 -3 -1 -6
right_child=1 4 3 -5 6 -7 -8
leaf_value=-0.0002644923852969518 -0.0010455479218092914 -0.00027842459373067079 0.0002441310892157153 0.0010660574393838618 0.00040349679234171469 0.00022793276513230652 2.6629730950637154e-05
leaf_weight=45 40 47 31 57 135 135 43
leaf_count=45 40 47 31 57 135 135 43
internal_value=7.1691e-05 -0.000111053 0.000283068 0.000649045 6.40898e-05 6.23423e-05 0.000239658
internal_weight=533 265 268 88 225 180 178
internal_count=533 265 268 88 225 180 178
is_linear=0
shrinkage=0.0167612


Tree=295
num_leaves=8
num_cat=0
split_feature=116 45 207 11 141 124 18
split_gain=0.0762386 0.0351382 0.115146 0.112953 0.101871 0.0746011 0.00889901
threshold=1.0000000180025095e-35 1217893.5340879525 184468.52132459087 -0.24999999999999994 1.0000000180025095e-35 26.500000000000004 1.0000000180025095e-35
decision_type=10 8 8 2 10 10 8
left_child=1 2 6 4 -3 -5 -1
right_child=-2 3 -4 5 -6 -7 -8
leaf_value=-0.00033981056886424527 -0.00039922720301163381 0.00085407257999228347 0.00058433438816797123 -0.00014229091589073055 0.00021861648505698783 0.0004895025468768415 -0.00010377439677154773
leaf_weight=106 42 101 27 166 31 34 26
leaf_count=106 42 101 27 166 31 34 26
internal_value=6.89264e-05 0.00014186 3.35215e-06 0.000240899 0.000581212 2.05886e-05 -0.000248133
internal_weight=533 491 159 332 132 200 132
internal_count=533 491 159 332 132 200 132
is_linear=0
shrinkage=0.0167612


Tree=296
num_leaves=9
num_cat=1
split_feature=0 106 5 64 64 51 180 119
split_gain=0.202991 0.108952 0.0450719 0.0360616 0.0415827 0.0291363 0.0250718 0.0160746
threshold=0 1.0000000180025095e-35 1.5000000000000002 369097.04166666669 171407.66577380957 1.0000000180025095e-35 20.000000000000004 423825.22398589068
decision_type=9 8 2 8 10 10 8 10
left_child=1 3 6 -1 -5 7 -2 -4
right_child=2 -3 5 4 -6 -7 -8 -9
leaf_value=0.00044392164364024349 -0.00084632829590566502 0.00088405064470812743 0.00017502836892942394 -0.00034090512667964905 0.00016859743590989329 -0.00027751346397930323 -0.00019032758170359901 -7.7655890206686362e-05
leaf_weight=36 27 86 120 37 64 68 49 36
leaf_count=36 27 86 120 37 64 68 49 36
internal_value=8.32079e-05 0.000436713 -0.000166335 0.000152027 2.37401e-05 -3.44843e-05 -0.000480217 5.0103e-05
internal_weight=523 223 300 137 101 224 76 156
internal_count=523 223 300 137 101 224 76 156
cat_boundaries=0 1
cat_threshold=2120524
is_linear=0
shrinkage=0.0167612


Tree=297
num_leaves=10
num_cat=0
split_feature=10 13 130 133 20 187 104 160 140
split_gain=0.103961 0.143924 0.245039 0.11146 0.0907456 0.0337876 0.0369438 0.0329078 0.0255184
threshold=-0.24999999999999994 510944.7410714287 1.0000000180025095e-35 203832.26942355893 26.500000000000004 254126.81487514797 630.00000000000011 51.500000000000007 1.0000000180025095e-35
decision_type=2 2 8 10 8 8 10 8 10
left_child=3 5 -3 4 -1 -2 -7 -5 -4
right_child=1 2 8 7 -6 6 -8 -9 -10
leaf_value=0.0011987640878751934 3.1079328424172113e-05 -0.0013403574089238136 5.1227852553623906e-05 0.00017219564061144902 0.00031411872759405169 0.00010544020037999334 0.00070522969843139272 -0.00028554509744538624 -0.00030046514814513269
leaf_weight=41 34 33 71 50 84 81 39 41 49
leaf_count=41 34 33 71 50 84 81 39 41 49
internal_value=8.13701e-05 -8.50787e-05 -0.000438102 0.000349669 0.000657813 0.000197177 0.00036146 5.95814e-05 -8.61937e-05
internal_weight=523 307 153 216 125 154 120 91 120
internal_count=523 307 153 216 125 154 120 91 120
is_linear=0
shrinkage=0.0167612


Tree=298
num_leaves=7
num_cat=0
split_feature=159 5 45 140 178 162
split_gain=0.0852687 0.0897282 0.0813516 0.0384908 0.109698 0.0284592
threshold=27.000000000000004 1.5000000000000002 1536029.3548809525 1.0000000180025095e-35 11.500000000000002 714215.90909090929
decision_type=8 2 8 10 10 10
left_child=1 2 -1 5 -5 -3
right_child=-2 3 -4 4 -6 -7
leaf_value=-0.00013690964381683069 0.00034521368187275631 0.00047461158908891155 -0.00090460539268002842 -0.00057158924166560501 0.00018819389346113694 7.6050182961208282e-05
leaf_weight=44 190 72 42 50 76 49
leaf_count=44 190 72 42 50 76 49
internal_value=7.96324e-05 -5.30638e-05 -0.000459213 6.46845e-05 -6.30441e-05 0.000275427
internal_weight=523 333 86 247 126 121
internal_count=523 333 86 247 126 121
is_linear=0
shrinkage=0.0167612


Tree=299
num_leaves=8
num_cat=0
split_feature=51 64 13 13 126 101 9
split_gain=0.109671 0.0592832 0.288399 0.0490731 0.03905 0.00741523 0.00121291
threshold=550000.00000000012 138707.54139610392 444942.55918898812 350494.38031462586 0.23179635279414834 184088.96868156278 1.0000000180025095e-35
decision_type=8 10 2 2 8 10 2
left_child=1 2 3 -1 5 -3 -2
right_child=6 4 -4 -5 -6 -7 -8
leaf_value=3.4189563668159946e-05 0.00046717759296608367 2.5935899468867445e-05 -0.0010004390023605975 0.00060161850450375426 0.00041095994760213654 -0.00015200115912692173 0.00015474851287416132
leaf_weight=61 147 104 68 24 43 47 29
leaf_count=61 147 104 68 24 43 47 29
internal_value=7.8184e-05 -6.64647e-05 -0.000306601 0.000145773 7.3499e-05 8.09554e-06 0.000394854
internal_weight=523 347 153 85 194 151 176
internal_count=523 347 153 85 194 151 176
is_linear=0
shrinkage=0.0167612


Tree=300
num_leaves=10
num_cat=0
split_feature=13 112 164 104 159 10 35 97 207
split_gain=0.318453 0.430891 0.0878443 0.100809 0.0236268 0.0679895 0.0231685 0.00523512 0.000125209
threshold=468254.25315579714 26.000000000000004 1.0000000180025095e-35 630.00000000000011 1.0000000180025095e-35 0.25000000000000011 1.0000000180025095e-35 0.22474747474747472 47574.691325780695
decision_type=2 8 8 10 8 2 10 8 8
left_child=2 -2 8 6 7 -6 -4 -3 -1
right_child=1 4 3 -5 5 -7 -8 -9 -10
leaf_value=4.3013406803811784e-05 -0.0015218447791097343 -6.1796371768541627e-05 0.0005418359204780414 0.0013630588491264787 0.00031991701427791774 -0.00020887311688979089 0.00019147069314344692 -0.00039696508813662527 7.47968103414779e-05
leaf_weight=33 30 49 97 39 114 71 27 32 31
leaf_count=33 30 49 97 39 114 71 27 32 31
internal_value=7.70661e-05 -0.000245836 0.000526292 0.000748735 -1.79921e-05 6.06546e-05 0.000468065 -0.000223805 0.000118958
internal_weight=523 296 227 163 266 185 124 81 64
internal_count=523 296 227 163 266 185 124 81 64
is_linear=0
shrinkage=0.0167612


Tree=301
num_leaves=10
num_cat=0
split_feature=130 203 41 133 123 141 113 133 207
split_gain=0.079496 0.0929504 0.0775961 0.0562389 0.0477948 0.0189029 0.0118731 0.00964287 0.00330644
threshold=1.0000000180025095e-35 24.018918918918924 1.0000000180025095e-35 692713.06818181823 9.5000000000000018 1.0000000180025095e-35 26.500000000000004 444069.31790816336 76307.203898008607
decision_type=8 8 10 10 10 10 8 10 8
left_child=1 -1 4 8 6 7 -2 -3 -4
right_child=2 5 3 -5 -6 -7 -8 -9 -10
leaf_value=0.00017312304326757948 0.00080155795636501685 -0.00028903158643588952 0.00011966092198521322 -0.00055486079572174079 9.3432422426873086e-05 -0.0007614533262438782 0.00034986049100851706 -9.4011543874325464e-05 1.0052679177086887e-06
leaf_weight=53 45 48 31 24 56 42 165 25 34
leaf_count=53 45 48 31 24 56 42 165 25 34
internal_value=7.46664e-05 -0.000172554 0.000221611 -7.27584e-05 0.000373371 -0.00045799 0.000492569 -0.000219759 2.83395e-06
internal_weight=523 168 355 89 266 115 210 73 65
internal_count=523 168 355 89 266 115 210 73 65
is_linear=0
shrinkage=0.0167612


Tree=302
num_leaves=10
num_cat=0
split_feature=51 99 13 13 10 151 6 11 126
split_gain=0.0776253 0.0868537 0.058719 0.192082 0.052387 0.0424243 0.0976834 0.0373466 0.0130132
threshold=495000.00000000006 -0.59414234282908762 413877.09027777787 207891.24561403514 0.25000000000000011 1.0000000180025095e-35 1.0000000180025095e-35 -0.24999999999999994 0.0082403178126975313
decision_type=8 8 2 2 2 10 2 2 8
left_child=1 8 3 -2 -4 7 -7 -3 -1
right_child=2 5 4 -5 -6 6 -8 -9 -10
leaf_value=0.00010732921401938644 0.0014633482875701285 0.00028341157445767133 0.00034089017771702799 0.00016882558516215175 -0.00019562460202246696 -0.00094286511078419994 -0.00012244551817448642 -0.00020529280753047891 0.00056488137561480991
leaf_weight=37 24 45 63 53 53 37 123 52 36
leaf_count=37 24 45 63 53 53 37 123 52 36
internal_value=7.30503e-05 -5.44408e-05 0.000324414 0.000647557 6.46796e-05 -0.000219323 -0.000382839 -3.5433e-05 0.000319799
internal_weight=523 330 193 77 116 257 160 97 73
internal_count=523 330 193 77 116 257 160 97 73
is_linear=0
shrinkage=0.0167612


Tree=303
num_leaves=10
num_cat=1
split_feature=151 10 1 34 47 130 47 194 56
split_gain=0.0762843 0.110632 0.0506178 0.0429768 0.036428 0.0971605 0.0269271 0.0444323 0.0139929
threshold=1.0000000180025095e-35 -1.0000000180025095e-35 0 4.5000000000000009 715548.08652129502 1.0000000180025095e-35 330853.8271619046 0.27207792207792209 1.0000000180025095e-35
decision_type=10 2 1 10 8 10 10 8 8
left_child=2 3 6 -2 8 -6 -1 -8 -3
right_child=1 4 -4 -5 5 -7 7 -9 -10
leaf_value=-0.00023598907564506081 0.00053543664122009409 -4.7287433532390241e-05 0.00044784569333244478 3.3475976329332451e-05 -0.0012401346069638214 -0.00031150808278845675 3.6472776393998922e-05 0.00048681055993149414 -0.00029305617603638418
leaf_weight=41 35 40 147 76 31 26 54 40 33
leaf_count=41 35 40 147 76 31 26 54 40 33
internal_value=7.20372e-05 -0.000109285 0.000257759 0.000169597 -0.000434216 -0.00074484 3.13465e-05 0.000153616 -0.000148488
internal_weight=523 241 282 111 130 57 135 94 73
internal_count=523 241 282 111 130 57 135 94 73
cat_boundaries=0 1
cat_threshold=10
is_linear=0
shrinkage=0.0167612


Tree=304
num_leaves=11
num_cat=0
split_feature=13 104 112 7 144 120 15 83 35 31
split_gain=0.131186 0.172534 0.0862921 0.206903 0.0312463 0.0135876 0.0367161 0.00649696 0.0302225 0.0202399
threshold=413877.09027777787 630.00000000000011 26.000000000000004 1.0000000180025095e-35 1.0000000180025095e-35 1.0000000180025095e-35 1.0000000180025095e-35 1.3719953581671602 1.0000000180025095e-35 2.5000000000000004
decision_type=2 10 10 2 10 10 2 8 10 10
left_child=1 5 3 -2 -3 6 -1 8 -4 -9
right_child=2 4 7 -5 -6 -7 -8 9 -10 -11
leaf_value=-1.8846726198517663e-05 -0.00098630530090219035 0.00044590468822931897 -0.00021631569988059862 -3.1881798704061231e-05 0.0013503554661475393 -0.00017161047190145977 0.00042027231771125272 0.00034393240938225588 0.00017111812060441225 2.9324707209239218e-05
leaf_weight=47 89 25 130 54 31 54 34 27 26 35
leaf_count=47 89 25 130 54 31 54 34 27 26 35
internal_value=-3.5928e-05 0.000270717 -0.000228345 -0.000522655 0.000895884 3.29223e-05 9.31382e-05 -1.80315e-05 -7.58933e-05 8.42383e-05
internal_weight=552 191 361 143 56 135 81 218 156 62
internal_count=552 191 361 143 56 135 81 218 156 62
is_linear=0
shrinkage=0.0167612


Tree=305
num_leaves=6
num_cat=0
split_feature=94 119 12 13 57
split_gain=0.0466955 0.120783 0.106009 0.263561 0.0836519
threshold=2.5000000000000004 416989.22675736964 1.0000000180025095e-35 468254.25315579714 453750.00000000006
decision_type=10 8 2 2 10
left_child=1 -1 4 -4 -3
right_child=-2 2 3 -5 -6
leaf_value=0.00063939925984237485 -0.00043911687386627381 -0.0006046736272011632 0.00076599676678260206 -0.00026727540419168281 -3.4865220732242169e-05
leaf_weight=40 37 108 94 93 180
leaf_count=40 37 108 94 93 180
internal_value=-3.45399e-05 -1.20963e-06 -6.65001e-05 0.000191177 -0.000271853
internal_weight=552 515 475 187 288
internal_count=552 515 475 187 288
is_linear=0
shrinkage=0.0167612


Tree=306
num_leaves=9
num_cat=0
split_feature=14 199 13 139 160 37 176 5
split_gain=0.066831 0.0999921 0.300376 0.138603 0.0636073 0.0498832 0.00888706 2.55846e-05
threshold=18.000000000000004 -8.5191404499999983 444942.55918898812 1.0000000180025095e-35 39.500000000000007 1.0000000180025095e-35 33.500000000000007 2.5000000000000004
decision_type=2 10 2 10 8 8 10 2
left_child=1 5 3 -3 -4 6 -1 -2
right_child=7 2 4 -5 -6 -7 -8 -9
leaf_value=5.2795609983454574e-05 0.0005223363807044572 0.00037961818008777978 6.2244442577654764e-05 0.0014948026423391081 -0.00039324643928625698 -0.00062520955698249414 -0.0002118467671995017 0.00013740303180844664
leaf_weight=35 28 24 64 38 163 116 26 58
leaf_count=35 28 24 64 38 163 116 26 58
internal_value=-3.40812e-05 -0.000124963 2.71586e-05 0.000867075 -0.000201494 -0.000417573 -9.79371e-05 0.000303007
internal_weight=552 466 289 62 227 177 61 86
internal_count=552 466 289 62 227 177 61 86
is_linear=0
shrinkage=0.0167612


Tree=307
num_leaves=8
num_cat=0
split_feature=110 12 34 22 77 124 160
split_gain=0.0519016 0.0846491 0.0437656 0.0408436 0.0218022 0.0244883 0.0114144
threshold=16.500000000000004 1.0000000180025095e-35 2.5000000000000004 1.0000000180025095e-35 1.0000000180025095e-35 173.50000000000003 11.500000000000002
decision_type=8 2 10 10 10 10 10
left_child=2 6 -1 -3 -4 -6 -2
right_child=1 3 4 -5 5 -7 -8
leaf_value=0.00050634444170142906 -0.00053386910754228017 0.00033167054398936901 0.00027678898509693955 -0.00015581233974649696 -0.00012850875926001954 0.00021644288668505257 -0.00019583772574157063
leaf_weight=28 133 66 39 27 207 28 24
leaf_count=28 133 66 39 27 207 28 24
internal_value=-3.26301e-05 -0.000209851 8.85469e-05 5.56125e-05 5.65441e-06 -3.44664e-05 -0.000447307
internal_weight=552 250 302 93 274 235 157
internal_count=552 250 302 93 274 235 157
is_linear=0
shrinkage=0.0167612


Tree=308
num_leaves=9
num_cat=0
split_feature=83 35 32 207 12 212 164 151
split_gain=0.0653248 0.0693218 0.0692008 0.0419437 0.0618842 0.0402864 0.0828088 0.0325301
threshold=1.0187071326471477 1.0000000180025095e-35 1.0000000180025095e-35 27948.695601490577 1.0000000180025095e-35 1.1460063336025228 1.0000000180025095e-35 1.0000000180025095e-35
decision_type=8 8 8 10 2 10 10 10
left_child=1 7 5 4 -4 6 -2 -1
right_child=2 -3 3 -5 -6 -7 -8 -9
leaf_value=-0.00019189265440864252 4.6325177528382465e-05 -3.9145690307889903e-05 -0.00050240588866197076 0.00017685485250984944 -5.1583901129009673e-05 5.9140595364720597e-05 0.00059314086664273048 -0.00086266965883130813
leaf_weight=39 43 24 106 24 76 54 132 54
leaf_count=39 43 24 106 24 76 54 132 54
internal_value=-3.10029e-05 -0.00034464 4.35012e-05 -0.000134791 -0.000261336 0.000246216 0.000381196 -0.000592299
internal_weight=552 117 435 206 182 229 175 93
internal_count=552 117 435 206 182 229 175 93
is_linear=0
shrinkage=0.0167612


Tree=309
num_leaves=9
num_cat=0
split_feature=3 190 119 151 181 164 76 214
split_gain=0.0358789 0.107245 0.0410406 0.11796 0.0370913 0.0384433 0.0244169 0.0206158
threshold=5.5000000000000009 1.5000000000000002 712677.20458049898 1.0000000180025095e-35 1.0000000180025095e-35 1.0000000180025095e-35 1.0000000180025095e-35 2.5900000000000003
decision_type=2 8 8 10 10 8 10 10
left_child=2 -2 -1 7 5 -3 -5 -4
right_child=1 4 3 6 -6 -7 -8 -9
leaf_value=3.32048733141523e-05 0.0006524891071888572 -0.00054554099806872094 -0.00014178852655996764 -0.0012451516645293076 0.00025299297177554443 -3.02410983034556e-05 -0.00042030988119193719 0.00021830644553779926
leaf_weight=46 39 24 89 28 50 218 30 28
leaf_count=46 39 24 89 28 50 218 30 28
internal_value=-3.02602e-05 5.59755e-05 -0.000192606 -0.000328905 -2.14294e-05 -0.000132888 -0.000819762 -4.53047e-05
internal_weight=552 331 221 175 292 242 58 117
internal_count=552 331 221 175 292 242 58 117
is_linear=0
shrinkage=0.0167612


Tree=310
num_leaves=9
num_cat=0
split_feature=110 13 141 159 166 23 74 180
split_gain=0.0495123 0.0559102 0.0676654 0.0610071 0.0408244 0.11084 0.0304027 0.0093208
threshold=12.500000000000002 959281.21281464526 1.0000000180025095e-35 1.5000000000000002 360593.25000000006 1.0000000180025095e-35 1.0000000180025095e-35 1.0000000180025095e-35
decision_type=8 2 10 10 8 8 10 10
left_child=1 2 3 -1 -2 -6 -4 -3
right_child=4 7 6 -5 5 -7 -8 -9
leaf_value=0.00011655252823738717 9.1315947001595674e-05 -9.3505626491096353e-05 6.4067686420014072e-05 0.00078972486034229578 -0.00083656594763089427 -7.5622756911701124e-05 -0.0003459300962898301 -0.00040187262884567177
leaf_weight=83 26 24 57 64 51 180 32 35
leaf_count=83 26 24 57 64 51 180 32 35
internal_value=-2.92266e-05 9.21817e-05 0.000228749 0.000444134 -0.000199134 -0.000298918 2.37459e-06 -0.000213573
internal_weight=552 295 236 147 257 231 89 59
internal_count=552 295 236 147 257 231 89 59
is_linear=0
shrinkage=0.0167612


Tree=311
num_leaves=10
num_cat=0
split_feature=110 14 4 126 123 160 100 38 41
split_gain=0.100707 0.139539 0.187701 0.0854428 0.0695179 0.0609439 0.0551663 0.0201965 0.00854732
threshold=2.5000000000000004 18.000000000000004 43.500000000000007 0.09332128996754456 58.000000000000007 18.500000000000004 1.0000000180025095e-35 2.5485849056603778 1.0000000180025095e-35
decision_type=8 2 2 10 8 8 10 10 10
left_child=4 3 -3 6 5 -1 -2 -7 -6
right_child=1 2 -4 -5 8 7 -8 -9 -10
leaf_value=0.00035470084653864593 -0.00068358421892494858 0.0010108277758089108 -9.2764831646001476e-05 -7.1253424993743397e-06 0.00070552768913013366 -0.00053901198975857712 -0.00024654684093796937 -6.5476858996329574e-05 0.00023039926867663904
leaf_weight=34 189 29 47 25 51 31 25 55 66
leaf_count=34 189 29 47 25 51 31 25 55 66
internal_value=-2.86978e-05 -0.000227325 0.000220431 -0.000440252 0.000196271 2.32332e-05 -0.000576321 -0.000258153 0.000468651
internal_weight=552 315 76 239 237 120 214 86 117
internal_count=552 315 76 239 237 120 214 86 117
is_linear=0
shrinkage=0.0167612


Tree=312
num_leaves=7
num_cat=1
split_feature=0 13 119 15 128 9
split_gain=0.112376 0.148942 0.127892 0.0634705 0.0540151 0.0294966
threshold=0 184084.60119047618 712677.20458049898 1.0000000180025095e-35 1.0000000180025095e-35 1.0000000180025095e-35
decision_type=9 2 8 2 8 2
left_child=2 -2 -1 5 -5 -3
right_child=1 3 -4 4 -6 -7
leaf_value=9.181348790521838e-05 0.00097973495187481238 1.0202656126056257e-05 -0.00073851882204630122 9.9678936601442592e-05 0.00062693962712517186 -0.00033928885970297323
leaf_weight=31 29 234 75 50 78 38
leaf_count=31 29 234 75 50 78 38
internal_value=6.53443e-05 0.000194518 -0.000313726 9.4688e-05 0.000366335 -1.86901e-05
internal_weight=535 429 106 400 128 272
internal_count=535 429 106 400 128 272
cat_boundaries=0 1
cat_threshold=2130947
is_linear=0
shrinkage=0.0167612


Tree=313
num_leaves=7
num_cat=1
split_feature=0 182 113 93 119 120
split_gain=0.102852 0.0672245 0.0996751 0.0528198 0.0520253 0.0356169
threshold=0 93.500000000000014 52.000000000000007 5.5000000000000009 712677.20458049898 1.0000000180025095e-35
decision_type=9 8 8 8 10 10
left_child=3 -2 5 -1 -5 -3
right_child=1 2 -4 4 -6 -7
leaf_value=0.00010107625412970591 -0.00053488250971154324 0.00048415318389839198 -0.00028084634926654452 0.00069770174040088644 0.00011842505699827252 7.921356591205218e-05
leaf_weight=38 48 89 141 112 59 48
leaf_count=38 48 89 141 112 59 48
internal_value=6.47412e-05 -9.373e-05 -5.90469e-06 0.000331987 0.000492254 0.000282645
internal_weight=535 326 278 209 171 137
internal_count=535 326 278 209 171 137
cat_boundaries=0 1
cat_threshold=23372
is_linear=0
shrinkage=0.0167612


Tree=314
num_leaves=10
num_cat=0
split_feature=13 112 222 170 153 7 11 143 11
split_gain=0.217245 0.159777 0.138024 0.155457 0.0358066 0.0411112 0.021259 0.0184056 0.00157437
threshold=473941.14251127053 26.000000000000004 1.0000000180025095e-35 1.0000000180025095e-35 434550.26875000005 1.0000000180025095e-35 0.25000000000000017 1.0000000180025095e-35 -0.5
decision_type=2 8 8 10 10 2 2 10 2
left_child=2 -2 3 -1 5 -3 8 -6 -4
right_child=1 4 6 -5 7 -7 -8 -9 -10
leaf_value=0.0013550907206806931 -0.0010419684689895561 -0.00037881454245985974 -1.2014356660984924e-05 0.0002910790844386423 4.7856702201123614e-05 -2.9244896266840587e-05 0.00025324812027544734 0.00032797642192741071 -0.00011615553812846337
leaf_weight=60 24 124 39 37 33 63 70 51 34
leaf_count=60 24 124 39 37 33 63 70 51 34
internal_value=6.25298e-05 -0.000206297 0.000422362 0.000867302 -7.02279e-05 -0.000201579 9.14146e-05 0.000132352 -3.70837e-05
internal_weight=535 295 240 97 271 187 143 84 73
internal_count=535 295 240 97 271 187 143 84 73
is_linear=0
shrinkage=0.0167612


Tree=315
num_leaves=9
num_cat=0
split_feature=116 99 123 45 45 16 10 73
split_gain=0.0492223 0.0391285 0.0858539 0.0208007 0.0256454 0.0139411 0.010161 0.00421349
threshold=1.0000000180025095e-35 -0.16617030282483355 70.500000000000014 883492.68135281396 1217893.5340879525 1.0000000180025095e-35 -0.6830127018922193 727776.59075276589
decision_type=8 10 8 8 8 8 2 8
left_child=1 2 7 -3 -5 -2 -7 -1
right_child=5 3 -4 4 -6 6 -8 -9
leaf_value=7.8208750971924017e-05 -0.00029595308663565758 -0.00023577012825395122 0.00062553069076309506 0.00039373402564818038 4.2798584044176959e-05 -0.00019029806425065833 3.2270210294679478e-05 -8.2795137970356923e-05
leaf_weight=66 48 44 107 27 30 38 134 41
leaf_count=66 48 44 107 27 30 38 134 41
internal_value=6.09674e-05 0.000197851 0.000326942 3.08959e-05 0.000111494 -9.37067e-05 -9.18467e-06 4.86173e-05
internal_weight=535 315 214 101 57 220 172 107
internal_count=535 315 214 101 57 220 172 107
is_linear=0
shrinkage=0.0167612


Tree=316
num_leaves=7
num_cat=0
split_feature=21 190 110 85 10 164
split_gain=0.0402136 0.0775558 0.072499 0.0399729 0.0284641 0.015167
threshold=1.1206927678666407 1.5000000000000002 19.500000000000004 5.5000000000000009 -0.93301270189221908 1.0000000180025095e-35
decision_type=8 8 10 10 2 10
left_child=-1 3 4 -2 -3 -4
right_child=1 2 5 -5 -6 -7
leaf_value=0.00041365917685247595 0.00015252222113766679 -0.00030972864984863118 -0.00021066118281320561 0.00086370092446154411 6.4475213828118469e-05 -0.00077029462877533381
leaf_weight=45 36 30 25 26 338 35
leaf_count=45 36 30 25 26 338 35
internal_value=5.9303e-05 2.17894e-06 -6.59235e-05 0.000446296 -3.18639e-06 -0.000492436
internal_weight=535 490 428 62 368 60
internal_count=535 490 428 62 368 60
is_linear=0
shrinkage=0.0167612


Tree=317
num_leaves=10
num_cat=0
split_feature=205 13 15 197 160 216 38 119 90
split_gain=0.0808757 0.104956 0.168807 0.106289 0.0864579 0.0963449 0.0499954 0.0280471 0.00871991
threshold=14.668981481481483 473941.14251127053 1.0000000180025095e-35 1.0000000180025095e-35 31.500000000000004 0.9193548387096776 2.9045454545454548 444551.40625000006 1.0000000180025095e-35
decision_type=8 2 2 8 8 10 8 8 10
left_child=6 2 -2 -4 8 -6 7 -1 -3
right_child=1 4 3 -5 5 -7 -8 -9 -10
leaf_value=0.00039820596380844142 -0.00011159151046236867 4.8208434259100511e-05 0.0011995501095911983 0.00020551972581860895 -0.0002276112548085033 -0.0010483236631674856 0.00093509280294892425 -3.5301739024060812e-06 0.00032831079593145768
leaf_weight=29 91 29 47 51 173 30 26 29 30
leaf_count=29 91 29 47 51 173 30 26 29 30
internal_value=5.84623e-05 -1.02775e-05 0.000242409 0.000690682 -0.000233026 -0.000416082 0.000458121 0.000163313 0.000123008
internal_weight=535 451 189 98 262 203 84 58 59
internal_count=535 451 189 98 262 203 84 58 59
is_linear=0
shrinkage=0.0167612


Tree=318
num_leaves=10
num_cat=0
split_feature=13 199 119 116 130 101 7 40 164
split_gain=0.180813 0.169776 0.135878 0.135126 0.0707495 0.030682 0.00943342 0.00699938 0.000826363
threshold=480000.38461538468 -8.5191404499999983 1090171.2385487531 1.0000000180025095e-35 1.0000000180025095e-35 180093.69938833878 1.0000000180025095e-35 1.0000000180025095e-35 1.0000000180025095e-35
decision_type=2 10 8 10 8 10 2 8 10
left_child=1 7 5 -3 -4 -2 -6 8 -1
right_child=2 3 4 -5 6 -7 -8 -9 -10
leaf_value=-5.2248027477629606e-05 2.6436440106315831e-05 0.0015962588085030873 -0.00105260446849332 0.00036809443979292936 -0.00037518424052689742 0.00048714632524219845 -7.1752699572579187e-05 0.00014149865183475346 8.476031059201626e-06
leaf_weight=33 83 36 30 38 90 29 58 111 27
leaf_count=33 83 36 30 38 90 29 58 111 27
internal_value=5.74321e-05 0.000381266 -0.000190826 0.000953761 -0.000481303 0.000143834 -0.000294414 8.72363e-05 2.07203e-05
internal_weight=535 245 290 74 178 112 148 171 60
internal_count=535 245 290 74 178 112 148 171 60
is_linear=0
shrinkage=0.0167612


Tree=319
num_leaves=7
num_cat=0
split_feature=13 13 63 5 112 184
split_gain=0.0839567 0.254951 0.1 0.0475263 0.130886 0.0866112
threshold=259036.4666666667 199409.10576923081 1.0000000180025095e-35 1.5000000000000002 26.000000000000004 370873.13837355463
decision_type=2 2 8 2 10 10
left_child=1 -1 3 4 -2 -5
right_child=2 -3 -4 5 -6 -7
leaf_value=0.0012407039496351378 -0.00080037187196073433 -1.1081539358719409e-05 -0.0003556163147822929 0.00068609962625626659 0.00013167764691256295 3.578103210541534e-05
leaf_weight=40 25 41 143 65 53 168
leaf_count=40 25 41 143 65 53 168
internal_value=5.64145e-05 0.000470249 -1.23424e-05 0.000125553 -0.00010763 0.00026017
internal_weight=535 81 454 311 78 233
internal_count=535 81 454 311 78 233
is_linear=0
shrinkage=0.0167612


Tree=320
num_leaves=10
num_cat=0
split_feature=143 10 126 11 45 184 61 6 133
split_gain=0.0872647 0.0578656 0.0555926 0.0520387 0.0417059 0.0326608 0.0665779 0.0204687 0.0175987
threshold=1.0000000180025095e-35 -0.24999999999999994 0.090545366716209288 -0.24999999999999994 429524.51572327054 947823.33872647374 11.000000000000002 1.0000000180025095e-35 203832.26942355893
decision_type=8 2 10 2 10 8 8 2 10
left_child=1 8 7 4 -2 -5 -7 -3 -1
right_child=3 2 -4 5 -6 6 -8 -9 -10
leaf_value=0.00027776989867898071 0.00060554663564442608 -0.00093983670523896737 -0.00013709002223510992 0.00031427432341777175 0.00014982504623746275 -0.00055779303745658114 2.5459040705414416e-05 -0.00032310452331565405 1.032465626845335e-05
leaf_weight=38 111 35 35 45 36 32 103 67 40
leaf_count=38 111 35 35 45 36 32 103 67 40
internal_value=4.32129e-05 -0.000179334 -0.000393805 0.000218991 0.000438404 2.06002e-05 -8.39384e-05 -0.000596376 3.24206e-05
internal_weight=542 215 137 327 147 180 135 102 78
internal_count=542 215 137 327 147 180 135 102 78
is_linear=0
shrinkage=0.0167612


Tree=321
num_leaves=11
num_cat=1
split_feature=0 184 84 205 87 133 153 10 12 106
split_gain=0.120268 0.145257 0.124469 0.0853551 0.119622 0.0651956 0.0463413 0.0362708 0.0149854 0.00856934
threshold=0 987379.34317313356 5.5000000000000009 26.22666666666667 1380.0000000000002 368415.46029411763 898411.66666666686 -1.0000000180025095e-35 1.0000000180025095e-35 1.0000000180025095e-35
decision_type=9 10 8 8 10 10 10 2 2 8
left_child=1 2 -1 7 9 -4 -3 -2 -6 -5
right_child=3 6 5 4 8 -7 -8 -9 -10 -11
leaf_value=0.00016563558622077396 0.00055132677220107347 -0.00048814796385827344 0.0011435263322137263 5.8707621472188753e-05 -0.00039551552557227264 0.00031182594431589447 1.892175233067502e-05 5.5672738600672307e-05 -0.0011292472451064361 -0.00011670628966825208
leaf_weight=31 30 39 87 29 29 41 24 48 41 143
leaf_count=31 30 39 87 29 29 41 24 48 41 143
internal_value=4.24969e-05 0.000322568 0.000617617 -0.000136561 -0.000312964 0.000868013 -0.000105559 0.000198648 -0.000800164 -5.771e-05
internal_weight=542 222 159 320 242 128 63 78 70 172
internal_count=542 222 159 320 242 128 63 78 70 172
cat_boundaries=0 1
cat_threshold=2103724
is_linear=0
shrinkage=0.0167612


Tree=322
num_leaves=8
num_cat=0
split_feature=5 210 25 94 9 182 164
split_gain=0.0903395 0.0890707 0.0594032 0.0322815 0.0235257 0.00567488 0.0164416
threshold=1.5000000000000002 0.53333333333333344 1.0000000180025095e-35 3.5000000000000004 1.0000000180025095e-35 83.500000000000014 1.0000000180025095e-35
decision_type=2 8 8 10 2 10 10
left_child=1 -1 3 4 -2 6 -3
right_child=2 5 -4 -5 -6 -7 -8
leaf_value=-0.00087399667437943645 0.00019405373332622398 -3.5099705173294233e-05 0.00041256611587080086 -0.0003276322921401304 -9.6017455597531448e-05 1.028569230671028e-05 -0.00031804447566356124
leaf_weight=24 178 46 156 28 41 30 39
leaf_count=24 178 46 156 28 41 30 39
internal_value=4.10967e-05 -0.000265518 0.000176525 1.2418e-05 8.6927e-05 -4.85261e-05 -0.000121485
internal_weight=542 139 403 247 219 115 85
internal_count=542 139 403 247 219 115 85
is_linear=0
shrinkage=0.0167612


Tree=323
num_leaves=8
num_cat=0
split_feature=96 213 11 53 205 118 6
split_gain=0.0755551 0.113556 0.111541 0.172485 0.0797381 0.021893 0.0216425
threshold=1.0000000180025095e-35 88.500000000000014 0.25000000000000017 109377.77506035157 17.660112359550563 1.0000000180025095e-35 1.0000000180025095e-35
decision_type=8 10 2 10 10 10 2
left_child=1 2 4 -4 -1 -3 -2
right_child=6 5 3 -5 -6 -7 -8
leaf_value=0.00022148965471122418 8.985387516906067e-05 0.00052046156715121971 -0.0010835051676824205 -0.000133418336830034 -0.00042516737928998153 0.00010915967907165632 0.00038967924963845046
leaf_weight=102 41 57 75 25 50 33 159
leaf_count=102 41 57 75 25 50 33 159
internal_value=3.95163e-05 -8.62337e-05 -0.000283118 -0.000665581 -3.10013e-05 0.000301892 0.000286959
internal_weight=542 342 252 100 152 90 200
internal_count=542 342 252 100 152 90 200
is_linear=0
shrinkage=0.0167612


Tree=324
num_leaves=10
num_cat=0
split_feature=119 57 138 45 128 153 119 140 87
split_gain=0.0814674 0.207313 0.0962765 0.0879038 0.0508736 0.0719367 0.0199834 0.0108878 0.00963777
threshold=670718.75000000012 757205.9010006421 1.0000000180025095e-35 491171.8725490197 1.0000000180025095e-35 434550.26875000005 416989.22675736964 1.0000000180025095e-35 1380.0000000000002
decision_type=8 8 10 8 8 10 10 10 8
left_child=3 2 -2 8 5 -3 -6 -5 -1
right_child=1 4 -4 7 6 -7 -8 -9 -10
leaf_value=-0.00014764111479755257 -0.00026746810180169769 -0.00050752464113911204 -0.0013478942570244086 0.00036322208947318956 0.00029866076935213014 0.00013980004703691807 4.7534849397263634e-05 0.0010876393250160968 0.00014375884133476318
leaf_weight=24 38 60 31 24 209 28 66 36 26
leaf_count=24 38 60 31 24 209 28 66 36 26
internal_value=3.90324e-05 -4.39783e-05 -0.000733383 0.000397781 8.74105e-05 -0.000159774 0.00021539 0.000785588 0.000108235
internal_weight=542 432 69 110 363 88 275 60 50
internal_count=542 432 69 110 363 88 275 60 50
is_linear=0
shrinkage=0.0167612


Tree=325
num_leaves=7
num_cat=1
split_feature=13 18 3 1 213 194
split_gain=0.131367 0.285019 0.196263 0.100806 0.0794698 0.0762719
threshold=218433.03935860062 1.0000000180025095e-35 1.5000000000000002 0 118.00000000000001 0.12599206349206346
decision_type=2 10 2 1 8 8
left_child=1 -1 -2 5 -5 -4
right_child=2 -3 3 4 -6 -7
leaf_value=0.00155277468421901 -0.00081027145458651513 0.00015271342154780964 -2.4729864041582636e-05 -0.00011735500670515019 0.0003601908484828489 -0.00063247035880871884
leaf_weight=28 47 30 26 74 263 74
leaf_count=28 47 30 26 74 263 74
internal_value=3.79458e-05 0.000630258 -3.5005e-05 5.45576e-05 0.00020533 -0.000296837
internal_weight=542 58 484 437 337 100
internal_count=542 58 484 437 337 100
cat_boundaries=0 1
cat_threshold=145
is_linear=0
shrinkage=0.0167612


Tree=326
num_leaves=7
num_cat=0
split_feature=119 110 124 182 65 21
split_gain=0.12286 0.215698 0.190535 0.0303842 0.029913 0.0156969
threshold=444551.40625000006 8.5000000000000018 93.500000000000014 257.00000000000006 1.0000000180025095e-35 1.72023529476162
decision_type=8 10 8 8 10 8
left_child=4 2 -2 -4 -1 -3
right_child=1 5 3 -5 -6 -7
leaf_value=0.00024013626159013199 -0.00056763916395620245 -0.00036614898982954727 0.00052955120930597095 0.00013589627242442746 0.00089834548872649736 -0.0011292953371041978
leaf_weight=26 61 25 77 269 43 41
leaf_count=26 61 25 77 269 43 41
internal_value=3.64436e-05 -4.16564e-05 7.75441e-05 0.00024866 0.000574184 -0.000761392
internal_weight=542 473 407 346 69 66
internal_count=542 473 407 346 69 66
is_linear=0
shrinkage=0.0167612


Tree=327
num_leaves=10
num_cat=0
split_feature=143 98 13 146 7 68 6 146 98
split_gain=0.0738531 0.0551382 0.0490873 0.0752207 0.08345 0.0456094 0.0154326 0.0120707 0.0109142
threshold=1.0000000180025095e-35 1.0598977721213616 407216.3798844539 5.5000000000000009 1.0000000180025095e-35 1.0000000180025095e-35 1.5000000000000002 25.500000000000004 0.85129254737792126
decision_type=8 10 2 8 2 10 2 8 10
left_child=1 5 7 -4 -5 6 -1 -2 -7
right_child=2 -3 3 4 -6 8 -8 -9 -10
leaf_value=-0.00072370407013020246 0.00077382967380227783 0.00015702608541003213 -0.00048808746910257108 1.9665022020905907e-05 0.00058738616025106542 6.3880387389160956e-05 -0.00022620347278113354 0.00025951341500899956 -0.00020176520966888058
leaf_weight=66 31 35 25 130 58 51 27 83 36
leaf_count=66 31 35 25 130 58 51 27 83 36
internal_value=3.54502e-05 -0.000168079 0.000198372 2.69745e-05 0.000162742 -0.000319158 -0.000552972 0.000454583 -5.64407e-05
internal_weight=542 215 327 213 188 180 93 114 87
internal_count=542 215 327 213 188 180 93 114 87
is_linear=0
shrinkage=0.0167612


Tree=328
num_leaves=7
num_cat=0
split_feature=205 173 111 114 12 120
split_gain=0.0773693 0.0787635 0.052052 0.0463786 0.0918639 0.0436711
threshold=20.235507246376816 1.0000000180025095e-35 900.00000000000011 57327432.963541381 1.0000000180025095e-35 1.0000000180025095e-35
decision_type=8 10 10 10 2 8
left_child=1 -1 3 5 -5 -2
right_child=2 -3 -4 4 -6 -7
leaf_value=0.00074686424125363856 -0.00046272770262175653 9.1206647358363781e-05 -0.00054979764462843362 1.9488480100779404e-05 0.00065688127281040502 -1.3669670899035753e-05
leaf_weight=56 64 55 25 96 48 190
leaf_count=56 64 55 25 96 48 190
internal_value=7.55699e-06 0.000359597 -7.5987e-05 -9.02497e-06 0.000185535 -0.00015263
internal_weight=534 111 423 398 144 254
internal_count=534 111 423 398 144 254
is_linear=0
shrinkage=0.0167612


Tree=329
num_leaves=11
num_cat=0
split_feature=119 133 205 99 161 20 13 59 50 126
split_gain=0.0534407 0.153125 0.135049 0.102972 0.0815693 0.0962391 0.0309488 0.0132847 0.00773979 0.00396276
threshold=1390256.5000000002 890442.6234081724 16.582251082251087 -1.0579372278551868 1.0000000180025095e-35 11.500000000000002 413877.09027777787 1.0000000180025095e-35 2.8091626213592238 0.10969598551209216
decision_type=8 8 8 10 8 10 2 8 10 8
left_child=1 6 -3 4 5 -2 -1 -6 -8 -4
right_child=3 2 9 -5 7 -7 8 -9 -10 -11
leaf_value=5.8229113016021903e-05 0.00095005825374652134 0.0011898399798843213 5.5039580376083888e-05 -0.00072190828630656662 -0.00037953323716645042 0.00014459210426342553 -0.00044147072453628992 -4.6053842474062519e-05 -0.0001154522144099714 0.00018128924856860597
leaf_weight=33 29 46 34 33 46 34 58 159 31 31
leaf_count=33 29 46 34 33 46 34 58 159 31 31
internal_value=6.48086e-06 0.000196995 0.000612919 -0.000116117 -7.57015e-06 0.00040762 -9.88668e-05 -0.000159484 -0.00030694 0.000155162
internal_weight=534 233 111 301 268 63 122 205 89 65
internal_count=534 233 111 301 268 63 122 205 89 65
is_linear=0
shrinkage=0.0167612


Tree=330
num_leaves=7
num_cat=1
split_feature=0 119 119 141 203 168
split_gain=0.234829 0.179094 0.123963 0.0494343 0.0281667 0.00757714
threshold=0 729443.25741943263 1079100.7241568628 1.0000000180025095e-35 25.590277777777782 1.0000000180025095e-35
decision_type=9 8 10 10 8 8
left_child=1 4 3 -2 -1 -3
right_child=2 5 -4 -5 -6 -7
leaf_value=0.0003810023324780031 0.00057926179618128352 -0.0010681412048479787 -0.00020569038136918378 0.00011512074216607817 3.2172613651232709e-05 -0.00052468834753961182
leaf_weight=43 217 45 48 56 26 99
leaf_count=43 217 45 48 56 26 99
internal_value=5.88998e-06 -0.00036654 0.00028847 0.000460042 7.69272e-05 -0.000726718
internal_weight=534 213 321 273 69 144
internal_count=534 213 321 273 69 144
cat_boundaries=0 1
cat_threshold=599595
is_linear=0
shrinkage=0.0167612


Tree=331
num_leaves=9
num_cat=0
split_feature=13 101 164 97 6 106 2 11
split_gain=0.0667719 0.132366 0.0444923 0.0264545 0.056723 0.0233603 0.0174222 0.0142593
threshold=315221.905994898 185447.60209668553 1.0000000180025095e-35 1.0000000180025095e-35 1.0000000180025095e-35 1.0000000180025095e-35 2024.5000000000002 0.6830127018922193
decision_type=2 8 10 8 2 10 2 2
left_child=1 -1 7 5 -5 -4 -3 -2
right_child=2 6 3 4 -6 -7 -8 -9
leaf_value=0.00091413178955144722 -0.00012212220442667275 -0.00020283220431537255 -0.00033619469886187592 -0.00012826808488086862 0.00034801500271635749 -5.2233481846543927e-05 0.00016651295945789904 -0.00053058050863451331
leaf_weight=42 117 37 57 46 139 28 24 44
leaf_count=42 117 37 57 46 139 28 24 44
internal_value=4.65072e-06 0.000344508 -6.78474e-05 2.65447e-05 0.000158953 -0.000132083 8.08006e-05 -0.00027577
internal_weight=534 103 431 270 185 85 61 161
internal_count=534 103 431 270 185 85 61 161
is_linear=0
shrinkage=0.0167612


Tree=332
num_leaves=6
num_cat=0
split_feature=205 173 111 11 12
split_gain=0.0940698 0.0650689 0.0455621 0.0635166 0.0731757
threshold=24.883116883116887 1.0000000180025095e-35 900.00000000000011 0.86602540378443871 1.0000000180025095e-35
decision_type=8 10 10 2 2
left_child=1 -1 3 4 -2
right_child=2 -3 -4 -5 -6
leaf_value=0.0007178865533852835 -0.00013207962532756163 8.5930665171875085e-05 -0.0005486352201059117 -0.00053107065207402425 0.00030946259687051155
leaf_weight=62 225 62 25 29 131
leaf_count=62 225 62 25 29 131
internal_value=4.05124e-06 0.000370978 -9.76569e-05 -3.18508e-05 1.16126e-05
internal_weight=534 124 410 385 356
internal_count=534 124 410 385 356
is_linear=0
shrinkage=0.0167612


Tree=333
num_leaves=8
num_cat=0
split_feature=119 133 114 32 187 126 141
split_gain=0.104947 0.147187 0.121532 0.057184 0.0726822 0.0263601 0.021346
threshold=937347.0086904763 972139.27330874547 57607725.92279242 1.0000000180025095e-35 870638.92008928582 0.067432929989846693 1.0000000180025095e-35
decision_type=8 8 8 8 8 10 10
left_child=1 5 6 4 -4 -1 -2
right_child=2 -3 3 -5 -6 -7 -8
leaf_value=-0.00021372796777874452 -0.0003223258340338738 0.00080563764284794978 4.9516515863742319e-05 -0.00016058065404232029 0.00061145438131202763 0.00019644533390489948 -0.0010391249833198877
leaf_weight=61 39 76 48 179 63 37 31
leaf_count=61 39 76 48 179 63 37 31
internal_value=3.06123e-06 0.000323206 -0.000136717 -8.2779e-06 0.000265408 5.17686e-05 -0.00064683
internal_weight=534 174 360 290 111 98 70
internal_count=534 174 360 290 111 98 70
is_linear=0
shrinkage=0.0167612


Tree=334
num_leaves=9
num_cat=0
split_feature=119 124 68 120 38 161 2 45
split_gain=0.0852771 0.0894392 0.0763797 0.0680804 0.0524137 0.0496727 0.0135187 0.0329425
threshold=1207924.8610389612 257.00000000000006 1.0000000180025095e-35 1.0000000180025095e-35 2.4838035527690705 1.0000000180025095e-35 2024.5000000000002 653219.3700396826
decision_type=8 8 10 10 10 8 2 10
left_child=4 -2 3 -3 5 -1 7 -6
right_child=1 2 -4 -5 6 -7 -8 -9
leaf_value=-0.0002508890241830113 -0.00069287940624857859 -1.0863828478796704e-05 0.00046765331958292263 -0.000635315450163774 0.00044400408312305262 0.00035528250175760341 0.00075404538248245235 8.9516388685171615e-05
leaf_weight=56 38 221 34 32 49 28 43 33
leaf_count=56 38 221 34 32 49 28 43 33
internal_value=2.34463e-06 -0.000142593 -2.07377e-05 -0.000139319 0.000259582 4.72462e-05 0.000472031 0.000251672
internal_weight=534 325 287 253 209 84 125 82
internal_count=534 325 287 253 209 84 125 82
is_linear=0
shrinkage=0.0167612


Tree=335
num_leaves=10
num_cat=1
split_feature=0 119 205 119 120 110 178 160 196
split_gain=0.249063 0.180373 0.10149 0.0942301 0.117452 0.0815262 0.0551038 0.021149 0.0147042
threshold=0 1149674.145346422 20.48925672449467 665736.25000000012 1.0000000180025095e-35 1.0000000180025095e-35 29.500000000000004 11.500000000000002 11.087500000000002
decision_type=9 8 10 8 10 10 8 10 10
left_child=1 -1 3 -2 -5 7 -3 -4 -7
right_child=2 6 5 4 -6 8 -8 -9 -10
leaf_value=-0.00016186788813101377 0.0008978866464322585 -0.00053578512425039946 0.00034114778479640807 0.00039727481232689149 -0.00026236664367092948 -0.00090862681576716784 -0.0015364355868840308 2.9522434687709326e-05 -0.00022216613814922273
leaf_weight=35 53 27 33 200 57 24 45 32 28
leaf_count=35 53 27 33 200 57 24 45 32 28
internal_value=1.7209e-06 -0.000573914 0.000194298 0.000366322 0.00020797 -0.000116396 -0.00110739 8.00676e-05 -0.000554989
internal_weight=534 107 427 310 257 117 72 65 52
internal_count=534 107 427 310 257 117 72 65 52
cat_boundaries=0 1
cat_threshold=533537
is_linear=0
shrinkage=0.0167612


Tree=336
num_leaves=8
num_cat=0
split_feature=119 124 99 103 64 64 168
split_gain=0.0578099 0.0642165 0.0641397 0.053378 0.0300227 0.0204918 0.00597714
threshold=639277.77777777787 97.500000000000014 -0.3596594588139394 3217.9608793517259 386206.15173817734 560744.1359788361 1.0000000180025095e-35
decision_type=8 8 8 10 8 10 10
left_child=3 4 -3 6 -2 -4 -1
right_child=1 2 5 -5 -6 -7 -8
leaf_value=0.00016398389630340899 -0.00076368743277389938 0.00048947571431525079 -0.00010848736089801008 0.00071540344171063083 -0.00013934965956407901 0.00017662063290202839 -6.1688530607620853e-05
leaf_weight=28 34 36 297 40 39 37 24
leaf_count=28 34 36 297 40 39 37 24
internal_value=5.00389e-06 -5.59294e-05 6.88635e-06 0.000338256 -0.000430119 -3.97992e-05 8.94349e-05
internal_weight=535 443 370 92 73 334 52
internal_count=535 443 370 92 73 334 52
is_linear=0
shrinkage=0.0167612


Tree=337
num_leaves=7
num_cat=0
split_feature=98 8 101 207 54 157
split_gain=0.0720217 0.0577747 0.058339 0.0782289 0.0768244 0.0450171
threshold=0.8108713825788747 1.0000000180025095e-35 235286.08324503442 189983.77006523075 1.0000000180025095e-35 2.6715686274509807
decision_type=8 2 8 8 8 10
left_child=5 2 3 -2 -4 -1
right_child=1 -3 4 -5 -6 -7
leaf_value=0.00086229090267862546 -4.7691228772471251e-05 0.00037336669747795352 -0.00062962840153987266 0.00055471617536262863 -5.0843238729521409e-05 0.00018198447663543433
leaf_weight=28 139 37 88 40 175 28
leaf_count=28 139 37 88 40 175 28
internal_value=5.2463e-06 -4.46021e-05 -0.000116168 6.00293e-05 -0.000275659 0.000454612
internal_weight=535 479 442 179 263 56
internal_count=535 479 442 179 263 56
is_linear=0
shrinkage=0.0167612


Tree=338
num_leaves=8
num_cat=1
split_feature=182 8 1 5 47 99 115
split_gain=0.0604764 0.0678454 0.0489591 0.107456 0.0375981 0.0268084 0.00116867
threshold=97.500000000000014 1.0000000180025095e-35 0 2.5000000000000004 327379.30132979882 -0.84484721205659741 57.000000000000007
decision_type=10 2 1 2 8 10 10
left_child=1 2 3 -1 -4 -2 -7
right_child=5 -3 4 -5 -6 6 -8
leaf_value=-0.00036089797683119308 0.00012900948913042477 0.00040247068281253507 -0.0001249724092134679 0.00032611157741090541 -0.00045517142792724337 0.00052614381071794153 0.00018297330309090888
leaf_weight=75 24 28 30 109 163 80 26
leaf_count=75 24 28 30 109 163 80 26
internal_value=5.4246e-06 -7.54161e-05 -0.000157767 -1.4548e-05 -0.000325564 0.000294667 0.000437503
internal_weight=535 405 377 184 193 130 106
internal_count=535 405 377 184 193 130 106
cat_boundaries=0 1
cat_threshold=100
is_linear=0
shrinkage=0.0167612


Tree=339
num_leaves=10
num_cat=0
split_feature=212 11 13 159 126 45 119 48 98
split_gain=0.0467973 0.0621785 0.0834901 0.107385 0.0467117 0.0683845 0.070975 0.0289528 0.0149495
threshold=0.71295016484952534 0.86602540378443871 662660.83353494632 21.500000000000004 -0.0056976529012350589 861829.61913690495 1099691.3542424247 1.0000000180025095e-35 0.82830707576272322
decision_type=10 2 2 8 8 8 8 8 10
left_child=1 2 7 -4 8 -6 -7 -1 -2
right_child=4 -3 3 -5 5 6 -8 -9 -10
leaf_value=0.00037985227407101607 7.1532732722794581e-05 -0.00055574571905916243 -0.00095334230527989374 -0.00010233019408252069 8.6487900707641867e-05 0.001055188036345654 0.00019501056114239778 2.5144962188211842e-05 -0.0002092638307527598
leaf_weight=79 32 39 31 51 61 43 43 105 51
leaf_count=79 32 39 31 51 61 43 43 105 51
internal_value=5.68303e-06 -0.000106286 -6.9779e-06 -0.000381554 0.000186633 0.000368757 0.000643657 0.000166405 9.25698e-06
internal_weight=535 305 266 82 230 147 86 184 83
internal_count=535 305 266 82 230 147 86 184 83
is_linear=0
shrinkage=0.0167612


Tree=340
num_leaves=7
num_cat=0
split_feature=99 204 194 11 53 75
split_gain=0.037378 0.0403465 0.0382335 0.107963 0.0454067 0.0288578
threshold=0.3805891283934637 4.5000000000000009 0.15394736842105264 -0.5 219320.13275844336 671688.98345259402
decision_type=10 8 8 2 8 8
left_child=1 -1 4 -4 -3 -2
right_child=5 2 3 -5 -6 -7
leaf_value=-0.0003654461856396096 0.00062800229419844925 -5.3819093228274792e-05 0.0005246261100549976 -3.5102471398698448e-05 -0.00063901807338263622 0.00013366162806285228
leaf_weight=53 31 62 93 244 25 27
leaf_count=53 31 62 93 244 25 27
internal_value=4.84176e-06 -2.72988e-05 6.32803e-06 0.00010364 -0.000232347 0.000326747
internal_weight=535 477 424 337 87 58
internal_count=535 477 424 337 87 58
is_linear=0
shrinkage=0.0167612


Tree=341
num_leaves=7
num_cat=1
split_feature=8 119 1 10 65 141
split_gain=0.0322504 0.0902126 0.0571952 0.0539341 0.0480983 0.045419
threshold=1.0000000180025095e-35 612799.40476190497 0 0.25000000000000011 1.0000000180025095e-35 1.0000000180025095e-35
decision_type=2 8 1 2 10 8
left_child=1 4 5 -4 -1 -3
right_child=-2 2 3 -5 -6 -7
leaf_value=0.00017199387488946494 0.00034260770318456009 -0.00016435595806916774 0.00015357551508561956 -0.00025549956995049052 0.00068662057541452731 -0.00061857335223117823
leaf_weight=24 39 26 190 113 54 89
leaf_count=24 39 26 190 113 54 89
internal_value=4.07039e-06 -1.68658e-05 -0.000128539 -7.46826e-06 0.000392846 -0.000392988
internal_weight=535 496 418 303 78 115
internal_count=535 496 418 303 78 115
cat_boundaries=0 1
cat_threshold=19
is_linear=0
shrinkage=0.0167612


Tree=342
num_leaves=9
num_cat=0
split_feature=205 13 104 146 51 151 119 183
split_gain=0.05458 0.0907756 0.0932656 0.0888283 0.0503117 0.0301646 0.0161274 0.00949376
threshold=16.90909090909091 683409.35590986407 690.00000000000011 3.5000000000000004 275000.00000000006 1.0000000180025095e-35 470435.03323503438 1.0000000180025095e-35
decision_type=8 2 10 8 10 10 8 8
left_child=4 2 7 -3 6 -5 -1 -2
right_child=1 3 -4 5 -6 -7 -8 -9
leaf_value=0.0008576963964016072 -0.00018198348895289505 -0.00091215478196439708 0.00059862954687466658 -1.9225695535647106e-05 0.00013864221293850477 -0.00040762360399804464 0.0002451425977495763 7.9445942912100191e-06
leaf_weight=37 42 33 52 108 26 35 27 175
leaf_count=37 42 33 52 108 26 35 27 175
internal_value=4.20985e-06 -5.36265e-05 0.000103303 -0.000336047 0.000331504 -0.000130318 0.000599271 4.32511e-06
internal_weight=535 445 269 176 90 143 64 217
internal_count=535 445 269 176 90 143 64 217
is_linear=0
shrinkage=0.0167612


Tree=343
num_leaves=9
num_cat=0
split_feature=110 207 195 67 83 6 157 17
split_gain=0.0690609 0.0734343 0.0644469 0.0560792 0.0492006 0.0638841 0.0459032 0.0216688
threshold=1.5000000000000002 111426.32887624866 27.500000000000004 0.032795698924731158 0.99188774215575271 1.5000000000000002 2.6084715374271634 822244.72361111117
decision_type=8 8 8 8 10 2 10 8
left_child=1 6 3 -2 5 -4 -1 -3
right_child=2 7 4 -5 -6 -7 -8 -9
leaf_value=0.00023073082769425914 -0.0001448878091237922 0.00021888240434490215 7.0833638968555791e-05 -0.00077770899529592034 0.00041297721014958006 -0.00040876014225363035 -0.00032109876443294264 0.0006602037075535876
leaf_weight=36 39 25 132 51 34 80 49 89
leaf_count=36 39 25 132 51 34 80 49 89
internal_value=3.57106e-06 0.000244218 -0.000119437 -0.000447213 -8.43378e-06 -7.85933e-05 2.98083e-05 0.000511654
internal_weight=535 199 336 90 246 212 85 114
internal_count=535 199 336 90 246 212 85 114
is_linear=0
shrinkage=0.0167612


Tree=344
num_leaves=11
num_cat=1
split_feature=13 216 1 182 74 153 44 74 155 184
split_gain=0.121988 0.192068 0.135221 0.402219 0.0513931 0.0304217 0.0296264 0.0235593 0.0201436 0.0140965
threshold=610120.83333333349 1.0000000180025095e-35 0 59.500000000000007 1.0000000180025095e-35 274161.69519519521 1.0000000180025095e-35 1.0000000180025095e-35 1.0000000180025095e-35 663616.76409500407
decision_type=2 10 1 10 10 10 8 8 8 10
left_child=1 7 6 -4 -3 -5 9 -1 -9 -2
right_child=2 4 3 5 -6 -7 -8 8 -10 -11
leaf_value=0.00011342209874487407 -7.9796753617209388e-05 0.0012498838713889855 -0.0017380967057476627 -0.0003494607692244547 0.00031442205978405983 0.00010075228713918304 0.00021497814354916404 -0.00049887172957973648 -6.5705941979501015e-05 -0.0003447773530294627
leaf_weight=38 24 34 42 35 29 47 65 26 152 45
leaf_count=38 24 34 42 35 29 47 65 26 152 45
internal_value=-0.00010082 0.000105622 -0.000354579 -0.000694015 0.000769179 -0.000128826 -4.34033e-05 -7.16101e-05 -0.00018631 -0.000182261
internal_weight=537 279 258 124 63 82 134 216 178 69
internal_count=537 279 258 124 63 82 134 216 178 69
cat_boundaries=0 1
cat_threshold=36
is_linear=0
shrinkage=0.0167612


Tree=345
num_leaves=7
num_cat=1
split_feature=1 119 24 53 11 120
split_gain=0.0886771 0.127252 0.0657149 0.0549885 0.149609 0.0149515
threshold=0 869177.08077639167 1.0000000180025095e-35 65709.490471523866 0.25000000000000017 1.0000000180025095e-35
decision_type=1 8 8 8 2 8
left_child=1 -1 3 -2 -5 -3
right_child=2 5 -4 4 -6 -7
leaf_value=4.5855156511503878e-05 -0.00047506458821351037 -0.00029721545366008631 0.0003380620197331985 0.00037248610631923488 -0.0004036546354741692 -0.00081507383039091145
leaf_weight=44 47 24 112 116 90 104
leaf_count=44 47 24 112 116 90 104
internal_value=-9.92286e-05 -0.000375957 2.52402e-05 -8.32813e-05 -6.92763e-06 -0.000678861
internal_weight=537 172 365 253 206 128
internal_count=537 172 365 253 206 128
cat_boundaries=0 1
cat_threshold=19
is_linear=0
shrinkage=0.0167612


Tree=346
num_leaves=7
num_cat=1
split_feature=205 1 196 119 141 159
split_gain=0.0497894 0.0834103 0.0700009 0.0534848 0.0414954 0.0216312
threshold=13.615288220551381 0 45.112203389830519 649062.32638888899 1.0000000180025095e-35 1.0000000180025095e-35
decision_type=8 1 10 8 10 8
left_child=3 5 4 -1 -3 -2
right_child=1 2 -4 -5 -6 -7
leaf_value=0.00052039548144637094 3.3334183563521543e-05 -0.00028652827008987237 8.3463919278425758e-05 5.1481421822780648e-07 -0.00081174039978603384 0.00029525969656112104
leaf_weight=50 41 250 30 30 53 83
leaf_count=50 41 250 30 30 53 83
internal_value=-9.71228e-05 -0.000174108 -0.00031207 0.000185197 -0.000417123 0.000106457
internal_weight=537 457 333 80 303 124
internal_count=537 457 333 80 303 124
cat_boundaries=0 1
cat_threshold=36
is_linear=0
shrinkage=0.0167612


Tree=347
num_leaves=8
num_cat=0
split_feature=126 6 68 152 57 119 93
split_gain=0.0784743 0.114813 0.142257 0.0637422 0.183089 0.0198549 0.0110162
threshold=0.084059939626830046 1.0000000180025095e-35 1.0000000180025095e-35 1.0000000180025095e-35 184889.94694444447 861829.61913690495 27.500000000000004
decision_type=10 2 8 8 10 8 8
left_child=1 2 -1 4 -3 -5 -2
right_child=6 3 -4 5 -6 -7 -8
leaf_value=-0.0012060838729590934 8.4888124049358179e-05 0.00095490321574704751 -0.0001444474156184899 -9.5805206467457885e-05 -1.6584676661020943e-05 -0.00030253952160912693 0.00048999445305430425
leaf_weight=44 41 34 65 24 114 175 40
leaf_count=44 41 34 65 24 114 175 40
internal_value=-9.52425e-05 -0.000190632 -0.000605947 -2.65316e-05 0.000190458 -0.000218826 0.000271101
internal_weight=537 456 109 347 148 199 81
internal_count=537 456 109 347 148 199 81
is_linear=0
shrinkage=0.0167612


Tree=348
num_leaves=10
num_cat=0
split_feature=13 110 119 24 213 13 69 73 44
split_gain=0.0523542 0.274975 0.143779 0.113547 0.225116 0.104936 0.0799275 0.0186393 0.00326991
threshold=683409.35590986407 1.0000000180025095e-35 411698.19194736652 1.0000000180025095e-35 94.500000000000014 610120.83333333349 1.0000000180025095e-35 1328958.0736185384 1.0000000180025095e-35
decision_type=2 8 8 8 10 2 10 8 10
left_child=1 5 -3 4 7 -1 -4 -2 -5
right_child=3 2 6 8 -6 -7 -8 -9 -10
leaf_value=0.0014201296579812615 -0.00077261241358419727 0.00032554914142177513 -0.00015315315282207843 1.9436408452449108e-05 -0.00010085130247372333 0.00029508633577970901 -0.00081529996638312317 -0.0016062042426699911 0.00022090977879285809
leaf_weight=34 48 56 141 41 58 32 72 28 27
leaf_count=34 48 56 141 41 58 32 72 28 27
internal_value=-9.32435e-05 5.79206e-06 -0.000191238 -0.000291641 -0.000574098 0.000800302 -0.000411537 -0.00110559 6.20725e-05
internal_weight=537 335 269 202 134 66 213 76 68
internal_count=537 335 269 202 134 66 213 76 68
is_linear=0
shrinkage=0.0167612


Tree=349
num_leaves=11
num_cat=0
split_feature=6 175 68 164 41 45 119 74 103 10
split_gain=0.0654228 0.0987059 0.154355 0.0647475 0.114501 0.312416 0.0360823 0.0172443 0.0570851 0.0427715
threshold=1.0000000180025095e-35 1385220.8975694447 1.0000000180025095e-35 1.0000000180025095e-35 1.0000000180025095e-35 658660.83353494632 879774.28667027422 1.0000000180025095e-35 -37915.586444567271 1.0000000180025095e-35
decision_type=2 8 8 10 10 10 8 10 10 2
left_child=1 -1 -3 7 5 -5 -6 9 -9 -2
right_child=3 2 -4 4 6 -7 -8 8 -10 -11
leaf_value=2.7216361854245347e-05 -0.00029431637009136845 -0.0012789387478644792 -0.00015403220976527844 0.0012851647639093671 5.0174739893542069e-05 1.0121702856398518e-05 -0.00034933881458468566 -0.00084538365491411448 -0.00019509693256351411 0.00017590344551429208
leaf_weight=28 75 40 62 56 56 58 62 26 24 50
leaf_count=28 75 40 62 56 56 58 62 26 24 50
internal_value=-9.05753e-05 -0.000379251 -0.000653768 -3.97684e-06 0.000183614 0.000537684 -7.03885e-05 -0.000207121 -0.000445615 -5.85711e-05
internal_weight=537 130 102 407 232 114 118 175 50 125
internal_count=537 130 102 407 232 114 118 175 50 125
is_linear=0
shrinkage=0.0167612


Tree=350
num_leaves=10
num_cat=1
split_feature=0 126 110 18 75 117 141 124 205
split_gain=0.269612 0.0879746 0.04829 0.0504591 0.0249626 0.0216414 0.017627 0.00110929 0.000899772
threshold=0 0.070457541413307193 3.5000000000000004 1.0000000180025095e-35 623311.85267857148 1.0000000180025095e-35 1.0000000180025095e-35 184.00000000000003 11.500000000000002
decision_type=9 10 10 10 8 10 8 8 10
left_child=2 5 3 4 -1 6 -2 -4 -3
right_child=1 8 7 -5 -6 -7 -8 -9 -10
leaf_value=0.00018240941347567221 -0.00030074159821649889 7.7592949554173557e-05 3.3221571471416141e-05 0.00016106018932978113 0.00076053575073099355 -0.00017723528154516384 -0.00078039636258414439 -5.1439954290653043e-05 -2.0503169240234369e-05
leaf_weight=43 72 24 25 34 101 40 145 26 27
leaf_count=43 72 24 25 34 101 40 145 26 27
internal_value=-8.9134e-05 -0.000400046 0.000289559 0.000454045 0.000597421 -0.00055654 -0.000637854 7.76579e-05 -5.01216e-05
internal_weight=537 308 229 178 144 257 217 51 51
internal_count=537 308 229 178 144 257 217 51 51
cat_boundaries=0 1
cat_threshold=2267468
is_linear=0
shrinkage=0.0167612


Tree=351
num_leaves=9
num_cat=1
split_feature=1 13 53 205 13 130 112 67
split_gain=0.079244 0.16874 0.213038 0.117402 0.0649203 0.0887721 0.0264954 0.0171085
threshold=0 480000.38461538468 58827.134511758173 6.9015151515151523 1001400.8989583334 1.0000000180025095e-35 26.000000000000004 0.088121118012422325
decision_type=1 2 8 8 2 8 8 8
left_child=3 2 -2 -1 5 -3 -5 -6
right_child=1 4 -4 6 7 -7 -8 -9
leaf_value=0.00012569295260668196 1.8151357810342268e-05 -0.00053508417017351223 0.0011454741383211352 -0.00022392852376060113 -0.00019317501406767174 0.00015796493529467027 -0.00075879453505894564 -0.00071481999889435991
leaf_weight=31 25 32 61 32 28 172 109 47
leaf_count=31 25 32 61 32 28 172 109 47
internal_value=-8.75433e-05 2.90362e-05 0.000590284 -0.000350017 -0.000130438 -1.09477e-05 -0.000607315 -0.000482567
internal_weight=537 365 86 172 279 204 141 75
internal_count=537 365 86 172 279 204 141 75
cat_boundaries=0 1
cat_threshold=19
is_linear=0
shrinkage=0.0167612


Tree=352
num_leaves=10
num_cat=0
split_feature=13 164 93 50 114 216 101 216 12
split_gain=0.167698 0.152261 0.111783 0.111358 0.162598 0.116152 0.0129058 0.012896 0.0235116
threshold=510944.7410714287 1.0000000180025095e-35 36.500000000000007 2.7126373626373632 57288350.56005574 0.29623655913978492 227165.88621587018 0.29623655913978492 1.0000000180025095e-35
decision_type=2 10 10 8 8 10 10 8 2
left_child=1 7 -3 -2 5 -5 -6 -1 -9
right_child=3 2 -4 4 6 -7 -8 8 -10
leaf_value=-0.0001115262403621981 0.00027792640031332601 0.0012756127048928463 0.00031876125583292812 -0.00036606300224047465 -1.211310765843171e-05 -0.0015476829689885748 -0.0002608530336749867 2.6140174688875843e-05 0.00034870982815077555
leaf_weight=48 39 54 30 34 128 37 39 72 51
leaf_count=48 39 54 30 34 128 37 39 72 51
internal_value=2.12862e-05 0.00032464 0.000830401 -0.000229881 -0.000396424 -0.000957345 -9.50683e-05 3.4543e-05 0.000126838
internal_weight=532 255 84 277 238 71 167 171 123
internal_count=532 255 84 277 238 71 167 171 123
is_linear=0
shrinkage=0.0167612


Tree=353
num_leaves=9
num_cat=0
split_feature=106 13 194 68 37 208 12 59
split_gain=0.0489187 0.0936937 0.0770066 0.158411 0.0726759 0.0511965 0.0457424 0.0348011
threshold=1.0000000180025095e-35 473941.14251127053 0.077677224736048267 1.0000000180025095e-35 1.0000000180025095e-35 24.500000000000004 1.0000000180025095e-35 1.0000000180025095e-35
decision_type=10 2 10 8 8 10 2 10
left_child=1 4 3 -3 7 -2 -6 -1
right_child=5 2 -4 -5 6 -7 -8 -9
leaf_value=0.00071621018410419977 0.00065674702312671501 -0.00096364400733067648 0.00011120863958288785 -7.2170215742082126e-05 -0.00028450782259872452 0.00010759799511372411 0.00024789355621981831 0.00021590971085989671
leaf_weight=69 48 67 46 136 65 39 37 25
leaf_count=69 48 67 46 136 65 39 37 25
internal_value=2.05879e-05 -3.15368e-05 -0.000250274 -0.000413705 0.000195869 0.000332114 1.52679e-05 0.000504705
internal_weight=532 445 249 203 196 87 102 94
internal_count=532 445 249 203 196 87 102 94
is_linear=0
shrinkage=0.0167612


Tree=354
num_leaves=8
num_cat=0
split_feature=94 205 119 146 196 160 38
split_gain=0.0327169 0.0376897 0.087096 0.10042 0.0502424 0.0246975 0.0130051
threshold=3.5000000000000004 19.136363636363644 1641304.3421296298 19.500000000000004 3.7936507936507939 29.500000000000004 3.6181818181818186
decision_type=10 10 8 8 10 10 8
left_child=1 2 3 -1 -3 -6 -4
right_child=-2 4 6 -5 5 -7 -8
leaf_value=0.00090354930302044057 -0.0003038752613003982 -0.00050796582268626382 -0.00021350466123384987 0.00020756508107179183 0.0002445165339826468 -0.00014130060544029804 5.2872461538308695e-05
leaf_weight=65 34 35 24 30 48 51 245
leaf_count=65 34 35 24 30 48 51 245
internal_value=2.02114e-05 7.02156e-05 0.000167445 0.000540725 -0.000109993 -1.7468e-05 1.08785e-05
internal_weight=532 498 364 95 134 99 269
internal_count=532 498 364 95 134 99 269
is_linear=0
shrinkage=0.0167612


Tree=355
num_leaves=9
num_cat=1
split_feature=114 13 124 110 13 41 1 9
split_gain=0.109265 0.170829 0.0932292 0.0822152 0.164099 0.119267 0.0463532 0.102017
threshold=56459196.677106269 510944.7410714287 72.500000000000014 3.5000000000000004 662660.83353494632 1.0000000180025095e-35 0 1.0000000180025095e-35
decision_type=8 2 10 8 2 10 1 2
left_child=1 -1 -3 4 -2 -6 -5 -8
right_child=3 2 -4 6 5 -7 7 -9
leaf_value=2.329273767587804e-05 0.00096196183795138601 -0.0014803459051565054 -0.00035935518052414615 0.00018819730877351996 0.0004558632070185273 -0.00044322235578754521 -2.7903571188283141e-05 -0.00079883297193990711
leaf_weight=56 67 30 33 115 47 44 111 29
leaf_count=56 67 30 33 115 47 44 111 29
internal_value=1.86611e-05 -0.00035355 -0.000890432 0.000157671 0.000433911 7.39355e-05 1.07675e-05 -0.000193618
internal_weight=532 119 63 413 158 91 255 140
internal_count=532 119 63 413 158 91 255 140
cat_boundaries=0 1
cat_threshold=196
is_linear=0
shrinkage=0.0167612


Tree=356
num_leaves=8
num_cat=0
split_feature=13 153 160 114 208 106 41
split_gain=0.140718 0.0864387 0.0545422 0.0495927 0.040102 0.0546505 0.00356768
threshold=982749.38613315707 687849.06818181823 -1.0000000180025095e-35 57161692.028536215 37.500000000000007 1.0000000180025095e-35 1.0000000180025095e-35
decision_type=2 10 10 10 10 10 10
left_child=2 -2 4 -4 5 -1 -5
right_child=1 -3 3 6 -6 -7 -8
leaf_value=7.5927140831110626e-06 -0.00097856208908816706 -0.00015863414746742599 0.00016303492524027038 0.00095271628144471686 -0.00028433016893604859 0.00053885678250946856 0.00035748374504945791
leaf_weight=261 40 40 32 35 48 38 38
leaf_count=261 40 40 32 35 48 38 38
internal_value=1.84471e-05 -0.00049813 0.000145371 0.000442166 2.75165e-05 0.000113619 0.000685226
internal_weight=532 80 452 105 347 299 73
internal_count=532 80 452 105 347 299 73
is_linear=0
shrinkage=0.0167612


Tree=357
num_leaves=9
num_cat=0
split_feature=13 18 19 196 178 97 10 78
split_gain=0.0911895 0.147734 0.0634982 0.0885643 0.0517533 0.0584897 0.0420977 0.0160402
threshold=249612.22396605703 1.0000000180025095e-35 1.0000000180025095e-35 31.676893203883498 15.500000000000002 0.15707236842105263 -0.6830127018922193 37.500000000000007
decision_type=2 10 10 10 10 8 2 8
left_child=1 -1 3 7 5 -4 -6 -2
right_child=2 -3 4 -5 6 -7 -8 -9
leaf_value=0.0010626046969798928 -0.00075345827968961894 0.00013798389608880176 0.00011217125400382171 0.00018514532778976514 0.00023407013662082692 0.00067714045928230133 -0.00024929378673172928 -0.00028198652467171815
leaf_weight=40 36 30 43 37 34 59 95 158
leaf_count=40 36 30 43 37 34 59 95 158
internal_value=1.79598e-05 0.000481198 -4.92985e-05 -0.00024607 0.000107366 0.000370235 -2.83338e-05 -0.000417452
internal_weight=532 70 462 231 231 102 129 194
internal_count=532 70 462 231 231 102 129 194
is_linear=0
shrinkage=0.0167612


Tree=358
num_leaves=10
num_cat=0
split_feature=160 13 68 164 21 178 216 85 54
split_gain=0.0479344 0.232064 0.217299 0.132018 0.0521522 0.0511111 0.039148 0.0109766 0.00458904
threshold=44.500000000000007 538965.77081644267 1.0000000180025095e-35 1.0000000180025095e-35 1.1819431990381353 12.500000000000002 0.45967741935483875 29.500000000000004 1.0000000180025095e-35
decision_type=8 2 8 10 8 10 8 10 8
left_child=4 3 7 6 -1 -5 -2 -3 -4
right_child=1 2 8 5 -6 -7 -8 -9 -10
leaf_value=0.00071759634261203296 -0.00032397791229274274 -0.001622435373886909 -0.00014939930203240702 0.0011725740851155802 7.5187255623477027e-05 0.00033264810437003508 0.00013466139932216835 -0.00075941230963959489 -1.5064056127115481e-05
leaf_weight=34 38 29 48 38 60 46 122 32 85
leaf_count=34 38 29 48 38 60 46 122 32 85
internal_value=1.76174e-05 -3.69738e-05 -0.000450686 0.000260775 0.000316552 0.000725553 2.72763e-05 -0.00113655 -8.35716e-05
internal_weight=532 438 194 244 94 84 160 61 133
internal_count=532 438 194 244 94 84 160 61 133
is_linear=0
shrinkage=0.0167612


Tree=359
num_leaves=7
num_cat=0
split_feature=50 205 13 210 68 153
split_gain=0.0457177 0.108203 0.160911 0.18294 0.0552429 0.0179064
threshold=3.2792207792207795 12.337931034482761 420529.6768292684 0.95000000000000007 1.0000000180025095e-35 1122095.9332368083
decision_type=8 10 2 8 8 8
left_child=5 2 3 -2 -4 -1
right_child=1 -3 4 -5 -6 -7
leaf_value=0.00051010893278923561 0.0013327251725009977 -0.00047807390035730274 -0.00060168186084548784 0.00018396784588050995 -2.6107713099926428e-05 7.1723924416797549e-05
leaf_weight=52 24 94 46 129 130 57
leaf_count=52 24 94 46 129 130 57
internal_value=1.72053e-05 -4.19669e-05 7.10192e-05 0.000450375 -0.000207697 0.000290458
internal_weight=532 423 329 153 176 109
internal_count=532 423 329 153 176 109
is_linear=0
shrinkage=0.0167612


Tree=360
num_leaves=11
num_cat=1
split_feature=1 51 12 214 53 138 103 180 157 139
split_gain=0.0511583 0.0935043 0.119492 0.0883759 0.0694368 0.0480795 0.043934 0.0604818 0.0215506 0.0107645
threshold=0 275000.00000000006 1.0000000180025095e-35 3.3750000000000004 68330.527357413855 1.0000000180025095e-35 182388.85522808685 1.0000000180025095e-35 3.2679425837320579 0.98387096774193561
decision_type=1 8 2 8 10 10 8 10 8 10
left_child=1 8 -3 4 5 -2 -5 -8 -1 -6
right_child=3 2 -4 6 9 -7 7 -9 -10 -11
leaf_value=0.00031878611200184974 -0.00015260271791308388 -0.0010121552368068986 -0.00019689049358324502 9.413499073085867e-05 0.0001698082613740393 -0.00094449132548387672 0.00018779604145622713 0.00087621981522136082 -2.4839592436182298e-06 -3.9532289151886727e-05
leaf_weight=27 43 58 37 43 65 27 104 47 43 50
leaf_count=27 43 58 37 43 65 27 104 47 43 50
internal_value=-2.48236e-05 -0.000248584 -0.000586657 6.17393e-05 -0.000144051 -0.000503685 0.000310705 0.000459597 8.0207e-06 2.72455e-07
internal_weight=544 165 95 379 185 70 194 151 70 115
internal_count=544 165 95 379 185 70 194 151 70 115
cat_boundaries=0 1
cat_threshold=19
is_linear=0
shrinkage=0.0167612


Tree=361
num_leaves=11
num_cat=0
split_feature=15 203 61 137 85 45 207 74 207 3
split_gain=0.0246184 0.096183 0.0872103 0.0539283 0.0383381 0.0186539 0.0127974 0.0113374 0.00217049 0.00199419
threshold=1.0000000180025095e-35 26.081336405529957 4.5000000000000009 1.0000000180025095e-35 42.500000000000007 1280349.2013888892 44315.89361503836 1.0000000180025095e-35 184468.52132459087 5.5000000000000009
decision_type=2 8 10 8 10 8 10 10 10 2
left_child=1 4 3 -2 5 -1 -3 -4 -8 -5
right_child=2 6 7 9 -6 -7 8 -9 -10 -11
leaf_value=0.00014654206948338212 0.00010256065612607806 -0.00041341476482355363 -0.00054316294942919859 0.00020138653618158073 6.2054216249372344e-05 0.00069748143482721472 -0.00010013498492131025 -0.0001232483504399588 -3.3789034244655747e-05 0.00067039027181126261
leaf_weight=38 34 156 26 35 24 38 70 25 26 72
leaf_count=38 34 156 26 35 24 38 70 25 26 72
internal_value=-2.43389e-05 -0.000115592 9.46447e-05 0.000330454 0.000216694 0.000444479 -0.000299946 -0.000288102 -8.07922e-05 0.000530722
internal_weight=544 352 192 141 100 76 252 51 96 107
internal_count=544 352 192 141 100 76 252 51 96 107
is_linear=0
shrinkage=0.0167612


Tree=362
num_leaves=7
num_cat=0
split_feature=49 68 45 190 164 203
split_gain=0.0657572 0.0369632 0.0935511 0.04547 0.0471172 0.000448603
threshold=1080390.9677154196 1.0000000180025095e-35 491171.8725490197 1.5000000000000002 1.0000000180025095e-35 41.31071428571429
decision_type=8 10 10 8 8 8
left_child=-1 3 -3 -2 -5 -4
right_child=1 2 5 4 -6 -7
leaf_value=-0.00051521883211756508 0.00035764637964972722 0.00073768098199208194 -2.9536424584249784e-05 -0.00046303949531052154 -1.1508535986549435e-05 2.6131473039070396e-05
leaf_weight=35 26 43 32 56 326 26
leaf_count=35 26 43 32 56 326 26
internal_value=-2.44246e-05 8.92431e-06 0.000265565 -4.10839e-05 -0.000109754 6.24824e-05
internal_weight=544 509 101 408 382 58
internal_count=544 509 101 408 382 58
is_linear=0
shrinkage=0.0167612


Tree=363
num_leaves=9
num_cat=0
split_feature=13 197 42 3 110 10 42 6
split_gain=0.064621 0.144788 0.0972649 0.0374438 0.0857663 0.103587 0.0195776 0.00251306
threshold=407216.3798844539 1.0000000180025095e-35 36.500000000000007 1.5000000000000002 11.500000000000002 -0.24999999999999994 46.500000000000007 1.0000000180025095e-35
decision_type=2 8 10 2 10 2 8 2
left_child=1 2 -1 -2 5 -5 -3 -8
right_child=3 6 -4 4 -6 -7 7 -9
leaf_value=0.0013126329897636901 -0.00057861297144362297 -0.00028335072548583539 0.00030955063785587762 0.00031076610223708764 -0.00061036206042012944 -0.00024427631392592429 0.0001038741538833544 -1.478735050077013e-07
leaf_weight=31 27 39 27 140 39 163 28 50
leaf_count=31 27 39 27 140 39 163 28 50
internal_value=-2.42101e-05 0.000197925 0.000756721 -0.00015778 -8.7098e-05 -5.06048e-06 -2.279e-05 -5.43457e-07
internal_weight=544 175 58 369 342 303 117 78
internal_count=544 175 58 369 342 303 117 78
is_linear=0
shrinkage=0.0167612


Tree=364
num_leaves=11
num_cat=0
split_feature=13 197 6 10 110 7 151 133 12 98
split_gain=0.0729164 0.120766 0.110492 0.062309 0.0893773 0.117676 0.0593956 0.0541359 0.0230526 0.00176849
threshold=366218.75088881719 1.0000000180025095e-35 1.5000000000000002 -1.0000000180025095e-35 6.5000000000000009 1.0000000180025095e-35 1.0000000180025095e-35 757750.00000000012 1.0000000180025095e-35 0.84517020110063734
decision_type=2 10 2 2 8 2 8 8 2 10
left_child=1 2 8 4 7 -6 9 -2 -1 -5
right_child=3 -3 -4 6 5 -7 -8 -9 -10 -11
leaf_value=0.00055127181811543563 0.00010161682770022735 -0.00017560737542784402 0.00021334003684439644 6.545725694549981e-05 -0.00081640602829259612 -2.9099242675164788e-05 -0.00056077479659088841 0.00058122610596816199 0.0013630272058276953 -4.3445749121145936e-05
leaf_weight=39 39 44 32 24 41 55 128 74 30 38
leaf_count=39 39 44 32 24 41 55 128 74 30 38
internal_value=-2.43692e-05 0.000243847 0.000578598 -0.000150451 -8.09969e-06 -0.000277987 -0.000359013 0.000313652 0.000941442 -8.3159e-05
internal_weight=544 145 101 399 209 96 190 113 69 62
internal_count=544 145 101 399 209 96 190 113 69 62
is_linear=0
shrinkage=0.0167612


Tree=365
num_leaves=8
num_cat=0
split_feature=34 13 13 120 69 194 7
split_gain=0.0289598 0.0509981 0.0913165 0.0731546 0.0538914 0.029307 0.0292849
threshold=2.5000000000000004 378702.76988636371 1079100.7241568628 1.0000000180025095e-35 1.0000000180025095e-35 0.041241496598639411 1.0000000180025095e-35
decision_type=8 2 2 10 8 10 2
left_child=-1 3 4 6 -3 -4 -2
right_child=1 2 5 -5 -6 -7 -8
leaf_value=0.00030601964304216876 0.00059042681565361031 0.00036070876936029265 -0.00096728042244130985 -0.00016589856861252386 -0.0001352485002789842 -0.00025467055617666931 0.00016693881626867745
leaf_weight=24 76 36 40 49 264 28 27
leaf_count=24 76 36 40 49 264 28 27
internal_value=-2.44164e-05 -6.68665e-05 -0.000181383 0.000136608 -3.68907e-05 -0.000636188 0.000408095
internal_weight=544 520 368 152 300 68 103
internal_count=544 520 368 152 300 68 103
is_linear=0
shrinkage=0.0167612


Tree=366
num_leaves=7
num_cat=0
split_feature=13 37 7 6 210 207
split_gain=0.233922 0.0729236 0.0301396 0.0277557 0.0576154 0.0535213
threshold=187877.44817073175 1.0000000180025095e-35 1.0000000180025095e-35 1.5000000000000002 1.0645161290322582 81584.229745774108
decision_type=2 8 2 2 10 8
left_child=-1 3 -3 5 -5 -2
right_child=1 2 -4 4 -6 -7
leaf_value=0.0009003545691947674 -0.00041030305785532442 -0.00056050911179980764 -0.00010436410308982947 0.0005458934460946059 3.7235557081842657e-05 1.3642915158542657e-05
leaf_weight=32 75 112 52 48 73 152
leaf_count=32 75 112 52 48 73 152
internal_value=-2.38018e-05 -0.000128594 -0.000394721 -6.55454e-06 0.000182667 -9.70772e-05
internal_weight=544 512 164 348 121 227
internal_count=544 512 164 348 121 227
is_linear=0
shrinkage=0.0167612


Tree=367
num_leaves=10
num_cat=1
split_feature=0 15 13 124 212 94 160 50 53
split_gain=0.115816 0.142554 0.126067 0.0817772 0.0337591 0.024606 0.020954 0.00300316 0.000135221
threshold=0 1.0000000180025095e-35 603248.51836917584 118.00000000000001 0.99999999998349653 3.5000000000000004 235.50000000000003 3.6515151515151518 118642.87585528304
decision_type=9 2 2 8 10 10 8 8 8
left_child=4 3 -3 -2 5 7 -5 -1 -6
right_child=1 2 -4 6 8 -7 -8 -9 -10
leaf_value=-0.00011208315965749656 0.00027973862234655241 0.0009859958381981445 0.00018433380835764868 -9.8507738575951534e-05 -7.1743854524979923e-06 -0.00081920299032034634 -0.00046565623371767803 -0.00029610557002833943 -4.273590338959397e-05
leaf_weight=27 64 74 41 40 33 31 88 109 37
leaf_count=27 64 74 41 40 33 31 88 109 37
internal_value=-2.2595e-05 0.000162262 0.000588692 -4.21347e-05 -0.000287052 -0.000435822 -0.000309326 -0.000273996 -6.04931e-05
internal_weight=544 307 115 192 237 167 128 136 70
internal_count=544 307 115 192 237 167 128 136 70
cat_boundaries=0 1
cat_threshold=16860371
is_linear=0
shrinkage=0.0167612


Tree=368
num_leaves=9
num_cat=1
split_feature=0 15 186 3 45 225 7 213
split_gain=0.142202 0.137748 0.132117 0.0915689 0.0813478 0.0806305 0.0242813 0.00177936
threshold=0 1.0000000180025095e-35 1.0000000180025095e-35 6.5000000000000009 692713.06818181823 48.500000000000007 1.0000000180025095e-35 78.000000000000014
decision_type=9 2 8 2 10 10 2 10
left_child=4 5 3 -3 -1 6 -2 -6
right_child=1 2 -4 -5 7 -7 -8 -9
leaf_value=0.0008334867275932769 7.0529641886424887e-05 -0.0013063447835709922 -0.00010604037619349585 -0.00030709068072336655 5.7947935097935547e-06 -0.00043171411031391911 0.00046562390772250439 0.00012975403996537418
leaf_weight=70 173 53 67 35 26 27 61 25
leaf_count=70 173 53 67 35 26 27 61 25
internal_value=1.22159e-05 -0.000115744 -0.000486163 -0.00088215 0.000445124 7.00906e-05 0.000209244 0.000119379
internal_weight=537 416 155 88 121 261 234 51
internal_count=537 416 155 88 121 261 234 51
cat_boundaries=0 1
cat_threshold=6432
is_linear=0
shrinkage=0.0167612


Tree=369
num_leaves=10
num_cat=0
split_feature=209 12 6 56 6 110 75 177 53
split_gain=0.0796107 0.102935 0.140788 0.1047 0.0701514 0.0548785 0.0555594 0.0251698 0.00752808
threshold=24.000000000000004 1.0000000180025095e-35 1.5000000000000002 1.0000000180025095e-35 1.5000000000000002 30.500000000000004 525114.82678571448 1.5000000000000002 24629.107746656002
decision_type=8 2 2 10 2 10 8 8 10
left_child=1 5 3 -3 7 6 -1 -2 -6
right_child=4 2 -4 -5 8 -7 -8 -9 -10
leaf_value=0.00041649924056959471 0.0001216900319521176 -0.0014153756241131056 -9.0365524603343059e-05 -0.00031673581420233859 -0.00015595715149299658 -0.00034156941507465581 -7.9748398348292092e-05 0.00057907881754262552 -3.229152906642973e-06
leaf_weight=112 48 42 35 35 63 27 30 117 28
leaf_count=112 48 42 35 35 63 27 30 117 28
internal_value=1.21036e-05 -0.000154189 -0.000511939 -0.000909856 0.000225411 3.17076e-05 0.000213984 0.000434207 -8.06669e-06
internal_weight=537 281 112 77 256 169 142 165 91
internal_count=537 281 112 77 256 169 142 165 91
is_linear=0
shrinkage=0.0167612


Tree=370
num_leaves=8
num_cat=0
split_feature=177 83 130 47 45 146 41
split_gain=0.104328 0.186048 0.121951 0.0552407 0.0528084 0.0419304 0.0176461
threshold=3.5000000000000004 1.0683787908514459 1.0000000180025095e-35 327379.30132979882 354915.27247899165 13.500000000000002 1.0000000180025095e-35
decision_type=8 10 10 8 10 10 10
left_child=1 2 3 -1 -3 -2 -4
right_child=5 4 6 -5 -6 -7 -8
leaf_value=-0.00031690873549188199 0.00014943695791915383 0.00080344304351477971 8.1883005227462969e-05 -0.0009809674013084716 9.7552426686788756e-05 0.00069961597857131643 -0.00022808835204716948
leaf_weight=26 174 33 74 91 51 39 49
leaf_count=26 174 33 74 91 51 39 49
internal_value=1.13228e-05 -0.000151785 -0.000402073 -0.000757753 0.000363739 0.000290369 -5.30379e-05
internal_weight=537 324 240 117 84 213 123
internal_count=537 324 240 117 84 213 123
is_linear=0
shrinkage=0.0167612


Tree=371
num_leaves=9
num_cat=0
split_feature=151 10 119 45 19 101 103 102
split_gain=0.106311 0.174958 0.19907 0.0750795 0.0534474 0.0375579 0.00353884 0.0003754
threshold=1.0000000180025095e-35 -0.24999999999999994 805284.29519047623 1034331.8826984129 1.0000000180025095e-35 72940.206092135297 67801.498117417694 1.0000000180025095e-35
decision_type=10 2 8 10 10 8 8 10
left_child=3 5 6 4 7 -2 -3 -1
right_child=1 2 -4 -5 -6 -7 -8 -9
leaf_value=0.00023577743258248972 5.754855754631831e-05 -0.00010369851062438633 -0.0011243350981551894 -0.00015387781313619541 0.00084605026386745099 0.00043914997257403238 5.8062880015354398e-05 9.1665522265591719e-05
leaf_weight=181 39 50 71 41 36 66 25 28
leaf_count=181 39 50 71 41 36 66 25 28
internal_value=1.18799e-05 -0.000206351 -0.000572678 0.000233785 0.000370485 0.00017763 -0.000114245 0.000228988
internal_weight=537 251 146 286 245 105 75 209
internal_count=537 251 146 286 245 105 75 209
is_linear=0
shrinkage=0.0167612


Tree=372
num_leaves=8
num_cat=0
split_feature=56 12 13 74 76 160 78
split_gain=0.108415 0.179892 0.0650072 0.0763323 0.0845336 0.0239601 0.00203878
threshold=1.0000000180025095e-35 1.0000000180025095e-35 939536.7430654763 1.0000000180025095e-35 1.0000000180025095e-35 44.500000000000007 35.500000000000007
decision_type=8 2 2 10 8 8 10
left_child=1 -1 3 4 -2 -4 -5
right_child=2 -3 5 6 -6 -7 -8
leaf_value=3.7322956133397119e-05 0.0010304030190837578 -0.00092006777481078736 -5.908376304558483e-05 -4.80919734636942e-05 0.00025903433954171365 -0.00038023109417839709 -0.00026895463337648842
leaf_weight=50 24 62 30 24 266 53 28
leaf_count=50 24 62 30 24 266 53 28
internal_value=1.13475e-05 -0.000373115 0.000144335 0.000259596 0.00037955 -0.000153918 -0.000109845
internal_weight=537 112 425 342 290 83 52
internal_count=537 112 425 342 290 83 52
is_linear=0
shrinkage=0.0167612


Tree=373
num_leaves=9
num_cat=0
split_feature=110 166 195 41 164 70 124 118
split_gain=0.142148 0.0876359 0.0524575 0.0614402 0.0508581 0.0454019 0.0288647 0.0295734
threshold=12.500000000000002 556888.33701298712 19.500000000000004 1.0000000180025095e-35 1.0000000180025095e-35 1500875.0000000002 91.500000000000014 1.0000000180025095e-35
decision_type=10 8 8 10 10 8 8 10
left_child=2 -2 3 4 -1 -5 -4 -8
right_child=1 -3 6 5 -6 -7 7 -9
leaf_value=-0.00010216446107629252 -0.00018810344434222194 -0.00084842730065458219 0.00011954734647633077 -0.00012574763010066473 0.00041680193566852422 -0.000681376100686512 0.00023335645775469558 0.00073320831398259421
leaf_weight=26 29 62 27 34 72 42 205 40
leaf_count=26 29 62 27 34 72 42 205 40
internal_value=1.11026e-05 -0.000479962 0.000145871 -1.64256e-05 0.000156872 -0.000354495 0.000292243 0.000363557
internal_weight=537 91 446 174 98 76 272 245
internal_count=537 91 446 174 98 76 272 245
is_linear=0
shrinkage=0.0167612


Tree=374
num_leaves=8
num_cat=0
split_feature=112 119 208 7 53 55 28
split_gain=0.110787 0.0908485 0.0558268 0.0396626 0.0264052 0.0834588 0.0124955
threshold=46.000000000000007 397622.06101190485 10.500000000000002 1.0000000180025095e-35 155990.65492148165 1.0000000180025095e-35 16.000000000000004
decision_type=8 8 8 2 8 10 10
left_child=1 -1 6 -3 -4 -6 -2
right_child=2 3 4 -5 5 -7 -8
leaf_value=-9.0911093210447499e-06 -0.00027068004944275786 -0.00086856916048175844 5.2079949009887344e-05 -0.00026136609649782185 0.00015373050798992002 0.00083068469538524433 -2.929841199205293e-05
leaf_weight=36 50 69 80 27 178 56 41
leaf_count=36 50 69 80 27 178 56 41
internal_value=1.05784e-05 -0.000344666 0.000157599 -0.00063893 0.000274994 0.000366061 -9.3568e-05
internal_weight=537 132 405 96 314 234 91
internal_count=537 132 405 96 314 234 91
is_linear=0
shrinkage=0.0167612


Tree=375
num_leaves=9
num_cat=0
split_feature=56 12 3 139 123 151 151 9
split_gain=0.098697 0.172697 0.102504 0.0446466 0.0562973 0.0241654 0.0228673 0.0123165
threshold=1.0000000180025095e-35 1.0000000180025095e-35 5.5000000000000009 0.16397849462365588 26.500000000000004 1.0000000180025095e-35 1.0000000180025095e-35 1.0000000180025095e-35
decision_type=8 2 2 10 10 8 10 2
left_child=1 -1 -3 5 6 -2 -5 -7
right_child=3 2 -4 4 -6 7 -8 -9
leaf_value=4.7148039997335464e-05 0.0006439497288475047 -0.0015305352390548486 -0.00037056513530313247 0.00031253147234994036 -0.0004152798600986613 0.0002271826450349179 2.3597973517835662e-05 5.9048092206769951e-05
leaf_weight=50 30 27 35 57 47 193 60 38
leaf_count=50 30 27 35 57 47 193 60 38
internal_value=1.07033e-05 -0.000355339 -0.000891258 0.000138265 -1.11763e-05 0.000275712 9.93517e-05 0.000179099
internal_weight=537 112 62 425 164 261 117 231
internal_count=537 112 62 425 164 261 117 231
is_linear=0
shrinkage=0.0167612


Tree=376
num_leaves=10
num_cat=0
split_feature=11 50 31 124 15 7 140 119 120
split_gain=0.0768299 0.111209 0.119718 0.083516 0.117013 0.144809 0.0434168 0.0396831 0.0281262
threshold=-0.5 3.3985826001955037 1.0000000180025095e-35 220.50000000000003 1.0000000180025095e-35 1.0000000180025095e-35 1.0000000180025095e-35 734007.89141414152 1.0000000180025095e-35
decision_type=2 8 8 8 2 2 10 8 10
left_child=3 6 -3 7 -5 -6 -2 -1 -4
right_child=1 2 8 4 5 -7 -8 -9 -10
leaf_value=-7.4019410254877457e-05 0.00058151766445170908 -0.0010299162298820184 -0.00032825160420296235 9.2495375846987242e-05 0.00030358219341826073 0.0015642447831675636 8.3361828833811592e-05 -0.00049710242715080163 -4.2425754263638026e-05
leaf_weight=25 33 43 163 63 34 25 27 39 80
leaf_count=25 33 43 163 63 34 25 27 39 80
internal_value=-9.24342e-05 -0.000242719 -0.000396001 0.000132539 0.000404268 0.000855829 0.000203785 -0.000173026 -0.000224018
internal_weight=532 346 286 186 122 59 60 64 243
internal_count=532 346 286 186 122 59 60 64 243
is_linear=0
shrinkage=0.0167612


Tree=377
num_leaves=10
num_cat=0
split_feature=10 15 37 138 124 114 192 11 103
split_gain=0.0775764 0.108681 0.110516 0.0695278 0.0202409 0.0366723 0.0160523 0.0141155 0.00803265
threshold=-0.24999999999999994 1.0000000180025095e-35 1.0000000180025095e-35 1.0000000180025095e-35 89.500000000000014 57131231.662333488 1.0000000180025095e-35 0.25000000000000017 -7607.9090909090728
decision_type=2 2 8 10 10 8 10 2 8
left_child=1 6 -3 4 5 -2 8 -5 -1
right_child=3 2 -4 7 -6 -7 -8 -9 -10
leaf_value=-0.00039830932260533823 -0.00050497057090217263 0.0010786744446511023 0.00022138685062882347 -0.00032391484695426889 4.7846374454334323e-05 -2.199416542509941e-05 5.5384302384368843e-05 -0.0010052305260269719 -3.9876112882388504e-05
leaf_weight=29 47 40 30 35 58 149 26 32 86
leaf_count=29 47 40 30 35 58 149 26 32 86
internal_value=-9.09935e-05 0.000114424 0.000576732 -0.000255673 -0.00010609 -0.000188848 -6.34712e-05 -0.000665358 -0.000193581
internal_weight=532 211 70 321 254 196 141 67 115
internal_count=532 211 70 321 254 196 141 67 115
is_linear=0
shrinkage=0.0167612


Tree=378
num_leaves=8
num_cat=0
split_feature=3 31 15 141 103 116 103
split_gain=0.0475043 0.109037 0.0589003 0.038688 0.0134884 0.0226266 0.0121029
threshold=3.5000000000000004 1.0000000180025095e-35 1.0000000180025095e-35 1.0000000180025095e-35 -25364.343589743654 1.0000000180025095e-35 -4838.7067982456492
decision_type=2 10 2 8 10 8 10
left_child=1 -1 4 -4 5 -2 -3
right_child=2 6 3 -5 -6 -7 -8
leaf_value=-0.00076659862011700978 -0.00043139714204694932 -8.3338977671951515e-05 0.00052127417397977607 3.8116958255834585e-05 -2.6479178718567379e-05 -4.1165826882436684e-05 0.00019485355556326893
leaf_weight=62 73 38 58 95 86 90 30
leaf_count=62 73 38 58 95 86 90 30
internal_value=-9.00013e-05 -0.000335031 -3.9986e-06 0.000231857 -0.000148317 -0.00023939 -7.2233e-05
internal_weight=532 130 402 153 249 163 68
internal_count=532 130 402 153 249 163 68
is_linear=0
shrinkage=0.0167612


Tree=379
num_leaves=8
num_cat=1
split_feature=181 0 70 7 93 15 140
split_gain=0.0448024 0.0813336 0.0744312 0.054571 0.0514545 0.0417335 0.0069244
threshold=1.0000000180025095e-35 0 1500875.0000000002 1.0000000180025095e-35 36.500000000000007 1.0000000180025095e-35 1.0000000180025095e-35
decision_type=10 9 8 2 8 2 10
left_child=1 5 -3 -2 -4 6 -1
right_child=3 2 4 -5 -6 -7 -8
leaf_value=-0.00013861073706605872 3.8828180999187448e-05 -0.00065634031026231437 0.00012606456970967853 0.00058660490248832692 -0.00029451563241449222 0.00045850854996068663 6.6323598020470514e-05
leaf_weight=45 60 102 78 30 142 44 31
leaf_count=45 60 102 78 30 142 44 31
internal_value=-8.84743e-05 -0.000166928 -0.000306044 0.000163474 -0.000116271 0.000112489 2.22037e-05
internal_weight=532 442 322 90 220 120 76
internal_count=532 442 322 90 220 120 76
cat_boundaries=0 1
cat_threshold=2633
is_linear=0
shrinkage=0.0167612


Tree=380
num_leaves=9
num_cat=0
split_feature=13 147 116 3 194 13 184 46
split_gain=0.175056 0.161577 0.0977183 0.195954 0.0507122 0.107089 0.0633394 0.0108806
threshold=228431.44574332176 1.0000000180025095e-35 1.0000000180025095e-35 2.5000000000000004 0.12060606060606062 861829.61913690495 897904.19064904202 14.000000000000002
decision_type=2 8 8 2 8 2 8 8
left_child=1 -1 4 -4 5 -2 -6 -5
right_child=2 -3 3 7 6 -7 -8 -9
leaf_value=0.00024507932630570646 -5.6336925427585065e-05 0.0012622938585433591 -0.0013473808393043769 -7.8449495271019529e-05 -6.1703133057634398e-05 -0.00079770404021314552 0.00041884265941416742 -0.00026663809954699362
leaf_weight=25 61 31 29 35 80 38 100 133
leaf_count=25 61 31 29 35 80 38 100 133
internal_value=-8.6489e-05 0.000572891 -0.000203757 -0.000469847 -1.27929e-05 -0.000265669 0.000146682 -0.000225354
internal_weight=532 56 476 197 279 99 180 168
internal_count=532 56 476 197 279 99 180 168
is_linear=0
shrinkage=0.0167612


Tree=381
num_leaves=10
num_cat=0
split_feature=114 41 138 184 15 124 104 126 61
split_gain=0.0754424 0.154137 0.0306153 0.0396589 0.0207474 0.0139237 0.0123427 0.00675091 0.000189645
threshold=56750204.253933512 1.0000000180025095e-35 1.0000000180025095e-35 1059952.436443168 1.0000000180025095e-35 87.000000000000014 630.00000000000011 0.39384845158010912 11.000000000000002
decision_type=8 10 8 10 2 8 10 8 8
left_child=1 -1 3 6 5 -4 -2 -3 -6
right_child=2 7 4 -5 8 -7 -8 -9 -10
leaf_value=-0.00091193579324408934 0.0001308490084463368 -2.5812041583887497e-05 -8.601932720830947e-05 -4.1722298664227094e-06 9.7584049364552579e-06 -0.00028937340845690707 0.00049715960907671696 0.00015092532806084473 5.5096895039300117e-05
leaf_weight=62 34 43 26 43 29 128 80 25 62
leaf_count=62 34 43 26 43 29 128 80 25 62
internal_value=-8.55808e-05 -0.000396707 3.57266e-06 0.000187724 -7.95944e-05 -0.000205679 0.000368877 -8.51959e-05 2.48994e-05
internal_weight=532 130 402 157 245 154 114 68 91
internal_count=532 130 402 157 245 154 114 68 91
is_linear=0
shrinkage=0.0167612


Tree=382
num_leaves=9
num_cat=0
split_feature=42 199 118 187 114 140 140 187
split_gain=0.0534023 0.139966 0.056575 0.0420274 0.0378309 0.0732681 0.0217721 0.00108753
threshold=13.500000000000002 -8.3515575999999978 1.0000000180025095e-35 460785.3075380915 57016022.338348396 1.0000000180025095e-35 1.0000000180025095e-35 847750.33028083039
decision_type=8 10 10 8 10 8 10 8
left_child=2 4 3 -1 5 -2 -6 -4
right_child=1 -3 7 -5 6 -7 -8 -9
leaf_value=0.00015730211740977592 -0.00062536770031843296 -0.0009496882188944571 -2.3057711357234402e-05 0.000713440426397006 0.00038246509208187833 -2.8090048242859123e-05 5.1949960492365757e-05 -0.00016497235453371545
leaf_weight=32 50 28 33 48 43 238 36 24
leaf_count=32 50 28 33 48 43 238 36 24
internal_value=-8.41501e-05 -0.000189517 0.000139571 0.000426618 -7.98709e-05 -0.000175608 0.000152011 -6.37683e-05
internal_weight=532 395 137 80 367 288 79 57
internal_count=532 395 137 80 367 288 79 57
is_linear=0
shrinkage=0.0167612


Tree=383
num_leaves=10
num_cat=0
split_feature=10 12 137 116 110 4 47 85 143
split_gain=0.0735964 0.10072 0.099312 0.0674742 0.0551422 0.0359461 0.031271 0.0218888 0.0126439
threshold=-0.24999999999999994 1.0000000180025095e-35 1.0000000180025095e-35 1.0000000180025095e-35 1.5000000000000002 244.00000000000003 778598.32437445852 27.500000000000004 1.0000000180025095e-35
decision_type=2 2 10 10 8 2 10 8 8
left_child=1 4 -3 5 6 7 -1 -2 -6
right_child=3 2 -4 -5 8 -7 -8 -9 -10
leaf_value=0.00050091459213560138 -0.00040564716988230969 0.00016459802364182974 0.0011742755046686227 -0.00076182476989528915 -0.00059740508096369209 0.00014666212355322227 8.0567323026100947e-05 -5.1835562608118473e-05 -0.00010663641636551328
leaf_weight=28 95 45 25 35 30 36 25 155 58
leaf_count=28 95 45 25 35 30 36 25 155 58
internal_value=-8.37824e-05 0.000116113 0.00056089 -0.000244727 -5.26926e-05 -0.000134719 0.000188332 -0.000216939 -0.000326304
internal_weight=532 211 70 321 141 286 53 250 88
internal_count=532 211 70 321 141 286 53 250 88
is_linear=0
shrinkage=0.0167612


Tree=384
num_leaves=9
num_cat=0
split_feature=146 6 163 112 17 196 8 6
split_gain=0.0715021 0.103498 0.0864858 0.0661863 0.0338048 0.0212815 0.0261264 0.0251333
threshold=2.5000000000000004 1.5000000000000002 56.500000000000007 46.000000000000007 1094904.3294578441 9.3111111111111118 1.0000000180025095e-35 1.0000000180025095e-35
decision_type=10 2 8 10 8 10 2 2
left_child=5 3 -3 -2 -5 6 7 -1
right_child=1 2 -4 4 -6 -7 -8 -9
leaf_value=-9.844634518704091e-05 -0.00045538385105028218 0.00016523017666848381 0.001001903178077861 -8.1006838394930578e-05 0.00030685500570420699 -9.6400623091226617e-05 -0.00013102915931456592 -0.00046999426250923874
leaf_weight=52 54 42 41 49 77 28 25 170
leaf_count=52 54 42 41 49 77 28 25 170
internal_value=-5.30567e-05 0.000111614 0.000536523 -4.63029e-05 7.83062e-05 -0.000240817 -0.00030629 -0.000372339
internal_weight=538 263 83 180 126 275 247 222
internal_count=538 263 83 180 126 275 247 222
is_linear=0
shrinkage=0.0167612


Tree=385
num_leaves=9
num_cat=0
split_feature=37 13 110 47 4 15 75 12
split_gain=0.0479836 0.23013 0.12049 0.0860942 0.078546 0.11397 0.0059011 0.00191485
threshold=1.0000000180025095e-35 674353.63636363647 17.500000000000004 902407.90736265492 91.500000000000014 1.0000000180025095e-35 200438.70074074078 1.0000000180025095e-35
decision_type=8 2 10 10 2 2 10 2
left_child=1 2 -1 6 5 -2 -3 -6
right_child=4 3 -4 -5 7 -7 -8 -9
leaf_value=0.00069021473002186455 -0.00095190420854861333 -0.0010145940253675192 4.900736439341962e-05 -8.2461287518790903e-05 8.0657047339084296e-05 -0.00015554076688201733 -0.00042333319125429199 -9.2979905453229699e-06
leaf_weight=138 61 35 63 65 51 46 55 24
leaf_count=138 61 35 63 65 51 46 55 24
internal_value=-5.15642e-05 3.66264e-05 0.000404875 -0.000369236 -0.000259849 -0.000538348 -0.000693724 -2.12373e-05
internal_weight=538 356 201 155 182 107 90 75
internal_count=538 356 201 155 182 107 90 75
is_linear=0
shrinkage=0.0167612


Tree=386
num_leaves=8
num_cat=1
split_feature=0 12 13 37 21 6 146
split_gain=0.153892 0.0690184 0.0871032 0.0404817 0.0393232 0.026578 0.00244251
threshold=0 1.0000000180025095e-35 620458.50000000012 1.0000000180025095e-35 1.1206927678666407 1.0000000180025095e-35 5.5000000000000009
decision_type=9 2 2 8 8 2 10
left_child=3 4 -3 -1 -2 -6 -4
right_child=1 2 6 -5 5 -7 -8
leaf_value=-0.00016958965344929575 0.00030412177981557504 0.00066006095597461985 -8.0555168406622717e-05 -0.00085873630068258628 -0.0003981977325895843 -1.3448233143744649e-05 3.2494978203410286e-05
leaf_weight=48 27 90 31 64 56 193 29
leaf_count=48 27 90 31 64 56 193 29
internal_value=-5.07185e-05 7.67061e-05 0.000349081 -0.000512474 -3.8623e-05 -0.000137903 8.29137e-05
internal_weight=538 426 150 112 276 249 60
internal_count=538 426 150 112 276 249 60
cat_boundaries=0 1
cat_threshold=17335824
is_linear=0
shrinkage=0.0167612


Tree=387
num_leaves=11
num_cat=1
split_feature=13 128 1 7 175 11 160 164 15 210
split_gain=0.0608579 0.0988016 0.0715924 0.0971534 0.0923062 0.0427332 0.0283954 0.00867105 0.00801128 0.000893361
threshold=366218.75088881719 1.0000000180025095e-35 0 1.0000000180025095e-35 341961.51332199556 0.25000000000000017 32.500000000000007 1.0000000180025095e-35 1.0000000180025095e-35 3.0666666666666669
decision_type=2 10 1 2 10 2 10 8 2 8
left_child=1 7 6 4 -4 -5 9 -1 -9 -2
right_child=2 -3 3 5 -6 -7 -8 8 -10 -11
leaf_value=-0.00015958662380031338 0.00037341051654119661 0.00074756374443369364 -0.00072092033953193653 0.00033020016650902158 -0.00016847506607899686 -0.00020366456356764215 -6.0655329864352583e-05 2.0596180706516083e-05 0.00021667984614937241 0.00012155212889033691
leaf_weight=38 64 35 155 52 37 26 39 38 29 25
leaf_count=38 64 35 155 52 37 26 39 38 29 25
internal_value=-5.00352e-05 0.000194023 -0.000164 -0.000316671 -0.000531144 -3.25313e-06 7.69068e-05 2.93183e-05 6.24705e-05 0.000284137
internal_weight=538 140 398 270 192 78 128 105 67 89
internal_count=538 140 398 270 192 78 128 105 67 89
cat_boundaries=0 1
cat_threshold=40
is_linear=0
shrinkage=0.0167612


Tree=388
num_leaves=9
num_cat=1
split_feature=141 1 57 133 155 50 180 65
split_gain=0.0537625 0.142553 0.0698482 0.0445237 0.0540916 0.0219037 0.01695 0.00982048
threshold=1.0000000180025095e-35 0 252793.13925954566 1246548.6908730161 1.0000000180025095e-35 4.3107142857142859 5.5000000000000009 1.0000000180025095e-35
decision_type=8 1 10 8 10 8 10 8
left_child=3 6 -3 5 -5 7 -2 -1
right_child=1 2 -4 4 -6 -7 -8 -9
leaf_value=0.00019348012070106316 -0.00042814924815770989 0.00029200077386043233 -0.00029017189822613473 0.00011007398234709668 0.0006723311905685879 -0.00026390796530320951 -0.0010305646253432937 1.2076676624964121e-05
leaf_weight=55 91 122 45 42 52 47 29 55
leaf_count=55 91 122 45 42 52 47 29 55
internal_value=-4.83415e-05 -0.000206138 4.16679e-05 9.80465e-05 0.000357424 -2.91135e-06 -0.000581202 4.76143e-05
internal_weight=538 287 167 251 94 157 120 110
internal_count=538 287 167 251 94 157 120 110
cat_boundaries=0 1
cat_threshold=18
is_linear=0
shrinkage=0.0167612


Tree=389
num_leaves=10
num_cat=0
split_feature=20 10 184 130 182 137 98 55 7
split_gain=0.0366367 0.0594982 0.0918413 0.0854176 0.0525418 0.0244399 0.0201401 0.0112686 0.0227642
threshold=3.5000000000000004 0.25000000000000011 255757.90478620023 1.0000000180025095e-35 171.50000000000003 1.0000000180025095e-35 0.93340905631275095 1.0000000180025095e-35 1.0000000180025095e-35
decision_type=10 2 10 10 8 10 8 8 2
left_child=7 2 -2 5 -5 -3 -4 -1 -9
right_child=1 3 6 4 -6 -7 -8 8 -10
leaf_value=-7.9547896870966073e-05 0.00073729739406940172 -0.0010017224004101391 0.00019892311558055741 -9.9728305137917949e-05 0.00047565623062137185 -0.00026234282543014534 -0.00012036902308354256 -9.1285918487281692e-05 -0.00051121686331358478
leaf_weight=30 46 24 68 54 26 25 71 135 59
leaf_count=30 46 24 68 54 26 25 71 135 59
internal_value=-4.80987e-05 4.16621e-05 0.000242176 -0.000164225 1.6055e-05 -0.000613246 2.87044e-05 -0.000207229 -0.000265443
internal_weight=538 314 185 129 80 49 139 224 194
internal_count=538 314 185 129 80 49 139 224 194
is_linear=0
shrinkage=0.0167612


Tree=390
num_leaves=6
num_cat=0
split_feature=214 13 8 50 45
split_gain=0.0632684 0.194522 0.0980603 0.107788 0.0624895
threshold=3.5000000000000004 199409.10576923081 1.0000000180025095e-35 3.0690476190476201 193330.54206138689
decision_type=10 2 2 8 10
left_child=1 -1 3 -3 -2
right_child=4 2 -4 -5 -6
leaf_value=0.00066243928208193378 0.00059510885167570501 1.1697355825617938e-05 0.00022809621942416314 -0.00051129247520352421 4.7357692097387674e-05
leaf_weight=34 60 81 42 296 25
leaf_count=34 60 81 42 296 25
internal_value=-4.71767e-05 -0.000137296 -0.000257442 -0.000359726 0.000278301
internal_weight=538 453 419 377 85
internal_count=538 453 419 377 85
is_linear=0
shrinkage=0.0167612


Tree=391
num_leaves=9
num_cat=0
split_feature=214 50 120 12 137 98 201 21
split_gain=0.111492 0.0810517 0.0788576 0.0496017 0.0967512 0.0392948 0.0338915 0.018101
threshold=3.5350000000000006 3.8875000000000006 1.0000000180025095e-35 1.0000000180025095e-35 1.0000000180025095e-35 0.87907250212371257 1.0000000180025095e-35 1.3499261500172557
decision_type=10 8 10 2 8 8 8 8
left_child=1 6 -2 -3 -5 -4 7 -1
right_child=2 3 5 4 -6 -7 -8 -9
leaf_value=0.00054947559427148966 0.00099289041619012486 -0.00046696232471212797 0.00040390195374584063 -0.00063923205213654898 0.00012251969046533172 -0.00017079217775473195 -8.5044127309604503e-06 0.00013284830551030783
leaf_weight=49 24 193 25 25 122 25 44 31
leaf_count=49 24 193 25 25 122 25 44 31
internal_value=-4.46407e-05 -0.000153108 0.000425696 -0.000294243 -3.6631e-05 0.000115831 0.000126089 0.000353189
internal_weight=538 464 74 340 147 50 124 80
internal_count=538 464 74 340 147 50 124 80
is_linear=0
shrinkage=0.0167612


Tree=392
num_leaves=8
num_cat=0
split_feature=45 106 207 114 50 153 175
split_gain=0.0616543 0.109319 0.0389223 0.0887663 0.0255564 0.0154576 7.76485e-05
threshold=869463.58997282025 1.0000000180025095e-35 103223.49733124457 55251914.678700574 3.4154761904761908 509443.6486486487 576995.99696969718
decision_type=8 10 10 8 8 10 8
left_child=4 2 3 -2 6 -4 -1
right_child=1 -3 5 -5 -6 -7 -8
leaf_value=-3.1533612095000971e-05 -0.00074057879897058293 0.00061106596877523445 0.00010341272919989605 -1.391657211214329e-05 -0.00052675237422877613 0.00046576629869126145 -4.9751271348752697e-05
leaf_weight=27 25 49 25 262 75 32 32
leaf_count=27 25 49 25 262 75 32 32
internal_value=-3.8135e-05 4.52935e-05 -3.1866e-05 -0.000132982 -0.000320423 0.000241735 -7.70864e-05
internal_weight=527 393 344 287 134 57 59
internal_count=527 393 344 287 134 57 59
is_linear=0
shrinkage=0.0167612


Tree=393
num_leaves=8
num_cat=0
split_feature=13 160 24 151 18 153 78
split_gain=0.0635487 0.060378 0.144495 0.0511468 0.0329883 0.0309554 0.0149633
threshold=769714.2857142858 15.500000000000002 1.0000000180025095e-35 1.0000000180025095e-35 1.0000000180025095e-35 420993.42688363232 31.500000000000004
decision_type=2 8 8 8 10 10 8
left_child=3 -2 5 -1 6 -3 -5
right_child=1 2 -4 4 -6 -7 -8
leaf_value=0.00048360473618202924 -2.4962006981170839e-05 -0.0014282052670594732 -0.00013333458225350589 0.00018894085086742211 -0.00035061040226263879 -0.00053385180083419259 3.6006915160814365e-06
leaf_weight=33 26 31 54 109 32 30 212
leaf_count=33 26 31 54 109 32 30 212
internal_value=-3.76045e-05 -0.000316571 -0.000518559 5.0839e-05 2.55645e-06 -0.000985865 4.4442e-05
internal_weight=527 141 115 386 353 61 321
internal_count=527 141 115 386 353 61 321
is_linear=0
shrinkage=0.0167612


Tree=394
num_leaves=7
num_cat=0
split_feature=13 100 116 13 13 9
split_gain=0.070824 0.279288 0.0495908 0.186973 0.0564645 0.0371964
threshold=238015.73506944449 1.0000000180025095e-35 1.0000000180025095e-35 396531.29017857148 1001400.8989583334 1.0000000180025095e-35
decision_type=2 8 8 2 2 2
left_child=1 -1 3 -2 -5 -4
right_child=2 -3 5 4 -6 -7
leaf_value=-0.00025667056271750038 0.00075777455908026083 0.0011589015677152836 -0.00045713001149325555 -1.542979333098735e-05 -0.00050161457983742021 -0.00012058208234314607
leaf_weight=29 41 37 144 177 67 32
leaf_count=29 41 37 144 177 67 32
internal_value=-3.62674e-05 0.000351157 -0.00012293 -7.5657e-06 -0.00016155 -0.00032703
internal_weight=527 66 461 285 244 176
internal_count=527 66 461 285 244 176
is_linear=0
shrinkage=0.0167612


Tree=395
num_leaves=9
num_cat=0
split_feature=13 151 104 45 85 84 178 99
split_gain=0.133189 0.248939 0.0859621 0.108181 0.047022 0.0240557 0.0207487 0.000263683
threshold=670718.75000000012 1.0000000180025095e-35 630.00000000000011 1927210.1742424245 13.500000000000002 1.5000000000000002 30.500000000000004 -0.66575608250561447
decision_type=2 10 10 8 8 10 8 10
left_child=2 4 5 7 -2 -1 -6 -4
right_child=1 -3 3 -5 6 -7 -8 -9
leaf_value=7.1373196519646795e-06 0.00035838492846545334 -0.0011541524162731942 3.9046285662474285e-05 0.00078568845306867382 -0.00037742366875675857 -0.00029986688309350254 -3.1049425220369556e-05 -1.7111544186878766e-05
leaf_weight=125 27 49 30 86 52 46 81 31
leaf_count=125 27 49 30 86 52 46 81 31
internal_value=-3.50105e-05 -0.000349713 0.000151803 0.000433697 -3.65791e-05 -2.9859e-05 -0.00016561 0.000101719
internal_weight=527 209 318 147 160 171 133 61
internal_count=527 209 318 147 160 171 133 61
is_linear=0
shrinkage=0.0167612


Tree=396
num_leaves=8
num_cat=1
split_feature=0 103 98 13 17 124 20
split_gain=0.172845 0.193891 0.171965 0.0758494 0.0679167 0.0342188 0.0109833
threshold=0 -50637.625122608464 0.8260323951562597 527136.30157418072 898411.66666666686 98.500000000000014 66.500000000000014
decision_type=9 10 10 2 8 10 8
left_child=1 -1 3 -2 -4 -3 -5
right_child=2 5 4 6 -6 -7 -8
leaf_value=-0.00069220002691103657 0.00092129759265145337 4.7004437755623491e-05 3.0947262374782186e-05 5.5475272766337749e-05 -0.00054249153669835739 0.00045711517257485563 0.000320173046134617
leaf_weight=164 71 32 37 58 66 41 58
leaf_count=164 71 32 37 58 66 41 58
internal_value=-3.45745e-05 -0.000351102 0.000204305 0.000517835 -0.000198939 0.00012748 0.000227625
internal_weight=527 237 290 187 103 73 116
internal_count=527 237 290 187 103 73 116
cat_boundaries=0 1
cat_threshold=626323
is_linear=0
shrinkage=0.0167612


Tree=397
num_leaves=8
num_cat=0
split_feature=13 56 197 65 45 103 180
split_gain=0.120208 0.20934 0.091363 0.0623632 0.0514884 0.0183606 0.0019919
threshold=457860.51196581201 1.0000000180025095e-35 1.0000000180025095e-35 1.0000000180025095e-35 733835.10638297885 90584.302076247302 20.000000000000004
decision_type=2 8 8 10 8 8 10
left_child=2 -2 3 -1 -3 -6 -4
right_child=1 4 6 -5 5 -7 -8
leaf_value=0.00024104739086300162 -0.0011812391621653622 -0.00044058627003230768 8.1994891407621272e-06 0.00091482321400279871 -0.00015620616676065985 0.00011331741085755139 -8.1044924189637802e-05
leaf_weight=28 26 55 94 58 69 163 34
leaf_count=28 26 55 94 58 69 163 34
internal_value=-3.32789e-05 -0.00024482 0.000230626 0.000602156 -9.21709e-05 -6.87192e-06 2.93852e-05
internal_weight=527 313 214 86 287 232 128
internal_count=527 313 214 86 287 232 128
is_linear=0
shrinkage=0.0167612


Tree=398
num_leaves=11
num_cat=0
split_feature=5 151 150 126 76 133 47 17 157 214
split_gain=0.0338516 0.102648 0.0479488 0.0636144 0.0395715 0.0610806 0.0318372 0.00794944 0.00460004 0.00794803
threshold=2.5000000000000004 1.0000000180025095e-35 1.0000000180025095e-35 0.44826920820009519 1.0000000180025095e-35 848246.03668546386 404389.4742746827 1.0000000180025095e-35 2.7029411764705888 2.6850000000000005
decision_type=2 10 10 8 8 8 10 10 8 8
left_child=1 7 3 -3 5 -2 -7 -1 -6 -10
right_child=4 2 -4 -5 8 6 -8 -9 9 -11
leaf_value=0.00016930203265199618 0.00010791895552625959 -0.00023392160203053889 -0.00015354356338629973 -0.0010929500723049226 -0.00014969469377069483 0.00092296791096141439 0.00027320508072810405 2.0438735789225754e-05 0.0001813247998915695 -3.5172729269428464e-05
leaf_weight=95 26 39 41 47 28 37 24 37 24 129
leaf_count=95 26 39 41 47 28 37 24 37 24 129
internal_value=-3.36152e-05 -0.000171821 -0.00049036 -0.000722026 6.97061e-05 0.000329194 0.00062402 6.08994e-05 -1.4115e-05 -1.53659e-06
internal_weight=527 259 127 86 268 87 61 132 181 153
internal_count=527 259 127 86 268 87 61 132 181 153
is_linear=0
shrinkage=0.0167612


Tree=399
num_leaves=7
num_cat=0
split_feature=13 53 182 7 145 163
split_gain=0.135494 0.085151 0.0526267 0.0404965 0.0241966 0.0232316
threshold=1079100.7241568628 131020.16729807876 99.500000000000014 1.0000000180025095e-35 13.500000000000002 40.500000000000007
decision_type=2 10 8 2 10 8
left_child=1 2 -1 -4 -2 -3
right_child=4 5 3 -5 -6 -7
leaf_value=-0.00035950826247099099 -0.00022529586049605208 0.00020354786935888476 -1.5552744279253977e-05 0.00033335406507976336 -0.00092827121893866466 0.0008968634139638399
leaf_weight=71 34 38 239 79 40 26
leaf_count=71 34 38 239 79 40 26
internal_value=-3.32713e-05 5.60478e-05 -1.07843e-05 5.23976e-05 -0.000582247 0.000511607
internal_weight=527 453 389 318 74 64
internal_count=527 453 389 318 74 64
is_linear=0
shrinkage=0.0167612


Tree=400
num_leaves=9
num_cat=0
split_feature=126 6 114 150 164 45 178 53
split_gain=0.0715737 0.0683868 0.152221 0.06328 0.0534018 0.0886754 0.0513549 0.00760696
threshold=0.10878391996654825 1.0000000180025095e-35 57648316.346589044 1.0000000180025095e-35 1.0000000180025095e-35 350297.35862248793 21.500000000000004 136109.56289869937
decision_type=10 2 8 10 10 10 8 10
left_child=1 2 3 -1 6 -6 -3 -2
right_child=7 4 -4 -5 5 -7 -8 -9
leaf_value=-0.0012820426756248464 0.00011560610516666085 -0.00071088452771686365 -8.7571289491940909e-05 -0.00038808874541337201 0.00044624091509251862 -0.00012930976539115636 -7.7420756567404958e-05 0.00055653870384775631
leaf_weight=49 32 25 54 25 105 88 144 29
leaf_count=49 32 25 54 25 105 88 144 29
internal_value=-8.17382e-05 -0.000160881 -0.000460176 -0.000907186 -2.64299e-05 0.000129075 -0.000235088 0.000313535
internal_weight=551 490 128 74 362 193 169 61
internal_count=551 490 128 74 362 193 169 61
is_linear=0
shrinkage=0.0167612


Tree=401
num_leaves=8
num_cat=0
split_feature=160 205 13 11 143 214 11
split_gain=0.0596212 0.0675803 0.117947 0.0933338 0.0671868 0.0315694 0.00225529
threshold=41.500000000000007 26.22666666666667 187877.44817073175 0.6830127018922193 1.0000000180025095e-35 2.1250000000000004 -0.24999999999999994
decision_type=8 10 2 2 10 8 2
left_child=5 2 -2 -4 -3 -1 -7
right_child=1 4 3 -5 -6 6 -8
leaf_value=0.00053399777128336435 0.00055115214120246287 -0.0011080158278893469 -1.1280992285037016e-05 -0.00055001755096345604 -0.0002586492612351455 -3.3644155944928335e-05 0.00010365933649609582
leaf_weight=35 33 26 273 102 26 29 27
leaf_count=35 33 26 273 102 26 29 27
internal_value=-8.01911e-05 -0.000167285 -7.58194e-05 -0.000176055 -0.00061845 0.000220034 5.50613e-05
internal_weight=551 460 408 375 52 91 56
internal_count=551 460 408 375 52 91 56
is_linear=0
shrinkage=0.0167612


Tree=402
num_leaves=8
num_cat=0
split_feature=110 160 5 9 164 219 97
split_gain=0.0618399 0.0779769 0.019021 0.0524557 0.0644027 0.0111704 0.00947542
threshold=12.500000000000002 76.500000000000014 1.5000000000000002 1.0000000180025095e-35 1.0000000180025095e-35 1.0000000180025095e-35 0.054804804804804756
decision_type=10 8 2 2 10 8 8
left_child=2 -2 5 4 -4 -1 -3
right_child=1 6 3 -5 -6 -7 -8
leaf_value=-0.00029711815051263531 -0.00014143534742938352 -0.00032931990221115513 -3.4181285068756974e-05 -0.0002900053635609844 0.00036532148860357025 -5.3263618004356567e-05 -0.001001581316882557
leaf_weight=67 25 27 132 47 174 40 39
leaf_count=67 25 27 132 47 174 40 39
internal_value=-7.84872e-05 -0.000413816 -3.06455e-06 5.80842e-05 0.000159007 -0.000167254 -0.000731726
internal_weight=551 91 460 353 306 107 66
internal_count=551 91 460 353 306 107 66
is_linear=0
shrinkage=0.0167612


Tree=403
num_leaves=11
num_cat=0
split_feature=10 170 119 151 219 196 130 7 47 12
split_gain=0.112176 0.0949729 0.123664 0.0961929 0.062825 0.0741669 0.0111284 0.0067485 0.00348486 0.00488942
threshold=-0.24999999999999994 1.0000000180025095e-35 690677.65151515161 1.0000000180025095e-35 1.0000000180025095e-35 5.5923753665689162 1.0000000180025095e-35 1.0000000180025095e-35 1174970.8480234302 1.0000000180025095e-35
decision_type=2 8 8 10 8 10 10 2 8 2
left_child=4 2 -2 -4 5 6 -1 -6 -3 -10
right_child=1 8 3 -5 7 -7 -8 -9 9 -11
leaf_value=0.0010584900223322455 -7.1254415012715971e-05 0.00011377007229519231 -0.00022929318509563886 -0.0010847243186334467 -0.00015249111381135123 0.00011140981871329703 0.0003944197819594093 -5.3368815611824865e-06 -0.00011160788609438334 3.7852297363898089e-05
leaf_weight=32 42 27 59 89 60 51 41 44 65 41
leaf_count=32 42 27 59 89 60 51 41 44 65 41
internal_value=-7.76324e-05 -0.000278434 -0.0005108 -0.000749423 0.000164998 0.000415408 0.000726146 -1.79006e-05 -3.43073e-05 -5.14251e-06
internal_weight=551 323 190 148 228 124 73 104 133 106
internal_count=551 323 190 148 228 124 73 104 133 106
is_linear=0
shrinkage=0.0167612


Tree=404
num_leaves=9
num_cat=0
split_feature=3 170 53 11 205 111 143 53
split_gain=0.0466314 0.0806289 0.0781643 0.0733333 0.0296627 0.0731415 0.0211932 0.00175675
threshold=3.5000000000000004 1.0000000180025095e-35 386871.39487547782 0.86602540378443871 20.235507246376816 900.00000000000011 1.0000000180025095e-35 85607.149341599594
decision_type=2 8 8 2 10 8 10 10
left_child=1 2 7 4 5 -2 -6 -1
right_child=3 -3 -4 -5 6 -7 -8 -9
leaf_value=-0.00016084032718674014 0.00047128276344360288 -6.3416634628402392e-05 -0.0010887698006473484 -0.00047396949257294573 -0.00030928541884811458 2.1652028303834925e-05 -1.7586182284809152e-05 -7.7225931459241234e-05
leaf_weight=24 119 59 37 40 44 148 56 24
leaf_count=24 119 59 37 40 44 148 56 24
internal_value=-7.55227e-05 -0.000307173 -0.000616004 -3.31593e-06 8.98348e-05 0.000193102 -7.02773e-05 -0.00017639
internal_weight=551 144 85 407 367 267 100 48
internal_count=551 144 85 407 367 267 100 48
is_linear=0
shrinkage=0.0167612


Tree=405
num_leaves=11
num_cat=0
split_feature=11 53 205 106 164 50 119 7 196 163
split_gain=0.0569358 0.100517 0.0858097 0.0661646 0.0576563 0.0552095 0.0502535 0.0330862 0.0199827 0.0136583
threshold=-0.24999999999999994 15400.106668135022 15.937500000000002 1.0000000180025095e-35 1.0000000180025095e-35 3.6515151515151518 729443.25741943263 1.0000000180025095e-35 26.12380952380953 40.500000000000007
decision_type=2 10 10 8 8 8 10 2 10 10
left_child=4 3 9 -2 -1 -4 7 -6 -8 -3
right_child=1 2 5 -5 6 -7 8 -9 -10 -11
leaf_value=-0.00030664182661870959 -0.0008665706727502496 0.00076862771897592895 -6.8803531305625931e-05 -0.00019789793224624886 0.00014440486389286493 -0.00058849881739559784 -0.00030853337973316288 0.00068231098053880498 -8.949736124265912e-07 0.00016671662389219829
leaf_weight=30 65 26 36 111 98 37 29 56 25 38
leaf_count=30 65 26 36 111 98 37 29 56 25 38
internal_value=-7.47925e-05 -0.00022377 2.11105e-05 -0.000478875 8.35971e-05 -0.000212189 0.00021912 0.000384007 -1.72836e-05 0.000441044
internal_weight=551 313 137 176 238 73 208 154 54 64
internal_count=551 313 137 176 238 73 208 154 54 64
is_linear=0
shrinkage=0.0167612


Tree=406
num_leaves=9
num_cat=0
split_feature=13 130 146 10 73 101 146 6
split_gain=0.0822637 0.140253 0.109067 0.123277 0.0408515 0.0338261 0.0202216 0.0109296
threshold=656555.58531746047 1.0000000180025095e-35 1.0000000180025095e-35 -0.24999999999999994 846182.0335546399 245729.51583129456 21.500000000000004 1.0000000180025095e-35
decision_type=2 8 10 2 8 10 10 2
left_child=2 -2 7 -4 -3 -6 -5 -1
right_child=1 4 3 6 5 -7 -8 -9
leaf_value=-4.5516473648307962e-05 -0.0010044576606949753 -0.00042799520793538622 0.00086916491128369321 -8.4581801101921299e-05 0.0001573487948197861 -0.0002934081405432887 0.00029625445676094225 -0.00025607170257942164
leaf_weight=47 36 42 61 71 118 29 24 123
leaf_count=47 36 42 61 71 118 29 24 123
internal_value=-7.35139e-05 -0.000309205 6.77114e-05 0.000378881 -0.000105135 -1.18597e-05 6.22875e-05 -0.000159974
internal_weight=551 225 326 156 189 147 95 170
internal_count=551 225 326 156 189 147 95 170
is_linear=0
shrinkage=0.0167612


Tree=407
num_leaves=8
num_cat=0
split_feature=119 11 141 50 194 150 164
split_gain=0.0554609 0.0745954 0.102625 0.0967693 0.075792 0.047721 0.0442618
threshold=382037.71455627715 -0.24999999999999994 1.0000000180025095e-35 2.2714987714987722 0.041241496598639411 1.0000000180025095e-35 1.0000000180025095e-35
decision_type=8 2 10 10 8 8 8
left_child=6 2 4 5 -2 -3 -1
right_child=1 3 -4 -5 -6 -7 -8
leaf_value=0.00011854434199275449 -0.00012471779126278939 -0.00083487964213277064 -0.00044271680710927769 2.6605523678983729e-05 0.00044499976640713422 -0.00026131012748142191 0.00068073297840091332
leaf_weight=27 34 78 43 69 146 128 26
leaf_count=27 34 78 43 69 146 128 26
internal_value=-7.27963e-05 -0.000140059 3.83165e-05 -0.000320949 0.000248541 -0.000510612 0.000289791
internal_weight=551 498 223 275 180 206 53
internal_count=551 498 223 275 180 206 53
is_linear=0
shrinkage=0.0167612


Tree=408
num_leaves=11
num_cat=1
split_feature=0 160 183 13 184 101 117 15 10 2
split_gain=0.0902988 0.110991 0.0584296 0.0473822 0.0402281 0.0468314 0.0337236 0.00590362 0.0249981 0.0003431
threshold=0 49.500000000000007 1.0000000180025095e-35 670718.75000000012 663616.76409500407 125647.57489805466 1.0000000180025095e-35 1.0000000180025095e-35 0.25000000000000011 2023.5000000000002
decision_type=9 10 10 2 10 8 8 2 2 2
left_child=2 4 7 -4 5 -2 -6 8 -1 -9
right_child=1 -3 3 -5 6 -7 -8 9 -10 -11
leaf_value=-5.8113259451315227e-05 0.00086332255365365116 -0.00041143676164019123 0.00042656192432797169 -0.00014002383402567361 0.00021408694033032434 0.0002612354421220503 -0.0002736054938724101 -0.0002751747000598 -0.00042543078177424562 -0.00086066630475587532
leaf_weight=57 43 26 32 30 58 165 29 25 47 30
leaf_count=57 43 26 32 30 58 165 29 25 47 30
internal_value=1.45719e-06 0.00018371 -0.000218508 1.66439e-05 0.000313485 0.000438773 5.54374e-05 -0.000411056 -0.000235339 -0.000633567
internal_weight=542 321 221 62 295 208 87 159 104 55
internal_count=542 321 221 62 295 208 87 159 104 55
cat_boundaries=0 1
cat_threshold=17401123
is_linear=0
shrinkage=0.0167612


Tree=409
num_leaves=10
num_cat=0
split_feature=13 138 5 209 84 146 140 45 10
split_gain=0.080459 0.0873344 0.108787 0.0680579 0.0479627 0.0243428 0.020123 0.0331047 0.00283862
threshold=656555.58531746047 1.0000000180025095e-35 2.5000000000000004 10.500000000000002 24.500000000000004 1.5000000000000002 1.0000000180025095e-35 404649.66666666669 -0.6830127018922193
decision_type=2 10 2 8 10 10 10 10 2
left_child=3 6 -3 4 -1 8 7 -2 -5
right_child=1 2 -4 5 -6 -7 -8 -9 -10
leaf_value=0.0006963141602259013 0.00031803588124312761 -0.0011902714765597258 -0.00025338415140405829 -0.00023510903576596704 0.0001741182115032311 0.00022421808256959568 -0.00027074308581144952 -6.0677780050007872e-05 -1.4600531964303886e-05
leaf_weight=81 65 32 29 30 32 62 32 66 113
leaf_count=81 65 32 29 30 32 62 32 66 113
internal_value=6.08198e-07 -0.000208813 -0.000646531 0.000177573 0.000472225 1.48372e-05 -2.14806e-05 6.58565e-05 -0.000102873
internal_weight=542 224 61 318 113 205 163 131 143
internal_count=542 224 61 318 113 205 163 131 143
is_linear=0
shrinkage=0.0167612


Tree=410
num_leaves=9
num_cat=1
split_feature=49 1 7 163 204 114 157 5
split_gain=0.0637144 0.0481812 0.0715888 0.0392208 0.109872 0.0245926 0.0221816 0.0219959
threshold=874598.96833333338 0 1.0000000180025095e-35 33.500000000000007 43.500000000000007 58503115.11507754 2.4752415458937205 2.5000000000000004
decision_type=8 1 2 8 8 8 10 2
left_child=-1 2 7 6 -5 -4 -3 -2
right_child=1 3 5 4 -6 -7 -8 -9
leaf_value=-0.00047311063404743397 -5.5441648673725669e-05 0.00043576870754865726 0.00095281812141415957 -0.00059293346307418048 2.4347562937443475e-05 0.00027566621086863087 4.3926748985919624e-05 0.00026669516249942413
leaf_weight=33 103 30 38 85 129 25 52 47
leaf_count=33 103 30 38 85 129 25 52 47
internal_value=0 6.26285e-05 0.00024288 -4.51057e-05 -0.000185039 0.00064439 0.000166138 3.18152e-05
internal_weight=542 509 213 296 214 63 82 150
internal_count=542 509 213 296 214 63 82 150
cat_boundaries=0 1
cat_threshold=38
is_linear=0
shrinkage=0.0167612


Tree=411
num_leaves=11
num_cat=0
split_feature=10 45 195 13 151 146 119 170 175 106
split_gain=0.0684605 0.123994 0.198476 0.123441 0.176441 0.0250606 0.0187099 0.0153372 0.014983 0.0140276
threshold=-0.24999999999999994 334811.952991453 27.500000000000004 670718.75000000012 1.0000000180025095e-35 21.500000000000004 1641304.3421296298 1.0000000180025095e-35 487087.70027472539 1.0000000180025095e-35
decision_type=2 10 8 2 10 8 8 8 10 10
left_child=1 2 -1 5 8 6 -2 -7 -5 -3
right_child=3 9 -4 4 -6 7 -8 -9 -10 -11
leaf_value=0.0011686291907337227 5.91553701580292e-05 -0.00028903470497627606 9.5281496149136381e-05 -0.00025401417153571152 -0.0012738105088718412 0.00052759579888943318 -0.0002393507680732766 6.2814143611868449e-05 6.3223306749789385e-06 -5.011426480521608e-05
leaf_weight=54 39 63 85 47 34 25 58 76 36 25
leaf_count=54 39 63 85 47 34 25 58 76 36 25
internal_value=0 0.000219378 0.000528598 -0.000135908 -0.000526761 5.67143e-05 -3.34904e-05 0.000247145 -0.000125327 -0.000117146
internal_weight=542 227 139 315 117 198 97 101 83 88
internal_count=542 227 139 315 117 198 97 101 83 88
is_linear=0
shrinkage=0.0167612


Tree=412
num_leaves=10
num_cat=1
split_feature=0 13 54 194 74 12 101 176 45
split_gain=0.0773816 0.104603 0.098372 0.0990536 0.0747415 0.0835348 0.0305492 0.0301043 0.04501
threshold=0 610120.83333333349 1.0000000180025095e-35 0.028484848484848453 1.0000000180025095e-35 1.0000000180025095e-35 85353.871457071844 3.5000000000000004 1099691.3542424247
decision_type=9 2 8 10 10 2 10 8 8
left_child=4 7 3 -3 5 -1 -4 -2 -9
right_child=1 2 6 -5 -6 -7 -8 8 -10
leaf_value=-0.00021005468473706714 0.00016655682448681188 -0.00061447091384655116 0.00051495131673474004 -1.3310359908608393e-07 -8.6723984183469926e-05 -0.0012032797345608406 0.00012049990806877858 0.0001619995303027326 0.00063472328226462467
leaf_weight=43 25 109 54 57 32 28 24 38 132
leaf_count=43 25 109 54 57 32 28 24 38 132
internal_value=0 0.000109714 -7.22584e-05 -0.000320015 -0.000321042 -0.000660285 0.00027523 0.000389339 0.000491363
internal_weight=542 439 244 166 103 71 78 195 170
internal_count=542 439 244 166 103 71 78 195 170
cat_boundaries=0 1
cat_threshold=623617
is_linear=0
shrinkage=0.0167612


Tree=413
num_leaves=10
num_cat=1
split_feature=83 1 7 55 7 138 45 157 47
split_gain=0.028486 0.0480044 0.0790251 0.101278 0.0476452 0.0469931 0.0244838 0.0112407 0.00636836
threshold=1.0307004445184575 0 1.0000000180025095e-35 1.0000000180025095e-35 1.0000000180025095e-35 1.0000000180025095e-35 861829.61913690495 2.4752415458937205 792703.85160126572
decision_type=8 1 2 10 2 10 8 10 8
left_child=5 4 6 -4 8 7 -3 -1 -2
right_child=1 2 3 -5 -6 -7 -8 -9 -10
leaf_value=0.00012189696883750837 0.00015305459670433583 -0.00020766502079180778 0.00097463057236913417 0.00020964390385390708 -0.00052719911112318878 -0.00059928703929830246 0.00012325153805801603 -0.00014898381000640951 -4.6306564499831475e-05
leaf_weight=42 26 50 54 32 33 26 164 53 62
leaf_count=42 26 50 54 32 33 26 164 53 62
internal_value=0 7.69203e-05 0.00019733 0.000568574 -0.000128027 -0.000182764 1.58502e-05 -3.00461e-05 -2.24283e-05
internal_weight=542 421 300 86 121 121 214 95 88
internal_count=542 421 300 86 121 121 214 95 88
cat_boundaries=0 1
cat_threshold=145
is_linear=0
shrinkage=0.0167612


Tree=414
num_leaves=7
num_cat=0
split_feature=205 194 57 23 56 45
split_gain=0.0720042 0.0460465 0.0263167 0.0236264 0.101333 0.0226981
threshold=15.122670807453419 0.047247023809523808 817930.75827658549 1.0000000180025095e-35 1.0000000180025095e-35 1.0000000180025095e-35
decision_type=8 8 10 10 8 10
left_child=5 2 -2 4 -3 -1
right_child=1 3 -4 -5 -6 -7
leaf_value=0.00069744124531576643 -0.00068788522018823012 -0.00061450169855215855 -0.00011891487968059811 0.00031888449672833708 4.1678414849989521e-05 0.00011016256234867147
leaf_weight=36 33 39 41 24 322 47
leaf_count=36 33 39 41 24 322 47
internal_value=0 -6.62854e-05 -0.000379769 -3.06896e-06 -3.01057e-05 0.000387182
internal_weight=542 459 74 385 361 83
internal_count=542 459 74 385 361 83
is_linear=0
shrinkage=0.0167612


Tree=415
num_leaves=5
num_cat=0
split_feature=57 133 116 202
split_gain=0.0536055 0.0367013 0.0551028 0.0199065
threshold=334321.41865400824 1014286.2584033615 1.0000000180025095e-35 1.0000000180025095e-35
decision_type=8 10 10 10
left_child=-1 2 3 -2
right_child=1 -3 -4 -5
leaf_value=0.00041171862278690412 4.2759261668843272e-06 -0.00037282891196991659 -0.00043136965249685128 0.00020473075824810878
leaf_weight=47 261 46 36 152
leaf_count=47 261 46 36 152
internal_value=0 -3.76394e-05 -1.5042e-06 6.39861e-05
internal_weight=542 495 449 413
internal_count=542 495 449 413
is_linear=0
shrinkage=0.0167612


Tree=416
num_leaves=10
num_cat=0
split_feature=15 13 65 38 83 114 177 195 128
split_gain=0.0443341 0.154425 0.111296 0.0603894 0.0646085 0.0174273 0.0172664 0.016015 0.00343206
threshold=1.0000000180025095e-35 593024.46853741503 1.0000000180025095e-35 2.0844827586206902 1.0407107320057893 58197589.6743562 5.0000000000000009 31.500000000000004 1.0000000180025095e-35
decision_type=2 2 10 10 10 10 8 10 8
left_child=3 8 -3 6 7 -6 -1 -5 -2
right_child=1 2 -4 4 5 -7 -8 -9 -10
leaf_value=-0.00056917039510134338 0.00027002174987557701 0.00012479790489487518 -0.00073112094890985968 -0.00036938691928225945 0.00017389309446048465 0.00069970512397285673 -0.00013424729242060419 -3.8950332005063373e-05 0.00075083433273929307
leaf_weight=43 46 25 42 31 82 26 119 47 79
leaf_count=43 46 25 42 31 82 26 119 47 79
internal_value=2.9472e-05 0.000226184 -0.000210739 -5.96726e-05 9.36683e-05 0.00036138 -0.000291065 -0.000136896 0.000573278
internal_weight=540 192 67 348 186 108 162 78 125
internal_count=540 192 67 348 186 108 162 78 125
is_linear=0
shrinkage=0.0167612


Tree=417
num_leaves=6
num_cat=0
split_feature=13 203 12 56 93
split_gain=0.0596616 0.0925378 0.0431001 0.0872004 0.013781
threshold=1254329.2022058826 2.6877551020408168 1.0000000180025095e-35 1.0000000180025095e-35 6.5000000000000009
decision_type=2 8 2 8 10
left_child=1 -1 4 -4 -3
right_child=-2 2 3 -5 -6
leaf_value=-0.0004909650576521167 -0.00039968289018338626 -6.3028418891139922e-05 3.7117986596553278e-05 0.00059965255729708196 0.00012701060985037164
leaf_weight=26 39 132 48 126 169
leaf_count=26 39 132 48 126 169
internal_value=2.87621e-05 9.31818e-05 0.00016625 0.000363322 2.4339e-05
internal_weight=540 501 475 174 301
internal_count=540 501 475 174 301
is_linear=0
shrinkage=0.0167612


Tree=418
num_leaves=11
num_cat=0
split_feature=13 201 187 137 111 103 15 50 73 118
split_gain=0.149918 0.0684539 0.0751806 0.0599343 0.0789048 0.0244914 0.0213101 0.0133278 0.00323585 0.000826252
threshold=674353.63636363647 1.0000000180025095e-35 385353.28727324272 1.0000000180025095e-35 900.00000000000011 116011.90264550272 1.0000000180025095e-35 3.9269841269841277 1090171.2385487531 1.0000000180025095e-35
decision_type=2 10 8 8 8 10 2 8 8 10
left_child=3 5 -3 8 9 7 -6 -2 -1 -5
right_child=1 2 -4 4 6 -7 -8 -9 -10 -11
leaf_value=-0.00014137828984890969 -5.0177258902440967e-05 -0.00030234092760295117 -0.0011349166440800121 0.00044239335215673511 1.575228895841251e-05 0.00017579414863338889 0.0002940065069675204 -0.00030044023163747772 -5.7589185566396158e-06 0.00096669121518940275
leaf_weight=38 48 24 34 64 96 24 54 82 29 47
leaf_count=38 48 24 34 64 96 24 54 82 29 47
internal_value=2.68337e-05 -0.000275949 -0.000690568 0.00025357 0.000382223 -7.3857e-05 0.000104654 -0.00017904 -1.46944e-05 0.000694255
internal_weight=540 212 58 328 261 154 150 130 67 111
internal_count=540 212 58 328 261 154 150 130 67 111
is_linear=0
shrinkage=0.0167612


Tree=419
num_leaves=9
num_cat=0
split_feature=203 13 151 139 158 104 12 205
split_gain=0.0737271 0.171668 0.0961631 0.0491635 0.0387815 0.0653663 0.0406774 0.00878304
threshold=3.2777777777777781 674353.63636363647 1.0000000180025095e-35 1.0000000180025095e-35 1.0000000180025095e-35 630.00000000000011 1.0000000180025095e-35 13.615288220551381
decision_type=8 2 10 10 10 10 2 10
left_child=-1 4 7 -4 6 -6 -2 -3
right_child=1 2 3 -5 5 -7 -8 -9
leaf_value=-0.00049497860821260482 1.036645933698676e-05 7.703830759914989e-05 -0.00027676476099528847 -0.0011758839196728103 0.00024168672277252615 0.00075185871286001819 0.00040044306937758658 -0.00012539742760319088
leaf_weight=29 105 72 29 27 25 111 61 81
leaf_count=29 105 72 29 27 25 111 61 81
internal_value=2.63083e-05 8.97848e-05 -0.000225936 -0.000706189 0.000344955 0.000564961 0.00013908 -2.45959e-05
internal_weight=540 511 209 56 302 136 166 153
internal_count=540 511 209 56 302 136 166 153
is_linear=0
shrinkage=0.0167612


Tree=420
num_leaves=9
num_cat=0
split_feature=83 13 112 137 155 216 12 213
split_gain=0.057471 0.229943 0.211012 0.064842 0.0536376 0.0199666 0.0165061 0.00174911
threshold=1.0307004445184575 452451.62037037039 26.000000000000004 1.0000000180025095e-35 1.0000000180025095e-35 1.0000000180025095e-35 1.0000000180025095e-35 281.50000000000006
decision_type=8 2 8 10 10 8 2 8
left_child=4 3 -3 6 7 -4 -2 -1
right_child=1 2 5 -5 -6 -7 -8 -9
leaf_value=7.0498262945385194e-05 7.6114414154187531e-05 -0.0010560548749193085 0.00017800290081908845 0.0010584656499463051 -0.00053700850134682186 -0.00010069358726963243 0.00051236457806669311 -2.7462027701714894e-05
leaf_weight=29 76 28 84 45 65 133 56 24
leaf_count=29 76 28 84 45 65 133 56 24
internal_value=2.45616e-05 0.000126681 -0.000154002 0.000559393 -0.000240592 -1.22125e-05 0.000343969 -6.27252e-05
internal_weight=540 422 245 177 118 217 132 53
internal_count=540 422 245 177 118 217 132 53
is_linear=0
shrinkage=0.0167612


Tree=421
num_leaves=7
num_cat=0
split_feature=13 87 118 153 13 83
split_gain=0.0723051 0.113416 0.0363985 0.0853106 0.20327 0.0389123
threshold=312860.52166296082 1380.0000000000002 1.0000000180025095e-35 454646.49964080466 457860.51196581201 1.2553146863942597
decision_type=2 10 10 10 2 8
left_child=1 -1 3 4 -2 -4
right_child=2 -3 5 -5 -6 -7
leaf_value=0.00082245708167147705 0.00011404359256286295 6.6874964420380955e-05 2.9573264577302761e-05 0.00030067785917546093 -0.00065291614705099304 0.00042877730270932861
leaf_weight=58 123 36 69 42 159 53
leaf_count=58 123 36 69 42 159 53
internal_value=2.39228e-05 0.000389307 -4.58442e-05 -0.00015099 -0.000277823 0.000138749
internal_weight=540 94 446 324 282 122
internal_count=540 94 446 324 282 122
is_linear=0
shrinkage=0.0167612


Tree=422
num_leaves=9
num_cat=1
split_feature=119 1 106 12 11 45 184 151
split_gain=0.0630578 0.0701604 0.0460851 0.0222299 0.0148659 0.0148441 0.0125627 0.0297164
threshold=1079100.7241568628 0 1.0000000180025095e-35 1.0000000180025095e-35 -0.68301270189221952 1090171.2385487531 459129.66917975777 1.0000000180025095e-35
decision_type=10 1 8 2 2 10 10 10
left_child=1 6 4 -4 -3 -2 -1 -8
right_child=5 2 3 -5 -6 -7 7 -9
leaf_value=0.00053115259898655286 -0.00013922447077778865 -0.00012431044993922502 -1.3607242127498334e-07 0.00026741414976479811 -0.00045966375735303193 -0.00067576041098281773 0.00035217263865939039 2.5121003495462849e-05
leaf_weight=79 31 28 109 72 71 24 67 59
leaf_count=79 31 28 109 72 71 24 67 59
internal_value=2.39937e-05 9.90484e-05 -3.87801e-05 6.22322e-05 -0.000310538 -0.000370141 0.000315657 0.000160778
internal_weight=540 485 280 181 99 55 205 126
internal_count=540 485 280 181 99 55 205 126
cat_boundaries=0 1
cat_threshold=44
is_linear=0
shrinkage=0.0167612


Tree=423
num_leaves=9
num_cat=0
split_feature=13 13 73 76 15 124 201 137
split_gain=0.0901454 0.152939 0.167623 0.210339 0.054856 0.0268685 0.0210208 0.00812303
threshold=1001400.8989583334 468254.25315579714 739809.75696536805 1.0000000180025095e-35 1.0000000180025095e-35 115.50000000000001 1.0000000180025095e-35 1.0000000180025095e-35
decision_type=2 2 10 8 2 8 8 8
left_child=1 4 3 -3 6 -2 -1 -6
right_child=5 2 -4 -5 7 -7 -8 -9
leaf_value=3.1189733391303676e-05 -0.00074770286985697035 -0.0012605678793450052 0.00040183459230083344 -0.00011623896197916231 0.0002831181179137589 -0.00011866690950785756 0.00028562384719552834 0.00087461739109598172
leaf_weight=50 31 34 59 138 28 44 80 76
leaf_count=50 31 34 59 138 28 44 80 76
internal_value=2.30741e-05 0.000122752 -0.000131957 -0.000420333 0.000416463 -0.000398024 0.000157779 0.000703308
internal_weight=540 465 231 172 234 75 130 104
internal_count=540 465 231 172 234 75 130 104
is_linear=0
shrinkage=0.0167612


Tree=424
num_leaves=10
num_cat=0
split_feature=182 15 75 4 225 32 139 146 51
split_gain=0.116268 0.0630066 0.156132 0.0767777 0.0375825 0.0568712 0.0469655 0.0176557 0.00908049
threshold=110.50000000000001 1.0000000180025095e-35 340997.72727272735 152.50000000000003 12.500000000000002 1.0000000180025095e-35 0.98387096774193561 9.5000000000000018 275000.00000000006
decision_type=10 2 8 2 10 8 10 10 10
left_child=1 2 8 -4 5 -3 -6 -2 -1
right_child=7 4 3 -5 6 -7 -8 -9 -10
leaf_value=0.00037413947406733921 0.000111137209735361 0.00054825931731219122 -0.00080236336977976177 -0.00021309936905405697 -8.3179950576133958e-05 4.6445901531086939e-05 -0.00059260616143679598 0.00052875342301918031 4.3799799410490602e-05
leaf_weight=27 41 53 137 35 28 65 26 82 37
leaf_count=27 41 53 137 35 28 65 26 82 37
internal_value=-2.22025e-05 -0.000167965 -0.000343482 -0.00061215 6.25106e-06 0.00020797 -0.00020779 0.00035493 0.000130506
internal_weight=531 408 236 172 172 118 54 123 64
internal_count=531 408 236 172 172 118 54 123 64
is_linear=0
shrinkage=0.0167612


Tree=425
num_leaves=7
num_cat=0
split_feature=37 13 194 110 180 21
split_gain=0.0858043 0.174936 0.074258 0.0529274 0.0278059 0.00983803
threshold=1.0000000180025095e-35 496258.12121212127 0.06749241658240647 24.500000000000004 1.0000000180025095e-35 1.3140991811626164
decision_type=8 2 10 10 10 8
left_child=1 3 4 -1 -3 -4
right_child=-2 2 5 -5 -6 -7
leaf_value=0.00084107901077274262 -0.00031460703934850596 -0.00011603877222919262 0.00043059938546831882 0.00014267321463278082 -0.00043485571512799089 8.9364684333043866e-05
leaf_weight=79 169 33 29 53 142 26
leaf_count=79 169 33 29 53 142 26
internal_value=-2.08324e-05 0.000101005 -0.000125025 0.000547245 -0.000320917 0.000213678
internal_weight=531 362 230 132 175 55
internal_count=531 362 230 132 175 55
is_linear=0
shrinkage=0.0167612


Tree=426
num_leaves=7
num_cat=0
split_feature=182 13 37 12 13 114
split_gain=0.0980118 0.118349 0.0689536 0.0951568 0.0407634 0.0264437
threshold=99.500000000000014 903155.30219780235 1.0000000180025095e-35 1.0000000180025095e-35 407216.3798844539 56559814.956775039
decision_type=10 2 8 2 2 10
left_child=1 2 4 -4 -1 -2
right_child=5 -3 3 -5 -6 -7
leaf_value=0.00045702517608323952 8.0040695617501019e-05 -0.00073240115351269305 -0.00058391690857204819 3.2741842027056726e-05 1.9334579730497482e-05 0.00049218074503567025
leaf_weight=55 52 54 100 57 127 86
leaf_count=55 52 54 100 57 127 86
internal_value=-1.98877e-05 -0.000163951 -3.14595e-05 -0.0002753 0.000150711 0.000302726
internal_weight=531 393 339 157 182 138
internal_count=531 393 339 157 182 138
is_linear=0
shrinkage=0.0167612


Tree=427
num_leaves=8
num_cat=1
split_feature=0 97 124 13 12 106 126
split_gain=0.116124 0.151698 0.0710794 0.0923956 0.104332 0.0572195 0.0122534
threshold=0 0.064866760168302909 98.500000000000014 433391.55702811241 1.0000000180025095e-35 1.0000000180025095e-35 0.067432929989846693
decision_type=9 8 8 2 2 8 8
left_child=1 -1 6 4 -4 -5 -2
right_child=2 -3 3 5 -6 -7 -8
leaf_value=-4.9436459785570713e-05 -0.00044615215239304377 -0.00092378339515016277 0.00011758553033321021 0.00021716246105082628 0.00097223836413082743 -0.00025486111100011036 -7.3084759944714952e-05
leaf_weight=37 41 69 66 122 60 94 42
leaf_count=37 41 69 66 122 60 94 42
internal_value=-1.91934e-05 -0.000433731 8.69299e-05 0.000210668 0.000532803 1.67774e-05 -0.000237315
internal_weight=531 106 425 342 126 216 83
internal_count=531 106 425 342 126 216 83
cat_boundaries=0 1
cat_threshold=557601
is_linear=0
shrinkage=0.0167612


Tree=428
num_leaves=8
num_cat=1
split_feature=0 118 114 187 12 45 124
split_gain=0.116596 0.0728004 0.0718694 0.0489776 0.0756516 0.0489079 0.0123038
threshold=0 1.0000000180025095e-35 57757777.004196882 645015.36161616177 1.0000000180025095e-35 1470886.7151958251 232.50000000000003
decision_type=9 8 10 8 2 8 10
left_child=6 2 5 -3 -5 -2 -1
right_child=1 3 -4 4 -6 -7 -8
leaf_value=0.00057876538485133555 -0.00036413297333351435 -0.00010527993635309369 0.00047378960037438266 -0.00077549486692607493 -0.00010631986603203986 7.2929778304454799e-05 0.00014421813933298831
leaf_weight=73 82 46 46 100 70 84 30
leaf_count=73 82 46 46 100 70 84 30
internal_value=-1.86158e-05 -0.000152125 8.19718e-06 -0.000364388 -0.00050451 -9.12586e-05 0.000375701
internal_weight=531 428 212 216 170 166 103
internal_count=531 428 212 216 170 166 103
cat_boundaries=0 1
cat_threshold=2228484
is_linear=0
shrinkage=0.0167612


Tree=429
num_leaves=9
num_cat=0
split_feature=124 84 41 178 38 12 114 192
split_gain=0.0986858 0.0548404 0.0659113 0.0612716 0.0569009 0.0443664 0.0224012 0.0199438
threshold=97.500000000000014 13.500000000000002 1.0000000180025095e-35 30.500000000000004 3.8367269984917045 1.0000000180025095e-35 56919997.112321027 1.0000000180025095e-35
decision_type=10 8 10 10 8 2 10 10
left_child=1 2 4 5 -1 -3 -2 -4
right_child=6 3 7 -5 -6 -7 -8 -9
leaf_value=0.00012584397417385749 7.0329344672741747e-05 -0.00062755930141061486 -9.0905863197162198e-05 -2.1968608518322392e-05 0.00078572249949530166 -9.9712614478775775e-05 0.00052506083306461983 -0.00046984342139944497
leaf_weight=38 64 131 24 58 33 86 71 26
leaf_count=38 64 131 24 58 33 86 71 26
internal_value=-1.71892e-05 -0.000159999 4.64476e-05 -0.000297099 0.000381699 -0.000434651 0.00031115 -0.000207635
internal_weight=531 396 121 275 71 217 135 50
internal_count=531 396 121 275 71 217 135 50
is_linear=0
shrinkage=0.0167612


Tree=430
num_leaves=8
num_cat=1
split_feature=0 182 55 67 146 98 123
split_gain=0.11152 0.109883 0.0551787 0.0560738 0.0302702 0.0277827 0.00801988
threshold=0 110.50000000000001 1.0000000180025095e-35 0.12158167036215817 9.5000000000000018 0.85473866883412464 29.500000000000004
decision_type=9 10 8 8 10 10 8
left_child=6 2 5 -4 -3 -2 -1
right_child=1 4 3 -5 -6 -7 -8
leaf_value=0.00014782970921975978 0.00018446407657528093 0.00010280336584205055 -9.7009849600391347e-05 -0.00056541033067547162 0.00050388889137035857 -0.00026656919544664994 0.00055315022827950833
leaf_weight=28 64 28 63 191 56 26 75
leaf_count=28 64 28 63 191 56 26 75
internal_value=-1.6117e-05 -0.000147134 -0.000296621 -0.000424 0.000256811 -5.10072e-05 0.000369291
internal_weight=531 428 344 254 84 90 103
internal_count=531 428 344 254 84 90 103
cat_boundaries=0 1
cat_threshold=2228484
is_linear=0
shrinkage=0.0167612


Tree=431
num_leaves=7
num_cat=0
split_feature=37 15 119 123 208 160
split_gain=0.0711207 0.0938559 0.0749326 0.0346516 0.0413483 0.0175247
threshold=1.0000000180025095e-35 1.0000000180025095e-35 416989.22675736964 28.500000000000004 27.500000000000004 17.500000000000004
decision_type=8 2 8 10 10 10
left_child=2 -2 -1 5 -5 -4
right_child=1 -3 3 4 -6 -7
leaf_value=0.00055211625087544321 -0.00057560815027663523 2.170267885356196e-05 0.00020239964600543008 -0.00056991941265662426 -6.6858677836077011e-05 -3.86082664043566e-06
leaf_weight=50 110 59 168 37 48 59
leaf_count=50 110 59 168 37 48 59
internal_value=-1.50909e-05 -0.000283975 9.44746e-05 5.33968e-06 -0.000238561 0.000101842
internal_weight=531 169 362 312 85 227
internal_count=531 169 362 312 85 227
is_linear=0
shrinkage=0.0167612


Tree=432
num_leaves=10
num_cat=0
split_feature=13 111 113 113 130 75 5 151 121
split_gain=0.156679 0.0619538 0.082177 0.0599207 0.0898116 0.0427869 0.0385512 0.0238899 0.0146622
threshold=473941.14251127053 900.00000000000011 41.500000000000007 30.500000000000004 1.0000000180025095e-35 511977.15695488726 2.5000000000000004 1.0000000180025095e-35 116.07848305
decision_type=2 10 8 8 10 10 2 8 8
left_child=1 2 -1 4 -2 -6 7 -5 -4
right_child=3 -3 8 6 5 -7 -8 -9 -10
leaf_value=0.001003491841788574 -0.0009186968566062615 0.00010183426998215289 0.00010299408895548414 -5.2523028841324076e-05 -5.8780611195748192e-06 -0.00044363370229228804 0.00028703494515845896 -0.00036176422894030296 0.00032025240610848656
leaf_weight=57 34 52 29 27 96 42 78 43 95
leaf_count=57 34 52 29 27 96 42 78 43 95
internal_value=6.84029e-05 0.000385153 0.000545891 -0.000141129 -0.000352248 -0.000131021 2.43607e-05 -0.000128397 0.000262798
internal_weight=553 233 181 320 172 138 148 70 124
internal_count=553 233 181 320 172 138 148 70 124
is_linear=0
shrinkage=0.0167612


Tree=433
num_leaves=9
num_cat=0
split_feature=13 110 87 7 23 53 61 45
split_gain=0.0633088 0.0917622 0.0808088 0.0585882 0.042798 0.0379012 0.0318209 0.0139697
threshold=315221.905994898 2.5000000000000004 1380.0000000000002 1.0000000180025095e-35 1.0000000180025095e-35 200065.37947594482 4.5000000000000009 327172.15553674061
decision_type=2 10 10 2 8 8 8 10
left_child=2 3 -1 4 -2 7 -5 -3
right_child=1 5 -4 6 -6 -7 -8 -9
leaf_value=0.00077410814186410371 0.00013748804877969804 3.4431931764896152e-05 0.00011767509862032743 0.00075482765531801862 -0.0002458030503371181 -0.00071845802959372097 0.00012276518895546845 -0.00026263673448170518
leaf_weight=55 158 26 44 37 100 47 56 30
leaf_count=55 158 26 44 37 100 47 56 30
internal_value=6.68605e-05 2.64372e-06 0.000394698 0.00010639 7.1867e-06 -0.000390018 0.000415608 -9.75981e-05
internal_weight=553 454 99 351 258 103 93 56
internal_count=553 454 99 351 258 103 93 56
is_linear=0
shrinkage=0.0167612


Tree=434
num_leaves=11
num_cat=1
split_feature=0 13 199 44 146 99 9 177 7 10
split_gain=0.107373 0.0373498 0.0868416 0.0608357 0.0307556 0.0218161 0.02106 0.0203654 0.0165959 0.00354615
threshold=0 610120.83333333349 -8.3580425999999992 1.0000000180025095e-35 11.500000000000002 -0.20941068313639322 1.0000000180025095e-35 5.0000000000000009 1.0000000180025095e-35 -1.0000000180025095e-35
decision_type=9 2 10 8 10 8 2 8 2 2
left_child=5 2 7 4 -3 9 8 -2 -7 -1
right_child=1 3 -4 -5 -6 6 -8 -9 -10 -11
leaf_value=0.00010912074569755046 -4.3159108207256391e-06 -0.00037316505680185126 0.0009413128549711177 0.00039065753267392622 -2.2347767776394275e-05 -0.00048816451220247566 -0.00011082164989671175 0.00028237754948373352 -0.00016395427581949472 -3.4211238136835373e-05
leaf_weight=29 34 49 47 74 66 107 31 63 26 27
leaf_count=29 34 49 47 74 66 107 31 63 26 27
internal_value=6.568e-05 0.000252828 0.000462325 7.60675e-05 -0.000101262 -0.000176167 -0.00029463 0.000148456 -0.000392027 -4.4084e-05
internal_weight=553 333 144 189 115 220 164 97 133 56
internal_count=553 333 144 189 115 220 164 97 133 56
cat_boundaries=0 1
cat_threshold=18424995
is_linear=0
shrinkage=0.0167612


Tree=435
num_leaves=10
num_cat=0
split_feature=99 119 9 164 64 19 209 80 141
split_gain=0.038641 0.0902443 0.0305278 0.0598948 0.0284871 0.0151485 0.00935437 0.00111878 0.000361014
threshold=-0.60539566764473829 1149674.145346422 1.0000000180025095e-35 1.0000000180025095e-35 472965.54190476198 1.0000000180025095e-35 24.000000000000004 5.5000000000000009 1.0000000180025095e-35
decision_type=10 8 2 8 10 8 10 8 10
left_child=2 4 3 -1 8 -5 -3 -4 -2
right_child=1 6 7 5 -6 -7 -8 -9 -10
leaf_value=-9.7762541995245292e-05 -2.3309386608849962e-06 -0.00092963542723215888 -9.1335317290997823e-06 0.00014496380807601961 0.00034641538347713599 0.00039317926668614665 -0.00024905110363944899 -9.7482496810698049e-05 -4.7224548599550655e-05
leaf_weight=42 48 24 25 26 40 250 25 41 32
leaf_count=42 48 24 25 26 40 250 25 41 32
internal_value=6.52756e-05 -9.96523e-05 0.000163895 0.000241978 5.05057e-05 0.00034662 -0.000582175 -2.13503e-05 -8.31712e-06
internal_weight=553 169 384 318 120 276 49 66 80
internal_count=553 169 384 318 120 276 49 66 80
is_linear=0
shrinkage=0.0167612


Tree=436
num_leaves=9
num_cat=0
split_feature=110 126 114 10 120 203 55 9
split_gain=0.0826138 0.0739173 0.0272195 0.0672182 0.0510956 0.0225884 0.0210746 0.0283912
threshold=2.5000000000000004 -0.21945956478180759 56973490.34883941 -1.0000000180025095e-35 1.0000000180025095e-35 26.391343283582092 1.0000000180025095e-35 1.0000000180025095e-35
decision_type=10 10 8 2 10 10 8 2
left_child=2 -2 3 -1 -5 -3 -4 -8
right_child=1 5 6 4 -6 -7 7 -9
leaf_value=0.00032582534057091171 -0.00060389186361186253 0.00022365913169847292 0.00059292923125540281 -0.00073575820782189466 -0.00013613966886284368 -0.00017300289664145337 0.00026074220933581594 -1.0352542114407159e-05
leaf_weight=44 61 45 40 28 27 34 225 49
leaf_count=44 61 45 40 28 27 34 225 49
internal_value=6.29288e-05 -0.000226633 0.000189661 3.01203e-05 -0.000332804 -4.33603e-05 0.000268921 0.000179077
internal_weight=553 140 413 99 55 79 314 274
internal_count=553 140 413 99 55 79 314 274
is_linear=0
shrinkage=0.0167612


Tree=437
num_leaves=9
num_cat=0
split_feature=119 68 133 214 38 202 28 196
split_gain=0.0458227 0.059285 0.0565132 0.0506637 0.0537849 0.0313738 0.0176777 0.0106013
threshold=405483.01190476195 1.0000000180025095e-35 289388.25925925933 2.3400000000000003 2.3373983739837398 1.0000000180025095e-35 1.0000000180025095e-35 26.12380952380953
decision_type=8 8 10 10 10 10 10 8
left_child=-1 3 6 5 -5 -2 -3 -4
right_child=1 2 7 4 -6 -7 -8 -9
leaf_value=0.00041539470220588825 0.00038603753603425511 0.00017642954390715749 -3.8776983246678449e-05 -0.00063748172472207192 -6.8640229647287765e-05 -3.6548387387912618e-05 0.00059334978085601089 -0.0002933354023123123
leaf_weight=55 32 170 33 77 79 24 46 37
leaf_count=55 32 170 33 77 79 24 46 37
internal_value=6.17383e-05 2.23329e-06 0.000156948 -0.000186636 -0.000358764 5.14338e-05 0.000306424 -0.000107242
internal_weight=553 498 286 212 156 56 216 70
internal_count=553 498 286 212 156 56 216 70
is_linear=0
shrinkage=0.0167612


Tree=438
num_leaves=8
num_cat=0
split_feature=13 10 151 9 197 110 222
split_gain=0.0716519 0.0647416 0.0556873 0.0462326 0.0400211 0.0278285 0.00538914
threshold=919756.52302631584 1.0000000180025095e-35 1.0000000180025095e-35 1.0000000180025095e-35 1.0000000180025095e-35 2.5000000000000004 1.0000000180025095e-35
decision_type=2 2 10 2 8 8 10
left_child=1 3 -3 4 -1 -2 -4
right_child=5 2 6 -5 -6 -7 -8
leaf_value=0.00074495032754863402 -6.6504372352242774e-05 0.00021906398681280389 -0.00030139366886358957 0.00011440431004717444 0.00017127447832830894 -0.00053942085138223401 -8.6905492234923309e-05
leaf_weight=87 55 114 104 41 79 44 29
leaf_count=87 55 114 104 41 79 44 29
internal_value=6.09815e-05 0.000159979 1.1254e-05 0.000365364 0.000500086 -0.000262204 -0.000221747
internal_weight=553 454 247 207 166 99 133
internal_count=553 454 247 207 166 99 133
is_linear=0
shrinkage=0.0167612


Tree=439
num_leaves=8
num_cat=0
split_feature=164 119 20 9 7 153 7
split_gain=0.0331465 0.0732548 0.0532502 0.0330646 0.155698 0.023468 0.00279317
threshold=1.0000000180025095e-35 1079100.7241568628 27.500000000000004 1.0000000180025095e-35 1.0000000180025095e-35 1226223.4003968255 1.0000000180025095e-35
decision_type=8 10 10 2 2 8 2
left_child=2 3 -1 4 -2 -3 -5
right_child=1 5 -4 6 -6 -7 -8
leaf_value=-0.00058052526001001181 0.0001071141354743498 -0.00010332715247781184 -5.895229579736234e-05 1.0492893124874003e-05 0.00092604903154680669 -0.00060982220373555468 -9.3182116740977145e-05
leaf_weight=33 300 32 33 33 55 24 43
leaf_count=33 300 32 33 33 55 24 43
internal_value=5.95646e-05 0.000118672 -0.000189947 0.000206864 0.000279775 -0.000280233 2.90191e-05
internal_weight=553 487 66 431 355 56 76
internal_count=553 487 66 431 355 56 76
is_linear=0
shrinkage=0.0167612


Tree=440
num_leaves=11
num_cat=1
split_feature=6 110 13 45 205 1 101 207 83 139
split_gain=0.0737971 0.104747 0.12438 0.0918324 0.0657317 0.126505 0.100706 0.0279149 0.022991 0.0150277
threshold=1.0000000180025095e-35 16.500000000000004 366218.75088881719 1420371.2906378603 7.1872852233676978 0 162749.49652117476 83355.858439191608 1.0977808639175879 0.80322580645161301
decision_type=2 10 2 8 10 1 8 10 10 8
left_child=1 2 -1 -4 5 6 -2 -6 -9 -7
right_child=4 -3 3 -5 7 9 -8 8 -10 -11
leaf_value=0.00054015220642098221 0.00033458242363391141 -0.00093244145965604207 -0.00014334904197313604 -0.00083333678622016108 -0.00036915267483177301 0.00020201155968441894 -0.00042689177845122762 -0.00016774892402653341 0.00024236150374189292 0.00070358914912379482
leaf_weight=26 36 32 29 41 70 31 83 40 34 112
leaf_count=26 36 32 29 41 70 31 83 40 34 112
internal_value=-1.80545e-05 -0.000337272 -5.49636e-05 -0.000387491 7.1588e-05 0.000237622 -6.18255e-05 -0.000150742 -3.03963e-05 0.000537066
internal_weight=534 128 96 70 406 262 119 144 74 143
internal_count=534 128 96 70 406 262 119 144 74 143
cat_boundaries=0 1
cat_threshold=19
is_linear=0
shrinkage=0.0167612


Tree=441
num_leaves=9
num_cat=1
split_feature=13 1 163 116 19 18 70 73
split_gain=0.0232174 0.0582262 0.0657778 0.0547406 0.0447181 0.0215384 0.0125946 0.000864835
threshold=259036.4666666667 0 79.500000000000014 1.0000000180025095e-35 1.0000000180025095e-35 1.0000000180025095e-35 397622.06101190485 350297.35862248793
decision_type=2 1 8 8 10 8 10 10
left_child=4 2 6 7 -1 -4 -2 -3
right_child=1 3 5 -5 -6 -7 -8 -9
leaf_value=0.00052686095317547223 -2.2764842180613084e-05 2.3504652464974177e-05 0.00013052103860824391 -0.00047785020437568374 5.8152434801791354e-05 0.00061992475301947023 -0.00021675753625534098 -5.3464651889033505e-05
leaf_weight=36 46 70 38 129 40 55 80 40
leaf_count=36 46 70 38 129 40 55 80 40
internal_value=-1.75287e-05 -7.56579e-05 7.89766e-05 -0.000249843 0.000182606 0.000395885 -7.87922e-05 -3.62863e-05
internal_weight=534 458 219 239 76 93 126 110
internal_count=534 458 219 239 76 93 126 110
cat_boundaries=0 1
cat_threshold=12
is_linear=0
shrinkage=0.0167612


Tree=442
num_leaves=7
num_cat=0
split_feature=160 61 151 119 110 31
split_gain=0.0761669 0.0894763 0.0521993 0.0595928 0.0910375 0.00662918
threshold=32.500000000000007 5.5000000000000009 1.0000000180025095e-35 405483.01190476195 15.500000000000002 1.5000000000000002
decision_type=10 10 8 8 10 10
left_child=2 -2 5 -4 -5 -1
right_child=1 -3 3 4 -6 -7
leaf_value=0.00057417848990127249 -0.00090801756895408838 -0.00018426256355175477 0.00036751031595975005 -7.1520137280187331e-06 -0.00067993034482321851 0.00012098952502288738
leaf_weight=40 39 27 47 296 36 49
leaf_count=40 39 27 47 296 36 49
internal_value=-1.68955e-05 -0.000450445 4.05599e-05 -1.96954e-05 -0.000120418 0.000354351
internal_weight=534 66 468 379 332 89
internal_count=534 66 468 379 332 89
is_linear=0
shrinkage=0.0167612


Tree=443
num_leaves=9
num_cat=0
split_feature=11 152 78 17 110 164 133 31
split_gain=0.0732616 0.0806201 0.043444 0.0811323 0.0292167 0.0219939 0.0260746 0.000856828
threshold=0.25000000000000017 1.0000000180025095e-35 19.500000000000004 1134512.5269868083 18.500000000000004 1.0000000180025095e-35 605930.61559139797 3.5000000000000004
decision_type=2 8 10 8 10 8 10 8
left_child=2 4 5 -4 -2 -1 -7 -3
right_child=1 7 3 -5 -6 6 -8 -9
leaf_value=-0.00029161758008019409 -0.00031022807235944825 -2.8810928112150729e-05 0.00011173354596018102 0.00079937886499994169 -0.00098103774426208158 0.00018692849054244566 -0.00013543237983216605 3.7069902898941079e-05
leaf_weight=24 70 31 46 45 29 157 45 87
leaf_count=24 70 31 46 45 29 157 45 87
internal_value=-1.62422e-05 -0.000248096 0.000120458 0.000386725 -0.00056555 9.2011e-06 6.05628e-05 -3.39238e-05
internal_weight=534 217 317 91 99 226 202 118
internal_count=534 217 317 91 99 226 202 118
is_linear=0
shrinkage=0.0167612


Tree=444
num_leaves=7
num_cat=0
split_feature=205 116 152 205 194 74
split_gain=0.10879 0.0691321 0.0541266 0.0411456 0.0477459 0.0301291
threshold=10.41666666666667 1.0000000180025095e-35 1.0000000180025095e-35 5.6792929292929299 0.073181615350290011 1.0000000180025095e-35
decision_type=8 10 10 10 10 8
left_child=2 3 -1 5 -5 -2
right_child=1 -3 -4 4 -6 -7
leaf_value=0.00019565515067628193 0.00033896732644008354 -0.00065493821918876651 0.00094736998456049876 -0.00043544926351525679 -4.283507315166118e-05 3.8197022188123565e-06
leaf_weight=29 50 28 29 116 51 231
leaf_count=29 50 28 29 116 51 231
internal_value=-1.65414e-05 -0.000114211 0.000499231 -4.52465e-05 -0.000240843 5.10281e-05
internal_weight=534 476 58 448 167 281
internal_count=534 476 58 448 167 281
is_linear=0
shrinkage=0.0167612


Tree=445
num_leaves=11
num_cat=0
split_feature=6 101 31 45 199 159 139 180 93 194
split_gain=0.0691279 0.0903038 0.20484 0.0748798 0.141353 0.0382238 0.0270207 0.0205179 0.0139163 0.00204915
threshold=1.0000000180025095e-35 210074.75487621289 1.5000000000000002 168681.62500000003 -8.3580425999999992 1.5000000000000002 0.98387096774193561 5.5000000000000009 39.500000000000007 0.060661764705882353
decision_type=2 8 8 10 10 10 10 10 10 8
left_child=1 8 -3 4 7 9 -6 -2 -1 -5
right_child=3 2 -4 5 6 -7 -8 -9 -10 -11
leaf_value=0.00023146622525154956 4.8332306442034648e-05 -0.0015173245755809137 -0.00017829161063202565 7.5284046736855223e-05 0.00028201924753901348 -0.00044141277219404202 0.00096038025549910586 -0.00028868771054718802 -4.724345260860799e-05 -3.3257557440353206e-05
leaf_weight=25 142 24 52 39 28 61 64 24 27 48
leaf_count=25 142 24 52 39 28 61 64 24 27 48
internal_value=-1.59119e-05 -0.000325397 -0.000674326 7.03688e-05 0.00024983 -0.000165307 0.000704507 2.52826e-05 -6.36881e-05 -2.92332e-05
internal_weight=534 128 76 406 258 148 92 166 52 87
internal_count=534 128 76 406 258 148 92 166 52 87
is_linear=0
shrinkage=0.0167612


Tree=446
num_leaves=8
num_cat=0
split_feature=5 110 45 164 178 220 144
split_gain=0.0439335 0.0669166 0.0236652 0.0246567 0.0314032 0.025474 0.019919
threshold=1.5000000000000002 12.500000000000002 995969.00108877418 1.0000000180025095e-35 23.500000000000004 1.0000000180025095e-35 1.0000000180025095e-35
decision_type=2 10 10 8 10 10 10
left_child=1 6 3 4 -2 -5 -1
right_child=2 -3 -4 5 -6 -7 -8
leaf_value=-0.00021490911470714536 -0.00042576515034488144 -0.00073665213587284669 -0.00018543222509738468 0.00026844576149678693 -1.9828802093707456e-05 3.6237281504801551e-05 0.00013226879185179282
leaf_weight=56 25 32 39 239 25 75 43
leaf_count=56 25 32 39 239 25 75 43
internal_value=-1.59914e-05 -0.00026123 5.0298e-05 0.00011196 -8.12757e-05 0.000181647 -4.14862e-05
internal_weight=534 131 403 364 50 314 99
internal_count=534 131 403 364 50 314 99
is_linear=0
shrinkage=0.0167612


Tree=447
num_leaves=10
num_cat=0
split_feature=99 152 163 163 143 146 68 194 74
split_gain=0.05885 0.0424415 0.0406121 0.0386515 0.0635179 0.014114 0.0249581 0.00104893 6.65388e-05
threshold=-0.63393439665365914 1.0000000180025095e-35 4.5000000000000009 33.500000000000007 1.0000000180025095e-35 5.5000000000000009 1.0000000180025095e-35 0.13899613899613897 1.0000000180025095e-35
decision_type=8 10 10 10 10 8 10 8 10
left_child=1 -1 5 7 -5 8 -7 -4 -2
right_child=2 -3 3 4 -6 6 -8 -9 -10
leaf_value=9.5300780139728099e-05 -0.0002537006049251327 0.00074390691960391788 -8.0229882098552927e-05 -0.001008176171183865 -0.00019150099397877553 4.974133786154298e-06 0.00038075625095309635 -1.7316629166794857e-05 -5.1140592141810298e-05
leaf_weight=46 34 24 36 30 37 218 25 44 40
leaf_count=46 34 24 36 30 37 218 25 44 40
internal_value=-1.65747e-05 0.000329849 -9.83752e-05 -0.000306688 -0.000570598 -5.47733e-06 6.29907e-05 -5.80822e-05 -0.000160588
internal_weight=534 70 464 147 67 317 243 80 74
internal_count=534 70 464 147 67 317 243 80 74
is_linear=0
shrinkage=0.0167612


Tree=448
num_leaves=7
num_cat=1
split_feature=0 97 110 94 74 133
split_gain=0.17515 0.0834608 0.0509178 0.0289362 0.0215361 0.0215072
threshold=0 0.12158167036215817 1.5000000000000002 3.5000000000000004 1.0000000180025095e-35 701403.4743991642
decision_type=9 8 8 8 10 8
left_child=5 3 -3 4 -2 -1
right_child=1 2 -4 -5 -6 -7
leaf_value=0.00013008640602768669 0.00012676783165098797 -0.00015973051555927018 -0.00053473777790549401 -0.00010240251007900791 0.00052683826490338185 0.00041544504283476304
leaf_weight=27 25 31 203 24 38 197
leaf_count=27 25 31 203 24 38 197
internal_value=0 -0.00024172 -0.000424658 4.58536e-05 0.000296329 0.000318007
internal_weight=545 321 234 87 63 224
internal_count=545 321 234 87 63 224
cat_boundaries=0 1
cat_threshold=4588
is_linear=0
shrinkage=0.0167612


Tree=449
num_leaves=8
num_cat=1
split_feature=0 101 37 13 153 13 10
split_gain=0.215799 0.110416 0.0789216 0.162431 0.0744737 0.0152858 0.0130738
threshold=0 180948.29275617874 1.0000000180025095e-35 413877.09027777787 708621.03722943726 312860.52166296082 -0.5
decision_type=9 8 8 2 10 2 2
left_child=1 -1 3 -2 -5 -3 -4
right_child=2 5 6 4 -6 -7 -8
leaf_value=-0.00018680058555781416 0.00094982183263369279 -0.00048103566211312343 -0.00029904866207797372 -2.1403847775978171e-05 0.0005032581023771414 -0.0012283182510540549 -1.8807722739524425e-05
leaf_weight=35 60 29 43 185 61 52 80
leaf_count=35 60 29 43 185 61 52 80
internal_value=0 -0.000536604 0.000162812 0.000318776 0.000109075 -0.000937915 -9.93092e-05
internal_weight=545 116 429 306 246 81 123
internal_count=545 116 429 306 246 81 123
cat_boundaries=0 1
cat_threshold=2671105
is_linear=0
shrinkage=0.0167612


Tree=450
num_leaves=10
num_cat=0
split_feature=114 13 80 137 130 41 165 196 207
split_gain=0.162274 0.132839 0.077353 0.0730722 0.0625089 0.0607 0.021807 0.000523093 0.00021097
threshold=56730846.476067662 683409.35590986407 4.5000000000000009 1.0000000180025095e-35 1.0000000180025095e-35 1.0000000180025095e-35 28.500000000000004 13.685526315789476 152157.35363681652
decision_type=10 2 8 10 10 10 10 10 8
left_child=1 3 -3 -1 7 -6 -5 8 -2
right_child=4 2 -4 6 5 -7 -8 -9 -10
leaf_value=-0.0002285828243365224 -4.4365673477919686e-05 -0.0013300975608887028 -0.00036983416816726314 0.00060332981714992574 0.00082101637492536857 0.0001341677668904694 8.7794500296630641e-05 5.3382417827446536e-05 -3.4160716971399963e-06
leaf_weight=154 25 27 57 30 78 56 46 37 35
leaf_count=154 25 27 57 30 78 56 46 37 35
internal_value=0 -0.00024095 -0.000728444 -2.25312e-05 0.000306349 0.000536157 0.000303869 4.94927e-05 -9.81302e-06
internal_weight=545 314 84 230 231 134 76 97 60
internal_count=545 314 84 230 231 134 76 97 60
is_linear=0
shrinkage=0.0167612


Tree=451
num_leaves=9
num_cat=0
split_feature=56 101 101 202 205 141 160 116
split_gain=0.12982 0.0505729 0.0314961 0.0245578 0.0251519 0.0186751 0.00778103 0.00519453
threshold=1.0000000180025095e-35 176549.28560521829 100259.35550111666 1.0000000180025095e-35 18.425925925925931 1.0000000180025095e-35 3.5000000000000004 1.0000000180025095e-35
decision_type=10 8 8 10 10 10 10 10
left_child=1 7 -2 6 -5 -3 -4 -1
right_child=2 5 3 4 -6 -7 -8 -9
leaf_value=0.00013621034889754841 6.3004781263091745e-05 -0.00025694595268632221 3.3292907500010176e-05 0.00072464789266077161 0.00023607171059442141 -0.00072797997051741146 0.0002018202894382356 -8.0826333802759073e-06
leaf_weight=41 54 180 51 71 25 34 61 28
leaf_count=41 54 180 51 71 25 34 61 28
internal_value=0 -0.000240265 0.000245036 0.000351622 0.000551835 -0.000380135 0.000124138 -2.01911e-05
internal_weight=545 283 262 208 96 214 112 69
internal_count=545 283 262 208 96 214 112 69
is_linear=0
shrinkage=0.0167612


Tree=452
num_leaves=10
num_cat=0
split_feature=130 101 115 53 203 205 121 41 146
split_gain=0.110621 0.0835016 0.0522801 0.0399178 0.015557 0.027592 0.00525624 0.028873 0.000120747
threshold=1.0000000180025095e-35 306301.40772402746 31.500000000000004 136109.56289869937 26.081336405529957 9.5684210526315798 116.07631110000001 1.0000000180025095e-35 18.500000000000004
decision_type=10 8 8 8 10 10 10 10 10
left_child=1 4 -3 8 5 -1 7 -5 -2
right_child=3 2 -4 6 -6 -7 -8 -9 -10
leaf_value=0.00045213874836645983 2.0348127842646167e-05 -0.00084992690366019993 -0.00022825569994028302 0.0009333803323040231 2.5967648456935599e-05 8.6748097617814741e-05 0.00019318287790665828 0.00023520600544115405 3.2022994004152256e-05
leaf_weight=51 27 36 187 36 34 32 52 32 58
leaf_count=51 27 36 187 36 34 32 52 32 58
internal_value=0 -0.000182859 -0.000378448 0.00027596 7.57974e-05 0.000235269 0.00047068 0.000637901 4.97426e-05
internal_weight=545 340 223 205 117 83 120 68 85
internal_count=545 340 223 205 117 83 120 68 85
is_linear=0
shrinkage=0.0167612


Tree=453
num_leaves=9
num_cat=0
split_feature=56 13 12 60 212 74 196 37
split_gain=0.122656 0.228255 0.136052 0.0432716 0.0282063 0.048418 0.0264401 0.0207856
threshold=1.0000000180025095e-35 496258.12121212127 1.0000000180025095e-35 1.0000000180025095e-35 0.99999999997777522 1.0000000180025095e-35 46.854166666666679 1.0000000180025095e-35
decision_type=10 2 2 10 8 10 8 8
left_child=1 3 -3 7 -2 6 -6 -1
right_child=4 2 -4 -5 5 -7 -8 -9
leaf_value=0.00013413736878871481 0.00053198173411735453 -0.00036049062036411521 -0.0015121348821696785 0.00045233876946097111 7.6066626752665066e-05 -0.00022555944762944549 0.00036688023873857832 -0.00016757452262435455
leaf_weight=54 60 54 36 24 41 34 127 115
leaf_count=54 60 54 36 24 41 34 127 115
internal_value=0 -0.000234169 -0.000835515 1.25609e-05 0.000237519 0.000112944 0.000242928 -1.62616e-05
internal_weight=545 283 90 193 262 202 168 169
internal_count=545 283 90 193 262 202 168 169
is_linear=0
shrinkage=0.0167612


Tree=454
num_leaves=10
num_cat=0
split_feature=56 119 94 207 122 175 196 41 124
split_gain=0.118233 0.0589314 0.0595053 0.0470919 0.0154734 0.01405 0.0211989 0.0141572 0.00808317
threshold=1.0000000180025095e-35 1535591.2409262487 2.5000000000000004 46174.521808936821 1.0000000180025095e-35 224358.07418699187 16.65027829313544 1.0000000180025095e-35 152.50000000000003
decision_type=10 8 8 8 8 10 8 10 8
left_child=1 2 -1 8 -3 7 -7 -5 -2
right_child=3 4 -4 5 -6 6 -8 -9 -10
leaf_value=0.00053182503647356721 2.0124540711207379e-06 -0.00066075949008707825 -0.00010654422719657922 0.00028090848283300742 -0.00024025220129157248 0.00020515113711600517 0.00073097000301044644 4.3020035016115155e-05 -0.00019978178193178232
leaf_weight=27 31 47 27 59 182 31 64 52 25
leaf_count=27 31 47 27 59 182 31 64 52 25
internal_value=0 -0.000229998 5.79422e-05 0.000233103 -0.000367214 0.000367177 0.000545413 0.000162708 5.35029e-06
internal_weight=545 283 54 262 229 206 95 111 56
internal_count=545 283 54 262 229 206 95 111 56
is_linear=0
shrinkage=0.0167612


Tree=455
num_leaves=7
num_cat=1
split_feature=0 176 199 67 13 74
split_gain=0.197954 0.0976336 0.0542353 0.0411604 0.032454 0.0606506
threshold=0 8.5000000000000018 -8.5191404499999983 0.11269841269841267 344578.49285714288 1.0000000180025095e-35
decision_type=9 8 8 8 2 8
left_child=1 -1 3 -2 -4 -6
right_child=2 -3 4 -5 5 -7
leaf_value=-0.00021208377805126988 -3.2837886186851329e-05 -0.0008721857148800275 0.00062630716706318392 -0.00047935692491964127 0.00031504325044454465 -8.6580681638400212e-05
leaf_weight=27 37 87 42 35 224 93
leaf_count=27 37 87 42 35 224 93
internal_value=0 -0.000518456 0.000153895 -0.000124418 0.000255779 0.000168361
internal_weight=545 114 431 72 359 317
internal_count=545 114 431 72 359 317
cat_boundaries=0 1
cat_threshold=2671617
is_linear=0
shrinkage=0.0167612


Tree=456
num_leaves=9
num_cat=0
split_feature=123 15 119 117 6 6 53 126
split_gain=0.0652877 0.0515986 0.0851293 0.0386646 0.0584039 0.043461 0.0341415 0.0297694
threshold=30.500000000000004 1.0000000180025095e-35 937347.0086904763 1.0000000180025095e-35 1.5000000000000002 1.0000000180025095e-35 40625.878801316758 -0.082824018185471901
decision_type=8 2 8 8 2 2 10 10
left_child=7 2 6 5 -5 -3 -2 -1
right_child=1 3 -4 4 -6 -7 -8 -9
leaf_value=9.6198488113524361e-05 -0.00021858105083793729 -0.00048447642925597139 -0.00053470454624191292 0.00061387950498239944 0.00010648913797275616 -1.2574267306946955e-05 0.00025791823253432203 0.00045156898501186283
leaf_weight=35 29 27 137 53 29 72 59 90
leaf_count=35 29 27 137 53 29 72 59 90
internal_value=-1.17451e-06 -0.000115694 -0.000284477 3.57081e-05 0.000296945 -8.9347e-05 -3.09657e-05 0.00027634
internal_weight=531 406 225 181 82 99 88 125
internal_count=531 406 225 181 82 99 88 125
is_linear=0
shrinkage=0.0167612


Tree=457
num_leaves=10
num_cat=1
split_feature=10 1 184 94 15 41 114 64 138
split_gain=0.086067 0.129426 0.0605759 0.071932 0.073732 0.0512284 0.0981568 0.0580992 0.011944
threshold=-0.24999999999999994 0 1165326.7890872357 2.5000000000000004 1.0000000180025095e-35 1.0000000180025095e-35 56808248.071830548 164098.71127995328 1.0000000180025095e-35
decision_type=2 1 10 8 2 10 8 10 8
left_child=2 8 3 4 -1 6 -3 -7 -2
right_child=1 5 -4 -5 -6 7 -8 -9 -10
leaf_value=0.00030493877126021334 -0.00030193295930886469 -0.00023066334678687982 -0.00012791762620630246 6.905864158609583e-05 0.001185188317526045 -0.00067017889157822217 0.00048505698346570269 -6.035645784569847e-05 -0.0008954574590879686
leaf_weight=71 44 29 30 82 30 26 110 52 57
leaf_count=71 44 29 30 82 30 26 110 52 57
internal_value=-1.21459e-06 -0.000181577 0.000223086 0.000372036 0.000641589 3.9717e-07 0.00021874 -0.000228277 -0.000587233
internal_weight=531 318 213 183 101 217 139 78 101
internal_count=531 318 213 183 101 217 139 78 101
cat_boundaries=0 1
cat_threshold=194
is_linear=0
shrinkage=0.0167612


Tree=458
num_leaves=9
num_cat=0
split_feature=103 11 10 144 15 115 141 102
split_gain=0.0708406 0.0998088 0.0557601 0.0896801 0.0708964 0.0514526 0.0155842 0.000445007
threshold=-20842.441709009345 0.86602540378443871 -1.0000000180025095e-35 1.0000000180025095e-35 1.0000000180025095e-35 37.500000000000007 1.0000000180025095e-35 1.0000000180025095e-35
decision_type=10 2 2 8 2 10 10 10
left_child=1 2 4 -4 -1 6 -2 -7
right_child=5 -3 3 -5 -6 7 -8 -9
leaf_value=-5.6676739633835514e-06 0.00061974451010457098 -0.00071486760287192133 -0.00079302712893376879 -3.0016190961739699e-05 0.00052017320166290509 1.7093825268360147e-05 0.00015029563840023792 -4.4271888756394675e-05
leaf_weight=104 74 40 32 130 64 24 38 25
leaf_count=104 74 40 32 130 64 24 38 25
internal_value=-1.87143e-06 -0.000139056 -2.43595e-05 -0.00023879 0.000147755 0.000246132 0.000455864 3.90435e-05
internal_weight=531 370 330 162 168 161 112 49
internal_count=531 370 330 162 168 161 112 49
is_linear=0
shrinkage=0.0167612


Tree=459
num_leaves=8
num_cat=0
split_feature=98 160 13 85 12 205 152
split_gain=0.130101 0.0469889 0.0477358 0.0594048 0.0533193 0.0349758 0.00490081
threshold=0.83213928241277035 32.500000000000007 312860.52166296082 11.500000000000002 1.0000000180025095e-35 34.208333333333343 1.0000000180025095e-35
decision_type=8 8 2 8 2 10 10
left_child=6 5 4 -4 -3 -2 -1
right_child=1 2 3 -5 -6 -7 -8
leaf_value=0.00027157236498799163 -1.1800773313485519e-06 -0.00022016338507881131 -6.9543596289002815e-05 -0.00045628049560002498 0.00036614242371771772 0.00040355631625962532 0.000819502273136971
leaf_weight=46 26 35 68 222 50 53 31
leaf_count=46 26 35 68 222 50 53 31
internal_value=-2.68276e-06 -0.000123686 -0.000215088 -0.000322557 3.9176e-06 0.000131858 0.000503494
internal_weight=531 454 375 290 85 79 77
internal_count=531 454 375 290 85 79 77
is_linear=0
shrinkage=0.0167612


Tree=460
num_leaves=11
num_cat=0
split_feature=13 57 78 18 130 153 184 97 130 90
split_gain=0.128566 0.139007 0.0944234 0.104987 0.0858869 0.0178845 0.0552157 0.0335649 0.0103947 0.00214576
threshold=420529.6768292684 534363.95470998401 53.500000000000007 1.0000000180025095e-35 1.0000000180025095e-35 723237.17948717962 1039034.8668497476 0.10581023454157781 1.0000000180025095e-35 1.0000000180025095e-35
decision_type=2 10 8 10 8 10 10 10 10 8
left_child=2 4 3 -1 -2 6 -3 -7 -6 -4
right_child=1 5 9 -5 8 7 -8 -9 -10 -11
leaf_value=0.0011219995368026052 -0.0010696500948841822 0.00012398342961895964 -6.8761335688837189e-05 0.00025285081698376953 -0.00032419392504141745 0.00010642805416727252 -0.00044498658097224061 0.00055842078706551715 -9.8258565727507273e-05 4.7684638846173376e-05
leaf_weight=49 45 100 24 32 80 26 30 30 33 82
leaf_count=49 45 100 24 32 80 26 30 30 33 82
internal_value=-1.54115e-06 -0.000199678 0.000305249 0.000685755 -0.000543782 3.64875e-05 4.58652e-06 0.000254478 -0.000271744 4.57555e-05
internal_weight=531 344 187 81 158 186 130 56 113 106
internal_count=531 344 187 81 158 186 130 56 113 106
is_linear=0
shrinkage=0.0167612


Tree=461
num_leaves=8
num_cat=0
split_feature=98 126 12 13 126 153 146
split_gain=0.0896405 0.0500123 0.0806579 0.122997 0.0303526 0.0468945 0.0032006
threshold=0.78346578610036688 -0.070399545413681874 1.0000000180025095e-35 407216.3798844539 0.15526897073809415 1385220.8975694447 12.500000000000002
decision_type=8 10 2 2 10 8 10
left_child=6 2 -2 -4 5 -3 -1
right_child=1 4 3 -5 -6 -7 -8
leaf_value=0.00080630124523768405 -0.00044923084969236856 0.00031589398164394509 0.00045575939526934365 -0.00029965334071918977 0.00039126106915781831 -0.00023884748635253901 0.00021224931372414453
leaf_weight=24 169 36 72 93 46 66 25
leaf_count=24 169 36 72 93 46 66 25
internal_value=-1.74901e-06 -8.65607e-05 -0.000208084 -2.11726e-05 0.000108514 1.68049e-05 0.000496148
internal_weight=531 482 334 165 148 102 49
internal_count=531 482 334 165 148 102 49
is_linear=0
shrinkage=0.0167612


Tree=462
num_leaves=9
num_cat=0
split_feature=11 212 10 47 74 181 182 146
split_gain=0.0670207 0.0883867 0.0694151 0.069652 0.101171 0.0244039 0.0716368 0.0234283
threshold=0.6830127018922193 1.0576038210497385 0.25000000000000011 1032534.6564346104 1.0000000180025095e-35 1.0000000180025095e-35 91.500000000000014 28.500000000000004
decision_type=2 8 2 10 8 8 8 8
left_child=2 -2 3 4 -1 6 -4 -3
right_child=1 7 5 -5 -6 -7 -8 -9
leaf_value=0.00078108486217691876 -1.6747015174073415e-06 -0.00099264862390100795 -0.00034677397903260746 -0.00011315825989486686 6.2205906805235087e-05 -0.00030647165816666803 0.0003555198910528154 -0.00032676394167773198
leaf_weight=92 47 31 37 27 108 80 51 58
leaf_count=92 47 31 37 27 108 80 51 58
internal_value=-7.16546e-07 -0.000297927 8.92526e-05 0.000282437 0.000421651 -0.000109068 -1.91071e-05 -0.000611532
internal_weight=531 136 395 227 200 168 88 89
internal_count=531 136 395 227 200 168 88 89
is_linear=0
shrinkage=0.0167612


Tree=463
num_leaves=10
num_cat=0
split_feature=98 83 207 150 12 114 76 141 18
split_gain=0.0470489 0.0957329 0.0568964 0.0533045 0.138087 0.0428053 0.0725962 0.0139279 0.00781617
threshold=0.96574250119692839 1.0930975577262008 106097.25530743813 1.0000000180025095e-35 1.0000000180025095e-35 57327432.963541381 1.0000000180025095e-35 1.0000000180025095e-35 1.0000000180025095e-35
decision_type=8 10 10 8 2 10 10 10 10
left_child=5 3 -3 8 -5 7 -7 -1 -2
right_child=1 2 -4 4 -6 6 -8 -9 -10
leaf_value=0.00014505452209735755 -0.0003413757540098167 9.626560163791306e-05 0.00065204128592416977 -0.00039778274184922724 0.00036391843059337711 0.0010025240299524605 0.00021611927061303962 -0.00016719349447538422 -0.00085556615489370646
leaf_weight=56 97 36 43 113 78 25 27 31 25
leaf_count=56 97 36 43 113 78 25 27 31 25
internal_value=-9.21803e-07 -0.000106235 0.000281683 -0.000252828 -5.32811e-05 0.000217814 0.000528321 3.85187e-05 -0.000507452
internal_weight=531 392 79 313 191 139 52 87 122
internal_count=531 392 79 313 191 139 52 87 122
is_linear=0
shrinkage=0.0167612


Tree=464
num_leaves=10
num_cat=0
split_feature=13 110 44 61 53 225 11 31 110
split_gain=0.0447899 0.0627702 0.0533262 0.0498639 0.0422852 0.0386549 0.0199583 0.0197549 8.02256e-05
threshold=714215.90909090929 5.5000000000000009 1.0000000180025095e-35 7.0000000000000009 77495.28295783604 8.5000000000000018 -1.0000000180025095e-35 2.5000000000000004 29.500000000000004
decision_type=2 8 8 8 8 10 2 8 8
left_child=1 4 6 -3 -1 -6 -2 -5 -4
right_child=2 3 8 7 5 -7 -8 -9 -10
leaf_value=0.00011560665143591371 -0.00018317187812210515 -0.00044386204941078742 -1.0629658924766253e-05 0.00029924640440336087 0.00015596076875598231 0.00084176027817729185 -0.00070409035376619244 -9.1703287323881433e-06 2.3179318473817301e-05
leaf_weight=36 75 44 25 26 49 47 48 144 46
leaf_count=36 75 44 25 26 49 47 48 144 46
internal_value=-2.16212e-05 6.95155e-05 -0.000219061 -5.95838e-05 0.000338277 0.00053222 -0.000429843 8.90498e-06 -2.48476e-05
internal_weight=540 346 194 214 132 96 123 170 71
internal_count=540 346 194 214 132 96 123 170 71
is_linear=0
shrinkage=0.0167612


Tree=465
num_leaves=8
num_cat=0
split_feature=13 13 155 56 197 184 128
split_gain=0.178297 0.229339 0.155835 0.0904005 0.054297 0.0228715 0.000524531
threshold=207891.24561403514 425259.87508586288 1.0000000180025095e-35 1.0000000180025095e-35 1.0000000180025095e-35 757604.80059967737 1.0000000180025095e-35
decision_type=2 2 10 8 10 8 8
left_child=-1 2 6 -3 -4 -5 -2
right_child=1 3 4 5 -6 -7 -8
leaf_value=0.00072217778392339197 -3.2871087621305872e-05 -0.00097485551008176421 0.0014170880297361408 -0.00049305533606201345 0.00040865278851263904 -0.00012711531105473185 1.6887678716613513e-05
leaf_weight=42 25 34 32 71 25 255 56
leaf_count=42 25 34 32 71 25 255 56
internal_value=-2.13593e-05 -0.000125656 0.000359953 -0.000354863 0.000930175 -0.000247089 6.7486e-05
internal_weight=540 498 138 360 57 326 81
internal_count=540 498 138 360 57 326 81
is_linear=0
shrinkage=0.0167612


Tree=466
num_leaves=8
num_cat=0
split_feature=144 49 214 11 99 141 187
split_gain=0.0168909 0.0675829 0.0276615 0.0723645 0.0203792 0.0130376 0.00837759
threshold=1.0000000180025095e-35 1080390.9677154196 2.9600000000000004 0.6830127018922193 -0.65659438565657646 1.0000000180025095e-35 847750.33028083039
decision_type=8 8 10 2 8 10 8
left_child=4 -2 5 -4 -1 -3 -6
right_child=1 2 3 -5 6 -7 -8
leaf_value=-7.3708504804290294e-05 -0.00050709430667705 4.0462385377079545e-05 0.0005673494646394597 -1.7035316984086909e-06 -0.00048929941653266459 -0.00020910844636167319 -8.8897001408159152e-05
leaf_weight=27 24 246 78 38 44 35 48
leaf_count=27 24 246 78 38 44 35 48
internal_value=-2.09077e-05 9.0554e-06 8.44905e-05 0.000276532 -0.000180186 5.26935e-06 -0.000317197
internal_weight=540 421 397 116 119 281 92
internal_count=540 421 397 116 119 281 92
is_linear=0
shrinkage=0.0167612


Tree=467
num_leaves=10
num_cat=1
split_feature=0 146 11 101 98 184 15 17 9
split_gain=0.0581821 0.0440641 0.0404329 0.0387324 0.0287749 0.0252728 0.014199 0.00548496 0.0617054
threshold=0 9.5000000000000018 -1.0000000180025095e-35 215869.19588018823 0.78346578610036688 440029.52287636773 1.0000000180025095e-35 822244.72361111117 1.0000000180025095e-35
decision_type=9 8 2 8 10 10 2 10 2
left_child=4 2 5 -4 6 -2 -1 8 -3
right_child=1 7 3 -5 -6 -7 -8 -9 -10
leaf_value=0.00013155928756347513 6.712597056491692e-05 5.2832580740293926e-05 -0.00024546854898207729 -0.0010188505864446823 8.4490751824073618e-05 -0.00030679485703575664 0.00064600117417526438 0.00013894542991289214 -0.00046190426054902616
leaf_weight=42 49 199 30 29 33 42 44 28 44
leaf_count=42 49 199 30 29 33 42 44 28 44
internal_value=-2.11209e-05 -0.000124126 -0.000336896 -0.000639467 0.000233667 -7.89847e-05 0.000427189 -8.00852e-06 -2.95958e-05
internal_weight=540 421 150 59 119 91 86 271 243
internal_count=540 421 150 59 119 91 86 271 243
cat_boundaries=0 1
cat_threshold=2107460
is_linear=0
shrinkage=0.0167612


end of trees

feature_importances:
dynamic_anchor_price=238
price_lag_7_lag_5=108
month_cos=104
month_sin=103
mask_flag_lag_5=94
status_new_lag_5=86
season_strength=83
is_recent_lag_missing=72
inflation_rate_lag_5=69
price_lag_10_lag_5=64
prop_group_keywords_count_lag_5=59
quarter=55
is_peak_season=52
roomId=51
ch_price_per_day_ratio_lag_5=51
month=47
range_booking_arrival_lag_6_lag_5=46
price_roll_std_12_lag_5=44
price_lag_12_lag_5=44
is_fallback_anchor=43
price_zscore_property_lag_5=43
ch_connect_limited_ratio_lag_5=41
status_confirmed_lag_5=39
price_vs_property_avg_lag_5=38
leftover_rooms_lag_16_lag_5=38
price_to_mean_ratio_lag_5=37
room_fc_desk_lag_5=36
used_room_nights_lag_6_lag_5=36
masterId_lag_5=35
room_cfg_roomType_double_lag_5=35
price_roll_mean_3_lag_5=35
numChild_lag_16_lag_5=35
price_growth_1_lag_5=33
price_lag_24_lag_5=33
ch_connect_inventory_ratio_lag_5=32
price_roll_std_6_lag_5=31
room_fc_air_conditioning_lag_5=31
room_fc_deck_patio_uncovered_lag_5=30
room_fc_tv_lag_5=29
propertyId=28
price_roll_mean_12_lag_5=28
price_roll_mean_6_lag_5=28
price_diff_1_lag_5=28
range_booking_arrival_lag_16_lag_5=28
room_fc_breakfast_possible_lag_5=26
used_room_nights_lag_5_lag_5=26
price_roll_std_3_lag_5=26
is_major_holiday_month=25
leftover_rooms_lag_6_lag_5=25
ch_publish_ratio_lag_5=25
room_fc_safe_lag_5=24
commission_lag_6_lag_5=23
room_fc_balcony_lag_5=23
prop_type_hotel_lag_5=23
prop_latitude_lag_5=23
range_booking_arrival_lag_5_lag_5=23
cal_soldout_rate_lag_5=23
price_lag_16_lag_5=22
room_fc_shampoo_lag_5=22
season_price_interaction_lag_5=22
room_cfg_max_people_lag_5=22
room_fc_linens_lag_5=22
prop_feature_codes_count_lag_5=21
room_cfg_roomType_quadruple_lag_5=20
room_fc_refrigerator_lag_5=20
room_fc_hangers_lag_5=20
room_cfg_room_size_lag_5=20
cal_low_avail_rate_lag_5=20
num_of_nights_lag_16_lag_5=19
room_fc_bath_toilet_lag_5=19
prop_checkout_end_min_lag_5=19
room_cfg_feature_count_lag_5=19
room_fc_toiletries_lag_5=18
price_lag_17_lag_5=18
price_lag_5_lag_5=17
leftover_rooms_lag_5_lag_5=17
cal_numAvail_mean_lag_5=17
room_cfg_units_count_lag_5=16
prop_checkin_start_min_lag_5=16
room_fc_airport_shuttle_lag_5=16
cancelTime_2024_08_05T03_15_10Z_lag_5=16
numChild_lag_6_lag_5=15
cal_numAvail_std_lag_5=15
num_of_nights_lag_6_lag_5=15
used_room_nights_lag_16_lag_5=15
price_yoy_historical_lag_5=14
commission_lag_5_lag_5=14
price_lag_6_lag_5=14
peak_price_interaction_lag_5=14
num_of_nights_lag_5_lag_5=13
qty_lag_5=13
channel_booking_lag_5=13
room_fc_laptop_friendly_lag_5=13
prop_longitude_lag_5=13
room_fc_wifi_lag_5=13
room_fc_private_bathroom_lag_5=13
room_fc_beach_front_lag_5=13
price_base_vs_anchor_lag_5=13
arrivalTime_16_3_lag_5=12
room_fc_reception_24_hour_lag_5=11
room_fc_restaurant_lag_5=11
room_fc_car_available_lag_5=11
room_fc_towels_lag_5=11
referer_Booking_com_lag_5=11
apiSource_Booking_com_lag_5=11
cal_numAvail_min_lag_5=11
room_fc_breakfast_in_room_lag_5=11
total_capacity_nights=10
numChild_lag_5_lag_5=10
allowReview_default_lag_5=10
title_RO_lag_5=10
cal_numAvail_low_days_lag_5=10
subStatus_none_lag_5=10
groupNote_Room_Only__lag_5=10
year=9
reference_45867993_marie_lag_5=9
cal_numAvail_max_lag_5=9
room_cfg_control_priority_lag_5=9
allowAutoAction_enable_lag_5=9
prop_checkin_end_min_lag_5=9
prop_type_resort_lag_5=9
prop_type_bungalow_lag_5=9
room_fc_sitting_area_lag_5=9
room_cfg_qty_raw_lag_5=9
anchor_age_months=8
room_fc_bed_double_lag_5=8
room_cfg_rack_rate_lag_5=8
room_fc_coffee_maker_lag_5=8
allowCancellation__type_propertyDefault__lag_5=8
is_eid_month=7
room_fc_cycling_lag_5=7
cal_numAvail_zero_days_lag_5=7
refererEditable_Booking_com_lag_5=7
room_fc_hair_dryer_lag_5=7
room_fc_garden_lag_5=7
room_fc_tables_and_chairs_lag_5=7
room_fc_bath_shower_lag_5=7
voucher_geniuscm_lag_5=7
room_fc_minibar_lag_5=6
prop_type_villa_lag_5=6
allowChannelUpdate_all_lag_5=6
ch_enabled_ratio_lag_5=6
room_fc_bathroom_lag_5=6
commission_lag_16_lag_5=6
custom1_Paid_OTA_lag_5=6
room_fc_cleaning_included_lag_5=6
room_fc_cleaning_possible_lag_5=5
room_cfg_roomType_twindouble_lag_5=5
room_fc_bicycle_lag_5=5
room_fc_bedroom_lag_5=5
room_fc_baggage_storage_lag_5=5
room_cfg_roomType_twin_lag_5=4
price_lag_36_lag_5=4
room_fc_closets_in_room_lag_5=4
room_fc_kettle_lag_5=4
room_fc_separate_toilet_area_lag_5=4
prop_type_guesthouse_lag_5=3
room_fc_bath_or_shower_lag_5=2
ch_channel_count_lag_5=2
cal_days_covered_lag_5=2
room_fc_dining_area_lag_5=2
room_fc_satellite_lag_5=2
room_cfg_roomType_triple_lag_5=1
reference_EJ4657377__lag_5=1
room_cfg_min_price_lag_5=1
room_fc_bed_single_lag_5=1
prop_type_bedAndBreakfast_lag_5=1
room_fc_bar_lag_5=1
room_fc_scuba_or_snorkeling_lag_5=1
room_fc_mountain_biking_lag_5=1

parameters:
[boosting: gbdt]
[objective: regression]
[metric: rmse]
[tree_learner: serial]
[device_type: cpu]
[data_sample_strategy: bagging]
[data: ]
[valid: ]
[num_iterations: 468]
[learning_rate: 0.0167612]
[num_leaves: 11]
[num_threads: 0]
[seed: 222]
[deterministic: 0]
[force_col_wise: 0]
[force_row_wise: 0]
[histogram_pool_size: -1]
[max_depth: 4]
[min_data_in_leaf: 24]
[min_sum_hessian_in_leaf: 4.17241]
[bagging_fraction: 0.714996]
[pos_bagging_fraction: 1]
[neg_bagging_fraction: 1]
[bagging_freq: 8]
[bagging_seed: 1801]
[bagging_by_query: 0]
[feature_fraction: 0.894054]
[feature_fraction_bynode: 0.54124]
[feature_fraction_seed: 3308]
[extra_trees: 1]
[extra_seed: 31563]
[early_stopping_round: 0]
[early_stopping_min_delta: 0]
[first_metric_only: 0]
[max_delta_step: 0]
[lambda_l1: 0.522501]
[lambda_l2: 0.00621722]
[linear_lambda: 0]
[min_gain_to_split: 9.41755e-06]
[drop_rate: 0.152798]
[max_drop: 36]
[skip_drop: 0.83427]
[xgboost_dart_mode: 0]
[uniform_drop: 0]
[drop_seed: 22156]
[top_rate: 0.2]
[other_rate: 0.1]
[min_data_per_group: 100]
[max_cat_threshold: 32]
[cat_l2: 10]
[cat_smooth: 10]
[max_cat_to_onehot: 4]
[top_k: 20]
[monotone_constraints: ]
[monotone_constraints_method: basic]
[monotone_penalty: 0]
[feature_contri: ]
[forcedsplits_filename: ]
[refit_decay_rate: 0.9]
[cegb_tradeoff: 1]
[cegb_penalty_split: 0]
[cegb_penalty_feature_lazy: ]
[cegb_penalty_feature_coupled: ]
[path_smooth: 18.6906]
[interaction_constraints: ]
[verbosity: -1]
[saved_feature_importance_type: 0]
[use_quantized_grad: 0]
[num_grad_quant_bins: 4]
[quant_train_renew_leaf: 0]
[stochastic_rounding: 1]
[linear_tree: 0]
[max_bin: 111]
[max_bin_by_feature: ]
[min_data_in_bin: 3]
[bin_construct_sample_cnt: 200000]
[data_random_seed: 763]
[is_enable_sparse: 1]
[enable_bundle: 1]
[use_missing: 1]
[zero_as_missing: 0]
[feature_pre_filter: 1]
[pre_partition: 0]
[two_round: 0]
[header: 0]
[label_column: ]
[weight_column: ]
[group_column: ]
[ignore_column: ]
[categorical_feature: 0,1]
[forcedbins_filename: ]
[precise_float_parser: 0]
[parser_config_file: ]
[objective_seed: 4930]
[num_class: 1]
[is_unbalance: 0]
[scale_pos_weight: 1]
[sigmoid: 1]
[boost_from_average: 1]
[reg_sqrt: 0]
[alpha: 0.723463]
[fair_c: 1]
[poisson_max_delta_step: 0.7]
[tweedie_variance_power: 1.5]
[lambdarank_truncation_level: 30]
[lambdarank_norm: 1]
[label_gain: ]
[lambdarank_position_bias_regularization: 0]
[eval_at: ]
[multi_error_top_k: 1]
[auc_mu_weights: ]
[num_machines: 1]
[local_listen_port: 12400]
[time_out: 120]
[machine_list_filename: ]
[machines: ]
[gpu_platform_id: -1]
[gpu_device_id: -1]
[gpu_use_dp: 0]
[num_gpu: 1]

end of parameters

pandas_categorical:[[350455, 350464, 354680, 354681, 354682, 354683, 359135, 359136, 359142, 370147, 370148, 370149, 381255, 416397, 416398, 416400, 431070, 431071, 431095, 462631, 462632, 462634, 500275, 502851, 9370150], [158986.0, 158990.0, 161014.0, 163277.0, 169082.0, 174792.0, 193394.0, 201589.0]]
