tree
version=v4
num_class=1
num_tree_per_iteration=1
label_index=0
max_feature_idx=226
objective=regression
feature_names=roomId propertyId year month total_capacity_nights quarter season_strength is_peak_season is_eid_month is_major_holiday_month month_sin month_cos is_recent_lag_missing dynamic_anchor_price anchor_age_months is_fallback_anchor room_fc_bath_or_shower_lag_3 room_fc_reception_24_hour_lag_3 room_fc_bed_double_lag_3 reference_45867993_marie_lag_3 price_yoy_historical_lag_3 ch_channel_count_lag_3 room_fc_restaurant_lag_3 room_fc_minibar_lag_3 room_fc_cycling_lag_3 range_booking_arrival_lag_3_lag_3 room_fc_wakeupcall_lag_3 cal_minStay_restrict_days_lag_3 cal_days_covered_lag_3 subStatus_noShow_lag_3 prop_booking_cutoff_hour_lag_3 cal_numAvail_max_lag_3 room_fc_car_available_lag_3 room_cfg_roomType_triple_lag_3 room_cfg_control_priority_lag_3 room_fc_cleaning_possible_lag_3 used_room_nights_lag_3_lag_3 room_cfg_security_deposit_lag_3 room_cfg_roomType_quadruple_lag_3 cal_minStay_max_lag_3 room_cfg_roomType_twin_lag_3 room_fc_deck_patio_uncovered_lag_3 allowAutoAction_enable_lag_3 subStatus_nonPayment_lag_3 prop_type_villa_lag_3 cal_numAvail_zero_days_lag_3 price_roll_mean_12_lag_3 leftover_rooms_lag_14_lag_3 reference_EJ4657377__lag_3 price_lag_36_lag_3 room_cfg_rack_rate_lag_3 prop_vat_rate_lag_3 price_roll_std_6_lag_3 room_fc_closets_in_room_lag_3 room_fc_shampoo_lag_3 room_fc_desk_lag_3 price_roll_mean_6_lag_3 reference_E5593226_ANNA_HUBER_lag_3 room_cfg_roomType_twindouble_lag_3 room_fc_dining_area_lag_3 qty_lag_3 room_fc_room_soundproofed_lag_3 room_cfg_min_price_lag_3 room_fc_bath_toilet_lag_3 room_cfg_min_stay_lag_3 room_fc_refrigerator_lag_3 room_fc_toiletries_lag_3 season_price_interaction_lag_3 prop_country_ID_lag_3 room_fc_bed_single_lag_3 price_lag_5_lag_3 used_room_nights_lag_14_lag_3 ch_connect_inventory_ratio_lag_3 commission_lag_14_lag_3 room_fc_hangers_lag_3 room_fc_towels_lag_3 referer_Booking_com_lag_3 room_cfg_max_children_lag_3 numChild_lag_3_lag_3 room_cfg_units_count_lag_3 reference_PAM228132_lag_3 custom1_Paid_by_OTA_Auto_Adjusted_lag_3 price_to_mean_ratio_lag_3 numChild_lag_4_lag_3 allowReview_default_lag_3 channel_booking_lag_3 price_lag_14_lag_3 room_cfg_include_in_reports_lag_3 prop_checkin_end_min_lag_3 prop_type_bedAndBreakfast_lag_3 title_Twin_bed_lag_3 prop_type_resort_lag_3 price_zscore_property_lag_3 room_fc_beach_view_lag_3 room_fc_iron_lag_3 title_RO_lag_3 room_cfg_max_people_lag_3 room_cfg_roomType_single_lag_3 room_fc_bar_lag_3 leftover_rooms_lag_4_lag_3 price_lag_15_lag_3 price_vs_property_avg_lag_3 room_fc_bicycle_lag_3 price_roll_std_12_lag_3 cal_numAvail_std_lag_3 used_room_nights_lag_4_lag_3 price_diff_1_lag_3 prop_checkout_end_min_lag_3 room_cfg_overbookingProtection_property_lag_3 room_fc_balcony_lag_3 reference_PAL643451_LUCAS_lag_3 range_booking_arrival_lag_4_lag_3 room_cfg_roomType_villa_lag_3 room_fc_cable_lag_3 status_new_lag_3 commission_lag_3_lag_3 prop_checkin_start_min_lag_3 room_cfg_room_size_lag_3 arrivalTime_16_3_lag_3 masterId_lag_3 allowChannelUpdate_all_lag_3 num_of_nights_lag_4_lag_3 ch_connect_limited_ratio_lag_3 room_fc_coffee_maker_lag_3 room_fc_laptop_friendly_lag_3 room_fc_breakfast_possible_lag_3 prop_longitude_lag_3 prop_type_guesthouse_lag_3 room_cfg_cleaning_fee_lag_3 price_growth_1_lag_3 arrivalTime___lag_3 room_fc_safe_lag_3 commission_lag_4_lag_3 room_cfg_block_after_checkout_days_lag_3 room_fc_tv_lag_3 cal_minStay_mean_lag_3 room_cfg_roomType_family_lag_3 price_lag_12_lag_3 room_cfg_sell_priority_lag_3 room_cfg_restrictionStrategy_staythrough_lag_3 cal_restrict_rate_lag_3 room_fc_air_conditioning_lag_3 num_of_nights_lag_3_lag_3 prop_type_hotel_lag_3 cal_low_avail_rate_lag_3 room_fc_linens_lag_3 mask_flag_lag_3 cal_override_rate_lag_3 prop_group_keywords_count_lag_3 room_fc_wifi_lag_3 apiSource_Booking_com_lag_3 status_confirmed_lag_3 price_lag_3_lag_3 room_fc_scuba_or_snorkeling_lag_3 title_Honeymoon_decor_lag_3 cal_multiplier_mean_lag_3 num_of_nights_lag_14_lag_3 ch_enabled_ratio_lag_3 ch_price_per_day_ratio_lag_3 room_fc_airport_shuttle_lag_3 range_booking_arrival_lag_14_lag_3 price_lag_24_lag_3 room_cfg_tax_person_lag_3 room_fc_bathroom_lag_3 title_Teman_kim_kasih_breakfast_lag_3 room_fc_bedroom_lag_3 cal_numAvail_low_days_lag_3 room_fc_baggage_storage_lag_3 room_cfg_roomType_double_lag_3 refererEditable_Booking_com_lag_3 room_cfg_roomType_bungalow_lag_3 prop_type_bungalow_lag_3 room_cfg_unitAllocation_perbooking_lag_3 room_fc_private_bathroom_lag_3 room_fc_beach_front_lag_3 allowAutoAction_disable_lag_3 room_fc_hair_dryer_lag_3 reference_YB7740043_lag_3 custom1_Paid_OTA_lag_3 cal_numAvail_min_lag_3 cancelTime_2024_08_05T03_15_10Z_lag_3 room_cfg_overbookingProtection_room_lag_3 price_lag_8_lag_3 room_cfg_feature_count_lag_3 room_fc_sitting_area_lag_3 room_fc_garden_lag_3 price_roll_mean_3_lag_3 room_fc_bathrobe_lag_3 room_fc_tables_and_chairs_lag_3 peak_price_interaction_lag_3 cal_maxStay_mean_lag_3 room_cfg_has_unallocated_unit_lag_3 room_cfg_qty_raw_lag_3 cal_override_days_lag_3 room_fc_kettle_lag_3 room_fc_mountain_biking_lag_3 subStatus_none_lag_3 numChild_lag_14_lag_3 room_fc_breakfast_in_room_lag_3 room_fc_tv_hd_32_plus_lag_3 prop_latitude_lag_3 room_cfg_max_adult_lag_3 ch_publish_ratio_lag_3 room_fc_bath_shower_lag_3 allowCancellation__type_propertyDefault__lag_3 leftover_rooms_lag_3_lag_3 room_fc_dining_room_seats_lag_3 price_roll_std_3_lag_3 voucher_geniuscm_lag_3 prop_feature_codes_count_lag_3 cal_numAvail_mean_lag_3 room_cfg_tax_percentage_lag_3 price_base_vs_anchor_lag_3 inflation_rate_lag_3 arrivalTime_16_30_lag_3 cal_soldout_rate_lag_3 room_cfg_max_stay_lag_3 cal_multiplier_max_lag_3 room_fc_separate_toilet_area_lag_3 price_lag_4_lag_3 room_fc_satellite_lag_3 subStatus_walkin_lag_3 room_fc_cleaning_included_lag_3 room_fc_luxory_linen_lag_3 room_fc_beach_lag_3 groupNote_Room_Only__lag_3 room_fc_breakfast_included_lag_3
feature_infos=-1:7:6:8:4:5:13:0:1:2:3:17:18:11:14:15:16:9:25:10:20:22:19:21:24 -1:2:3:4:1:6:7:5:0 [2022:2026] [1:12] [28:372] [1:4] [0:3] [0:1] [0:1] [0:1] [-1:1] [-1:1] [0:1] [157090.63636363635:2305317.951388889] [3:36] [0:1] [0:1] [0:1] [0:1] [1:124] [0.61051151092597156:2.4390768345335392] [3:3] [0:1] [0:1] [0:1] [0:198.125] [0:1] [0:0] [2:31] [0:2] [24:24] [0:10] [0:1] [0:1] [1:10] [0:1] [1:345] [0:0] [0:1] [1:1] [0:1] [0:1] [1:124] [0:0] [0:1] [0:26] [157636:1546425.5945983927] [-13:330] [0:1] [195752.08412277375:2305317.951388889] [0:750000] [0:0] [0:534556.53370156046] [0:1] [0:1] [0:1] [157636:1678163.9472203236] [0:1] [0:1] [0:1] [1:12] [0:1] [0:250000] [0:1] [1:1] [0:1] [0:1] [0:5480450.1519138757] [1:1] [0:1] [157090.63636363635:2305317.951388889] [1:323] [0:0.33333333333333331] [27271:3742200] [0:1] [0:1] [1:124] [1:1] [0:1] [1:10] [0:1] [0:0] [0.59267933874293288:1.7221370158315843] [0:1] [1:124] [1:124] [157636:2305317.951388889] [1:1] [1320:1440] [0:1] [0:0] [0:1] [-2.3194800549283174:3.3947388383942849] [0:1] [0:1] [1:124] [1:4] [0:1] [0:1] [-13:330] [157636:2305317.951388889] [0.36817341425300393:2.1000101078154971] [0:1] [891.05162472794814:441658.8040370114] [0:3.746539622075943] [1:345] [-498545.01124401903:596397.32620320842] [600:720] [0:1] [0:1] [0:1] [0:166] [0:0] [0:1] [0:117] [0:3742200] [840:960] [16:56] [1:124] [35385839:79977178] [1:124] [1:33] [0:0.33333333333333331] [0:1] [0:1] [0:1] [115.446422:116.0865429] [0:1] [0:0] [-0.47173130647926914:1.9513076922243031] [0:0] [0:1] [0:3742200] [0:0] [0:1] [1:1] [0:1] [157636:2305317.951388889] [5:5] [1:1] [0:0] [0:1] [1:33] [0:1] [0:1] [0:1] [0:1] [0:0] [0:1] [0:1] [1:124] [0:103] [157090.63636363635:2305317.951388889] [0:1] [0:0] [1:1] [1:33] [0:0.33333333333333331] [0:0.33333333333333331] [0:1] [0:142.86666666666667] [195752.08412277375:2305317.951388889] [0:0] [0:1] [0:0] [0:1] [0:31] [0:1] [0:1] [1:124] [0:1] [0:1] [1:1] [0:1] [0:1] [0:0] [0:1] [0:1] [1:124] [-2:9] [1:124] [0:1] [157091:2305317.951388889] [0:33] [0:1] [0:1] [157636:2019396.2532008681] [0:1] [0:1] [0:1826816.7173046251] [365:365] [0:0] [1:10] [0:0] [0:1] [0:1] [1:124] [0:0.80000000000000004] [0:1] [0:1] [-8.7094237000000003:-8.3455556000000009] [2:4] [0:0.33333333333333331] [0:1] [1:124] [-13:330] [0:1] [0:523237.74659186805] [1:124] [0:29] [0:9] [0:0] [0.53466898875907032:2.6094458035167341] [-0.089999999999999997:5.4699999999999998] [0:1] [0:1] [365:365] [1:1] [0:1] [157090.63636363635:2305317.951388889] [0:1] [0:1] [0:1] [0:1] [0:1] [1:124] [0:1]
tree_sizes=984 1134 1138 1048 1138 1141 1121 952 1047 1052 1141 1121 1148 886 1152 1051 1168 974 954 1172 970 1068 959 1053 1056 1160 1121 1138 962 1138 875 1149 1036 964 1043 1134 968 1048 951 1048 1049 1130 1133 960 1132 1111 1136 1041 1158 1066 966 1058 1142 1057 1053 1055 970 1148 1132 945 1141 1054 1070 978 959 1044 782 1160 974 954 1078 1081 1150 962 870 1054 1050 1053 977 955 1062 966 954 1058 1050 881 1064 957 1061 1053 877 940 1060 1059 1075 701 1073 1064 1154 1060 874 1154 1141 981 1069 1155 1067 1145 1173 969 1082 965 1151 1136 1061 1058 1062 878 1179 1144 1054 1059 1165 1150 1147 1069 1156 1142 970 1146 954 879 962 877 1135 978 1053 1137 986 1145 863 780 880 969 1002 981 904 971 996 1063 1152 965 956 1071 988 1049 989 889 891 1049 1050 964 1059 1054 1050 964 1152 875 1182 792 1171 1057 882 1042 1058 973 885 884 1065 786 1066 1171 1159 1143 965 1062 1076 965 881 784 1067 1072 877 880 1065 1073 975 988 1042 977 1053 901 1067 819 989 979 1147 1086 1069 968 877 1151 818 872 1143 880 879 718 1065 967 982 969 998 704 1057 1137 964 956 968 957 1149 987 789 792 1071 692 981 1046 1082 987 881 958 895 604 978 1086 1055 971 884 965 1058 974 979 1055 883 789 974 965 889 953 785 967 1159 689 980 1065 1071 976 1081 1164 889 894 890 1070 1071 1068 1092 805 1084 1168 1159 1076 1061 878 1045 777 1049 1156 784 1054 875 1054 989 1153 875 1169 788 974 976 893 793 976 977 1067 1162 703 1064 886 885 702 982 974 884 887 818 800 792 802 712 533 971 1167 961 1185 1154 1153 1062 977 1065 1092 1072 1068 1083 1155 979 1043 1075 894 981 1062 904 785 993 877 976 1171 1153 1157 876 985 974 1066 1171 709 966 987 821 899 800 885 1072 1064 1159 1154 871 1070 1058 1158 1151 888 1057 1089 804 1079 977 896 981 1049 871 1054 1144 1053 874 1080 1057 1052 1168 871 1081 870 889 1140 1060 884 976 879 1068 1082 888 787 976 1158 786 989 1062 978 1173 1158 883 795 891 1063 786 1067 988 994 794 884 888 1080 878 885 1177 955 993 974 899 972 898 978 1155 1078 1151 901 970 984 790 710 911 1077 875 973 1081 900 977 879 887 1143 996 1090 1067 1008 970 891 1009 1099 814 912 1000 795 974 805 906 705 993 723 797 788

Tree=0
num_leaves=10
num_cat=0
split_feature=148 132 55 25 6 225 109 150 100
split_gain=1.03336 0.721202 0.625059 1.06866 0.164651 0.225473 0.164851 0.0895754 0.0268726
threshold=1.0000000180025095e-35 1104704.1000000003 1.0000000180025095e-35 0.81379310344827605 1.5000000000000002 46.500000000000007 1.0000000180025095e-35 52.000000000000007 378636.58806818194
decision_type=10 8 8 10 2 8 8 10 10
left_child=2 7 3 -1 6 -6 -4 8 -2
right_child=1 -3 4 -5 5 -7 -8 -9 -10
leaf_value=0.10584307114281138 0.10826712841949693 0.10646258772180436 0.10552982427611131 0.10295154135200622 0.10750806484544599 0.10642720315825427 0.10640324764431207 0.10903041768758473 0.10740563383043035
leaf_weight=25 40 54 70 26 46 79 167 33 50
leaf_count=25 40 54 70 26 46 79 167 33 50
internal_value=0.10653 0.107515 0.106103 0.104763 0.10635 0.106757 0.106106 0.108247 0.107919
internal_weight=590 177 413 51 362 125 237 123 90
internal_count=590 177 413 51 362 125 237 123 90
is_linear=0
shrinkage=1


Tree=1
num_leaves=11
num_cat=0
split_feature=148 103 55 119 82 92 46 63 84 212
split_gain=1.00012 1.24307 0.604642 0.371269 0.301751 0.257722 0.191779 0.106938 0.079132 0.0139056
threshold=1.0000000180025095e-35 185242.13184251336 1.0000000180025095e-35 56786138.630577825 1.1449545454702978 -0.042080899922721987 704356.48015494796 1.0000000180025095e-35 12.500000000000002 1.1487053490184509
decision_type=10 8 8 10 8 10 8 8 10 8
left_child=2 5 4 -3 -1 -2 7 -4 -8 -5
right_child=1 3 6 9 -6 -7 8 -9 -10 -11
leaf_value=-0.0028648979514079979 0.0028841249983969385 -0.001256076801176899 3.7621758331330678e-05 0.00013025776483347609 -0.00089028960278342869 0.0011631185696120172 -0.00023276191956214789 0.00079271958781339095 -0.00092003880469746066 0.00058480742726495401
leaf_weight=27 68 31 26 26 24 25 232 62 42 27
leaf_count=27 68 31 26 26 24 25 232 62 42 27
internal_value=5.73379e-06 0.000975593 -0.000413637 -9.35367e-05 -0.0017316 0.00219922 -0.00016992 0.000372829 -0.000382125 0.000311456
internal_weight=590 177 413 84 51 93 362 88 274 53
internal_count=590 177 413 84 51 93 362 88 274 53
is_linear=0
shrinkage=0.0167612


Tree=2
num_leaves=11
num_cat=0
split_feature=148 46 6 209 202 6 186 183 11 25
split_gain=0.966962 1.15553 0.601404 1.05908 0.408324 0.38361 0.369371 0.316141 0.108415 0.0222342
threshold=1.0000000180025095e-35 999980.72463563876 1.5000000000000002 1.0000000180025095e-35 1.0000000180025095e-35 1.5000000000000002 869391.64978452458 22.000000000000004 -0.24999999999999994 1.955357142857143
decision_type=10 8 2 8 10 2 10 10 2 10
left_child=2 5 3 7 9 -2 -3 -1 -5 -4
right_child=1 6 4 8 -6 -7 -8 -9 -10 -11
leaf_value=-0.0037525940576226139 0.001421419991271163 -0.0014387453065010695 -0.00021859885836391616 3.3407752157895192e-05 0.0014506713623680825 0.0032458693043504838 0.00016044352226165487 -0.0016603003561174395 -0.00056820523458432192 0.00013049162919066571
leaf_weight=29 72 26 80 71 37 34 45 26 144 26
leaf_count=29 72 26 80 71 37 34 45 26 144 26
internal_value=3.90992e-06 0.000957824 -0.000408233 -0.000872927 0.000319653 0.00201525 -0.000215853 -0.00250516 -0.000357853 -6.22894e-06
internal_weight=590 177 413 270 143 106 71 55 215 106
internal_count=590 177 413 270 143 106 71 55 215 106
is_linear=0
shrinkage=0.0167612


Tree=3
num_leaves=10
num_cat=0
split_feature=148 111 210 11 10 71 92 71 192
split_gain=0.934637 0.792731 0.572725 0.260227 0.313902 0.192159 0.16737 0.310993 0.149275
threshold=1.0000000180025095e-35 87.48238482384825 0.32258064516129031 -0.68301270189221952 1.0000000180025095e-35 322.00000000000006 0.29502653167632864 12.500000000000002 1.5000000000000002
decision_type=10 8 8 2 2 8 10 10 10
left_child=2 6 -1 8 -5 -3 7 -2 -4
right_child=1 5 3 4 -6 -7 -8 -9 -10
leaf_value=-0.0019367184728083049 0.003172439604113105 0.00026768460086697664 0.00099062528913979779 -4.5264562430284487e-05 -0.0010201289088908171 -0.00090630111714536837 0.00084563095302560027 0.0013962414430139494 0.00010216896150040516
leaf_weight=28 40 32 49 169 127 33 25 47 40
leaf_count=28 40 32 49 169 127 33 25 47 40
internal_value=4.17549e-06 0.000942217 -0.000400772 -0.000220138 -0.000454547 -5.71023e-05 0.00178329 0.00223675 0.000414857
internal_weight=590 177 413 385 296 65 112 87 89
internal_count=590 177 413 385 296 65 112 87 89
is_linear=0
shrinkage=0.0167612


Tree=4
num_leaves=11
num_cat=0
split_feature=148 103 10 11 197 75 109 105 121 173
split_gain=0.904291 1.02583 0.57103 0.458754 0.432219 0.327075 0.274726 0.249483 0.223036 0.0441926
threshold=1.0000000180025095e-35 161710.36024454507 0.25000000000000011 -0.24999999999999994 0.39148936170212773 1.0000000180025095e-35 1.0000000180025095e-35 116.50000000000001 2.8631907308377906 1.0000000180025095e-35
decision_type=10 8 2 2 8 8 8 8 10 8
left_child=2 8 3 9 7 -5 -4 -3 -2 -1
right_child=1 4 6 5 -6 -7 -8 -9 -10 -11
leaf_value=0.0014620290106838994 0.001486613373254117 8.6585416116435063e-05 -0.0018821474420337853 -0.0015219936134805824 -0.001033849277111247 -5.2857920678725938e-05 -0.00060563348207726391 0.0013724040205685033 0.0031638552261545488 0.00060685530811829629
leaf_weight=31 37 26 63 26 37 124 108 38 39 61
leaf_count=31 37 26 63 26 37 124 108 38 39 61
internal_value=2.65526e-06 0.0009256 -0.000395449 4.50359e-05 0.00012964 -0.000403537 -0.00108618 0.00062747 0.00220628 0.000882121
internal_weight=590 177 413 242 101 150 171 64 76 92
internal_count=590 177 413 242 101 150 171 64 76 92
is_linear=0
shrinkage=0.0167612


Tree=5
num_leaves=11
num_cat=0
split_feature=148 103 141 111 92 105 100 186 21 25
split_gain=0.873745 0.973194 0.417491 0.464081 0.36358 0.354801 0.155309 0.107015 0.089447 0.087287
threshold=1.0000000180025095e-35 206416.33714357801 1.0000000180025095e-35 6.7428880643166371 0.15180216377070418 102.50000000000001 906805.9900284902 921029.74003369885 1.0000000180025095e-35 54.692500000000003
decision_type=10 8 8 8 10 10 8 8 10 8
left_child=2 4 3 -1 6 -3 -2 -4 -9 -5
right_child=1 5 7 9 -6 -7 -8 8 -10 -11
leaf_value=-0.0025599757249832413 0.0016816490844640598 -0.0012452457997740136 0.00030232675510237169 -0.00089894825133461902 0.0007337637216484977 0.00038379375156737962 0.0032115378611439634 -0.00012033294987060742 -0.00089202798272847801 -0.00023297780567556033
leaf_weight=26 33 38 90 44 33 27 46 194 27 32
leaf_count=26 33 38 90 44 33 27 46 194 27 32
internal_value=1.32642e-06 0.000908811 -0.000389769 -0.00120387 0.00183204 -0.000225622 0.00250011 -8.73395e-05 -0.000276997 -0.000631858
internal_weight=590 177 413 102 112 65 79 311 221 76
internal_count=590 177 413 102 112 65 79 311 221 76
is_linear=0
shrinkage=0.0167612


Tree=6
num_leaves=11
num_cat=0
split_feature=11 209 67 67 160 117 205 183 161 42
split_gain=1.40708 0.978554 0.476514 0.46454 0.495733 0.253478 0.24058 0.183851 0.179152 0.140811
threshold=1.0000000180025095e-35 1.0000000180025095e-35 366141.32756410254 255369.39090909096 41.38928571428572 46.000000000000007 87.500000000000014 5.5000000000000009 764196.90656565677 1.5000000000000002
decision_type=2 8 10 10 8 10 8 10 8 10
left_child=3 5 9 6 -5 -2 -1 -4 -8 -3
right_child=1 2 7 4 -6 -7 8 -9 -10 -11
leaf_value=-0.00028759105071701145 -0.0035491656517913158 -0.00049557275458421239 0.0012797092503998235 0.00069188232063618785 0.0027747503766004959 -0.0016104771825339141 8.3492446585568011e-05 0.00011806107105162512 0.0010076095838971982 -0.0015057267219140893
leaf_weight=54 27 120 32 38 47 27 24 58 121 42
leaf_count=54 27 120 32 38 47 27 24 58 121 42
internal_value=0 -0.00073066 -0.000315047 0.000812143 0.00173985 -0.00234554 0.000399713 0.000484425 0.00071134 -0.000801432
internal_weight=590 306 252 284 85 54 199 90 145 162
internal_count=590 306 252 284 85 54 199 90 145 162
is_linear=0
shrinkage=0.0167612


Tree=7
num_leaves=9
num_cat=0
split_feature=6 66 204 47 11 213 148 12
split_gain=0.846514 1.17882 0.740076 0.334667 0.399771 0.312524 0.153239 0.0163252
threshold=1.5000000000000002 1.0000000180025095e-35 4.5000000000000009 21.500000000000004 -0.24999999999999994 2.2950000000000004 1.0000000180025095e-35 1.0000000180025095e-35
decision_type=2 8 10 10 2 8 8 2
left_child=1 -1 7 4 -4 -3 -7 -2
right_child=2 5 3 -5 -6 6 -8 -9
leaf_value=-0.0024043209652559417 -3.3403103978758083e-06 0.00084090638328817918 0.0035153459222606698 0.00069833693210852874 0.0014671577292623608 -0.00079519169505507328 -4.4484699684905564e-05 -0.00031744367850949321
leaf_weight=39 44 44 32 39 42 92 217 41
leaf_count=39 44 44 32 39 42 92 217 41
internal_value=0 -0.000419314 0.000830413 0.00167741 0.00236303 -0.000108692 -0.000299387 -1.12038e-05
internal_weight=590 392 198 113 74 353 309 85
internal_count=590 392 198 113 74 353 309 85
is_linear=0
shrinkage=0.0167612


Tree=8
num_leaves=10
num_cat=0
split_feature=121 114 11 86 123 86 10 156 202
split_gain=0.841765 0.55873 0.49367 0.230219 0.185695 0.137253 0.386141 0.109488 0.102494
threshold=2.7550000000000003 6.5000000000000009 -0.68301270189221952 662660.83353494632 1.0000000180025095e-35 797193.64519047632 -1.0000000180025095e-35 3.7912087912087915 1.0000000180025095e-35
decision_type=10 10 2 8 8 8 2 8 8
left_child=2 5 7 -4 -5 -2 -7 -1 -9
right_child=1 -3 3 4 -6 6 -8 8 -10
leaf_value=5.3555131917274364e-05 0.00093436907736323116 4.903482572152866e-05 -5.7784709791629851e-05 -0.0015107568505374276 -0.00060248933965520554 0.0032448408041879507 0.0011386650821358744 0.00034082523429765881 0.0012023129529726063
leaf_weight=26 29 44 45 96 185 35 26 25 52
leaf_count=26 29 44 45 96 185 35 26 25 52
internal_value=-5.51839e-05 0.000952373 -0.000418396 -0.000748935 -0.000945657 0.00172721 0.00227344 0.000390099 0.000796704
internal_weight=563 134 429 326 281 90 61 103 77
internal_count=563 134 429 326 281 90 61 103 77
is_linear=0
shrinkage=0.0167612


Tree=9
num_leaves=10
num_cat=0
split_feature=182 3 11 141 100 209 11 22 12
split_gain=1.10041 0.703032 0.480222 0.447247 0.428482 0.26676 0.252559 0.240756 0.21257
threshold=1452957.9571233676 5.5000000000000009 0.25000000000000017 1.0000000180025095e-35 1420371.2906378603 15.000000000000002 -1.0000000180025095e-35 1.0000000180025095e-35 1.0000000180025095e-35
decision_type=8 2 2 10 8 8 2 8 2
left_child=1 5 6 -3 -5 -1 8 -4 -2
right_child=2 3 7 4 -6 -7 -8 -9 -10
leaf_value=-0.00095727280088609183 -0.00032035926674090181 0.00051223686108144769 -0.0020050612953110116 0.0011784678799449874 0.0030126588795144002 0.00036769644952777577 -0.00094386993980259952 -0.00073903828240023776 0.00068538295100015884
leaf_weight=42 59 25 67 62 50 42 38 87 91
leaf_count=42 59 25 67 62 50 42 38 87 91
internal_value=-5.47602e-05 0.000781307 -0.000634638 0.00151175 0.00201735 -8.86973e-05 -9.88741e-05 -0.00128791 0.000192583
internal_weight=563 221 342 137 112 84 188 154 150
internal_count=563 221 342 137 112 84 188 154 150
is_linear=0
shrinkage=0.0167612


Tree=10
num_leaves=11
num_cat=0
split_feature=3 132 3 182 158 226 131 132 91 56
split_gain=0.787552 0.766751 0.523522 0.475421 0.443948 0.392703 0.152385 0.142332 0.132473 0.121262
threshold=3.5000000000000004 48335.166666666679 9.5000000000000018 665017.50000000012 1.0000000180025095e-35 1.0000000180025095e-35 1.0000000180025095e-35 36538.704545454551 1.0000000180025095e-35 195338.92930555559
decision_type=2 10 2 8 10 8 10 10 10 10
left_child=4 2 9 6 7 -4 -3 -1 -5 -2
right_child=1 3 5 8 -6 -7 -8 -9 -10 -11
leaf_value=-0.00071181087936312128 0.00053562174253876129 0.0012207521527787494 -0.0024289176036505779 8.1771025182203897e-05 -0.0020638278246494853 -0.00057583184344348623 0.0027328161554602518 0.00023233117251755307 0.00085699397199278629 -0.00023855061054439626
leaf_weight=62 99 28 28 70 54 57 41 24 57 43
leaf_count=62 99 28 28 70 54 57 41 24 57 43
internal_value=-5.53767e-05 0.000276184 -0.000298337 0.00100331 -0.00103338 -0.00121456 0.00197999 -0.000408762 0.000448552 0.00017159
internal_weight=563 423 227 196 140 85 69 86 127 142
internal_count=563 423 227 196 140 85 69 86 127 142
is_linear=0
shrinkage=0.0167612


Tree=11
num_leaves=11
num_cat=0
split_feature=182 141 71 11 47 29 15 92 55 13
split_gain=1.19504 0.932507 0.576702 0.491447 0.214029 0.177276 0.16533 0.15411 0.106023 0.011714
threshold=1332247.1705128208 1.0000000180025095e-35 289.50000000000006 -0.5 204.50000000000003 1.0000000180025095e-35 1.0000000180025095e-35 0.40141360562381972 1.0000000180025095e-35 646533.28993110557
decision_type=8 8 8 2 8 8 2 10 10 2
left_child=1 -1 7 4 -2 8 -6 -3 -5 -4
right_child=3 2 9 5 6 -7 -8 -9 -10 -11
leaf_value=-0.00064560661067277142 -0.00058073773641782885 0.0010293349356489529 0.0032044499746232027 -0.0021913705655760151 0.00022910463343248717 -0.00061996471064158917 0.0011910559338567008 0.00019147599765241555 -0.0010840096323344215 0.0019555921549223318
leaf_weight=42 24 79 37 46 32 128 47 33 70 25
leaf_count=42 24 79 37 46 32 128 47 33 70 25
internal_value=-5.51603e-05 0.000832034 0.00142897 -0.000648491 9.44623e-05 -0.00106821 0.000621353 0.000763996 -0.00154957 0.00253556
internal_weight=563 216 174 347 103 244 79 112 116 62
internal_count=563 216 174 347 103 244 79 112 116 62
is_linear=0
shrinkage=0.0167612


Tree=12
num_leaves=11
num_cat=0
split_feature=115 66 10 13 179 160 6 65 117 173
split_gain=0.486273 1.0859 0.453832 0.364976 0.36088 0.321845 0.0842493 0.0584444 0.0414116 0.0286562
threshold=145625.33068992864 1.0000000180025095e-35 -1.0000000180025095e-35 434550.26875000005 1.0000000180025095e-35 53.287878787878789 1.5000000000000002 1.0000000180025095e-35 46.000000000000007 1.0000000180025095e-35
decision_type=10 8 2 2 10 8 2 10 10 8
left_child=3 -2 5 4 -1 -3 9 -4 -6 -5
right_child=1 2 7 6 8 -7 -8 -9 -10 -11
leaf_value=0.00051101471177485407 -0.0013178659743433186 0.0008784650083535643 0.00039642988204094978 -0.0019455843855642912 -0.00036840390844019113 0.0024997307422546318 -0.00056653453953174073 -0.00018232280611639901 -0.0012968822059380234 -0.0010169734176387008
leaf_weight=111 37 55 68 36 26 54 64 31 33 48
leaf_count=111 37 55 68 36 26 54 64 31 33 48
internal_value=-5.57948e-05 0.000450116 0.000964843 -0.000478028 -4.73506e-05 0.0016553 -0.00104378 0.000223009 -0.00080947 -0.00144571
internal_weight=563 245 208 318 170 109 148 99 59 84
internal_count=563 245 208 318 170 109 148 99 59 84
is_linear=0
shrinkage=0.0167612


Tree=13
num_leaves=8
num_cat=0
split_feature=3 212 149 122 144 55 203
split_gain=0.64193 0.743127 0.295032 0.286936 0.336322 0.171575 0.153566
threshold=4.5000000000000009 0.99999999996972988 1.0000000180025095e-35 1.0000000180025095e-35 0.78709677419354851 1.0000000180025095e-35 1.0000000180025095e-35
decision_type=2 10 10 10 10 8 8
left_child=5 3 -3 4 -2 -1 -7
right_child=1 2 -4 -5 -6 6 -8
leaf_value=-0.0016030258533163576 -2.8245909055556235e-05 0.00050801766556041845 0.0019856758467322513 0.00090240415078163185 -0.001211398859255658 1.3687486480300796e-05 -0.000822330480954813
leaf_weight=43 192 31 74 28 56 37 102
leaf_count=43 192 31 74 28 56 37 102
internal_value=-5.59459e-05 0.00030221 0.00135061 -8.54245e-05 -0.000318404 -0.000812864 -0.000537858
internal_weight=563 381 105 276 248 182 139
internal_count=563 381 105 276 248 182 139
is_linear=0
shrinkage=0.0167612


Tree=14
num_leaves=11
num_cat=1
split_feature=14 103 160 0 134 71 10 13 180 42
split_gain=0.663977 0.700877 0.800254 0.607256 0.189088 0.189038 0.169903 0.129763 0.0961566 0.0904855
threshold=7.5000000000000009 140001.01427774783 68.240384615384627 0 1.0000000180025095e-35 90.500000000000014 -0.6830127018922193 871207.20651785727 18.500000000000004 22.500000000000004
decision_type=2 8 8 9 10 10 2 2 10 8
left_child=6 2 9 7 -4 -5 -1 -3 -8 -2
right_child=1 3 4 5 -6 -7 8 -9 -10 -11
leaf_value=-0.00038580221594469683 -0.00026520646775269019 0.0012187739989718601 0.0017761990748918039 -0.00096613402255859432 0.0035866676840995344 -3.5508533775611147e-05 -0.00087121377023497391 0.00022931513443448108 -0.0019107805818332159 0.00052206984376740437
leaf_weight=27 26 64 26 167 26 25 74 36 42 50
leaf_count=27 26 64 26 167 26 25 74 36 42 50
internal_value=-5.48263e-05 0.000252626 0.0011798 -0.000138466 0.00250292 -0.000675239 -0.000943124 0.000671 -0.00129664 0.000282435
internal_weight=563 420 128 292 52 192 143 100 116 76
internal_count=563 420 128 292 52 192 143 100 116 76
cat_boundaries=0 1
cat_threshold=2892
is_linear=0
shrinkage=0.0167612


Tree=15
num_leaves=10
num_cat=0
split_feature=151 207 41 182 13 7 63 3 47
split_gain=0.716116 0.447288 0.266352 0.30494 0.29434 0.206756 0.251306 0.188203 0.222389
threshold=10.500000000000002 12882.824745096003 1.0000000180025095e-35 959281.21281464526 588336.44573643419 1.0000000180025095e-35 1.0000000180025095e-35 3.5000000000000004 4.5000000000000009
decision_type=10 10 8 8 2 2 10 2 10
left_child=2 -2 5 -4 -5 6 -1 -3 -9
right_child=1 7 3 4 -6 -7 -8 8 -10
leaf_value=-0.00057036040235094348 -0.00021187328505184049 0.00046615320577058961 0.00078856305885875797 -2.7260981280559582e-05 -0.0010404184354239991 -0.00036367965124270489 -0.0020178641847174448 0.0024612307989452641 0.0010073573317686986
leaf_weight=29 37 32 41 139 87 34 63 41 60
leaf_count=29 37 32 41 139 87 34 63 41 60
internal_value=-5.26688e-05 0.000753001 -0.000443212 -0.000143312 -0.000383544 -0.00102525 -0.00145532 0.00126425 0.00164626
internal_weight=563 170 393 267 226 126 92 133 101
internal_count=563 170 393 267 226 126 92 133 101
is_linear=0
shrinkage=0.0167612


Tree=16
num_leaves=11
num_cat=1
split_feature=25 148 6 44 160 86 1 197 145 182
split_gain=0.896117 0.601417 0.464268 0.48324 0.188067 0.204752 0.101615 0.0931243 0.0815536 0.0697517
threshold=4.3974358974358987 1.0000000180025095e-35 1.0000000180025095e-35 1.0000000180025095e-35 17.761627906976745 821178.75535714289 0 0.29398148148148157 1.0000000180025095e-35 633459.43405139854
decision_type=10 10 2 8 8 10 1 8 10 10
left_child=2 7 3 -1 -3 -6 -4 9 -9 -2
right_child=1 4 6 -5 5 -7 -8 8 -10 -11
leaf_value=-0.0030420389857728292 -0.00021718546095930659 0.00057690248685767333 -7.6521795786253386e-06 -0.00090589063264301601 0.0026092595456135995 0.0011302396861824302 -0.00053868364913859648 -3.526831720111155e-05 0.00068099370078215568 -0.00093780943618171429
leaf_weight=24 24 27 112 51 43 48 144 29 32 34
leaf_count=24 24 27 112 51 43 48 144 29 32 34
internal_value=-9.59962e-05 0.000617883 -0.000643024 -0.00163111 0.00141028 0.00184584 -0.000311316 -8.28798e-06 0.000204392 -0.000496067
internal_weight=568 237 331 75 118 91 256 119 61 58
internal_count=568 237 331 75 118 91 256 119 61 58
cat_boundaries=0 1
cat_threshold=20
is_linear=0
shrinkage=0.0167612


Tree=17
num_leaves=9
num_cat=0
split_feature=148 215 82 13 11 105 92 123
split_gain=0.836342 0.845543 0.602026 0.256883 0.305625 0.236165 0.228243 0.0735105
threshold=1.0000000180025095e-35 0.7543010752688174 0.94027029421907782 468254.25315579714 -1.0000000180025095e-35 264.00000000000006 -0.57055569013504592 1.0000000180025095e-35
decision_type=10 10 10 2 2 8 10 8
left_child=1 3 5 7 -5 -2 -4 -1
right_child=2 -3 6 4 -6 -7 -8 -9
leaf_value=-0.00011797951027221762 0.00038484168025812655 -0.0023769260181408149 0.0026211294947584853 -0.00010665377861505735 -0.0012177085221754119 -0.00094825504791945026 0.0011211538746696134 0.00041934886084655078
leaf_weight=70 31 27 28 96 106 32 73 105
leaf_count=70 31 27 28 96 106 32 73 105
internal_value=-9.50537e-05 -0.000501485 0.000797351 -0.000281938 -0.000654458 -4.4404e-05 0.00158436 0.000118488
internal_weight=568 404 164 377 202 63 101 175
internal_count=568 404 164 377 202 63 101 175
is_linear=0
shrinkage=0.0167612


Tree=18
num_leaves=9
num_cat=0
split_feature=148 189 11 210 143 115 95 82
split_gain=0.811978 0.683908 0.64626 1.03181 0.155094 0.0289755 0.0157735 0.0067338
threshold=1.0000000180025095e-35 1319918.6400000004 -0.5 1.0000000180025095e-35 1.0000000180025095e-35 1058674.6142857145 1.5000000000000002 0.9527599833457141
decision_type=10 8 2 8 8 8 10 10
left_child=2 7 4 -4 -1 -5 -6 -2
right_child=1 -3 3 5 6 -7 -8 -9
leaf_value=-4.9575665954027315e-05 0.00093140534224291126 -0.00042883528817946024 -0.0030471687012052391 -0.00026436878807258583 0.00053974581770867866 -0.0007361320173422983 0.0012649201684729594 0.0017116006819190119
leaf_weight=39 35 38 24 95 51 166 29 91
leaf_count=39 35 38 24 95 51 166 29 91
internal_value=-9.41419e-05 0.000784892 -0.000494794 -0.000931301 0.000349974 -0.000606107 0.000832247 0.00143453
internal_weight=568 164 404 285 119 261 80 126
internal_count=568 164 404 285 119 261 80 126
is_linear=0
shrinkage=0.0167612


Tree=19
num_leaves=11
num_cat=1
split_feature=111 148 160 0 141 13 5 186 54 11
split_gain=0.919931 0.62893 0.577761 0.520398 0.445002 0.240889 0.120992 0.106572 0.102076 0.0984182
threshold=9.1333333333333346 1.0000000180025095e-35 3.0861344537815127 0 1.0000000180025095e-35 452451.62037037039 2.5000000000000004 177681.63888888893 1.0000000180025095e-35 -1.0000000180025095e-35
decision_type=10 10 10 9 8 2 2 10 10 2
left_child=3 6 -3 5 -5 -1 -2 -6 -8 -7
right_child=1 2 -4 4 7 9 8 -9 -10 -11
leaf_value=0.0010074754262916371 -0.00055014866136609208 0.0030771254981035246 0.00093443742228991515 -0.0021744788204697964 -0.00085130320780684311 9.3306909560453963e-05 5.6814752417245915e-05 -0.00019094200545901886 0.00086076627095878742 -0.00072910284636643714
leaf_weight=46 51 25 82 49 156 27 30 48 25 29
leaf_count=46 51 25 82 49 156 27 30 48 25 29
internal_value=-9.45518e-05 0.00069103 0.00153445 -0.000605057 -0.000998842 0.000187399 2.87996e-05 -0.000681308 0.000289537 -0.000162852
internal_weight=568 213 107 355 253 102 106 204 55 56
internal_count=568 213 107 355 253 102 106 204 55 56
cat_boundaries=0 1
cat_threshold=4205068
is_linear=0
shrinkage=0.0167612


Tree=20
num_leaves=9
num_cat=1
split_feature=1 122 143 82 10 82 11 101
split_gain=0.664995 0.374811 0.493202 0.312016 0.417155 0.306617 0.23785 0.138713
threshold=0 1.0000000180025095e-35 1.0000000180025095e-35 0.92732018048351927 -1.0000000180025095e-35 0.9239409746276509 -0.5 1.0964929983098723
decision_type=1 10 10 10 2 10 2 10
left_child=5 3 -3 6 -5 -1 -2 -7
right_child=1 2 -4 4 -6 7 -8 -9
leaf_value=0.00028137558866983688 -2.4743413714501781e-05 -0.00058560009879816347 -0.0027252631993021307 0.0012834747535342738 -0.00018393592964020385 0.0021423252793121455 -0.00085814359294167852 0.00079216091594896184
leaf_weight=34 96 27 25 57 70 48 182 29
leaf_count=34 96 27 25 57 70 48 182 29
internal_value=-9.24248e-05 -0.000380522 -0.00143155 -0.000206439 0.000372653 0.000849261 -0.000509357 0.00154269
internal_weight=568 457 52 405 127 111 278 77
internal_count=568 457 52 405 127 111 278 77
cat_boundaries=0 1
cat_threshold=8
is_linear=0
shrinkage=0.0167612


Tree=21
num_leaves=10
num_cat=1
split_feature=0 11 122 46 129 56 5 102 200
split_gain=0.965197 0.705275 0.497244 0.294867 0.20222 0.127878 0.105485 0.0868895 0.0821191
threshold=0 -0.24999999999999994 1.0000000180025095e-35 1472257.6214655887 0.015180950541028469 827130.63402685279 2.5000000000000004 1.0000000180025095e-35 -8.348011099999999
decision_type=9 2 10 8 10 10 2 8 8
left_child=3 6 4 5 -3 -1 7 -2 -8
right_child=1 2 -4 -5 -6 -7 8 -9 -10
leaf_value=0.0022981999544198469 -0.00037546802330860332 -0.00097456310537450872 -0.0024291159343350958 0.0002804811565007412 -0.00015110078881283093 0.0010882571552321128 0.001141003406517281 0.00037627949347322456 0.00027308792549060715
leaf_weight=32 54 180 31 27 55 75 41 44 29
leaf_count=32 54 180 31 27 55 75 41 44 29
internal_value=-9.10424e-05 -0.000474238 -0.00101113 0.000948201 -0.000738353 0.0015021 0.000232938 3.73102e-05 0.000696807
internal_weight=568 434 266 134 235 107 168 98 70
internal_count=568 434 266 134 235 107 168 98 70
cat_boundaries=0 1
cat_threshold=2496
is_linear=0
shrinkage=0.0167612


Tree=22
num_leaves=9
num_cat=0
split_feature=209 11 215 103 103 67 137 7
split_gain=0.627835 0.704429 0.438743 0.306157 0.239172 0.212043 0.156592 0.115042
threshold=24.000000000000004 -0.24999999999999994 0.16397849462365588 224380.37179900799 139171.17248244898 743910.08934523817 456473.811965812 1.0000000180025095e-35
decision_type=10 2 10 8 10 8 10 2
left_child=1 6 5 4 -2 -3 7 -1
right_child=3 2 -4 -5 -6 -7 -8 -9
leaf_value=0.00026722541067054667 0.0024596091929288961 1.3216477317421946e-05 -0.0021869516285879108 0.00018104224807587716 0.00088350937462724794 -0.00085395050289452314 -0.00017876914633179204 0.0011831717699302884
leaf_weight=84 27 52 33 28 54 197 37 56
leaf_count=84 27 52 33 28 54 197 37 56
internal_value=-8.97051e-05 -0.000366448 -0.000875999 0.000876967 0.00147198 -0.000625657 0.000345327 0.000668278
internal_weight=568 459 282 109 81 249 177 140
internal_count=568 459 282 109 81 249 177 140
is_linear=0
shrinkage=0.0167612


Tree=23
num_leaves=10
num_cat=0
split_feature=111 2 149 12 71 2 142 118 158
split_gain=0.779867 0.594415 0.413315 0.405111 0.325349 0.142224 0.103272 0.0754257 0.0390128
threshold=3.2777777777777781 2023.5000000000002 1.0000000180025095e-35 1.0000000180025095e-35 111.50000000000001 2024.5000000000002 1.6750000000000003 37.500000000000007 1.0000000180025095e-35
decision_type=10 2 8 2 10 2 10 8 10
left_child=2 3 -1 -2 5 -3 7 -4 -6
right_child=1 4 6 -5 8 -7 -8 -9 -10
leaf_value=-0.0017356131203021122 0.0026303643117638652 -0.0009992447765428689 -0.00093139830379548427 0.00064123116606755882 0.0010413817119284585 -0.00013554856181592447 0.00016839967308940231 -0.00027182767205603418 0.00030904974429669929
leaf_weight=47 42 61 59 32 53 28 31 191 24
leaf_count=47 42 61 59 32 53 28 31 191 24
internal_value=-8.8571e-05 0.000569529 -0.000604889 0.00162643 5.82387e-05 -0.000524674 -0.000359979 -0.000473261 0.000705892
internal_weight=568 240 328 74 166 89 281 250 77
internal_count=568 240 328 74 166 89 281 250 77
is_linear=0
shrinkage=0.0167612


Tree=24
num_leaves=10
num_cat=0
split_feature=151 129 71 56 72 215 28 11 109
split_gain=0.242092 0.407404 0.385242 0.347361 0.474848 0.181924 0.123368 0.0661064 0.0464411
threshold=18.500000000000004 -0.1826852662705237 259.50000000000006 580335.54971083289 1.0000000180025095e-35 1.0000000180025095e-35 16.000000000000004 0.6830127018922193 1.0000000180025095e-35
decision_type=10 10 8 8 10 10 10 2 10
left_child=3 -2 -3 4 -1 7 -7 -5 -6
right_child=1 2 -4 5 8 6 -8 -9 -10
leaf_value=-0.0022544576722008072 -0.00027768871592555398 0.00044001118673576658 0.0022099777335716051 3.608760473563167e-05 -0.00050285366718950833 0.0012200521310895467 0.00028056549275975144 -0.00043386931169683271 -2.8608661069521553e-05
leaf_weight=24 37 54 39 175 53 45 28 77 26
leaf_count=24 37 54 39 175 53 45 28 77 26
internal_value=2.58548e-05 0.000594636 0.00120319 -0.000143877 -0.000881949 8.27539e-05 0.000700876 -7.86352e-05 -0.00033357
internal_weight=558 130 93 428 103 325 73 252 79
internal_count=558 130 93 428 103 325 73 252 79
is_linear=0
shrinkage=0.0167612


Tree=25
num_leaves=11
num_cat=0
split_feature=11 15 165 156 173 10 131 158 50 17
split_gain=0.870255 0.584624 0.650574 0.282565 0.365628 0.405138 0.217855 0.13285 0.0521779 0.0116407
threshold=-1.0000000180025095e-35 1.0000000180025095e-35 1.0000000180025095e-35 2.8708425720620849 1.0000000180025095e-35 -1.0000000180025095e-35 1.0000000180025095e-35 1.0000000180025095e-35 275000.00000000006 1.0000000180025095e-35
decision_type=2 2 10 8 8 2 10 8 8 8
left_child=3 7 -3 -1 5 -5 -4 -2 -9 -6
right_child=1 2 6 4 9 -7 -8 8 -10 -11
leaf_value=-8.5049918027109238e-05 0.00062853738083142746 -0.00031615598164322101 -0.0032763053827834687 0.0023409492561029749 9.091896652086665e-05 0.00068184035203971765 -0.0015642238370208569 9.1956394518184301e-05 -0.00040789699106152661 0.00024215744685659963
leaf_weight=42 42 60 34 65 26 65 35 28 93 68
leaf_count=42 42 60 34 65 26 65 35 28 93 68
internal_value=2.42376e-05 -0.000555279 -0.00133107 0.000687439 0.000967785 0.0015039 -0.00232079 -3.24482e-05 -0.000187005 0.000229142
internal_weight=558 292 129 266 224 130 69 163 121 94
internal_count=558 292 129 266 224 130 69 163 121 94
is_linear=0
shrinkage=0.0167612


Tree=26
num_leaves=11
num_cat=0
split_feature=14 3 212 71 13 13 141 207 3 156
split_gain=0.546496 0.763812 0.406652 0.5262 0.350522 0.212328 0.18363 0.0797497 0.0342149 0.00676602
threshold=7.5000000000000009 8.5000000000000018 0.86077751912299649 150.00000000000003 389543.87933333335 425395.61742993857 1.0000000180025095e-35 262440.81858439068 5.5000000000000009 3.007352941176471
decision_type=2 2 10 8 2 2 10 8 2 10
left_child=1 5 4 9 -2 7 -5 -1 -6 -4
right_child=2 -3 3 6 8 -7 -8 -9 -10 -11
leaf_value=0.000235988863077273 0.0006492827556047701 -0.0020999631277644382 -7.8032894597092057e-05 0.00073879699855771363 -0.00088989499228965606 -0.00063278605345743638 0.0021980407368631743 0.0011455376149139 -0.0003030463521649797 0.00015590980859857406
leaf_weight=26 79 49 45 24 49 42 70 25 112 37
leaf_count=26 79 49 45 24 49 42 70 25 112 37
internal_value=2.37069e-05 -0.000758448 0.000332998 0.000904529 -4.09487e-05 -0.00012692 0.00168021 0.000564268 -0.000503845 0.000167902
internal_weight=558 142 416 176 240 93 94 51 161 82
internal_count=558 142 416 176 240 93 94 51 161 82
is_linear=0
shrinkage=0.0167612


Tree=27
num_leaves=11
num_cat=0
split_feature=3 115 153 5 196 100 91 148 82 225
split_gain=0.344497 0.617753 0.942333 0.41689 0.637061 0.713195 0.290035 0.161627 0.0336208 0.02378
threshold=9.5000000000000018 188309.63529411767 1.0000000180025095e-35 2.5000000000000004 3.5000000000000004 1330973.2666666668 1.0000000180025095e-35 1.0000000180025095e-35 0.87354080662019962 35.500000000000007
decision_type=2 10 8 2 10 8 8 10 10 8
left_child=3 2 -2 6 -5 -6 7 -1 -8 -3
right_child=1 9 -4 4 5 -7 8 -9 -10 -11
leaf_value=-0.00094215226847796667 -0.0027836781431850462 0.00020507711167895039 -0.00026717944330623377 3.2349178476813757e-05 0.0006920412143853683 0.0031400372115936181 0.00021564902060565623 -8.7260832386214129e-05 0.00081375771844470457 0.00096742443754044207
leaf_weight=97 41 24 69 47 42 40 97 37 37 27
leaf_count=97 41 24 69 47 42 40 97 37 37 27
internal_value=2.2118e-05 -0.000550517 -0.00125353 0.000290724 0.000992909 0.00183686 -2.29685e-05 -0.000555216 0.000413529 0.000468411
internal_weight=558 161 110 397 129 82 268 134 134 51
internal_count=558 161 110 397 129 82 268 134 134 51
is_linear=0
shrinkage=0.0167612


Tree=28
num_leaves=9
num_cat=0
split_feature=212 13 117 215 160 131 219 13
split_gain=0.277003 1.00576 0.623436 0.494045 0.393462 0.376134 0.279152 0.00131395
threshold=0.99999999998569844 457860.51196581201 26.000000000000004 0.27419354838709681 35.499487179487183 1.0000000180025095e-35 397622.06101190485 816284.22619047633
decision_type=10 2 8 10 8 8 10 2
left_child=1 3 -3 5 -2 -1 -4 -6
right_child=4 2 6 -5 7 -7 -8 -9
leaf_value=-0.00049585460769185419 7.0610565734408814e-06 -0.0024430829385710313 -0.00095836794208416991 0.0020301961937045534 0.0019453934902166994 0.00080601557888229809 4.3123181104396135e-05 0.0010565926184162519
leaf_weight=60 51 29 129 28 32 114 80 35
leaf_count=60 51 29 129 28 32 114 80 35
internal_value=2.17854e-05 -0.000149523 -0.000857819 0.000620122 0.000660687 0.000307571 -0.000545375 0.00143378
internal_weight=558 440 238 202 118 174 209 67
internal_count=558 440 238 202 118 174 209 67
is_linear=0
shrinkage=0.0167612


Tree=29
num_leaves=11
num_cat=0
split_feature=11 182 55 54 73 225 71 225 186 160
split_gain=0.536055 0.533753 0.556373 0.171367 0.364506 0.141811 0.138082 0.247637 0.184318 0.0137973
threshold=-0.24999999999999994 1452957.9571233676 1.0000000180025095e-35 1.0000000180025095e-35 397082.07692307699 18.500000000000004 116.50000000000001 14.500000000000002 701850.38971981732 23.437500000000004
decision_type=2 8 8 8 8 10 8 10 8 10
left_child=6 3 -3 -2 -5 -4 9 8 -8 -1
right_child=1 2 5 4 -6 -7 7 -9 -10 -11
leaf_value=-0.00010089704098148986 -7.2197668657584122e-05 -0.0022225008508309782 -0.00019223926680881308 0.00018059601486999018 0.0016792689346928175 -0.0011768016134417305 -0.00030085496954818217 0.0016638783583027732 0.00075240626873466587 0.00025133038761007221
leaf_weight=37 36 36 159 32 47 29 25 56 77 24
leaf_count=37 36 36 159 32 47 29 25 56 77 24
internal_value=2.0958e-05 -0.000360217 -0.000836098 0.000384858 0.000872922 -0.00046984 0.00063141 0.000916365 0.000425257 0.00014809
internal_weight=558 339 224 115 79 188 219 158 102 61
internal_count=558 339 224 115 79 188 219 158 102 61
is_linear=0
shrinkage=0.0167612


Tree=30
num_leaves=8
num_cat=0
split_feature=160 141 212 205 209 73 160
split_gain=0.244686 0.295581 0.692849 0.548934 0.457878 0.365066 0.0351009
threshold=27.55482456140351 1.0000000180025095e-35 0.99999999998688949 6.5000000000000009 1.0000000180025095e-35 102741.31818181819 57.642857142857146
decision_type=10 8 8 10 10 10 10
left_child=1 2 -1 4 -3 -5 -2
right_child=6 3 -4 5 -6 -7 -8
leaf_value=-0.0020146180640068538 0.00044098579711689508 -2.9029348531774252e-05 6.7831885168725123e-05 0.001441912931302338 -0.0013846042174493521 0.00016098644172546641 0.0012995625023126821
leaf_weight=47 37 199 42 94 57 52 30
leaf_count=47 37 199 42 94 57 52 30
internal_value=1.84561e-05 -9.36993e-05 -0.000835618 7.04327e-05 -0.000338107 0.000823631 0.000787698
internal_weight=558 491 89 402 256 146 67
internal_count=558 491 89 402 256 146 67
is_linear=0
shrinkage=0.0167612


Tree=31
num_leaves=11
num_cat=0
split_feature=12 22 207 71 176 5 82 141 141 182
split_gain=0.197021 0.402594 0.348004 0.653077 0.306164 0.0974308 0.0949251 0.594139 0.116602 0.0786472
threshold=1.0000000180025095e-35 1.0000000180025095e-35 171248.84684761066 315.50000000000006 1.0000000180025095e-35 2.5000000000000004 1.087241524108751 1.0000000180025095e-35 1.0000000180025095e-35 839975.74511732243
decision_type=2 8 8 8 10 2 8 10 10 10
left_child=2 6 3 -1 -5 -3 7 -2 -8 -4
right_child=1 5 9 4 -6 -7 8 -9 -10 -11
leaf_value=0.00011918019375127114 -0.0027431926872534141 0.00082810252001384941 -0.00036805982698381862 0.0011563490328468378 0.0031298003562561256 8.8681864097445086e-05 -3.2965035744240765e-05 -0.00050950512971194609 -0.00085255338083131411 0.00026626800591071165
leaf_weight=107 24 44 145 28 27 48 29 33 46 27
leaf_count=107 24 44 145 28 27 48 29 33 46 27
internal_value=1.7775e-05 -0.000322063 0.000276454 0.000801465 0.0019874 0.000316429 -0.000891333 -0.00140909 -0.000493075 -0.000149755
internal_weight=558 224 334 162 55 92 132 57 75 172
internal_count=558 224 334 162 55 92 132 57 75 172
is_linear=0
shrinkage=0.0167612


Tree=32
num_leaves=10
num_cat=0
split_feature=182 10 156 56 209 148 179 41 71
split_gain=0.53085 0.567232 0.26932 0.240794 0.540994 0.229478 0.187341 0.150725 0.0278226
threshold=1452957.9571233676 0.25000000000000011 1.8452380952380951 552655.1667940222 1.0000000180025095e-35 1.0000000180025095e-35 5.5000000000000009 1.0000000180025095e-35 90.500000000000014
decision_type=8 2 10 8 8 8 8 10 10
left_child=1 2 -1 7 -5 -3 -6 -2 -4
right_child=3 5 8 4 6 -7 -8 -9 -10
leaf_value=0.0021132139000596259 -0.0019529038346154533 -0.00089018795805153672 0.00030332965775292376 0.0010451024442726293 -0.0011616800804532959 0.000340660386768898 -0.0002095551647576963 -0.00055131195883455567 0.00076989098747802423
leaf_weight=55 28 48 24 45 59 35 187 31 45
leaf_count=55 28 48 24 45 59 35 187 31 45
internal_value=0 0.000622769 0.0013155 -0.000374569 -0.00016996 -0.000148706 -0.000480999 -0.00116748 0.000692826
internal_weight=557 207 124 350 291 83 246 59 69
internal_count=557 207 124 350 291 83 246 59 69
is_linear=0
shrinkage=0.0167612


Tree=33
num_leaves=9
num_cat=0
split_feature=6 182 55 141 11 215 152 174
split_gain=0.259872 0.493756 0.400148 0.341157 0.264616 0.365089 0.228403 0.201749
threshold=1.0000000180025095e-35 690677.65151515161 1.0000000180025095e-35 1.0000000180025095e-35 -1.0000000180025095e-35 0.40967741935483876 243310.83333333334 1.0000000180025095e-35
decision_type=2 8 8 8 2 10 10 8
left_child=2 3 -1 -2 5 -3 -4 -6
right_child=1 4 6 -5 7 -7 -8 -9
leaf_value=-0.0017999196196161421 0.00047991551579258218 6.9811569171806752e-06 -0.00071777813373970082 0.0018793781855001006 -0.0013158293503404634 0.0013079634254254701 0.00044626134382056494 -0.00014517049381320394
leaf_weight=26 25 168 56 60 47 40 53 82
leaf_count=26 25 168 56 60 47 40 53 82
internal_value=0 0.000201576 -0.000561449 0.00116162 -4.30993e-05 0.000259454 -0.000141489 -0.000597737
internal_weight=557 422 135 85 337 208 109 129
internal_count=557 422 135 85 337 208 109 129
is_linear=0
shrinkage=0.0167612


Tree=34
num_leaves=10
num_cat=0
split_feature=11 148 46 7 213 144 99 160 131
split_gain=0.324794 0.391837 0.385104 0.193477 0.391053 0.330239 0.13216 0.113028 0.0623736
threshold=-0.68301270189221952 1.0000000180025095e-35 924797.49292214203 1.0000000180025095e-35 2.6300000000000003 0.18333333333333332 93.500000000000014 38.060947204968954 1.0000000180025095e-35
decision_type=2 10 8 2 10 10 8 8 10
left_child=7 3 -3 5 -5 -2 -4 -1 -9
right_child=1 2 6 4 -6 -7 -8 8 -10
leaf_value=0.00021354842608283951 -0.00028828985736146568 0.0013294452429965056 0.00012468153755783561 -0.00049292771403843492 0.0011873276384509965 -0.0014746087134809348 -0.0008546206765019616 0.00067056325335512269 0.0016393357714227892
leaf_weight=39 152 59 29 54 25 88 24 62 25
leaf_count=39 152 59 29 54 25 88 24 62 25
internal_value=0 -0.000207975 0.000489935 -0.000515525 -1.73323e-05 -0.000759732 -0.00011578 0.000659142 0.00102619
internal_weight=557 431 112 319 79 240 53 126 87
internal_count=557 431 112 319 79 240 53 126 87
is_linear=0
shrinkage=0.0167612


Tree=35
num_leaves=11
num_cat=0
split_feature=182 5 47 148 152 47 56 72 36 144
split_gain=0.403467 0.501363 0.187408 0.168376 0.189136 0.212285 0.153007 0.110258 0.101117 0.0434296
threshold=747594.82758620696 2.5000000000000004 204.50000000000003 1.0000000180025095e-35 492006.24376114085 30.500000000000004 1.0000000180025095e-35 1.0000000180025095e-35 59.500000000000007 1.0000000180025095e-35
decision_type=8 2 8 8 10 10 10 8 8 10
left_child=1 9 -3 6 7 -6 -2 -5 -8 -1
right_child=3 2 -4 4 5 -7 8 -9 -10 -11
leaf_value=7.7840936354940063e-05 -0.00017450737328720148 0.00081351099300611986 0.0023690241595767016 -0.00092454967596042954 0.001277408137907714 0.00013218542115156419 -0.00037248239800139149 -7.4845578120407631e-05 -0.0013770012331824981 -0.00043895830199217338
leaf_weight=27 33 26 41 24 43 27 42 195 68 31
leaf_count=27 33 26 41 24 43 27 42 195 68 31
internal_value=0 0.000737875 0.00162767 -0.000230481 -1.40005e-05 0.000601468 -0.000657583 -0.00023445 -0.00098169 3.76154e-05
internal_weight=557 125 67 432 289 70 143 219 110 58
internal_count=557 125 67 432 289 70 143 219 110 58
is_linear=0
shrinkage=0.0167612


Tree=36
num_leaves=9
num_cat=0
split_feature=11 66 36 146 63 104 226 160
split_gain=0.707589 0.584641 0.526084 0.502858 0.307375 0.132119 0.123228 0.0999355
threshold=-1.0000000180025095e-35 1.0000000180025095e-35 104.00000000000001 1.0000000180025095e-35 1.0000000180025095e-35 2.3304497572615461 1.0000000180025095e-35 30.888148148148151
decision_type=2 8 10 10 10 8 10 8
left_child=3 -2 5 6 -4 -3 7 -1
right_child=1 2 4 -5 -6 -7 -8 -9
leaf_value=-0.00033956381453580792 -0.0021090135876376437 -0.0011956671242677043 0.0015384065217283753 0.0019276350901775857 0.00012521906856657739 -0.00032597022492112174 0.00096126379548502785 0.00031584841384036983
leaf_weight=55 26 85 42 35 28 107 31 148
leaf_count=55 26 85 42 35 28 107 31 148
internal_value=0 -0.000539991 -0.000294868 0.000582356 0.000673815 -0.000722471 0.000304877 9.48214e-05
internal_weight=557 288 262 269 70 192 234 203
internal_count=557 288 262 269 70 192 234 203
is_linear=0
shrinkage=0.0167612


Tree=37
num_leaves=10
num_cat=0
split_feature=182 197 56 194 31 134 118 41 17
split_gain=0.354849 0.441118 0.289068 0.180116 0.172631 0.144215 0.106278 0.0957177 0.0382541
threshold=861829.61913690495 0.27738927738927738 552655.1667940222 1.0000000180025095e-35 1.5000000000000002 1.0000000180025095e-35 30.500000000000004 1.0000000180025095e-35 1.0000000180025095e-35
decision_type=8 8 8 8 10 10 8 8 8
left_child=1 6 4 5 -2 -4 -1 -3 -5
right_child=2 7 3 8 -6 -7 -8 -9 -10
leaf_value=-0.00054451254188155745 -0.0018592803954189585 0.00088965403407403193 0.00088683899285408891 -0.00070653074552457569 -0.00044759880633913181 8.1034540080709589e-05 0.00031924816845046452 0.0021634385210082111 -0.00018132869192017461
leaf_weight=34 32 28 62 45 27 68 42 38 181
leaf_count=34 32 28 62 45 27 68 42 38 181
internal_value=0 0.000645503 -0.000234813 -4.49453e-05 -0.00109419 0.000375854 8.71089e-05 0.00151563 -0.000321943
internal_weight=557 142 415 356 59 130 76 66 226
internal_count=557 142 415 356 59 130 76 66 226
is_linear=0
shrinkage=0.0167612


Tree=38
num_leaves=9
num_cat=0
split_feature=213 7 75 104 13 137 9 50
split_gain=0.663104 1.05778 0.568264 0.572616 0.28276 0.213462 0.193754 0.0214864
threshold=3.5000000000000004 1.0000000180025095e-35 1.0000000180025095e-35 0.49072767413368634 656555.58531746047 729443.25741943263 1.0000000180025095e-35 275000.00000000006
decision_type=10 2 8 10 2 10 2 10
left_child=2 7 3 -1 6 -6 -4 -2
right_child=1 -3 4 -5 5 -7 -8 -9
leaf_value=-0.0026873805143274739 0.00026687594210170797 0.0028985218222233053 0.00059329897576207576 -0.00059194015590557231 -0.00098855666715812651 -6.9426454874414823e-05 -0.00029879723995685479 -0.00014995898497395613
leaf_weight=34 39 31 186 27 97 69 47 27
leaf_count=34 39 31 186 27 97 69 47 27
internal_value=0 0.00106982 -0.000255536 -0.00144704 -1.86543e-05 -0.00050456 0.000320704 0.000236102
internal_weight=557 97 460 61 399 166 233 66
internal_count=557 97 460 61 399 166 233 66
is_linear=0
shrinkage=0.0167612


Tree=39
num_leaves=10
num_cat=0
split_feature=148 11 45 146 111 13 103 210 178
split_gain=0.388624 0.566989 0.497764 0.32648 0.302571 0.458873 0.096929 0.0439207 0.0199895
threshold=1.0000000180025095e-35 -1.0000000180025095e-35 1.5000000000000002 1.0000000180025095e-35 5.5923753665689162 871207.20651785727 180702.42405229312 1.7000000000000002 22.500000000000004
decision_type=10 2 10 10 10 2 10 8 10
left_child=1 3 7 6 8 -6 -1 -3 -2
right_child=4 2 -4 -5 5 -7 -8 -9 -10
leaf_value=0.00022063102887546305 2.0016448123507678e-05 -0.00093434037202191433 -0.0022961938508704706 0.001382800819850235 0.0020979504336548663 0.00036079308627447691 -0.00051950008885115961 -0.000305091683280178 -0.00031725702592888121
leaf_weight=130 28 38 25 32 53 44 32 150 25
leaf_count=130 28 38 25 32 53 44 32 150 25
internal_value=0 -0.000255267 -0.000828176 0.00030522 0.000654297 0.00121015 3.15719e-05 -0.000527209 5.00027e-05
internal_weight=557 407 213 194 150 97 162 188 53
internal_count=557 407 213 194 150 97 162 188 53
is_linear=0
shrinkage=0.0167612


Tree=40
num_leaves=10
num_cat=0
split_feature=11 66 67 168 71 120 7 10 161
split_gain=0.596578 0.461545 0.473614 0.315794 0.307229 0.278902 0.295245 0.226698 0.0147335
threshold=-0.24999999999999994 1.0000000180025095e-35 2373087.8864646689 1.0000000180025095e-35 106.50000000000001 3.5000000000000004 1.0000000180025095e-35 -1.0000000180025095e-35 321798.53121445305
decision_type=2 8 8 10 8 10 2 2 10
left_child=4 -2 7 -4 8 -6 -7 -3 -1
right_child=1 2 3 -5 5 6 -8 -9 -10
leaf_value=-0.00040410103544303368 -0.0017967729982928942 0.0010211253243020324 -0.00034188904843141942 -0.0017031090264027827 0.00034603410179500678 0.00088643765187104543 0.002553076325517511 -1.9981336265761347e-05 -4.0296421676650813e-05
leaf_weight=32 29 72 125 46 84 52 36 56 24
leaf_count=32 29 72 125 46 84 52 36 56 24
internal_value=0 -0.000434893 -0.000228424 -0.000758959 0.000609207 0.000989511 0.00159335 0.000424237 -9.20399e-05
internal_weight=556 328 299 171 228 172 88 128 56
internal_count=556 328 299 171 228 172 88 128 56
is_linear=0
shrinkage=0.0167612


Tree=41
num_leaves=11
num_cat=0
split_feature=11 13 25 160 151 7 91 12 144 71
split_gain=0.981131 0.671054 0.725748 0.360618 0.652323 0.229744 0.156887 0.211484 0.151663 0.0542363
threshold=-1.0000000180025095e-35 527136.30157418072 27.346491228070182 17.025000000000002 2.5000000000000004 1.0000000180025095e-35 1.0000000180025095e-35 1.0000000180025095e-35 0.18333333333333332 125.50000000000001
decision_type=2 2 10 8 10 2 8 2 10 8
left_child=3 6 8 -1 -5 -6 7 -2 -3 -4
right_child=1 2 9 4 5 -7 -8 -9 -10 -11
leaf_value=-0.00012489198780409204 0.00021308293703729616 -0.0017143655963579457 -0.00042453524217985562 0.00025838709233805946 0.0014058108781779531 0.0029662047478544685 0.00056378242780854681 -0.00099619330434015793 -0.0031345521728062876 0.0002887553883805646
leaf_weight=57 28 60 26 121 64 31 69 41 34 25
leaf_count=57 28 60 26 121 64 31 69 41 34 25
internal_value=0 -0.000652284 -0.00140417 0.000669967 0.00101699 0.00192903 -4.76947e-07 -0.000325953 -0.00223284 -0.000376589
internal_weight=556 283 145 273 216 95 138 69 94 51
internal_count=556 283 145 273 216 95 138 69 94 51
is_linear=0
shrinkage=0.0167612


Tree=42
num_leaves=11
num_cat=0
split_feature=182 6 5 31 47 11 176 11 163 7
split_gain=0.530002 0.571129 0.366521 0.258185 0.189609 0.124727 0.116456 0.0976322 0.0750965 0.0437269
threshold=1258541.5366008584 1.0000000180025095e-35 2.5000000000000004 2.5000000000000004 227.50000000000003 -0.24999999999999994 1.0000000180025095e-35 0.86602540378443871 1.0000000180025095e-35 1.0000000180025095e-35
decision_type=8 2 2 8 8 2 10 2 10 2
left_child=2 3 8 -2 9 6 -3 -7 -1 -4
right_child=1 5 4 -5 -6 7 -8 -9 -10 -11
leaf_value=0.0004063345627394379 -0.0024374621875928844 0.00058816802441787031 0.00027640177186620004 -0.00086294285629885952 0.0019771196251073754 -5.7319770140024606e-05 -0.0001779451715880539 -0.00089028655125780027 -0.00031364469932406434 0.00083727403633861608
leaf_weight=35 27 114 26 63 50 91 29 35 59 27
leaf_count=35 27 114 26 63 50 91 29 35 59 27
internal_value=0 -0.000367655 0.000637702 -0.00135213 0.00128165 -2.38857e-05 0.00030317 -0.000336396 0.000105768 0.000660898
internal_weight=556 359 197 90 103 269 143 126 94 53
internal_count=556 359 197 90 103 269 143 126 94 53
is_linear=0
shrinkage=0.0167612


Tree=43
num_leaves=9
num_cat=0
split_feature=92 11 15 168 115 6 143 146
split_gain=0.563564 0.43478 0.34623 0.830392 0.211744 0.134648 0.493917 0.199641
threshold=-0.84476443805059798 0.25000000000000017 1.0000000180025095e-35 1.0000000180025095e-35 1161154.8365384617 1.5000000000000002 1.0000000180025095e-35 1.0000000180025095e-35
decision_type=8 2 2 10 8 2 10 10
left_child=-1 5 4 -4 -3 7 -7 -2
right_child=1 2 3 -5 -6 6 -8 -9
leaf_value=0.0013598705833525553 0.00020326883503937472 0.00032351824836582971 -0.00034171713550695208 -0.0025500607880911885 -0.00072817136342655188 0.00011717097271543406 0.0018647104693972714 -0.00085777501550606439
leaf_weight=41 142 75 43 53 59 83 32 28
leaf_count=41 142 75 43 53 59 83 32 28
internal_value=0 -0.000155506 -0.000672905 -0.00136596 -0.000158272 0.000229786 0.000637497 2.27612e-05
internal_weight=556 515 230 96 134 285 115 170
internal_count=556 515 230 96 134 285 115 170
is_linear=0
shrinkage=0.0167612


Tree=44
num_leaves=11
num_cat=0
split_feature=11 143 47 42 219 10 168 101 20 120
split_gain=0.904475 0.510239 0.342958 0.546568 0.339684 0.259294 0.240214 0.136832 0.0258075 0.00526462
threshold=1.0000000180025095e-35 1.0000000180025095e-35 23.500000000000004 7.5000000000000009 318865.11153846158 -1.0000000180025095e-35 1.0000000180025095e-35 1.1346091678415891 1.12279867630275 26.500000000000004
decision_type=2 10 10 10 10 2 10 8 10 8
left_child=2 4 3 9 6 -5 -2 -6 -4 -1
right_child=1 -3 8 5 7 -7 -8 -9 -10 -11
leaf_value=0.00011717286663986375 -0.00035066120634403566 -0.0018337186221053325 -0.0003088925336663687 0.0028875763424492901 0.0010452834575329164 0.0011695253138111522 -0.0016127070757451342 0.00015154905946877396 4.355870374593216e-05 0.00036011737276700636
leaf_weight=40 125 50 52 41 39 35 35 34 30 75
leaf_count=40 125 50 52 41 39 35 35 34 30 75
internal_value=0 -0.000626037 0.00064351 0.00104791 -0.000308087 0.00199519 -0.000701157 0.000427232 7.74263e-06 0.000367937
internal_weight=556 283 273 191 233 76 160 73 82 115
internal_count=556 283 273 191 233 76 160 73 82 115
is_linear=0
shrinkage=0.0167612


Tree=45
num_leaves=11
num_cat=0
split_feature=11 14 151 137 36 10 213 149 121 161
split_gain=0.800626 0.713275 0.221762 0.394968 0.181376 0.174199 0.112563 0.245319 0.0682875 0.032907
threshold=-0.5 7.5000000000000009 7.5000000000000009 1093751.6158635679 104.00000000000001 0.25000000000000011 3.5000000000000004 1.0000000180025095e-35 3.1132478632478637 351212.8901134177
decision_type=2 2 10 8 10 2 10 10 10 10
left_child=2 6 9 -4 5 -3 7 -2 -6 -1
right_child=1 4 3 -5 8 -7 -8 -9 -10 -11
leaf_value=0.00053210283472536566 -0.0029053822778194287 5.6521457683345937e-05 0.00062756374924157897 0.0026680455973737078 0.00018609069147330977 -0.00075096931159652591 -0.00074953068108369833 -0.0012135465452417467 0.0010613909116468565 0.00019236706550236282
leaf_weight=93 30 105 31 30 51 88 29 42 32 25
leaf_count=93 30 105 31 30 51 88 29 42 32 25
internal_value=0 -0.000421837 0.000835872 0.00158435 -2.67547e-05 -0.000260469 -0.00146647 -0.00196216 0.000539532 0.000449672
internal_weight=556 377 179 61 276 193 101 72 83 118
internal_count=556 377 179 61 276 193 101 72 83 118
is_linear=0
shrinkage=0.0167612


Tree=46
num_leaves=11
num_cat=0
split_feature=6 151 160 132 40 10 69 121 158 13
split_gain=0.538569 0.484597 0.261771 0.196528 0.315153 0.172473 0.237202 0.107447 0.0923217 0.0905446
threshold=1.0000000180025095e-35 7.5000000000000009 53.287878787878789 96400.769230769263 1.0000000180025095e-35 0.68301270189221941 1.0000000180025095e-35 1.9795918367346943 1.0000000180025095e-35 1105520.7633333334
decision_type=2 10 8 10 8 2 8 10 10 2
left_child=3 5 -3 4 -1 9 -7 -4 -5 -2
right_child=1 2 7 8 -6 6 -8 -9 -10 -11
leaf_value=-0.002411068368023162 0.00028459812960295614 0.00030044003677612416 0.00081352609196124999 0.00027165604271723058 -0.00066125851416101516 -0.0015074472312181376 -0.00024582027696034707 0.0020781713444349426 -0.00058293671601088236 -0.00038210994203391235
leaf_weight=29 179 62 24 26 47 32 34 58 32 33
leaf_count=29 179 62 24 26 47 32 34 58 32 33
internal_value=0 0.000280953 0.000998707 -0.000819289 -0.00138187 -6.54255e-05 -0.000692992 0.00160449 -0.000210089 9.89565e-05
internal_weight=556 422 144 134 76 278 66 82 58 212
internal_count=556 422 144 134 76 278 66 82 58 212
is_linear=0
shrinkage=0.0167612


Tree=47
num_leaves=10
num_cat=0
split_feature=5 152 71 88 13 158 47 6 165
split_gain=0.320945 0.269876 0.388138 0.229602 0.211366 0.156789 0.121385 0.0683391 0.0292887
threshold=1.5000000000000002 611891.66666666686 87.000000000000014 1380.0000000000002 416989.22675736964 1.0000000180025095e-35 9.5000000000000018 1.5000000000000002 1.0000000180025095e-35
decision_type=2 10 8 10 2 8 10 2 10
left_child=5 3 -3 7 -5 -1 -4 -2 -7
right_child=1 2 6 4 -6 8 -8 -9 -10
leaf_value=-0.00014803124586628371 0.00054621862478013974 -5.175855886540369e-05 0.0019130307867486407 -6.0676419963293667e-05 -0.0011008017844993886 -0.00060870143620986631 0.00071114751953204941 5.1021377885587417e-05 -0.001372229003728699
leaf_weight=29 104 35 55 38 72 54 37 82 50
leaf_count=29 104 35 55 38 72 54 37 82 50
internal_value=0 0.000214541 0.000792519 -1.24834e-05 -0.000570537 -0.000636244 0.00137874 0.000274865 -0.000994313
internal_weight=556 423 127 296 110 133 92 186 104
internal_count=556 423 127 296 110 133 92 186 104
is_linear=0
shrinkage=0.0167612


Tree=48
num_leaves=11
num_cat=1
split_feature=0 82 11 210 71 28 119 156 156 99
split_gain=0.577518 0.433357 0.433138 0.78352 0.347437 0.303428 0.200577 0.0346236 0.0275503 0.0194681
threshold=0 0.81497237042939008 1.0000000180025095e-35 1.7000000000000002 289.50000000000006 1.0000000180025095e-35 56547238.073988535 2.9180107526881724 3.046315789473685 25.500000000000004
decision_type=9 10 2 8 8 10 8 8 8 10
left_child=1 5 6 -4 -3 -1 -2 -5 -8 -6
right_child=2 4 3 7 9 -7 8 -9 -10 -11
leaf_value=0.00039961853286890603 0.00092316849172979071 0.00050719563577059687 -0.0025514183511558823 -0.00017522847893364541 0.0014424831647765432 -0.0010230642426638042 -0.00039798604175653358 -0.00048108384159885141 -1.9807001990722669e-05 0.002589132059936443
leaf_weight=47 27 79 40 26 25 37 43 97 101 35
leaf_count=47 27 79 40 26 25 37 43 97 101 35
internal_value=-8.91866e-06 0.000572704 -0.000436879 -0.00103185 0.00116191 -8.04318e-05 2.03876e-05 -0.000418985 -0.00012684 0.00200324
internal_weight=557 223 334 163 139 84 171 123 144 60
internal_count=557 223 334 163 139 84 171 123 144 60
cat_boundaries=0 1
cat_threshold=2510
is_linear=0
shrinkage=0.0167612


Tree=49
num_leaves=10
num_cat=0
split_feature=151 129 160 11 48 119 144 109 6
split_gain=0.627646 0.368196 0.452495 0.371089 0.608788 0.276179 0.133948 0.0583845 0.00179616
threshold=4.5000000000000009 -0.046060664013612841 76.101785714285725 1.0000000180025095e-35 1.0000000180025095e-35 56730846.476067662 0.35483870967741932 1.0000000180025095e-35 1.0000000180025095e-35
decision_type=8 10 8 2 8 8 10 10 2
left_child=6 3 8 5 -5 -2 -1 -8 -3
right_child=1 2 -4 4 -6 -7 7 -9 -10
leaf_value=-0.00029281523667797071 0.0015441768330529515 2.2542484964140334e-05 0.001851013086108155 -0.0018514810073055831 -7.4368929745731566e-05 0.00017176723510515903 -0.0014667355502694308 -0.00051896229308539383 0.00016203324848410163
leaf_weight=36 27 25 63 41 97 121 87 25 35
leaf_count=36 27 25 63 41 97 121 87 25 35
internal_value=-8.92506e-06 0.000301066 0.000983861 1.84682e-05 -0.000566944 0.000507972 -0.000856809 -0.00120465 0.000233686
internal_weight=557 409 123 286 138 148 148 112 60
internal_count=557 409 123 286 138 148 148 112 60
is_linear=0
shrinkage=0.0167612


Tree=50
num_leaves=9
num_cat=0
split_feature=25 23 6 71 75 12 161 15
split_gain=0.376034 0.498509 0.474844 0.353099 0.403053 0.285378 0.144705 0.0102602
threshold=1.4573170731707317 1.0000000180025095e-35 1.5000000000000002 119.50000000000001 1.0000000180025095e-35 1.0000000180025095e-35 602244.69696969714 1.0000000180025095e-35
decision_type=10 8 2 8 10 2 10 2
left_child=1 2 5 6 -5 -1 -2 -3
right_child=3 7 -4 4 -6 -7 -8 -9
leaf_value=-0.00079629646161484449 -0.00073059215840112518 4.0258629484549682e-06 -0.00024929360310178833 -0.00011014486078711629 0.0012981800991566834 -0.0025174092295352541 0.00018137339995555362 0.00020209179551741794
leaf_weight=25 59 114 30 32 136 59 39 63
leaf_count=25 59 114 30 32 136 59 39 63
internal_value=-7.45296e-06 -0.00041375 -0.00118929 0.000403761 0.000865885 -0.0018614 -0.000194674 2.8581e-05
internal_weight=557 291 114 266 168 84 98 177
internal_count=557 291 114 266 168 84 98 177
is_linear=0
shrinkage=0.0167612


Tree=51
num_leaves=10
num_cat=0
split_feature=182 148 114 207 218 11 100 141 20
split_gain=0.404374 0.488323 0.376121 0.35372 0.360447 0.317501 0.223324 0.0465755 0.130506
threshold=906805.9900284902 1.0000000180025095e-35 4.5000000000000009 30814.985301964301 1.0000000180025095e-35 -1.0000000180025095e-35 254158.48969451606 1.0000000180025095e-35 0.96639799576417629
decision_type=8 8 10 10 8 2 10 10 10
left_child=1 7 3 4 -2 -4 -3 -1 -9
right_child=2 6 5 -5 -6 -7 -8 8 -10
leaf_value=-0.00040787071406531025 -0.0011223882377148723 0.0023997199631330241 -0.00047160495577425963 0.00076830360661115683 -1.363357222236603e-05 -0.0021457053524337999 0.00081647934089907443 0.00067880602437734759 -0.00032491358178468019
leaf_weight=32 82 34 30 71 174 37 38 33 26
leaf_count=32 82 34 30 71 174 37 38 33 26
internal_value=-6.67882e-06 0.00061088 -0.000299791 -6.00544e-05 -0.000346111 -0.00122857 0.0015063 5.55687e-05 0.000111666
internal_weight=557 163 394 327 256 67 72 91 59
internal_count=557 163 394 327 256 67 72 91 59
is_linear=0
shrinkage=0.0167612


Tree=52
num_leaves=11
num_cat=0
split_feature=15 11 88 212 86 131 7 213 47 83
split_gain=0.275969 0.346782 0.320498 0.245023 0.3432 0.207416 0.147161 0.136844 0.113267 0.0790107
threshold=1.0000000180025095e-35 0.25000000000000017 1380.0000000000002 0.99999999998342315 469422.69421975064 1.0000000180025095e-35 1.0000000180025095e-35 2.8900000000000001 41.500000000000007 0.14907407407407408
decision_type=2 2 10 10 10 10 2 8 10 8
left_child=3 6 -3 8 -5 -4 7 -2 9 -1
right_child=1 2 5 4 -6 -7 -8 -9 -10 -11
leaf_value=0.00056706929386293856 -0.00087132869737376322 -0.00032803950346935629 -0.0027852994300674801 0.0016908720742301051 0.00018451505562955603 -0.0011022293843694199 0.00076316538919853907 4.9760957255280764e-05 -0.00059784067287772845 -3.551711264762195e-06
leaf_weight=51 25 44 26 49 65 31 28 65 41 132
leaf_count=51 25 44 26 49 65 31 28 65 41 132
internal_value=-6.08059e-06 -0.000448 -0.00110029 0.000263855 0.000826202 -0.00184469 -1.30231e-06 -0.000172365 1.32521e-05 0.000127483
internal_weight=557 219 101 338 114 57 118 90 224 183
internal_count=557 219 101 338 114 57 118 90 224 183
is_linear=0
shrinkage=0.0167612


Tree=53
num_leaves=10
num_cat=0
split_feature=66 52 58 73 121 161 84 15 109
split_gain=0.337132 0.579658 0.422097 0.355276 0.1859 0.146947 0.0357024 0.00193956 0.00179963
threshold=1.0000000180025095e-35 18628.433840266011 1.0000000180025095e-35 117654.2177419355 2.7703296703296707 351212.8901134177 14.500000000000002 1.0000000180025095e-35 1.0000000180025095e-35
decision_type=8 10 8 10 10 10 10 2 10
left_child=6 2 8 4 -3 -5 -1 -4 -2
right_child=1 3 7 5 -6 -7 -8 -9 -10
leaf_value=-0.00062285882234275824 -0.0015712717529894683 0.00084303462008223219 -3.9958348972996724e-06 -0.0002190424132841419 0.0022255505058907201 0.00060886146694329743 -0.0016258006812098339 6.7940588531299341e-05 -0.0007632421495606627
leaf_weight=28 58 52 117 71 39 77 24 66 25
leaf_count=28 58 52 117 71 39 77 24 66 25
internal_value=-5.49638e-06 0.000111144 -0.000369398 0.000684476 0.00142481 0.000209011 -0.000993374 -2.90091e-05 -0.0012189
internal_weight=557 505 266 239 91 148 52 183 83
internal_count=557 505 266 239 91 148 52 183 83
is_linear=0
shrinkage=0.0167612


Tree=54
num_leaves=10
num_cat=0
split_feature=14 11 82 92 197 141 134 183 182
split_gain=0.606929 0.859761 0.325065 0.382401 0.161732 0.116209 0.109049 0.0482763 0.0458543
threshold=7.5000000000000009 1.0000000180025095e-35 1.0048741492607125 0.11745450786765957 0.14550264550264549 1.0000000180025095e-35 1.0000000180025095e-35 22.000000000000004 888565.25708333345
decision_type=2 2 10 10 8 8 10 10 8
left_child=1 -1 5 4 -4 -2 -3 -5 -7
right_child=2 6 3 7 -6 8 -8 -9 -10
leaf_value=0.00021030293672639141 -0.00065222769954144573 -0.0025259623275672881 0.0010610721882981476 0.00040480208799480985 0.0026335164799207904 0.00047265898282423312 -0.0012301282924915282 -0.00018141730303560319 8.5805347891175895e-06
leaf_weight=54 30 49 26 43 30 45 36 24 220
leaf_count=54 30 49 26 43 30 45 36 24 220
internal_value=-5.47553e-06 -0.000869288 0.000286405 0.00093045 0.00180068 1.70648e-05 -0.00186625 0.000210126 0.000109579
internal_weight=557 139 418 123 56 295 85 67 265
internal_count=557 139 418 123 56 295 85 67 265
is_linear=0
shrinkage=0.0167612


Tree=55
num_leaves=10
num_cat=0
split_feature=66 115 225 10 71 11 76 148 207
split_gain=0.320615 0.553862 0.323686 0.172701 0.219445 0.135911 0.1015 0.0743407 0.0606529
threshold=1.0000000180025095e-35 188309.63529411767 41.500000000000007 0.25000000000000011 48.500000000000007 1.0000000180025095e-35 11.500000000000002 1.0000000180025095e-35 139616.36796369954
decision_type=8 10 8 2 10 2 10 10 8
left_child=6 2 5 4 -3 -2 -1 -5 -4
right_child=1 3 8 7 -6 -7 -8 -9 -10
leaf_value=-0.00042935617276952323 -0.00049620082532283202 0.0018549119113665106 0.00051994030702852173 -0.00023147598085827069 0.00055407966380259239 -0.0016384138410203877 -0.0016858528514052708 0.00047592291674458399 -4.0522819533624932e-05
leaf_weight=25 57 55 25 29 66 43 27 48 182
leaf_count=25 57 55 25 29 66 43 27 48 182
internal_value=-4.46854e-06 0.00010891 -0.00028935 0.000757688 0.00116643 -0.000979072 -0.000968183 0.000196167 1.60897e-06
internal_weight=557 505 307 198 121 100 52 77 207
internal_count=557 505 307 198 121 100 52 77 207
is_linear=0
shrinkage=0.0167612


Tree=56
num_leaves=9
num_cat=0
split_feature=13 55 200 46 150 121 55 180
split_gain=0.505745 0.700719 0.51876 0.258858 0.123628 0.115875 0.0505326 0.0200063
threshold=429524.51572327054 1.0000000180025095e-35 -8.5191404499999983 1442868.6115161215 6.5000000000000009 2.776388888888889 1.0000000180025095e-35 61.500000000000007
decision_type=2 8 10 8 8 10 10 8
left_child=2 -2 4 5 -1 -3 -5 -6
right_child=1 3 -4 6 7 -7 -8 -9
leaf_value=-0.00039646608436211229 -0.0018818283357771842 -1.0518981815171369e-05 0.0018318296803170892 -0.00040153794109976706 0.00018320224339102124 0.00060962497591878016 -0.0011856399678320882 0.00053896273450701384
leaf_weight=29 35 100 50 86 24 110 26 100
leaf_count=29 35 100 50 86 24 110 26 100
internal_value=3.70748e-05 -0.000309004 0.000663056 -5.43738e-05 0.000212524 0.000253437 -0.000623578 0.000418447
internal_weight=560 357 203 322 153 210 112 124
internal_count=560 357 203 322 153 210 112 124
is_linear=0
shrinkage=0.0167612


Tree=57
num_leaves=11
num_cat=0
split_feature=13 12 10 218 63 74 148 9 63 85
split_gain=0.515678 0.693987 0.424951 0.570949 0.278171 0.217096 0.258205 0.126366 0.0983445 0.066362
threshold=646533.28993110557 1.0000000180025095e-35 -0.24999999999999994 1.0000000180025095e-35 1.0000000180025095e-35 1.0000000180025095e-35 1.0000000180025095e-35 1.0000000180025095e-35 1.0000000180025095e-35 18.500000000000004
decision_type=2 2 2 8 10 8 8 2 8 10
left_child=2 8 3 9 -3 6 -4 -7 -2 -1
right_child=1 4 5 -5 -6 7 -8 -9 -10 -11
leaf_value=0.0016268336402504441 0.0003282654390415523 -0.0010339067599113151 -0.0012225111400033925 0.00030691293431816538 -0.0029131618373208902 0.00084268796571421915 -1.5014281733412738e-06 6.2275560901942388e-05 -0.00033020136449047948 0.0030172046903750253
leaf_weight=26 81 29 49 69 27 74 42 35 99 29
leaf_count=26 81 29 49 69 27 74 42 35 99 29
internal_value=3.48847e-05 -0.000502602 0.000459907 0.00115581 -0.00178971 3.93063e-05 -0.000498773 0.000444846 -4.72791e-05 0.00222352
internal_weight=560 236 324 124 56 200 91 109 180 55
internal_count=560 236 324 124 56 200 91 109 180 55
is_linear=0
shrinkage=0.0167612


Tree=58
num_leaves=11
num_cat=0
split_feature=182 13 76 71 126 56 222 76 151 60
split_gain=0.225874 0.655835 0.387079 0.264132 0.243561 0.243346 0.282918 0.130967 0.0741723 0.0699567
threshold=247499.73211875846 447468.64252232149 12.500000000000002 181.50000000000003 116.04047185 451342.36113799404 1.0000000180025095e-35 25.500000000000004 6.5000000000000009 2.5000000000000004
decision_type=10 2 10 8 10 8 8 8 10 10
left_child=1 5 9 7 -5 -1 -7 8 -2 -3
right_child=3 2 -4 4 -6 6 -8 -9 -10 -11
leaf_value=-0.00020958652437188247 -0.0009221378464219917 -0.00058415551143976385 -0.0019295070873227627 0.00040420223839061833 0.0016434540521155423 0.0018889343433133715 0.00042824417997570794 0.0004152433621996799 -0.00019004404889714406 -4.9576372398554838e-05
leaf_weight=46 33 104 47 30 60 27 102 60 26 25
leaf_count=46 33 104 47 30 60 27 102 60 26 25
internal_value=3.36633e-05 -0.000197356 -0.000880204 0.000447215 0.00105298 0.000421518 0.000835571 6.07064e-05 -0.00045441 -0.000440533
internal_weight=560 351 176 209 90 175 129 119 59 129
internal_count=560 351 176 209 90 175 129 119 59 129
is_linear=0
shrinkage=0.0167612


Tree=59
num_leaves=9
num_cat=0
split_feature=141 129 46 103 11 205 163 73
split_gain=0.29743 0.57253 0.440034 0.345313 0.165365 0.138507 0.113083 0.0631971
threshold=1.0000000180025095e-35 -0.027703397463176398 784252.58206203149 114512.55934377848 -0.5 58.000000000000007 1.0000000180025095e-35 423713.27621951228
decision_type=8 8 8 8 2 10 10 8
left_child=1 -1 -3 5 -5 7 -6 -2
right_child=3 2 -4 4 6 -7 -8 -9
leaf_value=-0.0021068563409835928 0.00027058519916868843 -0.00083846953632694856 0.00094011692573889305 0.00047064220987790218 -1.728012604871969e-05 0.0019046440586174744 -0.00073974287961763377 0.00091806762374464291
leaf_weight=24 26 48 34 117 203 25 54 29
leaf_count=24 26 48 34 117 203 25 54 29
internal_value=3.26865e-05 -0.000636826 -0.00011821 0.000227831 1.08439e-05 0.00105767 -0.000204961 0.00064699
internal_weight=560 106 82 454 374 80 257 55
internal_count=560 106 82 454 374 80 257 55
is_linear=0
shrinkage=0.0167612


Tree=60
num_leaves=11
num_cat=0
split_feature=182 13 103 148 101 71 125 192 213 42
split_gain=0.340658 0.641005 0.307012 0.302434 0.167895 0.285734 0.1162 0.127213 0.0758145 0.0730598
threshold=1329650.6029411766 434550.26875000005 161710.36024454507 1.0000000180025095e-35 1.0350382803372524 22.500000000000004 1.0000000180025095e-35 5.5000000000000009 2.7350000000000008 13.500000000000002
decision_type=8 2 8 8 10 10 10 8 10 10
left_child=3 6 -3 8 5 -5 7 -2 -1 -4
right_child=1 2 9 4 -6 -7 -8 -9 -10 -11
leaf_value=-0.00039032697045179095 0.0014425486469337699 -0.0019489735274226814 -0.00027803313620584599 0.0026980357376491051 0.0004145141472427828 0.00092069130976539016 -2.4232032717986711e-05 0.00039909990187623736 0.00029429061418011969 -0.0010334808137839335
leaf_weight=45 28 33 128 24 33 43 25 101 60 40
leaf_count=45 28 33 128 24 33 43 25 101 60 40
internal_value=3.16676e-05 -0.000251652 -0.00085316 0.000544115 0.00114638 0.00164276 0.000432192 0.000713059 8.22199e-05 -0.00056299
internal_weight=560 355 201 205 100 67 154 129 105 168
internal_count=560 355 201 205 100 67 154 129 105 168
is_linear=0
shrinkage=0.0167612


Tree=61
num_leaves=10
num_cat=0
split_feature=13 14 107 114 22 209 124 17 186
split_gain=0.457861 0.897083 0.333381 0.21579 0.180618 0.1394 0.098099 0.0758307 0.0141061
threshold=527136.30157418072 7.5000000000000009 690.00000000000011 4.5000000000000009 1.0000000180025095e-35 15.000000000000002 1.0000000180025095e-35 1.0000000180025095e-35 217165.16916071501
decision_type=2 2 10 8 10 10 10 10 10
left_child=2 6 4 5 7 -3 -2 -1 -5
right_child=1 3 -4 8 -6 -7 -8 -9 -10
leaf_value=0.00021447307934759844 -0.0028245857766075171 0.00010650076646029307 0.0016617751480962491 -0.00021555162939645501 0.0010996560865611062 0.00090370091192338133 -0.0013605689455700757 -0.00040635452887799402 -0.00072902292460919733
leaf_weight=171 28 59 31 70 29 71 26 33 42
leaf_count=171 28 59 31 70 29 71 26 33 42
internal_value=2.99627e-05 -0.000380818 0.00051822 -2.16332e-05 0.000293862 0.000442689 -0.00189489 6.31e-05 -0.000431527
internal_weight=560 296 264 242 233 130 54 204 112
internal_count=560 296 264 242 233 130 54 204 112
is_linear=0
shrinkage=0.0167612


Tree=62
num_leaves=10
num_cat=0
split_feature=13 55 202 121 148 182 66 105 127
split_gain=0.47666 0.950048 0.361653 0.268843 0.154393 0.130611 0.0454401 0.033322 0.00567279
threshold=471749.65287277714 1.0000000180025095e-35 1.0000000180025095e-35 2.3772229822161428 1.0000000180025095e-35 712677.20458049898 1.0000000180025095e-35 15.500000000000002 1.0000000180025095e-35
decision_type=2 8 10 10 8 8 10 10 8
left_child=2 -2 4 6 7 -5 -3 -1 -6
right_child=1 3 -4 5 8 -7 -8 -9 -10
leaf_value=-0.00051441978354219641 -0.0023411676577438732 -0.00025260641103368024 0.0016944314503964319 0.0010632266516063698 0.00093527478745142334 0.00010805971468776692 -0.00089478346495018546 -7.036664130653931e-05 0.00041997479159013848
leaf_weight=37 25 85 37 30 30 121 62 30 103
leaf_count=37 25 85 37 30 30 121 62 30 103
internal_value=2.94555e-05 -0.000351635 0.00057297 -7.19281e-05 0.000293735 0.000358739 -0.000534291 -0.000183311 0.000586547
internal_weight=560 323 237 298 200 151 147 67 133
internal_count=560 323 237 298 200 151 147 67 133
is_linear=0
shrinkage=0.0167612


Tree=63
num_leaves=9
num_cat=0
split_feature=11 14 146 82 75 123 78 158
split_gain=0.444558 0.904893 0.35083 0.191421 0.150304 0.0848963 0.040143 0.0195921
threshold=-1.0000000180025095e-35 7.5000000000000009 1.0000000180025095e-35 0.91031704343113984 1.0000000180025095e-35 1.0000000180025095e-35 0.059714795008912656 1.0000000180025095e-35
decision_type=2 2 10 10 8 8 10 10
left_child=2 3 4 -2 -1 -6 7 -3
right_child=1 6 -4 -5 5 -7 -8 -9
leaf_value=-0.00040485334173731851 -0.0026842629946519929 8.3945562689060599e-05 0.0015636641813391804 -0.0011640056058522656 0.00075296310210752886 7.7644785900934083e-05 0.00043961333915362456 -0.00024811105597807073
leaf_weight=36 31 130 41 46 93 106 45 32
leaf_count=36 31 130 41 46 93 106 45 32
internal_value=2.87862e-05 -0.00039308 0.000491822 -0.00168932 0.000239179 0.000419533 8.28138e-05 8.56623e-06
internal_weight=560 284 276 77 235 199 207 162
internal_count=560 284 276 77 235 199 207 162
is_linear=0
shrinkage=0.0167612


Tree=64
num_leaves=9
num_cat=0
split_feature=11 178 122 13 103 92 47 121
split_gain=0.432556 0.35958 0.352506 0.240908 0.238766 0.19021 0.116297 0.155915
threshold=-0.24999999999999994 58.500000000000007 1.0000000180025095e-35 603248.51836917584 203275.15250517961 -0.60177328164657673 52.500000000000007 2.655913978494624
decision_type=2 10 10 2 8 10 10 10
left_child=3 2 4 5 -2 -1 7 -5
right_child=1 -3 -4 6 -6 -7 -8 -9
leaf_value=0.0014295221777585593 0.0001559857833030512 0.00066964478557737632 -0.0018494205434763482 7.5628954213536365e-06 -0.00070490959568702248 0.0004271692353840351 -0.00051962315621271549 0.00099477825135723384
leaf_weight=84 87 33 25 41 195 26 37 31
leaf_count=84 87 33 25 41 195 26 37 31
internal_value=-1.58726e-05 -0.000385652 -0.000601269 0.000505299 -0.000404136 0.00102139 7.39626e-05 0.000331943
internal_weight=559 340 307 219 282 110 109 72
internal_count=559 340 307 219 282 110 109 72
is_linear=0
shrinkage=0.0167612


Tree=65
num_leaves=10
num_cat=0
split_feature=121 11 47 66 131 119 200 12 151
split_gain=0.245999 0.376693 0.357899 0.182581 0.180108 0.157537 0.0766086 0.080005 0.0250564
threshold=3.0385185185185191 -0.5 50.500000000000007 1.0000000180025095e-35 1.0000000180025095e-35 56730846.476067662 -8.3530716999999992 1.0000000180025095e-35 2.5000000000000004
decision_type=10 2 10 8 10 10 8 2 10
left_child=1 6 4 -3 -2 -5 8 -8 -1
right_child=2 3 -4 5 -6 -7 7 -9 -10
leaf_value=-0.00014489943042915576 0.00048763346438967663 -0.0014003868242707669 -0.00020990525633854929 -0.00060717631096271962 0.0019131303584734591 5.2306722142934491e-05 0.00032890482778554896 0.0013411617074379964 0.00031390015957800629
leaf_weight=28 30 28 30 200 43 101 39 33 27
leaf_count=28 30 28 30 200 43 101 39 33 27
internal_value=-1.57252e-05 -0.000192351 0.000601263 -0.000497334 0.0012533 -0.000355844 0.000452709 0.000823947 0.000114823
internal_weight=559 456 103 329 73 301 127 72 55
internal_count=559 456 103 329 73 301 127 72 55
is_linear=0
shrinkage=0.0167612


Tree=66
num_leaves=7
num_cat=0
split_feature=5 82 84 9 41 156
split_gain=0.439288 0.241739 0.202713 0.197625 0.223014 0.0582572
threshold=1.5000000000000002 1.0673843004530352 23.500000000000004 1.0000000180025095e-35 1.0000000180025095e-35 4.7000000000000011
decision_type=2 10 10 2 8 8
left_child=2 3 -1 4 -2 -3
right_child=1 5 -4 -5 -6 -7
leaf_value=-0.0011704342107946477 -0.00026177952489902579 0.00057892244442820393 -0.00023205171554416211 -0.00061598901136159141 0.0005633710143143995 0.0016027759470946376
leaf_weight=103 98 36 38 60 196 28
leaf_count=103 98 36 38 60 196 28
internal_value=-1.56273e-05 0.00023161 -0.000746544 5.0898e-05 0.000235942 0.000995988
internal_weight=559 418 141 354 294 64
internal_count=559 418 141 354 294 64
is_linear=0
shrinkage=0.0167612


Tree=67
num_leaves=11
num_cat=1
split_feature=0 13 55 103 14 67 100 120 197 186
split_gain=0.40536 0.552964 0.370657 0.239816 0.265203 0.144971 0.116785 0.128011 0.0952929 0.0448589
threshold=0 457860.51196581201 1.0000000180025095e-35 158959.96776740398 18.000000000000004 982090.73616946791 763617.04545454553 43.500000000000007 0.026709401709401653 720746.32857142878
decision_type=9 2 10 8 2 8 8 8 10 8
left_child=1 5 -3 6 8 -1 -2 -8 -5 -4
right_child=3 2 9 4 -6 -7 7 -9 -10 -11
leaf_value=-0.00010048874167342927 0.00023411952222646631 -0.0020961431814948352 -0.00020247449436301264 -0.00059980819559208481 0.00077375546267215818 0.00087000383369074919 0.00073549284006666036 0.0019668435826196069 2.1242590160993054e-06 -0.00067649572291919938
leaf_weight=24 47 57 31 114 54 48 56 27 54 47
leaf_count=24 47 57 31 114 54 48 56 27 54 47
internal_value=-1.51522e-05 -0.000554438 -0.00120288 0.000297366 2.30916e-05 0.000270255 0.000822846 0.00121483 -0.000313499 -0.000538297
internal_weight=559 207 135 352 222 72 130 83 168 78
internal_count=559 207 135 352 222 72 130 83 168 78
cat_boundaries=0 1
cat_threshold=41246768
is_linear=0
shrinkage=0.0167612


Tree=68
num_leaves=9
num_cat=0
split_feature=71 11 200 122 129 7 41 40
split_gain=0.255617 0.69441 0.409755 0.391733 0.422342 0.11397 0.112847 0.0120802
threshold=79.500000000000014 -1.0000000180025095e-35 -8.5191404499999983 1.0000000180025095e-35 -0.030418960858493944 1.0000000180025095e-35 1.0000000180025095e-35 1.0000000180025095e-35
decision_type=8 2 10 10 10 2 8 8
left_child=6 2 7 4 -3 -4 -1 -2
right_child=1 3 5 -5 -6 -7 -8 -9
leaf_value=-0.0014757065798250203 -9.0792937211817221e-05 -0.0006593015937033669 0.0010211529027021032 -0.0017368166008100781 0.00059240695464664555 0.0021461265254171854 -0.00032462192602506515 0.00016267236325713047
leaf_weight=32 35 167 82 24 77 35 29 78
leaf_count=32 35 167 82 24 77 35 29 78
internal_value=-1.39712e-05 9.4687e-05 0.000738108 -0.000425824 -0.000216407 0.00139025 -0.000828301 0.000104758
internal_weight=559 498 230 268 244 117 61 113
internal_count=559 498 230 268 244 117 61 113
is_linear=0
shrinkage=0.0167612


Tree=69
num_leaves=9
num_cat=0
split_feature=11 66 213 13 56 82 173 213
split_gain=0.378455 0.395815 0.356718 0.234873 0.393376 0.111882 0.0496063 0.0367336
threshold=-0.5 1.0000000180025095e-35 3.5000000000000004 416989.22675736964 418154.46511546319 1.0497247863770516 1.0000000180025095e-35 2.5350000000000006
decision_type=2 8 10 2 10 10 10 10
left_child=2 -2 6 5 -5 -3 7 -1
right_child=1 3 -4 4 -6 -7 -8 -9
leaf_value=0.00050308472580443337 -0.0014918630764075159 7.5418299009332582e-05 0.0015906059931804651 -0.0011815249185387271 1.6350758461783682e-05 0.00096776207493580056 -0.00021597456500604002 0.00011116425427458466
leaf_weight=71 36 112 42 92 118 31 25 32
leaf_count=71 36 112 42 92 118 31 25 32
internal_value=-1.41376e-05 -0.000304673 0.000567179 -0.000121006 -0.000458738 0.00032374 0.000158056 0.000301488
internal_weight=559 389 170 353 210 143 128 103
internal_count=559 389 170 353 210 143 128 103
is_linear=0
shrinkage=0.0167612


Tree=70
num_leaves=10
num_cat=1
split_feature=13 1 200 62 182 156 173 58 17
split_gain=0.759216 0.664336 0.49017 0.356152 0.203966 0.143651 0.1085 0.0920043 0.0899229
threshold=457860.51196581201 0 -8.5191404499999983 1.0000000180025095e-35 510547.87008032133 2.6084715374271634 1.0000000180025095e-35 1.0000000180025095e-35 1.0000000180025095e-35
decision_type=2 1 10 10 10 8 8 8 8
left_child=2 4 7 -4 8 -6 -3 -1 -2
right_child=1 6 3 -5 5 -7 -8 -9 -10
leaf_value=-0.00025254120255758589 -0.00095410109386942911 -0.0023641884485865014 0.0025748147607353349 0.00067561587799849104 -0.00012104315180590231 0.00074561014056923839 -0.0012027728147931324 0.00039748283219199132 -0.00015065751938177449
leaf_weight=46 45 26 42 27 27 100 85 118 43
leaf_count=46 45 26 42 27 27 100 85 118 43
internal_value=-1.34975e-05 -0.000522862 0.000649278 0.0016516 -4.18185e-05 0.000401079 -0.00139744 0.000187993 -0.000497264
internal_weight=559 326 233 69 215 127 111 164 88
internal_count=559 326 233 69 215 127 111 164 88
cat_boundaries=0 1
cat_threshold=12
is_linear=0
shrinkage=0.0167612


Tree=71
num_leaves=10
num_cat=1
split_feature=0 205 101 7 204 212 169 74 6
split_gain=0.375265 0.303582 0.23799 0.208563 0.166627 0.126795 0.232558 0.0827691 0.0690622
threshold=0 33.500000000000007 1.1886217745240606 1.0000000180025095e-35 30.500000000000004 0.99999999996668176 5.5000000000000009 1.0000000180025095e-35 1.5000000000000002
decision_type=9 8 8 2 10 8 10 10 2
left_child=1 -1 3 4 -2 -3 -7 8 -4
right_child=2 5 7 -5 -6 6 -8 -9 -10
leaf_value=-0.0015644103691734327 -5.9082589971525316e-05 -0.00093352018742912817 0.00033631238764757719 0.0014819928665597078 0.00088244444890446245 -0.00048133289945468527 0.00061868778653185129 -0.0005605316578361205 -0.00023738909372991276
leaf_weight=38 66 24 100 50 47 88 57 37 52
leaf_count=38 66 24 100 50 47 88 57 37 52
internal_value=-1.40926e-05 -0.000533489 0.000286025 0.000735141 0.00034276 -0.000258034 -2.94629e-05 -2.31657e-05 6.70201e-05
internal_weight=559 207 352 163 113 169 145 189 152
internal_count=559 207 352 163 113 169 145 189 152
cat_boundaries=0 1
cat_threshold=41246768
is_linear=0
shrinkage=0.0167612


Tree=72
num_leaves=11
num_cat=0
split_feature=3 11 137 84 163 119 157 219 76 160
split_gain=0.237656 0.420426 0.427154 0.727076 0.375554 0.273549 0.119344 0.0768974 0.0036367 0.0013458
threshold=4.5000000000000009 -1.0000000180025095e-35 341961.51332199556 8.5000000000000018 1.0000000180025095e-35 56668936.326442041 1.0000000180025095e-35 686237.93924319732 20.500000000000004 61.332298136645967
decision_type=2 2 10 10 10 8 10 10 10 8
left_child=4 5 3 -3 7 -2 -7 -1 -6 -4
right_child=1 2 9 -5 8 6 -8 -9 -10 -11
leaf_value=-0.00017935194987214243 0.0014598789175455775 -0.00022173428719762868 0.00014195843857810151 -0.0024658357906800423 -0.0016350812847255568 2.8779142270666693e-05 0.00087444932490393168 0.00051864355838225249 -0.00080730382203379313 0.00068292890041445281
leaf_weight=78 46 72 27 37 58 155 32 25 25 28
leaf_count=78 46 72 27 37 58 155 32 25 25 28
internal_value=-0.000101185 0.000103237 -0.00044893 -0.00105769 -0.000559102 0.000554006 0.000267443 -8.58729e-05 -0.00129343 0.000347029
internal_weight=583 397 164 109 186 233 187 103 83 55
internal_count=583 397 164 109 186 233 187 103 83 55
is_linear=0
shrinkage=0.0167612


Tree=73
num_leaves=9
num_cat=0
split_feature=141 115 101 31 61 47 100 197
split_gain=0.327199 0.420645 0.337714 0.373881 0.241361 0.120933 0.110041 0.179583
threshold=1.0000000180025095e-35 171407.66577380957 1.7085849634659609 1.5000000000000002 1.0000000180025095e-35 23.500000000000004 557063.80000000016 0.10300618921308571
decision_type=8 10 8 10 8 10 10 8
left_child=2 4 3 -1 5 -2 7 -3
right_child=1 6 -4 -5 -6 -7 -8 -9
leaf_value=-0.002155329217846595 -0.0013112805391450981 0.00041445466601573711 -6.101201053023746e-05 -0.0006273659057864883 -2.5589837570064586e-05 -0.00039719121188829258 0.00023212254945905231 0.0014613525415489057
leaf_weight=54 67 28 30 24 193 24 90 73
leaf_count=54 67 28 30 24 193 24 90 73
internal_value=-9.82898e-05 6.92875e-05 -0.000820398 -0.00143295 -0.000289832 -0.000907213 0.000644373 0.00103534
internal_weight=583 475 108 78 284 91 191 101
internal_count=583 475 108 78 284 91 191 101
is_linear=0
shrinkage=0.0167612


Tree=74
num_leaves=8
num_cat=0
split_feature=13 114 82 105 5 129 105
split_gain=0.34948 0.345433 0.529351 0.522842 0.218328 0.133451 0.0993935
threshold=187066.06931818186 1.0000000180025095e-35 1.533983413680031 91.500000000000014 2.5000000000000004 0.0075400813651400672 101.50000000000001
decision_type=2 8 8 8 2 8 10
left_child=-1 2 4 5 -2 -3 -5
right_child=1 3 -4 6 -6 -7 -8
leaf_value=0.0010437621166050413 0.00024983129036007458 -0.0025645503352435838 -0.00084189609438431988 -0.00036495633168252855 0.0014435699144595005 -0.0011223655692920605 0.00019294469588798129
leaf_weight=31 72 25 35 246 68 36 70
leaf_count=31 72 25 35 246 68 36 70
internal_value=-9.55175e-05 -0.000210079 0.000318707 -0.000496465 0.000828885 -0.00163558 -0.000215036
internal_weight=583 552 175 377 140 61 316
internal_count=583 552 175 377 140 61 316
is_linear=0
shrinkage=0.0167612


Tree=75
num_leaves=10
num_cat=0
split_feature=141 115 78 47 14 55 11 5 219
split_gain=0.306436 0.425173 0.380297 0.353703 0.32678 0.250855 0.212404 0.179369 0.00871528
threshold=1.0000000180025095e-35 163348.36896221907 0.19133291614518141 23.500000000000004 18.000000000000004 1.0000000180025095e-35 -1.0000000180025095e-35 1.5000000000000002 760345.76134792634
decision_type=8 10 8 10 2 10 2 2 10
left_child=2 4 5 7 6 -1 -2 -3 -5
right_child=1 3 -4 8 -6 -7 -8 -9 -10
leaf_value=-0.0023054545732195146 -0.00011480865768183686 0.00044147429488512372 3.8604201243372964e-05 3.8742628726387402e-06 0.00038851738608665262 -0.00070880663113766955 -0.0011201953980162034 0.0015704940168712448 -0.00024265861500639188
leaf_weight=36 90 31 30 44 77 42 113 92 28
leaf_count=36 90 31 30 44 77 42 113 92 28
internal_value=-9.37422e-05 6.79272e-05 -0.00079283 0.000637249 -0.000299949 -0.00143722 -0.000667643 0.0011737 1.29948e-05
internal_weight=583 475 108 195 280 78 203 123 72
internal_count=583 475 108 195 280 78 203 123 72
is_linear=0
shrinkage=0.0167612


Tree=76
num_leaves=10
num_cat=0
split_feature=141 78 103 114 10 2 152 36 121
split_gain=0.294946 0.445653 0.427543 0.338529 0.269618 0.210616 0.196299 0.0686743 0.0628299
threshold=1.0000000180025095e-35 0.041241496598639411 131961.44031281897 9.5000000000000018 0.25000000000000011 2024.5000000000002 1032484.393809524 104.00000000000001 2.5527777777777785
decision_type=8 8 8 10 2 2 8 10 10
left_child=1 3 4 -1 8 6 -4 -7 -2
right_child=2 -3 5 -5 -6 7 -8 -9 -10
leaf_value=-0.00069252158129839091 0.00098159544869540747 -3.7767443092961525e-05 -0.00013808082881336899 -0.0025994113436387692 0.00028395384850945371 1.2250862537215172e-05 -0.0010101199333069318 0.0006142718117912719 0.0021037638987077161
leaf_weight=31 37 44 60 33 39 167 106 33 33
leaf_count=31 37 44 60 33 39 167 106 33 33
internal_value=-9.18143e-05 -0.00077778 6.64878e-05 -0.00159972 0.000876456 -0.000171921 -0.000591144 0.000121712 0.00149565
internal_weight=583 108 475 64 109 366 166 200 70
internal_count=583 108 475 64 109 366 166 200 70
is_linear=0
shrinkage=0.0167612


Tree=77
num_leaves=10
num_cat=0
split_feature=209 6 146 103 13 6 20 56 160
split_gain=0.17475 0.590539 0.721528 0.302448 0.282579 0.198912 0.0813211 0.0988811 0.0335084
threshold=1.0000000180025095e-35 1.5000000000000002 1.0000000180025095e-35 205502.06117598721 360090.63472222228 1.0000000180025095e-35 1.0809072955952346 584542.91666666674 37.357777777777784
decision_type=8 2 10 8 2 2 10 10 8
left_child=1 2 -1 6 -5 -6 7 -2 -8
right_child=3 -3 -4 4 5 -7 8 -9 -10
leaf_value=-0.00039206602161670435 0.0002908906693198351 0.00055465056058176933 -0.0025502304983067085 0.00040146582932366778 -0.0013165051356354683 -0.00027904414030310984 -7.8847049793871675e-05 0.0012398194540334678 0.00039746416632356125
leaf_weight=44 51 32 43 70 54 153 46 63 27
leaf_count=44 51 32 43 70 54 153 46 63 27
internal_value=-8.93667e-05 -0.000592796 -0.00131504 3.6103e-05 -0.000270253 -0.000598403 0.000530477 0.000824536 0.000110168
internal_weight=583 119 87 464 277 207 187 114 73
internal_count=583 119 87 464 277 207 187 114 73
is_linear=0
shrinkage=0.0167612


Tree=78
num_leaves=9
num_cat=0
split_feature=11 122 152 123 156 46 202 151
split_gain=0.430489 0.371353 0.316935 0.357906 0.140305 0.153753 0.170436 0.0979679
threshold=-0.24999999999999994 1.0000000180025095e-35 280369.20908408408 1.0000000180025095e-35 2.7944711538461542 791210.10160126572 1.0000000180025095e-35 7.5000000000000009
decision_type=2 10 10 8 8 10 10 10
left_child=4 2 3 -2 -1 6 -6 -4
right_child=1 -3 7 -5 5 -7 -8 -9
leaf_value=-0.00012552903675497174 -0.0016887903711679932 -0.0016665916033239822 -1.5112876897234225e-05 -0.00027660076726807075 0.00056566626573619774 0.00015512351143860432 0.0017299840317430936 0.00064680046726758444
leaf_weight=37 44 31 47 145 110 57 32 80
leaf_count=37 44 31 47 145 110 57 32 80
internal_value=-8.66414e-05 -0.000455612 -0.00027022 -0.000673136 0.000408748 0.000628199 0.00091381 0.000267839
internal_weight=583 347 316 189 236 199 142 127
internal_count=583 347 316 189 236 199 142 127
is_linear=0
shrinkage=0.0167612


Tree=79
num_leaves=9
num_cat=0
split_feature=14 13 207 6 15 189 119 106
split_gain=0.409992 0.296164 0.292001 0.304358 0.115244 0.114798 0.0532132 0.00598338
threshold=7.5000000000000009 1097694.524140212 40380.187484015165 1.5000000000000002 1.0000000180025095e-35 229674.33333333334 58516736.25437317 31112.144456420781
decision_type=2 2 10 2 2 8 10 8
left_child=5 2 4 -4 -2 7 -3 -1
right_child=1 6 3 -5 -6 -7 -8 -9
leaf_value=-0.0001261016170849948 -0.00016831227311246179 -0.0011858945110272583 0.0004862173370160108 0.0020335033798200958 0.00047033407253158804 -0.0012775423086056796 -0.00029396583532344527 -0.00035978134585252911
leaf_weight=31 192 34 83 29 81 73 25 35
leaf_count=31 192 34 83 29 81 73 25 35
internal_value=-8.6835e-05 0.000137055 0.000327749 0.000959822 2.67313e-05 -0.000799278 -0.000687167 -0.000335253
internal_weight=583 444 385 112 273 139 59 66
internal_count=583 444 385 112 273 139 59 66
is_linear=0
shrinkage=0.0167612


Tree=80
num_leaves=10
num_cat=0
split_feature=11 13 55 215 212 103 116 209 173
split_gain=0.521576 0.587818 0.423587 0.304777 0.131896 0.119311 0.0922066 0.0809698 0.00695969
threshold=-1.0000000180025095e-35 676691.97786023514 1.0000000180025095e-35 0.16397849462365588 0.99999999997269839 136252.66856378291 900.00000000000011 24.000000000000004 1.0000000180025095e-35
decision_type=2 2 8 10 10 8 10 8 8
left_child=1 3 6 8 -3 -4 -2 -7 -1
right_child=2 4 5 -5 -6 7 -8 -9 -10
leaf_value=0.001074925440801581 -0.0022629571127931849 -0.00058879739430865632 0.00046916387343278246 0.0023524300487459118 0.0002534879431379249 -0.00079090817145072352 -0.00090840951178013964 -6.1760490560900486e-05 0.0004910789666596365
leaf_weight=44 26 70 43 34 48 36 24 140 65
leaf_count=44 26 70 43 34 48 36 24 140 65
internal_value=7.31978e-05 0.000585394 -0.000394317 0.00126947 -8.97176e-05 -8.29926e-05 -0.00147117 -0.000273062 0.000854029
internal_weight=530 261 269 143 118 219 50 176 109
internal_count=530 261 269 143 118 219 50 176 109
is_linear=0
shrinkage=0.0167612


Tree=81
num_leaves=9
num_cat=0
split_feature=148 103 111 103 10 101 9 111
split_gain=0.243558 0.360799 0.16347 0.153362 0.309008 0.100312 0.0821683 0.0549801
threshold=1.0000000180025095e-35 183594.76784886557 9.1333333333333346 203275.15250517961 0.25000000000000011 0.75063502608007959 1.0000000180025095e-35 47.187500000000007
decision_type=10 8 10 10 2 10 2 10
left_child=3 2 -2 4 6 -6 -1 -3
right_child=1 7 -4 -5 5 -7 -8 -9
leaf_value=0.00059692265481609073 0.00052840867569807493 -0.00048882456441850662 0.0018638804593935166 -0.00082750869834137086 -0.00020545925913804521 -0.0010530840087872343 5.6047957789871652e-05 8.9288486906323084e-05
leaf_weight=153 33 31 51 42 91 53 38 38
leaf_count=153 33 31 51 42 91 53 38 38
internal_value=7.21679e-05 0.000586674 0.00126319 -0.000128951 -6.81433e-06 -0.000534424 0.000391703 3.93155e-06
internal_weight=530 153 84 377 335 144 191 69
internal_count=530 153 84 377 335 144 191 69
is_linear=0
shrinkage=0.0167612


Tree=82
num_leaves=9
num_cat=0
split_feature=5 13 158 126 160 76 7 19
split_gain=0.400463 0.459023 0.214561 0.200744 0.206468 0.0631003 0.054586 0.00939628
threshold=1.5000000000000002 978221.85528926493 1.0000000180025095e-35 116.07631110000001 27.083333333333339 26.500000000000004 1.0000000180025095e-35 33.500000000000007
decision_type=2 2 8 10 8 8 2 8
left_child=2 3 -1 6 -5 -3 -2 -4
right_child=1 5 7 4 -6 -7 -8 -9
leaf_value=2.3358680019139827e-05 0.00013295387171837739 -0.0011150426712207479 -0.001408712294300692 0.00052460680140099521 0.0018128577224573094 -0.00023632876503356195 0.00067773150699799772 -0.00072331616447781732
leaf_weight=30 168 39 41 26 58 29 73 66
leaf_count=30 168 39 41 26 58 29 73 66
internal_value=6.9482e-05 0.000344766 -0.000602181 0.000624291 0.00125438 -0.000603013 0.000361503 -0.00101406
internal_weight=530 393 137 325 84 68 241 107
internal_count=530 393 137 325 84 68 241 107
is_linear=0
shrinkage=0.0167612


Tree=83
num_leaves=10
num_cat=0
split_feature=11 47 215 209 117 219 10 182 82
split_gain=0.497401 0.463118 0.669208 0.34251 0.210169 0.183227 0.0713959 0.0522334 0.0362419
threshold=1.0000000180025095e-35 50.500000000000007 0.7543010752688174 10.500000000000002 46.000000000000007 447468.64252232149 -1.0000000180025095e-35 805284.29519047623 1.0307004445184575
decision_type=2 10 10 8 10 10 2 8 10
left_child=1 2 7 4 -2 6 -5 -1 -6
right_child=3 -3 -4 5 8 -7 -8 -9 -10
leaf_value=0.00090953638484642585 -0.0021310902618014594 -0.00042065075413212475 0.0025026232259072927 -6.5182102113977254e-05 -0.00090340563796588414 0.00063689979067368843 -0.00064822717840992531 0.00026301683741170576 -0.00024158941518315284
leaf_weight=47 24 50 32 68 28 50 65 132 34
leaf_count=47 24 50 32 68 28 50 65 132 34
internal_value=6.83606e-05 0.000568941 0.000943758 -0.00038786 -0.00113994 -3.59428e-05 -0.000302328 0.000535088 -0.000681065
internal_weight=530 261 211 269 86 183 133 179 62
internal_count=530 261 211 269 86 183 133 179 62
is_linear=0
shrinkage=0.0167612


Tree=84
num_leaves=10
num_cat=0
split_feature=151 7 36 13 196 88 121 213 131
split_gain=0.275601 0.287627 0.271858 0.302572 0.462522 0.257537 0.216998 0.184082 0.0918795
threshold=11.500000000000002 1.0000000180025095e-35 28.500000000000004 299199.70343137259 5.5000000000000009 1380.0000000000002 2.776388888888889 2.5650000000000004 1.0000000180025095e-35
decision_type=10 2 10 2 10 10 10 10 10
left_child=2 6 3 7 -5 -4 -2 -1 -7
right_child=1 -3 5 4 -6 8 -8 -9 -10
leaf_value=0.0013309606831499285 -0.00035532877996921744 0.001601536890292731 -0.00026049198938674225 -0.00065439925606512663 0.00081614221874220128 -0.0020557702820603522 0.00076408136753014044 0.00033078561232730989 -0.00080246372334598283
leaf_weight=59 50 36 31 163 45 34 59 26 27
leaf_count=59 50 36 31 163 45 34 59 26 27
internal_value=6.71861e-05 0.000631665 -0.000140015 6.22137e-05 -0.000215821 -0.00082353 0.000230226 0.000790934 -0.00144477
internal_weight=530 145 385 293 208 92 109 85 61
internal_count=530 145 385 293 208 92 109 85 61
is_linear=0
shrinkage=0.0167612


Tree=85
num_leaves=8
num_cat=0
split_feature=13 13 146 7 82 109 125
split_gain=0.424246 0.400763 0.415545 0.244228 0.24011 0.205597 0.00650997
threshold=382991.82352941186 425395.61742993857 1.0000000180025095e-35 1.0000000180025095e-35 0.98057869925637997 1.0000000180025095e-35 1.0000000180025095e-35
decision_type=2 2 8 2 10 8 10
left_child=5 -2 4 -4 -3 6 -1
right_child=1 2 3 -5 -6 -7 -8
leaf_value=0.00022372374660258821 0.00088211226496253878 -0.00042735440031741053 -0.0015898351013560188 -0.0003170672768505338 0.00057148164271260643 0.0012231237714225478 3.4149097179598185e-05
leaf_weight=25 38 105 90 45 89 93 45
leaf_count=25 38 105 90 45 89 93 45
internal_value=6.71064e-05 -0.000217474 -0.000437268 -0.00108045 -3.29738e-05 0.000719394 0.000151604
internal_weight=530 367 329 135 194 163 70
internal_count=530 367 329 135 194 163 70
is_linear=0
shrinkage=0.0167612


Tree=86
num_leaves=10
num_cat=0
split_feature=151 7 107 76 212 73 73 146 145
split_gain=0.562069 0.51547 0.298628 0.184554 0.110286 0.076667 0.0430001 0.0322709 0.0220456
threshold=7.5000000000000009 1.0000000180025095e-35 690.00000000000011 13.500000000000002 0.99999999997857791 200709.74074074076 1.0000000180025095e-35 1.0000000180025095e-35 1.0000000180025095e-35
decision_type=10 2 10 10 10 10 10 8 10
left_child=2 4 7 -4 6 -6 -2 -1 -9
right_child=1 -3 3 -5 5 -7 -8 8 -10
leaf_value=0.00029362454219832316 -0.00050923746653559992 0.001968206828799831 -0.00056834900908695797 -0.0019104180064161754 0.0010258886842764452 0.00020778313538956126 -3.9749132902407268e-05 -8.7188750082026048e-06 -0.00036026793978361247
leaf_weight=40 29 46 64 26 41 36 29 182 37
leaf_count=40 29 46 64 26 41 36 29 182 37
internal_value=6.70104e-05 0.000768447 -0.000290125 -0.00100339 0.000291696 0.000607996 -0.000104979 -1.95275e-05 -9.36193e-05
internal_weight=530 181 349 90 135 77 58 259 219
internal_count=530 181 349 90 135 77 58 259 219
is_linear=0
shrinkage=0.0167612


Tree=87
num_leaves=9
num_cat=0
split_feature=3 13 75 158 117 152 56 180
split_gain=0.367385 0.606031 0.217075 0.202084 0.171752 0.140384 0.128628 0.0211848
threshold=3.5000000000000004 429524.51572327054 1.0000000180025095e-35 1.0000000180025095e-35 26.000000000000004 641000.00000000012 1324475.8552920553 58.500000000000007
decision_type=2 2 10 8 8 10 8 8
left_child=3 4 6 -1 -2 -4 -3 -6
right_child=1 2 5 -5 7 -7 -8 -9
leaf_value=2.8269675098359952e-05 0.001975383293109863 -0.0014293626825305347 -0.00020862660274802557 -0.00097620135992417933 0.00029131631909168343 0.00058414122107140439 -0.00031695400243127517 0.00092581153189625004
leaf_weight=30 36 26 62 107 35 94 67 73
leaf_count=30 36 26 62 107 35 94 67 73
internal_value=6.59054e-05 0.000330178 -9.68844e-05 -0.000576642 0.00111703 0.00018119 -0.00068166 0.00079335
internal_weight=530 393 249 137 144 156 93 108
internal_count=530 393 249 137 144 156 93 108
is_linear=0
shrinkage=0.0167612


Tree=88
num_leaves=10
num_cat=0
split_feature=148 46 111 70 10 9 114 46 92
split_gain=0.233968 0.408807 0.228021 0.0958534 0.0901049 0.0754295 0.13588 0.0604134 0.00236015
threshold=1.0000000180025095e-35 864862.89100943098 14.347680097680101 839975.74511732243 1.0000000180025095e-35 1.0000000180025095e-35 15.500000000000002 168225.50396825399 0.50819826283698266
decision_type=10 8 10 10 2 2 8 10 8
left_child=4 2 -2 -3 5 6 -1 -6 -5
right_child=1 3 -4 8 7 -7 -8 -9 -10
leaf_value=0.00059937089611597732 0.00050750598042398906 -0.0008327099584224504 0.0019941252274025081 8.5905013858220342e-05 -0.00023905363326634716 -0.00051641950094784403 -0.00018340745965193483 -0.00086727023263958323 -2.8099378168948887e-05
leaf_weight=62 47 28 34 25 101 43 105 97 24
leaf_count=62 47 28 34 25 101 43 105 97 24
internal_value=-0.000100798 0.000369909 0.00112416 -0.000232441 -0.000316244 -5.95894e-05 7.08699e-05 -0.00056527 -6.4181e-05
internal_weight=566 158 81 77 408 210 167 198 49
internal_count=566 158 81 77 408 210 167 198 49
is_linear=0
shrinkage=0.0167612


Tree=89
num_leaves=10
num_cat=1
split_feature=0 105 11 10 20 188 40 46 19
split_gain=0.331182 0.381723 0.248779 0.126508 0.105493 0.0759574 0.0584198 0.0548883 0.00417476
threshold=0 77.500000000000014 -0.5 -0.5 1.2239645153133785 1.0000000180025095e-35 1.0000000180025095e-35 785177.73900793667 66.500000000000014
decision_type=9 10 2 2 8 10 8 10 8
left_child=1 8 4 6 -2 -5 -4 -3 -1
right_child=2 7 3 5 -6 -7 -8 -9 -10
leaf_value=-1.0503730752180644e-05 -0.00031547257412635753 0.0020102370238070425 -0.00039000957656116131 -0.00099966865351585081 0.00044605041378427071 -0.00037442171558040965 0.00017468622597244344 0.00090593061344935164 -0.00022838547622660286
leaf_weight=25 29 30 64 169 112 24 46 34 33
leaf_count=25 29 30 64 169 112 24 46 34 33
internal_value=-9.95321e-05 0.000530009 -0.000316394 -0.000595378 0.000145004 -0.000855206 -0.000140424 0.00136824 -2.45532e-05
internal_weight=566 122 444 303 141 193 110 64 58
internal_count=566 122 444 303 141 193 110 64 58
cat_boundaries=0 1
cat_threshold=33090
is_linear=0
shrinkage=0.0167612


Tree=90
num_leaves=8
num_cat=0
split_feature=5 24 182 212 148 158 74
split_gain=0.352845 0.259135 0.233048 0.164223 0.126044 0.082431 0.023478
threshold=1.5000000000000002 1.0000000180025095e-35 1032484.393809524 0.99999999997594691 1.0000000180025095e-35 1.0000000180025095e-35 1.0000000180025095e-35
decision_type=2 10 8 8 8 8 8
left_child=5 2 4 -4 -2 -1 -7
right_child=1 -3 3 -5 -6 6 -8
leaf_value=-0.0003284397203383 0.00011942794735700639 0.001165955640984566 -0.0009235154542975826 -4.0902248633335907e-05 0.0010839546322942495 -0.0014557648628735393 -0.00071925831817172027
leaf_weight=24 70 25 48 229 53 33 84
leaf_count=24 70 25 48 229 53 33 84
internal_value=-9.74374e-05 0.000117764 5.25705e-06 -0.000241348 0.000542585 -0.00075018 -0.000993217
internal_weight=566 425 400 277 123 141 117
internal_count=566 425 400 277 123 141 117
is_linear=0
shrinkage=0.0167612


Tree=91
num_leaves=9
num_cat=0
split_feature=148 52 71 14 10 6 6 171
split_gain=0.213558 0.360177 0.173473 0.139153 0.14201 0.122916 0.106267 0.0920024
threshold=1.0000000180025095e-35 205207.71525479291 194.00000000000003 18.000000000000004 -0.5 1.5000000000000002 1.5000000000000002 1.0000000180025095e-35
decision_type=10 8 8 2 2 2 2 10
left_child=3 2 -2 4 6 -5 -1 -3
right_child=1 7 -4 5 -6 -7 -8 -9
leaf_value=-0.00040911012433610176 0.00029424802674588978 -0.00087573126778520897 0.0015267937301270448 0.00070204304716128883 -0.00069190791914205073 -0.00017113272198081359 0.00042106880247887049 -0.0001477346005675144
leaf_weight=46 42 35 57 44 228 38 52 24
leaf_count=46 42 35 57 44 228 38 52 24
internal_value=-9.52141e-05 0.000353603 0.00095546 -0.000301595 -0.000468435 0.000144254 -7.50302e-05 -0.000337436
internal_weight=566 158 99 408 326 82 98 59
internal_count=566 158 99 408 326 82 98 59
is_linear=0
shrinkage=0.0167612


Tree=92
num_leaves=10
num_cat=1
split_feature=0 178 212 213 11 67 95 4 36
split_gain=0.398945 0.306834 0.128349 0.0990868 0.122021 0.0384892 0.054 0.0200016 0.012448
threshold=0 13.500000000000002 0.99999999998618294 1.6550000000000002 0.6830127018922193 1101603.376623377 15.500000000000002 122.00000000000001 240.50000000000003
decision_type=9 10 10 8 2 8 8 2 8
left_child=1 5 3 -2 -5 -1 -7 -4 -3
right_child=2 8 7 4 -6 6 -8 -9 -10
leaf_value=0.00033082106674863323 -0.00018226630573719101 0.0015761072141370497 -6.5309851402544394e-05 -0.0004857107523015876 -0.0013067574133802536 -0.00056076627549989891 -2.2329805301415151e-05 0.00026579283474604463 0.00073081583128339867
leaf_weight=42 24 43 24 180 67 28 87 41 30
leaf_count=42 24 43 24 180 67 28 87 41 30
internal_value=-9.32862e-05 0.000379184 -0.00044784 -0.000636802 -0.000756092 4.03388e-05 -0.00012627 -3.34471e-05 0.0011518
internal_weight=566 230 336 271 247 157 115 65 73
internal_count=566 230 336 271 247 157 115 65 73
cat_boundaries=0 1
cat_threshold=35662
is_linear=0
shrinkage=0.0167612


Tree=93
num_leaves=10
num_cat=0
split_feature=6 119 208 103 173 36 101 146 9
split_gain=0.188857 0.227912 0.224064 0.275382 0.130681 0.068555 0.0645299 0.061625 0.0690069
threshold=1.0000000180025095e-35 57142459.558967911 6.5000000000000009 136252.66856378291 1.0000000180025095e-35 304.00000000000006 1.1464944180923002 1.0000000180025095e-35 1.0000000180025095e-35
decision_type=2 8 10 10 10 8 8 10 2
left_child=1 -1 7 4 -4 -3 -5 8 -2
right_child=2 5 3 6 -6 -7 -8 -9 -10
leaf_value=-0.0013473884434532376 3.5320705440319408e-05 0.00026677778411294232 0.001277651184357337 4.3627919705026798e-05 0.00036797522622028674 -0.0003878159795059752 -0.00055087216143186245 -0.00073106843826786512 -0.00051981164355065137
leaf_weight=45 128 31 91 61 29 64 31 40 46
leaf_count=45 128 31 91 61 29 64 31 40 46
internal_value=-9.07964e-05 -0.000570551 6.07197e-05 0.000437935 0.00093892 -0.00013714 -4.69867e-05 -0.00026345 -0.00010699
internal_weight=566 140 426 212 120 95 92 214 174
internal_count=566 140 426 212 120 95 92 214 174
is_linear=0
shrinkage=0.0167612


Tree=94
num_leaves=10
num_cat=1
split_feature=0 76 13 11 137 9 101 168 173
split_gain=0.38687 0.29351 0.251317 0.173184 0.163088 0.0517607 0.0323954 0.052202 0.021455
threshold=0 12.500000000000002 646533.28993110557 0.6830127018922193 717716.34615384624 1.0000000180025095e-35 0.99435158730572681 1.0000000180025095e-35 1.0000000180025095e-35
decision_type=9 10 2 2 10 2 8 10 8
left_child=1 6 -3 4 5 -2 -1 -8 -5
right_child=3 2 -4 8 -6 -7 7 -9 -10
leaf_value=0.00034394491860775469 8.1964180712501539e-05 0.0020509287883537656 0.00046560182905193599 -0.0014568828578915682 -0.00092798250148248796 -0.00046136869690289578 4.2828774099804074e-06 -0.00049762575484369007 -0.00066989274135866039
leaf_weight=31 187 31 42 40 36 25 91 35 48
leaf_count=31 187 31 42 40 36 25 91 35 48
internal_value=-9.04028e-05 0.000374587 0.00113067 -0.0004398 -0.000215948 -1.74961e-05 3.98498e-05 -9.19916e-05 -0.00102147
internal_weight=566 230 73 336 248 212 157 126 88
internal_count=566 230 73 336 248 212 157 126 88
cat_boundaries=0 1
cat_threshold=35662
is_linear=0
shrinkage=0.0167612


Tree=95
num_leaves=6
num_cat=0
split_feature=183 3 22 82 47
split_gain=0.254376 0.321396 0.27905 0.26112 0.0926277
threshold=1.0000000180025095e-35 3.5000000000000004 1.0000000180025095e-35 0.94027029421907782 54.500000000000007
decision_type=8 2 10 10 10
left_child=3 -2 4 -1 -3
right_child=1 2 -4 -5 -6
leaf_value=-1.8670253235395082e-05 -0.00089359310380129518 -1.2274075379710745e-05 0.0010724465154186259 0.0012639961406011267 -0.00070097644165635826
leaf_weight=25 124 301 25 56 35
leaf_count=25 124 301 25 56 35
internal_value=-8.91212e-05 -0.000244247 -1.20232e-05 0.000606769 -0.000128924
internal_weight=566 485 361 81 336
internal_count=566 485 361 81 336
is_linear=0
shrinkage=0.0167612


Tree=96
num_leaves=10
num_cat=0
split_feature=11 66 119 67 163 145 75 18 74
split_gain=0.486449 0.543719 0.281747 0.231241 0.216954 0.138045 0.0875602 0.0355245 0.0210376
threshold=-1.0000000180025095e-35 1.0000000180025095e-35 57061750.615410261 2187503.2317271358 1.0000000180025095e-35 1.0000000180025095e-35 1.0000000180025095e-35 1.0000000180025095e-35 1.0000000180025095e-35
decision_type=2 8 8 8 10 10 8 8 10
left_child=2 -2 4 8 -1 -5 -4 -8 -3
right_child=1 3 6 5 -6 -7 7 -9 -10
leaf_value=0.00040924088728204835 -0.0020910202421032002 4.7338144619140515e-05 -0.00050510458605402381 -0.00041824397488417604 0.0017800183239220057 -0.0014292132658586833 0.00056278228483825656 3.4892391486503274e-05 0.00041999777823711128
leaf_weight=30 28 46 34 129 42 34 24 154 49
leaf_count=30 28 46 34 129 42 34 24 154 49
internal_value=-0.000133217 -0.000602345 0.00031008 -0.000351112 0.00106611 -0.000695691 2.51227e-05 0.000167824 0.000163844
internal_weight=570 286 284 258 72 163 212 178 95
internal_count=570 286 284 258 72 163 212 178 95
is_linear=0
shrinkage=0.0167612


Tree=97
num_leaves=10
num_cat=0
split_feature=6 149 182 141 213 11 56 173 99
split_gain=0.330666 0.192757 0.121126 0.172971 0.184913 0.163026 0.229133 0.136218 0.0534334
threshold=1.0000000180025095e-35 1.0000000180025095e-35 1239225.3688725494 1.0000000180025095e-35 2.8900000000000001 1.0000000180025095e-35 178750.36830808086 1.0000000180025095e-35 43.500000000000007
decision_type=2 8 8 8 8 2 10 8 8
left_child=1 -1 3 -2 -5 6 -4 -7 -3
right_child=2 8 5 4 -6 7 -8 -9 -10
leaf_value=-0.001682123473996644 -0.00016136495098857047 -0.00017428535877606936 0.00063171139265523544 0.00017648077337995352 0.001322817057613547 -0.0011839783243615069 -0.00036754373138705797 -0.0001463469747058623 -0.00062395304911028843
leaf_weight=30 34 30 104 61 59 40 71 71 70
leaf_count=30 34 30 104 61 59 40 71 71 70
internal_value=-0.000131759 -0.000790145 6.2582e-05 0.000420178 0.000752458 -9.94352e-05 0.000146811 -0.00055806 -0.000454029
internal_weight=570 130 440 154 120 286 175 111 100
internal_count=570 130 440 154 120 286 175 111 100
is_linear=0
shrinkage=0.0167612


Tree=98
num_leaves=11
num_cat=0
split_feature=13 11 129 84 24 6 173 63 131 121
split_gain=0.27879 0.396677 0.540014 0.268626 0.242444 0.120796 0.282393 0.173824 0.0183751 0.000885098
threshold=353205.87162698427 0.25000000000000017 -0.076212865354298109 10.500000000000002 1.0000000180025095e-35 1.5000000000000002 1.0000000180025095e-35 1.0000000180025095e-35 1.0000000180025095e-35 2.5683229813664608
decision_type=2 2 10 10 8 2 8 10 10 8
left_child=4 5 3 -3 9 7 -7 -2 -4 -1
right_child=1 2 8 -5 -6 6 -8 -9 -10 -11
leaf_value=-1.2445125819851772e-05 0.00013885256550022878 -0.0012098144660714866 -0.00020703100616457318 -0.0028462104541476753 0.00098606108340996762 0.0010656851997708017 -0.00015420172036710564 -0.00077501671650305731 0.00017568482389587579 -0.00017341225077346952
leaf_weight=40 64 72 27 24 80 63 54 69 44 33
leaf_count=40 64 72 27 24 80 63 54 69 44 33
internal_value=-0.000130754 -0.000357945 -0.000939955 -0.00169374 0.000394761 -4.10392e-06 0.000387215 -0.00025282 -0.000194936 -3.90792e-05
internal_weight=570 417 167 96 153 250 117 133 71 73
internal_count=570 417 167 96 153 250 117 133 71 73
is_linear=0
shrinkage=0.0167612


Tree=99
num_leaves=10
num_cat=0
split_feature=6 82 22 52 10 104 20 148 70
split_gain=0.315755 0.222366 0.484809 0.163225 0.204867 0.460966 0.118742 0.0500868 0.00312365
threshold=1.0000000180025095e-35 0.98626016033138575 1.0000000180025095e-35 166955.71679890281 -0.24999999999999994 0.27712264261061342 1.0255433862303283 1.0000000180025095e-35 850157.42857142875
decision_type=2 10 8 10 2 8 10 8 8
left_child=1 2 -1 4 5 -2 -5 -6 -3
right_child=3 8 -4 6 7 -7 -8 -9 -10
leaf_value=-0.0026673543719735152 0.0015614712929149827 -0.00018896200441367004 -0.00054675994743839072 -0.0010534267872220409 -0.00040069469463263656 9.0102369732076158e-05 -0.00017647714055527209 2.4054029237579128e-05 -5.036026093837115e-05
leaf_weight=24 62 26 48 38 69 110 34 127 32
leaf_count=24 62 26 48 38 69 110 34 127 32
internal_value=-0.000128801 -0.000772268 -0.00135503 6.0703e-05 0.000223435 0.000620384 -0.000497507 -7.41892e-05 -0.000188213
internal_weight=570 130 72 440 368 172 72 196 58
internal_count=570 130 72 440 368 172 72 196 58
is_linear=0
shrinkage=0.0167612


Tree=100
num_leaves=8
num_cat=0
split_feature=13 11 122 215 114 36 99
split_gain=0.342317 0.473156 0.292654 0.289429 0.207574 0.18702 0.0280419
threshold=937347.0086904763 1.0000000180025095e-35 1.0000000180025095e-35 0.098387096774193564 5.5000000000000009 308.00000000000006 51.500000000000007
decision_type=2 2 10 10 8 8 8
left_child=1 3 5 6 -2 -3 -1
right_child=4 2 -4 -5 -6 -7 -8
leaf_value=0.00050309098150822038 -0.00027701086998966517 0.00025808580976903678 -0.0015214766191989817 0.0014797901377480512 -0.0015979867272977167 -0.00055893071575187033 4.662512398683818e-05
leaf_weight=50 43 90 26 49 50 136 126
leaf_count=50 43 90 26 49 50 136 126
internal_value=-0.000127017 3.2722e-05 -0.00040851 0.000571027 -0.00091431 -0.000203097 0.000261715
internal_weight=570 477 252 225 93 226 176
internal_count=570 477 252 225 93 226 176
is_linear=0
shrinkage=0.0167612


Tree=101
num_leaves=11
num_cat=0
split_feature=13 46 60 74 10 22 151 71 72 10
split_gain=0.810152 0.431531 0.337528 0.175052 0.234947 0.192786 0.132484 0.164908 0.0467093 0.00489216
threshold=656555.58531746047 613014.15729159059 1.0000000180025095e-35 1.0000000180025095e-35 1.0000000180025095e-35 1.0000000180025095e-35 4.5000000000000009 82.500000000000014 1.0000000180025095e-35 -0.24999999999999994
decision_type=2 10 10 10 2 8 10 8 8 2
left_child=3 2 9 4 8 -6 -3 -8 -1 -2
right_child=1 6 -4 -5 5 -7 7 -9 -10 -11
leaf_value=0.0012016131449736358 -0.00049060981399455972 -0.00085838184013884691 -0.0029042437659788423 0.0011104699478408973 -0.00079021305090389861 0.00014699799151778726 -0.00069882135562244238 0.00035961469941123597 0.00045497104792946387 -0.0011949772362276863
leaf_weight=28 26 47 27 47 63 91 28 79 106 28
leaf_count=28 26 47 27 47 63 91 28 79 106 28
internal_value=-0.000124646 -0.000835716 -0.00171734 0.000360626 0.00020101 -0.000170977 -0.00035297 -5.24877e-05 0.000659526 -0.00107729
internal_weight=570 235 81 335 288 154 154 107 134 54
internal_count=570 235 81 335 288 154 154 107 134 54
is_linear=0
shrinkage=0.0167612


Tree=102
num_leaves=11
num_cat=0
split_feature=13 115 13 104 96 63 66 13 22 50
split_gain=0.56083 0.353085 0.37598 0.241069 0.208203 0.29485 0.204331 0.132382 0.0350572 0.0170852
threshold=413546.47417105845 218970.00000000003 643622.38376068382 0.27712264261061342 2.5000000000000004 1.0000000180025095e-35 1.0000000180025095e-35 715945.07575757592 1.0000000180025095e-35 275000.00000000006
decision_type=2 10 2 8 8 10 10 2 8 8
left_child=4 2 9 -4 5 -1 -3 -8 -6 -2
right_child=1 6 3 -5 8 -7 7 -9 -10 -11
leaf_value=0.00041774675519199594 -0.00033514219448916568 -0.00081831524810262017 -0.0025372717224628806 -0.0010503280614871302 -0.00011726792561983648 0.0019701125763592437 0.00076564845864949443 1.1513317986960842e-05 0.00029196569439598314 -6.4918884543429785e-05
leaf_weight=33 37 32 36 70 39 40 60 89 85 49
leaf_count=33 37 32 36 70 39 40 60 89 85 49
internal_value=-0.000122927 -0.000499766 -0.000975189 -0.00159755 0.000520799 0.00115532 -4.67769e-05 0.000252891 0.000135975 -0.000235113
internal_weight=570 373 192 106 197 73 181 149 124 86
internal_count=570 373 192 106 197 73 181 149 124 86
is_linear=0
shrinkage=0.0167612


Tree=103
num_leaves=9
num_cat=0
split_feature=6 149 173 11 100 178 132 207
split_gain=0.302109 0.178728 0.0732178 0.191744 0.156182 0.0641186 0.0397184 0.0166201
threshold=1.0000000180025095e-35 1.0000000180025095e-35 1.0000000180025095e-35 -1.0000000180025095e-35 1255046.5704306725 29.500000000000004 449820.75714285724 16568.421041175996
decision_type=2 8 10 2 8 8 8 10
left_child=1 -1 3 4 -2 -5 -3 -4
right_child=2 6 7 5 -6 -7 -8 -9
leaf_value=-0.0016103158987217248 4.6898049655882973e-05 -0.00016286172677665517 -0.00012892384977606348 -0.00064142612565902361 0.0007468784740154819 -3.8613156694557304e-05 -0.00056321825697501363 -0.00058305093562821487
leaf_weight=30 76 30 28 47 164 92 70 33
leaf_count=30 76 30 28 47 164 92 70 33
internal_value=-0.00012155 -0.000751344 6.35223e-05 0.000171512 0.000457112 -0.000228678 -0.000424269 -0.000322062
internal_weight=570 130 440 379 240 139 100 61
internal_count=570 130 440 379 240 139 100 61
is_linear=0
shrinkage=0.0167612


Tree=104
num_leaves=10
num_cat=0
split_feature=7 69 209 158 119 210 12 10 109
split_gain=0.151242 0.198548 0.154163 0.0807746 0.117425 0.0495298 0.231589 0.0431956 0.0388147
threshold=1.0000000180025095e-35 1.0000000180025095e-35 15.000000000000002 1.0000000180025095e-35 57303164.76366692 1.0645161290322582 1.0000000180025095e-35 -0.24999999999999994 1.0000000180025095e-35
decision_type=2 8 10 10 10 10 2 2 10
left_child=3 2 -2 5 7 6 -1 -5 -6
right_child=1 -3 -4 4 8 -7 -8 -9 -10
leaf_value=-0.00041182296076586558 0.0016133630447432074 3.7206870095295742e-05 0.00034957070281803793 -0.00029398122752570413 -0.00021260908775302254 0.00042131944912161601 0.00062564393674957239 -0.0010710413612374711 0.0002950802959781152
leaf_weight=133 39 63 40 30 60 46 55 57 35
leaf_count=133 39 63 40 30 60 46 55 57 35
internal_value=1.92567e-05 0.000450483 0.000968192 -0.000120012 -0.000372793 3.57972e-05 -2.84187e-05 -0.000765847 -6.12865e-05
internal_weight=558 142 79 416 182 234 188 87 95
internal_count=558 142 79 416 182 234 188 87 95
is_linear=0
shrinkage=0.0167612


Tree=105
num_leaves=11
num_cat=0
split_feature=3 182 202 91 198 12 174 186 196 101
split_gain=0.156858 0.183014 0.154583 0.106119 0.0771883 0.0766305 0.13003 0.0759678 0.0528977 0.00654363
threshold=5.5000000000000009 1073616.7879901964 1.0000000180025095e-35 1.0000000180025095e-35 1.0000000180025095e-35 1.0000000180025095e-35 1.0000000180025095e-35 614690.41103252571 53.500000000000007 1.047023277988872
decision_type=2 8 10 10 8 2 8 10 8 8
left_child=2 7 5 4 -3 8 -7 -2 -1 -4
right_child=1 3 9 -5 -6 6 -8 -9 -10 -11
leaf_value=-6.6684001068190309e-05 0.00033411301353414031 0.00053887253081115905 -0.00045794475225709782 -0.00057769900229130277 1.0928629916882379e-05 5.3254026121988919e-05 0.0009655033720598128 0.0012661170129942647 -0.00053416897921201552 -0.001204060236819139
leaf_weight=51 45 69 24 33 127 28 30 48 66 37
leaf_count=51 45 69 24 33 127 28 30 48 66 37
internal_value=1.90774e-05 0.000260559 -0.000269558 1.96616e-05 0.000160505 -2.60115e-05 0.000352918 0.000800621 -0.000248641 -0.000857625
internal_weight=558 322 236 229 196 175 58 93 117 61
internal_count=558 322 236 229 196 175 58 93 117 61
is_linear=0
shrinkage=0.0167612


Tree=106
num_leaves=10
num_cat=0
split_feature=7 13 38 123 158 96 9 129 174
split_gain=0.143227 0.227474 0.188249 0.167844 0.135206 0.0722097 0.0653464 0.0237799 0.00315423
threshold=1.0000000180025095e-35 382991.82352941186 1.0000000180025095e-35 1.0000000180025095e-35 1.0000000180025095e-35 3.5000000000000004 1.0000000180025095e-35 0.3867410318807662 1.0000000180025095e-35
decision_type=2 2 8 8 8 10 2 8 10
left_child=1 3 6 5 8 -1 -2 -6 -3
right_child=2 4 -4 -5 7 -7 -8 -9 -10
leaf_value=0.00018084126798967746 0.0012882008467631309 9.7952094830949164e-05 9.8660680246040856e-06 0.00090239755735119524 -0.00098083540894681651 -0.00053444497217380502 0.00036814141960462898 -0.000437681098253229 -1.1320972148033923e-05
leaf_weight=42 56 41 58 65 62 24 28 125 57
leaf_count=42 56 41 58 65 62 24 28 125 57
internal_value=1.81289e-05 -0.000116986 0.000438121 0.000358634 -0.000388578 2.96243e-05 0.000919648 -0.000650262 -4.58462e-05
internal_weight=558 416 142 131 285 66 84 187 98
internal_count=558 416 142 131 285 66 84 187 98
is_linear=0
shrinkage=0.0167612


Tree=107
num_leaves=11
num_cat=0
split_feature=13 200 189 115 23 5 183 83 197 7
split_gain=0.320327 0.52474 0.116651 0.10195 0.166559 0.0633673 0.0496987 0.0474345 0.0369807 0.0433614
threshold=637491.92851307197 -8.3580425999999992 229674.33333333334 339750.6785714287 1.0000000180025095e-35 2.5000000000000004 22.000000000000004 0.027222222222222151 0.17902930402930403 1.0000000180025095e-35
decision_type=2 10 8 10 8 2 10 8 8 2
left_child=1 6 8 4 -4 -3 7 -1 -2 -10
right_child=2 5 3 -5 -6 -7 -8 -9 9 -11
leaf_value=0.00050218631589258385 -0.00028757170443173422 0.00095851420999185934 -0.0016887930289545305 -0.00028962485609881189 -0.00046764953634625972 0.0020102401867858576 -0.00042053694022308868 6.7838671591082893e-06 6.6606721335048935e-05 0.00055152083422378196
leaf_weight=25 50 52 37 28 65 32 33 174 33 29
leaf_count=25 50 52 37 28 65 32 33 174 33 29
internal_value=1.73993e-05 0.000363906 -0.000393872 -0.000723507 -0.000983582 0.00132238 2.71315e-05 6.99384e-05 -5.63291e-05 0.000184207
internal_weight=558 316 242 130 102 84 232 199 112 62
internal_count=558 316 242 130 102 84 232 199 112 62
is_linear=0
shrinkage=0.0167612


Tree=108
num_leaves=11
num_cat=1
split_feature=0 11 121 204 73 10 152 182 141 200
split_gain=0.252657 0.196136 0.227571 0.232073 0.124971 0.0684121 0.0583062 0.055997 0.0280849 0.00361975
threshold=0 -1.0000000180025095e-35 2.5598290598290605 8.5000000000000018 36133.166666666679 -0.6830127018922193 505577.29865174991 690677.65151515161 1.0000000180025095e-35 -8.3530716999999992
decision_type=9 2 10 10 10 2 8 8 10 8
left_child=5 4 3 -3 6 -1 -2 -4 -7 -6
right_child=1 2 7 -5 9 8 -8 -9 -10 -11
leaf_value=-0.00023472587629572178 0.00035038129975883747 -5.29301058741018e-05 0.00023839740274037388 -0.0011491836818538139 0.00012578385511854477 -0.0012658181976658155 0.0010561371617078495 0.00098459090413541067 -0.00045870425103277594 -1.5215683267582264e-05
leaf_weight=27 27 124 25 51 51 45 109 37 32 30
leaf_count=27 27 124 25 51 51 45 109 37 32 30
internal_value=1.68931e-05 0.000198769 -7.10615e-05 -0.000404088 0.000551821 -0.000573806 0.000856535 0.000557272 -0.00092701 0.000103459
internal_weight=558 454 237 175 217 104 136 62 77 81
internal_count=558 454 237 175 217 104 136 62 77 81
cat_boundaries=0 1
cat_threshold=34636928
is_linear=0
shrinkage=0.0167612


Tree=109
num_leaves=9
num_cat=0
split_feature=5 213 212 202 12 152 120 210
split_gain=0.105096 0.439793 0.109943 0.101559 0.166823 0.0923939 0.227997 0.0202064
threshold=2.5000000000000004 3.5000000000000004 0.99999999998407529 1.0000000180025095e-35 1.0000000180025095e-35 594368.44696969714 18.500000000000004 1.0645161290322582
decision_type=2 10 8 10 2 10 10 8
left_child=2 5 -1 4 -4 6 -2 -7
right_child=1 -3 3 -5 -6 7 -8 -9
leaf_value=-0.0007442157176362872 6.1496958738435886e-05 0.0014381432435690285 -8.0711933904356104e-05 -0.00051841610685596641 0.00078436838408973497 0.0001590690685078887 -0.00096377001015495714 0.00067128928470082524
leaf_weight=47 123 38 130 54 50 29 48 39
leaf_count=47 123 38 130 54 50 29 48 39
internal_value=1.59987e-05 0.000246625 -0.000182328 -1.62496e-05 0.000139029 1.7888e-05 -0.000204669 0.000405878
internal_weight=558 277 281 234 180 239 171 68
internal_count=558 277 281 234 180 239 171 68
is_linear=0
shrinkage=0.0167612


Tree=110
num_leaves=10
num_cat=1
split_feature=0 22 7 99 71 38 71 35 13
split_gain=0.325737 0.0909442 0.102092 0.0776406 0.107279 0.0647559 0.0171293 0.0065707 0.0383518
threshold=0 1.0000000180025095e-35 1.0000000180025095e-35 2.5000000000000004 12.500000000000002 1.0000000180025095e-35 106.50000000000001 1.0000000180025095e-35 249612.22396605703
decision_type=9 10 2 10 10 8 10 8 2
left_child=3 2 6 7 -5 -4 -2 -1 -9
right_child=1 -3 5 4 -6 -7 -8 8 -10
leaf_value=7.218453538313622e-05 -0.00064943406468603783 0.00022330426297715098 0.00038202356583716174 0.0013312344454215438 0.00032787221985368381 -0.00028443008816833647 -0.00020662395238489736 0.00054680804272299287 5.6080193399147261e-05
leaf_weight=30 199 27 44 52 53 38 33 28 54
leaf_count=30 199 27 44 52 53 38 33 28 54
internal_value=1.56232e-05 -0.000273995 -0.000393609 0.000484781 0.000840832 -6.00321e-05 -0.000571439 0.000188047 0.000218105
internal_weight=558 341 314 217 105 82 232 112 82
internal_count=558 341 314 217 105 82 232 112 82
cat_boundaries=0 1
cat_threshold=92996
is_linear=0
shrinkage=0.0167612


Tree=111
num_leaves=9
num_cat=0
split_feature=11 7 36 65 209 212 148 14
split_gain=0.0999997 0.207174 0.168015 0.247858 0.16195 0.121555 0.0665749 0.0117743
threshold=0.6830127018922193 1.0000000180025095e-35 112.50000000000001 1.0000000180025095e-35 24.000000000000004 0.99999999998342315 1.0000000180025095e-35 18.000000000000004
decision_type=2 2 10 8 8 8 10 2
left_child=1 5 3 -2 -3 -1 -7 -5
right_child=2 4 -4 7 -6 6 -8 -9
leaf_value=-0.00052485970602906271 -0.0014271869735576631 0.0014251914196669825 0.00031057922179304092 -0.00019968431586400755 0.00024166272267233107 1.2313083833171547e-05 0.00050650003563539796 4.6712223862830382e-05
leaf_weight=67 40 42 33 58 42 186 66 24
leaf_count=67 40 42 33 58 42 186 66 24
internal_value=1.61315e-05 0.000163673 -0.000291647 -0.000616058 0.000784709 8.90487e-06 0.000134847 -0.000116438
internal_weight=558 403 155 122 84 319 252 82
internal_count=558 403 155 122 84 319 252 82
is_linear=0
shrinkage=0.0167612


Tree=112
num_leaves=11
num_cat=0
split_feature=6 2 174 144 186 11 41 106 29 212
split_gain=0.139836 0.442276 0.278909 0.191319 0.128485 0.116426 0.0524136 0.0181434 0.0170038 0.00787713
threshold=1.5000000000000002 2023.5000000000002 1.0000000180025095e-35 0.98387096774193561 500289.64787581709 1.0000000180025095e-35 1.0000000180025095e-35 45453.228904081734 1.0000000180025095e-35 1.3550128264928551
decision_type=2 2 8 10 10 2 10 8 8 8
left_child=2 9 3 7 -5 -4 -3 -1 -7 -2
right_child=1 6 5 4 -6 8 -8 -9 -10 -11
leaf_value=-7.7107701081102005e-05 0.0015748213386105945 -0.00051217152860900061 0.0005645010674371002 -0.0019520167229098743 -0.00073783525064090208 -0.00037068874268808419 -6.6161080985440378e-05 -0.00037567743198731624 -2.697085717480481e-05 0.00070457604840041947
leaf_weight=47 39 94 60 40 48 39 31 47 82 24
leaf_count=47 39 94 60 40 48 39 31 47 82 24
internal_value=-0.000145685 0.000166535 -0.000337701 -0.000773244 -0.0012979 3.82057e-05 -0.000271357 -0.000271006 -0.000145299 0.00111535
internal_weight=551 188 363 182 88 181 125 94 121 63
internal_count=551 188 363 182 88 181 125 94 121 63
is_linear=0
shrinkage=0.0167612


Tree=113
num_leaves=11
num_cat=0
split_feature=11 13 14 79 25 100 116 144 71 10
split_gain=0.359391 0.406183 0.293422 0.144911 0.137269 0.115174 0.279795 0.050891 0.0279852 0.0158686
threshold=1.0000000180025095e-35 683409.35590986407 18.000000000000004 3.5000000000000004 4.0919661733615227 217510.03409090909 900.00000000000011 0.13064516129032258 154.50000000000003 -0.6830127018922193
decision_type=2 2 2 10 10 10 8 10 8 2
left_child=5 2 4 -3 -2 6 7 -1 -7 -8
right_child=1 3 -4 -5 -6 8 9 -9 -10 -11
leaf_value=0.0005453793649426331 -0.00073465705504110654 -0.0021905435580959953 0.0008533990852882654 -0.00089323014259148621 -1.8022004671318413e-06 -0.00030657599410236673 -0.00020792321820275401 0.0015242916558516693 6.1018707921252649e-05 8.9982167991653527e-05
leaf_weight=25 112 32 30 54 57 65 40 56 29 51
leaf_count=25 112 32 30 54 57 65 40 56 29 51
internal_value=-0.000142964 -0.000541638 -0.000136478 -0.00137158 -0.000399623 0.000251557 0.000521386 0.00113943 -6.18952e-05 8.54614e-05
internal_weight=551 285 199 86 169 266 172 81 94 91
internal_count=551 285 199 86 169 266 172 81 94 91
is_linear=0
shrinkage=0.0167612


Tree=114
num_leaves=10
num_cat=0
split_feature=151 6 151 203 141 70 71 20 99
split_gain=0.141036 0.150823 0.385657 0.272248 0.200582 0.108404 0.0490818 0.0399211 0.0688957
threshold=1.5000000000000002 1.5000000000000002 28.500000000000004 1.0000000180025095e-35 1.0000000180025095e-35 1403682.6960180628 82.500000000000014 0.79756491141223884 54.500000000000007
decision_type=8 2 8 10 10 8 10 10 8
left_child=7 3 -3 6 -5 -4 -2 8 -1
right_child=1 2 5 4 -6 -7 -8 -9 -10
leaf_value=-0.00035791690076696152 1.6298717077004636e-05 0.0012920793883012662 0.00036747699345639505 -0.0016880362763301074 -0.00042785767090135538 -0.00046371130535841288 0.00053704739373948917 -0.0002561105307363129 -0.0013400497938742925
leaf_weight=29 133 53 29 25 108 72 37 28 37
leaf_count=29 133 53 29 25 108 72 37 28 37
internal_value=-0.000139983 -5.50014e-06 0.000366437 -0.000221121 -0.000745006 -5.67966e-05 0.000132279 -0.000639785 -0.000913256
internal_weight=551 457 154 303 133 101 170 94 66
internal_count=551 457 154 303 133 101 170 94 66
is_linear=0
shrinkage=0.0167612


Tree=115
num_leaves=10
num_cat=0
split_feature=114 101 67 72 6 46 65 25 149
split_gain=0.154104 0.18368 0.161692 0.209833 0.139316 0.0599546 0.137966 0.0498739 0.00111438
threshold=4.5000000000000009 0.8920906389583626 273149.98750000005 1.0000000180025095e-35 1.5000000000000002 445203.86899978243 1.0000000180025095e-35 15.380952380952383 1.0000000180025095e-35
decision_type=10 8 10 10 2 10 8 10 8
left_child=1 4 8 -4 -1 6 -3 -7 -2
right_child=2 5 3 -5 -6 7 -8 -9 -10
leaf_value=0.00019509793924836147 3.8855446728557351e-06 -0.00093585630790854598 -0.001768130618015902 -0.00037652317123736362 0.0012580774032578618 0.00047515344404867909 -7.6120031914006902e-05 -1.77974229102083e-05 -9.6308576510360311e-05
leaf_weight=41 27 44 38 34 36 39 185 69 38
leaf_count=41 27 44 38 34 36 39 185 69 38
internal_value=-0.000137314 -1.93581e-06 -0.000569784 -0.00106146 0.000623069 -0.000138355 -0.000300008 8.84404e-05 -0.000127249
internal_weight=551 414 137 72 77 337 229 108 65
internal_count=551 414 137 72 77 337 229 108 65
is_linear=0
shrinkage=0.0167612


Tree=116
num_leaves=10
num_cat=0
split_feature=11 2 209 120 75 83 82 76 151
split_gain=0.341593 0.35508 0.332768 0.256061 0.0540528 0.028711 0.0227175 0.0226781 0.0174675
threshold=-1.0000000180025095e-35 2023.5000000000002 1.0000000180025095e-35 8.5000000000000018 1.0000000180025095e-35 0.12347560975609757 1.3338205587750616 15.500000000000002 18.500000000000004
decision_type=2 2 8 10 8 10 8 10 8
left_child=1 3 7 -1 -3 6 -4 -2 -6
right_child=2 4 5 -5 8 -7 -8 -9 -10
leaf_value=0.00045981255217469234 -0.001048091607523431 -0.00048248951273572211 -6.8185851110814434e-05 0.0018420513339913055 0.00022630376867320548 -3.9063222657693927e-05 -0.00042782040167656612 -0.0021170091718546603 -3.2595458640554533e-05
leaf_weight=26 27 32 66 44 61 31 135 26 103
leaf_count=26 27 32 66 44 61 31 135 26 103
internal_value=-0.000135239 0.000249027 -0.000524299 0.00109945 -2.80714e-05 -0.000245978 -0.000308963 -0.00147669 2.17505e-05
internal_weight=551 266 285 70 196 232 201 53 164
internal_count=551 266 285 70 196 232 201 53 164
is_linear=0
shrinkage=0.0167612


Tree=117
num_leaves=8
num_cat=0
split_feature=5 11 144 82 7 76 82
split_gain=0.211799 0.106749 0.283512 0.0892417 0.070398 0.0428285 0.0248298
threshold=1.5000000000000002 0.6830127018922193 1.0000000180025095e-35 1.0750083600171936 1.0000000180025095e-35 26.500000000000004 1.0758100063143832
decision_type=2 2 10 10 2 10 10
left_child=5 3 -3 4 -2 6 -1
right_child=1 2 -4 -5 -6 -7 -8
leaf_value=-0.0010773553241306127 -3.7030297009549363e-05 8.2988199803932811e-05 -0.0011939387603516168 0.00079612407688904553 0.00044778083092843429 -0.00023688909052651044 -0.00036800076947575585
leaf_weight=72 207 62 40 31 74 32 33
leaf_count=72 207 62 40 31 74 32 33
internal_value=-0.00013345 2.9471e-05 -0.000342086 0.000200772 8.34988e-05 -0.000642466 -0.000853632
internal_weight=551 414 102 312 281 137 105
internal_count=551 414 102 312 281 137 105
is_linear=0
shrinkage=0.0167612


Tree=118
num_leaves=11
num_cat=1
split_feature=0 114 41 101 194 149 10 11 115 11
split_gain=0.379668 0.272769 0.251587 0.0785675 0.102334 0.090435 0.156844 0.0874802 0.0447394 0.0614692
threshold=0 8.5000000000000018 1.0000000180025095e-35 1.0673590309216714 1.0000000180025095e-35 1.0000000180025095e-35 1.0000000180025095e-35 -0.24999999999999994 343191.58353808359 1.0000000180025095e-35
decision_type=9 8 8 8 10 10 2 2 8 2
left_child=1 8 -3 5 7 -2 -7 -5 -1 -10
right_child=3 2 -4 4 -6 6 -8 -9 9 -11
leaf_value=-0.00044434065962245561 0.00014608570616706556 -0.0021588421947876767 -0.00071913952842040773 0.00063550691588465944 -0.00054197915620589452 0.0013001386510823629 0.00024456004532387817 2.5777680994568371e-05 0.00049596620982853847 -0.00010853289230367946
leaf_weight=25 44 30 89 50 38 51 41 105 44 34
leaf_count=25 44 30 89 50 38 51 41 105 44 34
internal_value=-0.00013072 -0.000619101 -0.00115897 0.000195029 1.72195e-05 0.00048999 0.000781032 0.000181974 -9.50883e-05 0.00011069
internal_weight=551 222 119 329 193 136 92 155 103 78
internal_count=551 222 119 329 193 136 92 155 103 78
cat_boundaries=0 1
cat_threshold=39167120
is_linear=0
shrinkage=0.0167612


Tree=119
num_leaves=11
num_cat=0
split_feature=11 14 13 134 119 3 151 82 212 174
split_gain=0.315486 0.340033 0.197964 0.137061 0.104228 0.19604 0.0945446 0.0645021 0.0529362 0.0089681
threshold=1.0000000180025095e-35 7.5000000000000009 366993.66020254261 1.0000000180025095e-35 58602724.966843694 5.5000000000000009 34.500000000000007 1.1124765896094659 0.9999999999854261 1.0000000180025095e-35
decision_type=2 2 2 10 8 2 10 8 8 8
left_child=4 3 -3 -2 5 8 -4 -7 -1 -6
right_child=1 2 6 -5 9 7 -8 -9 -10 -11
leaf_value=-0.00044951501121429338 -0.0019283928538626324 0.0004446414320301294 -0.00070139558074205758 -0.00063529907722211887 -0.00021341466201617906 0.000568201441315533 -6.748582375049461e-05 0.0014819957344707378 0.00016250697746671828 -3.7195782801056889e-06
leaf_weight=28 46 63 117 33 31 61 26 37 29 80
leaf_count=28 46 63 117 33 31 61 26 37 29 80
internal_value=-0.000129957 -0.000504228 -0.000149783 -0.00130135 0.000238535 0.000521373 -0.000463304 0.000949709 4.65345e-05 -1.96403e-05
internal_weight=551 285 206 79 266 155 143 98 57 111
internal_count=551 285 206 79 266 155 143 98 57 111
is_linear=0
shrinkage=0.0167612


Tree=120
num_leaves=10
num_cat=0
split_feature=186 213 88 198 107 151 71 86 156
split_gain=0.181108 0.186364 0.224595 0.454356 0.173417 0.12843 0.284703 0.0487387 0.0259929
threshold=515154.82122463378 3.5000000000000004 1380.0000000000002 1.0000000180025095e-35 630.00000000000011 7.5000000000000009 106.50000000000001 667242.50000000012 4.4832535885167477
decision_type=10 10 10 10 10 8 8 8 8
left_child=1 2 7 -4 -3 8 -7 -1 -2
right_child=5 4 3 -5 -6 6 -8 -9 -10
leaf_value=0.00011760523518413475 -0.00039633013387699328 4.2028663764328432e-05 -0.0022710784462120553 -0.00049079142134694526 0.0011434896929939436 -9.0999862182795292e-05 0.0010772652851015543 -0.00030403795145207387 -3.1754199719205673e-05
leaf_weight=36 33 24 32 27 27 43 100 215 31
leaf_count=36 33 24 32 27 27 43 100 215 31
internal_value=-4.09452e-05 -0.000269811 -0.00044638 -0.00119978 0.000375874 0.000305281 0.000598761 -0.000209082 -8.44214e-05
internal_weight=568 361 310 59 51 207 143 251 64
internal_count=568 361 310 59 51 207 143 251 64
is_linear=0
shrinkage=0.0167612


Tree=121
num_leaves=10
num_cat=0
split_feature=13 56 200 121 160 46 219 131 72
split_gain=0.368461 0.434713 0.124007 0.213489 0.0503595 0.0601163 0.0414236 0.0340313 0.0124377
threshold=673583.42023809534 584542.91666666674 -8.3543390499999983 2.5527777777777785 55.625000000000007 1061662.0138094188 1034331.8826984129 1.0000000180025095e-35 1.0000000180025095e-35
decision_type=2 10 10 10 8 10 10 10 10
left_child=2 -2 7 -4 5 -3 -6 8 -1
right_child=1 4 3 -5 6 -7 -8 -9 -10
leaf_value=6.6819399395623153e-05 -0.0014446574246681726 -7.9438894469994337e-05 0.00020812512510117909 0.0015304391370179746 7.3254860579761411e-05 -0.00075457554529312679 0.00054743530134024299 0.00036473792400457241 -0.00014613957731502781
leaf_weight=127 73 51 49 34 34 24 34 51 91
leaf_count=127 73 51 49 34 34 24 34 51 91
internal_value=-4.01949e-05 -0.000555169 0.000262223 0.000753755 -6.41745e-05 -0.0002962 0.000206513 7.76723e-05 6.13349e-06
internal_weight=568 216 352 83 143 75 68 269 218
internal_count=568 216 352 83 143 75 68 269 218
is_linear=0
shrinkage=0.0167612


Tree=122
num_leaves=11
num_cat=1
split_feature=0 151 13 19 13 106 5 99 220 171
split_gain=0.252066 0.185832 0.371633 0.134389 0.123402 0.072204 0.0433605 0.0280588 0.0246648 0.0201296
threshold=0 2.5000000000000004 527136.30157418072 13.500000000000002 668423.75000000012 -14373.38802786928 2.5000000000000004 15.500000000000002 1.0000000180025095e-35 1.0000000180025095e-35
decision_type=9 10 2 10 2 10 2 10 8 8
left_child=4 2 8 -3 5 9 -5 -6 -2 -1
right_child=1 3 -4 6 7 -7 -8 -9 -10 -11
leaf_value=0.00015511308301251688 -0.00038981622406297409 0.00075119286710328189 -0.0016201692115119656 -0.00040935270708766634 -0.00015571844255858543 0.00121747262534808 1.9413582660086339e-05 0.00024165928317598068 -4.012466811233182e-05 0.00045331290188877984
leaf_weight=24 51 25 53 63 73 42 58 54 83 42
leaf_count=24 51 25 53 63 73 42 58 54 83 42
internal_value=-3.9295e-05 -0.000328924 -0.000676338 -2.01328e-06 0.000327251 0.000723914 -0.000131207 4.19829e-05 -0.000218308 0.000354289
internal_weight=568 333 187 146 235 108 121 127 134 66
internal_count=568 333 187 146 235 108 121 127 134 66
cat_boundaries=0 1
cat_threshold=289100
is_linear=0
shrinkage=0.0167612


Tree=123
num_leaves=11
num_cat=0
split_feature=132 11 226 160 92 101 31 124 103 209
split_gain=0.178017 0.314265 0.26032 0.244574 0.0927399 0.0799292 0.0735426 0.0231769 0.159377 0.0113384
threshold=179625.85240274601 0.6830127018922193 1.0000000180025095e-35 41.38928571428572 -0.60177328164657673 1.0964929983098723 2.5000000000000004 1.0000000180025095e-35 131961.44031281897 15.000000000000002
decision_type=10 2 8 8 8 10 8 8 8 8
left_child=1 7 -3 6 -5 -6 -2 8 -1 -9
right_child=3 2 -4 4 5 -7 -8 9 -10 -11
leaf_value=-0.00011422653780491837 -0.00068166194256620203 -0.0019506489273752789 -0.00046151865965905271 0.0014046111359648542 0.00076685558598590736 0.00014202344899329631 -5.4074130715756806e-05 -0.00030920923057181605 0.00082808835498371857 -1.2652463495308054e-05
leaf_weight=69 35 30 67 31 53 43 49 26 40 125
leaf_count=69 35 30 67 31 53 43 49 26 40 125
internal_value=-3.81328e-05 -0.000268336 -0.000968893 0.000300265 0.000753462 0.000468766 -0.000195837 -1.79961e-05 0.000178679 -9.72705e-05
internal_weight=568 357 97 211 127 96 84 260 109 151
internal_count=568 357 97 211 127 96 84 260 109 151
is_linear=0
shrinkage=0.0167612


Tree=124
num_leaves=11
num_cat=0
split_feature=182 11 132 151 173 13 13 197 131 105
split_gain=0.135252 0.164516 0.109631 0.136528 0.101056 0.547504 0.172982 0.0985603 0.176876 0.00134328
threshold=1228594.1937500003 1.0000000180025095e-35 958990.17500000005 33.500000000000007 1.0000000180025095e-35 629773.1481481482 413546.47417105845 0.26491228070175438 1.0000000180025095e-35 132.50000000000003
decision_type=8 2 8 8 8 2 2 8 10 10
left_child=7 2 -2 -4 5 -3 -6 9 -9 -1
right_child=1 4 3 -5 6 -7 -8 8 -10 -11
leaf_value=-4.6617004977972344e-05 -0.00032715808071961906 -0.00022528365412946146 0.000923631857972691 8.3211617983865632e-05 0.00028906053310677953 -0.0020924064450173114 -0.00066580757411451768 0.00021472410929575112 0.0012677404637981729 4.1061522091535212e-05
leaf_weight=67 53 42 50 68 53 37 71 39 43 45
leaf_count=67 53 42 50 68 53 37 71 39 43 45
internal_value=-3.78367e-05 -0.000228552 7.16581e-05 0.000385952 -0.000541006 -0.000974024 -0.000224069 0.000273102 0.000662771 3.90574e-05
internal_weight=568 374 171 118 203 79 124 194 82 112
internal_count=568 374 171 118 203 79 124 194 82 112
is_linear=0
shrinkage=0.0167612


Tree=125
num_leaves=10
num_cat=0
split_feature=182 101 6 83 160 54 11 105 134
split_gain=0.144115 0.0793788 0.0638651 0.132276 0.0631181 0.0977456 0.0621014 0.064755 0.00846986
threshold=1154922.8413258041 0.77069554214077562 1.0000000180025095e-35 0.4494949494949495 35.078713968957878 1.0000000180025095e-35 -0.24999999999999994 101.50000000000001 1.0000000180025095e-35
decision_type=8 8 2 8 8 10 2 8 10
left_child=1 -1 3 -2 8 -6 7 -4 -3
right_child=2 4 6 -5 5 -7 -8 -9 -10
leaf_value=0.00090454845200856635 -0.00016912440046722353 -5.4205333996065763e-05 -0.00025705213493178213 -0.0009836754052888056 6.3676621846555604e-05 0.00075576102125210986 -0.00032059006596023125 0.00031836807601402268 -0.00029464724800093439
leaf_weight=24 27 26 34 64 33 62 141 118 39
leaf_count=24 27 26 34 64 33 62 141 118 39
internal_value=-3.71662e-05 0.000296608 -0.000226918 -0.000574915 0.000137227 0.000384475 -8.77223e-05 9.40784e-05 -0.000129609
internal_weight=568 184 384 91 160 95 293 152 65
internal_count=568 184 384 91 160 95 293 152 65
is_linear=0
shrinkage=0.0167612


Tree=126
num_leaves=11
num_cat=0
split_feature=13 70 200 11 46 40 146 160 197 144
split_gain=0.326764 0.315341 0.29495 0.260149 0.0933594 0.0370662 0.0522736 0.0364536 0.0157801 0.00621743
threshold=637491.92851307197 636923.58478669252 -8.5191404499999983 -0.24999999999999994 652385.67224865453 1.0000000180025095e-35 1.0000000180025095e-35 24.405555555555559 0.39148936170212773 1.0000000180025095e-35
decision_type=2 10 10 2 8 8 10 8 8 10
left_child=2 3 5 -2 8 6 -1 -3 -4 -9
right_child=1 7 4 -5 -6 -7 -8 9 -10 -11
leaf_value=-7.6465974063892744e-05 -0.00028947558623820515 -0.00025224922721633978 0.00022561796200346824 -0.0016754937139746566 0.0015658638888495268 8.8613548756601588e-05 -0.00068148121251248206 8.1545254208384045e-05 0.00068010077827854588 0.00032299223933342198
leaf_weight=50 51 42 29 68 34 126 31 28 47 62
leaf_count=50 51 42 29 68 34 126 31 28 47 62
internal_value=-3.63952e-05 -0.000470315 0.000286126 -0.00104515 0.000910043 -4.14188e-06 -0.000281024 -5.69827e-05 0.000575684 0.000203707
internal_weight=568 251 317 119 110 207 81 132 76 90
internal_count=568 251 317 119 110 207 81 132 76 90
is_linear=0
shrinkage=0.0167612


Tree=127
num_leaves=11
num_cat=0
split_feature=105 13 2 10 215 151 215 2 215 47
split_gain=0.155045 0.377274 0.323817 0.328576 0.148648 0.0984347 0.0793064 0.0738706 0.100251 0.0321096
threshold=4.5000000000000009 668423.75000000012 2023.5000000000002 -0.24999999999999994 0.098387096774193564 37.500000000000007 0.16397849462365588 2024.5000000000002 1.0000000180025095e-35 36.500000000000007
decision_type=10 2 2 2 8 8 8 2 10 8
left_child=1 4 3 -2 -1 -6 -3 8 -4 -9
right_child=2 6 7 -5 5 -7 -8 9 -10 -11
leaf_value=-0.00050783027306981949 0.0019405100104494199 -0.00047000014817751094 -0.00010954188886285923 0.00026634176605142657 0.00083608593363954683 4.3921133722584026e-05 -0.0015458745020403607 0.00037519102205578003 -0.00096091031367052764 -3.6642085519080157e-06
leaf_weight=59 35 26 54 49 40 125 58 53 34 35
leaf_count=59 35 26 54 49 40 125 58 53 34 35
internal_value=-3.52437e-05 -0.000288035 0.000229662 0.000964595 -1.13155e-06 0.000290054 -0.00109731 -8.75923e-05 -0.000426026 0.000113191
internal_weight=568 308 260 84 224 165 84 176 88 88
internal_count=568 308 260 84 224 165 84 176 88 88
is_linear=0
shrinkage=0.0167612


Tree=128
num_leaves=9
num_cat=0
split_feature=13 101 161 220 142 9 67 210
split_gain=0.371236 0.403309 0.112064 0.0616859 0.0455967 0.0437675 0.0308402 0.0934021
threshold=683409.35590986407 0.75669689981246746 1030541.5359142446 1.0000000180025095e-35 2.5362210604929056 1.0000000180025095e-35 702335.09462159884 2.166666666666667
decision_type=2 8 8 8 10 2 8 8
left_child=1 -1 -2 4 -3 -5 -4 -8
right_child=2 3 6 5 -6 -7 7 -9
leaf_value=0.0014420882009770096 -0.0001368325577986343 -0.00041895395245896685 -0.00035644693730869746 0.00036045216085534178 1.8125891642823987e-05 -2.9359750028486612e-05 -0.0015182726762160059 -0.00053205221102156121
leaf_weight=36 61 85 27 173 36 33 51 57
leaf_count=36 61 85 27 173 36 33 51 57
internal_value=-3.26988e-05 0.000254122 -0.00058341 5.63187e-05 -0.000184336 0.000228458 -0.000871363 -0.00104302
internal_weight=559 363 196 327 121 206 135 108
internal_count=559 363 196 327 121 206 135 108
is_linear=0
shrinkage=0.0167612


Tree=129
num_leaves=11
num_cat=0
split_feature=11 2 6 66 13 67 24 159 86 202
split_gain=0.30344 0.376018 0.455965 0.241115 0.102874 0.121116 0.110916 0.025686 0.0246243 0.0153001
threshold=-1.0000000180025095e-35 2023.5000000000002 1.5000000000000002 1.0000000180025095e-35 314876.21041092119 414136.05055994733 1.0000000180025095e-35 1.0000000180025095e-35 721890.42271505389 1.0000000180025095e-35
decision_type=2 2 2 8 2 10 8 8 8 8
left_child=1 2 -1 -2 6 -6 -5 8 -3 -9
right_child=3 7 -4 4 5 -7 -8 9 -10 -11
leaf_value=0.00049152621763025686 -0.0014465208843434344 -5.5373697085592679e-05 0.0022131846952556863 -6.5599130362540051e-05 -0.00071141204084421877 -7.9515984629996203e-05 0.00079806992070748616 0.0003713460405505211 -0.00037717954020640403 2.9456579398509081e-05
leaf_weight=27 24 39 40 29 126 78 29 32 59 76
leaf_count=27 24 39 40 29 126 78 29 32 59 76
internal_value=-3.12781e-05 0.000327374 0.00121652 -0.00040337 -0.000238247 -0.000411355 0.000190452 2.72322e-05 -0.000170917 0.000149234
internal_weight=559 273 67 286 262 204 58 206 98 108
internal_count=559 273 67 286 262 204 58 206 98 108
is_linear=0
shrinkage=0.0167612


Tree=130
num_leaves=9
num_cat=0
split_feature=11 212 141 101 9 66 5 160
split_gain=0.216518 0.147179 0.130984 0.152479 0.140781 0.126192 0.072634 0.0530029
threshold=-0.5 0.97072122887219503 1.0000000180025095e-35 0.85178002790975116 1.0000000180025095e-35 1.0000000180025095e-35 2.5000000000000004 40.16568914956013
decision_type=2 10 8 8 2 10 2 8
left_child=1 7 5 -4 -5 -2 -3 -1
right_child=2 6 3 4 -6 -7 -8 -9
leaf_value=-0.00031267405389168753 -0.0014526485254346625 0.00038178707966424874 0.00059518478461177801 -2.0377098236052896e-05 -0.00077588578221517417 -0.00027320639396159865 0.0013909301202350639 0.00026258709867883062
leaf_weight=38 32 34 34 206 70 37 38 70
leaf_count=38 32 34 34 206 70 37 38 70
internal_value=-3.07441e-05 0.000387666 -0.000261811 -0.000100961 -0.000244966 -0.000814048 0.000897755 5.71921e-05
internal_weight=559 180 379 310 276 69 72 108
internal_count=559 180 379 310 276 69 72 108
is_linear=0
shrinkage=0.0167612


Tree=131
num_leaves=8
num_cat=0
split_feature=66 207 137 213 78 9 10
split_gain=0.143947 0.177684 0.316345 0.104979 0.127071 0.102375 0.0701272
threshold=1.0000000180025095e-35 23298.669018586723 266029.54984959046 2.5650000000000004 0.12060606060606062 1.0000000180025095e-35 0.25000000000000011
decision_type=8 10 10 10 8 2 2
left_child=-1 3 -3 5 -5 -2 -4
right_child=1 2 6 4 -6 -7 -8
leaf_value=-0.00071050166307547885 0.00018950639558814523 0.0012409408011866134 0.00025838531042461535 -0.00015469061314456829 -0.001113448926193556 -0.00048748843517464714 -0.00036211179402056531
leaf_weight=44 176 59 81 51 45 52 51
leaf_count=44 176 59 81 51 45 52 51
internal_value=-3.00686e-05 3.34604e-05 0.000418693 -0.000173245 -0.000576787 -1.31259e-05 5.19316e-05
internal_weight=559 515 191 324 96 228 132
internal_count=559 515 191 324 96 228 132
is_linear=0
shrinkage=0.0167612


Tree=132
num_leaves=9
num_cat=0
split_feature=13 141 6 25 132 55 25 60
split_gain=0.360739 0.153573 0.370843 0.236588 0.212079 0.125594 0.0833086 0.0248006
threshold=187066.06931818186 1.0000000180025095e-35 1.5000000000000002 23.801271860095394 1104704.1000000003 1.0000000180025095e-35 14.571571571571573 1.5000000000000002
decision_type=2 10 2 8 8 10 8 10
left_child=-1 4 6 -4 5 -2 -3 -6
right_child=1 2 3 -5 7 -7 -8 -9
leaf_value=0.0011137451918711142 -0.0019094841225572299 0.00010716991477292129 0.0015892005322803552 0.00022872758608377845 -0.00023353224562952554 -0.00059789672054065535 -0.00049696330252116015 6.5009967838335422e-05
leaf_weight=33 26 30 45 49 169 34 148 25
leaf_count=33 26 30 45 49 169 34 148 25
internal_value=-2.99014e-05 -0.000154529 7.63272e-05 0.00082837 -0.000441278 -0.0011532 -0.000288098 -0.000161876
internal_weight=559 526 272 94 254 60 178 194
internal_count=559 526 272 94 254 60 178 194
is_linear=0
shrinkage=0.0167612


Tree=133
num_leaves=8
num_cat=0
split_feature=92 11 19 5 149 56 132
split_gain=0.305519 0.175387 0.177566 0.0912409 0.0738246 0.0311702 0.0122341
threshold=-0.73490990505011011 -0.24999999999999994 69.000000000000014 2.5000000000000004 1.0000000180025095e-35 1649276.9866993225 179625.85240274601
decision_type=8 2 8 2 10 8 10
left_child=3 5 4 -1 -3 6 -2
right_child=1 2 -4 -5 -6 -7 -8
leaf_value=0.00029355167464352602 -0.00014844037445947391 -0.0013230528963095627 -5.0918345705901781e-05 0.00132400794927837 -0.00052288130247832027 0.00039405637851248177 0.00012762783347583184
leaf_weight=31 45 45 141 41 121 74 61
leaf_count=31 45 45 141 41 121 74 61
internal_value=-2.8142e-05 -0.000190481 -0.000435042 0.000780434 -0.000784449 0.000151055 2.26425e-05
internal_weight=559 487 307 72 166 180 106
internal_count=559 487 307 72 166 180 106
is_linear=0
shrinkage=0.0167612


Tree=134
num_leaves=11
num_cat=0
split_feature=13 131 11 36 161 124 213 148 6 124
split_gain=0.280337 0.305198 0.287217 0.219987 0.204119 0.173332 0.0715139 0.0284379 0.0199441 0.00527141
threshold=603248.51836917584 1.0000000180025095e-35 -0.5 249.00000000000003 1.0000000180025095e-35 1.0000000180025095e-35 3.7750000000000004 1.0000000180025095e-35 1.5000000000000002 1.0000000180025095e-35
decision_type=2 10 2 8 10 8 10 8 2 8
left_child=1 7 6 -3 5 -4 9 -1 -9 -2
right_child=2 3 4 -5 -6 -7 -8 8 -10 -11
leaf_value=-0.00017725974048393695 -0.00013100370261831103 0.0018948711773245602 -0.0020235974164867949 0.00040573883400807538 -0.00020820418478951033 -0.00077866784818148276 0.00070795569996769212 0.0002934410388869893 5.1448075113323154e-05 6.4787923486105269e-05
leaf_weight=91 24 36 30 32 53 95 24 93 37 44
leaf_count=91 24 36 30 32 53 95 24 93 37 44
internal_value=-2.70525e-05 0.000298347 -0.000404203 0.0011004 -0.0007986 -0.00116393 0.000153823 2.32645e-05 0.000153295 3.31644e-05
internal_weight=559 289 270 68 178 125 92 221 130 68
internal_count=559 289 270 68 178 125 92 221 130 68
is_linear=0
shrinkage=0.0167612


Tree=135
num_leaves=9
num_cat=0
split_feature=13 92 11 114 100 85 144 151
split_gain=0.198994 0.269645 0.130273 0.0984445 0.0707001 0.063234 0.203157 0.00541438
threshold=740827.57354028092 -0.80875953379902643 -1.0000000180025095e-35 1.0000000180025095e-35 1371961.0642361112 14.500000000000002 0.78709677419354851 25.500000000000004
decision_type=2 8 2 10 8 8 10 10
left_child=1 -1 4 -4 -3 -2 7 -7
right_child=5 2 3 -5 -6 6 -8 -9
leaf_value=0.0010370572006670651 -0.00013348751888344774 2.0395674785767895e-05 -3.2033153523043382e-05 -0.00070885997418755273 0.00055273206182140369 -0.00021254979639073174 -0.0014482867006266199 -8.5464693712964656e-05
leaf_weight=48 49 32 135 65 117 46 40 27
leaf_count=48 49 32 135 65 117 46 40 27
internal_value=-2.60104e-05 0.000151762 7.71443e-06 -0.000263405 0.000328769 -0.000483444 -0.000721337 -0.000208925
internal_weight=559 397 349 200 149 162 113 73
internal_count=559 397 349 200 149 162 113 73
is_linear=0
shrinkage=0.0167612


Tree=136
num_leaves=10
num_cat=0
split_feature=148 71 46 100 212 65 103 14 41
split_gain=0.170685 0.190505 0.186001 0.192901 0.118241 0.0532623 0.187035 0.0719633 0.00722237
threshold=1.0000000180025095e-35 106.50000000000001 683179.47162885836 670718.75000000012 0.87065465503686923 1.0000000180025095e-35 37906.011086336512 7.5000000000000009 1.0000000180025095e-35
decision_type=10 8 8 8 10 10 10 2 8
left_child=1 8 3 -2 -4 6 -3 -7 -1
right_child=2 5 4 -5 -6 7 -8 -9 -10
leaf_value=-0.0011543125484499272 0.00048575793495464329 0.00016384767440706652 -0.00048849911910313468 0.0017586686589291993 0.00041079383355519222 0.00016232002944510546 -0.00078147824454602357 0.00086279649046295517 -0.0004272047110711136
leaf_weight=27 25 245 26 43 68 32 36 36 30
leaf_count=27 25 245 26 43 68 32 36 36 30
internal_value=0.000140019 -1.66447e-05 0.000556692 0.0011355 0.000102785 9.85675e-05 6.14728e-06 0.000440227 -0.000730646
internal_weight=568 406 162 68 94 349 281 68 57
internal_count=568 406 162 68 94 349 281 68 57
is_linear=0
shrinkage=0.0167612


Tree=137
num_leaves=11
num_cat=0
split_feature=11 151 100 55 13 115 70 174 47 47
split_gain=0.166134 0.305428 0.396019 0.302836 0.205412 0.134961 0.130562 0.115043 0.0351578 0.0323661
threshold=0.25000000000000017 4.5000000000000009 1371961.0642361112 1.0000000180025095e-35 900858.57142857148 35076.76666666667 416989.22675736964 1.0000000180025095e-35 36.500000000000007 50.500000000000007
decision_type=2 10 8 10 2 10 10 8 10 8
left_child=1 6 8 -4 5 7 -1 -2 -3 -7
right_child=4 2 3 -5 -6 9 -8 -9 -10 -11
leaf_value=0.00016284338609647415 -0.0009227006406580374 0.00042870109743328049 0.0028781750854277579 0.001037670895117827 -0.0010510802555282741 0.00012433802434012214 -0.00065283570607142436 -5.257254511045814e-05 -7.6356522289965643e-05 0.00067423973640860172
leaf_weight=146 32 27 24 42 26 42 36 92 44 57
leaf_count=146 32 27 24 42 26 42 36 92 44 57
internal_value=0.000136854 0.000384542 0.000927995 0.00173641 -0.000142891 -1.10501e-05 2.96329e-05 -0.000311349 0.000193384 0.000403741
internal_weight=568 319 137 66 249 223 182 124 71 99
internal_count=568 319 137 66 249 223 182 124 71 99
is_linear=0
shrinkage=0.0167612


Tree=138
num_leaves=9
num_cat=1
split_feature=0 92 156 145 82 129 6 159
split_gain=0.359908 0.205903 0.141793 0.0895625 0.0754225 0.0390853 0.0266255 0.023096
threshold=0 -0.73490990505011011 2.7453703703703707 1.0000000180025095e-35 0.98626016033138575 0.046483602993622315 1.5000000000000002 1.0000000180025095e-35
decision_type=9 8 8 8 10 8 2 8
left_child=4 5 7 -4 6 -2 -1 -3
right_child=1 2 3 -5 -6 -7 -8 -9
leaf_value=-0.00057420854357763558 0.0015640046677153447 -0.00059101505780774705 5.1659534520490256e-05 0.00051897055860743906 -0.0002059738239447642 0.0005786078770499513 -0.0013649207346895353 -0.00013964694086336004
leaf_weight=52 38 44 89 236 31 24 30 24
leaf_count=52 38 44 89 236 31 24 30 24
internal_value=0.000133811 0.000348148 0.000199964 0.000348283 -0.0005476 0.00108946 -0.000912927 -0.000318964
internal_weight=568 455 393 325 113 62 82 68
internal_count=568 455 393 325 113 62 82 68
cat_boundaries=0 1
cat_threshold=34612256
is_linear=0
shrinkage=0.0167612


Tree=139
num_leaves=11
num_cat=0
split_feature=67 47 10 131 11 103 11 103 58 54
split_gain=0.166912 0.241435 0.246095 0.155142 0.125374 0.123866 0.221883 0.12315 0.232629 0.0189613
threshold=796089.20833333349 26.500000000000004 0.25000000000000011 1.0000000180025095e-35 0.6830127018922193 181936.5628949563 -0.24999999999999994 101155.82047545163 1.0000000180025095e-35 1.0000000180025095e-35
decision_type=8 10 2 10 2 10 2 10 8 10
left_child=1 2 3 -1 5 6 -2 8 -6 -4
right_child=4 -3 9 -5 7 -7 -8 -9 -10 -11
leaf_value=0.00080643195358040857 0.00085658352972770295 -0.00012293390269216834 0.00010894636734000166 0.0022815396065236698 -0.0016060390175962546 -0.00040417228617665074 -2.1352792699951756e-05 -2.7012263574242664e-06 -0.00022023682159011309 0.00037284426875566339
leaf_weight=26 95 46 31 35 32 44 123 31 64 41
leaf_count=26 95 46 31 35 32 44 123 31 64 41
internal_value=0.000131042 0.000519787 0.000899517 0.00157266 -3.59865e-05 0.000129695 0.000321192 -0.000436719 -0.000766422 0.000289644
internal_weight=568 179 133 61 389 262 218 127 96 72
internal_count=568 179 133 61 389 262 218 127 96 72
is_linear=0
shrinkage=0.0167612


Tree=140
num_leaves=8
num_cat=0
split_feature=11 13 47 101 141 173 54
split_gain=0.252073 0.563294 0.221741 0.152099 0.277058 0.127418 0.118708
threshold=-0.5 201168.12380952385 15.500000000000002 1.152860228288199 1.0000000180025095e-35 1.0000000180025095e-35 1.0000000180025095e-35
decision_type=2 2 10 8 10 8 10
left_child=2 -2 5 4 -3 -1 -5
right_child=1 3 -4 6 -6 -7 -8
leaf_value=0.0015734289426419538 0.0013813720114138543 -0.00079887718440526951 0.00010435661870746481 -0.00030305024345088496 0.00049570329562203023 0.00050441587983813489 -0.0011157060798781084
leaf_weight=57 28 30 57 173 107 59 57
leaf_count=57 28 30 57 173 107 59 57
internal_value=0.000127819 -7.76425e-05 0.0006169 -0.000286964 4.80699e-05 0.0010378 -0.000547652
internal_weight=568 395 173 367 137 116 230
internal_count=568 395 173 367 137 116 230
is_linear=0
shrinkage=0.0167612


Tree=141
num_leaves=7
num_cat=0
split_feature=101 14 22 11 10 6
split_gain=0.207099 0.143625 0.157147 0.188176 0.122924 0.0557477
threshold=0.78532810249578144 18.000000000000004 1.0000000180025095e-35 0.6830127018922193 1.0000000180025095e-35 1.5000000000000002
decision_type=8 2 10 2 2 2
left_child=4 2 3 -2 -1 -3
right_child=1 5 -4 -5 -6 -7
leaf_value=0.0014305783362114082 -1.3724974838761976e-05 0.00094986983826483796 0.00065922279096016444 -0.0007173932854839366 0.00034249237764162285 0.00017142960893793462
leaf_weight=37 281 42 25 116 27 40
leaf_count=37 281 42 25 116 27 40
internal_value=0.000125543 4.48921e-06 -0.0001126 -0.000220071 0.00083725 0.000538309
internal_weight=568 504 422 397 64 82
internal_count=568 504 422 397 64 82
is_linear=0
shrinkage=0.0167612


Tree=142
num_leaves=8
num_cat=0
split_feature=47 13 131 101 182 41 207
split_gain=0.191238 0.488164 0.397849 0.211444 0.162965 0.0873191 0.0121025
threshold=40.500000000000007 377957.68181818194 1.0000000180025095e-35 0.75669689981246746 827840.01513157913 1.0000000180025095e-35 6193.3192066518941
decision_type=10 2 10 8 10 10 10
left_child=1 2 6 -3 -5 -2 -1
right_child=5 3 -4 4 -6 -7 -8
leaf_value=0.00064983557324239428 -0.0010271453391410374 0.00082462705313866022 0.0022842839454277025 -0.00040384011343247097 0.0003921482163184512 -0.00011797975128127252 0.00025328303236541675
leaf_weight=97 31 27 26 259 48 54 26
leaf_count=97 31 27 26 259 48 54 26
internal_value=0.000124412 0.000262422 0.000982953 -4.80306e-05 -0.000215184 -0.000458842 0.000605619
internal_weight=568 483 149 334 307 85 123
internal_count=568 483 149 334 307 85 123
is_linear=0
shrinkage=0.0167612


Tree=143
num_leaves=9
num_cat=0
split_feature=13 13 215 11 186 76 171 148
split_gain=0.390105 0.337343 0.46148 0.322985 0.246019 0.11486 0.0807131 0.00610832
threshold=937347.0086904763 404411.84523809532 1.0000000180025095e-35 1.0000000180025095e-35 490966.83784461161 13.500000000000002 1.0000000180025095e-35 1.0000000180025095e-35
decision_type=2 2 10 2 10 10 10 8
left_child=1 2 7 6 -5 -2 -3 -1
right_child=5 3 -4 4 -6 -7 -8 -9
leaf_value=0.00013830442679578413 -0.0002773285789717459 0.0007299219588189264 0.002166473998583821 -0.0010896584993613332 -8.3058790356641546e-05 -0.0013065138058293306 0.00018643468334449568 0.00052932213821359772
leaf_weight=51 32 112 29 80 78 47 30 109
leaf_count=51 32 112 29 80 78 47 30 109
internal_value=0.000123606 0.000309378 0.000823062 1.29756e-05 -0.000497842 -0.000752141 0.000485679 0.00046915
internal_weight=568 489 189 300 158 79 142 160
internal_count=568 489 189 300 158 79 142 160
is_linear=0
shrinkage=0.0167612


Tree=144
num_leaves=9
num_cat=1
split_feature=0 161 212 184 12 144 45 12
split_gain=0.383271 0.178719 0.120153 0.0765768 0.206703 0.0341962 9.59784e-05 0.0523717
threshold=0 705068.181818182 0.99999999998476918 1.0000000180025095e-35 1.0000000180025095e-35 0.57258064516129037 1.5000000000000002 1.0000000180025095e-35
decision_type=9 10 10 8 2 10 10 2
left_child=1 2 5 4 -2 -1 7 -5
right_child=3 -3 -4 6 -6 -7 -8 -9
leaf_value=-0.00074082954261718624 0.00054255067092271586 0.00010044511124361156 -0.00020879630874051378 0.00028891818627430608 -0.00054111029065682589 -0.0014808556261603862 0.00021812539625785143 0.00091179284868983859
leaf_weight=98 64 35 50 114 59 43 26 72
leaf_count=98 64 35 50 114 59 43 26 72
internal_value=-6.42113e-06 -0.000501474 -0.000767357 0.000317168 4.18379e-05 -0.00101948 0.000521555 0.000576431
internal_weight=561 226 191 335 123 141 212 186
internal_count=561 226 191 335 123 141 212 186
cat_boundaries=0 1
cat_threshold=34809008
is_linear=0
shrinkage=0.0167612


Tree=145
num_leaves=9
num_cat=0
split_feature=13 146 107 41 7 78 161 207
split_gain=0.290332 0.160965 0.154443 0.0947009 0.0517759 0.0498842 0.0527621 0.0358256
threshold=610120.83333333349 1.0000000180025095e-35 690.00000000000011 1.0000000180025095e-35 1.0000000180025095e-35 1.0000000180025095e-35 258492.09090909097 169251.89237813593
decision_type=2 10 10 8 2 10 10 8
left_child=2 5 3 -1 -5 7 -7 -2
right_child=1 -3 -4 4 -6 6 -8 -9
leaf_value=-0.00029745737238889847 -0.00014372020966931957 -0.0011886758358986577 0.0010089563361345545 0.00013008282757092095 0.0007123478672129603 -0.00021387359559729013 0.00038655580123728704 -0.00053820723158340866
leaf_weight=55 32 36 44 166 45 33 41 109
leaf_count=55 32 36 44 166 45 33 41 109
internal_value=-5.34115e-06 -0.000414518 0.000303746 0.000137961 0.000302299 -0.000228556 -7.76432e-06 -0.000389783
internal_weight=561 251 310 266 211 215 74 141
internal_count=561 251 310 266 211 215 74 141
is_linear=0
shrinkage=0.0167612


Tree=146
num_leaves=8
num_cat=1
split_feature=0 14 11 146 160 141 73
split_gain=0.280085 0.21411 0.247672 0.115538 0.0761416 0.0656904 0.0511534
threshold=0 7.5000000000000009 1.0000000180025095e-35 1.0000000180025095e-35 10.41666666666667 1.0000000180025095e-35 533674.30357142875
decision_type=9 2 2 8 8 10 10
left_child=3 2 -2 -1 -3 -4 -6
right_child=1 4 5 -5 6 -7 -8
leaf_value=-0.00020242799287576853 0.00022442319963671953 1.3362190584572685e-05 -0.0015631528288867946 -0.0011440688791733923 0.00057673860573316407 -0.0005588993433881562 0.00019048639552224442
leaf_weight=41 45 39 24 66 268 48 30
leaf_count=41 45 39 24 66 268 48 30
internal_value=-4.87562e-06 0.000159735 -0.000336723 -0.000646478 0.000387082 -0.000929675 0.000496234
internal_weight=561 454 117 107 337 72 298
internal_count=561 454 117 107 337 72 298
cat_boundaries=0 1
cat_threshold=34612240
is_linear=0
shrinkage=0.0167612


Tree=147
num_leaves=9
num_cat=1
split_feature=0 111 213 118 67 66 11 160
split_gain=0.359623 0.186454 0.089368 0.0531947 0.0765606 0.0330546 0.019339 0.0185222
threshold=0 7.1872852233676978 3.0250000000000004 52.000000000000007 1051980.0000000002 1.0000000180025095e-35 -0.5 6.4480922803904184
decision_type=9 8 10 8 8 10 2 10
left_child=3 -2 5 4 -1 -3 -4 -6
right_child=1 2 6 -5 7 -7 -8 -9
leaf_value=0.00050223669628695863 -0.0011388811687586802 -0.00051745723217392768 0.00043521237895024161 0.00075783055722082387 -0.000368488520668323 -7.0479553137823943e-05 5.314660229270909e-05 -4.4452084875651199e-05
leaf_weight=69 44 138 33 105 29 77 41 25
leaf_count=69 44 138 33 105 29 77 41 25
internal_value=-5.55532e-06 -0.000348911 -0.000192293 0.000443879 0.000201194 -0.000360836 0.00016973 -0.00010391
internal_weight=561 333 289 228 123 215 74 54
internal_count=561 333 289 228 123 215 74 54
cat_boundaries=0 1
cat_threshold=265038
is_linear=0
shrinkage=0.0167612


Tree=148
num_leaves=9
num_cat=1
split_feature=0 14 71 65 184 189 161 202
split_gain=0.354637 0.210023 0.148798 0.100006 0.0791066 0.0849173 0.0406863 0.0176547
threshold=0 7.5000000000000009 90.500000000000014 1.0000000180025095e-35 1.0000000180025095e-35 257109.97222222225 705068.181818182 1.0000000180025095e-35
decision_type=9 2 10 10 10 8 10 10
left_child=2 4 3 -1 5 -2 7 -3
right_child=1 6 -4 -5 -6 -7 -8 -9
leaf_value=-0.0010045093572502006 -0.00024609131175917109 0.00073529035117740431 2.6628918177124836e-05 -0.00018790031522043508 3.4721639730696966e-05 -0.0011264466421009743 0.00025294016515420374 0.00027890048025500374
leaf_weight=127 28 197 39 60 32 28 24 26
leaf_count=127 28 197 39 60 32 28 24 26
internal_value=-5.317e-06 0.000305379 -0.000482078 -0.000736011 -0.000206096 -0.000614756 0.000577733 0.000666872
internal_weight=561 335 226 187 88 56 247 223
internal_count=561 335 226 187 88 56 247 223
cat_boundaries=0 1
cat_threshold=34809008
is_linear=0
shrinkage=0.0167612


Tree=149
num_leaves=10
num_cat=0
split_feature=141 129 186 121 119 103 11 101 10
split_gain=0.17821 0.243204 0.139859 0.131908 0.0980221 0.0189349 0.00773286 0.00405298 0.00391933
threshold=1.0000000180025095e-35 -0.027703397463176398 1270166.960784314 2.5250626566416048 58500594.322000436 190318.73506004663 0.86602540378443871 1.0191006187015452 1.0000000180025095e-35
decision_type=8 8 8 8 8 8 2 8 2
left_child=1 -1 3 8 -4 -3 -6 -5 -2
right_child=2 5 4 7 6 -7 -8 -9 -10
leaf_value=-0.0015306402557412771 1.308158966566814e-05 -0.00029683909646621991 -0.00065105348251462685 0.00086527582841846001 6.5164260696968693e-05 2.7524754143404344e-05 -0.00014025993376054865 0.00035618580027878814 -0.00013661814114178841
leaf_weight=25 26 37 42 100 186 37 26 46 36
leaf_count=25 26 37 42 100 186 37 26 46 36
internal_value=-4.81046e-06 -0.000565636 0.000114288 0.000424066 -0.00010296 -0.000129269 -8.34179e-06 0.000704839 3.12791e-05
internal_weight=561 99 462 208 254 74 212 146 62
internal_count=561 99 462 208 254 74 212 146 62
is_linear=0
shrinkage=0.0167612


Tree=150
num_leaves=11
num_cat=0
split_feature=13 115 6 158 107 184 160 4 12 69
split_gain=0.289115 0.215142 0.351183 0.168 0.12879 0.0857447 0.0700698 0.0763461 0.0565905 0.0224314
threshold=491171.8725490197 207606.17977528091 1.0000000180025095e-35 1.0000000180025095e-35 690.00000000000011 1.0000000180025095e-35 42.259103641456598 142.50000000000003 1.0000000180025095e-35 1.0000000180025095e-35
decision_type=2 10 2 10 10 8 8 2 2 10
left_child=4 2 -2 -4 5 9 7 -3 -8 -1
right_child=1 6 3 -5 -6 -7 8 -9 -10 -11
leaf_value=-2.4420361857893567e-05 -0.0019554378788845454 -0.00065644808964856484 -4.5200851911561647e-05 -0.0010000262135021335 0.0011402841173805353 0.00043384541692262233 0.00063329547638369776 -1.0966281668469672e-05 0.0001193355261919932 -0.00037653669477880286
leaf_weight=50 28 46 77 36 24 157 53 29 30 31
leaf_count=50 28 46 77 36 24 157 53 29 30 31
internal_value=-5.7436e-06 -0.000355833 -0.000799253 -0.000385659 0.000359293 0.000221829 -3.76405e-05 -0.000266548 0.00031088 -8.97484e-05
internal_weight=561 299 141 113 262 238 158 75 83 81
internal_count=561 299 141 113 262 238 158 75 83 81
is_linear=0
shrinkage=0.0167612


Tree=151
num_leaves=9
num_cat=0
split_feature=13 14 11 129 52 158 186 78
split_gain=0.172086 0.20604 0.235192 0.170497 0.145696 0.142629 0.0565163 0.00809063
threshold=978221.85528926493 7.5000000000000009 -1.0000000180025095e-35 -0.066464013425532389 143153.10541993068 1.0000000180025095e-35 678759.07497916406 0.027222222222222151
decision_type=2 2 2 10 8 8 8 10
left_child=1 2 4 -4 -1 -3 -7 -2
right_child=7 5 3 -5 -6 6 -8 -9
leaf_value=-0.00016974129345645374 -0.00093348929765114475 0.00097788989986957666 -0.001407862061917972 -0.00036961354199825799 0.00086841912354274585 0.00047477830512283707 1.2695985207949901e-05 -0.00030518936853513788
leaf_weight=26 43 49 57 27 28 77 221 33
leaf_count=26 43 49 57 27 28 77 221 33
internal_value=-5.59372e-06 9.30206e-05 -0.000364858 -0.00090355 0.000157967 0.000318204 0.000162815 -0.0006226
internal_weight=561 485 138 84 54 347 298 76
internal_count=561 485 138 84 54 347 298 76
is_linear=0
shrinkage=0.0167612


Tree=152
num_leaves=9
num_cat=0
split_feature=75 78 83 182 86 160 36 10
split_gain=0.237184 0.335049 0.122764 0.134627 0.347537 0.0777067 0.0535236 0.00798369
threshold=1.0000000180025095e-35 0.023532668881506052 0.087595907928388714 712677.20458049898 913544.9421092798 46.666666666666679 87.000000000000014 0.25000000000000011
decision_type=8 8 8 8 8 10 8 2
left_child=1 -1 3 4 -2 6 -4 -5
right_child=2 -3 5 7 -6 -7 -8 -9
leaf_value=-0.0015887579183115445 0.00032761449050525593 -0.00016142395046686833 0.00029243678506300406 0.0001778892763945887 0.0018078139426598834 0.00052186490244758316 -0.0002047392970818718 -5.8571969591483062e-05
leaf_weight=39 36 41 27 39 40 30 269 36
leaf_count=39 36 41 27 39 40 30 269 36
internal_value=1.55759e-06 -0.000679876 0.000154905 0.000514362 0.000958635 8.39961e-06 -0.00010402 0.000102611
internal_weight=557 80 477 151 76 326 296 75
internal_count=557 80 477 151 76 326 296 75
is_linear=0
shrinkage=0.0167612


Tree=153
num_leaves=10
num_cat=1
split_feature=0 66 111 160 189 104 207 14 160
split_gain=0.324725 0.144645 0.553961 0.100032 0.0994984 0.0827226 0.0400759 0.0206662 0.0130351
threshold=0 1.0000000180025095e-35 42.259103641456598 20.235507246376816 1227964.1779371586 2.3304497572615461 27295.281812390549 18.000000000000004 35.078713968957878
decision_type=9 8 8 8 8 8 10 2 8
left_child=3 2 -2 -1 -5 -6 7 -3 -8
right_child=1 6 -4 4 5 -7 8 -9 -10
leaf_value=6.9014174411546756e-05 -0.0022103571539028133 -0.0003343243333788904 -0.00014809573382820176 0.0010004897171851709 -0.0001927654348523626 0.00050066361912016327 4.6514259250083643e-05 -8.5005150064047604e-05 0.00033336238496695493
leaf_weight=43 27 177 25 100 30 66 25 37 27
leaf_count=43 27 177 25 100 30 66 25 37 27
internal_value=1.89363e-06 -0.000311473 -0.000967279 0.00043972 0.000647223 0.000239062 -0.000150009 -0.000253282 0.000108731
internal_weight=557 318 52 239 196 96 266 214 52
internal_count=557 318 52 239 196 96 266 214 52
cat_boundaries=0 1
cat_threshold=3022
is_linear=0
shrinkage=0.0167612


Tree=154
num_leaves=9
num_cat=1
split_feature=0 114 213 11 197 5 72 168
split_gain=0.312972 0.208901 0.154509 0.134473 0.0607287 0.0643417 0.0373459 0.03224
threshold=0 11.500000000000002 2.8900000000000001 0.25000000000000017 0.06749241658240647 1.5000000000000002 1.0000000180025095e-35 1.0000000180025095e-35
decision_type=9 10 10 2 8 2 8 10
left_child=4 2 7 -3 -1 -6 -7 -2
right_child=1 3 -4 -5 5 6 -8 -9
leaf_value=0.00014483601082247569 -0.00014752725615745419 -0.00036239255512710141 0.00043104614488127075 -0.0015968550595056507 0.00017331772783366921 0.00043713451861305532 0.0010779516924342111 -0.00066416616284499551
leaf_weight=37 122 35 72 39 45 89 68 50
leaf_count=37 122 35 72 39 45 89 68 50
internal_value=1.45013e-06 -0.000305921 -7.27388e-05 -0.000969166 0.000431555 0.000590603 0.000752445 -0.000335413
internal_weight=557 318 244 74 239 202 157 172
internal_count=557 318 244 74 239 202 157 172
cat_boundaries=0 1
cat_threshold=3022
is_linear=0
shrinkage=0.0167612


Tree=155
num_leaves=10
num_cat=0
split_feature=75 36 105 3 182 119 22 36 6
split_gain=0.215645 0.219693 0.110479 0.198892 0.101938 0.0921131 0.0843735 0.0672749 0.051318
threshold=1.0000000180025095e-35 116.50000000000001 3.5000000000000004 6.5000000000000009 656898.54166666686 56547238.073988535 1.0000000180025095e-35 98.500000000000014 1.5000000000000002
decision_type=8 8 10 2 8 8 8 8 2
left_child=1 -1 6 5 -5 -4 7 -2 -8
right_child=2 -3 3 4 -6 -7 8 -9 -10
leaf_value=-0.0014253354223176182 -0.00019182031717790616 -0.0001933801866969848 -0.00045287845151498559 0.0015069762914150485 0.00049052918294623798 0.00029560821343282306 0.00028174824555109553 -0.00083364307924785753 -0.00017063833615605154
leaf_weight=36 26 44 45 37 67 61 140 45 56
leaf_count=36 26 44 45 37 67 61 140 45 56
internal_value=5.4041e-07 -0.000648622 0.000147463 0.000422078 0.000890928 6.32676e-05 -3.21009e-05 -0.000458657 8.96875e-05
internal_weight=557 80 477 210 104 106 267 71 196
internal_count=557 80 477 210 104 106 267 71 196
is_linear=0
shrinkage=0.0167612


Tree=156
num_leaves=9
num_cat=1
split_feature=0 213 101 208 182 161 84 111
split_gain=0.330255 0.196494 0.187641 0.168377 0.0874359 0.0714851 0.0419725 0.0261292
threshold=0 3.5350000000000006 1.1788973495465569 5.5000000000000009 161999.91666666672 621386.58257839724 40.500000000000007 2.9090909090909096
decision_type=9 8 8 10 10 10 8 10
left_child=2 4 -1 -3 7 -6 -4 -2
right_child=1 3 6 -5 5 -7 -8 -9
leaf_value=-0.0015321758182311768 -0.00065432598789858074 0.00030565218149280869 -7.9507265029134729e-05 0.0013062903602789686 5.0139210735805615e-06 0.00055643930344860711 -0.00049970382031914269 -0.00016956090978592522
leaf_weight=32 58 143 28 48 119 47 54 28
leaf_count=32 58 143 28 48 119 47 54 28
internal_value=1.23858e-07 0.000217408 -0.000649942 0.000604549 -2.67731e-05 0.000126034 -0.000314529 -0.000423577
internal_weight=557 443 114 191 252 166 82 86
internal_count=557 443 114 191 252 166 82 86
cat_boundaries=0 1
cat_threshold=34694144
is_linear=0
shrinkage=0.0167612


Tree=157
num_leaves=8
num_cat=1
split_feature=66 0 11 114 212 156 76
split_gain=0.257969 0.256193 0.209112 0.159875 0.0733531 0.174428 0.128262
threshold=1.0000000180025095e-35 0 0.25000000000000017 27.500000000000004 0.99145516404620404 2.9180107526881724 75.500000000000014
decision_type=8 9 2 8 10 8 8
left_child=2 3 -1 -2 6 -6 -3
right_child=1 4 -4 -5 5 -7 -8
leaf_value=-0.00036841345695230179 -0.00012887776765449846 -0.00023550218784138647 -0.0016694053653302427 -0.0010214254668362037 8.8725198914468056e-05 0.00095058600075830228 0.00042236618564832806
leaf_weight=24 46 96 28 59 39 116 149
leaf_count=24 46 96 28 59 39 116 149
internal_value=0 0.000130063 -0.000841482 -0.000446063 0.000331942 0.000618753 0.000137056
internal_weight=557 505 52 105 400 155 245
internal_count=557 505 52 105 400 155 245
cat_boundaries=0 1
cat_threshold=34866177
is_linear=0
shrinkage=0.0167612


Tree=158
num_leaves=8
num_cat=1
split_feature=122 42 47 215 31 1 106
split_gain=0.156305 0.0940848 0.085976 0.16016 0.0906028 0.0509431 0.0301374
threshold=1.0000000180025095e-35 20.500000000000004 46.500000000000007 1.0000000180025095e-35 2.5000000000000004 0 -369630.10735171253
decision_type=10 10 10 10 10 1 10
left_child=2 -2 3 5 -4 -1 -5
right_child=1 -3 4 6 -6 -7 -8
leaf_value=0.00024249568930608667 -0.0002748649172417578 -0.0012691960163598991 -0.00087727646533631567 0.00028398014523801365 -9.7152657864079775e-05 -0.00011906257704798702 0.00096014207069116417
leaf_weight=132 26 25 25 28 41 208 72
leaf_count=132 26 25 25 28 41 208 72
internal_value=0 -0.000657223 0.000102704 0.000202236 -0.000310269 1.51742e-05 0.000709406
internal_weight=557 51 506 440 66 340 100
internal_count=557 51 506 440 66 340 100
cat_boundaries=0 1
cat_threshold=68
is_linear=0
shrinkage=0.0167612


Tree=159
num_leaves=10
num_cat=0
split_feature=151 22 14 132 46 6 202 10 11
split_gain=0.182857 0.111844 0.155046 0.193781 0.0603313 0.0582032 0.0290301 0.00990687 0.00878366
threshold=4.5000000000000009 1.0000000180025095e-35 18.000000000000004 28238.250000000004 398877.71709455579 1.5000000000000002 1.0000000180025095e-35 -0.24999999999999994 -0.24999999999999994
decision_type=8 10 2 10 10 2 10 2 2
left_child=4 2 3 -2 7 -4 8 -1 -6
right_child=1 -3 5 -5 6 -7 -8 -9 -10
leaf_value=4.1248172174063711e-05 -0.00043125951311603986 0.00091021495547825772 0.001081929183637396 0.00031766348880608495 -0.00015043354678853833 0.00027043740323945848 -0.0011568667686244862 -0.00020148083876049552 -0.00052652654241749377
leaf_weight=29 157 24 43 150 33 28 28 41 24
leaf_count=29 157 24 43 150 33 28 28 41 24
internal_value=0 0.000194082 0.00010406 -3.16169e-05 -0.00042543 0.000675575 -0.000724598 -8.96546e-05 -0.000416039
internal_weight=557 402 378 307 155 71 85 70 57
internal_count=557 402 378 307 155 71 85 70 57
is_linear=0
shrinkage=0.0167612


Tree=160
num_leaves=10
num_cat=0
split_feature=14 119 213 63 137 5 152 47 146
split_gain=0.184835 0.204459 0.131069 0.198734 0.118887 0.0344347 0.0129721 0.0121948 0.00418199
threshold=7.5000000000000009 55100601.36706809 2.7950000000000004 1.0000000180025095e-35 601600.90347018593 1.5000000000000002 605930.61559139797 61.500000000000007 1.0000000180025095e-35
decision_type=2 10 10 10 10 2 8 8 10
left_child=1 -1 3 5 -4 -2 -3 -6 -8
right_child=2 6 4 -5 7 -7 8 -9 -10
leaf_value=-0.0011385163320327598 7.3913300261739743e-05 -0.00018953592992417923 0.0012285897210443954 -0.00050402216496028016 0.00031120592245770641 0.00048040348783427077 0.00023078477983600165 9.2543678473270443e-05 4.6587370440051639e-05
leaf_weight=35 67 32 57 70 28 158 36 27 27
leaf_count=35 67 32 57 70 28 158 36 27 27
internal_value=0.00011789 -0.000341367 0.000298881 9.88503e-05 0.000737849 0.00033887 -5.61202e-05 0.00022623 0.000113887
internal_weight=537 130 407 295 112 225 95 55 63
internal_count=537 130 407 295 112 225 95 55 63
is_linear=0
shrinkage=0.0167612


Tree=161
num_leaves=9
num_cat=0
split_feature=13 55 116 173 6 52 137 96
split_gain=0.292903 0.841948 0.19663 0.308854 0.137685 0.0603656 0.0273033 0.0272347
threshold=447468.64252232149 1.0000000180025095e-35 900.00000000000011 1.0000000180025095e-35 1.0000000180025095e-35 71847.777582240888 1821569.4069767443 2.5000000000000004
decision_type=2 8 8 10 2 10 8 10
left_child=2 -2 3 -1 5 -3 -6 -4
right_child=1 4 7 -5 6 -7 -8 -9
leaf_value=0.002126228883801731 -0.0020332001118209637 -0.00088129590675879602 0.00032822737854164036 0.00044784059021798215 4.368371944533908e-05 -0.00016037198455902781 0.0004569198187811578 6.1021638033542806e-05
leaf_weight=33 26 33 123 32 105 33 112 40
leaf_count=33 26 33 123 32 105 33 112 40
internal_value=0.000115066 -0.000183198 0.000546757 0.00121459 4.34072e-05 -0.000443524 0.000273513 0.000235313
internal_weight=537 309 228 65 283 66 217 163
internal_count=537 309 228 65 283 66 217 163
is_linear=0
shrinkage=0.0167612


Tree=162
num_leaves=10
num_cat=0
split_feature=13 200 12 65 3 20 157 144 54
split_gain=0.250118 0.468184 0.244148 0.719228 0.04713 0.0801989 0.071742 0.0230672 0.0219864
threshold=471749.65287277714 -8.3580425999999992 1.0000000180025095e-35 1.0000000180025095e-35 6.5000000000000009 1.7044138100441548 1.0000000180025095e-35 0.35483870967741932 1.0000000180025095e-35
decision_type=2 10 2 8 2 8 8 10 10
left_child=1 7 4 -4 6 -6 -2 -1 -5
right_child=2 -3 3 8 5 -7 -8 -9 -10
leaf_value=0.00026019680815873327 0.00017347719203642838 0.0017420591201450285 -0.0022022880707392349 0.00025619120081942014 8.6322193558153898e-05 0.00074811659866770661 -0.00047845289221768665 1.9520470893179944e-05 -0.00011408293902293871
leaf_weight=149 47 37 34 36 55 48 46 55 30
leaf_count=149 47 37 34 36 55 48 46 55 30
internal_value=0.000112075 0.000494456 -0.00017565 -0.000774158 8.9407e-05 0.000340339 -6.12362e-05 0.000175165 -0.000120986
internal_weight=537 241 296 100 196 103 93 204 66
internal_count=537 241 296 100 196 103 93 204 66
is_linear=0
shrinkage=0.0167612


Tree=163
num_leaves=10
num_cat=0
split_feature=13 14 96 142 158 6 63 116 6
split_gain=0.176954 0.239141 0.167559 0.140782 0.0523601 0.0383871 0.0315107 0.0279903 0.0270625
threshold=398363.35416666674 7.5000000000000009 3.5000000000000004 2.9255172413793109 1.0000000180025095e-35 1.5000000000000002 1.0000000180025095e-35 900.00000000000011 1.0000000180025095e-35
decision_type=2 2 8 8 10 2 10 10 2
left_child=2 3 7 -2 8 -6 -4 -1 -3
right_child=1 4 6 -5 5 -7 -8 -9 -10
leaf_value=0.0014170845173909763 -0.001493336698137903 8.0878261771670225e-05 0.00026800575703026728 -0.00027245892369976045 -0.00042814633557693063 -8.4732258241995094e-06 -0.00013355367455885638 0.00053306590415778086 0.00038862956748448376
leaf_weight=47 32 44 80 42 47 40 36 24 145
leaf_count=47 32 44 80 42 47 40 36 24 145
internal_value=0.000110139 -8.17434e-05 0.000496646 -0.000788222 9.85969e-05 -0.000125978 0.000114315 0.00105365 0.000271276
internal_weight=537 350 187 74 276 87 116 71 189
internal_count=537 350 187 74 276 87 116 71 189
is_linear=0
shrinkage=0.0167612


Tree=164
num_leaves=10
num_cat=0
split_feature=14 13 213 63 115 79 10 156 183
split_gain=0.173546 0.153749 0.154824 0.161066 0.109546 0.119906 0.104854 0.0604798 0.00410798
threshold=7.5000000000000009 914178.36055194819 2.6850000000000005 1.0000000180025095e-35 319623.03333333338 2.5000000000000004 0.25000000000000011 3.3015151515151522 23.500000000000004
decision_type=2 2 10 10 8 10 2 8 10
left_child=4 2 3 -2 5 -1 -4 -3 -6
right_child=1 7 6 -5 8 -7 -8 -9 -10
leaf_value=-0.00033242365293365716 0.00043112519718039119 -7.8700876612753187e-05 0.0013840897197155101 -0.00037080166650114277 -2.4955853221598413e-05 -0.0012791728472116917 0.00043311659914812585 -0.00062924470980661197 0.00011407352311284042
leaf_weight=25 195 33 62 52 38 40 24 41 27
leaf_count=25 195 33 62 52 38 40 24 41 27
internal_value=0.000107759 0.000283691 0.000450079 0.000216344 -0.000337014 -0.000777065 0.000989269 -0.000217655 -7.5265e-05
internal_weight=537 407 333 247 130 65 86 74 65
internal_count=537 407 333 247 130 65 86 74 65
is_linear=0
shrinkage=0.0167612


Tree=165
num_leaves=9
num_cat=0
split_feature=6 13 115 207 160 198 150 5
split_gain=0.203461 0.192218 0.23781 0.107833 0.0919106 0.0750189 0.0250977 0.0191011
threshold=1.0000000180025095e-35 527136.30157418072 200709.74074074076 33069.321791757277 26.22666666666667 1.0000000180025095e-35 9.5000000000000018 2.5000000000000004
decision_type=2 2 10 8 8 8 10 2
left_child=1 6 -3 7 -5 -6 -1 -2
right_child=3 2 -4 4 5 -7 -8 -9
leaf_value=0.00027919330850061851 -0.00037739718389681213 -0.0018382329453076507 -0.00029133359610397229 0.00010136435214268375 0.00088281855392174631 0.00026993419572835707 -0.00010564490881241165 -2.9496015386500878e-05
leaf_weight=50 30 26 42 64 127 132 24 42
leaf_count=50 30 26 42 64 127 132 24 42
internal_value=0.00010541 -0.000354955 -0.000928767 0.000305403 0.000448455 0.000591732 -5.56152e-06 -9.57772e-05
internal_weight=537 142 68 395 323 259 74 72
internal_count=537 142 68 395 323 259 74 72
is_linear=0
shrinkage=0.0167612


Tree=166
num_leaves=11
num_cat=0
split_feature=11 119 12 160 104 125 84 142 121 74
split_gain=0.244725 0.387022 0.232692 0.158166 0.183192 0.258423 0.063309 0.0553179 0.0212672 0.0190984
threshold=-1.0000000180025095e-35 56852288.558093131 1.0000000180025095e-35 30.888148148148151 1.0000000180025095e-35 1.0000000180025095e-35 11.500000000000002 3.2031746031746038 2.4611063094209169 1.0000000180025095e-35
decision_type=2 8 2 8 8 10 8 8 10 8
left_child=3 2 -2 8 5 -5 -3 -6 -1 -8
right_child=1 6 -4 4 7 -7 9 -9 -10 -11
leaf_value=2.6518307680250633e-06 -0.00031726398131760029 0.0006164353111714311 -0.0017448050007737594 0.0022098548182910532 -4.1402309290364757e-05 0.00059319390026727316 -0.00023050473361203313 0.00045961858944227495 -0.00031235313021415903 0.00010393381438154585
leaf_weight=31 46 34 45 31 29 43 28 86 33 131
leaf_count=31 46 34 45 31 29 43 28 86 33 131
internal_value=0.000102505 -0.000195242 -0.000979553 0.000466456 0.000724281 0.00129704 0.000143523 0.000297669 7.05014e-06 1.50966e-05
internal_weight=537 284 91 253 189 74 193 115 64 159
internal_count=537 284 91 253 189 74 193 115 64 159
is_linear=0
shrinkage=0.0167612


Tree=167
num_leaves=8
num_cat=0
split_feature=6 119 196 82 13 215 9
split_gain=0.192842 0.427162 0.0960749 0.0782419 0.0681313 0.147932 0.0265979
threshold=1.0000000180025095e-35 56808248.071830548 3.5000000000000004 1.0449552853543549 510944.7410714287 0.16397849462365588 1.0000000180025095e-35
decision_type=2 8 8 10 2 10 2
left_child=1 -1 -2 -3 5 -4 -6
right_child=2 3 4 -5 6 -7 -8
leaf_value=-0.0013915598166359738 -0.00017714964360350226 -3.7806344232863517e-05 0.00038485168863577288 0.00061788934874823119 0.00025474879506836554 0.0014375217037957604 -3.8476376458500382e-05
leaf_weight=45 40 66 139 31 142 28 46
leaf_count=45 40 66 139 31 142 28 46
internal_value=0.000100722 -0.000346989 0.0002958 8.01107e-05 0.000403278 0.000646033 0.000152523
internal_weight=537 142 395 97 355 167 188
internal_count=537 142 395 97 355 167 188
is_linear=0
shrinkage=0.0167612


Tree=168
num_leaves=11
num_cat=1
split_feature=0 11 105 202 14 99 10 11 156 145
split_gain=0.211807 0.148976 0.104213 0.076202 0.117696 0.0646452 0.0428629 0.0398347 0.0198941 0.00331219
threshold=0 -0.24999999999999994 101.50000000000001 1.0000000180025095e-35 18.000000000000004 6.5000000000000009 -1.0000000180025095e-35 0.6830127018922193 3.2792207792207795 1.0000000180025095e-35
decision_type=9 2 10 10 2 10 2 2 8 10
left_child=1 6 9 4 5 -2 -1 8 -5 -3
right_child=3 2 -4 7 -6 -7 -8 -9 -10 -11
leaf_value=0.00034464469070608653 -3.8896679170118835e-05 -0.001219985982144141 -0.0002888213882794877 -0.00018326413070195047 0.00096688593199535514 0.00042015001875768122 -0.00018353478036056884 -0.0004799966083020788 0.0002007350295494413 -0.00055112438821425236
leaf_weight=33 110 79 31 25 43 104 59 26 49 28
leaf_count=33 110 79 31 25 43 104 59 26 49 28
internal_value=-4.52284e-05 -0.000413497 -0.000767858 0.000181887 0.000351445 0.000164235 -6.98207e-05 -8.60816e-05 -1.73579e-05 -0.00103038
internal_weight=587 230 138 357 257 214 92 100 74 107
internal_count=587 230 138 357 257 214 92 100 74 107
cat_boundaries=0 1
cat_threshold=39142531
is_linear=0
shrinkage=0.0167612


Tree=169
num_leaves=7
num_cat=0
split_feature=92 161 212 215 149 7
split_gain=0.171238 0.154178 0.210003 0.302713 0.108201 0.0558748
threshold=-0.84476443805059798 937347.0086904763 0.99999999998497924 0.098387096774193564 1.0000000180025095e-35 1.0000000180025095e-35
decision_type=8 10 8 10 10 2
left_child=4 2 3 -2 -1 -4
right_child=1 -3 5 -5 -6 -7
leaf_value=0.00026453062874262097 -0.00032259169074112581 0.00061837552080506249 -0.00015968162666980365 -0.0018630564888418679 0.0012048978622987302 0.00023602545368891879
leaf_weight=25 79 25 304 28 31 95
leaf_count=25 79 25 304 28 31 95
internal_value=-4.3902e-05 -0.000149829 -0.000234274 -0.00080731 0.00061836 -4.46389e-05
internal_weight=587 531 506 107 56 399
internal_count=587 531 506 107 56 399
is_linear=0
shrinkage=0.0167612


Tree=170
num_leaves=11
num_cat=1
split_feature=0 10 105 66 75 160 151 99 91 142
split_gain=0.218581 0.109252 0.146941 0.137715 0.106354 0.0999198 0.0367545 0.0894059 0.0117789 0.00859609
threshold=0 -0.24999999999999994 58.000000000000007 1.0000000180025095e-35 1.0000000180025095e-35 19.116666666666671 5.5000000000000009 40.500000000000007 1.0000000180025095e-35 2.6084715374271634
decision_type=9 2 8 10 10 8 8 10 8 8
left_child=6 2 -2 -3 -4 -5 9 8 -8 -1
right_child=1 3 4 5 -6 -7 7 -9 -10 -11
leaf_value=0.00017934619176007 -0.00070399825616473445 -0.00099057816453947708 0.00070200624335210043 -0.00067067605149761058 -1.9488687059639125e-05 8.8551526546982692e-05 7.9982827769562009e-05 0.001024709832018231 0.00026772584998792858 -6.5623573505220939e-05
leaf_weight=33 25 93 61 33 48 82 31 35 97 49
leaf_count=33 25 93 61 33 48 82 31 35 97 49
internal_value=-4.26358e-05 -0.00031047 -3.8004e-05 -0.000555133 0.000273686 -0.000160014 0.000290844 0.000458343 0.000212642 5.39876e-05
internal_weight=587 342 134 208 109 115 245 163 128 82
internal_count=587 342 134 208 109 115 245 163 128 82
cat_boundaries=0 1
cat_threshold=142168
is_linear=0
shrinkage=0.0167612


Tree=171
num_leaves=10
num_cat=0
split_feature=10 202 210 105 207 213 215 47 186
split_gain=0.100183 0.256274 0.114624 0.232798 0.155434 0.135483 0.0592249 0.0510951 0.0125816
threshold=0.25000000000000011 1.0000000180025095e-35 0.95000000000000007 116.50000000000001 256435.66562182581 1.5600000000000003 1.0000000180025095e-35 29.500000000000004 450958.13777139218
decision_type=2 8 8 8 8 10 10 10 8
left_child=2 6 3 -1 7 -6 8 -4 -2
right_child=1 -3 4 -5 5 -7 -8 -9 -10
leaf_value=-0.0011263076391360275 -0.00019169064475552 -0.00076034206444319352 0.00099112269763056995 0.0001535368757197939 0.00018607117632719829 -0.00067435088267972379 0.00059229674318488188 0.00026196157008245467 0.00010423307193880217
leaf_weight=34 32 134 73 30 116 34 36 54 44
leaf_count=34 32 134 73 30 116 34 36 54 44
internal_value=-4.21877e-05 -0.000292418 0.000117607 -0.00034078 0.000285521 1.75631e-05 0.000151491 0.000677417 2.99021e-05
internal_weight=587 246 341 64 277 150 112 127 76
internal_count=587 246 341 64 277 150 112 127 76
is_linear=0
shrinkage=0.0167612


Tree=172
num_leaves=8
num_cat=0
split_feature=156 182 152 209 75 207 54
split_gain=0.0946276 0.153965 0.111912 0.225771 0.168402 0.109324 0.101692
threshold=2.7609523809523813 1073616.7879901964 653618.36670274183 1.0000000180025095e-35 1.0000000180025095e-35 74344.708600368438 1.0000000180025095e-35
decision_type=8 8 8 10 8 8 8
left_child=5 6 3 -3 -4 -1 -2
right_child=1 2 4 -5 -6 -7 -8
leaf_value=-0.00013811647117273183 0.00015612553224111028 -0.0014757991837548573 0.00076337579522679387 -0.00021527552944144919 -0.00012575541463824135 -0.00097544720801668228 0.00082728049823995776
leaf_weight=45 40 26 35 36 277 43 85
leaf_count=45 40 26 35 36 277 43 85
internal_value=-4.13127e-05 3.02582e-05 -0.000112358 -0.000629919 -6.35044e-06 -0.00047065 0.000490253
internal_weight=587 499 374 62 312 88 125
internal_count=587 499 374 62 312 88 125
is_linear=0
shrinkage=0.0167612


Tree=173
num_leaves=10
num_cat=0
split_feature=114 105 3 143 82 149 20 159 10
split_gain=0.148928 0.399016 0.164431 0.264807 0.174525 0.215878 0.135229 0.0342415 0.010943
threshold=10.500000000000002 84.500000000000014 5.5000000000000009 1.0000000180025095e-35 1.2762557014069744 1.0000000180025095e-35 1.3013489119152564 1.0000000180025095e-35 -0.5
decision_type=10 8 2 8 8 10 8 10 2
left_child=2 -2 3 7 6 -6 -4 -1 -3
right_child=1 8 4 -5 5 -7 -8 -9 -10
leaf_value=0.0005980999764772755 -0.0017173915899142641 0.00016465468326161276 0.0002212353335562761 -0.00073032518753446993 0.00029024146963942555 -0.00080524042735522438 0.0012246098805814634 6.9996082285131452e-05 -0.00011545342770631791
leaf_weight=40 27 25 47 121 125 34 69 51 48
leaf_count=40 27 25 47 121 125 34 69 51 48
internal_value=-4.05751e-05 -0.000549947 6.16678e-05 -0.00023681 0.000332445 3.49685e-05 0.000777562 0.000260991 -0.000112103
internal_weight=587 100 487 212 275 159 116 91 73
internal_count=587 100 487 212 275 159 116 91 73
is_linear=0
shrinkage=0.0167612


Tree=174
num_leaves=10
num_cat=0
split_feature=182 132 160 75 54 167 204 82 219
split_gain=0.0980929 0.234847 0.11414 0.112202 0.0932022 0.0610402 0.058002 0.0409894 0.0188871
threshold=1280349.2013888892 266024.00000000006 33.193840579710148 1.0000000180025095e-35 1.0000000180025095e-35 1.0000000180025095e-35 18.500000000000004 0.94552158087436811 1161579.9269230773
decision_type=8 8 8 8 8 8 8 10 8
left_child=2 6 5 -3 -4 -1 -2 -5 -6
right_child=1 3 4 7 8 -7 -8 -9 -10
leaf_value=-0.00045803248187718413 -0.00054344398659110873 0.00057132820924090007 0.00016715882271718313 -0.00024585178144028569 0.0010698190820544705 0.00013498092749213931 -0.0016082324495989605 0.00015095650784766558 0.0003527618477210329
leaf_weight=56 29 37 40 249 59 32 26 32 27
leaf_count=56 29 37 40 249 59 32 26 32 27
internal_value=-4.0436e-05 -0.000208892 0.00020549 -2.02738e-05 0.000524898 -0.000102524 -0.000994479 -0.000147683 0.000829179
internal_weight=587 373 214 318 126 88 55 281 86
internal_count=587 373 214 318 126 88 55 281 86
is_linear=0
shrinkage=0.0167612


Tree=175
num_leaves=9
num_cat=0
split_feature=7 202 114 47 144 36 150 11
split_gain=0.104646 0.192275 0.102204 0.186091 0.0887826 0.0762258 0.20128 0.0540343
threshold=1.0000000180025095e-35 1.0000000180025095e-35 11.500000000000002 7.5000000000000009 1.0000000180025095e-35 82.500000000000014 12.500000000000002 1.0000000180025095e-35
decision_type=2 10 8 10 10 10 10 2
left_child=1 5 3 -2 -3 6 -1 -7
right_child=2 4 -4 -5 -6 7 -8 -9
leaf_value=3.551567855295102e-06 0.0013136243975681668 -0.00024041833766535352 5.3671027449066425e-05 0.0002725037113283608 -0.001127706067067057 9.6528740832165587e-05 -0.00096594591904166889 0.00065310316408351049
leaf_weight=201 41 38 81 26 63 46 35 56
leaf_count=201 41 38 81 26 63 46 35 56
internal_value=-3.94417e-05 -0.000177202 0.000286267 0.000708421 -0.000729216 -9.28536e-06 -0.000145531 0.000334099
internal_weight=587 439 148 67 101 338 236 102
internal_count=587 439 148 67 101 338 236 102
is_linear=0
shrinkage=0.0167612


Tree=176
num_leaves=8
num_cat=0
split_feature=92 47 131 9 11 82 205
split_gain=0.133528 0.141203 0.139464 0.0791476 0.124305 0.0400401 0.0254001
threshold=-0.39720542643349682 31.500000000000004 1.0000000180025095e-35 1.0000000180025095e-35 1.0000000180025095e-35 1.0396356339324606 42.500000000000007
decision_type=8 10 10 2 2 10 10
left_child=1 2 -1 4 6 -6 -2
right_child=3 -3 -4 -5 5 -7 -8
leaf_value=0.00026455535793459757 0.00038209610283111006 -3.7894287346894048e-05 0.0012388480449158055 -0.0005062175071914671 -0.0005014297133750929 -5.5900307024651569e-05 8.7684627971615093e-05
leaf_weight=37 150 33 60 82 106 79 38
leaf_count=37 150 33 60 82 106 79 38
internal_value=3.96773e-06 0.000432917 0.000788272 -0.000112195 -5.35369e-06 -0.000292176 0.000265957
internal_weight=585 130 97 455 373 185 188
internal_count=585 130 97 455 373 185 188
is_linear=0
shrinkage=0.0167612


Tree=177
num_leaves=8
num_cat=0
split_feature=92 20 131 11 75 46 173
split_gain=0.128243 0.143385 0.166697 0.066744 0.0247687 0.068159 0.00140623
threshold=-0.39720542643349682 1.0000000180025095e-35 1.0000000180025095e-35 -0.68301270189221952 1.0000000180025095e-35 564813.14368909632 1.0000000180025095e-35
decision_type=8 10 10 2 8 8 8
left_child=1 2 -1 6 -5 -6 -2
right_child=3 -3 -4 4 5 -7 -8
leaf_value=0.000314990747564223 0.00032387665679723434 3.5502057242844125e-05 0.0013553532984879489 -6.7180372138670659e-05 6.9479557955735843e-05 -0.00039541109846898202 5.3830498360112805e-05
leaf_weight=31 44 47 52 44 45 275 47
leaf_count=31 44 47 52 44 45 275 47
internal_value=2.69454e-06 0.000423416 0.000837432 -0.000110886 -0.000225332 -0.000284936 0.000189195
internal_weight=585 130 83 455 364 320 91
internal_count=585 130 83 455 364 320 91
is_linear=0
shrinkage=0.0167612


Tree=178
num_leaves=10
num_cat=0
split_feature=25 47 213 7 120 14 11 85 160
split_gain=0.118542 0.235109 0.165812 0.0910125 0.0467393 0.0209614 0.0423523 0.0179742 0.00875424
threshold=1.4573170731707317 -1.0000000180025095e-35 3.0650000000000004 1.0000000180025095e-35 12.500000000000002 18.000000000000004 -0.24999999999999994 9.5000000000000018 18.425925925925931
decision_type=10 10 10 2 10 2 2 10 10
left_child=4 2 -2 -4 5 6 -1 -3 -9
right_child=1 7 3 -5 -6 -7 -8 8 -10
leaf_value=-1.2270195385387334e-05 0.00025327859910852951 -5.9336738750397435e-06 0.00075736270965116946 0.0018430869979560191 -0.00059451311008828784 6.03844479991446e-05 -0.00036692991226599164 -0.00040811613931408672 -5.0344988650265371e-05
leaf_weight=76 36 25 68 24 44 71 122 49 70
leaf_count=76 36 25 68 24 44 71 122 49 70
internal_value=2.97747e-06 0.000256264 0.00074112 0.00112756 -0.000192598 -8.72676e-05 -0.000179713 -9.79952e-05 -0.000238897
internal_weight=585 272 128 92 313 269 198 144 119
internal_count=585 272 128 92 313 269 198 144 119
is_linear=0
shrinkage=0.0167612


Tree=179
num_leaves=7
num_cat=0
split_feature=11 13 25 119 102 197
split_gain=0.112139 0.284499 0.218889 0.0603199 0.0744166 0.0521299
threshold=0.6830127018922193 389543.87933333335 11.452380952380954 54439398.727776073 1.0000000180025095e-35 0.11269841269841267
decision_type=2 2 10 8 10 8
left_child=3 -2 -3 -1 5 -5
right_child=1 2 -4 4 -6 -7
leaf_value=0.00061053180081037015 0.00030283669042673825 -0.0014354962236170134 -0.0002830838770798507 -0.00030349496606935181 0.00057901245228861569 9.8588549430011089e-05
leaf_weight=41 54 60 38 89 34 269
leaf_count=41 54 60 38 89 34 269
internal_value=2.58743e-06 -0.000333416 -0.000858625 0.000148952 6.71912e-05 3.33388e-06
internal_weight=585 152 98 433 392 358
internal_count=585 152 98 433 392 358
is_linear=0
shrinkage=0.0167612


Tree=180
num_leaves=10
num_cat=0
split_feature=13 103 82 11 101 142 24 6 67
split_gain=0.232848 0.281504 0.15744 0.330271 0.186653 0.0674762 0.0552707 0.0541724 0.0148177
threshold=360090.63472222228 16402.108090775404 0.93164453543100156 -1.0000000180025095e-35 0.87207403355273039 3.9354166666666672 1.0000000180025095e-35 1.0000000180025095e-35 1443770.3261993385
decision_type=2 10 10 2 10 8 8 2 10
left_child=1 6 3 5 -4 -2 -1 -5 -6
right_child=2 -3 4 7 8 -7 -8 -9 -10
leaf_value=-0.00026855272203251383 -0.00036091759122229073 0.0013822226087861897 0.00085927437909902543 -0.001595709697160699 -1.1974858660441467e-05 0.00023335840926382682 0.00031544885816349352 -0.00070730540216919636 -0.00028482500851114909
leaf_weight=37 49 46 46 43 89 108 66 62 39
leaf_count=37 49 46 46 43 89 108 66 62 39
internal_value=3.62765e-06 0.000527012 -0.000170142 -0.000429769 0.000145752 -4.57203e-05 8.09443e-05 -0.00106978 -6.89963e-05
internal_weight=585 149 436 262 174 157 103 105 128
internal_count=585 149 436 262 174 157 103 105 128
is_linear=0
shrinkage=0.0167612


Tree=181
num_leaves=11
num_cat=0
split_feature=11 103 209 209 129 13 101 198 148 165
split_gain=0.151868 0.103593 0.179903 0.0958552 0.228805 0.205327 0.218307 0.0625662 0.0421122 0.0085079
threshold=-1.0000000180025095e-35 205502.06117598721 15.000000000000002 1.0000000180025095e-35 -0.046060664013612841 382991.82352941186 0.98425160035511039 1.0000000180025095e-35 1.0000000180025095e-35 1.0000000180025095e-35
decision_type=2 10 8 8 10 2 8 10 10 10
left_child=1 2 7 4 -2 -5 -7 -1 -3 -4
right_child=3 8 9 5 -6 6 -8 -9 -10 -11
leaf_value=0.0011794668001797251 -0.0015055817859008533 -0.00051561351888114264 0.00010259528635876397 0.00052294105516227977 -0.00028242257971250923 0.00027747466501989835 -0.00073400937369420382 0.00038717040459473033 -6.0136865202595435e-05 -0.00011742483160098684
leaf_weight=80 31 33 103 68 24 41 130 25 24 26
leaf_count=80 31 33 103 68 24 41 130 25 24 26
internal_value=3.7174e-06 0.000272722 0.000450114 -0.000234699 -0.000742808 -7.26872e-05 -0.000375112 0.000905039 -0.000137357 5.69628e-05
internal_weight=585 291 234 294 55 239 171 105 57 129
internal_count=585 291 234 294 55 239 171 105 57 129
is_linear=0
shrinkage=0.0167612


Tree=182
num_leaves=11
num_cat=0
split_feature=11 160 79 25 222 215 144 46 202 18
split_gain=0.145691 0.141361 0.243299 0.139946 0.267175 0.105714 0.0572716 0.0222126 0.00631099 0.00392344
threshold=1.0000000180025095e-35 28.950000000000003 5.5000000000000009 5.7777777777777786 1.0000000180025095e-35 0.7543010752688174 0.78709677419354851 600440.4390022154 1.0000000180025095e-35 1.0000000180025095e-35
decision_type=2 8 8 10 8 10 10 10 10 10
left_child=1 6 5 4 -2 -3 -1 -5 -9 -6
right_child=3 2 -4 7 9 -7 -8 8 -10 -11
leaf_value=-5.7370915095559836e-05 -0.0013515051109642385 0.00064540372257066206 6.9986958495780633e-05 0.00042065677894164534 -0.00013933244604456477 0.001696577717343438 -0.00067477232042559038 0.00010574134333716998 -0.00010777781159642447 -5.8545951742442963e-05
leaf_weight=44 47 81 112 28 113 30 24 54 27 25
leaf_count=44 47 81 112 28 113 30 24 54 27 25
internal_value=3.97079e-06 0.000267699 0.000489372 -0.00022922 -0.000511361 0.000986777 -0.00019243 0.000118136 2.21488e-05 -0.000136855
internal_weight=585 291 223 294 185 111 68 109 81 138
internal_count=585 291 223 294 185 111 68 109 81 138
is_linear=0
shrinkage=0.0167612


Tree=183
num_leaves=11
num_cat=0
split_feature=13 103 11 13 116 213 54 141 207 71
split_gain=0.289777 0.273741 0.501898 0.271326 0.292133 0.27091 0.0946143 0.0883275 0.0364629 0.0224091
threshold=676691.97786023514 100259.35550111666 0.6830127018922193 429524.51572327054 900.00000000000011 3.5000000000000004 1.0000000180025095e-35 1.0000000180025095e-35 74344.708600368438 41.500000000000007
decision_type=2 10 2 2 8 10 8 10 10 10
left_child=3 2 -2 4 7 6 -5 -1 -3 -10
right_child=1 8 -4 5 -6 -7 -8 -9 9 -11
leaf_value=0.00086352039592218707 -0.00034485119716365841 -0.00031104183450191388 -0.0023887433264773066 -0.0011758314521904077 0.00029331857810281506 0.00065166307733905652 -0.0002562195868011834 0.002147334896023239 0.00035776335729183786 2.3708604486842388e-05
leaf_weight=24 43 55 28 34 150 34 78 35 38 66
leaf_count=24 43 55 28 34 150 34 78 35 38 66
internal_value=3.22172e-06 -0.000411979 -0.00113823 0.000302975 0.000683509 -0.000135938 -0.000583287 0.00150945 -4.33345e-05 0.000107428
internal_weight=585 230 71 355 209 146 112 59 159 104
internal_count=585 230 71 355 209 146 112 59 159 104
is_linear=0
shrinkage=0.0167612


Tree=184
num_leaves=9
num_cat=0
split_feature=101 151 151 14 73 125 99 207
split_gain=0.092077 0.148326 0.103008 0.0974654 0.0885895 0.0417072 0.180048 0.0212895
threshold=0.81292758816901112 8.5000000000000018 14.500000000000002 18.000000000000004 114832.53783783785 1.0000000180025095e-35 168.50000000000003 27295.281812390549
decision_type=8 8 8 2 10 10 8 10
left_child=4 5 -3 -4 -1 6 -2 -7
right_child=1 2 3 -5 -6 7 -8 -9
leaf_value=0.00086453040565728919 -0.00063744217653703998 0.00076071015648910775 -0.00012596671438284859 0.00045470814833994255 0.00020813928015653781 -0.00097355859540516215 0.00042790109497854549 -0.00027775561543155378
leaf_weight=53 58 32 218 77 24 48 39 29
leaf_count=53 58 32 218 77 24 48 39 29
internal_value=2.62919e-05 -3.95576e-05 0.000139204 2.14849e-05 0.000475405 -0.000412087 -0.000151199 -0.000708717
internal_weight=578 501 327 295 77 174 97 77
internal_count=578 501 327 295 77 174 97 77
is_linear=0
shrinkage=0.0167612


Tree=185
num_leaves=10
num_cat=0
split_feature=160 121 83 166 42 215 148 115 47
split_gain=0.0704363 0.342907 0.243793 0.15906 0.0890214 0.0407896 0.0196106 0.0193419 0.000468806
threshold=28.950000000000003 2.6159754224270357 0.048003072196620554 1.5000000000000002 12.500000000000002 0.16397849462365588 1.0000000180025095e-35 41840.200000000004 46.500000000000007
decision_type=8 10 10 10 10 10 8 10 8
left_child=3 4 -3 6 7 -6 -1 -2 -4
right_child=1 2 8 -5 5 -7 -8 -9 -10
leaf_value=1.1317431980085878e-05 -1.3541599224796791e-05 0.0015926398142117998 0.00019996934802867067 -0.00088982954227121987 -0.00081446532291289835 -0.00020773643985745553 0.00031518669182465601 0.00029239748927436913 0.00011013138229933265
leaf_weight=27 252 49 42 47 51 28 31 25 26
leaf_count=27 252 49 42 47 51 28 31 25 26
internal_value=2.60703e-05 0.000123989 0.000818834 -0.000292359 -9.93955e-05 -0.000518943 2.76664e-05 -4.51243e-06 0.000263333
internal_weight=578 473 117 105 356 79 58 277 68
internal_count=578 473 117 105 356 79 58 277 68
is_linear=0
shrinkage=0.0167612


Tree=186
num_leaves=10
num_cat=1
split_feature=13 1 6 202 70 72 219 100 41
split_gain=0.175607 0.209413 0.267275 0.124299 0.108553 0.0726722 0.0470532 0.0545218 0.00311946
threshold=683409.35590986407 0 1.5000000000000002 1.0000000180025095e-35 300243.48790322588 1.0000000180025095e-35 850157.42857142875 763617.04545454553 1.0000000180025095e-35
decision_type=2 1 2 10 10 10 10 10 10
left_child=1 5 3 -3 -2 8 -6 -8 -1
right_child=4 2 -4 -5 6 -7 7 -9 -10
leaf_value=0.00016727949831207321 -0.00075575884997659793 0.00057650771457705332 0.0014699258614797538 -0.0001963682578560078 -0.00034095738739354289 -0.00043277448488337084 0.00060117123522061041 4.1127192922268799e-05 4.0174545699097995e-05
leaf_weight=73 76 86 50 51 52 85 25 55 25
leaf_count=73 76 86 50 51 52 85 25 55 25
internal_value=2.56615e-05 0.000247883 0.000607488 0.000255174 -0.00031673 -8.10651e-05 -3.92849e-05 0.000162151 9.3911e-05
internal_weight=578 370 187 137 208 183 132 80 98
internal_count=578 370 187 137 208 183 132 80 98
cat_boundaries=0 1
cat_threshold=145
is_linear=0
shrinkage=0.0167612


Tree=187
num_leaves=9
num_cat=0
split_feature=182 125 71 11 6 20 119 71
split_gain=0.103194 0.0973553 0.109258 0.15921 0.0835687 0.144754 0.0112991 0.00318584
threshold=1239225.3688725494 1.0000000180025095e-35 92.500000000000014 1.0000000180025095e-35 1.5000000000000002 1.3098599757283516 57757777.004196882 112.50000000000001
decision_type=8 10 8 2 2 8 8 8
left_child=4 2 -2 -4 6 -6 7 -1
right_child=1 -3 3 -5 5 -7 -8 -9
leaf_value=-0.00012908298454118313 -0.00065176576151950729 -0.00054439294903843539 0.00053323337510133707 -0.0001568441330415236 0.00028585412199067905 0.0012207000228560045 0.00021466631198942027 -6.6856090010325387e-06
leaf_weight=31 25 80 124 159 28 46 37 48
leaf_count=31 25 80 124 159 28 46 37 48
internal_value=2.47447e-05 -0.000109334 -6.25518e-06 0.000116037 0.000327992 0.000714087 4.55143e-05 -2.38552e-05
internal_weight=578 388 308 283 190 74 116 79
internal_count=578 388 308 283 190 74 116 79
is_linear=0
shrinkage=0.0167612


Tree=188
num_leaves=8
num_cat=0
split_feature=142 47 204 9 12 52 163
split_gain=0.0562674 0.15329 0.059721 0.0423127 0.0630706 0.0303366 0.0243391
threshold=2.8397435897435899 82.000000000000014 4.5000000000000009 1.0000000180025095e-35 1.0000000180025095e-35 189493.43496481003 1.0000000180025095e-35
decision_type=10 8 8 2 2 10 10
left_child=2 5 -1 4 -4 -2 -3
right_child=1 6 3 -5 -6 -7 -8
leaf_value=-0.00045649064999660595 7.1032149946321411e-07 0.00036177290464127043 -4.1220922644924859e-05 -0.0002883387310320369 0.00036451840605127917 -0.00038612123453402627 0.0011435699331620358
leaf_weight=54 47 29 186 66 127 29 40
leaf_count=54 47 29 186 66 127 29 40
internal_value=2.33205e-05 0.00028691 -5.28177e-05 -2.48231e-06 9.7181e-05 -3.21832e-05 0.000787493
internal_weight=578 145 433 379 313 76 69
internal_count=578 145 433 379 313 76 69
is_linear=0
shrinkage=0.0167612


Tree=189
num_leaves=7
num_cat=0
split_feature=101 83 13 132 13 114
split_gain=0.129581 0.223963 0.0866001 0.105035 0.312397 0.0616094
threshold=0.79994660958518415 0.048003072196620554 978221.85528926493 495892.37662337668 429524.51572327054 15.500000000000002
decision_type=8 8 2 10 2 8
left_child=1 -1 3 4 -2 -4
right_child=2 -3 5 -5 -6 -7
leaf_value=0.0013714284930378237 0.00036572053379437441 0.00019400563184389743 -0.00014146687637012011 0.00064909201323746677 -0.00048695828588686063 -0.00099862828015768838
leaf_weight=32 201 37 48 32 202 26
leaf_count=32 201 37 48 32 202 26
internal_value=2.21601e-05 0.000578061 -5.36297e-05 1.32507e-05 -3.94641e-05 -0.000490719
internal_weight=578 69 509 435 403 74
internal_count=578 69 509 435 403 74
is_linear=0
shrinkage=0.0167612


Tree=190
num_leaves=10
num_cat=0
split_feature=13 59 212 6 158 183 71 146 176
split_gain=0.1405 0.415357 0.200811 0.120363 0.105109 0.0970026 0.0890204 0.0396033 0.0351703
threshold=353205.87162698427 1.0000000180025095e-35 0.97910694039880208 1.0000000180025095e-35 1.0000000180025095e-35 8.5000000000000018 39.500000000000007 1.0000000180025095e-35 1.0000000180025095e-35
decision_type=2 8 10 2 10 10 10 10 10
left_child=1 7 3 -2 6 -5 -4 -1 -6
right_child=2 -3 4 5 8 -7 -8 -9 -10
leaf_value=-9.0011156147932952e-05 -0.0010009017369034499 0.0011515020036293037 0.0011484969518005604 -2.9559329194427598e-06 -0.00035331685498554547 -0.00059577067129213898 0.00019232324211861877 -0.00059548579599993739 0.0001059650273916698
leaf_weight=29 52 83 38 131 34 73 49 41 48
leaf_count=29 52 83 38 131 34 73 49 41 48
internal_value=2.17476e-05 0.00042272 -0.000113679 -0.000409704 0.000259417 -0.000207527 0.000641204 -0.000229671 1.48796e-05
internal_weight=578 153 425 256 169 204 87 70 82
internal_count=578 153 425 256 169 204 87 70 82
is_linear=0
shrinkage=0.0167612


Tree=191
num_leaves=10
num_cat=0
split_feature=121 47 63 101 15 109 225 126 210
split_gain=0.130285 0.32478 0.0803223 0.0880645 0.118277 0.0649408 0.031809 0.0103738 0.00071523
threshold=2.5527777777777785 1.0000000180025095e-35 1.0000000180025095e-35 0.79056886528380799 1.0000000180025095e-35 1.0000000180025095e-35 27.500000000000004 116.05845900000001 1.7000000000000002
decision_type=10 10 8 10 2 10 8 10 10
left_child=2 7 -1 4 -4 -5 -3 -2 -8
right_child=1 6 3 5 -6 -7 8 -9 -10
leaf_value=-0.00064645060347518835 0.00073865757770691864 -0.00035317198331619068 -0.00016892304941002443 -0.00077345638345656669 0.00042245375910336186 -0.00017041788495055285 7.5924667481098727e-05 0.0015725688066825045 9.6601998318276979e-06
leaf_weight=39 32 48 144 54 139 29 28 38 27
leaf_count=39 32 48 144 54 139 29 28 38 27
internal_value=2.12035e-05 0.000381288 -0.000121044 -2.63832e-05 8.81377e-05 -0.000434836 -3.72838e-05 0.00113017 2.36151e-05
internal_weight=578 173 405 366 283 83 103 70 55
internal_count=578 173 405 366 283 83 103 70 55
is_linear=0
shrinkage=0.0167612


Tree=192
num_leaves=8
num_cat=0
split_feature=25 13 141 179 6 82 212
split_gain=0.184841 0.261557 0.13531 0.113904 0.196136 0.0267627 0.0226682
threshold=3.9603174603174609 1029411.6643269431 1.0000000180025095e-35 1.0000000180025095e-35 1.5000000000000002 0.84258032026310248 0.99999999993741728
decision_type=8 2 8 8 2 10 10
left_child=2 3 -1 4 -2 -5 -3
right_child=1 6 -4 5 -6 -7 -8
leaf_value=-0.0014573708617571656 0.00019813228820084484 -0.001095460024907963 -0.00033153165841902821 -7.0480818418747882e-05 0.0014740257516489802 0.00020755111857525841 -0.00033905342179817182
leaf_weight=30 80 46 26 233 24 107 30
leaf_count=30 80 46 26 233 24 107 30
internal_value=-8.55742e-05 -2.96911e-06 -0.000792718 0.000166813 0.000589525 8.69226e-06 -0.000728321
internal_weight=576 520 56 444 104 340 76
internal_count=576 520 56 444 104 340 76
is_linear=0
shrinkage=0.0167612


Tree=193
num_leaves=8
num_cat=0
split_feature=13 6 202 76 54 129 42
split_gain=0.103771 0.102724 0.226106 0.186132 0.131054 0.0773519 0.0573902
threshold=1254329.2022058826 1.5000000000000002 1.0000000180025095e-35 1.5000000000000002 1.0000000180025095e-35 -0.027703397463176398 13.500000000000002
decision_type=2 2 10 10 10 10 8
left_child=1 2 6 -3 -4 -5 -1
right_child=-2 3 4 5 -6 -7 -8
leaf_value=0.00039751470755857669 -0.00068019384558345411 -8.1274293982395686e-05 -0.0014743320683014613 0.0012795237505332743 -0.00034325933106557513 0.00031308743415940865 -5.6335480210764601e-05
leaf_weight=63 39 78 34 43 56 40 223
leaf_count=63 39 78 34 43 56 40 223
internal_value=-8.39479e-05 -6.27693e-06 -0.000163799 0.000299057 -0.000788297 0.000802904 2.05828e-05
internal_weight=576 537 376 161 90 83 286
internal_count=576 537 376 161 90 83 286
is_linear=0
shrinkage=0.0167612


Tree=194
num_leaves=10
num_cat=0
split_feature=6 122 212 215 100 11 46 137 25
split_gain=0.145588 0.293294 0.0950417 0.0542117 0.0720719 0.129708 0.0542981 0.0354483 0.00296975
threshold=1.0000000180025095e-35 1.0000000180025095e-35 0.99999999997113409 0.16397849462365588 254158.48969451606 1.0000000180025095e-35 784252.58206203149 737527.77777777787 54.345008051529796
decision_type=2 8 10 8 10 2 8 8 10
left_child=1 2 -1 6 5 -5 7 -2 -6
right_child=3 -3 -4 4 8 -7 -8 -9 -10
leaf_value=-0.00042342708077338839 0.00028874059470966726 -0.0012465521847215167 0.00041672576714352314 0.00073429316835943285 -0.0002892179509233368 7.0111507152111695e-05 -0.00042755890362215315 -0.00013860668120318541 -4.8822834908434097e-05
leaf_weight=29 61 60 48 108 24 84 75 60 27
leaf_count=29 61 60 48 108 24 84 75 60 27
internal_value=-8.33021e-05 -0.00051066 -8.0441e-05 4.29419e-05 0.000216961 0.00038521 -0.000117392 6.50606e-06 -0.000119351
internal_weight=576 137 77 439 243 192 196 121 51
internal_count=576 137 77 439 243 192 196 121 51
is_linear=0
shrinkage=0.0167612


Tree=195
num_leaves=10
num_cat=0
split_feature=13 6 202 202 54 212 34 91 126
split_gain=0.114158 0.102922 0.251624 0.197437 0.121169 0.0902406 0.0448747 0.0194343 0.00696057
threshold=366993.66020254261 1.5000000000000002 1.0000000180025095e-35 1.0000000180025095e-35 1.0000000180025095e-35 0.99999999998448141 2.5000000000000004 1.0000000180025095e-35 116.07631110000001
decision_type=2 2 10 10 10 10 10 10 10
left_child=6 2 5 7 -4 -2 -1 -3 -8
right_child=1 3 4 -5 -6 -7 8 -9 -10
leaf_value=0.00051829077696270384 -0.00031051804742681304 -0.00035166051570274673 -0.0019053198344891051 0.00083344641426693353 -0.00068649106085534118 0.00031857652978192134 -7.4847753510281552e-05 -7.3145649355373866e-05 0.00014501917133593153
leaf_weight=72 134 80 24 36 54 56 51 32 37
leaf_count=72 134 80 24 36 54 56 51 32 37
internal_value=-8.29265e-05 -0.000234559 -0.000429945 3.19478e-05 -0.00110423 -9.30445e-05 0.000236928 -0.000198378 4.15061e-05
internal_weight=576 416 268 148 78 190 160 112 88
internal_count=576 416 268 148 78 190 160 112 88
is_linear=0
shrinkage=0.0167612


Tree=196
num_leaves=9
num_cat=0
split_feature=6 55 103 20 161 13 11 75
split_gain=0.140507 0.212532 0.0838127 0.0730083 0.0327461 0.0305881 0.0947112 0.0108786
threshold=1.0000000180025095e-35 1.0000000180025095e-35 193628.6031473772 1.2018238244501587 718884.38825757592 740827.57354028092 -1.0000000180025095e-35 1.0000000180025095e-35
decision_type=2 10 8 8 10 2 2 10
left_child=1 -1 -3 4 -2 6 -5 -7
right_child=3 2 -4 5 -6 7 -8 -9
leaf_value=-0.00103514164445475 -0.00063785859092798443 0.00048349368699812526 -0.00032651217486111918 0.00049640429119796579 -0.00015025265937947997 2.6113887185352464e-05 -9.4460770466954234e-06 -0.00018540856305520763
leaf_weight=77 39 34 26 161 24 50 114 51
leaf_count=77 39 34 26 161 24 50 114 51
internal_value=-8.09428e-05 -0.00050094 -6.23393e-05 4.27969e-05 -0.000343188 0.00015074 0.000247701 2.84249e-06
internal_weight=576 137 60 439 63 376 275 101
internal_count=576 137 60 439 63 376 275 101
is_linear=0
shrinkage=0.0167612


Tree=197
num_leaves=9
num_cat=1
split_feature=0 63 119 13 152 6 174 20
split_gain=0.210207 0.280809 0.125118 0.317464 0.341073 0.289362 0.051584 0.0125212
threshold=0 1.0000000180025095e-35 58328737.413519546 447468.64252232149 452451.62037037039 1.5000000000000002 1.0000000180025095e-35 1.0000000180025095e-35
decision_type=9 10 8 2 8 2 8 10
left_child=1 -1 3 4 -2 -5 -4 -3
right_child=2 7 6 5 -6 -7 -8 -9
leaf_value=-0.0014749832507814241 2.5543337503039133e-05 -2.1633591040642749e-05 0.00012035644432352507 -0.0011332177959032296 0.0014642580772756166 3.5117945802737645e-05 0.00050625304036964721 -0.00025982205085623572
leaf_weight=44 57 53 38 98 33 45 175 33
leaf_count=44 57 53 38 98 33 45 175 33
internal_value=-8.00831e-05 -0.000584708 7.49373e-05 -0.000142587 0.000453252 -0.000622429 0.000365055 -0.000120742
internal_weight=576 130 446 233 90 143 213 86
internal_count=576 130 446 233 90 143 213 86
cat_boundaries=0 1
cat_threshold=1057826
is_linear=0
shrinkage=0.0167612


Tree=198
num_leaves=10
num_cat=0
split_feature=82 13 208 91 11 56 197 67 131
split_gain=0.0766311 0.328174 0.114193 0.10244 0.0895071 0.165904 0.0539239 0.0187974 0.0183837
threshold=1.1261711716918865 676691.97786023514 17.500000000000004 1.0000000180025095e-35 -0.5 558358.20224262297 0.084523809523809515 2187503.2317271358 1.0000000180025095e-35
decision_type=10 2 10 10 2 8 8 8 10
left_child=1 4 7 -4 5 -1 -2 -3 -6
right_child=6 2 3 -5 8 -7 -8 -9 -10
leaf_value=9.1437591038050477e-05 9.339793059396464e-05 -0.00012667351561044193 -0.0019076114910546859 -0.00068353141958117333 -0.00013430538485330589 0.0010158151325896018 0.00057225840108321435 -0.00046099137750137045 0.00013958568728923866
leaf_weight=41 27 37 28 36 160 57 61 78 51
leaf_count=41 27 37 28 36 160 57 61 78 51
internal_value=-7.88856e-05 -0.000170719 -0.000699977 -0.00123509 0.000116619 0.00049179 0.000275145 -0.000377438 -1.24815e-05
internal_weight=576 488 179 64 309 98 88 115 211
internal_count=576 488 179 64 309 98 88 115 211
is_linear=0
shrinkage=0.0167612


Tree=199
num_leaves=9
num_cat=0
split_feature=106 91 13 82 131 143 46 202
split_gain=0.116596 0.321168 0.137226 0.0709309 0.0492189 0.0489941 0.0265131 0.0192666
threshold=-51681.105040604823 1.0000000180025095e-35 398363.35416666674 1.0497247863770516 1.0000000180025095e-35 1.0000000180025095e-35 642153.8212781956 1.0000000180025095e-35
decision_type=8 8 2 10 10 10 8 10
left_child=1 -1 4 5 6 -4 -2 -5
right_child=2 -3 3 7 -6 -7 -8 -9
leaf_value=-0.0014975439172360773 2.6687854676418692e-05 -1.3940842428558061e-05 -0.00047341992478824852 0.00031551245834566426 0.00076917955126026079 -9.2706754456085621e-05 0.0003140823975346354 3.7737053159903164e-05
leaf_weight=35 56 30 192 51 41 51 90 30
leaf_count=35 56 30 192 51 41 51 90 30
internal_value=-7.78976e-05 -0.000609443 -2.74868e-06 -0.000189312 0.00033767 -0.000345671 0.000166702 9.83084e-05
internal_weight=576 65 511 324 187 243 146 81
internal_count=576 65 511 324 187 243 146 81
is_linear=0
shrinkage=0.0167612


Tree=200
num_leaves=10
num_cat=0
split_feature=82 13 7 161 152 10 12 74 60
split_gain=0.105067 0.201061 0.140658 0.120032 0.0963302 0.0866242 0.0764225 0.0215917 0.0147896
threshold=1.1083917100865086 510944.7410714287 1.0000000180025095e-35 895344.43507483916 658660.83353494632 0.68301270189221941 1.0000000180025095e-35 1.0000000180025095e-35 7.0000000000000009
decision_type=10 2 2 8 8 2 2 10 8
left_child=1 4 3 -3 8 -2 -6 -4 -1
right_child=5 2 7 -5 6 -7 -8 -9 -10
leaf_value=-0.00023656574945945958 0.0009054566514803032 -0.00019980311438838095 1.5833132659913977e-05 -0.00087701094123078202 0.00018418123549130105 0.00017410803717049649 0.00091483802606944832 0.00034479747834180674 9.5926518464320669e-06
leaf_weight=43 57 32 42 127 86 37 73 33 33
leaf_count=43 57 32 42 127 86 37 73 33 33
internal_value=8.60529e-05 3.29795e-06 -0.000338865 -0.000629918 0.000304873 0.000518774 0.000546903 5.14121e-05 2.69833e-06
internal_weight=563 469 234 159 235 94 159 75 76
internal_count=563 469 234 159 235 94 159 75 76
is_linear=0
shrinkage=0.0167612


Tree=201
num_leaves=8
num_cat=1
split_feature=0 179 213 212 5 119 105
split_gain=0.122723 0.0955549 0.140679 0.0713888 0.0483208 0.0709061 0.0246507
threshold=0 1.5000000000000002 3.5000000000000004 0.99999999998912792 1.5000000000000002 57179807.618786387 23.500000000000004
decision_type=9 8 10 10 2 8 10
left_child=6 2 3 -2 -3 -6 -1
right_child=1 4 -4 -5 5 -7 -8
leaf_value=0.00080380528565847289 -0.00081245618902971758 -8.5147896997120911e-05 0.00024389575840840546 -0.00018416124454433488 -4.0796428210373297e-06 0.00048116984953146968 0.00016837631917386337
leaf_weight=65 103 79 32 40 55 151 38
leaf_count=65 103 79 32 40 55 151 38
internal_value=8.5306e-05 -1.64003e-05 -0.000314567 -0.000578288 0.000137997 0.000286836 0.000510704
internal_weight=563 460 175 143 285 206 103
internal_count=563 460 175 143 285 206 103
cat_boundaries=0 1
cat_threshold=34888
is_linear=0
shrinkage=0.0167612


Tree=202
num_leaves=10
num_cat=0
split_feature=7 148 82 31 12 215 196 82 182
split_gain=0.0927352 0.113518 0.135253 0.0717009 0.0412532 0.0392705 0.0252014 0.0225775 1.33521e-05
threshold=1.0000000180025095e-35 1.0000000180025095e-35 1.1124765896094659 3.5000000000000004 1.0000000180025095e-35 0.51666666666666672 19.500000000000004 0.89780137523095005 336369.02005668945
decision_type=2 8 10 8 2 10 10 10 10
left_child=1 2 4 -2 -1 7 -7 -3 -5
right_child=3 5 -4 8 -6 6 -8 -9 -10
leaf_value=-0.00027363863970434493 0.00081182979564147948 0.00013390755138920147 0.00015372044583895341 4.225107396071519e-05 -0.00095523781064313178 -1.3478541823423922e-05 -0.00036004672876808471 0.00056264717754989351 3.8244648558952218e-05
leaf_weight=59 59 160 33 56 65 24 32 51 24
leaf_count=59 59 160 33 56 65 24 32 51 24
internal_value=8.40822e-05 -1.59697e-05 -0.000356756 0.000420485 -0.0006477 0.000156407 -6.37771e-05 0.000280162 8.73535e-05
internal_weight=563 424 157 139 124 267 56 211 80
internal_count=563 424 157 139 124 267 56 211 80
is_linear=0
shrinkage=0.0167612


Tree=203
num_leaves=7
num_cat=1
split_feature=0 119 146 60 120 166
split_gain=0.218337 0.0964057 0.0558972 0.0484576 0.0444886 0.0346252
threshold=0 56730846.476067662 1.0000000180025095e-35 4.5000000000000009 5.5000000000000009 5.5000000000000009
decision_type=9 8 10 10 8 8
left_child=4 3 5 -2 -1 -3
right_child=1 2 -4 -5 -6 -7
leaf_value=0.00014459668890967186 -0.00094413597154708565 0.00027044365045432564 -0.00048218968246659685 -0.00017547155538283674 0.00061815008509308995 -5.1335081977221895e-05
leaf_weight=41 44 121 24 42 179 112
leaf_count=41 44 121 24 42 179 112
internal_value=8.35971e-05 -0.000150903 -1.02305e-05 -0.000569778 0.000461787 7.65255e-05
internal_weight=563 343 257 86 220 233
internal_count=563 343 257 86 220 233
cat_boundaries=0 1
cat_threshold=6344012
is_linear=0
shrinkage=0.0167612


Tree=204
num_leaves=9
num_cat=1
split_feature=0 14 213 160 144 10 70 125
split_gain=0.215754 0.117699 0.0765414 0.186307 0.114786 0.0694616 0.0611229 0.0501082
threshold=0 7.5000000000000009 3.5000000000000004 41.38928571428572 0.18333333333333332 0.68301270189221941 1303278.1250000002 1.0000000180025095e-35
decision_type=9 2 10 10 10 2 8 10
left_child=2 6 3 4 -1 -3 -2 -8
right_child=1 5 -4 -5 -6 -7 7 -9
leaf_value=-0.00030999598979876148 -0.00046087023837902827 0.00074904770478017679 0.00014658805745792613 0.00028457799158421962 -0.0011567925969033902 0.00015162591559619295 0.00055153106088157134 5.3713573918973578e-06
leaf_weight=121 33 174 36 33 61 53 27 25
leaf_count=121 33 174 36 33 61 53 27 25
internal_value=8.11241e-05 0.000363976 -0.000237664 -0.000401754 -0.000637461 0.000581585 2.05324e-05 0.000157892
internal_weight=563 312 251 215 182 227 85 52
internal_count=563 312 251 215 182 227 85 52
cat_boundaries=0 1
cat_threshold=1254066
is_linear=0
shrinkage=0.0167612


Tree=205
num_leaves=9
num_cat=0
split_feature=7 158 137 47 17 160 82 159
split_gain=0.0879986 0.0982159 0.0696475 0.0556913 0.0483126 0.0714124 0.0336741 0.0260061
threshold=1.0000000180025095e-35 1.0000000180025095e-35 895344.43507483916 35.500000000000007 1.0000000180025095e-35 46.666666666666679 0.84837499879532163 1.0000000180025095e-35
decision_type=2 10 8 10 8 8 10 10
left_child=1 3 7 6 5 -2 -1 -3
right_child=4 2 -4 -5 -6 -7 -8 -9
leaf_value=0.00011219686363960583 0.00026882537287467036 -0.00015545828217820642 -0.00057112295840437352 -0.0002035276057193506 8.7922200249667234e-05 0.0010935608158049411 0.00058435345177540324 0.00027330282805099318
leaf_weight=149 30 52 105 27 68 41 63 28
leaf_count=149 30 52 105 27 68 41 63 28
internal_value=7.9791e-05 -1.72712e-05 -0.000301551 0.000166414 0.000407801 0.000700314 0.000292539 -5.71093e-05
internal_weight=563 424 185 239 139 71 212 80
internal_count=563 424 185 239 139 71 212 80
is_linear=0
shrinkage=0.0167612


Tree=206
num_leaves=11
num_cat=0
split_feature=148 13 13 46 3 3 7 12 213 200
split_gain=0.0531854 0.13775 0.0789812 0.100145 0.0524698 0.0787991 0.0591226 0.0529989 0.0517482 0.0204839
threshold=1.0000000180025095e-35 1097694.524140212 577665.66250000009 327379.30132979882 4.5000000000000009 2.5000000000000004 1.0000000180025095e-35 1.0000000180025095e-35 1.8550000000000002 -8.3580425999999992
decision_type=8 2 2 10 2 2 2 2 10 10
left_child=4 2 3 -2 5 -1 7 -6 -4 -8
right_child=1 -3 8 -5 6 -7 9 -9 -10 -11
leaf_value=-0.00016886199802674252 0.00033978089154617714 -0.00038338182720249126 0.00028035540683691841 0.0012014167681014681 -3.1986851444182931e-06 -0.00081085442882222519 0.00016769129195710794 -0.00051961633704829561 -0.00026216864600954026 0.00065161289689060322
leaf_weight=27 151 42 68 33 47 43 24 40 54 34
leaf_count=27 151 42 68 33 47 43 24 40 54 34
internal_value=7.84061e-05 0.000208654 0.000353796 0.000562907 -8.84951e-05 -0.000412797 1.46726e-05 -0.000151515 4.70014e-05 0.000383019
internal_weight=563 348 306 184 215 70 145 87 122 58
internal_count=563 348 306 184 215 70 145 87 122 58
is_linear=0
shrinkage=0.0167612


Tree=207
num_leaves=10
num_cat=0
split_feature=6 202 202 183 146 114 186 15 145
split_gain=0.0750785 0.180662 0.136641 0.0773866 0.0781436 0.0317561 0.0301356 0.0154065 0.00976112
threshold=1.5000000000000002 1.0000000180025095e-35 1.0000000180025095e-35 1.0000000180025095e-35 1.0000000180025095e-35 8.5000000000000018 589079.17735042749 1.0000000180025095e-35 1.0000000180025095e-35
decision_type=2 10 10 10 10 8 10 2 8
left_child=1 3 5 6 -5 -2 -1 -3 -7
right_child=2 7 -4 4 -6 8 -8 -9 -10
leaf_value=0.00018237092514376984 0.00035211973842911871 -0.00029210243667360957 0.00099357211065358446 -9.7678876337149462e-06 -0.00065498720619638234 -0.00022337344056708606 0.00070683629386289449 -0.00094701381075826827 -4.3525037244868091e-06
leaf_weight=132 46 36 38 95 26 25 41 46 78
leaf_count=132 46 36 38 95 26 25 41 46 78
internal_value=7.70493e-05 -3.39319e-05 0.000332576 0.000122558 -0.000109218 8.53328e-05 0.000352403 -0.000627447 -2.25165e-05
internal_weight=563 376 187 294 121 149 173 82 103
internal_count=563 376 187 294 121 149 173 82 103
is_linear=0
shrinkage=0.0167612


Tree=208
num_leaves=10
num_cat=0
split_feature=13 72 107 115 53 13 146 226 69
split_gain=0.274582 0.189703 0.293359 0.148751 0.171976 0.0960905 0.0818605 0.0434067 0.00355743
threshold=527136.30157418072 1.0000000180025095e-35 630.00000000000011 177523.52631578952 1.0000000180025095e-35 1001400.8989583334 1.0000000180025095e-35 1.0000000180025095e-35 1.0000000180025095e-35
decision_type=2 8 10 10 8 2 10 8 10
left_child=1 2 -1 4 -2 6 -5 -3 -9
right_child=3 7 -4 5 -6 -7 -8 8 -10
leaf_value=0.00047342576905803202 -0.0013116955421050085 -3.1898530672391662e-05 0.0020264892054937113 0.00058587583962900253 -0.00018409123069529804 -0.00039054827975942895 -2.9435248798410109e-05 0.00039566323081820015 0.00014255436879562791
leaf_weight=27 44 51 33 87 75 52 34 132 26
leaf_count=27 44 51 33 87 75 52 34 132 26
internal_value=9.32227e-05 0.000465601 0.00115733 -0.000223404 -0.000642124 8.15612e-07 0.00029157 0.000218614 0.000340858
internal_weight=561 269 60 292 119 173 121 209 158
internal_count=561 269 60 292 119 173 121 209 158
is_linear=0
shrinkage=0.0167612


Tree=209
num_leaves=9
num_cat=0
split_feature=212 160 13 11 7 134 197 121
split_gain=0.0838894 0.12899 0.0744873 0.140775 0.166232 0.0991122 0.0276719 0.00689454
threshold=0.99999999998448141 27.083333333333339 888011.36363636376 -0.24999999999999994 1.0000000180025095e-35 1.0000000180025095e-35 0.084523809523809515 2.6972222222222229
decision_type=10 8 2 2 2 8 10 8
left_child=2 7 3 4 -1 -5 -3 -2
right_child=1 6 -4 5 -6 -7 -8 -9
leaf_value=7.0073162124672877e-05 -0.00019363762581817766 0.00099412732208059378 -0.00048516169031929967 -0.00064673727480569695 0.0010406317601727169 -1.7403387530354092e-05 0.000318956062315276 1.1119335854762348e-05
leaf_weight=95 25 68 48 58 52 164 26 25
leaf_count=95 25 68 48 58 52 164 26 25
internal_value=9.04709e-05 0.000403174 -6.19907e-06 4.89519e-05 0.00042624 -0.000170109 0.000762648 2.59923e-05
internal_weight=561 144 417 369 147 222 94 50
internal_count=561 144 417 369 147 222 94 50
is_linear=0
shrinkage=0.0167612


Tree=210
num_leaves=8
num_cat=0
split_feature=213 6 134 13 100 146 25
split_gain=0.140664 0.433288 0.0880592 0.17877 0.0972997 0.083984 0.0810723
threshold=3.5000000000000004 1.5000000000000002 1.0000000180025095e-35 377957.68181818194 839975.74511732243 1.0000000180025095e-35 19.955357142857146
decision_type=10 2 8 2 8 8 10
left_child=2 -2 4 -4 -1 -5 -6
right_child=1 -3 3 5 6 -7 -8
leaf_value=-2.3379430883297223e-05 -2.5988490684888135e-06 0.0015912113892936927 0.00067544510650879852 0.00016520364952086724 -0.001016366925079115 -0.00035401450532408183 -0.00025330026315353502
leaf_weight=40 55 42 83 114 59 137 31
leaf_count=40 55 42 83 114 59 137 31
internal_value=8.84259e-05 0.000583271 -1.20416e-05 0.00010235 -0.000354892 -7.33564e-05 -0.000673422
internal_weight=561 97 464 334 130 251 90
internal_count=561 97 464 334 130 251 90
is_linear=0
shrinkage=0.0167612


Tree=211
num_leaves=11
num_cat=0
split_feature=13 200 158 6 168 146 46 17 20 10
split_gain=0.191478 0.163881 0.127275 0.183106 0.127841 0.102874 0.0820614 0.0528949 0.0261245 0.0256685
threshold=416989.22675736964 -8.3580425999999992 1.0000000180025095e-35 1.5000000000000002 1.0000000180025095e-35 1.0000000180025095e-35 1061662.0138094188 1.0000000180025095e-35 0.79756491141223884 -1.0000000180025095e-35
decision_type=2 8 8 2 10 10 8 8 10 2
left_child=1 9 6 5 -5 -4 8 -3 -2 -1
right_child=2 7 3 4 -6 -7 -8 -9 -10 -11
leaf_value=0.0002157295192838876 0.00094398351590048901 0.0014652107194513735 -0.0004077295426132149 -0.00025347046490017651 0.00061535045659084388 -0.0013286091776800355 5.4723002618615931e-07 0.000612310227068853 0.00023205371023670066 -0.00021766863023565941
leaf_weight=35 33 27 101 54 47 39 60 85 37 43
leaf_count=35 33 27 101 54 47 39 60 85 37 43
internal_value=8.7699e-05 0.000490923 -0.000105771 -0.000342757 4.35219e-05 -0.000717192 0.00022491 0.000882835 0.000592384 9.48969e-05
internal_weight=561 190 371 241 101 140 130 112 70 78
internal_count=561 190 371 241 101 140 130 112 70 78
is_linear=0
shrinkage=0.0167612


Tree=212
num_leaves=7
num_cat=1
split_feature=0 156 99 146 9 55
split_gain=0.212348 0.102791 0.0537134 0.0497008 0.0356051 0.0321623
threshold=0 3.63961038961039 88.500000000000014 1.0000000180025095e-35 1.0000000180025095e-35 1.0000000180025095e-35
decision_type=9 8 10 10 2 10
left_child=1 -1 3 4 -2 -5
right_child=2 -3 -4 5 -6 -7
leaf_value=0.00010710930264806784 -9.5160922894639942e-06 0.00073620691849216339 0.00020347333197048706 -0.00092795919536982753 -0.00038448952342867959 -0.00024027064360757598
leaf_weight=63 190 149 39 36 56 28
leaf_count=63 190 149 39 36 56 28
internal_value=8.61512e-05 0.000468141 -0.00013923 -0.000243449 -0.000106253 -0.000600216
internal_weight=561 212 349 310 246 64
internal_count=561 212 349 310 246 64
cat_boundaries=0 1
cat_threshold=44236
is_linear=0
shrinkage=0.0167612


Tree=213
num_leaves=8
num_cat=0
split_feature=13 56 213 13 13 125 74
split_gain=0.159352 0.101852 0.128429 0.241107 0.10028 0.0723696 0.0280755
threshold=955858.98410087731 831902.92876438086 2.7350000000000008 538965.77081644267 496258.12121212127 1.0000000180025095e-35 1.0000000180025095e-35
decision_type=2 10 8 2 2 8 8
left_child=1 2 4 -4 -1 -3 -2
right_child=6 5 3 -5 -6 -7 -8
leaf_value=-8.3894746130005077e-05 -0.00019946567419408802 0.0012144410700185152 0.00059058199022494844 -0.00021805978716104394 -0.00092707297733875098 0.00024036674955298158 -0.00079895047048190559
leaf_weight=60 27 32 208 122 31 36 45
leaf_count=60 27 32 208 122 31 36 45
internal_value=8.43315e-05 0.000203756 9.04052e-05 0.000249003 -0.000353212 0.000703339 -0.00048761
internal_weight=561 489 421 330 91 68 72
internal_count=561 489 421 330 91 68 72
is_linear=0
shrinkage=0.0167612


Tree=214
num_leaves=11
num_cat=0
split_feature=13 119 5 115 46 125 12 105 111 11
split_gain=0.16374 0.319854 0.111433 0.0858282 0.0403819 0.0374343 0.0258017 0.0228482 0.0167516 0.0128098
threshold=676691.97786023514 56730846.476067662 2.5000000000000004 257967.88043478262 460741.91573502967 1.0000000180025095e-35 1.0000000180025095e-35 222.50000000000003 64.850649350649363 -0.24999999999999994
decision_type=2 10 2 8 10 10 2 8 8 2
left_child=2 6 3 -1 -5 8 -2 -4 -3 -9
right_child=1 5 7 4 -6 -7 -8 9 -10 -11
leaf_value=-0.00042713457884310568 -0.00064419003397998039 0.00018123182947486565 0.00092530956046311074 3.6497144360509732e-05 0.00056260880211385616 4.3467342294481254e-05 -0.0014321766700441279 0.00062051667741610877 0.0006960795418905029 0.00014575923115709596
leaf_weight=47 59 28 57 95 40 58 30 28 36 83
leaf_count=47 59 28 57 95 40 58 30 28 36 83
internal_value=8.22807e-05 -0.000237122 0.000305019 2.84068e-05 0.000222004 0.000178354 -0.000916639 0.000597898 0.000452732 0.000381457
internal_weight=561 211 350 182 135 122 89 168 64 111
internal_count=561 211 350 182 135 122 89 168 64 111
is_linear=0
shrinkage=0.0167612


Tree=215
num_leaves=8
num_cat=0
split_feature=201 129 74 159 156 76 119
split_gain=0.0714212 0.070474 0.0992324 0.0873064 0.0410062 0.0241841 0.0227021
threshold=3.0000000000000004 0.029000980847503358 1.0000000180025095e-35 1.0000000180025095e-35 3.3985826001955037 15.500000000000002 56730846.476067662
decision_type=8 8 8 8 8 10 10
left_child=-1 3 4 5 -3 -2 -4
right_child=1 2 6 -5 -6 -7 -8
leaf_value=0.00057350959501520696 0.00031794331271743778 -0.00017004855821683274 3.3129898636851769e-06 0.00082463211871352149 -0.00071268875756435896 -8.7305008550726416e-05 0.0002617525758419321
leaf_weight=40 27 33 216 39 72 62 72
leaf_count=40 27 33 216 39 72 62 72
internal_value=8.10918e-05 1.13064e-05 -8.11564e-05 0.000321604 -0.000470286 5.5817e-05 4.16e-05
internal_weight=561 521 393 128 105 89 288
internal_count=561 521 393 128 105 89 288
is_linear=0
shrinkage=0.0167612


Tree=216
num_leaves=8
num_cat=0
split_feature=13 22 161 13 11 144 160
split_gain=0.190664 0.153449 0.131182 0.0908954 0.0884829 0.154821 0.0769882
threshold=218433.03935860062 1.0000000180025095e-35 705068.181818182 1001400.8989583334 -1.0000000180025095e-35 0.78709677419354851 42.259103641456598
decision_type=2 8 10 2 2 10 8
left_child=1 -1 4 -4 6 -6 -2
right_child=2 -3 3 -5 5 -7 -8
leaf_value=0.00027897509811912631 -0.00041311748107190899 0.0013996420854385078 0.00094132515690025463 0.00010763303723157557 -0.00022126002887579011 -0.0011110322145595028 0.00017031403030895806
leaf_weight=26 61 26 24 42 172 59 137
leaf_count=26 61 26 24 42 172 59 137
internal_value=-4.75126e-05 0.000667051 -0.000162904 0.000349498 -0.000284221 -0.000496688 -2.45154e-05
internal_weight=547 52 495 66 429 231 198
internal_count=547 52 495 66 429 231 198
is_linear=0
shrinkage=0.0167612


Tree=217
num_leaves=6
num_cat=1
split_feature=1 111 79 47 7
split_gain=0.139892 0.191674 0.135321 0.0926545 0.106145
threshold=0 2.3000000000000003 7.0000000000000009 14.500000000000002 1.0000000180025095e-35
decision_type=1 10 8 8 2
left_child=1 -1 3 -2 -5
right_child=2 -3 -4 4 -6
leaf_value=-0.0008643318711068045 0.00039064744966464963 3.7629511475832162e-05 0.00045700943189160443 -0.00052396406452622261 0.00012191842583829744
leaf_weight=103 32 56 161 145 50
leaf_count=103 32 56 161 145 50
internal_value=-4.64488e-05 -0.00041785 0.000102934 -0.000104542 -0.000281153
internal_weight=547 159 388 227 195
internal_count=547 159 388 227 195
cat_boundaries=0 1
cat_threshold=131
is_linear=0
shrinkage=0.0167612


Tree=218
num_leaves=10
num_cat=0
split_feature=14 160 219 192 47 12 65 106 203
split_gain=0.130287 0.0699094 0.104401 0.0770059 0.103895 0.0542486 0.0525757 0.0485211 0.00925355
threshold=7.5000000000000009 57.642857142857146 1422992.172208539 4.5000000000000009 41.500000000000007 1.0000000180025095e-35 1.0000000180025095e-35 -12573.999374960431 1.0000000180025095e-35
decision_type=2 8 8 8 10 2 10 10 10
left_child=6 3 -3 4 -2 -4 7 -1 -5
right_child=1 2 5 8 -6 -7 -8 -9 -10
leaf_value=-0.0009200516153952909 -0.00018995304192389879 0.00069711637121866259 -0.00011513796395078652 0.00019088967022355531 -0.0010820622266734577 0.00036628743935251089 -0.00016468498744578978 -0.00030333567652776584 1.2423801479846191e-05
leaf_weight=70 34 73 137 53 30 61 34 24 31
leaf_count=70 34 73 137 53 30 61 34 24 31
internal_value=-4.42819e-05 7.64704e-05 0.000245069 -0.000150458 -0.000535497 2.78998e-05 -0.000464264 -0.00069284 3.30298e-05
internal_weight=547 419 271 148 64 198 128 94 84
internal_count=547 419 271 148 64 198 128 94 84
is_linear=0
shrinkage=0.0167612


Tree=219
num_leaves=9
num_cat=0
split_feature=158 7 13 121 182 71 109 219
split_gain=0.0878038 0.169695 0.135325 0.1327 0.129713 0.12217 0.0455937 0.0101203
threshold=1.0000000180025095e-35 1.0000000180025095e-35 914178.36055194819 3.5835913312693504 921394.26964285725 76.500000000000014 1.0000000180025095e-35 405483.01190476195
decision_type=10 2 2 8 8 10 10 8
left_child=2 4 3 -1 7 -4 -6 -2
right_child=1 -3 5 -5 6 -7 -8 -9
leaf_value=0.00099078311964366636 7.4414499289104306e-05 0.00023273610194067545 -0.00086667201443507724 0.00012823765771135157 -0.0012632936808288492 -5.9897994435302393e-05 -0.00041854609116136649 -0.00018002148042616103
leaf_weight=42 25 61 40 182 62 49 34 52
leaf_count=42 25 61 40 182 62 49 34 52
internal_value=-4.28036e-05 -0.000281446 0.0001126 0.000345397 -0.000564163 -0.000303726 -0.000942283 -0.000110194
internal_weight=547 234 313 224 173 89 96 77
internal_count=547 234 313 224 173 89 96 77
is_linear=0
shrinkage=0.0167612


Tree=220
num_leaves=9
num_cat=1
split_feature=0 13 13 116 126 6 73 137
split_gain=0.319944 0.224599 0.120638 0.0765581 0.0722293 0.0565494 0.0952004 0.0352611
threshold=0 425395.61742993857 341961.51332199556 900.00000000000011 116.03826205000001 1.5000000000000002 406529.15277777787 601600.90347018593
decision_type=9 2 2 10 8 2 10 10
left_child=2 4 3 -1 -2 6 -3 -7
right_child=1 5 -4 -5 -6 7 -8 -9
leaf_value=4.7718139668490917e-05 0.00026118077088048858 -0.00044530517530765582 -0.001341988865108218 -0.00067322741743704704 0.0010102778376056534 0.00040190094652714574 0.00016995531618655457 4.9184742007304174e-05
leaf_weight=28 32 156 51 29 83 72 49 47
leaf_count=28 32 156 51 29 83 72 49 47
internal_value=-4.10109e-05 0.000142266 -0.000718137 -0.000305524 0.000708347 -3.86531e-05 -0.00022312 0.000172867
internal_weight=547 439 108 57 115 324 205 119
internal_count=547 439 108 57 115 324 205 119
cat_boundaries=0 1
cat_threshold=34653185
is_linear=0
shrinkage=0.0167612


Tree=221
num_leaves=9
num_cat=0
split_feature=213 161 129 36 159 159 13 41
split_gain=0.109241 0.221218 0.300078 0.127539 0.125626 0.0504747 0.024079 0.00214212
threshold=3.5350000000000006 434550.26875000005 -0.090351070618544374 105.50000000000001 1.0000000180025095e-35 1.0000000180025095e-35 398363.35416666674 1.0000000180025095e-35
decision_type=8 10 10 8 8 10 2 10
left_child=1 2 6 -3 7 -4 -1 -2
right_child=4 3 5 -5 -6 -7 -8 -9
leaf_value=-0.00059638445285593335 0.0011126624675826808 -4.8773188049689077e-05 -0.00018644944378865219 0.00082163563609097441 1.4557516677310155e-05 0.000374775451594863 -0.001425869553036971 0.00041640612701986156
leaf_weight=26 26 30 77 49 206 31 75 27
leaf_count=26 26 30 77 49 206 31 75 27
internal_value=-4.0266e-05 -0.000263736 -0.000559354 0.000292861 0.000175005 -8.2521e-05 -0.00114253 0.00074065
internal_weight=547 288 209 79 259 108 101 53
internal_count=547 288 209 79 259 108 101 53
is_linear=0
shrinkage=0.0167612


Tree=222
num_leaves=9
num_cat=1
split_feature=0 105 109 71 151 158 173 180
split_gain=0.359384 0.144404 0.167613 0.044257 0.0429829 0.0425809 0.00637253 0.00232152
threshold=0 68.500000000000014 1.0000000180025095e-35 87.000000000000014 6.5000000000000009 1.0000000180025095e-35 1.0000000180025095e-35 7.5000000000000009
decision_type=9 10 8 8 8 10 10 10
left_child=4 2 6 -3 -1 -5 -2 -4
right_child=1 3 7 5 -6 -7 -8 -9
leaf_value=0.00023670386420240069 -0.0012850187908289598 -0.00024539029266921938 -0.00019492655389197552 0.00055307422694293642 0.0010082186815113456 4.855172466277988e-05 -0.00056939190227807987 -7.5119665620837145e-05
leaf_weight=36 64 26 161 50 75 76 29 30
leaf_count=36 64 26 161 50 75 76 29 30
internal_value=-3.89417e-05 -0.000264117 -0.00049455 5.25181e-05 0.000645421 0.000245974 -0.00101574 -0.000195693
internal_weight=547 436 284 152 111 126 93 191
internal_count=547 436 284 152 111 126 93 191
cat_boundaries=0 1
cat_threshold=68360
is_linear=0
shrinkage=0.0167612


Tree=223
num_leaves=6
num_cat=0
split_feature=122 13 36 114 91
split_gain=0.10402 0.150592 0.119111 0.0817296 0.0276028
threshold=1.0000000180025095e-35 218433.03935860062 118.00000000000001 8.5000000000000018 1.0000000180025095e-35
decision_type=10 2 10 10 10
left_child=1 -1 3 -3 -4
right_child=-2 2 4 -5 -6
leaf_value=0.00068631698894720296 -0.00062703574910230261 -0.00010635194622326444 0.00011176122520180926 -0.00076609285590506591 0.00065848100146001791
leaf_weight=49 41 332 43 36 46
leaf_count=49 41 332 43 36 46
internal_value=-3.82281e-05 1.20754e-05 -6.34931e-05 -0.000210212 0.000368882
internal_weight=547 506 457 368 89
internal_count=547 506 457 368 89
is_linear=0
shrinkage=0.0167612


Tree=224
num_leaves=10
num_cat=0
split_feature=13 200 55 10 40 10 40 47 6
split_gain=0.219406 0.484985 0.310107 0.0914762 0.0819155 0.0488592 0.0272765 0.00684861 0.0271798
threshold=588336.44573643419 -8.3580425999999992 1.0000000180025095e-35 0.68301270189221941 1.0000000180025095e-35 -1.0000000180025095e-35 1.0000000180025095e-35 54.500000000000007 1.5000000000000002
decision_type=2 10 10 2 8 2 8 10 2
left_child=1 3 -2 4 -1 -3 -5 8 -4
right_child=2 5 7 6 -6 -7 -8 -9 -10
leaf_value=-0.00014396558751914233 -0.0010552365605402613 0.0020559667018200589 -1.4530630816707958e-06 -0.00020305029604209798 0.00042718925839906502 0.00097477049675368378 -0.00084729075769865306 -0.00014061942373239304 0.0003221471335882731
leaf_weight=73 80 25 123 26 104 40 29 33 49
leaf_count=73 80 25 123 26 104 40 29 33 49
internal_value=0 0.000302256 -0.000310542 1.54081e-05 0.000131903 0.00133354 -0.000485509 -2.59475e-05 5.41931e-05
internal_weight=582 297 285 232 177 65 55 205 172
internal_count=582 297 285 232 177 65 55 205 172
is_linear=0
shrinkage=0.0167612


Tree=225
num_leaves=11
num_cat=0
split_feature=11 2 122 120 67 183 75 86 169 143
split_gain=0.139955 0.318414 0.266476 0.1586 0.128742 0.126314 0.0794803 0.0701 0.083501 0.0284674
threshold=-1.0000000180025095e-35 2023.5000000000002 1.0000000180025095e-35 16.500000000000004 2446080.3975409842 15.000000000000002 1.0000000180025095e-35 853407.60098755418 13.500000000000002 1.0000000180025095e-35
decision_type=2 2 10 8 8 8 10 8 10 8
left_child=1 3 4 -1 5 -2 -6 9 -9 -3
right_child=2 7 -4 -5 6 -7 -8 8 -10 -11
leaf_value=0.00056157381653384358 0.00083215479702558267 0.00050871766474689187 -0.0012646069187126801 0.001936402151468635 -9.3340407669941015e-05 4.2093696495376806e-05 -0.00081977800099715848 -3.767022489859373e-05 -0.00076639906784454267 0.00010980385343512624
leaf_weight=41 50 52 28 25 121 56 44 103 33 29
leaf_count=41 50 52 28 25 121 56 44 103 33 29
internal_value=0 0.000252289 -0.000237196 0.00107811 -5.66396e-05 0.000311545 -0.000335873 1.26866e-05 -0.000245263 0.000280174
internal_weight=582 283 299 66 271 106 165 217 136 81
internal_count=582 283 299 66 271 106 165 217 136 81
is_linear=0
shrinkage=0.0167612


Tree=226
num_leaves=9
num_cat=0
split_feature=5 55 226 13 55 72 67 101
split_gain=0.0769385 0.151802 0.0830282 0.144676 0.130192 0.0651176 0.0336951 0.00558565
threshold=1.5000000000000002 1.0000000180025095e-35 1.0000000180025095e-35 683409.35590986407 1.0000000180025095e-35 1.0000000180025095e-35 697094.13043478271 0.77974501404311425
decision_type=2 10 10 2 10 8 8 10
left_child=1 -1 3 5 -5 -2 -3 -4
right_child=2 6 7 4 -6 -7 -8 -9
leaf_value=-0.0007105547497720633 0.00065850099637317105 0.00047459655038916657 0.00086726099573670925 -0.00094071659135042715 -4.1919982771322882e-05 6.6353975457013144e-05 3.8249588200927593e-05 0.00025375167563402977
leaf_weight=90 68 27 32 40 123 145 33 24
leaf_count=90 68 27 32 40 123 145 33 24
internal_value=0 -0.00029189 0.000109707 5.19519e-06 -0.00031779 0.000285445 0.000105783 0.000579587
internal_weight=582 150 432 376 163 213 60 56
internal_count=582 150 432 376 163 213 60 56
is_linear=0
shrinkage=0.0167612


Tree=227
num_leaves=9
num_cat=0
split_feature=3 55 9 148 56 56 78 101
split_gain=0.0744104 0.147493 0.115817 0.100872 0.092059 0.0392664 0.0364711 0.009878
threshold=3.5000000000000004 1.0000000180025095e-35 1.0000000180025095e-35 1.0000000180025095e-35 383669.12278311973 468771.79745641979 0.023532668881506052 1.5009706442710227
decision_type=2 10 2 10 10 10 10 8
left_child=1 -1 3 4 -2 -5 -3 -4
right_child=2 6 7 5 -6 -7 -8 -9
leaf_value=-0.00069984158687312983 0.00029736398149729634 3.9907263083622896e-05 -9.9069215210252732e-05 0.0011321896111011996 -0.00026113662237881296 0.00037646435592566353 0.00047402733501332597 -0.0005883741037121218
leaf_weight=90 161 30 46 30 95 65 30 35
leaf_count=90 161 30 46 30 95 65 30 35
internal_value=0 -0.000286935 0.000108017 0.000254316 6.32547e-05 0.000662934 0.000103962 -0.000326397
internal_weight=582 150 432 351 256 95 60 81
internal_count=582 150 432 351 256 95 60 81
is_linear=0
shrinkage=0.0167612


Tree=228
num_leaves=9
num_cat=0
split_feature=122 186 12 46 174 186 99 67
split_gain=0.101724 0.352155 0.0976264 0.0912602 0.185993 0.0425771 0.0152116 0.00612698
threshold=1.0000000180025095e-35 338585.50199407485 1.0000000180025095e-35 648889.97250279889 1.0000000180025095e-35 655738.98099531222 7.5000000000000009 1370981.2475694446
decision_type=8 10 2 8 10 10 10 10
left_child=3 2 -2 4 6 -5 -1 -7
right_child=1 -3 -4 5 -6 7 -8 -9
leaf_value=1.3663013643253974e-05 -0.00028049363170031016 -0.0014482889636658136 0.00033526630672831107 -0.00034802127633539988 0.0013088569004301046 0.00016355179083728705 0.00023575558537536234 2.4648008203291645e-05
leaf_weight=26 133 24 87 47 29 107 79 50
leaf_count=26 133 24 87 47 29 107 79 50
internal_value=0 -0.000242535 -1.89916e-05 0.000178986 0.000489202 1.50224e-05 0.000149176 9.05851e-05
internal_weight=582 244 220 338 134 204 105 157
internal_count=582 244 220 338 134 204 105 157
is_linear=0
shrinkage=0.0167612


Tree=229
num_leaves=9
num_cat=0
split_feature=183 3 111 213 132 158 73 121
split_gain=0.10922 0.0810642 0.112139 0.243005 0.0800967 0.0561952 0.0485602 0.025089
threshold=1.0000000180025095e-35 5.5000000000000009 11.040151515151518 3.5000000000000004 701414.85256410262 1.0000000180025095e-35 133169.66666666672 2.5305555555555559
decision_type=8 2 8 10 8 8 10 10
left_child=4 5 -3 -4 6 -2 -1 -7
right_child=1 2 3 -5 -6 7 -8 -9
leaf_value=0.0012817621523153672 -4.5576964688108163e-05 -0.00051114086361392678 1.7375980143635754e-05 0.0011294570672334176 0.00016592961249764588 -0.00056945416173446073 0.00035163136589623018 -0.00018574505026177843
leaf_weight=27 32 36 211 33 32 151 31 29
leaf_count=27 32 36 211 33 32 151 31 29
internal_value=0 -9.6066e-05 5.23161e-05 0.000213536 0.000450017 -0.000333927 0.000817123 -0.000473944
internal_weight=582 492 280 244 90 212 58 180
internal_count=582 492 280 244 90 212 58 180
is_linear=0
shrinkage=0.0167612


Tree=230
num_leaves=11
num_cat=0
split_feature=11 117 32 86 142 129 197 125 46 12
split_gain=0.128635 0.249375 0.113753 0.144519 0.124734 0.063921 0.0837688 0.0353718 0.00356798 0.0143332
threshold=-1.0000000180025095e-35 26.000000000000004 1.0000000180025095e-35 247825.42424242428 3.6733333333333338 -0.093492225144549482 0.11269841269841267 1.0000000180025095e-35 1106727.4789731919 1.0000000180025095e-35
decision_type=2 8 8 10 8 10 8 10 8 2
left_child=2 -2 3 4 -1 7 -7 -3 -4 -10
right_child=1 5 8 -5 -6 6 -8 -9 9 -11
leaf_value=0.00041027124929509908 -0.0010518547844300379 -4.3757890126840869e-05 -1.7908245264700038e-05 9.2120739652166831e-05 0.0015526459571006282 5.1285473657067449e-07 0.00065048313128322993 -0.00057855872836126059 -0.00030913692918075589 -5.0365147931520308e-05
leaf_weight=48 50 125 33 85 38 36 58 30 45 34
leaf_count=48 50 125 33 85 38 36 58 30 45 34
internal_value=0 -0.000228285 0.000240995 0.000511063 0.000941058 -1.59392e-05 0.000272271 -0.000206173 -4.9527e-05 -0.000141984
internal_weight=582 299 283 171 86 249 94 155 112 79
internal_count=582 299 283 171 86 249 94 155 112 79
is_linear=0
shrinkage=0.0167612


Tree=231
num_leaves=9
num_cat=1
split_feature=0 3 47 146 36 102 86 54
split_gain=0.1926 0.133946 0.116956 0.0969763 0.0605108 0.0495757 0.0315185 0.0165369
threshold=0 5.5000000000000009 4.5000000000000009 1.0000000180025095e-35 79.500000000000014 1.0000000180025095e-35 853407.60098755418 1.0000000180025095e-35
decision_type=9 2 10 8 10 10 10 10
left_child=2 3 4 -2 -1 7 -4 -3
right_child=1 5 6 -5 -6 -7 -8 -9
leaf_value=0.00037816135551008596 -0.00018275651889653266 -0.00020232352021535801 7.8286874600504692e-05 -0.00090335448460153022 0.0011102268752050694 0.00044215188827935063 -0.0003361662605740189 2.9307503894446374e-05
leaf_weight=136 44 121 41 100 35 25 42 38
leaf_count=136 44 121 41 100 35 25 42 38
internal_value=0 -0.000251737 0.000316026 -0.000612989 0.000584741 -2.32133e-05 -7.66847e-06 -8.49839e-05
internal_weight=582 328 254 144 171 184 83 159
internal_count=582 328 254 144 171 184 83 159
cat_boundaries=0 1
cat_threshold=43468
is_linear=0
shrinkage=0.0167612


Tree=232
num_leaves=7
num_cat=0
split_feature=14 10 122 213 92 178
split_gain=0.0710356 0.0769141 0.181939 0.13971 0.134192 0.120449
threshold=18.000000000000004 -0.6830127018922193 1.0000000180025095e-35 2.8500000000000001 -0.46410531850953973 14.500000000000002
decision_type=2 2 10 10 8 10
left_child=1 3 4 -1 -3 -5
right_child=-2 2 -4 5 -6 -7
leaf_value=-0.00020649650247036723 0.00030514266976539186 0.00032604490910133376 -0.0010633145531988453 0.00025032736754858066 -0.00031813087978947583 0.0012528072306960906
leaf_weight=58 74 84 39 30 253 30
leaf_count=58 74 84 39 30 253 30
internal_value=-6.33352e-05 -0.000147039 -0.000271816 0.000137735 -0.000125353 0.000652125
internal_weight=568 494 376 118 337 60
internal_count=568 494 376 118 337 60
is_linear=0
shrinkage=0.0167612


Tree=233
num_leaves=7
num_cat=0
split_feature=160 213 82 142 6 210
split_gain=0.101548 0.138054 0.125535 0.0933648 0.0799679 0.0582146
threshold=33.193840579710148 2.9600000000000004 1.1083917100865086 2.9045454545454548 1.5000000000000002 2.6532258064516134
decision_type=10 8 10 10 2 10
left_child=1 5 4 -2 -3 -1
right_child=3 2 -4 -5 -6 -7
leaf_value=-0.00074119981361549952 0.00097443215385715392 -0.00029142319349268169 0.00068274121261664765 0.00013512283933334867 0.00017751926980187182 -0.00019130826012131582
leaf_weight=116 27 199 33 38 121 34
leaf_count=116 27 199 33 38 121 34
internal_value=-6.21882e-05 -0.000154705 -7.77937e-06 0.000409843 -7.98519e-05 -0.000539317
internal_weight=568 503 353 65 320 150
internal_count=568 503 353 65 320 150
is_linear=0
shrinkage=0.0167612


Tree=234
num_leaves=10
num_cat=0
split_feature=13 119 47 15 198 114 101 55 144
split_gain=0.335932 0.356538 0.151586 0.126614 0.114646 0.0989309 0.128418 0.0079532 0.00610578
threshold=620458.50000000012 56730846.476067662 43.500000000000007 1.0000000180025095e-35 1.0000000180025095e-35 1.0000000180025095e-35 0.83098451667185813 1.0000000180025095e-35 0.78709677419354851
decision_type=2 8 8 2 8 10 10 8 8
left_child=4 3 -3 -2 5 -1 -7 -6 -4
right_child=1 2 8 -5 7 6 -8 -9 -10
leaf_value=0.0011876159800236986 -0.00088781501134382347 0.00033867412758968422 -0.00016102417214635374 -0.0022698099817797606 -0.00013519243902016196 0.00071384181562497056 -0.00011197323584738296 6.3018502722265725e-05 -0.00055919682606869888
leaf_weight=39 35 67 33 24 48 59 48 112 103
leaf_count=39 35 67 33 24 48 59 48 112 103
internal_value=-5.99744e-05 -0.000483769 -0.000154978 -0.0014111 0.000279421 0.000600764 0.000309459 2.92267e-05 -0.000445328
internal_weight=568 262 203 59 306 146 107 160 136
internal_count=568 262 203 59 306 146 107 160 136
is_linear=0
shrinkage=0.0167612


Tree=235
num_leaves=6
num_cat=0
split_feature=13 160 13 116 49
split_gain=0.244712 0.148537 0.490652 0.120531 0.0867049
threshold=1097694.524140212 41.38928571428572 201168.12380952385 900.00000000000011 449946.55172413803
decision_type=2 10 2 8 10
left_child=1 2 -1 -4 -2
right_child=4 -3 3 -5 -6
leaf_value=0.0012646025086057965 -0.0013192144654439375 0.00078637280386466865 -5.1882075810170449e-06 -0.00049935300043376448 -0.00035102292009308315
leaf_weight=38 43 35 246 181 25
leaf_count=38 43 35 246 181 25
internal_value=-5.87309e-05 5.172e-05 -7.46814e-06 -0.000191428 -0.000820542
internal_weight=568 500 465 427 68
internal_count=568 500 465 427 68
is_linear=0
shrinkage=0.0167612


Tree=236
num_leaves=9
num_cat=0
split_feature=213 13 7 54 131 12 197 220
split_gain=0.166746 0.286643 0.23524 0.184267 0.132283 0.0722674 0.0419286 0.000235893
threshold=3.5350000000000006 491171.8725490197 1.0000000180025095e-35 1.0000000180025095e-35 1.0000000180025095e-35 1.0000000180025095e-35 0.12158167036215817 1.0000000180025095e-35
decision_type=10 2 2 8 10 2 10 10
left_child=1 4 7 -3 5 -1 -5 -2
right_child=2 3 -4 6 -6 -7 -8 -9
leaf_value=-0.0002328304644596819 5.4159355433352741e-05 -0.0013235965609752879 0.0014004115742501757 -0.00042591596507383483 0.00081598870683861511 0.00034315386633591535 -9.8713832970414217e-05 -1.4089486956611231e-05
leaf_weight=101 27 44 27 181 46 72 44 26
leaf_count=101 27 44 27 181 46 72 44 26
internal_value=-5.63234e-05 -0.000183497 0.000507829 -0.000540985 0.000202351 1.97299e-05 -0.000331099 0.000132397
internal_weight=568 488 80 269 219 173 225 53
internal_count=568 488 80 269 219 173 225 53
is_linear=0
shrinkage=0.0167612


Tree=237
num_leaves=10
num_cat=0
split_feature=13 198 70 11 78 144 118 74 70
split_gain=0.291349 0.158506 0.172494 0.146774 0.206919 0.182429 0.0200217 0.0134507 0.0198319
threshold=491171.8725490197 1.0000000180025095e-35 479414.90027472534 -0.5 1.0000000180025095e-35 0.18333333333333332 45.500000000000007 1.0000000180025095e-35 1009339.2814828764
decision_type=2 8 8 2 10 10 8 10 8
left_child=1 2 -1 7 5 -5 -3 -2 -9
right_child=3 6 -4 4 -6 -7 -8 8 -10
leaf_value=0.0002361393811795347 -3.5591178825052888e-05 -0.00023323813651564447 0.0012580963547423319 -0.00045925191835081958 -7.4096508539959021e-05 -0.0015399881057317388 9.7987054732059592e-05 0.00045164697691586991 8.4166963392774308e-05
leaf_weight=42 48 37 66 94 53 67 107 28 26
leaf_count=42 48 37 66 94 53 67 107 28 26
internal_value=-5.44928e-05 0.000325028 0.000766774 -0.000387608 -0.000640747 -0.000941884 3.73406e-05 -2.36966e-05 0.00020125
internal_weight=568 252 108 316 214 161 144 102 54
internal_count=568 252 108 316 214 161 144 102 54
is_linear=0
shrinkage=0.0167612


Tree=238
num_leaves=10
num_cat=1
split_feature=13 1 10 120 161 129 11 185 70
split_gain=0.18786 0.20697 0.08595 0.0838029 0.407591 0.0418877 0.033602 0.0385597 0.0125451
threshold=698348.21428571444 0 0.68301270189221941 16.500000000000004 333574.23410256417 0.030370487454485107 1.0000000180025095e-35 1.0000000180025095e-35 665017.50000000012
decision_type=2 1 2 10 10 8 2 10 8
left_child=1 2 -1 5 -5 -2 7 -3 -8
right_child=3 6 -4 4 -6 -7 8 -9 -10
leaf_value=0.00088568596105095376 0.00019307298473702681 -0.00011598649621742477 0.00021841232829624695 -0.0016955820810254686 -0.00017069493941824452 -0.00029691118833951989 -0.00011238138436752334 0.00035476952808298398 -0.00043054640354388518
leaf_weight=107 30 73 32 45 50 76 33 36 86
leaf_count=107 30 73 32 45 50 76 33 36 86
internal_value=-5.32433e-05 0.000145172 0.000592355 -0.000441438 -0.000789148 -0.000112335 -0.000111242 -1.25203e-05 -0.000310802
internal_weight=568 367 139 201 95 106 228 109 119
internal_count=568 367 139 201 95 106 228 109 119
cat_boundaries=0 1
cat_threshold=76
is_linear=0
shrinkage=0.0167612


Tree=239
num_leaves=9
num_cat=1
split_feature=13 71 6 1 213 146 198 15
split_gain=0.33892 0.199484 0.414392 0.168333 0.199245 0.088169 0.0128555 0.050034
threshold=683409.35590986407 103.50000000000001 1.0000000180025095e-35 0 2.8900000000000001 1.0000000180025095e-35 1.0000000180025095e-35 1.0000000180025095e-35
decision_type=2 10 2 1 10 10 10 2
left_child=3 2 -2 4 -1 -6 7 -5
right_child=1 -3 -4 6 5 -7 -8 -9
leaf_value=0.00014263397062974468 -0.0021178646343164992 2.047043240433522e-05 -0.00045880979194937827 -0.00015364420526692364 0.00066653571170623258 0.0018553063798085001 -0.00020077948077999806 0.00030708697249571333
leaf_weight=66 28 48 137 96 29 35 49 80
leaf_count=66 28 48 137 96 29 35 49 80
internal_value=-5.21726e-05 -0.000550837 -0.000856669 0.000233571 0.000646302 0.00126794 1.09349e-05 1.78081e-05
internal_weight=568 213 165 355 130 64 225 176
internal_count=568 213 165 355 130 64 225 176
cat_boundaries=0 1
cat_threshold=76
is_linear=0
shrinkage=0.0167612


Tree=240
num_leaves=8
num_cat=0
split_feature=213 125 122 10 212 95 47
split_gain=0.141293 0.43626 0.104653 0.0254665 0.0234159 0.0688067 0.0374232
threshold=3.5000000000000004 1.0000000180025095e-35 1.0000000180025095e-35 0.25000000000000011 0.87065465503686923 9.5000000000000018 40.500000000000007
decision_type=10 10 10 2 10 10 10
left_child=2 -2 4 -3 5 -1 -6
right_child=1 3 -4 -5 6 -7 -8
leaf_value=8.8029918929184231e-05 0.0017237354380417391 0.00013496552522569266 -0.00063488364337746593 -0.00028031725917978753 0.00035464942407025115 -0.00045583425490964186 9.4378403663991488e-06
leaf_weight=215 34 38 30 27 138 46 42
leaf_count=215 34 38 30 27 138 46 42
internal_value=0.000121504 0.000610864 4.6376e-06 0.000124026 6.68367e-05 3.42869e-06 0.000206018
internal_weight=570 99 471 65 441 261 180
internal_count=570 99 471 65 441 261 180
is_linear=0
shrinkage=0.0167612


Tree=241
num_leaves=9
num_cat=0
split_feature=13 169 114 160 119 79 79 166
split_gain=0.217898 0.205054 0.110848 0.0838294 0.06219 0.0570465 0.0364641 0.0158692
threshold=234613.75000000003 60.500000000000007 15.500000000000002 21.475106685633005 55356834.787803628 4.5000000000000009 7.0000000000000009 1.5000000000000002
decision_type=2 8 8 8 10 10 10 10
left_child=1 -1 3 7 -5 -4 -7 -2
right_child=2 -3 5 4 -6 6 -8 -9
leaf_value=0.00027905011120603682 -4.9552146989062438e-05 0.0015649492581102091 -0.0004281947229432747 0.00012424639203293829 0.00055244625931308473 0.00032122077564139399 -0.00018944658981557641 -0.00037869092743316601
leaf_weight=36 31 36 169 40 162 40 25 31
leaf_count=36 31 36 169 40 162 40 25 31
internal_value=0.000119022 0.00081653 4.30546e-06 0.000213105 0.000396557 -0.000253556 -2.41216e-05 -0.000131739
internal_weight=570 72 498 264 202 234 65 62
internal_count=570 72 498 264 202 234 65 62
is_linear=0
shrinkage=0.0167612


Tree=242
num_leaves=8
num_cat=0
split_feature=9 13 198 146 146 212 142
split_gain=0.0520549 0.484599 0.0881761 0.269265 0.0864299 0.0384069 0.00720643
threshold=1.0000000180025095e-35 425395.61742993857 1.0000000180025095e-35 1.0000000180025095e-35 1.0000000180025095e-35 0.97910694039880208 2.3050115207373278
decision_type=2 2 10 10 10 10 10
left_child=1 2 3 -1 5 -3 -2
right_child=6 4 -4 -5 -6 -7 -8
leaf_value=0.00063172315507381712 -0.00026585630635237936 -0.0001985091401687682 0.00025785672827618691 0.0020463579317766866 -0.00066460648492666608 0.00016498516048066837 -5.3687305367647966e-05
leaf_weight=100 66 148 42 35 52 95 32
leaf_count=100 66 148 42 35 52 95 32
internal_value=0.000116572 0.000196769 0.000837293 0.00109524 -0.000170124 -2.92716e-05 -0.000145605
internal_weight=570 472 177 135 295 243 98
internal_count=570 472 177 135 295 243 98
is_linear=0
shrinkage=0.0167612


Tree=243
num_leaves=5
num_cat=0
split_feature=161 99 13 152
split_gain=0.0674506 0.13396 0.371013 0.0561012
threshold=955956.91621376819 133.00000000000003 201168.12380952385 605930.61559139797
decision_type=10 10 2 8
left_child=1 2 -1 -4
right_child=-2 -3 3 -5
leaf_value=0.0010973448765785594 0.0006244629738263157 0.00081093647784777031 -0.00048791759447952787 -4.7011250735412096e-05
leaf_weight=40 34 24 84 388
leaf_count=40 34 24 84 388
internal_value=0.000114276 5.00146e-05 1.76148e-06 -0.000147615
internal_weight=570 536 512 472
internal_count=570 536 512 472
is_linear=0
shrinkage=0.0167612


Tree=244
num_leaves=9
num_cat=1
split_feature=13 0 56 122 6 161 215 182
split_gain=0.134362 0.168935 0.187233 0.13169 0.0675905 0.201219 0.137306 0.00192021
threshold=218433.03935860062 0 850185.80021789332 1.0000000180025095e-35 1.5000000000000002 697094.13043478271 0.081720430107526859 656898.54166666686
decision_type=2 9 8 8 2 10 10 8
left_child=3 2 7 -1 5 -3 -6 -2
right_child=1 4 -4 -5 6 -7 -8 -9
leaf_value=0.00030016802654403451 3.0147056609779745e-05 -0.00015469101152450787 -0.0011757307914281201 0.0013495915991744742 0.0001026360806089503 0.00081793559559464749 0.0010668062914063019 -0.00010827416363253027
leaf_weight=26 37 229 43 30 99 38 42 26
leaf_count=26 37 229 43 30 99 38 42 26
internal_value=0.00011353 1.23634e-05 -0.000460879 0.000717725 0.000175231 1.14641e-05 0.000450916 -0.000105448
internal_weight=570 514 106 56 408 267 141 63
internal_count=570 514 106 56 408 267 141 63
cat_boundaries=0 1
cat_threshold=1180689
is_linear=0
shrinkage=0.0167612


Tree=245
num_leaves=10
num_cat=1
split_feature=0 146 11 9 92 212 132 32 104
split_gain=0.0711656 0.0900825 0.121277 0.0843331 0.0607002 0.140357 0.0460757 0.0366773 0.0349398
threshold=0 1.0000000180025095e-35 -1.0000000180025095e-35 1.0000000180025095e-35 -0.1331703911352167 0.99999999998476918 402579.00530303037 1.0000000180025095e-35 0.93537544714180132
decision_type=9 8 2 2 8 10 10 10 8
left_child=1 6 -3 4 5 -2 -1 -6 -5
right_child=3 2 -4 8 7 -7 -8 -9 -10
leaf_value=-0.00030966174385682127 -0.000626142921011134 0.001096604986913993 0.000190297122849069 -0.00019455110824170347 0.00037792162427147287 0.00028716088505474575 0.0002634686864560708 3.7532958687188777e-05 -0.00086218655594264243
leaf_weight=47 65 55 92 28 162 36 31 24 30
leaf_count=47 65 55 92 28 162 36 31 24 30
internal_value=0.000112158 0.000322187 0.000574467 -1.32818e-05 6.83489e-05 -0.000169745 5.61585e-05 0.000257811 -0.000486005
internal_weight=570 225 147 345 287 101 78 186 58
internal_count=570 225 147 345 287 101 78 186 58
cat_boundaries=0 1
cat_threshold=346190
is_linear=0
shrinkage=0.0167612


Tree=246
num_leaves=10
num_cat=0
split_feature=13 161 107 36 100 146 11 31 6
split_gain=0.338984 0.181278 0.0891127 0.0707382 0.0597025 0.477449 0.0511217 0.0502419 0.0154252
threshold=510944.7410714287 812969.94222222234 630.00000000000011 95.500000000000014 879774.28667027422 1.0000000180025095e-35 -0.24999999999999994 2.5000000000000004 1.5000000000000002
decision_type=2 10 8 10 8 10 2 8 2
left_child=2 6 -1 -3 -4 -6 8 -8 -2
right_child=1 3 4 -5 5 -7 7 -9 -10
leaf_value=0.00012855404340824492 -0.0002564914951963598 0.00014964523755335075 0.00027556017447469706 0.00092407582080609194 0.00037068493675542641 0.0020614004255670219 -0.0010458953414027598 -0.00036171487350120796 -1.7020184682681891e-05
leaf_weight=59 52 29 30 24 136 37 52 101 50
leaf_count=59 52 29 30 24 136 37 52 101 50
internal_value=0.000110044 -0.00022772 0.000534357 0.000381833 0.000717859 0.000848337 -0.00044246 -0.000642179 -0.000119023
internal_weight=570 308 262 53 203 173 255 153 102
internal_count=570 308 262 53 203 173 255 153 102
is_linear=0
shrinkage=0.0167612


Tree=247
num_leaves=9
num_cat=0
split_feature=13 11 119 13 170 32 109 158
split_gain=0.172015 0.130338 0.284223 0.146842 0.180364 0.0861054 0.0747223 0.0396892
threshold=377957.68181818194 0.6830127018922193 56617896.536073811 468254.25315579714 1.0000000180025095e-35 1.0000000180025095e-35 1.0000000180025095e-35 1.0000000180025095e-35
decision_type=2 2 10 2 8 10 8 10
left_child=5 3 -3 4 -2 6 -1 -5
right_child=1 2 -4 7 -6 -7 -8 -9
leaf_value=0.00021606381583150414 0.0014094014055636547 -0.0011449694102866278 0.00010593832554871394 5.0853720061095503e-05 0.00030849808411424165 0.00018102613202584673 0.0010247928131303316 -0.00031114237435540853
leaf_weight=50 31 65 42 160 24 28 87 83
leaf_count=50 31 65 42 160 24 28 87 83
internal_value=0.000108164 -5.17637e-05 -0.000500429 8.92216e-05 0.000704632 0.000524707 0.000734025 -4.0557e-05
internal_weight=570 405 107 298 55 165 137 243
internal_count=570 405 107 298 55 165 137 243
is_linear=0
shrinkage=0.0167612


Tree=248
num_leaves=8
num_cat=0
split_feature=13 115 213 149 55 160 107
split_gain=0.133354 0.0922308 0.0719756 0.153967 0.0708989 0.079983 0.0506243
threshold=1231887.3938008135 194328.00000000003 3.5000000000000004 1.0000000180025095e-35 1.0000000180025095e-35 24.405555555555559 630.00000000000011
decision_type=2 10 8 10 8 8 10
left_child=1 2 3 -1 -3 -6 -4
right_child=-2 4 6 -5 5 -7 -8
leaf_value=-0.0010038824633681212 -0.00065501715964945515 7.1021450386686277e-06 6.9917738768826103e-06 -6.6030323994107194e-05 0.00017275153772254269 0.00073729333576080911 0.0005385865895131144
leaf_weight=38 39 25 210 81 39 125 25
leaf_count=38 39 25 210 81 39 125 25
internal_value=5.48183e-06 8.89224e-05 -3.99248e-05 -0.000352189 0.000369801 0.000533218 8.55487e-05
internal_weight=582 543 354 119 189 164 235
internal_count=582 543 354 119 189 164 235
is_linear=0
shrinkage=0.0167612


Tree=249
num_leaves=9
num_cat=0
split_feature=71 114 13 149 7 3 25 101
split_gain=0.0581075 0.106304 0.322137 0.20057 0.0794886 0.0365109 0.0156395 0.00531163
threshold=81.500000000000014 15.500000000000002 577665.66250000009 1.0000000180025095e-35 1.0000000180025095e-35 5.5000000000000009 16.582251082251087 1.0092250450494309
decision_type=10 10 2 10 2 2 8 8
left_child=1 2 3 -1 -4 -2 -3 -7
right_child=5 6 4 -5 -6 7 -8 -9
leaf_value=0.00010045421048262647 9.6876768205070125e-05 -0.00099842019962409338 -0.00066420359364316884 0.0010754423228110492 -9.2447427159658127e-05 0.00021542402627685849 -0.00026842276148612718 0.00075658913304118408
leaf_weight=148 41 25 133 69 66 35 27 38
leaf_count=148 41 25 133 69 66 35 27 38
internal_value=4.18679e-06 -6.1032e-05 5.09705e-06 0.000439112 -0.000418897 0.000309388 -0.00060874 0.000534587
internal_weight=582 468 416 217 199 114 52 73
internal_count=582 468 416 217 199 114 52 73
is_linear=0
shrinkage=0.0167612


Tree=250
num_leaves=10
num_cat=0
split_feature=13 161 11 131 32 7 46 149 151
split_gain=0.256497 0.236137 0.167708 0.0929029 0.0776576 0.0774311 0.0721104 0.0434576 0.0408727
threshold=656555.58531746047 705068.181818182 0.6830127018922193 1.0000000180025095e-35 1.0000000180025095e-35 1.0000000180025095e-35 593686.38566734956 1.0000000180025095e-35 3.5000000000000004
decision_type=2 10 2 10 10 2 8 8 10
left_child=3 2 5 6 -5 -2 7 -1 -3
right_child=1 8 -4 4 -6 -7 -8 -9 -10
leaf_value=-0.0005307566390460645 -0.00061085674469979847 8.3790733402883003e-05 -0.001476984346192899 0.0010047115098278955 0.00029127143745894787 -4.7671153281705882e-05 0.00030110199450853473 -5.5255293873183646e-05 0.00058968948062740345
leaf_weight=39 94 28 40 69 26 35 170 45 36
leaf_count=39 94 28 40 69 26 35 170 45 36
internal_value=4.10942e-06 -0.0003809 -0.000725932 0.000291475 0.000696452 -0.000411778 0.000110199 -0.00018829 0.000209316
internal_weight=582 233 169 349 95 129 254 84 64
internal_count=582 233 169 349 95 129 254 84 64
is_linear=0
shrinkage=0.0167612


Tree=251
num_leaves=9
num_cat=0
split_feature=13 55 200 67 114 182 167 207
split_gain=0.11999 0.175159 0.165016 0.0706244 0.101575 0.0354205 0.0469518 0.0231005
threshold=413546.47417105845 1.0000000180025095e-35 -8.3580425999999992 341038.01326530619 7.5000000000000009 1258541.5366008584 1.0000000180025095e-35 173755.51939265165
decision_type=2 8 10 10 10 8 10 10
left_child=2 -2 5 7 -5 -1 -7 -3
right_child=1 3 -4 4 -6 6 -8 -9
leaf_value=0.00039799144782985273 -0.0008988305146353558 -0.0003176869600687346 0.0011480108431808848 0.00046765730142414862 -0.00025470510691826036 0.00011027603369094852 -0.00041391126526310541 -8.9557481059481404e-05
leaf_weight=46 41 163 26 123 29 98 29 27
leaf_count=46 41 163 26 123 29 98 29 27
internal_value=3.81263e-06 -0.000147247 0.000322779 -7.63019e-06 0.000217297 0.000115751 1.48496e-05 -0.00021893
internal_weight=582 383 199 342 152 173 127 190
internal_count=582 383 199 342 152 173 127 190
is_linear=0
shrinkage=0.0167612


Tree=252
num_leaves=9
num_cat=0
split_feature=151 105 152 131 11 40 106 105
split_gain=0.0462108 0.0939712 0.0523213 0.122539 0.0581709 0.132894 0.0593564 0.0155071
threshold=2.5000000000000004 58.000000000000007 594368.44696969714 1.0000000180025095e-35 -1.0000000180025095e-35 1.0000000180025095e-35 -7017.9714606181651 101.50000000000001
decision_type=8 8 8 8 2 8 10 10
left_child=1 -1 3 -2 5 -4 -6 -3
right_child=2 7 4 -5 6 -7 -8 -9
leaf_value=0.00016147620210729772 -0.00087485653081889603 -0.00071844892132910123 0.00073367580711650626 2.1843590391080968e-05 -0.00015654516183800631 4.6833924953152702e-05 0.00035606885875331441 -0.00023708442819710148
leaf_weight=30 25 65 107 38 159 77 57 24
leaf_count=30 25 65 107 38 159 77 57 24
internal_value=3.63863e-06 -0.000237775 9.08301e-05 -0.000222848 0.000176844 0.000380084 1.40837e-05 -0.000541518
internal_weight=582 119 463 63 400 184 216 89
internal_count=582 119 463 63 400 184 216 89
is_linear=0
shrinkage=0.0167612


Tree=253
num_leaves=10
num_cat=0
split_feature=122 205 103 85 161 212 101 13 105
split_gain=0.0334281 0.157229 0.0766916 0.0826789 0.128411 0.021554 0.053602 0.00853563 0.00374109
threshold=1.0000000180025095e-35 109.50000000000001 210074.75487621289 12.500000000000002 1202413.8903748735 0.99999999998361 1.1576544617519204 447468.64252232149 166.00000000000003
decision_type=10 8 8 10 8 8 8 2 8
left_child=2 -2 5 7 -5 8 -7 -4 -1
right_child=1 -3 3 4 -6 6 -8 -9 -10
leaf_value=0.00011461260488343804 -0.00097423822201592734 9.9790282843943205e-05 0.00012174036985010427 -0.00022834553996808944 -0.0010990929463788549 0.00065163743822161627 0.00011181217032628231 -3.0998477955278955e-05 -6.7284859623957699e-06
leaf_weight=58 27 25 117 25 34 88 52 131 25
leaf_count=58 27 25 117 25 34 88 52 131 25
internal_value=3.38149e-06 -0.000289963 5.71395e-05 -8.3389e-05 -0.000533775 0.000286897 0.000422891 5.14056e-06 5.27313e-05
internal_weight=582 52 530 307 59 223 140 248 83
internal_count=582 52 530 307 59 223 140 248 83
is_linear=0
shrinkage=0.0167612


Tree=254
num_leaves=8
num_cat=0
split_feature=160 14 111 115 86 12 101
split_gain=0.0609264 0.0766417 0.0572008 0.0440005 0.0393461 0.0281612 0.0212909
threshold=54.534722222222229 7.5000000000000009 42.919607843137264 200709.74074074076 408454.1338932807 1.0000000180025095e-35 0.80684275300733643
decision_type=10 2 8 8 10 2 10
left_child=1 3 4 -1 -3 -4 -5
right_child=-2 2 5 6 -6 -7 -8
leaf_value=-0.00071376407400938009 0.00049205305035972973 0.00056256071814793558 -0.0001505272538329363 -2.276736044108585e-05 0.00010260717283586719 0.00015431614252220236 -0.00034674275063658765
leaf_weight=42 32 80 200 75 44 79 30
leaf_count=42 32 80 200 75 44 79 30
internal_value=3.00903e-06 -2.51906e-05 7.18909e-05 -0.000328295 0.000344158 -2.31051e-05 -0.000114126
internal_weight=582 550 403 147 124 279 105
internal_count=582 550 403 147 124 279 105
is_linear=0
shrinkage=0.0167612


Tree=255
num_leaves=7
num_cat=0
split_feature=149 186 92 4 119 19
split_gain=0.0263296 0.125699 0.0592666 0.0664512 0.114347 0.00627757
threshold=1.0000000180025095e-35 589079.17735042749 -0.71244818170645807 30.500000000000004 56752368.897689268 25.500000000000004
decision_type=8 8 8 2 10 10
left_child=1 -1 -2 -4 -5 -3
right_child=2 5 3 4 -6 -7
leaf_value=-0.00075803632230660926 0.0004944126364688485 1.3489777195469562e-05 0.00045097300840043228 -0.00028320342861526263 0.00026618164698991883 0.00020467365125818036
leaf_weight=40 47 49 46 244 123 33
leaf_count=40 47 49 46 244 123 33
internal_value=2.85747e-06 -0.00017276 7.27696e-05 3.15065e-06 -6.58571e-05 4.88552e-05
internal_weight=582 122 460 413 367 82
internal_count=582 122 460 413 367 82
is_linear=0
shrinkage=0.0167612


Tree=256
num_leaves=9
num_cat=0
split_feature=10 212 91 103 209 146 25 15
split_gain=0.0840851 0.131746 0.115774 0.0889001 0.0551538 0.0491892 0.0420863 0.0144261
threshold=-1.0000000180025095e-35 0.99999999998342315 1.0000000180025095e-35 177730.68273371039 24.000000000000004 1.0000000180025095e-35 7.9655172413793114 1.0000000180025095e-35
decision_type=2 8 10 8 10 10 8 2
left_child=3 -2 5 6 7 -3 -1 -5
right_child=1 2 -4 4 -6 -7 -8 -9
leaf_value=0.00022335301176321771 -0.00078926697800205819 -2.5065764609357838e-05 0.00053454836756618661 2.7255544153379385e-05 -0.00042963867149360918 -0.00058651859056612233 0.00079234912372689779 0.00025304230723892504
leaf_weight=28 47 150 46 65 30 40 72 88
leaf_count=28 47 150 46 65 30 40 72 88
internal_value=0 -0.000178528 -1.31014e-05 0.000204595 1.89597e-05 -0.000193673 0.000557954 0.000122042
internal_weight=566 283 236 283 183 190 100 153
internal_count=566 283 236 283 183 190 100 153
is_linear=0
shrinkage=0.0167612


Tree=257
num_leaves=9
num_cat=0
split_feature=13 151 6 24 186 109 7 143
split_gain=0.172983 0.0834422 0.115871 0.0779664 0.067288 0.066384 0.0524097 0.0353647
threshold=208863.50000000003 13.500000000000002 1.5000000000000002 1.0000000180025095e-35 582633.19444444461 1.0000000180025095e-35 1.0000000180025095e-35 1.0000000180025095e-35
decision_type=2 10 2 8 10 8 2 8
left_child=3 5 4 -1 -3 6 -2 -7
right_child=1 2 -4 -5 -6 7 -8 -9
leaf_value=0.00029492414406664231 -0.00068227852169588758 -0.00049628396925551323 0.00071993347955889029 0.0012829910595491148 0.00013405783280410143 0.00027771863288783967 -0.00018647485307779168 -0.00013818748356630975
leaf_weight=26 108 31 48 27 79 36 31 180
leaf_count=26 108 31 48 27 79 36 31 180
internal_value=0 -8.1398e-05 0.000178167 0.000705186 3.12859e-06 -0.000231635 -0.00049576 -2.88077e-05
internal_weight=566 513 158 53 110 355 139 216
internal_count=566 513 158 53 110 355 139 216
is_linear=0
shrinkage=0.0167612


Tree=258
num_leaves=8
num_cat=1
split_feature=25 0 46 197 3 54 208
split_gain=0.0993579 0.161705 0.205297 0.0775613 0.0670168 0.0633545 0.0503585
threshold=1.6916666666666669 0 1.0000000180025095e-35 0.11269841269841267 6.5000000000000009 1.0000000180025095e-35 15.500000000000002
decision_type=8 9 10 8 2 10 10
left_child=-1 2 -2 6 -4 -5 -3
right_child=1 3 4 5 -6 -7 -8
leaf_value=-0.00058787619298211356 -0.00078556083015107238 0.00013841265339030109 -0.0001092481273233832 0.00066889926401230804 0.0004375100220414642 9.2114840481150788e-05 -0.0004577064382653138
leaf_weight=35 86 27 87 162 63 79 27
leaf_count=35 86 27 87 162 63 79 27
internal_value=0 7.13563e-05 -0.000206768 0.000325735 5.61629e-05 0.00048146 2.31203e-06
internal_weight=566 531 236 295 150 241 54
internal_count=566 531 236 295 150 241 54
cat_boundaries=0 1
cat_threshold=5375795
is_linear=0
shrinkage=0.0167612


Tree=259
num_leaves=9
num_cat=0
split_feature=151 31 6 210 143 129 182 14
split_gain=0.159333 0.0742826 0.059096 0.27031 0.130948 0.120523 0.0970786 0.0855712
threshold=3.5000000000000004 3.5000000000000004 1.5000000000000002 5.8688172043010765 1.0000000180025095e-35 -0.082824018185471901 608187.50000000012 18.000000000000004
decision_type=8 10 2 8 10 10 10 2
left_child=1 -1 4 6 7 -6 -4 -2
right_child=2 -3 3 -5 5 -7 -8 -9
leaf_value=-0.00065987591092812696 3.3643774797818063e-05 -0.00013940069483019753 0.0017787947891926158 -9.6559810818429984e-06 -0.001186170412405726 -0.00022185267487083627 0.00058112047884327511 0.00073462495230162299
leaf_weight=110 198 32 29 76 25 27 33 36
leaf_count=110 198 32 29 76 25 27 33 36
internal_value=0 -0.000420199 0.000168425 0.000430081 1.54477e-05 -0.000542337 0.0011152 0.000194845
internal_weight=566 142 424 138 286 52 62 234
internal_count=566 142 424 138 286 52 62 234
is_linear=0
shrinkage=0.0167612


Tree=260
num_leaves=7
num_cat=0
split_feature=205 212 13 149 158 7
split_gain=0.0645293 0.11314 0.177347 0.134143 0.116248 0.00444984
threshold=107.50000000000001 0.99999999997973588 208863.50000000003 1.0000000180025095e-35 1.0000000180025095e-35 1.0000000180025095e-35
decision_type=10 8 2 8 8 2
left_child=1 3 -3 -1 -4 -5
right_child=-2 2 4 5 -6 -7
leaf_value=-0.0011084965473630419 0.0004907940446662038 0.00086763341582293135 0.00039944946329536438 -0.00015173558100997262 -0.00018849206956529516 -1.5125115613407216e-05
leaf_weight=35 35 34 92 42 301 27
leaf_count=35 35 34 92 42 301 27
internal_value=0 -3.48544e-05 6.36065e-05 -0.000469195 -1.35734e-05 -0.000100005
internal_weight=566 531 427 104 393 69
internal_count=566 531 427 104 393 69
is_linear=0
shrinkage=0.0167612


Tree=261
num_leaves=9
num_cat=0
split_feature=10 156 120 115 115 225 182 226
split_gain=0.0683636 0.0827593 0.0712226 0.085339 0.0490723 0.108506 0.0616896 0.000733721
threshold=-0.24999999999999994 2.9045454545454548 49.500000000000007 264990.00000000006 35076.76666666667 15.500000000000002 816284.22619047633 1.0000000180025095e-35
decision_type=2 10 8 10 10 10 8 8
left_child=4 2 3 -2 7 -6 -7 -1
right_child=1 -3 -4 -5 5 6 -8 -9
leaf_value=-4.1083229979563509e-05 -0.00075937804231976337 0.00027001031849299603 -3.5799838520600489e-05 -0.00011658676906850369 0.0010520438993672143 0.00046343909550085837 -0.00017753553554358551 2.4100881755804246e-05
leaf_weight=29 102 56 121 59 31 37 43 88
leaf_count=29 102 56 121 59 31 37 43 88
internal_value=0 -0.000130755 -0.000267563 -0.000484613 0.000219512 0.000453166 0.000107084 3.02365e-05
internal_weight=566 338 282 161 228 111 80 117
internal_count=566 338 282 161 228 111 80 117
is_linear=0
shrinkage=0.0167612


Tree=262
num_leaves=11
num_cat=0
split_feature=212 226 3 146 143 73 47 65 29 74
split_gain=0.082055 0.100193 0.117473 0.0767547 0.0548736 0.0414665 0.0283759 0.0168205 0.0131274 0.00544074
threshold=0.99999999998342315 1.0000000180025095e-35 7.5000000000000009 1.0000000180025095e-35 1.0000000180025095e-35 178180.32608695654 54.500000000000007 1.0000000180025095e-35 1.0000000180025095e-35 1.0000000180025095e-35
decision_type=10 8 2 10 8 10 10 10 8 10
left_child=1 5 3 -3 6 7 -2 -1 -4 -7
right_child=4 2 8 -5 -6 9 -8 -9 -10 -11
leaf_value=-0.00082404134531687695 0.0007081298664281837 -2.6479723939106922e-05 0.00079928638121254489 -0.00073174126288822969 8.2825519121335891e-05 -0.00018777860905765377 0.00023556043603802847 -0.00026948419392716497 0.00027102423940921416 -2.7197282256887877e-05
leaf_weight=67 78 113 25 25 51 24 24 26 90 43
leaf_count=67 78 113 25 25 51 24 24 26 90 43
internal_value=0 -0.000104242 5.84812e-05 -0.000186572 0.000308827 -0.00041156 0.000538037 -0.000644357 0.00043394 -8.97681e-05
internal_weight=566 413 253 138 153 160 102 93 115 67
internal_count=566 413 253 138 153 160 102 93 115 67
is_linear=0
shrinkage=0.0167612


Tree=263
num_leaves=6
num_cat=0
split_feature=25 105 10 103 182
split_gain=0.0786681 0.107909 0.0673457 0.140993 0.0272108
threshold=2.0071428571428576 20.000000000000004 -0.24999999999999994 242368.51839895875 758428.57142857148
decision_type=8 8 2 8 10
left_child=-1 -2 3 -3 -4
right_child=1 2 4 -5 -6
leaf_value=-0.00049424519261657485 0.00075490396723746072 0.00068536832847884233 -0.00022987276668660179 -3.1394787697213708e-05 3.3301949975827506e-05
leaf_weight=42 24 86 242 111 61
leaf_count=42 24 86 242 111 61
internal_value=0 6.94385e-05 2.50215e-06 0.000233024 -0.00013498
internal_weight=566 524 500 197 303
internal_count=566 524 500 197 303
is_linear=0
shrinkage=0.0167612


Tree=264
num_leaves=9
num_cat=0
split_feature=13 117 131 6 25 72 23 226
split_gain=0.21495 0.252133 0.0861851 0.0585158 0.0425657 0.0131251 0.0129472 0.00117235
threshold=491171.8725490197 46.000000000000007 1.0000000180025095e-35 1.0000000180025095e-35 95.808510638297903 1.0000000180025095e-35 1.0000000180025095e-35 1.0000000180025095e-35
decision_type=2 8 10 2 8 10 8 10
left_child=2 -2 5 4 -3 -1 -5 -7
right_child=1 3 -4 6 -6 7 -8 -9
leaf_value=0.00021065090025660938 -0.00134411924889098 -0.00018687148503351248 0.00081391074114729202 -0.00010876594290981436 -0.00087171974754596553 -5.6408844843867539e-05 0.00010609555229921872 1.0362662257416722e-05
leaf_weight=123 27 32 47 148 33 50 91 26
leaf_count=123 27 32 47 148 33 50 91 26
internal_value=-3.89196e-05 -0.000316009 0.000294064 -0.00015931 -0.000506813 0.000125531 -1.15549e-05 2.47779e-05
internal_weight=577 331 246 304 65 199 239 76
internal_count=577 331 246 304 65 199 239 76
is_linear=0
shrinkage=0.0167612


Tree=265
num_leaves=10
num_cat=0
split_feature=3 226 6 20 129 151 207 7 158
split_gain=0.0855516 0.104636 0.144367 0.0776372 0.0763892 0.0574367 0.0545794 0.0315445 0.0128828
threshold=3.5000000000000004 1.0000000180025095e-35 1.5000000000000002 1.0255433862303283 -0.1826852662705237 1.5000000000000002 33069.321791757277 1.0000000180025095e-35 1.0000000180025095e-35
decision_type=2 8 2 10 10 10 10 2 10
left_child=6 2 3 -2 -4 7 -1 -3 -8
right_child=1 5 4 -5 -6 -7 8 -9 -10
leaf_value=-0.00061989644165804899 -0.00077426026751561202 0.00033178832873173158 0.00065797944555965725 -0.00014085142905959671 4.3161421366454135e-05 0.0008242394641004595 0.00014267146283357128 1.2012576069297883e-05 -0.0001955563252424085
leaf_weight=87 89 97 41 46 69 35 27 59 27
leaf_count=87 89 97 41 46 69 35 27 59 27
internal_value=-3.84586e-05 5.70364e-05 -0.000129677 -0.000487506 0.000202501 0.000342105 -0.000365194 0.000174259 -9.39004e-05
internal_weight=577 436 245 135 110 191 141 156 54
internal_count=577 436 245 135 110 191 141 156 54
is_linear=0
shrinkage=0.0167612


Tree=266
num_leaves=10
num_cat=0
split_feature=7 143 13 179 92 114 115 202 169
split_gain=0.0553656 0.104873 0.126888 0.0934041 0.0761711 0.0324043 0.0305714 0.0150418 0.00249279
threshold=1.0000000180025095e-35 1.0000000180025095e-35 377957.68181818194 1.5000000000000002 -0.58198803467806037 9.5000000000000018 200709.74074074076 1.0000000180025095e-35 86.000000000000014
decision_type=2 10 2 10 8 10 8 10 8
left_child=1 2 6 -3 -2 -4 -1 8 -6
right_child=4 3 5 -5 7 -7 -8 -9 -10
leaf_value=0.00012237357640777191 0.00067446282504103952 -0.0010932473899066006 -0.00011744548674479537 -0.00020824388306724153 -0.00019017782231305443 -0.00060590938601819133 0.00058037372709544605 0.0002229004916438973 -2.5249091270886453e-05
leaf_weight=38 36 40 199 36 36 35 78 28 51
leaf_count=38 36 40 199 36 36 35 78 28 51
internal_value=-3.73242e-05 -0.000143502 -7.27477e-06 -0.000609344 0.000189312 -0.000230964 0.000371173 2.64667e-05 -9.4145e-05
internal_weight=577 426 350 76 151 234 116 115 87
internal_count=577 426 350 76 151 234 116 115 87
is_linear=0
shrinkage=0.0167612


Tree=267
num_leaves=9
num_cat=0
split_feature=3 182 13 192 168 143 114 158
split_gain=0.0594167 0.05765 0.157353 0.0660696 0.032889 0.0379955 0.024163 0.0198407
threshold=5.5000000000000009 406781.25637254911 1001400.8989583334 5.5000000000000009 1.0000000180025095e-35 1.0000000180025095e-35 11.500000000000002 1.0000000180025095e-35
decision_type=2 8 2 10 8 10 8 8
left_child=4 -2 3 -3 -1 7 -4 -6
right_child=1 2 6 -5 5 -7 -8 -9
leaf_value=-5.0088807427407336e-05 0.00054735520297195762 0.0003417956363653403 -0.00028768859973897476 -0.00015789986672373738 -4.3607184845500944e-05 -0.00071543843942326588 -0.0010090454615241582 -0.00028489502741402121
leaf_weight=33 30 209 43 42 55 43 24 98
leaf_count=33 30 209 43 42 55 43 24 98
internal_value=-3.66417e-05 7.71273e-05 4.28154e-06 0.000193967 -0.000240424 -0.000344782 -0.000564769 -0.000171928
internal_weight=577 348 318 251 229 196 67 153
internal_count=577 348 318 251 229 196 67 153
is_linear=0
shrinkage=0.0167612


Tree=268
num_leaves=10
num_cat=0
split_feature=13 11 158 146 102 56 7 65 176
split_gain=0.197172 0.0951331 0.158946 0.0481899 0.0269552 0.0268739 0.0252811 0.0175697 0.00590461
threshold=349525.02092191047 1.0000000180025095e-35 1.0000000180025095e-35 1.0000000180025095e-35 1.0000000180025095e-35 295346.34457331046 1.0000000180025095e-35 1.0000000180025095e-35 1.0000000180025095e-35
decision_type=2 2 10 8 10 10 2 10 10
left_child=4 3 5 7 6 -3 -1 -2 -4
right_child=1 2 8 -5 -6 -7 -8 -9 -10
leaf_value=0.00040621210117930087 -0.00025914712284737121 -0.0002823843948654724 -0.001412065753097466 0.00032169907748496218 0.0008939209960963691 3.3172770206649022e-05 0.00011740531167586421 -2.9035446974472506e-05 -0.00065388120963654709
leaf_weight=84 99 86 34 63 24 62 28 61 36
leaf_count=84 99 86 34 63 24 62 28 61 36
internal_value=-3.61159e-05 -0.000215511 -0.000452924 -1.6666e-05 0.000440361 -0.000130321 0.000293288 -0.000123798 -0.00101048
internal_weight=577 441 218 223 136 148 112 160 70
internal_count=577 441 218 223 136 148 112 160 70
is_linear=0
shrinkage=0.0167612


Tree=269
num_leaves=11
num_cat=0
split_feature=5 153 7 6 91 117 144 131 13 141
split_gain=0.080051 0.0952701 0.0963567 0.0730898 0.0271678 0.0264048 0.0135102 0.0118825 0.0045865 0.00285836
threshold=1.5000000000000002 1.0000000180025095e-35 1.0000000180025095e-35 1.5000000000000002 1.0000000180025095e-35 26.000000000000004 0.78709677419354851 1.0000000180025095e-35 620458.50000000012 1.0000000180025095e-35
decision_type=2 8 2 2 10 10 10 10 2 8
left_child=4 2 5 -3 7 -2 -4 9 -5 -1
right_child=1 3 6 8 -6 -7 -8 -9 -10 -11
leaf_value=-0.00012101508376934718 -0.00070184786037318179 0.00065109488228561692 5.535392184358291e-05 0.00010757399370525625 -0.00014377372710796542 -0.00019054142376573446 0.00042765760844730726 -0.00083024992558748819 -7.2356056172404208e-05 -0.00032636119294079453
leaf_weight=27 38 91 52 48 27 133 40 25 34 62
leaf_count=27 38 91 52 48 27 133 40 25 34 62
internal_value=-3.48937e-05 5.70321e-05 -0.00010448 0.000349018 -0.000351466 -0.000349696 0.000209357 -0.000490759 6.4786e-05 -0.000295831
internal_weight=577 436 263 173 141 171 92 114 82 89
internal_count=577 436 263 173 141 171 92 114 82 89
is_linear=0
shrinkage=0.0167612


Tree=270
num_leaves=8
num_cat=0
split_feature=13 117 103 174 7 7 127
split_gain=0.354088 0.171694 0.0463632 0.0352527 0.0284392 0.0196784 0.0013558
threshold=425395.61742993857 26.000000000000004 201201.36946138702 1.0000000180025095e-35 1.0000000180025095e-35 1.0000000180025095e-35 1.0000000180025095e-35
decision_type=2 8 8 10 2 2 10
left_child=3 -2 4 6 -3 -4 -1
right_child=1 2 5 -5 -6 -7 -8
leaf_value=0.00039683246072984963 -0.0010335664668560073 -4.4563004032802968e-05 -0.000424156887987966 0.0009869875850002114 0.00033050982870718506 -7.4735292268642741e-05 0.00013205407471763946
leaf_weight=142 55 82 145 24 36 60 33
leaf_count=142 55 82 145 24 36 60 33
internal_value=-3.43646e-05 -0.000335615 -0.00017592 0.000474359 8.87809e-06 -0.000314649 0.000365208
internal_weight=577 378 323 199 118 205 175
internal_count=577 378 323 199 118 205 175
is_linear=0
shrinkage=0.0167612


Tree=271
num_leaves=8
num_cat=1
split_feature=13 0 182 3 71 36 92
split_gain=0.653243 0.200789 0.152799 0.0621647 0.0532796 0.0315499 0.0101869
threshold=201168.12380952385 0 941923.35459183692 4.5000000000000009 106.50000000000001 119.50000000000001 -1.1089450177163569
decision_type=2 9 8 2 10 10 10
left_child=-1 3 5 6 -4 -3 -2
right_child=1 2 4 -5 -6 -7 -8
leaf_value=0.0013414275628565798 -5.4043793141842667e-05 -0.00020870187782126708 -0.00085143051400748699 0.00032846030801792029 -0.00027466004151063475 0.00025193247439744679 -0.0003247845469719926
leaf_weight=49 31 38 192 152 31 48 36
leaf_count=49 31 38 192 152 31 48 36
internal_value=-3.34876e-05 -0.000219766 -0.000483298 0.000107372 -0.000730209 -8.62838e-05 -0.00014368
internal_weight=577 528 309 219 223 86 67
internal_count=577 528 309 219 223 86 67
cat_boundaries=0 1
cat_threshold=25720
is_linear=0
shrinkage=0.0167612


Tree=272
num_leaves=8
num_cat=0
split_feature=14 114 151 159 171 205 9
split_gain=0.115912 0.169175 0.0856165 0.107606 0.0439213 0.0387519 0.0331507
threshold=18.000000000000004 5.5000000000000009 4.5000000000000009 1.0000000180025095e-35 1.0000000180025095e-35 50.500000000000007 1.0000000180025095e-35
decision_type=2 8 10 10 10 8 2
left_child=1 2 3 -1 5 -3 -4
right_child=-2 4 6 -5 -6 -7 -8
leaf_value=-2.8223720728730853e-06 0.0003729510069448336 -0.0010886645739943486 0.00045236965953506972 -0.00080830055108121524 -0.00014024733890876452 -0.00044226842370981111 0.00012843279462932625
leaf_weight=38 86 32 132 32 46 165 28
leaf_count=38 86 32 132 32 46 165 28
internal_value=-7.46817e-05 -0.000187807 8.16453e-05 -0.000244732 -0.000485415 -0.000609563 0.000320836
internal_weight=559 473 230 70 243 197 160
internal_count=559 473 230 70 243 197 160
is_linear=0
shrinkage=0.0167612


Tree=273
num_leaves=10
num_cat=2
split_feature=1 0 13 142 173 20 121 115 207
split_gain=0.0964919 0.255264 0.217854 0.0689036 0.0674979 0.0278363 0.0357095 0.00111239 0.000185594
threshold=0 1 434550.26875000005 3.3203012912482071 1.0000000180025095e-35 1.2901811526471278 2.6159754224270357 511977.15695488726 13790.10882217425
decision_type=1 9 2 8 10 8 10 10 10
left_child=5 -2 3 -3 -4 7 8 -1 -7
right_child=1 2 4 -5 -6 6 -8 -9 -10
leaf_value=9.3513601367170881e-06 -0.00082845204189425546 0.00012160535757250745 -0.00084115702340687825 0.00071898239540322151 -0.00014334214926934168 3.4669075124113408e-05 0.00055668884286350626 -6.1192211481540348e-05 1.9041214809684627e-05
leaf_weight=26 101 48 53 88 42 71 63 36 31
leaf_count=26 101 48 53 88 42 71 63 36 31
internal_value=-7.33368e-05 -0.000252111 1.77735e-06 0.000433905 -0.00046545 0.000150012 0.000285652 2.23598e-05 5.06228e-05
internal_weight=559 332 231 136 95 227 165 62 102
internal_count=559 332 231 136 95 227 165 62 102
cat_boundaries=0 1 2
cat_threshold=12 34636801
is_linear=0
shrinkage=0.0167612


Tree=274
num_leaves=10
num_cat=1
split_feature=0 151 12 70 114 20 115 115 121
split_gain=0.358471 0.127907 0.106343 0.108763 0.0625308 0.0686881 0.0324057 0.0247493 0.00797996
threshold=0 9.5000000000000018 1.0000000180025095e-35 1193166.1700000002 18.500000000000004 1.0701731396475949 523663.4910714287 171407.66577380957 2.609035326086957
decision_type=9 10 2 8 8 10 8 10 10
left_child=2 6 4 -4 5 -1 -2 -3 -9
right_child=1 7 3 -5 -6 -7 -8 8 -10
leaf_value=0.00079637144420384106 -0.0010842393518621638 -0.00025543742302754893 0.00035202301155533159 0.0012678643310006842 -0.0001508828140618585 0.00010250417503867237 -0.00049552019672248417 6.3905191169771981e-05 0.00030193086600278202
leaf_weight=37 44 29 26 53 63 50 183 28 46
leaf_count=37 44 29 26 53 63 50 183 28 46
internal_value=-7.24671e-05 -0.000413995 0.000373895 0.000841714 0.000124816 0.000376718 -0.00065148 -6.35858e-05 0.00015964
internal_weight=559 330 229 79 150 87 227 103 74
internal_count=559 330 229 79 150 87 227 103 74
cat_boundaries=0 1
cat_threshold=411980
is_linear=0
shrinkage=0.0167612


Tree=275
num_leaves=10
num_cat=1
split_feature=1 182 13 114 13 88 119 215 95
split_gain=0.143714 0.14371 0.0820492 0.134681 0.110464 0.088737 0.038092 0.0143275 0.00376226
threshold=0 674353.63636363647 866290.27908113401 13.500000000000002 656555.58531746047 1380.0000000000002 58500594.322000436 0.081720430107526859 19.500000000000004
decision_type=1 8 2 8 2 8 8 8 10
left_child=1 -1 4 8 5 -2 -6 -3 -4
right_child=2 7 3 -5 6 -7 -8 -9 -10
leaf_value=3.8674722400443036e-05 0.00015228499808859187 -0.0011722010731694352 0.00014449040004684303 -0.00082100195010346045 -0.00032695848685079278 0.00076818806928202147 0.0001222342185773005 -0.00055369840448769945 8.2010775894948977e-06
leaf_weight=42 46 27 41 37 62 119 40 109 36
leaf_count=42 46 27 41 37 62 119 40 109 36
internal_value=-7.16072e-05 -0.000423549 8.87826e-05 -0.000194117 0.000264709 0.000527079 -3.48196e-05 -0.0007338 2.39972e-05
internal_weight=559 178 381 114 267 165 102 136 77
internal_count=559 178 381 114 267 165 102 136 77
cat_boundaries=0 1
cat_threshold=19
is_linear=0
shrinkage=0.0167612


Tree=276
num_leaves=10
num_cat=1
split_feature=0 74 53 83 115 15 99 111 20
split_gain=0.344963 0.0632941 0.0603345 0.0483732 0.0456004 0.0053737 0.00714475 0.0027424 0.00711831
threshold=0 1.0000000180025095e-35 1.0000000180025095e-35 0.23182297154899892 379211.62931034487 1.0000000180025095e-35 91.000000000000014 40.669318181818191 1.0470351881817062
decision_type=9 10 10 10 8 2 8 8 10
left_child=3 2 4 5 -2 -1 -7 -3 -9
right_child=1 7 -4 -5 -6 6 -8 8 -10
leaf_value=0.00032385828827278531 -0.0011500662996090764 -1.8090423098815509e-05 -0.00022161865298567311 0.00014653182227658261 -0.00049127998863949445 0.00031327167902763252 0.00089818430218754962 -0.00024539675661629278 -4.3655554545722115e-05
leaf_weight=123 44 47 30 25 158 24 55 26 27
leaf_count=123 44 47 30 25 158 24 55 26 27
internal_value=-7.06627e-05 -0.00040376 -0.000577336 0.000369812 -0.000691506 0.0005094 0.000715535 -6.35813e-05 -0.000106719
internal_weight=559 332 232 227 202 202 79 100 53
internal_count=559 332 232 227 202 202 79 100 53
cat_boundaries=0 1
cat_threshold=149838
is_linear=0
shrinkage=0.0167612


Tree=277
num_leaves=7
num_cat=1
split_feature=1 13 152 83 13 161
split_gain=0.136114 0.316907 0.113049 0.0903554 0.0591651 0.0308765
threshold=0 1029411.6643269431 583039.28750000009 0.032795698924731158 698348.21428571444 643526.47712418309
decision_type=1 2 8 8 2 10
left_child=3 2 -2 -1 -4 -3
right_child=1 5 4 -5 -6 -7
leaf_value=-0.00011666586625919873 -0.00013235558973218864 -0.0012046262606698985 0.0007123830840288218 -0.00067299243829515079 0.00016517891463352352 -0.00039642970127144397
leaf_weight=47 48 29 150 131 114 40
leaf_count=47 48 29 150 131 114 40
internal_value=-6.93774e-05 8.6241e-05 0.000333534 -0.000412113 0.000490777 -0.000702535
internal_weight=559 381 312 178 264 69
internal_count=559 381 312 178 264 69
cat_boundaries=0 1
cat_threshold=19
is_linear=0
shrinkage=0.0167612


Tree=278
num_leaves=10
num_cat=1
split_feature=0 161 123 105 15 47 88 146 119
split_gain=0.330718 0.120337 0.08375 0.0805665 0.036507 0.0440637 0.102528 0.0162999 0.00249524
threshold=0 420993.42688363232 1.0000000180025095e-35 240.50000000000003 1.0000000180025095e-35 25.500000000000004 1.0000000180025095e-35 1.0000000180025095e-35 58165815.111753315
decision_type=9 10 10 8 2 8 10 8 10
left_child=4 2 3 -2 5 -1 -7 -6 -3
right_child=1 8 -4 -5 7 6 -8 -9 -10
leaf_value=-6.9044494826180463e-05 -0.001142137145224945 2.6434375703956879e-05 -0.00018905147917343043 -0.00044513196512581014 0.00028282765106002553 3.255335540466937e-05 0.00073366291018690907 0.00089728869542215844 0.00024975758415525778
leaf_weight=40 68 25 33 181 26 41 64 56 25
leaf_count=40 68 25 33 181 26 41 64 56 25
internal_value=-6.86248e-05 -0.000395052 -0.000562581 -0.000679119 0.000362296 0.00018915 0.0003563 0.000676263 6.17923e-05
internal_weight=559 332 282 249 227 145 105 82 50
internal_count=559 332 282 249 227 145 105 82 50
cat_boundaries=0 1
cat_threshold=149838
is_linear=0
shrinkage=0.0167612


Tree=279
num_leaves=11
num_cat=1
split_feature=1 182 13 53 125 13 67 28 15 86
split_gain=0.0816123 0.116215 0.243581 0.163687 0.0712886 0.0588233 0.0954009 0.0512581 0.00721027 0.0017365
threshold=0 388714.91207142855 480000.38461538468 1.0000000180025095e-35 1.0000000180025095e-35 778036.60881734022 494822.62121212127 16.000000000000004 1.0000000180025095e-35 437254.78665816336
decision_type=1 8 2 10 10 2 10 10 2 10
left_child=5 -2 4 -4 -3 6 8 9 -1 -7
right_child=1 2 3 -5 -6 7 -8 -9 -10 -11
leaf_value=-9.463928749945244e-05 0.00025790804108543572 7.202067211573971e-05 -0.001475072845323608 -0.00039874995934561293 -0.00055799693859422312 1.9681330424457459e-05 0.00082484817480620758 -0.00049192210164712268 0.00014482262703343938 0.00010732602453570658
leaf_weight=32 49 165 64 28 26 27 53 25 36 54
leaf_count=32 49 165 64 28 26 27 53 25 36 54
internal_value=-6.69925e-05 -0.000232199 -0.000389439 -0.00099611 -4.14211e-05 0.000136753 0.000389426 -3.32361e-05 8.39605e-05 4.81126e-05
internal_weight=559 332 283 92 191 227 121 106 68 81
internal_count=559 332 283 92 191 227 121 106 68 81
cat_boundaries=0 1
cat_threshold=12
is_linear=0
shrinkage=0.0167612


Tree=280
num_leaves=11
num_cat=1
split_feature=52 1 84 174 5 143 41 50 105 19
split_gain=0.0896519 0.128632 0.0902107 0.097714 0.0693559 0.0583236 0.0377065 0.0199584 0.019952 0.019889
threshold=166955.71679890281 0 24.500000000000004 1.0000000180025095e-35 2.5000000000000004 1.0000000180025095e-35 1.0000000180025095e-35 1.0000000180025095e-35 27.500000000000004 26.500000000000004
decision_type=8 1 10 10 2 10 8 10 8 10
left_child=4 7 3 -3 8 6 -6 -2 -1 -10
right_child=1 2 -4 -5 5 -7 -8 -9 9 -11
leaf_value=0.00021997247819721837 0.00034915414509727291 -0.00040929721099064242 -0.00095637236494871321 0.00027797132196500968 0.00032635078543826211 0.00019991025059862771 0.0010939753099054369 6.6279047794325443e-05 -0.00035479661966309525 -5.7675630469835518e-05
leaf_weight=27 86 139 45 33 44 29 41 30 47 30
leaf_count=27 86 139 45 33 44 29 41 30 47 30
internal_value=0 -0.000165499 -0.000400803 -0.00021443 0.000242687 0.000510088 0.0007376 0.000172663 3.69707e-05 -0.00015025
internal_weight=551 333 217 172 218 114 85 116 104 77
internal_count=551 333 217 172 218 114 85 116 104 77
cat_boundaries=0 1
cat_threshold=68
is_linear=0
shrinkage=0.0167612


Tree=281
num_leaves=10
num_cat=1
split_feature=0 3 157 47 74 55 213 9 36
split_gain=0.128946 0.0956056 0.157838 0.094934 0.0811267 0.0706607 0.0648926 0.00225496 0.000501728
threshold=0 5.5000000000000009 1.0000000180025095e-35 48.500000000000007 1.0000000180025095e-35 1.0000000180025095e-35 2.9600000000000004 1.0000000180025095e-35 222.50000000000003
decision_type=9 2 8 10 8 8 10 2 8
left_child=3 2 8 4 -1 -3 -7 -6 -2
right_child=1 5 -4 -5 7 6 -8 -9 -10
leaf_value=0.0008939599539171182 -7.422430938114764e-05 -0.00047138065675510465 -0.0010363213361423592 -0.00019397438198217698 0.00019911937857092237 0.00042596535858048051 -8.3441901568200415e-05 7.8450125366942775e-05 9.3121006660473159e-06
leaf_weight=61 31 33 64 29 111 95 65 28 34
leaf_count=61 31 33 64 29 111 95 65 28 34
internal_value=0 -0.000203532 -0.00053053 0.00027402 0.000453105 -1.79702e-05 0.00014973 0.000195975 -0.000118483
internal_weight=551 322 129 229 200 193 160 139 65
internal_count=551 322 129 229 200 193 160 139 65
cat_boundaries=0 1
cat_threshold=4303442
is_linear=0
shrinkage=0.0167612


Tree=282
num_leaves=10
num_cat=0
split_feature=182 20 207 167 125 6 114 167 74
split_gain=0.0662235 0.0781772 0.108094 0.0789314 0.0629568 0.0996186 0.0508462 0.0406378 0.0149738
threshold=1311651.1400000004 1.1162949440394367 101315.36461080318 1.0000000180025095e-35 1.0000000180025095e-35 1.0000000180025095e-35 12.500000000000002 1.0000000180025095e-35 1.0000000180025095e-35
decision_type=8 10 8 8 10 2 8 10 8
left_child=1 2 3 -1 5 -2 -7 -6 -3
right_child=4 8 -4 -5 7 6 -8 -9 -10
leaf_value=0.00039336429472006551 -0.00045328896504695043 -1.4185171904299864e-05 0.00013809702326968918 0.0013662683040908631 -0.00016851941402316631 0.0005036263301782082 1.7614103802044106e-05 -0.00083466806759369236 -0.00026985115320824165
leaf_weight=54 71 37 45 30 36 54 147 39 38
leaf_count=54 71 37 45 30 36 54 147 39 38
internal_value=0 0.00021834 0.000470584 0.000804433 -0.000135879 -8.73665e-06 0.000156148 -0.000493106 -4.22663e-05
internal_weight=551 204 129 84 347 272 201 75 75
internal_count=551 204 129 84 347 272 201 75 75
is_linear=0
shrinkage=0.0167612


Tree=283
num_leaves=8
num_cat=0
split_feature=46 210 14 143 127 205 182
split_gain=0.044423 0.160119 0.0869289 0.0768507 0.0515761 0.0568104 0.0437224
threshold=1419672.1522913871 0.32258064516129031 18.000000000000004 1.0000000180025095e-35 1.0000000180025095e-35 48.500000000000007 551486.17212363228
decision_type=8 10 2 10 10 8 10
left_child=3 2 -2 4 5 -1 -5
right_child=1 -3 -4 6 -6 -7 -8
leaf_value=8.5251807238208353e-05 -0.00020017877908599268 -0.00087209712684975678 0.00042256134041576118 -0.00050070364347653174 -1.15423384339753e-05 0.00066046379617814481 -5.0422423502032772e-05
leaf_weight=97 126 39 62 46 28 106 47
leaf_count=97 126 39 62 46 28 106 47
internal_value=0 -0.000168745 -1.52592e-05 0.000117054 0.000292524 0.000410865 -0.000177217
internal_weight=551 227 188 324 231 203 93
internal_count=551 227 188 324 231 203 93
is_linear=0
shrinkage=0.0167612


Tree=284
num_leaves=10
num_cat=0
split_feature=13 13 116 119 218 83 182 70 42
split_gain=0.0986498 0.142515 0.256272 0.168884 0.152508 0.0993724 0.0894491 0.0738889 0.0237694
threshold=1143334.0602360605 471749.65287277714 900.00000000000011 56852288.558093131 1.0000000180025095e-35 0.087595907928388714 406781.25637254911 775596.27525252535 20.500000000000004
decision_type=2 2 8 8 10 10 8 10 8
left_child=1 2 4 5 -1 -3 -4 -5 -2
right_child=8 3 6 7 -6 -7 -8 -9 -10
leaf_value=0.0015618194582891916 -0.00020695108176135249 -0.0011570076106169247 0.00052684138370322111 -8.0348694425854585e-05 0.00033738951765100827 -0.00031850879797248665 -0.00020654869267235795 0.00049467146662157842 -0.00088798189164111341
leaf_weight=50 28 51 30 132 36 24 124 48 28
leaf_count=50 28 51 30 132 36 24 124 48 28
internal_value=0 7.19194e-05 0.000358482 -0.000162031 0.000987238 -0.000727497 3.87991e-05 3.8544e-05 -0.000516981
internal_weight=551 495 240 255 86 75 154 180 56
internal_count=551 495 240 255 86 75 154 180 56
is_linear=0
shrinkage=0.0167612


Tree=285
num_leaves=7
num_cat=0
split_feature=11 13 200 71 111 189
split_gain=0.0557397 0.185551 0.289736 0.0846928 0.0330524 0.00896958
threshold=-0.9330127018922193 496258.12121212127 -8.3580425999999992 73.000000000000014 64.850649350649363 176802.4034482759
decision_type=2 2 10 10 8 8
left_child=-1 2 4 -3 -2 -5
right_child=1 3 -4 5 -6 -7
leaf_value=0.00041099616470234481 0.0002136456724145152 -0.00054953239216864016 0.0011424556348769085 -4.2661829927509356e-05 -0.00016908167324229811 0.00017562226543274255
leaf_weight=46 67 189 46 53 122 28
leaf_count=46 67 189 46 53 122 28
internal_value=0 -5.38509e-05 0.000244526 -0.000349875 2.20055e-05 -6.55966e-05
internal_weight=551 505 235 270 189 81
internal_count=551 505 235 270 189 81
is_linear=0
shrinkage=0.0167612


Tree=286
num_leaves=10
num_cat=0
split_feature=13 161 198 53 67 6 141 207 83
split_gain=0.180097 0.155247 0.146487 0.0599326 0.0523932 0.0466596 0.0697957 0.0281452 0.0173839
threshold=629773.1481481482 297142.12113899615 1.0000000180025095e-35 1.0000000180025095e-35 697094.13043478271 1.5000000000000002 1.0000000180025095e-35 101315.36461080318 0.064866760168302909
decision_type=2 10 8 8 8 2 10 10 8
left_child=2 3 5 4 -2 6 -1 -3 -4
right_child=1 7 8 -5 -6 -7 -8 -9 -10
leaf_value=3.4196114958516443e-05 -0.00043492107747823613 1.2422896574112579e-05 0.00016552455825366851 -0.00023662543341181164 -0.0013249212850636736 0.0010633485872994816 0.00060955326759133894 0.00035961194763378006 -0.00012779641758530862
leaf_weight=30 36 49 38 62 50 44 64 40 138
leaf_count=30 36 49 38 62 50 44 64 40 138
internal_value=0 -0.000325699 0.000247295 -0.000656803 -0.000956089 0.000625269 0.000366488 4.89679e-05 1.18053e-05
internal_weight=551 237 314 148 86 138 94 89 176
internal_count=551 237 314 148 86 138 94 89 176
is_linear=0
shrinkage=0.0167612


Tree=287
num_leaves=11
num_cat=0
split_feature=182 13 159 11 173 184 168 10 41 137
split_gain=0.0832013 0.139608 0.0828774 0.0768572 0.0875472 0.046432 0.0448121 0.0250323 0.035951 0.00595851
threshold=1087864.4206349209 577665.66250000009 1.0000000180025095e-35 -0.68301270189221952 1.0000000180025095e-35 1.0000000180025095e-35 1.0000000180025095e-35 0.25000000000000011 1.0000000180025095e-35 762733.11688311701
decision_type=8 2 8 2 8 10 10 2 10 8
left_child=6 2 -2 -3 -5 -4 -1 8 -8 -9
right_child=1 3 5 4 -6 -7 7 9 -10 -11
leaf_value=0.00066420689775416179 0.00059886230303211635 -0.00014129101857748277 -0.00017479284103874034 -0.0010569344343769446 -0.00021709530179251832 0.00034984371581996772 0.0001104336061514962 -0.00021556489374976453 0.00048337924388972806 -2.6567262303770184e-05
leaf_weight=41 43 43 129 69 63 28 25 26 58 26
leaf_count=41 43 43 129 69 63 28 25 26 58 26
internal_value=0 -0.00013643 0.000104074 -0.000466349 -0.000680034 5.74672e-06 0.000271233 9.45872e-05 0.000258147 -6.35244e-05
internal_weight=551 375 200 175 132 157 176 135 83 52
internal_count=551 375 200 175 132 157 176 135 83 52
is_linear=0
shrinkage=0.0167612


Tree=288
num_leaves=7
num_cat=0
split_feature=13 82 212 160 10 13
split_gain=0.152953 0.122481 0.115859 0.0971207 0.0672158 0.0162947
threshold=196057.87539472021 1.0673843004530352 0.99999999997692623 47.785714285714292 -0.6830127018922193 848246.03668546386
decision_type=2 10 10 8 2 2
left_child=-1 2 4 -3 -2 -4
right_child=1 3 5 -5 -6 -7
leaf_value=0.00090000638956270053 4.2527198613829398e-05 0.00014162120233990571 0.00070067722119789033 0.00082858148156151332 -0.00035597230209768435 0.00016526024020336366
leaf_weight=35 108 44 38 76 244 29
leaf_count=35 108 44 38 76 244 29
internal_value=0.000146917 5.86978e-05 -5.69847e-05 0.000475016 -0.000197099 0.000421676
internal_weight=574 539 419 120 352 67
internal_count=574 539 419 120 352 67
is_linear=0
shrinkage=0.0167612


Tree=289
num_leaves=10
num_cat=0
split_feature=126 46 106 76 127 160 212 10 212
split_gain=0.0588607 0.122843 0.0794607 0.0790958 0.0440072 0.0667216 0.0171918 0.0154688 0.00486773
threshold=116.04047185 784252.58206203149 12302.934288537597 54.500000000000007 1.0000000180025095e-35 15.514285714285716 0.86077751912299649 -0.24999999999999994 1.1874747771999792
decision_type=10 8 8 8 10 8 10 2 10
left_child=2 4 -1 7 5 -2 -3 -4 -8
right_child=1 6 3 -5 -6 -7 8 -9 -10
leaf_value=-0.00051393729078279499 0.00024452299321893939 -0.00019267573667301451 0.00084713255172113124 -2.8058587197975761e-05 0.00025932815042704091 0.00099840986117989976 0.00018654784656743883 0.00019872670215645367 4.0267052682106723e-05
leaf_weight=39 39 61 28 187 25 90 49 30 26
leaf_count=39 39 61 28 187 25 90 49 30 26
internal_value=0.000145461 0.000304524 8.98195e-06 8.41819e-05 0.000606199 0.000754748 3.67943e-05 0.000517701 9.62816e-05
internal_weight=574 290 284 245 154 129 136 58 75
internal_count=574 290 284 245 154 129 136 58 75
is_linear=0
shrinkage=0.0167612


Tree=290
num_leaves=8
num_cat=0
split_feature=13 213 63 35 13 67 132
split_gain=0.196503 0.151267 0.0919114 0.0845482 0.11415 0.0435238 0.021853
threshold=201168.12380952385 2.8500000000000001 1.0000000180025095e-35 1.0000000180025095e-35 698348.21428571444 860749.1133333334 96400.769230769263
decision_type=2 10 8 10 2 8 10
left_child=-1 2 5 4 -3 -2 -4
right_child=1 3 6 -5 -6 -7 -8
leaf_value=0.00094739297420330833 8.6569412832450222e-05 0.00086494523920326255 -0.00019813967929851531 1.6511308311822116e-05 0.00013375285699848103 0.00055913330848478065 -0.0006155471405172964
leaf_weight=42 28 108 197 41 60 39 59
leaf_count=42 28 108 197 41 60 39 59
internal_value=0.000142287 3.76412e-05 -0.00016389 0.000369943 0.000563123 0.000216258 -0.000328077
internal_weight=574 532 323 209 168 67 256
internal_count=574 532 323 209 168 67 256
is_linear=0
shrinkage=0.0167612


Tree=291
num_leaves=10
num_cat=0
split_feature=13 213 13 54 131 46 132 161 119
split_gain=0.0788026 0.210212 0.147731 0.0835695 0.0788375 0.0492576 0.0896 0.0224511 0.0408675
threshold=662660.83353494632 4.5450000000000008 413546.47417105845 1.0000000180025095e-35 1.0000000180025095e-35 850786.00317138236 315054.35167464119 764196.90656565677 57648316.346589044
decision_type=2 8 2 10 10 8 8 10 8
left_child=1 2 4 -4 -1 6 -2 8 -7
right_child=5 -3 3 -5 -6 7 -8 -9 -10
leaf_value=0.0006888012202072119 -0.00093913311793998545 -6.5114324966611848e-05 -9.6803294648464198e-05 0.00058335828340955003 0.0017234332266414286 -0.00034164198675773878 -0.00011339282152798193 0.00028125708731333195 0.00012479175954790411
leaf_weight=53 24 150 53 47 34 48 44 51 70
leaf_count=53 24 150 53 47 34 48 44 51 70
internal_value=0.000139636 0.000301059 0.000658601 0.000223842 0.00112716 -5.067e-05 -0.000380334 3.59958e-05 -1.31424e-05
internal_weight=574 337 187 100 87 237 68 169 118
internal_count=574 337 187 100 87 237 68 169 118
is_linear=0
shrinkage=0.0167612


Tree=292
num_leaves=9
num_cat=1
split_feature=13 107 7 143 1 103 40 42
split_gain=0.121668 0.085958 0.104351 0.0736985 0.0610635 0.0366553 0.0120947 0.00814455
threshold=1075810.4247655587 630.00000000000011 1.0000000180025095e-35 1.0000000180025095e-35 0 137976.35275764417 1.0000000180025095e-35 16.500000000000004
decision_type=2 10 2 10 1 8 8 8
left_child=1 4 3 -3 5 -1 -6 -2
right_child=7 2 -4 -5 6 -7 -8 -9
leaf_value=-9.7326060304381737e-05 -0.00014514036404913801 0.00045404444653674255 0.0010034366947451869 -2.3209326719076975e-05 8.6746206474112397e-05 -0.00046344881951553338 0.00033608685527014559 -0.00057719284025760126
leaf_weight=27 27 142 49 82 28 78 97 44
leaf_count=27 27 142 49 82 28 78 97 44
internal_value=0.000137102 0.000238464 0.000430694 0.000249639 1.7922e-05 -0.000237921 0.000216699 -0.000354807
internal_weight=574 503 273 224 230 105 125 71
internal_count=574 503 273 224 230 105 125 71
cat_boundaries=0 1
cat_threshold=18
is_linear=0
shrinkage=0.0167612


Tree=293
num_leaves=11
num_cat=0
split_feature=200 46 213 6 10 25 6 8 32 20
split_gain=0.0573419 0.100558 0.0979625 0.153954 0.012998 0.0367884 0.0427142 0.0174754 0.0181811 0.00183102
threshold=-8.3580425999999992 1255504.2458590411 2.8500000000000001 1.5000000000000002 1.0000000180025095e-35 50.895894428152495 1.5000000000000002 1.0000000180025095e-35 1.0000000180025095e-35 0.83350573952128448
decision_type=10 10 10 2 2 8 2 2 8 10
left_child=4 2 9 -4 5 -1 -7 8 -6 -2
right_child=1 -3 3 -5 7 6 -8 -9 -10 -11
leaf_value=0.00038101282843147166 1.7431511708636601e-05 -0.00024842058450581437 0.00031212899611307359 0.0013565808920655285 -9.6702360023266729e-05 0.00022104186144759051 -0.00026596148647030945 -4.7240550405754301e-05 -0.00039740032307976548 8.2209756148516561e-05
leaf_weight=44 46 24 99 44 31 42 79 26 72 67
leaf_count=44 46 24 99 44 31 42 79 26 72 67
internal_value=0.000134805 0.000297326 0.000425095 0.000695677 7.56441e-06 5.94562e-05 -1.52345e-05 -0.000132373 -0.000257092 6.03328e-05
internal_weight=574 280 256 143 294 165 121 129 103 113
internal_count=574 280 256 143 294 165 121 129 103 113
is_linear=0
shrinkage=0.0167612


Tree=294
num_leaves=8
num_cat=0
split_feature=2 107 6 10 143 114 10
split_gain=0.0934245 0.101658 0.122057 0.0529078 0.044442 0.0786238 0.0163948
threshold=2023.5000000000002 630.00000000000011 1.0000000180025095e-35 -0.93301270189221908 1.0000000180025095e-35 4.5000000000000009 0.68301270189221941
decision_type=2 8 2 2 10 8 2
left_child=1 -1 -3 -2 5 -5 -6
right_child=3 2 -4 4 6 -7 -8
leaf_value=9.5579247724529313e-05 -0.0004312522308057948 0.00029496534260895602 0.0010291414459778067 0.00050910306459229972 -0.00010582197992096082 1.0394805344490235e-05 -0.00052013336329093779
leaf_weight=41 34 27 86 89 26 247 24
leaf_count=41 34 27 86 89 26 247 24
internal_value=0.000132961 0.00044933 0.000721066 5.66486e-06 5.96655e-05 0.000147765 -0.000253028
internal_weight=574 154 113 420 386 336 50
internal_count=574 154 113 420 386 336 50
is_linear=0
shrinkage=0.0167612


Tree=295
num_leaves=11
num_cat=0
split_feature=106 197 105 169 134 13 145 85 149 18
split_gain=0.0517005 0.168079 0.0409758 0.0283089 0.0550032 0.0422614 0.166915 0.0827053 0.0150298 6.18974e-05
threshold=-47176.486504723311 0.12158167036215817 122.00000000000001 14.500000000000002 1.0000000180025095e-35 527136.30157418072 1.0000000180025095e-35 20.500000000000004 1.0000000180025095e-35 1.0000000180025095e-35
decision_type=10 8 10 8 10 2 8 10 10 8
left_child=3 9 -3 4 8 7 -7 -5 -1 -2
right_child=1 2 -4 5 -6 6 -8 -9 -10 -11
leaf_value=-0.00024043531883532641 -3.7240786648677556e-05 0.00096309313067395109 0.00024075926815626201 -4.5719913861555894e-05 0.00052694311896555083 -0.0010140495317858141 -4.3250147747992159e-05 0.00062680627416836058 6.6479752959034476e-05 -0.00020107370154909306
leaf_weight=25 25 80 39 111 57 31 102 27 29 48
leaf_count=25 25 80 39 111 57 31 102 27 29 48
internal_value=0.000129505 0.000335296 0.000708076 6.04086e-06 0.000207981 -7.12394e-05 -0.000279279 6.50577e-05 4.82269e-05 -8.70531e-05
internal_weight=574 192 119 382 111 271 133 138 54 73
internal_count=574 192 119 382 111 271 133 138 54 73
is_linear=0
shrinkage=0.0167612


Tree=296
num_leaves=7
num_cat=0
split_feature=22 6 141 46 71 31
split_gain=0.134105 0.114554 0.104434 0.116326 0.0367517 0.0953128
threshold=1.0000000180025095e-35 1.5000000000000002 1.0000000180025095e-35 312575.02754451911 103.50000000000001 1.5000000000000002
decision_type=8 2 10 10 8 10
left_child=1 2 -1 -4 -3 -6
right_child=-2 4 3 -5 5 -7
leaf_value=-0.00084302179355803743 0.00035682264620677637 1.4112278818648297e-05 -0.00072027442684570247 6.4742919752625933e-05 0.00084337785249234817 0.00010350866936901584
leaf_weight=65 218 32 32 129 42 51
leaf_count=65 218 32 32 129 42 51
internal_value=4.4869e-05 -0.00013117 -0.000363204 -0.000115103 0.000180113 0.000385948
internal_weight=569 351 226 161 125 93
internal_count=569 351 226 161 125 93
is_linear=0
shrinkage=0.0167612


Tree=297
num_leaves=9
num_cat=0
split_feature=213 12 213 3 215 129 47 7
split_gain=0.15076 0.13322 0.097632 0.0885386 0.151086 0.0323248 0.0112272 0.00224807
threshold=1.6550000000000002 1.0000000180025095e-35 2.6850000000000005 9.5000000000000018 0.27419354838709681 -0.20473835046942321 29.500000000000004 1.0000000180025095e-35
decision_type=10 2 10 2 10 10 8 2
left_child=1 7 5 4 -4 -2 -7 -1
right_child=2 -3 3 -5 -6 6 -8 -9
leaf_value=7.193881342425356e-05 -0.00093943416457889929 0.00082599772520383608 -1.6827878761798497e-05 -0.00043917192758501902 0.00078476546115346349 -0.00010895902082271292 -0.00035993426958946687 1.9455095960090168e-05
leaf_weight=114 32 85 130 52 53 29 45 29
leaf_count=114 32 85 130 52 53 29 45 29
internal_value=4.34124e-05 0.000363455 -0.000151741 -1.11795e-05 0.000187375 -0.000524391 -0.000278018 4.96413e-05
internal_weight=569 228 341 235 183 106 74 143
internal_count=569 228 341 235 183 106 74 143
is_linear=0
shrinkage=0.0167612


Tree=298
num_leaves=9
num_cat=0
split_feature=93 6 161 143 12 92 106 7
split_gain=0.126938 0.110829 0.143265 0.101066 0.0538086 0.0465918 0.0329478 0.000655979
threshold=1.0000000180025095e-35 1.5000000000000002 460785.3075380915 1.0000000180025095e-35 1.0000000180025095e-35 -0.21885683032199013 -181474.48748521804 1.0000000180025095e-35
decision_type=8 2 10 10 2 8 10 2
left_child=1 2 6 5 7 -3 -1 -2
right_child=4 3 -4 -5 -6 -7 -8 -9
leaf_value=-0.00094186219527962918 8.4479037298635252e-05 0.00017605413897430004 0.00012122108524809904 0.00073915296751027131 0.0006392788078894775 -0.00036974865376601283 -0.0003622287873689859 3.9473406539770204e-05
leaf_weight=63 98 54 54 35 93 36 109 27
leaf_count=63 98 54 54 35 93 36 109 27
internal_value=4.20538e-05 -0.000128822 -0.000357174 0.000176865 0.000345943 3.04139e-05 -0.000607846 9.64959e-05
internal_weight=569 351 226 125 218 90 172 125
internal_count=569 351 226 125 218 90 172 125
is_linear=0
shrinkage=0.0167612


Tree=299
num_leaves=8
num_cat=0
split_feature=212 109 54 101 215 12 118
split_gain=0.145696 0.106375 0.0865398 0.0744568 0.102496 0.075435 0.0150821
threshold=0.99999999998476918 1.0000000180025095e-35 1.0000000180025095e-35 0.9109650510833539 1.0000000180025095e-35 1.0000000180025095e-35 32.500000000000007
decision_type=8 8 10 8 8 2 10
left_child=1 2 -1 -2 6 -6 -5
right_child=3 -3 -4 4 5 -7 -8
leaf_value=-0.0010589298974375899 0.00074637627985238788 7.5068100208213628e-05 -0.00020601739207912201 -5.9152459789654449e-05 4.2532781460615929e-05 0.00060430278692483305 -0.0005092849093848756
leaf_weight=51 38 38 69 79 155 111 28
leaf_count=51 38 38 69 79 155 111 28
internal_value=4.20953e-05 -0.000328377 -0.000606359 0.000214819 0.000123754 0.000300656 -0.000220792
internal_weight=569 158 120 411 373 266 107
internal_count=569 158 120 411 373 266 107
is_linear=0
shrinkage=0.0167612


Tree=300
num_leaves=7
num_cat=0
split_feature=22 152 71 215 12 85
split_gain=0.119976 0.0646294 0.102674 0.0509956 0.0503245 0.00765699
threshold=1.0000000180025095e-35 452451.62037037039 79.500000000000014 0.9193548387096776 1.0000000180025095e-35 45.500000000000007
decision_type=8 8 8 10 2 10
left_child=1 5 -3 -4 -2 -1
right_child=4 2 3 -5 -6 -7
leaf_value=-0.00066663537370986931 9.3642109185628416e-05 -0.00054644145203911203 1.1983343447507586e-05 0.00049788997336956155 0.00062167117289101538 -0.00021114623896475285
leaf_weight=53 125 45 181 48 93 24
leaf_count=53 125 45 181 48 93 24
internal_value=4.1573e-05 -0.000124037 -7.92074e-06 0.00012803 0.000337238 -0.000482273
internal_weight=569 351 274 229 218 77
internal_count=569 351 274 229 218 77
is_linear=0
shrinkage=0.0167612


Tree=301
num_leaves=9
num_cat=0
split_feature=22 71 15 124 116 161 7 4
split_gain=0.116545 0.0656818 0.0486326 0.0485206 0.0357106 0.0200722 0.000643698 0.00995576
threshold=1.0000000180025095e-35 81.500000000000014 1.0000000180025095e-35 1.0000000180025095e-35 900.00000000000011 510175.77859215153 1.0000000180025095e-35 122.00000000000001
decision_type=8 8 2 10 10 10 2 2
left_child=1 3 6 -1 5 -3 7 -2
right_child=2 4 -4 -5 -6 -7 -8 -9
leaf_value=-0.00093123531369140725 1.9898918038405805e-05 5.2229575062943215e-06 0.00061215977893306077 -0.00023650903315292833 -0.00031602645438048849 0.00027159176428619223 3.7481767556935026e-05 0.00022906146104228318
leaf_weight=31 57 182 93 24 55 59 27 41
leaf_count=31 57 182 93 24 55 59 27 41
internal_value=4.06716e-05 -0.000122318 0.000332244 -0.000540203 -7.2649e-06 5.60817e-05 9.16272e-05 8.0584e-05
internal_weight=569 351 218 55 296 241 125 98
internal_count=569 351 218 55 296 241 125 98
is_linear=0
shrinkage=0.0167612


Tree=302
num_leaves=9
num_cat=0
split_feature=151 95 13 10 71 12 143 41
split_gain=0.116883 0.0712287 0.0595351 0.285382 0.112717 0.0357102 0.0911578 0.0190912
threshold=1.0000000180025095e-35 13.500000000000002 736136.36363636376 -0.6830127018922193 98.500000000000014 1.0000000180025095e-35 1.0000000180025095e-35 1.0000000180025095e-35
decision_type=8 10 2 2 10 2 10 10
left_child=7 5 3 -3 -4 -2 -7 -1
right_child=1 2 4 -5 -6 6 -8 -9
leaf_value=-0.00070017479954102358 0.00011222779960308116 0.0010359068212800406 -0.00085505330983169084 -0.00021423034981320969 -7.2280668289893699e-05 0.0007906822775677018 0.00018852194994839618 -0.0001866274275054598
leaf_weight=48 151 36 44 107 35 95 27 26
leaf_count=48 151 36 44 107 35 95 27 26
internal_value=3.96843e-05 0.000144419 -2.70716e-05 0.000102832 -0.000364519 0.000322658 0.000537879 -0.000446241
internal_weight=569 495 222 143 79 273 122 74
internal_count=569 495 222 143 79 273 122 74
is_linear=0
shrinkage=0.0167612


Tree=303
num_leaves=10
num_cat=0
split_feature=151 141 41 12 13 148 6 212 182
split_gain=0.191301 0.112721 0.0810486 0.132386 0.0439995 0.0409613 0.0302584 0.0165395 0.00887824
threshold=5.5000000000000009 1.0000000180025095e-35 1.0000000180025095e-35 1.0000000180025095e-35 683409.35590986407 1.0000000180025095e-35 1.5000000000000002 0.894819426399179 354915.27247899165
decision_type=8 10 10 2 2 10 2 10 10
left_child=1 -1 3 7 5 -3 8 -2 -4
right_child=2 4 6 -5 -6 -7 -8 -9 -10
leaf_value=-0.00075859244375937863 1.5436937159102819e-05 7.6786630700714467e-05 -0.0003760427516220827 0.00085854236838397719 -0.00034593669426683584 0.00059820344119069211 0.00018271143141030817 0.00029838575187122134 -7.3533813344219098e-05
leaf_weight=86 128 34 49 96 31 24 37 46 38
leaf_count=86 128 34 49 96 31 24 37 46 38
internal_value=3.87149e-05 -0.000362256 0.000248129 0.000414667 -6.28724e-05 0.000216469 -1.04261e-08 0.000121155 -0.000223036
internal_weight=569 175 394 270 89 58 124 174 87
internal_count=569 175 394 270 89 58 124 174 87
is_linear=0
shrinkage=0.0167612


Tree=304
num_leaves=11
num_cat=0
split_feature=11 56 210 202 212 125 131 144 160 46
split_gain=0.0623045 0.0858825 0.102512 0.0570474 0.0540315 0.0726988 0.0368508 0.0362245 0.00580368 0.00155102
threshold=-0.24999999999999994 1159911.0720769793 0.50806451612903236 1.0000000180025095e-35 0.99999999997485045 1.0000000180025095e-35 1.0000000180025095e-35 0.98387096774193561 41.38928571428572 1442868.6115161215
decision_type=2 8 8 8 8 8 8 10 8 8
left_child=4 2 -2 -3 6 8 -1 -4 -6 -7
right_child=1 3 7 -5 5 9 -8 -9 -10 -11
leaf_value=-0.00047700883519481192 -0.00044657072030997429 -0.00087314172400308786 0.00049321959181598666 -0.00021436517573491726 0.00029639655079799878 1.1148897033263373e-05 -4.8938603396895808e-05 0.00011159712827827239 0.00090461311390179096 7.8201790376651245e-05
leaf_weight=29 36 43 88 131 30 53 28 32 43 56
leaf_count=29 36 43 88 131 30 53 28 32 43 56
internal_value=-2.6041e-05 -0.000179747 2.56206e-05 -0.000426282 0.000147958 0.000309713 -0.000122253 0.000302662 0.000656893 4.53338e-05
internal_weight=569 330 156 174 239 182 57 120 73 109
internal_count=569 330 156 174 239 182 57 120 73 109
is_linear=0
shrinkage=0.0167612


Tree=305
num_leaves=6
num_cat=0
split_feature=99 161 47 65 20
split_gain=0.0684106 0.0752045 0.0223712 0.0444805 0.0277437
threshold=133.00000000000003 1030541.5359142446 58.000000000000007 1.0000000180025095e-35 1.3013489119152564
decision_type=10 10 8 10 8
left_child=1 2 4 -4 -1
right_child=-2 -3 3 -5 -6
leaf_value=-0.0001250651307852455 0.00048100396770374703 0.00043660071515342003 -0.00028793081172729751 4.2092258946824157e-05 0.00027505735655362012
leaf_weight=55 28 27 349 65 45
leaf_count=55 28 27 349 65 45
internal_value=-2.61243e-05 -8.40859e-05 -0.00014723 -0.000204949 -2.05396e-05
internal_weight=569 541 514 414 100
internal_count=569 541 514 414 100
is_linear=0
shrinkage=0.0167612


Tree=306
num_leaves=10
num_cat=0
split_feature=151 6 47 7 122 73 156 109 20
split_gain=0.0895479 0.0714411 0.101943 0.135319 0.0366709 0.046786 0.0330558 0.00572436 0.00197992
threshold=6.5000000000000009 1.0000000180025095e-35 4.5000000000000009 1.0000000180025095e-35 1.0000000180025095e-35 491993.82167832175 1.9795918367346943 1.0000000180025095e-35 1.2109488512175031
decision_type=10 2 10 2 10 8 10 10 8
left_child=4 6 3 -3 5 -1 -2 -7 -4
right_child=1 2 8 -5 -6 7 -8 -9 -10
leaf_value=0.00019584937710746204 -0.00043439691295100432 0.000298380664419547 -2.9098944960259135e-05 0.00150043262361434 -0.00062338326089663798 -0.00023886560321092169 -3.0059919927030674e-05 -8.5775828956531345e-05 9.11112192483809e-05
leaf_weight=47 29 47 34 27 25 264 26 27 43
leaf_count=47 29 47 34 27 25 264 26 27 43
internal_value=-2.41508e-05 0.000215419 0.000423242 0.000805956 -0.000188124 -0.000118835 -8.35398e-05 -0.000209686 8.26689e-05
internal_weight=569 206 151 74 363 338 55 291 77
internal_count=569 206 151 74 363 338 55 291 77
is_linear=0
shrinkage=0.0167612


Tree=307
num_leaves=8
num_cat=0
split_feature=160 11 215 106 202 6 183
split_gain=0.0772826 0.0516016 0.0746761 0.0991507 0.0598077 0.133172 0.017252
threshold=41.38928571428572 -1.0000000180025095e-35 0.51666666666666672 119680.27777777777 1.0000000180025095e-35 1.5000000000000002 27.500000000000004
decision_type=10 2 10 8 10 2 10
left_child=1 4 3 -3 6 -6 -1
right_child=-2 2 -4 -5 5 -7 -8
leaf_value=-0.00016449581456783616 0.00042088535986635933 0.00027513248865298947 -0.0007905058432757287 -0.00034438400601651209 0.00010566862103392106 0.0010110752003719119 9.0318615991668465e-05
leaf_weight=162 54 65 36 157 28 32 35
leaf_count=162 54 65 36 157 28 32 35
internal_value=-2.33357e-05 -0.000100256 -0.000264289 -0.000121049 2.7394e-05 0.000413059 -6.16562e-05
internal_weight=569 515 258 222 257 60 197
internal_count=569 515 258 222 257 60 197
is_linear=0
shrinkage=0.0167612


Tree=308
num_leaves=8
num_cat=0
split_feature=3 182 148 197 9 20 145
split_gain=0.0685988 0.0411344 0.0491951 0.0872719 0.0253413 0.0232928 0.00476038
threshold=1.5000000000000002 1032484.393809524 1.0000000180025095e-35 0.10300618921308571 1.0000000180025095e-35 1.0255433862303283 1.0000000180025095e-35
decision_type=2 8 8 8 2 10 10
left_child=-1 2 6 -4 5 -3 -2
right_child=1 4 3 -5 -6 -7 -8
leaf_value=-0.00049668845011166627 -0.00011747416472564376 -5.6462090426111446e-05 0.00016438074631963312 0.00090470415511368491 -0.00028893936370849024 0.00025964343512532839 5.6464722346340309e-05
leaf_weight=43 32 243 37 44 74 46 50
leaf_count=43 32 243 37 44 74 46 50
internal_value=-2.24494e-05 1.51912e-05 0.000226877 0.00048979 -6.07895e-05 -3.69263e-06 4.21137e-05
internal_weight=569 526 163 81 363 289 82
internal_count=569 526 163 81 363 289 82
is_linear=0
shrinkage=0.0167612


Tree=309
num_leaves=6
num_cat=0
split_feature=3 99 47 204 144
split_gain=0.0669336 0.0433196 0.0786404 0.0442502 0.00421207
threshold=1.5000000000000002 111.50000000000001 58.000000000000007 22.500000000000004 0.35483870967741932
decision_type=2 10 8 10 10
left_child=-1 2 4 -4 -2
right_child=1 -3 3 -5 -6
leaf_value=-0.00049089039124029072 0.00053080041697528308 0.00043083336423570419 -9.5330281255551415e-06 -0.00040338025695393041 0.00013529608955282818
leaf_weight=43 42 30 291 96 67
leaf_count=43 42 30 291 96 67
internal_value=-2.24623e-05 1.45201e-05 -6.51335e-06 -0.000131125 0.000317718
internal_weight=569 526 496 387 109
internal_count=569 526 496 387 109
is_linear=0
shrinkage=0.0167612


Tree=310
num_leaves=9
num_cat=1
split_feature=52 1 3 205 60 12 160 213
split_gain=0.053711 0.184442 0.292202 0.0985291 0.0527517 0.0480831 0.0121387 0.00684426
threshold=168179.76294063512 0 6.5000000000000009 59.500000000000007 4.5000000000000009 1.0000000180025095e-35 10.699248120300753 2.1250000000000004
decision_type=8 1 2 10 8 2 10 10
left_child=3 -2 7 4 5 -1 -6 -3
right_child=1 2 -4 -5 6 -7 -8 -9
leaf_value=-6.778053035447341e-05 0.00024497965569292149 0.0001211330806423933 -0.001050235143233752 0.00063304085380603539 6.8220907897716528e-05 -0.00061133131020070497 0.00043654193088870583 -4.6953500219695685e-05
leaf_weight=53 123 70 100 55 44 40 33 51
leaf_count=53 123 70 100 55 44 40 33 51
internal_value=-2.19225e-05 -0.000159536 -0.000439395 0.000146952 1.45562e-05 -0.000259983 0.000228822 -5.36415e-05
internal_weight=569 344 221 225 170 93 77 121
internal_count=569 344 221 225 170 93 77 121
cat_boundaries=0 1
cat_threshold=68
is_linear=0
shrinkage=0.0167612


Tree=311
num_leaves=9
num_cat=0
split_feature=52 192 143 196 11 151 47 197
split_gain=0.0470457 0.149879 0.0743865 0.0491429 0.0571301 0.0384065 0.0634339 0.0184557
threshold=200342.08072312232 3.5000000000000004 1.0000000180025095e-35 7.5000000000000009 -0.24999999999999994 4.5000000000000009 8.5000000000000018 0.15312500000000004
decision_type=8 8 10 10 2 8 10 8
left_child=1 -1 3 4 -2 7 -7 -3
right_child=2 5 -4 -5 -6 6 -8 -9
leaf_value=-0.00042498363014126201 0.00012125521801414727 0.00023122491292007637 0.00025820884073213376 -0.00065448246422576326 -0.00032522830075795608 0.00082457221723371504 0.00014090363218753998 -0.00017528168950954116
leaf_weight=55 75 25 38 59 138 69 82 28
leaf_count=55 75 25 38 59 138 69 82 28
internal_value=-2.06079e-05 0.000117902 -0.000164271 -0.000286034 -0.000134494 0.000348511 0.000491469 9.08608e-05
internal_weight=569 259 310 272 213 204 151 53
internal_count=569 259 310 272 213 204 151 53
is_linear=0
shrinkage=0.0167612


Tree=312
num_leaves=8
num_cat=0
split_feature=53 67 210 207 14 134 67
split_gain=0.106008 0.0387201 0.0404237 0.0783433 0.0435441 0.0287381 0.0756248
threshold=1.0000000180025095e-35 729750.00000000012 1.7000000000000002 233223.89948531421 18.000000000000004 1.0000000180025095e-35 315011.41237745102
decision_type=10 8 8 8 2 8 10
left_child=1 5 3 -3 -4 -1 -7
right_child=-2 2 4 -5 -6 6 -8
leaf_value=-0.00017402212207967777 0.00049202465262405688 -0.00092100934650909223 -0.00026783037132297285 -0.00013912346997410076 9.631035768732345e-05 4.3971962872047343e-05 0.00068725524189940719
leaf_weight=79 26 59 203 55 67 50 29
leaf_count=79 26 59 203 55 67 50 29
internal_value=-0.000134985 -0.000200591 -0.00028995 -0.000548517 -0.000146545 -2.12187e-05 0.000197275
internal_weight=568 542 384 114 270 158 79
internal_count=568 542 384 114 270 158 79
is_linear=0
shrinkage=0.0167612


Tree=313
num_leaves=8
num_cat=0
split_feature=46 144 75 92 197 83 197
split_gain=0.115302 0.0991888 0.0776585 0.0588636 0.0214159 0.0121847 0.00391425
threshold=481029.86041797366 0.13064516129032258 1.0000000180025095e-35 0.15180216377070418 0.090097402597402565 0.087595907928388714 0.12599206349206346
decision_type=8 8 8 8 10 8 8
left_child=1 -1 -2 6 -5 -3 -4
right_child=2 5 3 4 -6 -7 -8
leaf_value=-0.00015060127846388394 0.00047159262515532313 -0.00054309180833828877 5.8337614729987109e-05 -0.00027912063296351558 -8.5538623601171278e-05 -0.0012433653425819513 0.00026927027968195864
leaf_weight=46 48 50 36 259 26 32 71
leaf_count=46 48 50 36 259 26 32 71
internal_value=-0.000132366 -0.000521252 -5.39362e-06 -7.99839e-05 -0.000217167 -0.0008607 0.000170702
internal_weight=568 128 440 392 285 82 107
internal_count=568 128 440 392 285 82 107
is_linear=0
shrinkage=0.0167612


Tree=314
num_leaves=7
num_cat=1
split_feature=53 1 10 115 222 160
split_gain=0.10182 0.0334553 0.107276 0.0614478 0.0362377 0.0098897
threshold=1.0000000180025095e-35 0 0.25000000000000011 305179.08028455294 1.0000000180025095e-35 104.26923076923077
decision_type=10 1 2 10 8 8
left_child=1 2 -1 4 -3 -5
right_child=-2 3 -4 5 -6 -7
leaf_value=0.00039977438195710455 0.00048501552948778293 -0.00063720733407254284 -0.00038112075866294056 -1.9231092536843171e-05 -0.00020910527364814029 0.00018708197669746956
leaf_weight=68 26 111 54 69 205 35
leaf_count=68 26 111 54 69 205 35
internal_value=-0.000129282 -0.000193874 -2.57559e-05 -0.000262531 -0.000384556 -3.31395e-05
internal_weight=568 542 122 420 316 104
internal_count=568 542 122 420 316 104
cat_boundaries=0 1
cat_threshold=4
is_linear=0
shrinkage=0.0167612


Tree=315
num_leaves=7
num_cat=0
split_feature=223 92 132 134 182 13
split_gain=0.0997967 0.0214747 0.0660875 0.063034 0.0130668 0.0456905
threshold=1.0000000180025095e-35 -0.14024439118834522 198876.73272727276 1.0000000180025095e-35 678787.90286023507 318865.11153846158
decision_type=10 8 10 10 8 2
left_child=1 2 3 -1 -3 -6
right_child=-2 4 -4 -5 5 -7
leaf_value=-0.0006595056291187069 0.00048138748362369697 -0.00052910875290472959 0.00025089268108501001 -0.00012241156088049971 6.1618617362129983e-05 -0.00028707182921114502
leaf_weight=48 26 48 81 29 68 268
leaf_count=48 26 48 81 29 68 268
internal_value=-0.000126651 -0.000190744 -2.01772e-05 -0.000312344 -0.00025832 -0.000186265
internal_weight=568 542 158 77 384 336
internal_count=568 542 158 77 384 336
is_linear=0
shrinkage=0.0167612


Tree=316
num_leaves=7
num_cat=0
split_feature=114 201 46 152 7 207
split_gain=0.0640132 0.122637 0.109262 0.040793 0.0376551 0.0202032
threshold=11.500000000000002 3.0000000000000004 416156.52980816638 1211020.1534992789 1.0000000180025095e-35 9078.2082972391636
decision_type=10 8 10 8 2 10
left_child=1 -1 -2 4 -3 -5
right_child=2 3 -4 5 -6 -7
leaf_value=0.00065639746778531761 -0.00013068359116693982 -3.9675204278796117e-05 -0.00094753041723517613 -0.00030257348235241543 0.0003629867088124209 -0.00010644549607495751
leaf_weight=28 48 132 46 244 46 24
leaf_count=28 48 132 46 244 46 24
internal_value=-0.000123685 -2.754e-05 -0.000466298 -0.000111253 2.84894e-05 -0.000243129
internal_weight=568 474 94 446 178 268
internal_count=568 474 94 446 178 268
is_linear=0
shrinkage=0.0167612


Tree=317
num_leaves=7
num_cat=0
split_feature=53 134 142 205 205 205
split_gain=0.096427 0.0202385 0.0500073 0.0235219 0.00546187 0.000625792
threshold=1.0000000180025095e-35 1.0000000180025095e-35 3.3419913419913425 282.50000000000006 53.500000000000007 236.50000000000003
decision_type=10 8 8 8 10 8
left_child=1 2 -1 4 -3 -4
right_child=-2 3 5 -5 -6 -7
leaf_value=-0.00057248295126345117 0.0004769352629064651 3.2753517254008691e-06 -1.6993779564076766e-05 -0.00019268726084352658 0.00015602896008588043 -6.1429883994253622e-05
leaf_weight=96 26 109 26 220 39 52
leaf_count=96 26 109 26 220 39 52
internal_value=-0.00012084 -0.000184115 -0.000339438 -8.71236e-05 2.23766e-05 -6.56143e-05
internal_weight=568 542 174 368 148 78
internal_count=568 542 174 368 148 78
is_linear=0
shrinkage=0.0167612


Tree=318
num_leaves=6
num_cat=0
split_feature=223 14 7 222 92
split_gain=0.0945237 0.0593618 0.0476 0.0283572 0.0277375
threshold=1.0000000180025095e-35 18.000000000000004 1.0000000180025095e-35 1.0000000180025095e-35 -0.47819178567218235
decision_type=10 2 2 10 8
left_child=1 2 3 -1 -4
right_child=-2 -3 4 -5 -6
leaf_value=-0.00041155767218525294 0.00047329938223060133 0.00012414903956002756 0.00028156072275700082 -0.00012163781465229822 -0.00012463047660485953
leaf_weight=316 26 74 35 36 81
leaf_count=316 26 74 35 36 81
internal_value=-0.000118416 -0.000181208 -0.000259771 -0.000355925 -3.60476e-05
internal_weight=568 542 468 352 116
internal_count=568 542 468 352 116
is_linear=0
shrinkage=0.0167612


Tree=319
num_leaves=4
num_cat=0
split_feature=199 101 65
split_gain=0.0924393 0.0616668 0.0118263
threshold=1.0000000180025095e-35 0.72045448766291342 1.0000000180025095e-35
decision_type=10 8 8
left_child=1 -1 -3
right_child=-2 2 -4
leaf_value=0.00023671229176016223 0.00047008197268554958 -0.00034205403763722195 -0.00011674491754841193
leaf_weight=34 26 240 268
leaf_count=34 26 240 268
internal_value=-0.000115076 -0.000177346 -0.000237611
internal_weight=568 542 508
internal_count=568 542 508
is_linear=0
shrinkage=0.0167612


Tree=320
num_leaves=9
num_cat=0
split_feature=160 114 185 92 163 6 7 210
split_gain=0.0874754 0.197656 0.0824938 0.0437171 0.0895406 0.0652293 0.00736048 0.016228
threshold=40.16568914956013 17.500000000000004 1.0000000180025095e-35 -0.38178187589153856 1.0000000180025095e-35 1.5000000000000002 1.0000000180025095e-35 1.7000000000000002
decision_type=8 8 8 8 10 2 2 8
left_child=6 3 -3 5 -5 -2 7 -1
right_child=1 2 -4 4 -6 -7 -8 -9
leaf_value=-0.00067577414125013732 0.00041500088683932561 -0.00070478660477490691 -1.3546671542651176e-05 -8.533574890236068e-05 0.00055165075395094442 0.0013822403133745217 -0.00013588788953928436 -0.00014180999281655717
leaf_weight=45 45 32 210 49 84 26 28 42
leaf_count=45 45 32 210 49 84 26 28 42
internal_value=2.94192e-06 0.0001203 -0.000152106 0.000488361 0.000271029 0.000834938 -0.000339459 -0.000460475
internal_weight=561 446 242 204 133 71 115 87
internal_count=561 446 242 204 133 71 115 87
is_linear=0
shrinkage=0.0167612


Tree=321
num_leaves=11
num_cat=1
split_feature=0 13 76 6 69 76 25 151 22 158
split_gain=0.13815 0.376921 0.154089 0.123407 0.110554 0.0959668 0.0707916 0.0673565 0.0248726 0.0114797
threshold=0 425395.61742993857 113.50000000000001 1.0000000180025095e-35 1.0000000180025095e-35 16.500000000000004 38.243172268907578 5.5000000000000009 1.0000000180025095e-35 1.0000000180025095e-35
decision_type=9 2 8 2 8 8 8 8 8 10
left_child=3 2 -2 4 -1 9 -7 -5 -9 -3
right_child=1 5 -4 7 -6 6 -8 8 -10 -11
leaf_value=-0.0014708500948481021 0.0017770114544225742 0.00051358480354635498 0.00046954038015539263 -0.00042101865646629642 -0.00033746674483428629 2.6308188633895352e-05 -0.00048535802341674101 0.00045283724189700312 2.5954749223658465e-05 9.6341597762748986e-05
leaf_weight=27 40 46 37 57 28 47 132 24 82 41
leaf_count=27 40 46 37 57 28 47 132 24 82 41
internal_value=2.0097e-06 0.000213257 0.00107606 -0.000280423 -0.00084302 -2.42437e-05 -0.000268457 -4.98377e-05 0.000139825 0.000307679
internal_weight=561 343 77 218 55 266 179 163 106 87
internal_count=561 343 77 218 55 266 179 163 106 87
cat_boundaries=0 1
cat_threshold=34850313
is_linear=0
shrinkage=0.0167612


Tree=322
num_leaves=9
num_cat=0
split_feature=13 117 107 126 119 23 196 9
split_gain=0.238169 0.225648 0.19389 0.188763 0.0741938 0.0386428 0.00432749 0.00820051
threshold=457860.51196581201 46.000000000000007 630.00000000000011 116.04047185 53407998.344450243 1.0000000180025095e-35 11.500000000000002 1.0000000180025095e-35
decision_type=2 8 10 10 10 10 10 2
left_child=2 -2 6 -4 -3 -6 7 -1
right_child=1 4 3 -5 5 -7 -8 -9
leaf_value=0.00017023956426574533 -0.0011629109025741268 -0.00041232209295005121 0.0003250969992076155 0.0016877618425500092 6.2008494330928306e-06 0.00044847462797013664 1.4709235509882518e-05 4.0782444821896721e-05
leaf_weight=111 35 99 38 39 163 27 24 25
leaf_count=111 35 99 38 39 163 27 24 25
internal_value=2.21783e-06 -0.000262539 0.000391307 0.000986056 -9.30187e-05 6.02783e-05 6.4475e-05 9.5332e-05
internal_weight=561 324 237 77 289 190 160 136
internal_count=561 324 237 77 289 190 160 136
is_linear=0
shrinkage=0.0167612


Tree=323
num_leaves=11
num_cat=1
split_feature=0 146 121 75 15 11 23 46 82 111
split_gain=0.105128 0.132008 0.0550024 0.167299 0.11003 0.0707154 0.028111 0.0221022 0.00458207 0.000101551
threshold=0 1.0000000180025095e-35 2.2601351351351355 1.0000000180025095e-35 1.0000000180025095e-35 1.0000000180025095e-35 1.0000000180025095e-35 1419672.1522913871 1.0983269240488025 24.638888888888893
decision_type=9 10 10 10 2 2 10 8 10 10
left_child=1 6 4 -4 7 -6 8 -2 -1 -5
right_child=2 -3 3 9 5 -7 -8 -9 -10 -11
leaf_value=-6.8137843941282704e-05 -0.00015110108270906673 0.00093454556833396589 -0.00122640749793678 -6.9633742003176853e-05 0.00057790013961135005 5.2357444844899212e-05 0.00039231729833519476 -0.00053132324659958602 8.6637775069637625e-05 -3.6479045936379206e-05
leaf_weight=124 27 39 26 28 71 64 25 86 35 36
leaf_count=124 27 39 26 28 71 64 25 86 35 36
internal_value=1.32022e-06 0.000269376 -0.000159231 -0.000472245 -1.63687e-05 0.000246506 7.59309e-05 -0.000369379 7.98686e-06 -0.000106742
internal_weight=561 223 338 90 248 135 184 113 159 64
internal_count=561 223 338 90 248 135 184 113 159 64
cat_boundaries=0 1
cat_threshold=270678
is_linear=0
shrinkage=0.0167612


Tree=324
num_leaves=11
num_cat=0
split_feature=122 92 76 103 121 150 17 70 8 11
split_gain=0.0692686 0.0848375 0.0509856 0.10073 0.0425441 0.0380142 0.0212662 0.0399778 0.000730822 0.0158423
threshold=1.0000000180025095e-35 -1.470805407594973 15.500000000000002 193628.6031473772 3.55654761904762 52.000000000000007 1.0000000180025095e-35 972139.27330874547 1.0000000180025095e-35 0.25000000000000017
decision_type=8 10 10 8 8 10 10 8 2 2
left_child=2 8 6 5 -5 -4 7 -1 9 -2
right_child=1 -3 3 4 -6 -7 -8 -9 -10 -11
leaf_value=0.00016290076386174271 4.0258614565768833e-05 -0.00073135558787103261 4.3896805870315833e-05 -0.00019023948977006625 -0.00084006972997105911 0.00058323718005360409 0.00013100507652861291 0.00073225557168502453 -1.3414778119332816e-05 -0.00018912845210718824
leaf_weight=40 87 34 82 26 31 35 36 70 25 95
leaf_count=40 87 34 82 26 31 35 36 70 25 95
internal_value=1.31135e-06 -0.000182957 0.000168457 1.63399e-05 -0.000454877 0.000236483 0.000383335 0.000511528 -3.1358e-05 -3.81242e-05
internal_weight=561 241 320 174 57 117 146 110 207 182
internal_count=561 241 320 174 57 117 146 110 207 182
is_linear=0
shrinkage=0.0167612


Tree=325
num_leaves=11
num_cat=0
split_feature=122 6 13 132 13 44 6 11 127 6
split_gain=0.0671813 0.101713 0.0871226 0.129598 0.0553678 0.0463385 0.0401172 0.00832072 0.00534689 0.00512823
threshold=1.0000000180025095e-35 1.0000000180025095e-35 434550.26875000005 163643.10277214335 425395.61742993857 1.0000000180025095e-35 1.5000000000000002 0.6830127018922193 1.0000000180025095e-35 1.5000000000000002
decision_type=8 2 2 10 2 10 2 2 8 2
left_child=2 7 3 8 -3 6 -4 -2 -1 -6
right_child=1 4 5 -5 9 -7 -8 -9 -10 -11
leaf_value=0.00020905564416600267 -0.00028062898037048564 0.00027311783032976368 -0.00027352385968470219 0.0012550169758720239 -7.1333939391725706e-05 0.00041754512594016521 0.00010599486785142282 -0.00090953782279243008 6.0781818475759247e-05 -0.00035100863781689542
leaf_weight=37 24 83 132 24 40 27 67 41 33 53
leaf_count=37 24 83 132 24 40 27 67 41 33 53
internal_value=8.37844e-07 -0.000180431 0.000165683 0.000535401 -1.73216e-05 1.26556e-05 -9.07222e-05 -0.000640976 0.000168098 -0.000223997
internal_weight=561 241 320 94 176 226 199 65 70 93
internal_count=561 241 320 94 176 226 199 65 70 93
is_linear=0
shrinkage=0.0167612


Tree=326
num_leaves=10
num_cat=0
split_feature=3 119 213 151 13 122 143 167 144
split_gain=0.140957 0.212739 0.165514 0.359782 0.0385793 0.0264678 0.022234 0.0208206 0.0118926
threshold=10.500000000000002 57061750.615410261 3.0250000000000004 3.5000000000000004 955858.98410087731 1.0000000180025095e-35 1.0000000180025095e-35 1.0000000180025095e-35 0.57258064516129037
decision_type=2 8 10 10 2 8 10 10 10
left_child=2 -2 4 7 6 -3 -1 -4 -5
right_child=1 5 3 8 -6 -7 -8 -9 -10
leaf_value=7.3590607193360267e-05 -0.0012406339241181131 0.00025448007149263041 -2.8745977719260147e-05 0.00080528627080952964 -0.00040124879657655146 -0.00020058575166896717 -0.00026232391526503365 -0.00041997213179677522 0.00158319342057732
leaf_weight=226 36 25 37 46 42 41 33 29 46
leaf_count=226 36 25 37 46 42 41 33 29 46
internal_value=1.45578e-06 -0.000465238 0.000137707 0.00054284 -5.08542e-05 -0.000102675 -3.42285e-06 -8.56518e-05 0.00117121
internal_weight=561 102 459 158 301 66 259 66 92
internal_count=561 102 459 158 301 66 259 66 92
is_linear=0
shrinkage=0.0167612


Tree=327
num_leaves=9
num_cat=0
split_feature=13 72 205 134 119 22 182 226
split_gain=0.229316 0.207805 0.140552 0.177575 0.114803 0.0594197 0.0149421 0.00407009
threshold=457860.51196581201 1.0000000180025095e-35 42.500000000000007 1.0000000180025095e-35 56668936.326442041 1.0000000180025095e-35 698348.21428571444 1.0000000180025095e-35
decision_type=2 8 10 8 10 10 10 8
left_child=1 -1 3 -2 -5 7 -4 -3
right_child=2 5 6 4 -6 -7 -8 -9
leaf_value=0.0011857794083492597 -0.001253351355202698 -0.00010411089519742639 0.00046316249701822869 -0.0005415712249520968 7.9173399488437457e-05 0.00060240415934400789 7.5595180098787714e-05 4.0326041442555083e-05
leaf_weight=43 37 40 36 125 93 25 33 129
leaf_count=43 37 40 36 125 93 25 33 129
internal_value=2.24108e-07 0.000382367 -0.000259349 -0.000459158 -0.000251034 0.000141707 0.000209066 1.41115e-05
internal_weight=561 237 324 255 218 194 69 169
internal_count=561 237 324 255 218 194 69 169
is_linear=0
shrinkage=0.0167612


Tree=328
num_leaves=10
num_cat=1
split_feature=13 103 1 126 28 129 6 42 103
split_gain=0.123136 0.24347 0.134172 0.103034 0.0332436 0.0373933 0.018969 0.0106609 0.00195412
threshold=643622.38376068382 119401.35742558054 0 116.03826205000001 30.500000000000004 0.30388169435254386 1.5000000000000002 36.500000000000007 224380.37179900799
decision_type=2 8 1 10 8 8 2 10 8
left_child=2 -2 6 7 5 -3 8 -4 -1
right_child=1 4 3 -5 -6 -7 -8 -9 -10
leaf_value=-8.411488387112828e-05 -0.0012060183776589719 -1.1182727940217093e-05 0.00020736712264242044 0.00088361476022260819 -0.00028162509832354991 0.00038021644200378715 -0.00037907505211451251 6.578412753463737e-05 3.9625930474193992e-05
leaf_weight=30 28 89 99 89 66 53 43 26 36
leaf_count=30 28 89 99 89 66 53 43 26 36
internal_value=1.50609e-05 -0.000239093 0.000230134 0.000466363 -2.22173e-05 8.52362e-05 -0.000123959 0.000157295 -2.73568e-05
internal_weight=559 236 323 214 208 142 109 125 66
internal_count=559 236 323 214 208 142 109 125 66
cat_boundaries=0 1
cat_threshold=17
is_linear=0
shrinkage=0.0167612


Tree=329
num_leaves=10
num_cat=1
split_feature=115 149 151 1 12 18 6 74 165
split_gain=0.0489223 0.148389 0.116654 0.102454 0.0429342 0.0394153 0.0127953 0.0161048 0.00593746
threshold=397082.07692307699 1.0000000180025095e-35 3.5000000000000004 0 1.0000000180025095e-35 1.0000000180025095e-35 1.5000000000000002 1.0000000180025095e-35 1.0000000180025095e-35
decision_type=8 10 10 1 2 10 2 10 10
left_child=1 -1 3 5 -4 -2 7 -3 -5
right_child=2 6 4 8 -6 -7 -8 -9 -10
leaf_value=-0.00078667037907873439 -0.00056053303920966047 -0.00023974720424874141 0.00025072778482854218 0.00030749083504071588 0.00092715625906602758 -0.00015036511030925179 0.00021891844345557128 6.6239880692229918e-05 7.8563567772732163e-05
leaf_weight=49 96 34 80 103 41 25 46 54 31
leaf_count=49 96 34 80 103 41 25 46 54 31
internal_value=1.35531e-05 -0.000173964 0.000131566 -2.44238e-05 0.000515657 -0.00035149 1.73827e-05 3.04519e-06 0.000208868
internal_weight=559 183 376 255 121 121 134 88 134
internal_count=559 183 376 255 121 121 134 88 134
cat_boundaries=0 1
cat_threshold=26
is_linear=0
shrinkage=0.0167612


Tree=330
num_leaves=10
num_cat=0
split_feature=13 215 122 137 129 40 103 158 3
split_gain=0.0913493 0.219181 0.100933 0.0401659 0.0360669 0.0310443 0.0246271 0.0216638 0.00239266
threshold=421594.51016260165 1.0000000180025095e-35 1.0000000180025095e-35 695121.37558041385 0.17871781961385586 1.0000000180025095e-35 185242.13184251336 1.0000000180025095e-35 5.5000000000000009
decision_type=2 10 8 8 8 8 10 10 2
left_child=1 3 4 -1 6 -5 -2 -6 -4
right_child=2 -3 8 5 7 -7 -8 -9 -10
leaf_value=0.00039632981538691202 -1.5070629808357322e-05 0.0011548466301430139 -0.00077608730465125188 -0.00036261986279619083 0.00048350207064490862 9.6494813641735175e-07 -0.0003457924727127892 6.2451034947570109e-05 -0.00031344783293611213
leaf_weight=32 93 33 35 42 48 95 43 57 81
leaf_count=32 93 33 35 42 48 95 43 57 81
internal_value=1.35065e-05 0.000287415 -0.000124086 2.90935e-05 2.11223e-05 -6.5255e-05 -9.00587e-05 0.000252906 -0.000488154
internal_weight=559 202 357 169 241 137 136 105 116
internal_count=559 202 357 169 241 137 136 105 116
is_linear=0
shrinkage=0.0167612


Tree=331
num_leaves=10
num_cat=0
split_feature=122 189 151 47 129 111 11 11 121
split_gain=0.0542112 0.114598 0.0783702 0.0871493 0.0600162 0.0162607 0.00923244 0.00441835 0.00385352
threshold=1.0000000180025095e-35 546053.80000000016 3.5000000000000004 3.5000000000000004 -0.10290517030037395 1.1833333333333336 0.6830127018922193 1.0000000180025095e-35 2.4611063094209169
decision_type=8 8 10 10 10 10 2 2 10
left_child=2 -2 4 5 -1 -4 7 -3 -5
right_child=1 6 3 8 -6 -7 -8 -9 -10
leaf_value=0.00011059898166914497 -0.0008132470150307334 0.00012666754778780561 0.00024085592468636646 0.00013232010259017576 -0.00042653892652112665 0.00083809874405766597 -0.0001470481250095415 1.4345332829189335e-05 -4.2904767259983034e-05
leaf_weight=59 28 89 35 24 64 78 62 50 70
leaf_count=59 28 89 35 24 64 78 62 50 70
internal_value=1.36984e-05 -0.000153116 0.000157311 0.000359291 -8.36634e-05 0.000647313 -1.30266e-05 5.27212e-05 5.95911e-05
internal_weight=559 229 330 207 123 113 201 139 94
internal_count=559 229 330 207 123 113 201 139 94
is_linear=0
shrinkage=0.0167612


Tree=332
num_leaves=10
num_cat=1
split_feature=0 148 205 212 12 205 6 82 161
split_gain=0.232323 0.197721 0.0631752 0.0868698 0.0604492 0.0535687 0.0348232 0.00795019 0.00199096
threshold=0 1.0000000180025095e-35 40.500000000000007 0.99999999998429967 1.0000000180025095e-35 27.500000000000004 1.5000000000000002 1.0750083600171936 1574427.6933412498
decision_type=9 10 8 8 2 10 2 10 8
left_child=1 -1 5 8 -5 6 -2 -3 -4
right_child=2 7 3 4 -6 -7 -8 -9 -10
leaf_value=-0.0010452121219539769 1.5724431496455439e-05 0.00015267066614743123 -0.00014484068756965581 0.00024018336702261682 0.00082315759361318262 -0.00046542756897515473 0.00042365883311560286 -4.9999868727532375e-05 3.9515730944998533e-07
leaf_weight=76 78 32 24 138 97 27 30 25 32
leaf_count=76 78 32 24 138 97 27 30 25 32
internal_value=1.26998e-05 -0.000490014 0.000211537 0.000358892 0.000509617 1.01005e-05 8.2787e-05 -0.000109313 1.0717e-06
internal_weight=559 133 426 291 235 135 108 57 56
internal_count=559 133 426 291 235 135 108 57 56
cat_boundaries=0 1
cat_threshold=34636930
is_linear=0
shrinkage=0.0167612


Tree=333
num_leaves=11
num_cat=0
split_feature=122 152 20 115 121 119 121 5 11 7
split_gain=0.0523686 0.102901 0.0339035 0.143492 0.0490122 0.0331739 0.00524027 4.65007e-05 0.0153778 0.00909622
threshold=1.0000000180025095e-35 1211020.1534992789 1.615815055791656 215527.50000000003 2.7550000000000003 57114606.217821568 2.6693989071038255 2.5000000000000004 1.0000000180025095e-35 1.0000000180025095e-35
decision_type=8 8 8 8 10 10 10 2 2 2
left_child=2 -2 5 -4 -5 -1 -7 8 -3 -9
right_child=1 7 3 4 -6 6 -8 9 -10 -11
leaf_value=-0.0003276003979002002 -0.00076636129452945661 0.00021806198587347116 -0.00019243517326022566 0.00028814071985685321 0.00095128189807853222 0.00022538753624893847 2.5113100824831734e-05 -0.00017848628264941616 -8.7005726580955339e-05 1.2105462544906016e-05
leaf_weight=36 30 39 55 97 53 33 56 45 52 63
leaf_count=36 30 39 55 97 53 33 56 45 52 63
internal_value=1.16475e-05 -0.000152203 0.000153154 0.000285679 0.000561139 1.99215e-05 0.000100356 -1.30679e-05 -2.22668e-06 -1.13783e-05
internal_weight=559 229 330 205 150 125 89 199 91 108
internal_count=559 229 330 205 150 125 89 199 91 108
is_linear=0
shrinkage=0.0167612


Tree=334
num_leaves=9
num_cat=0
split_feature=122 25 82 106 100 131 11 7
split_gain=0.0506764 0.157915 0.0793464 0.0975885 0.0484297 0.0292315 0.010998 0.00233383
threshold=1.0000000180025095e-35 6.5459183673469399 1.0983269240488025 8968.3307242251776 707484.67359307373 1.0000000180025095e-35 0.6830127018922193 1.0000000180025095e-35
decision_type=8 8 8 10 10 10 2 2
left_child=2 -2 3 5 -4 -1 7 -3
right_child=1 6 4 -5 -6 -7 -8 -9
leaf_value=3.6110969583716617e-05 -0.00094612290768426594 1.1522606940920155e-05 0.00057679885652807286 -0.00051556485093260654 0.00013888304372212219 0.00038960209730149153 -0.00014461800154814362 0.00017450321848566978
leaf_weight=59 25 105 123 56 36 56 62 37
leaf_count=59 25 105 123 56 36 56 62 37
internal_value=1.04915e-05 -0.000150512 0.000149975 -3.03102e-05 0.000406387 0.000150102 -1.26325e-05 7.62544e-05
internal_weight=559 229 330 171 159 115 204 142
internal_count=559 229 330 171 159 115 204 142
is_linear=0
shrinkage=0.0167612


Tree=335
num_leaves=10
num_cat=0
split_feature=212 7 182 125 169 11 79 79 208
split_gain=0.152595 0.121878 0.130339 0.118762 0.0502147 0.0424251 0.0235878 0.00604853 5.18495e-05
threshold=0.99999999997857791 1.0000000180025095e-35 1032484.393809524 1.0000000180025095e-35 32.500000000000007 -0.5 2.5000000000000004 3.5000000000000004 24.500000000000004
decision_type=8 2 8 8 10 2 8 10 10
left_child=1 2 -1 4 -2 7 -7 -5 -3
right_child=3 8 -4 5 -6 6 -8 -9 -10
leaf_value=-0.00026547725038855252 0.00078825457926718419 -3.2347324979704009e-05 -0.0012914579221349701 8.1256155349276868e-05 0.00020773697352141233 6.1864980062071892e-05 -0.00022567156754675828 0.00047393428952598475 2.7694785431628613e-05
leaf_weight=37 91 24 48 69 32 28 178 27 25
leaf_count=37 91 24 48 69 32 28 178 27 25
internal_value=9.1101e-06 -0.000410879 -0.000791018 0.000173387 0.000563402 1.01054e-05 -0.00012421 0.000248098 -7.38836e-05
internal_weight=559 134 85 425 123 302 206 96 49
internal_count=559 134 85 425 123 302 206 96 49
is_linear=0
shrinkage=0.0167612


Tree=336
num_leaves=10
num_cat=1
split_feature=0 73 178 212 41 213 169 146 146
split_gain=0.0864205 0.100311 0.0592035 0.0927476 0.187861 0.0711494 0.0390839 0.126269 0.0285539
threshold=0 500595.40000000008 10.500000000000002 0.99999999997973588 1.0000000180025095e-35 2.6850000000000005 9.5000000000000018 1.0000000180025095e-35 1.0000000180025095e-35
decision_type=9 8 8 8 10 8 8 8 10
left_child=1 -1 8 4 -4 -5 -3 -8 -2
right_child=2 6 3 5 -6 -7 7 -9 -10
leaf_value=0.00010954496137874909 0.00062140100816345282 0.00028667244228589548 -0.0012239526818287653 -0.00037504003578005268 -0.00016433834266924271 0.0001588424649539077 0.00039224849607919724 0.0016535886406250408 0.00010598999035524255
leaf_weight=34 39 31 36 58 34 224 32 29 40
leaf_count=34 39 31 36 58 34 224 32 29 40
internal_value=0.000109623 0.000431866 4.55627e-06 -9.85245e-05 -0.000544824 -2.40689e-06 0.000762145 0.00103998 0.000332821
internal_weight=557 126 431 352 70 282 92 61 79
internal_count=557 126 431 352 70 282 92 61 79
cat_boundaries=0 1
cat_threshold=332
is_linear=0
shrinkage=0.0167612


Tree=337
num_leaves=8
num_cat=1
split_feature=71 120 1 41 202 25 103
split_gain=0.102287 0.093512 0.0897115 0.081755 0.043482 0.103093 0.0209328
threshold=87.000000000000014 13.500000000000002 0 1.0000000180025095e-35 1.0000000180025095e-35 64.050649350649365 156765.27365682533
decision_type=8 10 1 10 8 8 8
left_child=1 -1 3 -2 6 -6 -4
right_child=2 -3 4 -5 5 -7 -8
leaf_value=-0.00012651455225402773 0.00092053579232708057 -0.00085858554143213191 0.00038177896590643431 0.0001631962410968718 -0.00071562577506258638 6.3984128210032673e-06 3.4766260619447741e-05
leaf_weight=33 72 35 98 44 29 148 98
leaf_count=33 72 35 98 44 29 148 98
internal_value=0.000107644 -0.000349888 0.000203024 0.000547381 5.03151e-05 -0.000100269 0.000217056
internal_weight=557 68 489 116 373 177 196
internal_count=557 68 489 116 373 177 196
cat_boundaries=0 1
cat_threshold=36
is_linear=0
shrinkage=0.0167612


Tree=338
num_leaves=9
num_cat=0
split_feature=180 114 144 25 158 56 124 143
split_gain=0.0554526 0.0563989 0.0433161 0.109374 0.0340494 0.0288545 0.0112669 0.00919367
threshold=17.500000000000004 4.5000000000000009 0.90161290322580656 68.240384615384627 1.0000000180025095e-35 842324.44388828764 1.0000000180025095e-35 1.0000000180025095e-35
decision_type=10 10 10 8 8 8 10 10
left_child=1 4 5 -4 -1 7 -6 -2
right_child=2 -3 3 -5 6 -7 -8 -9
leaf_value=0.00078648233725569724 0.00031934041252415946 -8.7786320818457171e-05 -0.00085265840426773101 -4.7320091796042584e-05 0.00028710671361438934 -0.00017533113500389376 6.2476584837084607e-05 7.9071165702262271e-05
leaf_weight=25 71 44 41 25 226 41 54 30
leaf_count=25 71 44 41 25 226 41 54 30
internal_value=0.000105831 0.000235478 -6.58248e-05 -0.000372226 0.00033263 2.12082e-05 0.000242981 0.000205987
internal_weight=557 349 208 66 305 142 280 101
internal_count=557 349 208 66 305 142 280 101
is_linear=0
shrinkage=0.0167612


Tree=339
num_leaves=10
num_cat=0
split_feature=160 144 56 173 7 7 182 67 25
split_gain=0.0636817 0.18254 0.0553037 0.0456921 0.150778 0.0289337 0.0194976 0.0155805 0.00757035
threshold=53.287878787878789 0.98387096774193561 558358.20224262297 1.0000000180025095e-35 1.0000000180025095e-35 1.0000000180025095e-35 846931.50982343697 796089.20833333349 26.391343283582092
decision_type=8 10 10 8 2 2 8 8 10
left_child=1 6 3 4 -2 -5 8 -4 -1
right_child=2 -3 7 5 -6 -7 -8 -9 -10
leaf_value=0.00011623528930151547 -0.00054584832201958183 -0.00082275477885360301 0.00079123892284961258 0.00034822779024588072 0.00044771642147813253 5.5915740458336257e-05 0.00035491698519085326 0.00023648284840340969 -0.00013607397987025385
leaf_weight=27 75 46 48 150 25 56 45 56 29
leaf_count=27 75 46 48 150 25 56 45 56 29
internal_value=0.000103851 -0.000133936 0.000216187 8.08826e-05 -0.000136526 0.000223449 0.000128095 0.00051997 3.20545e-05
internal_weight=557 147 410 306 100 206 101 104 56
internal_count=557 147 410 306 100 206 101 104 56
is_linear=0
shrinkage=0.0167612


Tree=340
num_leaves=8
num_cat=1
split_feature=0 196 213 63 50 47 226
split_gain=0.124653 0.0692577 0.052589 0.0984963 0.0449501 0.0319746 0.0172133
threshold=0 10.500000000000002 2.8900000000000001 1.0000000180025095e-35 495000.00000000006 46.500000000000007 1.0000000180025095e-35
decision_type=9 10 10 10 10 8 10
left_child=5 4 3 -3 -2 -1 -4
right_child=1 2 6 -5 -6 -7 -8
leaf_value=-0.00011764599865091564 0.00053480413372941182 0.00014420653262170615 0.00044706635530053593 -0.00055059918022407083 0.00014560668818800238 -0.0005204903313367011 0.00012436118727110257
leaf_weight=28 200 52 63 73 36 81 24
leaf_count=28 200 52 63 73 36 81 24
internal_value=0.000102222 0.000232035 1.87994e-05 -0.000172212 0.000426061 -0.000293889 0.00028405
internal_weight=557 448 212 125 236 109 87
internal_count=557 448 212 125 236 109 87
cat_boundaries=0 1
cat_threshold=1083008
is_linear=0
shrinkage=0.0167612


Tree=341
num_leaves=7
num_cat=0
split_feature=71 132 14 36 152 144
split_gain=0.0427251 0.0679297 0.103559 0.0510622 0.0196244 0.00187127
threshold=150.00000000000003 183453.83333333334 7.5000000000000009 16.500000000000004 1348268.974900794 0.90161290322580656
decision_type=8 8 2 10 8 10
left_child=3 2 -2 -1 -3 -5
right_child=1 4 -4 5 -6 -7
leaf_value=0.00018395691576137042 -0.00068985620765385383 0.00048225984093554734 0.00014751857730815987 -0.00012224523209926114 0.00015975872543543023 -0.00050878316260640291
leaf_weight=30 36 118 28 54 248 43
leaf_count=30 36 118 28 54 248 43
internal_value=0.00010026 0.000185908 -0.000154997 -0.000103401 0.000286116 -0.00033295
internal_weight=557 430 64 127 366 97
internal_count=557 430 64 127 366 97
is_linear=0
shrinkage=0.0167612


Tree=342
num_leaves=9
num_cat=1
split_feature=150 7 55 13 9 1 6 202
split_gain=0.0710813 0.0647271 0.0772613 0.0537824 0.0438797 0.0393371 0.145467 0.0363112
threshold=9.5000000000000018 1.0000000180025095e-35 1.0000000180025095e-35 447468.64252232149 1.0000000180025095e-35 0 1.5000000000000002 1.0000000180025095e-35
decision_type=10 2 10 2 2 1 2 10
left_child=5 2 -2 -4 -3 6 -1 -7
right_child=1 4 3 -5 -6 7 -8 -9
leaf_value=0.00036258788070342435 -0.00068519728714092531 0.00059111181894327817 0.00037311827773752496 -0.0001929235885583254 0.00011065855644328038 0.00057315066360589856 -0.00057968317016420857 0.00011737386061564815
leaf_weight=81 50 36 28 119 24 135 37 47
leaf_count=81 50 36 28 119 24 135 37 47
internal_value=9.8669e-05 -6.86129e-05 -0.000240961 -2.71813e-05 0.000252752 0.000270858 3.70362e-05 0.000412527
internal_weight=557 257 197 147 60 300 118 182
internal_count=557 257 197 147 60 300 118 182
cat_boundaries=0 1
cat_threshold=18
is_linear=0
shrinkage=0.0167612


Tree=343
num_leaves=8
num_cat=0
split_feature=13 114 72 23 161 95 101
split_gain=0.0879829 0.251709 0.180175 0.102596 0.0704856 0.0147396 0.0251333
threshold=468254.25315579714 13.500000000000002 1.0000000180025095e-35 1.0000000180025095e-35 697094.13043478271 57.000000000000007 1.0191006187015452
decision_type=2 10 8 8 10 8 8
left_child=2 3 -1 4 -2 6 -4
right_child=1 -3 5 -5 -6 -7 -8
leaf_value=0.0010882702506293464 -0.00031664224065016099 -0.0010726927523116577 7.484491203577827e-05 0.00045340091081073756 0.00023160341261575153 1.4115035655725246e-05 0.00047483482876038968
leaf_weight=40 149 26 40 98 48 118 38
leaf_count=40 149 26 40 98 48 118 38
internal_value=9.66234e-05 -5.31443e-05 0.000330755 5.52991e-05 -0.000110087 0.000103228 0.000235022
internal_weight=557 321 236 295 197 196 78
internal_count=557 321 236 295 197 196 78
is_linear=0
shrinkage=0.0167612


Tree=344
num_leaves=9
num_cat=0
split_feature=6 52 210 32 146 210 52 186
split_gain=0.0852702 0.0898405 0.118521 0.0318072 0.032455 0.0423621 0.0214851 0.00414729
threshold=1.0000000180025095e-35 76229.01419381662 2.166666666666667 1.0000000180025095e-35 1.0000000180025095e-35 0.50806451612903236 125883.26342430194 1124048.9980158734
decision_type=2 10 8 10 10 10 8 10
left_child=1 2 -1 4 7 -6 -5 -2
right_child=3 -3 -4 6 5 -7 -8 -9
leaf_value=-0.0013327307042049169 5.5482591958993205e-05 -5.4010500316455467e-05 -0.00028050368647185932 -8.8611863460195267e-05 0.00077551628778952373 0.00010199660282464969 -0.00047161393192556023 -6.1965398983323085e-05
leaf_weight=27 283 41 73 25 27 51 28 25
leaf_count=27 283 41 73 25 27 51 28 25
internal_value=-4.54993e-05 -0.000371064 -0.000655557 4.89617e-05 0.000120336 0.00038031 -0.000207137 2.06613e-05
internal_weight=580 141 100 439 386 78 53 308
internal_count=580 141 100 439 386 78 53 308
is_linear=0
shrinkage=0.0167612


Tree=345
num_leaves=11
num_cat=0
split_feature=11 114 146 85 218 106 143 129 212 23
split_gain=0.0417076 0.106879 0.0535881 0.190364 0.0463652 0.0346014 0.0340491 0.0220282 0.0596352 0.0258342
threshold=0.25000000000000017 10.500000000000002 1.0000000180025095e-35 7.5000000000000009 1.0000000180025095e-35 -12573.999374960431 1.0000000180025095e-35 -0.20473835046942321 0.99999999998912792 1.0000000180025095e-35
decision_type=2 10 10 10 10 10 8 10 10 8
left_child=2 7 5 -4 -3 6 -1 9 -9 -2
right_child=1 4 3 -5 -6 -7 -8 8 -10 -11
leaf_value=0.00029202117257024683 -0.00040989268339178562 -0.0011677477552479297 8.4842449990747679e-06 0.0011587321823769384 -0.00031696857698385879 -0.00030513483092078046 -4.6775172954488898e-05 0.00063270916954413943 5.0223279873658113e-05 -2.0458797491371172e-05
leaf_weight=85 36 29 27 29 24 60 129 24 35 102
leaf_count=85 36 29 27 29 24 60 129 24 35 102
internal_value=-4.45224e-05 -0.000204787 5.38588e-05 0.000427424 -0.000723979 -5.27626e-06 5.3751e-05 -1.77457e-05 0.000179213 -0.000132109
internal_weight=580 250 330 56 53 274 214 197 59 138
internal_count=580 250 330 56 53 274 214 197 59 138
is_linear=0
shrinkage=0.0167612


Tree=346
num_leaves=11
num_cat=0
split_feature=6 132 23 13 151 13 144 158 79 56
split_gain=0.0813811 0.141152 0.109147 0.0644772 0.246796 0.0327881 0.0397553 0.0265105 0.012856 0.0106282
threshold=1.0000000180025095e-35 28238.250000000004 1.0000000180025095e-35 527136.30157418072 3.5000000000000004 698348.21428571444 0.98387096774193561 1.0000000180025095e-35 1.5000000000000002 1100256.5602243824
decision_type=2 10 8 2 10 2 8 10 10 8
left_child=1 2 -1 4 8 9 -7 -3 -2 -5
right_child=3 7 -4 5 -6 6 -8 -9 -10 -11
leaf_value=-0.0014612004569323595 1.6805449948981383e-05 0.00037306703359852927 -0.00037644626480253261 -0.00010746286572854942 0.0010178772776873039 -0.00024776962314593444 0.00019245684804727916 3.6978875981404634e-06 -0.00020357100370961393 -0.00060724380039183813
leaf_weight=25 102 24 60 43 55 62 100 32 49 28
leaf_count=25 102 24 60 43 55 62 100 32 49 28
internal_value=-4.43184e-05 -0.000362532 -0.000772696 4.75777e-05 0.000262166 -0.000102374 -1.05895e-05 1.0029e-05 9.1981e-06 -0.000354695
internal_weight=580 141 85 439 206 233 162 56 151 71
internal_count=580 141 85 439 206 233 162 56 151 71
is_linear=0
shrinkage=0.0167612


Tree=347
num_leaves=11
num_cat=0
split_feature=6 163 122 73 125 161 25 50 9 142
split_gain=0.0562267 0.18789 0.115851 0.0622659 0.0360569 0.0865879 0.0337096 0.0215221 0.0114826 0.00523315
threshold=1.5000000000000002 1.0000000180025095e-35 1.0000000180025095e-35 664713.36794871802 1.0000000180025095e-35 727776.59075276589 36.861445783132538 275000.00000000006 1.0000000180025095e-35 4.0833333333333339
decision_type=2 10 10 8 10 10 8 10 2 8
left_child=2 8 4 -3 5 -1 -6 -5 9 -2
right_child=1 3 -4 7 6 -7 -8 -9 -10 -11
leaf_value=-5.5629186973163662e-05 -0.00012831346313892257 0.00028016402226205495 -0.00083019475693697938 0.0014659754931534805 -9.3866838092024883e-05 0.0006047644332484003 -0.00055519623487646993 0.00059374117046947898 -5.7084227590273617e-05 -0.00041774957385536343
leaf_weight=228 26 27 33 26 41 28 51 30 37 53
leaf_count=228 26 27 33 26 41 28 51 30 37 53
internal_value=-4.37387e-05 0.000145701 -0.000168828 0.000684883 -5.80732e-05 1.49842e-05 -0.000299775 0.00103496 -0.000170089 -0.000306807
internal_weight=580 199 381 83 348 256 92 56 116 79
internal_count=580 199 381 83 348 256 92 56 116 79
is_linear=0
shrinkage=0.0167612


Tree=348
num_leaves=8
num_cat=0
split_feature=183 3 32 55 52 83 197
split_gain=0.036194 0.0485364 0.0415993 0.0399928 0.0339999 0.0294335 0.00715463
threshold=27.500000000000004 1.5000000000000002 1.0000000180025095e-35 1.0000000180025095e-35 77495.28295783604 0.324561403508772 0.26491228070175438
decision_type=10 2 10 8 8 8 8
left_child=1 -1 6 5 -5 -3 -2
right_child=2 3 -4 4 -6 -7 -8
leaf_value=-0.00050091475564685041 0.00020274875260362608 -0.00070844467891858619 4.6322086664200686e-05 0.00029168765257028389 -4.278168709615939e-05 -0.00016021918257686315 0.00069657179191229279
leaf_weight=47 25 25 25 67 335 25 31
leaf_count=47 25 25 25 67 335 25 31
internal_value=-4.31778e-05 -0.000107551 0.000203247 -3.65942e-05 9.25015e-07 -0.000374524 0.00047394
internal_weight=580 499 81 452 402 50 56
internal_count=580 499 81 452 402 50 56
is_linear=0
shrinkage=0.0167612


Tree=349
num_leaves=9
num_cat=1
split_feature=0 6 119 47 118 213 119 5
split_gain=0.155906 0.114359 0.245452 0.0844298 0.0678454 0.041226 0.0355189 0.0107867
threshold=0 1.0000000180025095e-35 56937961.266174957 38.500000000000007 54.500000000000007 2.2050000000000005 59343881.43692904 2.5000000000000004
decision_type=9 2 8 10 10 10 10 2
left_child=4 2 -2 6 -1 -4 -3 -5
right_child=1 3 5 7 -6 -7 -8 -9
leaf_value=-0.00084152485538673807 -0.0011861056874730635 0.00043016348253056613 -0.00010336539049941221 -0.00037393928016252003 -0.00022994898001142306 0.00039220270071459168 0.00015931102403808292 -6.3033058810758866e-05
leaf_weight=81 31 275 57 31 24 31 24 26
leaf_count=81 31 275 57 31 24 31 24 26
internal_value=-4.28245e-05 7.1149e-05 -0.000289672 0.000234823 -0.00052522 -1.738e-05 0.000363878 -0.000150717
internal_weight=580 475 119 356 105 88 299 57
internal_count=580 475 119 356 105 88 299 57
cat_boundaries=0 1
cat_threshold=34604289
is_linear=0
shrinkage=0.0167612


Tree=350
num_leaves=9
num_cat=0
split_feature=5 50 14 52 13 131 160 83
split_gain=0.0439468 0.0439222 0.0391259 0.200303 0.0447315 0.0687671 0.0118237 0.00987287
threshold=1.5000000000000002 1.0000000180025095e-35 7.5000000000000009 302372.69926585804 496258.12121212127 1.0000000180025095e-35 25.232323232323239 0.075498575498575457
decision_type=2 8 2 8 2 10 8 8
left_child=1 -1 3 -2 5 -4 -6 -3
right_child=2 7 4 -5 6 -7 -8 -9
leaf_value=-7.7507653971961425e-05 -0.00091527481020298846 -0.00020789559192837593 0.00011495637170560107 0.00016777407920194929 -0.00017935695720362152 0.00086059122034070929 3.8854472031872964e-05 -0.00060051456094898205
leaf_weight=47 40 24 116 61 56 27 134 75
leaf_count=47 40 24 116 61 56 27 134 75
internal_value=-4.29603e-05 -0.000272411 2.11721e-05 -0.00019863 0.000124289 0.000330992 1.11315e-05 -0.000474848
internal_weight=580 146 434 101 333 143 190 99
internal_count=580 146 434 101 333 143 190 99
is_linear=0
shrinkage=0.0167612


Tree=351
num_leaves=10
num_cat=0
split_feature=5 159 183 105 2 67 132 131 129
split_gain=0.0422792 0.0484708 0.0348727 0.132497 0.112012 0.0753073 0.0947149 0.0367548 0.00418174
threshold=1.5000000000000002 1.0000000180025095e-35 20.000000000000004 102.50000000000001 2024.5000000000002 1.0000000180025095e-35 120555.09848484849 1.0000000180025095e-35 0.1956998031863173
decision_type=2 8 8 8 2 10 10 10 8
left_child=1 8 3 -2 -5 7 -7 -4 -1
right_child=2 -3 5 4 -6 6 -8 -9 -10
leaf_value=-3.132634589563654e-05 -0.00074835323803376099 -0.00048779951202386045 0.00011248978960141897 -0.00020511723194323973 0.00058732359489513148 0.00020722800200687581 0.00089307699825209256 -0.00028662334883131719 0.00011615527819748924
leaf_weight=24 41 95 140 66 46 27 54 60 27
leaf_count=24 41 95 140 66 46 27 54 60 27
internal_value=-4.15641e-05 -0.000266791 2.10314e-05 -0.000135169 5.55799e-05 0.000143644 0.000506585 1.22767e-05 -7.15516e-05
internal_weight=580 146 434 153 112 281 81 200 51
internal_count=580 146 434 153 112 281 81 200 51
is_linear=0
shrinkage=0.0167612


Tree=352
num_leaves=11
num_cat=0
split_feature=55 11 199 15 6 180 160 146 165 11
split_gain=0.0965285 0.0994229 0.0373911 0.0400393 0.169765 0.0315136 0.0291899 0.059596 0.0157256 0.000893024
threshold=1.0000000180025095e-35 -1.0000000180025095e-35 1.0000000180025095e-35 1.0000000180025095e-35 1.5000000000000002 7.5000000000000009 11.087500000000002 1.0000000180025095e-35 1.0000000180025095e-35 -1.0000000180025095e-35
decision_type=8 2 8 2 2 10 10 10 10 2
left_child=1 5 6 9 -5 -1 7 -2 -8 -4
right_child=2 -3 3 4 -6 -7 8 -9 -10 -11
leaf_value=-0.00033271283985786862 -0.0004612903818957495 -0.00092019918063521167 7.6150701437587475e-06 0.0010695986807049865 5.4073413716637346e-05 0.00018513454754803214 0.00025380524463537951 4.5058792975169904e-05 1.8415514171710382e-05 5.1330887827119729e-05
leaf_weight=26 93 45 51 43 29 32 60 39 60 79
leaf_count=26 93 45 51 43 29 32 60 39 60 79
internal_value=-2.71387e-05 -0.000432162 5.86095e-05 0.000225885 0.000499957 -0.000105324 -3.94968e-05 -0.000217488 7.75326e-05 2.83939e-05
internal_weight=557 103 454 202 72 58 252 132 120 130
internal_count=557 103 454 202 72 58 252 132 120 130
is_linear=0
shrinkage=0.0167612


Tree=353
num_leaves=6
num_cat=0
split_feature=69 47 14 209 185
split_gain=0.134475 0.0757528 0.0621221 0.0909951 0.0150551
threshold=1.0000000180025095e-35 50.500000000000007 18.000000000000004 1.0000000180025095e-35 1.0000000180025095e-35
decision_type=10 10 2 8 10
left_child=1 2 3 -1 -3
right_child=-2 4 -4 -5 -6
leaf_value=0.00049853977113178418 -0.00076904418508504091 -0.0005827314161086514 0.00048291790556739437 -7.5752143503028988e-05 -0.00015739092788696478
leaf_weight=58 28 47 74 325 25
leaf_count=58 28 47 74 325 25
internal_value=-2.66289e-05 2.06854e-05 0.000115046 1.27407e-05 -0.000367913
internal_weight=557 529 457 383 72
internal_count=557 529 457 383 72
is_linear=0
shrinkage=0.0167612


Tree=354
num_leaves=9
num_cat=0
split_feature=60 7 65 13 14 41 142 67
split_gain=0.109764 0.0843766 0.0292192 0.0618509 0.0441281 0.0236756 0.00936341 0.00715834
threshold=3.5000000000000004 1.0000000180025095e-35 1.0000000180025095e-35 344760.35938375356 7.5000000000000009 1.0000000180025095e-35 2.776388888888889 708621.03722943726
decision_type=8 2 8 2 2 8 10 8
left_child=1 -1 4 -4 7 -5 -6 -2
right_child=2 -3 3 5 6 -7 -8 -9
leaf_value=-0.0008386692874723363 -0.000143691195848471 -0.0002151212426688681 0.00054207439485249654 0.0003257827856421363 0.00017993467021495691 -3.9120345890126496e-05 6.0127807228392441e-06 -0.00061254231858744136
leaf_weight=63 30 24 66 24 62 165 95 28
leaf_count=63 30 24 66 24 62 165 95 28
internal_value=-2.6243e-05 -0.000491352 5.64331e-05 0.000181546 -4.60082e-05 1.63377e-05 3.65744e-05 -0.000374328
internal_weight=557 87 470 255 215 189 157 58
internal_count=557 87 470 255 215 189 157 58
is_linear=0
shrinkage=0.0167612


Tree=355
num_leaves=9
num_cat=0
split_feature=79 13 199 6 83 69 146 152
split_gain=0.105723 0.0551082 0.0446776 0.0914874 0.0435293 0.0415173 0.0180382 0.000705307
threshold=3.5000000000000004 577665.66250000009 1.0000000180025095e-35 1.0000000180025095e-35 0.030615432677288303 1.0000000180025095e-35 1.0000000180025095e-35 583039.28750000009
decision_type=8 2 10 2 8 10 8 10
left_child=5 4 3 -3 -2 7 -6 -1
right_child=1 2 -4 -5 6 -7 -8 -9
leaf_value=-7.1539530321089364e-05 0.00060922175134809828 -0.00067193871351734543 0.00028059382439157398 -1.8836823745112083e-05 -4.1877183362742815e-05 -0.00093718698555481127 0.00020049499517759906 -0.00021422469185098026
leaf_weight=35 49 50 24 171 54 28 122 24
leaf_count=35 49 50 24 171 54 28 122 24
internal_value=-2.53224e-05 5.55284e-05 -7.98672e-05 -0.000191175 0.000244172 -0.000481992 9.03601e-05 -0.000205505
internal_weight=557 470 245 221 225 87 176 59
internal_count=557 470 245 221 225 87 176 59
is_linear=0
shrinkage=0.0167612


Tree=356
num_leaves=7
num_cat=1
split_feature=69 0 158 7 192 156
split_gain=0.126332 0.111889 0.0389398 0.0196634 0.0434879 0.0420115
threshold=1.0000000180025095e-35 0 1.0000000180025095e-35 1.0000000180025095e-35 7.0000000000000009 4.9687500000000009
decision_type=10 9 10 2 8 8
left_child=1 2 -1 5 -5 -3
right_child=-2 3 -4 4 -6 -7
leaf_value=0.00067393277089269085 -0.00074481722320880381 3.0960121392077613e-06 0.00016532808743768306 0.00035642371132517094 -0.00013087291852574616 -0.00030489052635869116
leaf_weight=81 28 111 29 51 53 204
leaf_count=81 28 111 29 51 53 204
internal_value=-2.49638e-05 2.04267e-05 0.000421849 -8.48097e-05 3.19582e-05 -0.000162564
internal_weight=557 529 110 419 104 315
internal_count=557 529 110 419 104 315
cat_boundaries=0 1
cat_threshold=43528
is_linear=0
shrinkage=0.0167612


Tree=357
num_leaves=8
num_cat=1
split_feature=0 47 10 152 66 31 25
split_gain=0.294937 0.138892 0.0937988 0.0876563 0.10817 0.0307351 0.0158207
threshold=0 41.500000000000007 -0.6830127018922193 505577.29865174991 1.0000000180025095e-35 3.5000000000000004 9.7169059011164283
decision_type=9 10 2 8 8 10 10
left_child=2 3 -1 6 -5 -3 -2
right_child=1 5 -4 4 -6 -7 -8
leaf_value=-0.00028234764928531487 -0.00035667043549989213 -0.00067312703970289118 -0.0010609979212937786 0.0011055623807733502 0.00028769868675961079 -0.00012702765181380447 -2.8659084569013567e-05
leaf_weight=26 25 39 83 31 285 33 35
leaf_count=26 25 39 83 31 285 33 35
internal_value=-2.46001e-05 0.000148156 -0.000675115 0.000297232 0.000420965 -0.000351307 -8.23262e-05
internal_weight=557 448 109 376 316 72 60
internal_count=557 448 109 376 316 72 60
cat_boundaries=0 1
cat_threshold=34604037
is_linear=0
shrinkage=0.0167612


Tree=358
num_leaves=7
num_cat=0
split_feature=69 223 6 10 71 6
split_gain=0.121852 0.0435698 0.0956747 0.0653697 0.0501255 0.0476865
threshold=1.0000000180025095e-35 1.0000000180025095e-35 1.0000000180025095e-35 -0.24999999999999994 271.00000000000006 1.5000000000000002
decision_type=10 8 2 2 8 2
left_child=1 2 4 -4 -1 -3
right_child=-2 5 3 -5 -6 -7
leaf_value=-0.00017582373801773923 -0.00073114638754590651 0.00039955917597848256 0.00032339715991335904 -0.00013590251726983065 -0.00089857716075608174 2.4427456396277787e-05
leaf_weight=36 28 133 116 136 39 69
leaf_count=36 28 133 116 136 39 69
internal_value=-2.40133e-05 2.02926e-05 -7.35331e-05 4.02653e-05 -0.000514479 0.000210694
internal_weight=557 529 327 252 75 202
internal_count=557 529 327 252 75 202
is_linear=0
shrinkage=0.0167612


Tree=359
num_leaves=8
num_cat=0
split_feature=69 223 7 6 137 76 7
split_gain=0.119283 0.0419739 0.085718 0.0810705 0.0433766 0.0246533 0.013921
threshold=1.0000000180025095e-35 1.0000000180025095e-35 1.0000000180025095e-35 1.5000000000000002 189340.75000000003 35.500000000000007 1.0000000180025095e-35
decision_type=10 8 2 2 10 8 2
left_child=1 2 3 -1 -4 -3 -7
right_child=-2 5 4 -5 -6 6 -8
leaf_value=-0.00038867119999964569 -0.00072394352279255534 0.00057150613385996516 0.00065873045008534958 0.00019634428915505696 7.5489920651990931e-05 0.00019014714907308967 2.0579709396128476e-06
leaf_weight=215 28 24 31 31 50 130 48
leaf_count=215 28 24 31 31 50 130 48
internal_value=-2.43748e-05 1.92861e-05 -7.25043e-05 -0.000243875 0.000277437 0.000206444 0.000100446
internal_weight=557 529 327 246 81 202 178
internal_count=557 529 327 246 81 202 178
is_linear=0
shrinkage=0.0167612


Tree=360
num_leaves=10
num_cat=0
split_feature=12 55 132 160 52 131 76 7 70
split_gain=0.0531148 0.0807052 0.0361119 0.0335726 0.0513029 0.0217724 0.0195819 0.00455641 0.00339138
threshold=1.0000000180025095e-35 1.0000000180025095e-35 507176.45901639346 13.205128205128206 102340.53600338874 1.0000000180025095e-35 25.500000000000004 1.0000000180025095e-35 647581.43939393957
decision_type=2 8 8 8 8 10 10 2 10
left_child=3 2 -2 -1 5 -5 7 -3 -6
right_child=1 6 -4 4 8 -7 -8 -9 -10
leaf_value=-0.0001686103964905436 -0.0010526205353359121 -0.0001734755262830231 -0.00026756339888961764 0.00016612851000892158 7.8925073604477609e-05 0.00081674397309722854 0.00023162441343746557 -4.4296988691468299e-05 3.6237624922789612e-06
leaf_weight=51 27 86 41 38 133 32 30 27 104
leaf_count=51 27 86 41 38 133 32 30 27 104
internal_value=-2.13544e-05 -0.000226458 -0.000621098 8.04624e-05 0.000166495 0.000497268 -2.61773e-05 -0.000108288 2.37875e-05
internal_weight=569 211 68 358 307 70 143 113 237
internal_count=569 211 68 358 307 70 143 113 237
is_linear=0
shrinkage=0.0167612


Tree=361
num_leaves=10
num_cat=0
split_feature=7 31 12 180 103 115 150 161 103
split_gain=0.043576 0.0970275 0.103361 0.0684294 0.0409617 0.0169452 0.00558084 0.00486963 0.00325486
threshold=1.0000000180025095e-35 2.5000000000000004 1.0000000180025095e-35 4.5000000000000009 196855.53975753352 319623.03333333338 3.5000000000000004 321798.53121445305 210074.75487621289
decision_type=2 8 2 10 8 10 10 10 8
left_child=1 2 7 -4 -2 8 -6 -1 -3
right_child=4 5 3 -5 6 -7 -8 -9 -10
leaf_value=-0.00010555284014242813 0.00046284284114730435 7.2423453884975429e-05 -0.00028200080589850708 -0.0011566392340362998 5.7115463518141402e-05 0.00025606074952476849 -0.0001337437449642563 7.1131699784920325e-05 -4.9745518989134667e-05
leaf_weight=63 62 53 33 51 53 57 28 27 142
leaf_count=63 62 53 33 51 53 57 28 27 142
internal_value=-2.09469e-05 -0.000115796 -0.000402314 -0.000779901 0.000185744 4.92649e-05 3.48244e-05 -6.91824e-05 4.30898e-06
internal_weight=569 426 174 84 143 252 81 90 195
internal_count=569 426 174 84 143 252 81 90 195
is_linear=0
shrinkage=0.0167612


Tree=362
num_leaves=11
num_cat=0
split_feature=7 144 92 142 106 103 101 129 12 76
split_gain=0.042094 0.093611 0.0571009 0.0533066 0.0453227 0.0348912 0.088476 0.0329132 0.021127 0.00174137
threshold=1.0000000180025095e-35 0.57258064516129037 0.78688005922690807 2.9255172413793109 -1.0000000180025095e-35 201201.36946138702 0.87207403355273039 -0.022305033904034346 1.0000000180025095e-35 69.000000000000014
decision_type=2 10 10 8 10 8 8 10 2 8
left_child=1 3 4 7 -3 6 -2 -1 -5 -7
right_child=5 2 -4 8 -6 9 -8 -9 -10 -11
leaf_value=0.00017590967378775931 0.00090638048831186287 -0.00079568244496428452 -0.0001605642678679614 5.3931431362614755e-06 -0.00017321233329694306 -6.9515720535700835e-05 0.00016432530938702853 0.00070491150349857987 -0.00026450346186798784 3.5973322447136797e-05
leaf_weight=24 32 89 28 146 44 31 31 36 59 49
leaf_count=24 32 89 28 146 44 31 31 36 59 49
internal_value=-1.99549e-05 -0.00011343 -0.000409951 3.73639e-05 -0.000580977 0.000182959 0.000436874 0.00040179 -3.90961e-05 3.46497e-05
internal_weight=569 426 161 265 133 143 63 60 205 80
internal_count=569 426 161 265 133 143 63 60 205 80
is_linear=0
shrinkage=0.0167612


Tree=363
num_leaves=11
num_cat=0
split_feature=31 13 158 160 83 158 13 197 12 115
split_gain=0.0486004 0.107041 0.151484 0.0604169 0.035299 0.0409414 0.0374803 0.0263324 0.0708579 0.00337468
threshold=2.5000000000000004 538965.77081644267 1.0000000180025095e-35 76.101785714285725 0.18634259259259259 1.0000000180025095e-35 646533.28993110557 0.54206349206349225 1.0000000180025095e-35 238529.02345215765
decision_type=8 2 10 8 8 10 2 8 2 10
left_child=1 7 3 -3 5 -2 -6 -1 -9 -8
right_child=4 2 -4 -5 6 -7 9 8 -10 -11
leaf_value=-0.00011954825715905409 0.00065662724422402806 -0.00044312533812703537 -0.0011315683309333221 0.00025312701022790367 0.00012317106349048695 6.5441259259344691e-05 -0.00036310347388412002 0.000747097902382677 6.1571257511819984e-05 -8.4702654860606568e-05
leaf_weight=29 37 30 47 34 150 69 57 24 57 35
leaf_count=29 37 30 47 34 150 69 57 24 57 35
internal_value=-1.89402e-05 -0.000209718 -0.000551536 -0.000124664 8.18824e-05 0.000307031 5.87067e-06 3.90092e-05 0.000249343 -0.000243317
internal_weight=569 221 111 64 348 106 242 110 81 92
internal_count=569 221 111 64 348 106 242 110 81 92
is_linear=0
shrinkage=0.0167612


Tree=364
num_leaves=8
num_cat=0
split_feature=13 158 213 13 105 120 84
split_gain=0.180248 0.107137 0.0628263 0.0712258 0.0393346 0.0256846 0.0177278
threshold=1029411.6643269431 1.0000000180025095e-35 2.7950000000000004 457860.51196581201 153.50000000000003 25.500000000000004 9.5000000000000018
decision_type=2 8 8 2 8 8 8
left_child=1 4 3 -3 -1 -2 -4
right_child=5 2 6 -5 -6 -7 -8
leaf_value=0.00086758784532224369 -0.000975805964350657 -9.658255997475998e-05 -3.3926233372771811e-05 -0.00071156871464297413 0.00021196153416847233 -0.00024655478545435847 0.00016836071013599376
leaf_weight=49 48 46 73 51 30 30 242
leaf_count=49 48 46 73 51 30 30 242
internal_value=-1.84608e-05 8.27096e-05 9.39513e-07 -0.000334285 0.000552179 -0.000642297 8.63426e-05
internal_weight=569 491 412 97 79 78 315
internal_count=569 491 412 97 79 78 315
is_linear=0
shrinkage=0.0167612


Tree=365
num_leaves=10
num_cat=0
split_feature=13 114 70 158 7 13 167 75 160
split_gain=0.0929325 0.0627754 0.0621728 0.0484708 0.0422349 0.0343761 0.031813 0.0223257 0.00767237
threshold=683409.35590986407 13.500000000000002 789628.26807674544 1.0000000180025095e-35 1.0000000180025095e-35 421594.51016260165 1.0000000180025095e-35 1.0000000180025095e-35 55.625000000000007
decision_type=2 8 10 8 2 2 10 8 8
left_child=3 2 4 -1 -2 6 -5 -7 -4
right_child=1 -3 8 5 -6 7 -8 -9 -10
leaf_value=0.00057705314486195143 -0.00083273924332256488 -0.00069399831756810487 2.6010070646763559e-05 0.00034784970877224772 -0.00018250748220528671 -0.0004087357829212205 3.7230543631573386e-05 -1.5017407592561363e-05 0.00023992427345032331
leaf_weight=27 26 57 50 123 27 24 75 116 44
leaf_count=27 26 57 50 123 27 24 75 116 44
internal_value=-1.82302e-05 -0.000293256 -8.83362e-05 0.00011857 -0.000446154 4.2442e-05 0.000186626 -0.000108221 9.55909e-05
internal_weight=569 204 147 365 53 338 198 140 94
internal_count=569 204 147 365 53 338 198 140 94
is_linear=0
shrinkage=0.0167612


Tree=366
num_leaves=10
num_cat=0
split_feature=12 25 53 13 71 103 99 92 70
split_gain=0.0474756 0.0774707 0.0853787 0.060506 0.0577033 0.0424056 0.0235816 0.0230838 0.00678297
threshold=1.0000000180025095e-35 5.7777777777777786 1.0000000180025095e-35 1181900.5661172166 99.500000000000014 125647.57489805466 41.500000000000007 0.065271724190189062 857959.55267857155
decision_type=2 10 8 2 8 8 8 8 8
left_child=3 2 5 4 7 -2 -3 -1 -6
right_child=1 6 -4 -5 8 -7 -8 -9 -10
leaf_value=-3.9806249786399841e-05 -0.001190525834553854 4.3482553802029654e-05 -9.4331995397492163e-05 -0.00030458566557129048 0.00047762704642577756 -0.00039872684654208374 0.00040838868637824231 -0.00039095023312858473 0.00017199323052181621
leaf_weight=32 30 28 65 44 89 60 28 31 162
leaf_count=32 30 28 65 44 89 60 28 31 162
internal_value=-1.80925e-05 -0.000212798 -0.00042239 7.73842e-05 0.000181055 -0.000725685 0.000108623 -0.000107958 0.000308258
internal_weight=569 211 155 358 314 90 56 63 251
internal_count=569 211 155 358 314 90 56 63 251
is_linear=0
shrinkage=0.0167612


Tree=367
num_leaves=11
num_cat=0
split_feature=12 114 137 4 55 161 36 141 121 183
split_gain=0.045638 0.102123 0.0429817 0.0461539 0.0371264 0.035376 0.0350858 0.034638 0.0267655 0.00717203
threshold=1.0000000180025095e-35 1.5000000000000002 690677.65151515161 61.000000000000007 1.0000000180025095e-35 656555.58531746047 305.50000000000006 1.0000000180025095e-35 3.4154761904761908 29.000000000000004
decision_type=2 10 10 2 10 10 8 8 8 8
left_child=2 6 3 -1 -3 -4 -2 -5 -7 -8
right_child=1 4 5 7 -6 8 9 -9 -10 -11
leaf_value=-1.0029391693528527e-05 0.00030941636686298272 -0.00095171849084433127 -0.00041133140734777093 0.00014863521586159061 -0.00027423436030418345 0.00029226170547514015 -0.00026981290773918137 0.00046196908222791188 -0.00013883970535960902 -2.7815271280545974e-05
leaf_weight=59 43 46 46 26 25 32 34 157 38 63
leaf_count=59 43 46 46 26 25 32 34 157 38 63
internal_value=-1.78114e-05 -0.000208899 7.54592e-05 0.000213218 -0.000641043 -0.000113207 -2.46041e-05 0.000355398 -2.3857e-05 -0.000121572
internal_weight=569 211 358 242 71 116 140 183 70 97
internal_count=569 211 358 242 71 116 140 183 70 97
is_linear=0
shrinkage=0.0167612


Tree=368
num_leaves=11
num_cat=0
split_feature=213 6 73 152 66 83 159 225 71 7
split_gain=0.0317495 0.131413 0.190627 0.144856 0.0429556 0.0410748 0.0391472 0.0356473 0.0129733 0.000335674
threshold=2.3400000000000003 1.5000000000000002 169132.14434523814 476277.68684210529 1.0000000180025095e-35 0.12759462759462756 1.0000000180025095e-35 37.500000000000007 178.00000000000003 1.0000000180025095e-35
decision_type=10 2 10 10 10 8 10 10 8 2
left_child=4 3 6 5 9 -2 -3 -6 -5 -1
right_child=1 2 -4 8 7 -7 -8 -9 -10 -11
leaf_value=2.4531756658636744e-05 -0.00034860042850959474 0.0012282891386294248 -0.00025528312498902849 -0.00012486373845970521 0.00069791337961909233 -0.0011368594204475371 0.00036820019412385258 0.00016484970500322887 0.00014950011711864494 3.5320508850388526e-06
leaf_weight=140 42 39 27 45 47 49 24 30 66 51
leaf_count=140 42 39 27 45 47 49 24 30 66 51
internal_value=1.21832e-05 -8.47269e-05 0.000319676 -0.000331791 0.000147753 -0.000768837 0.000840995 0.000429448 -4.78166e-05 1.31698e-05
internal_weight=560 292 90 202 268 91 63 77 111 191
internal_count=560 292 90 202 268 91 63 77 111 191
is_linear=0
shrinkage=0.0167612


Tree=369
num_leaves=8
num_cat=0
split_feature=151 6 144 137 36 178 15
split_gain=0.0294398 0.0446236 0.0491832 0.0245639 0.0327239 0.0188326 0.000706264
threshold=8.5000000000000018 1.0000000180025095e-35 0.35483870967741932 649062.32638888899 27.500000000000004 58.500000000000007 1.0000000180025095e-35
decision_type=8 2 10 8 8 8 2
left_child=3 5 6 -1 -5 -2 -3
right_child=1 2 -4 4 -6 -7 -8
leaf_value=3.5184986336742303e-05 -0.00034166856864886622 1.0379585314139555e-05 0.00058856818086114521 -7.0379042264312111e-05 -0.00039314727726275474 -2.6484147523337272e-05 0.00011180088236625846
leaf_weight=47 37 126 60 45 112 55 78
leaf_count=47 37 126 60 45 112 55 78
internal_value=1.14317e-05 0.000112106 0.000234525 -0.000118631 -0.000239826 -0.000104418 8.03522e-05
internal_weight=560 356 264 204 157 92 204
internal_count=560 356 264 204 157 92 204
is_linear=0
shrinkage=0.0167612


Tree=370
num_leaves=10
num_cat=0
split_feature=151 13 7 200 79 13 169 137 105
split_gain=0.0314977 0.0649663 0.0414192 0.142834 0.0116772 0.249218 0.0177001 0.0067722 0.0123463
threshold=7.5000000000000009 656555.58531746047 1.0000000180025095e-35 -8.3580425999999992 7.0000000000000009 234613.75000000003 33.500000000000007 784992.90952380968 135.50000000000003
decision_type=8 2 2 10 8 2 10 8 8
left_child=1 7 4 -4 6 -6 -2 -1 -9
right_child=2 -3 3 -5 5 -7 -8 8 -10
leaf_value=0.00015403422320735429 -2.0496988703892379e-05 -0.00048923519891019959 7.9062561917910175e-05 0.00095197120672842238 0.0010392041712661494 -0.00013132721037011259 -0.00035424742915764087 9.0473795730240393e-05 -0.00018117477509478348
leaf_weight=44 78 65 51 41 29 139 27 36 50
leaf_count=44 78 65 51 41 29 139 27 36 50
internal_value=1.18597e-05 -0.000128123 0.000112647 0.000376075 7.21801e-06 9.03148e-05 -0.000106036 -1.34763e-06 -2.40594e-07
internal_weight=560 195 365 92 273 168 105 130 86
internal_count=560 195 365 92 273 168 105 130 86
is_linear=0
shrinkage=0.0167612


Tree=371
num_leaves=10
num_cat=1
split_feature=151 1 197 119 159 159 15 100 99
split_gain=0.0487953 0.0589805 0.0721831 0.0457832 0.04126 0.0325318 0.0189581 0.00131493 0.00895133
threshold=4.5000000000000009 0 0.061553030303030311 58165815.111753315 1.0000000180025095e-35 1.0000000180025095e-35 1.0000000180025095e-35 557063.80000000016 49.500000000000007
decision_type=8 1 8 8 10 10 2 10 8
left_child=4 2 -2 -4 7 6 -3 8 -1
right_child=1 5 3 -5 -6 -7 -8 -9 -10
leaf_value=-2.689692614728721e-06 -1.8295335543558989e-05 -0.00037985657854568285 0.00018168158817886797 0.00076511991571824893 -0.00049295315120535593 0.00017641858285187738 -4.707302911013056e-05 -8.0515667287311857e-05 0.00018361635566741501
leaf_weight=39 46 73 95 80 56 37 65 29 40
leaf_count=39 46 73 95 80 56 37 65 29 40
internal_value=1.14719e-05 0.000121709 0.000295275 0.000477969 -0.000190815 -4.97186e-05 -0.000210779 -2.81508e-05 9.91301e-06
internal_weight=560 396 221 175 164 175 138 108 79
internal_count=560 396 221 175 164 175 138 108 79
cat_boundaries=0 1
cat_threshold=44
is_linear=0
shrinkage=0.0167612


Tree=372
num_leaves=7
num_cat=1
split_feature=13 1 76 53 6 120
split_gain=0.0614089 0.118714 0.142959 0.077462 0.16497 0.00704242
threshold=1280349.2013888892 0 2.5000000000000004 1.0000000180025095e-35 1.5000000000000002 35.500000000000007
decision_type=2 1 10 8 2 10
left_child=1 2 -1 4 -3 -4
right_child=-2 3 5 -5 -6 -7
leaf_value=-0.00082758830083990537 -0.00044422467975817516 -0.00021317547798928516 0.00015014538200104673 0.00051893353775706789 0.00058994583713994973 -1.019935164584083e-05
leaf_weight=55 35 164 42 146 71 47
leaf_count=55 35 164 42 146 71 47
internal_value=1.05541e-05 7.15795e-05 -0.000258408 0.000232196 3.28185e-05 -3.54566e-05
internal_weight=560 525 144 381 235 89
internal_count=560 525 144 381 235 89
cat_boundaries=0 1
cat_threshold=131
is_linear=0
shrinkage=0.0167612


Tree=373
num_leaves=10
num_cat=1
split_feature=1 137 6 105 109 44 7 148 183
split_gain=0.0916814 0.137687 0.058261 0.0451709 0.0427791 0.0353234 0.0251615 0.0207891 0.00302408
threshold=0 345732.0991471216 1.5000000000000002 104.00000000000001 1.0000000180025095e-35 1.0000000180025095e-35 1.0000000180025095e-35 1.0000000180025095e-35 31.500000000000004
decision_type=1 10 2 8 10 8 2 10 8
left_child=1 2 5 -3 6 -1 -2 -5 -8
right_child=4 3 -4 7 -6 -7 8 -9 -10
leaf_value=0.00010220181145454472 -0.00038513629372848127 -0.00035150477241998202 0.001081770869653001 7.9454968705746554e-06 0.00010068493459854301 0.00052343515465296236 5.8193863600560567e-05 0.00028849891802865455 -9.5909697585774606e-05
leaf_weight=40 179 58 41 30 39 43 28 63 39
leaf_count=40 179 58 41 30 39 43 28 63 39
internal_value=9.73247e-06 0.000223551 0.00061169 -1.36536e-05 -0.00017006 0.000320926 -0.000281726 0.000100238 -6.14491e-05
internal_weight=560 275 124 151 285 83 246 93 67
internal_count=560 275 124 151 285 83 246 93 67
cat_boundaries=0 1
cat_threshold=44
is_linear=0
shrinkage=0.0167612


Tree=374
num_leaves=9
num_cat=0
split_feature=7 151 47 115 192 149 176 148
split_gain=0.0154044 0.123477 0.133588 0.0476184 0.0658008 0.0423247 0.0220697 0.00268931
threshold=1.0000000180025095e-35 2.5000000000000004 11.500000000000002 292210.9833333334 1.5000000000000002 1.0000000180025095e-35 1.0000000180025095e-35 1.0000000180025095e-35
decision_type=2 10 10 8 8 10 10 8
left_child=3 7 -3 5 -5 -1 -6 -2
right_child=1 2 -4 4 6 -7 -8 -9
leaf_value=-0.00075015112634467572 -4.1125851247768072e-05 0.0012635351253796803 0.00028263846408282196 -0.00041975821916283914 0.00023278509104125285 -8.3869754650513879e-05 2.3785286579209575e-05 -0.00020417788142226907
leaf_weight=25 29 31 25 31 219 56 90 54
leaf_count=25 29 31 25 31 219 56 90 54
internal_value=9.67706e-06 0.000154314 0.000660688 -2.22797e-05 3.8603e-05 -0.000335157 0.000138318 -0.000104936
internal_weight=560 139 56 421 340 81 309 83
internal_count=560 139 56 421 340 81 309 83
is_linear=0
shrinkage=0.0167612


Tree=375
num_leaves=8
num_cat=1
split_feature=1 137 160 213 213 182 134
split_gain=0.0652227 0.120732 0.0699689 0.0343023 0.0301483 0.0542547 0.0107872
threshold=0 784992.90952380968 13.951190476190478 2.8900000000000001 2.8500000000000001 1239225.3688725494 1.0000000180025095e-35
decision_type=1 8 10 8 8 8 10
left_child=1 -1 4 6 -2 -6 -4
right_child=2 -3 3 -5 5 -7 -8
leaf_value=-0.00015372063650970363 -0.00051340906427755002 0.000579707247337712 0.00073439324394160689 9.3030939624492941e-05 0.00021541892497400184 -0.00023999098807027519 0.00018249648057711896
leaf_weight=44 63 118 27 27 51 200 30
leaf_count=44 63 118 27 27 51 200 30
internal_value=8.16034e-06 0.000266148 -8.75887e-05 0.000227422 -0.000219296 -0.000106851 0.00047542
internal_weight=560 162 398 84 314 251 57
internal_count=560 162 398 84 314 251 57
cat_boundaries=0 1
cat_threshold=36
is_linear=0
shrinkage=0.0167612


Tree=376
num_leaves=9
num_cat=2
split_feature=0 7 0 74 160 213 137 149
split_gain=0.163242 0.147848 0.149363 0.11433 0.0739573 0.0907692 0.0716611 0.0677172
threshold=0 1.0000000180025095e-35 1 1.0000000180025095e-35 0.52272727272727282 1.0000000180025095e-35 620458.50000000012 1.0000000180025095e-35
decision_type=9 2 9 10 10 10 8 8
left_child=6 2 7 -4 5 -3 -1 -2
right_child=1 4 3 -5 -6 -7 -8 -9
leaf_value=-0.00016379298961100364 -0.00088719149207427256 0.00039652584027816302 0.00060977643683429316 -7.9436072132037549e-06 0.00019713129742509643 0.001427803331754489 -0.00082905268620524653 -0.0001352181197752962
leaf_weight=35 44 46 100 111 38 36 71 79
leaf_count=35 44 46 100 111 38 36 71 79
internal_value=0 0.000148817 7.88646e-06 0.000225731 0.000597921 0.000895751 -0.000470512 -0.000406266
internal_weight=560 454 334 211 120 82 106 123
internal_count=560 454 334 211 120 82 106 123
cat_boundaries=0 1 2
cat_threshold=34735105 123426
is_linear=0
shrinkage=0.0167612


Tree=377
num_leaves=10
num_cat=0
split_feature=13 126 200 146 2 3 47 151 12
split_gain=0.163552 0.236061 0.280271 0.12608 0.0221861 0.0187048 0.0237838 0.0143684 0.00938926
threshold=527136.30157418072 115.74135015000002 -8.3580425999999992 1.0000000180025095e-35 2024.5000000000002 6.5000000000000009 23.500000000000004 18.500000000000004 1.0000000180025095e-35
decision_type=2 10 10 10 2 2 10 8 2
left_child=1 4 -3 5 -1 7 -7 -2 -6
right_child=3 2 -4 -5 8 6 -8 -9 -10
leaf_value=-0.00027117002660236245 -6.2182084201595398e-05 0.00019454235459100109 0.0015247863655875988 -0.00085281639861012554 -1.0153204169983785e-05 0.00017715100501095564 -0.00018196077127642676 -0.00037844291242493936 0.00018354634485472418
leaf_weight=62 47 59 57 49 51 99 36 57 43
leaf_count=62 47 59 57 49 51 99 36 57 43
internal_value=0 0.000288259 0.000808649 -0.000249404 -3.2019e-05 -7.49822e-05 3.86116e-06 -0.000218548 8.40077e-06
internal_weight=560 272 116 288 156 239 135 104 94
internal_count=560 272 116 288 156 239 135 104 94
is_linear=0
shrinkage=0.0167612


Tree=378
num_leaves=8
num_cat=0
split_feature=13 7 151 106 142 142 66
split_gain=0.391908 0.120613 0.180021 0.10296 0.066113 0.0550047 0.0245438
threshold=201168.12380952385 1.0000000180025095e-35 6.5000000000000009 -4357.0449859478967 2.7935376213592238 3.2409988385598147 1.0000000180025095e-35
decision_type=2 2 10 10 10 10 10
left_child=-1 3 6 5 -5 -2 -3
right_child=1 2 -4 4 -6 -7 -8
leaf_value=0.0011705229055233386 -0.00054696401828325635 -9.7247172281225746e-06 0.00089511436671912709 0.00039887583136423595 -0.00019376158573577339 -0.00016771374076633309 -0.00033836916609425097
leaf_weight=38 244 53 49 64 53 25 34
leaf_count=38 244 53 49 64 53 25 34
internal_value=0 -0.00011028 0.000238631 -0.000270386 3.0519e-05 -0.000453149 -3.73007e-05
internal_weight=560 522 136 386 117 269 87
internal_count=560 522 136 386 117 269 87
is_linear=0
shrinkage=0.0167612


Tree=379
num_leaves=10
num_cat=0
split_feature=13 7 200 106 212 59 161 92 76
split_gain=0.0352935 0.106137 0.221395 0.0801736 0.0555882 0.0358528 0.0355051 0.0594205 0.000165398
threshold=871207.20651785727 1.0000000180025095e-35 -8.3580425999999992 -7017.9714606181651 1.1927199591888662 1.0000000180025095e-35 460785.3075380915 0.98015212866748758 20.500000000000004
decision_type=2 2 10 10 10 8 10 8 8
left_child=1 3 -3 5 -5 -1 7 -2 -8
right_child=6 2 -4 4 -6 -7 8 -9 -10
leaf_value=-0.00041617791509441777 -0.00091030877213312943 9.8021461728731762e-05 0.0013328850809948619 0.00055982347115868345 7.4975959881477464e-05 -2.4357265086833768e-05 -2.1364420643301083e-05 -0.00021125134497410004 1.5944846615551226e-05
leaf_weight=111 26 74 30 68 29 141 30 25 26
leaf_count=111 26 74 30 68 29 141 30 25 26
internal_value=0 7.51945e-05 0.00048611 -3.42862e-05 0.00027902 -0.000208106 -0.000222411 -0.000493816 -5.56562e-05
internal_weight=560 453 104 349 97 252 107 51 56
internal_count=560 453 104 349 97 252 107 51 56
is_linear=0
shrinkage=0.0167612


Tree=380
num_leaves=11
num_cat=0
split_feature=7 151 13 146 149 19 86 148 119 29
split_gain=0.0993649 0.153169 0.141322 0.163481 0.0827634 0.141191 0.06428 0.0347597 0.0182789 0.00251171
threshold=1.0000000180025095e-35 2.5000000000000004 496258.12121212127 1.0000000180025095e-35 1.0000000180025095e-35 12.500000000000002 469422.69421975064 1.0000000180025095e-35 57142459.558967911 1.0000000180025095e-35
decision_type=2 10 2 10 10 10 10 8 10 8
left_child=2 9 4 8 7 -6 -3 -1 -4 -2
right_child=1 6 3 -5 5 -7 -8 -9 -10 -11
leaf_value=-0.00038341936020441959 -8.2440045900205759e-05 0.0014066083570085642 -0.00028517143239418765 -0.0011385676613610567 0.0010789850220304837 0.00014825341816010148 0.00039881344836752749 3.0485379220925038e-05 -3.1848948465728195e-05 2.9186715055399123e-05
leaf_weight=34 36 32 91 40 40 45 24 85 80 53
leaf_count=34 36 32 91 40 40 45 24 85 80 53
internal_value=0 0.000347459 -0.000114161 -0.00041046 0.000142548 0.000505193 0.000910918 -3.21151e-05 -0.00016817 6.03043e-05
internal_weight=560 145 415 211 204 85 56 119 171 89
internal_count=560 145 415 211 204 85 56 119 171 89
is_linear=0
shrinkage=0.0167612


Tree=381
num_leaves=10
num_cat=0
split_feature=13 45 7 92 158 2 213 148 161
split_gain=0.11735 0.288576 0.129281 0.0882178 0.0760219 0.0212619 0.058814 0.0173004 0.0140389
threshold=447468.64252232149 1.0000000180025095e-35 1.0000000180025095e-35 -0.22986922497364451 1.0000000180025095e-35 2024.5000000000002 3.7750000000000004 1.0000000180025095e-35 297142.12113899615
decision_type=2 10 2 10 10 2 8 10 10
left_child=1 5 3 4 -2 6 -1 -4 -5
right_child=2 -3 7 8 -6 -7 -8 -9 -10
leaf_value=6.5572515212147103e-05 -0.00031906892409813313 0.0012035961321630959 0.00038306637591104897 -0.0001637316546245586 -0.0011075012678841173 0.00017757258404943073 -0.00047827287769830517 7.7686347251310105e-05 0.00014624482730516927
leaf_weight=52 92 42 67 50 52 84 52 30 39
leaf_count=52 92 42 67 50 52 84 52 30 39
internal_value=0 0.000280705 -0.000179966 -0.000403874 -0.000649364 2.53835e-05 -0.000124593 0.00020238 -7.00956e-05
internal_weight=560 230 330 233 144 188 104 97 89
internal_count=560 230 330 233 144 188 104 97 89
is_linear=0
shrinkage=0.0167612


Tree=382
num_leaves=8
num_cat=0
split_feature=7 209 25 160 213 125 92
split_gain=0.0941898 0.106896 0.0609492 0.0548391 0.0399425 0.0310934 0.000795257
threshold=1.0000000180025095e-35 15.000000000000002 3.3725490196078431 33.193840579710148 3.7750000000000004 1.0000000180025095e-35 -0.78121945121757275
decision_type=2 8 8 8 8 8 10
left_child=2 -2 -1 5 -5 -4 -3
right_child=1 6 3 4 -6 -7 -8
leaf_value=-0.00057819127218096747 0.00084349227664592692 5.8074899110234757e-05 -0.00067293233652565511 0.00023722745363620608 -8.8425382587456908e-05 -0.00013247066200785287 1.935217207636078e-05
leaf_weight=37 50 67 38 154 152 34 28
leaf_count=37 50 67 38 154 152 34 28
internal_value=0 0.000338543 -0.000110837 -2.83606e-05 4.58097e-05 -0.000373448 5.5656e-05
internal_weight=560 145 415 378 306 72 95
internal_count=560 145 415 378 306 72 95
is_linear=0
shrinkage=0.0167612


Tree=383
num_leaves=10
num_cat=1
split_feature=0 159 6 161 83 15 146 7 189
split_gain=0.193346 0.0667973 0.0575 0.0544711 0.0489245 0.0139259 0.0121275 0.0344218 0.0254294
threshold=0 1.0000000180025095e-35 1.0000000180025095e-35 864805.84544901073 0.071858864027538702 1.0000000180025095e-35 1.0000000180025095e-35 1.0000000180025095e-35 1373059.9591871093
decision_type=9 8 2 10 8 2 8 2 8
left_child=3 2 -2 6 -3 -4 8 -8 -1
right_child=1 4 5 -5 -6 -7 7 -9 -10
leaf_value=-5.277414644268741e-05 -0.00038105035048185764 0.00097665999452491072 3.7095438347888989e-05 -6.2313350062966229e-05 0.0003029629713685618 0.0003690083349137038 -0.00085969603021117142 -0.0002858952015851116 -0.00050214413082777737
leaf_weight=69 39 26 71 25 162 45 73 25 25
leaf_count=69 39 26 71 25 162 45 73 25 25
internal_value=0 0.000244608 2.63218e-05 -0.000340731 0.000457762 0.00017801 -0.000487824 -0.000668301 -0.000247601
internal_weight=560 343 155 217 188 116 192 98 94
internal_count=560 343 155 217 188 116 192 98 94
cat_boundaries=0 1
cat_threshold=34760321
is_linear=0
shrinkage=0.0167612


Tree=384
num_leaves=10
num_cat=0
split_feature=13 13 72 142 156 23 161 226 132
split_gain=0.0422772 0.251705 0.101071 0.0532294 0.0410165 0.0904076 0.0627855 0.0263615 0.00243783
threshold=740827.57354028092 468254.25315579714 1.0000000180025095e-35 2.1628787878787885 2.7136363636363643 1.0000000180025095e-35 383210.01517857146 1.0000000180025095e-35 280199.26701641118
decision_type=2 2 8 10 10 8 10 8 10
left_child=1 2 -1 -3 5 -2 -6 -4 -5
right_child=4 3 7 8 6 -7 -8 -9 -10
leaf_value=0.0010281433391918675 -0.00088701466009044681 -0.00061402019721929055 7.1914669502365808e-05 -0.00011799716466568137 -0.00038643987605186265 -0.00011425954978378319 0.00029675994451981838 0.00034390419394044966 -1.0752717934615972e-05
leaf_weight=44 38 85 48 32 27 50 55 153 47
leaf_count=44 38 85 48 32 27 50 55 153 47
internal_value=0 9.9704e-05 0.000436626 -0.000328461 -0.000189403 -0.000419921 -3.51577e-05 0.000256602 -6.28425e-05
internal_weight=579 409 245 164 170 88 82 201 79
internal_count=579 409 245 164 170 88 82 201 79
is_linear=0
shrinkage=0.0167612


Tree=385
num_leaves=10
num_cat=0
split_feature=13 96 161 103 11 7 219 161 203
split_gain=0.162839 0.0612147 0.0562657 0.0573857 0.143913 0.0362281 0.033052 0.0114583 0.00470806
threshold=382991.82352941186 3.5000000000000004 297142.12113899615 13353.38513536631 0.6830127018922193 1.0000000180025095e-35 385961.79031385289 864805.84544901073 1.0000000180025095e-35
decision_type=2 10 10 10 2 2 10 10 10
left_child=1 5 3 4 -2 8 -4 -8 -1
right_child=2 -3 6 -5 -6 -7 7 -9 -10
leaf_value=0.00049505801690731576 0.00023574275441042732 0.00013601089061071457 -0.00011911433998172457 -0.00052576782891771887 -0.00062417340296351672 0.00025070606393400344 0.00010082632971922405 0.00049315549056637648 0.001052061507039734
leaf_weight=92 104 34 32 142 48 24 36 38 29
leaf_count=92 104 34 32 142 48 24 36 38 29
internal_value=0 0.000391982 -0.000169048 -0.000297677 -4.57174e-05 0.00057263 5.79451e-05 0.000295029 0.000702757
internal_weight=579 179 400 294 152 145 106 74 121
internal_count=579 179 400 294 152 145 106 74 121
is_linear=0
shrinkage=0.0167612


Tree=386
num_leaves=11
num_cat=1
split_feature=0 36 13 215 213 102 10 111 205 197
split_gain=0.0581154 0.0998737 0.0987925 0.0339716 0.0284181 0.028213 0.0244914 0.0231213 0.0125326 0.0115473
threshold=0 24.500000000000004 496258.12121212127 0.40967741935483876 3.7750000000000004 1.0000000180025095e-35 -1.0000000180025095e-35 34.833042973286886 11.500000000000002 0.040408163265306107
decision_type=9 8 2 8 8 8 2 10 10 10
left_child=1 -1 3 8 7 9 -5 -3 -2 -4
right_child=2 4 5 6 -6 -7 -8 -9 -10 -11
leaf_value=0.00080504457410881353 8.9267286624354304e-06 -0.00032677047561983138 -0.00029439548921017983 0.00057517798225082328 0.00022252394854481363 -0.00073381600886026678 6.2248010901375103e-05 -3.3237720518706446e-05 -0.00020583028336585235 -6.289771324381399e-05
leaf_weight=34 29 56 80 38 93 47 69 27 61 45
leaf_count=34 29 56 80 38 93 47 69 27 61 45
internal_value=0 0.000208757 -0.000109801 8.58253e-05 3.40851e-05 -0.000393807 0.000292049 -0.000118873 -3.84476e-05 -0.000214332
internal_weight=579 210 369 197 176 172 107 83 90 125
internal_count=579 210 369 197 176 172 107 83 90 125
cat_boundaries=0 1
cat_threshold=93452
is_linear=0
shrinkage=0.0167612


Tree=387
num_leaves=8
num_cat=0
split_feature=71 70 15 15 189 20 70
split_gain=0.0203846 0.0279532 0.0681071 0.0671778 0.0324586 0.0201941 0.0176154
threshold=64.500000000000014 870638.92008928582 1.0000000180025095e-35 1.0000000180025095e-35 176802.4034482759 1.498756630054799 344501.51241242775
decision_type=8 8 2 2 8 8 10
left_child=-1 3 6 5 -4 -2 -3
right_child=1 2 4 -5 -6 -7 -8
leaf_value=-0.00023840341485786089 -7.7437387725861817e-05 -0.0001490764483955543 0.00076293310921419003 -0.00051220909740954171 0.00020048477527835257 0.00023528113772162881 9.9218589384802286e-05
leaf_weight=47 37 144 34 50 127 66 74
leaf_count=47 37 144 34 50 127 66 74
internal_value=0 4.04203e-05 0.000127072 -0.000104883 0.000371055 3.07796e-05 -1.43174e-05
internal_weight=579 532 379 153 161 103 218
internal_count=579 532 379 153 161 103 218
is_linear=0
shrinkage=0.0167612


Tree=388
num_leaves=10
num_cat=1
split_feature=0 13 74 156 13 106 12 174 131
split_gain=0.0898461 0.0648258 0.130766 0.02473 0.0892323 0.0229805 0.0103546 0.0267772 0.012048
threshold=0 538965.77081644267 1.0000000180025095e-35 2.6693989071038255 900858.57142857148 1.0000000180025095e-35 1.0000000180025095e-35 1.0000000180025095e-35 1.0000000180025095e-35
decision_type=9 2 10 8 2 10 2 8 8
left_child=1 6 -3 -2 5 -5 8 -8 -1
right_child=3 2 -4 4 -6 -7 7 -9 -10
leaf_value=-0.00030775392052588904 9.3571178803494623e-06 -0.0011911744194568832 -0.00012756377032491188 0.0002677192658292246 -0.00012891786161920243 0.00073061965817024905 3.3321299587848583e-05 0.00040616120298566695 -2.9650377993607117e-05
leaf_weight=33 38 29 60 187 60 51 38 25 58
leaf_count=33 38 29 60 187 60 51 38 25 58
internal_value=0 -0.000213174 -0.000537066 0.000176478 0.000250346 0.000406111 -2.30721e-05 0.000101067 -0.000121661
internal_weight=579 243 89 336 298 238 154 63 91
internal_count=579 243 89 336 298 238 154 63 91
cat_boundaries=0 1
cat_threshold=39223953
is_linear=0
shrinkage=0.0167612


Tree=389
num_leaves=8
num_cat=0
split_feature=160 13 14 13 106 32 109
split_gain=0.0472274 0.0705645 0.0441937 0.20327 0.0609069 0.0116897 0.0188199
threshold=40.16568914956013 1211020.1534992789 7.5000000000000009 538965.77081644267 455983.22460317466 1.0000000180025095e-35 1.0000000180025095e-35
decision_type=8 2 2 2 8 8 10
left_child=5 2 3 -2 -4 6 -1
right_child=1 -3 4 -5 -6 -7 -8
leaf_value=-0.00049920338324861463 0.0003526664106023978 -0.0003952246969018894 0.00061315027514483001 -0.00070589575653944481 9.4749067009198209e-05 -8.6721959128892192e-05 -0.00011444321294318513
leaf_weight=64 78 29 87 49 203 32 37
leaf_count=64 78 29 87 49 203 32 37
internal_value=0 8.91557e-05 0.00016611 -9.96126e-06 0.000282238 -0.000235198 -0.000340996
internal_weight=579 446 417 127 290 133 101
internal_count=579 446 417 127 290 133 101
is_linear=0
shrinkage=0.0167612


Tree=390
num_leaves=8
num_cat=1
split_feature=13 0 13 161 146 111 182
split_gain=0.258044 0.0768838 0.0792449 0.0749437 0.0555332 0.0473342 0.0226519
threshold=208863.50000000003 0 1143334.0602360605 297142.12113899615 1.0000000180025095e-35 6.7428880643166371 827840.01513157913
decision_type=2 9 2 10 10 10 10
left_child=-1 2 5 4 -3 -2 -5
right_child=1 3 -4 6 -6 -7 -8
leaf_value=0.00085795375542473834 0.00071308156743284405 -0.00046428405434995469 -0.00018896762212004573 2.718780020978646e-05 -7.9402984939504681e-05 0.00019261429599006343 0.00032341249677600675
leaf_weight=53 67 257 25 36 64 27 50
leaf_count=53 67 257 25 36 64 27 50
internal_value=0 -0.000102838 0.000181969 -0.000220079 -0.000351294 0.000470861 7.95544e-05
internal_weight=579 526 119 407 321 94 86
internal_count=579 526 119 407 321 94 86
cat_boundaries=0 1
cat_threshold=73740
is_linear=0
shrinkage=0.0167612


Tree=391
num_leaves=11
num_cat=0
split_feature=42 13 101 25 126 6 158 15 83 119
split_gain=0.0206858 0.0787982 0.0904421 0.0702747 0.0586437 0.0580785 0.04051 0.110649 0.0380773 0.0306889
threshold=11.500000000000002 527136.30157418072 0.86400290445926575 20.318840579710148 116.03826205000001 1.5000000000000002 1.0000000180025095e-35 1.0000000180025095e-35 0.024250440917107555 57629397.268179722
decision_type=10 2 10 8 10 2 10 2 8 8
left_child=5 3 -3 -2 -5 6 7 -1 -8 -7
right_child=1 2 -4 4 -6 9 8 -9 -10 -11
leaf_value=7.6689237204072692e-05 -2.8199050982824843e-05 -0.00071500242087950026 -5.8683452243183752e-05 0.00024426074938533102 0.0010326526455888834 -1.1061181818287517e-05 0.00025599807093975387 0.00092724597087325434 -0.00027942785576975904 -0.00035738950931876116
leaf_weight=102 45 70 87 25 24 32 34 48 39 73
leaf_count=102 45 70 87 25 24 32 34 48 39 73
internal_value=0 -9.70673e-05 -0.000331841 0.000175144 0.000570978 9.20233e-05 0.000255082 0.000410653 5.19969e-05 -0.000141883
internal_weight=579 251 157 94 49 328 223 150 73 105
internal_count=579 251 157 94 49 328 223 150 73 105
is_linear=0
shrinkage=0.0167612


Tree=392
num_leaves=10
num_cat=0
split_feature=189 106 12 132 13 13 188 47 60
split_gain=0.0496057 0.0975558 0.0591273 0.06569 0.0572787 0.0485543 0.0296611 0.0212181 0.0111334
threshold=385961.79031385289 -6507.1108839077051 1.0000000180025095e-35 437326.38043478271 620458.50000000012 249612.22396605703 1.0000000180025095e-35 4.5000000000000009 7.0000000000000009
decision_type=10 8 2 8 2 2 8 10 10
left_child=2 -2 3 7 5 -4 -6 -1 -5
right_child=1 -3 4 8 6 -7 -8 -9 -10
leaf_value=0.00032081010475381363 -0.0010250147822710618 -0.00017782919851617613 0.00072335016580158914 -0.00041382979197992999 -0.00038114313773315162 9.8944085669578927e-05 -1.6668039264592857e-06 1.71081763841503e-05 -0.00015583587565229547
leaf_weight=40 26 31 47 184 40 93 25 52 24
leaf_count=40 26 31 47 184 40 93 25 52 24
internal_value=-0.000101347 -0.000472775 -3.09339e-05 -0.000183521 0.000153189 0.000357995 -8.93953e-05 6.47058e-05 -0.00035594
internal_weight=562 57 505 300 205 140 65 92 208
internal_count=562 57 505 300 205 140 65 92 208
is_linear=0
shrinkage=0.0167612


Tree=393
num_leaves=8
num_cat=0
split_feature=13 99 13 59 98 6 11
split_gain=0.108826 0.088867 0.0948515 0.0861025 0.0749138 0.090226 0.0168233
threshold=349525.02092191047 59.500000000000007 740827.57354028092 1.0000000180025095e-35 1.0000000180025095e-35 1.0000000180025095e-35 0.25000000000000017
decision_type=2 10 2 8 8 2 2
left_child=3 4 -3 -1 6 -6 -2
right_child=1 2 -4 -5 5 -7 -8
leaf_value=-2.0191562729189998e-05 0.00015144951212093489 -0.00032510876730273839 -0.0012549590107800664 0.00057796980412119076 -0.00097549559501990308 -0.00013269965225294055 -7.9665126627041701e-05
leaf_weight=59 144 24 33 82 32 99 89
leaf_count=59 144 24 33 82 32 99 89
internal_value=-9.92468e-05 -0.000240017 -0.000742571 0.000233501 -0.000124597 -0.000407107 1.72067e-05
internal_weight=562 421 57 141 364 131 233
internal_count=562 421 57 141 364 131 233
is_linear=0
shrinkage=0.0167612


Tree=394
num_leaves=9
num_cat=0
split_feature=114 152 222 13 6 141 7 10
split_gain=0.0547703 0.27338 0.0200271 0.0673409 0.0800488 0.0174353 0.0153416 0.00649581
threshold=8.5000000000000018 364117.28832442075 1.0000000180025095e-35 366993.66020254261 1.5000000000000002 1.0000000180025095e-35 1.0000000180025095e-35 0.25000000000000011
decision_type=10 10 8 2 2 10 2 2
left_child=2 -2 6 4 -4 -3 7 -1
right_child=1 5 3 -5 -6 -7 -8 -9
leaf_value=0.00011194504106569291 0.0001660309376402219 -0.0015664946457235635 0.00043053936565067111 -0.00038068725669844185 -0.00026754555236562297 -0.00067575958462485109 0.0002795513496527254 -5.5876717702807434e-05
leaf_weight=72 47 28 70 121 30 29 52 113
leaf_count=72 47 28 70 121 30 29 52 113
internal_value=-9.82731e-05 -0.00039696 -3.85319e-06 -0.000121823 9.04876e-05 -0.00107499 8.09385e-05 7.42689e-06
internal_weight=562 104 458 221 100 57 237 185
internal_count=562 104 458 221 100 57 237 185
is_linear=0
shrinkage=0.0167612


Tree=395
num_leaves=8
num_cat=0
split_feature=11 12 212 192 198 71 52
split_gain=0.0379254 0.09934 0.132508 0.0531378 0.0413014 0.0150486 0.0129311
threshold=-0.24999999999999994 1.0000000180025095e-35 0.99999999998764666 3.5000000000000004 1.0000000180025095e-35 181.50000000000003 68172.773079333201
decision_type=2 2 8 8 8 8 8
left_child=1 4 -3 -2 5 -1 -5
right_child=3 2 -4 6 -6 -7 -8
leaf_value=-0.00013341065101005141 -0.00061698125946317442 7.6910032934052953e-05 0.000912307265368839 1.9966430086230154e-05 -0.00049722277299253409 0.00017997894480915099 -0.00015177696922888344
leaf_weight=62 50 35 54 47 45 37 232
leaf_count=62 50 35 54 47 45 37 232
internal_value=-9.63845e-05 2.73635e-05 0.000428767 -0.000211152 -0.000170303 -2.7046e-05 -9.52819e-05
internal_weight=562 233 89 329 144 99 279
internal_count=562 233 89 329 144 99 279
is_linear=0
shrinkage=0.0167612


Tree=396
num_leaves=10
num_cat=0
split_feature=13 106 222 13 160 7 213 100 105
split_gain=0.0361962 0.0915491 0.041669 0.0990604 0.0408675 0.0372768 0.0275662 0.0130941 0.0202663
threshold=816284.22619047633 -73069.706349206375 1.0000000180025095e-35 333574.23410256417 42.259103641456598 1.0000000180025095e-35 5.3750000000000009 378636.58806818194 101.50000000000001
decision_type=2 8 8 2 8 2 8 10 8
left_child=2 -2 4 6 -1 -6 -4 -3 -9
right_child=1 7 3 -5 5 -7 -8 8 -10
leaf_value=-6.5370544115601892e-05 -0.00088698953812976951 5.3473073250651151e-05 -3.1091447372237587e-05 -0.0005037317213022163 0.00010883034403523922 0.00067646794727940535 0.00031590606685261553 -0.00044009636125590665 -6.6051018430921389e-05
leaf_weight=66 28 46 35 108 117 34 65 27 36
leaf_count=66 28 46 35 108 117 34 65 27 36
internal_value=-9.52765e-05 -0.00030637 -4.01354e-06 -0.000171937 0.000132381 0.000297707 8.20054e-05 -5.63305e-05 -0.000193272
internal_weight=562 137 425 208 217 151 100 109 63
internal_count=562 137 425 208 217 151 100 109 63
is_linear=0
shrinkage=0.0167612


Tree=397
num_leaves=10
num_cat=1
split_feature=13 55 1 188 186 161 151 209 160
split_gain=0.31583 0.29215 0.212866 0.161742 0.0223652 0.0378868 0.0104892 0.00520983 0.000333339
threshold=457860.51196581201 1.0000000180025095e-35 0 1.0000000180025095e-35 1020592.8127490182 656555.58531746047 42.500000000000007 15.000000000000002 21.475106685633005
decision_type=2 8 1 8 8 10 8 10 8
left_child=2 -2 6 -4 8 -6 -1 -5 -3
right_child=1 4 3 7 5 -7 -8 -9 -10
leaf_value=-0.00024410154064025418 -0.0015014364394365406 -4.3711009151201832e-05 0.0015320663923464083 0.00042659175767757528 -0.00050484454634581902 -9.463325089785608e-05 -1.1660486013389054e-05 0.00014309224300952937 -5.1075884821607791e-06
leaf_weight=49 30 38 40 44 123 51 62 32 93
leaf_count=49 30 38 40 44 123 51 62 32 93
internal_value=-9.40783e-05 -0.000416187 0.000333976 0.000774224 -0.000244446 -0.000352854 -5.03405e-05 0.00038808 -3.05218e-05
internal_weight=562 335 227 116 305 174 111 76 131
internal_count=562 335 227 116 305 174 111 76 131
cat_boundaries=0 1
cat_threshold=17
is_linear=0
shrinkage=0.0167612


Tree=398
num_leaves=8
num_cat=0
split_feature=152 137 72 12 103 151 105
split_gain=0.0196822 0.102771 0.0933481 0.0659159 0.0723419 0.0207818 0.0207407
threshold=605930.61559139797 834304.71793478273 1.0000000180025095e-35 1.0000000180025095e-35 166680.45097451881 8.5000000000000018 98.500000000000014
decision_type=8 8 8 2 8 8 10
left_child=1 -1 -3 4 -2 -5 -6
right_child=3 2 -4 5 6 -7 -8
leaf_value=3.2569474886664307e-05 0.00011413042825341071 -0.0012545176805347402 -0.00023742697243056579 4.7350072536296284e-05 -0.00044234337768198485 0.00033387384505440329 -0.00011271470003479457
leaf_weight=46 74 26 35 58 173 110 40
leaf_count=46 74 26 35 58 173 110 40
internal_value=-9.28211e-05 -0.000277326 -0.000682034 -2.53727e-05 -0.000184048 0.000194285 -0.000353937
internal_weight=562 107 61 455 287 168 213
internal_count=562 107 61 455 287 168 213
is_linear=0
shrinkage=0.0167612


Tree=399
num_leaves=7
num_cat=0
split_feature=13 88 137 99 137 219
split_gain=0.0761302 0.0309131 0.0230128 0.121155 0.005653 0.000571068
threshold=181038.38461538462 1380.0000000000002 1014286.2584033615 60.500000000000007 1284413.0833333337 933322.69444444461
decision_type=2 8 8 10 8 8
left_child=-1 4 5 -4 -2 -3
right_child=1 2 3 -5 -6 -7
leaf_value=0.00044958323227829462 0.00018072889193017835 1.0388926465214495e-05 -0.00014094260851964295 -0.00094376049179348785 1.6362053773053739e-05 -4.3900407627461878e-05
leaf_weight=24 42 66 302 36 35 57
leaf_count=24 42 66 302 36 35 57
internal_value=-9.06575e-05 -0.000147827 -0.000207178 -0.000277743 4.70017e-05 -2.7329e-05
internal_weight=562 538 461 338 77 123
internal_count=562 538 461 338 77 123
is_linear=0
shrinkage=0.0167612


Tree=400
num_leaves=9
num_cat=0
split_feature=13 148 178 156 82 54 117 146
split_gain=0.1867 0.0671985 0.0631315 0.0921399 0.044815 0.0400551 0.0107607 0.00835481
threshold=218433.03935860062 1.0000000180025095e-35 20.500000000000004 3.108974358974359 0.91031704343113984 1.0000000180025095e-35 46.000000000000007 1.0000000180025095e-35
decision_type=2 8 8 8 10 10 10 8
left_child=1 -1 3 -2 7 -5 -6 -4
right_child=2 -3 4 5 6 -7 -8 -9
leaf_value=0.00030879099372478646 -0.00027983514423847238 0.0012486883184550553 -0.00059297882634107865 0.00072901724323533226 -0.00013349429784240933 0.00011328676042060603 0.00010545386956328941 -0.00022726323459634578
leaf_weight=25 37 31 56 48 56 74 87 166
leaf_count=25 37 31 56 48 56 74 87 166
internal_value=7.38992e-07 0.000721822 -8.23761e-05 0.000138526 -0.000211552 0.000395734 -2.44543e-05 -0.000355945
internal_weight=580 56 524 159 365 122 143 222
internal_count=580 56 524 159 365 122 143 222
is_linear=0
shrinkage=0.0167612


Tree=401
num_leaves=11
num_cat=0
split_feature=13 213 178 19 71 157 196 56 63 157
split_gain=0.115608 0.155601 0.200767 0.074764 0.0792797 0.0844419 0.0370539 0.0287749 0.0227116 0.00512825
threshold=538965.77081644267 3.3750000000000004 9.5000000000000018 13.500000000000002 116.50000000000001 1.0000000180025095e-35 6.5000000000000009 536228.92644566402 1.0000000180025095e-35 1.0000000180025095e-35
decision_type=2 10 10 10 10 10 8 10 10 10
left_child=1 6 -3 7 5 -5 -1 -2 -8 -9
right_child=3 2 -4 4 -6 -7 8 9 -10 -11
leaf_value=0.00038823562417494313 -0.00012921471569300863 0.00031029775733432065 0.0015487465612592512 -0.0010411802225228479 -0.00014753012230159755 -0.00020245416700645976 -2.5442150313931254e-07 0.00043709855835382793 -0.00028609761365791238 8.1895652102127492e-05
leaf_weight=30 79 31 34 65 39 45 140 27 53 37
leaf_count=30 79 31 34 65 39 45 140 27 53 37
internal_value=4.4372e-07 0.000238304 0.000824955 -0.000206167 -0.000455369 -0.00068989 1.84287e-05 -2.38318e-05 -4.59733e-05 0.000244017
internal_weight=580 288 65 292 149 110 223 143 193 64
internal_count=580 288 65 292 149 110 223 143 193 64
is_linear=0
shrinkage=0.0167612


Tree=402
num_leaves=7
num_cat=0
split_feature=4 96 13 171 13 56
split_gain=0.116292 0.0454093 0.120994 0.179688 0.0424244 0.0360736
threshold=30.500000000000004 3.5000000000000004 496258.12121212127 1.0000000180025095e-35 249612.22396605703 733706.43939393957
decision_type=2 8 2 10 2 10
left_child=-1 2 3 -2 -3 -4
right_child=1 4 5 -5 -6 -7
leaf_value=0.0006056678093365837 0.0011630034836859059 -2.4499749685275275e-05 -0.00037136927119940904 9.3198407153125692e-05 -0.00038537342622832433 -1.723233919924483e-05
leaf_weight=47 37 40 89 72 162 133
leaf_count=47 37 40 89 72 162 133
internal_value=9.98336e-07 -5.5135e-05 3.69333e-05 0.000452219 -0.000245453 -0.000139856
internal_weight=580 533 331 109 202 222
internal_count=580 533 331 109 202 222
is_linear=0
shrinkage=0.0167612


Tree=403
num_leaves=9
num_cat=1
split_feature=118 0 13 78 146 25 10 194
split_gain=0.0403907 0.159867 0.106803 0.0817037 0.0782193 0.0663223 0.0275126 0.0086016
threshold=17.500000000000004 0 1097694.524140212 0.26120857699805072 1.0000000180025095e-35 22.01827485380117 0.68301270189221941 1.0000000180025095e-35
decision_type=8 9 2 8 10 8 2 10
left_child=5 3 4 -2 -3 -1 7 -7
right_child=1 2 -4 -5 -6 6 -8 -9
leaf_value=0.00059974063854399857 8.5050208305691429e-05 -0.0002839504750773184 -0.0009235178029213312 0.00066709949287453794 0.00029222488645905037 -3.7529205538875531e-05 0.00028110838714219929 -0.00032874716340745212
leaf_weight=54 38 219 36 84 38 52 33 26
leaf_count=54 38 219 36 84 38 52 33 26
internal_value=1.5921e-06 -6.81289e-05 -0.000284691 0.000333289 -0.000151681 0.000213873 3.08227e-05 -0.000141941
internal_weight=580 415 293 122 257 165 111 78
internal_count=580 415 293 122 257 165 111 78
cat_boundaries=0 1
cat_threshold=82540
is_linear=0
shrinkage=0.0167612


Tree=404
num_leaves=10
num_cat=0
split_feature=209 6 95 207 101 169 146 67 12
split_gain=0.0416663 0.209048 0.0722211 0.0468972 0.0360374 0.0322834 0.0271953 0.0445853 0.0302356
threshold=1.0000000180025095e-35 1.5000000000000002 3.5000000000000004 145364.83863772839 1.1395592450430987 57.000000000000007 1.0000000180025095e-35 697094.13043478271 1.0000000180025095e-35
decision_type=8 2 10 8 8 8 8 8 2
left_child=1 2 -1 5 -4 -2 7 -5 -8
right_child=3 -3 4 6 -6 -7 8 -9 -10
leaf_value=0.00029133855095427887 1.3673825571074585e-05 0.0010367900414390439 -0.00076983664930097885 -0.00015749818217926652 -0.00017453699498958832 0.000446431843574237 -0.00021536354818916501 -0.00065261372974873119 0.0001205029124283966
leaf_weight=24 141 36 29 30 26 34 118 62 80
leaf_count=24 141 36 29 30 26 34 118 62 80
internal_value=1.41568e-06 0.000260643 -3.46931e-05 -5.2131e-05 -0.000417331 0.000116828 -0.000189758 -0.000410297 -4.85489e-05
internal_weight=580 115 79 465 55 175 290 92 198
internal_count=580 115 79 465 55 175 290 92 198
is_linear=0
shrinkage=0.0167612


Tree=405
num_leaves=9
num_cat=0
split_feature=92 129 118 82 125 160 149 10
split_gain=0.053618 0.0332624 0.0277316 0.0607868 0.0486501 0.107002 0.0156968 0.0145061
threshold=-0.73490990505011011 0.029000980847503358 20.500000000000004 0.99999999997786726 1.0000000180025095e-35 53.287878787878789 1.0000000180025095e-35 1.0000000180025095e-35
decision_type=8 8 10 8 8 8 10 2
left_child=1 -1 4 -4 5 -2 -5 -6
right_child=2 -3 3 6 7 -7 -8 -9
leaf_value=0.00062485885554789983 -6.930688155576997e-06 0.00013161345368069313 -0.00062015129467869442 0.0001643399504909658 -0.00017952852915555751 0.0007847939907874678 -0.00013841503420158272 -8.3672082944929151e-07
leaf_weight=46 25 31 43 38 133 49 85 130
leaf_count=46 25 31 43 38 133 49 85 130
internal_value=2.17859e-06 0.000349906 -4.48204e-05 -0.000211864 1.48279e-05 0.0003409 -2.79473e-05 -5.74263e-05
internal_weight=580 77 503 166 337 74 123 263
internal_count=580 77 503 166 337 74 123 263
is_linear=0
shrinkage=0.0167612


Tree=406
num_leaves=11
num_cat=1
split_feature=0 13 17 6 106 70 118 23 55 213
split_gain=0.17679 0.419728 0.109621 0.0743179 0.202356 0.0264433 0.0473454 0.0229922 0.0223564 0.0129194
threshold=0 452451.62037037039 1.0000000180025095e-35 1.0000000180025095e-35 1.0000000180025095e-35 830248.49013157911 21.500000000000004 1.0000000180025095e-35 1.0000000180025095e-35 5.1250000000000009
decision_type=9 2 8 2 10 8 10 8 10 8
left_child=2 9 5 4 -3 8 -7 -5 -1 -2
right_child=1 3 -4 7 -6 6 -8 -9 -10 -11
leaf_value=0.0003364253669954424 0.0016318882528877801 -0.0012555330126846496 -0.00082561836111948444 -6.8921401155063736e-06 -8.8373246345808975e-05 -9.238862892640596e-05 -0.00061576462267516586 0.00025379603376284629 2.025027654151232e-05 0.00083714642064932601
leaf_weight=32 31 27 67 141 31 36 34 85 41 55
leaf_count=32 31 27 67 141 31 36 34 85 41 55
internal_value=1.74707e-06 0.000224152 -0.000332419 -2.7029e-05 -0.000469102 -7.78774e-05 -0.000270339 5.65604e-05 6.46717e-05 0.00109617
internal_weight=580 370 210 284 58 143 70 226 73 86
internal_count=580 370 210 284 58 143 70 226 73 86
cat_boundaries=0 1
cat_threshold=35521667
is_linear=0
shrinkage=0.0167612


Tree=407
num_leaves=11
num_cat=0
split_feature=11 82 15 144 7 103 180 7 15 188
split_gain=0.0535596 0.12071 0.0864552 0.0604866 0.163083 0.0726168 0.0366464 0.0124196 0.0250093 0.00114253
threshold=0.6830127018922193 1.1041307973303409 1.0000000180025095e-35 0.98387096774193561 1.0000000180025095e-35 309718.52043710084 15.500000000000002 1.0000000180025095e-35 1.0000000180025095e-35 1.0000000180025095e-35
decision_type=2 10 2 10 2 8 10 2 2 8
left_child=3 2 -2 7 5 -5 -4 8 -1 -9
right_child=1 -3 6 4 -6 -7 -8 9 -10 -11
leaf_value=-2.5748081577335136e-05 -0.00012148190104793235 0.00022854279993680371 -0.0004705598601555457 -0.00020047581390507133 0.0011360327633743075 0.00049207534571284563 -0.0013666557940378704 -6.4079882028197937e-05 0.00026238463443339352 -0.00028491611249308464
leaf_weight=152 60 46 33 63 29 33 27 32 74 31
leaf_count=152 60 46 33 63 29 33 27 32 74 31
internal_value=1.38263e-06 -0.000213292 -0.00051146 0.000113257 0.000387978 6.32268e-05 -0.000905384 6.87973e-06 4.00536e-05 -0.000173791
internal_weight=580 166 120 414 125 96 60 289 226 63
internal_count=580 166 120 414 125 96 60 289 226 63
is_linear=0
shrinkage=0.0167612


Tree=408
num_leaves=8
num_cat=0
split_feature=36 11 36 182 72 17 103
split_gain=0.124145 0.084931 0.199121 0.0462819 0.0441987 0.0341961 0.0240005
threshold=24.500000000000004 -0.24999999999999994 81.500000000000014 633459.43405139854 1.0000000180025095e-35 1.0000000180025095e-35 224380.37179900799
decision_type=8 2 8 8 10 8 10
left_child=5 4 -3 -4 6 -1 -2
right_child=1 2 3 -5 -6 -7 -8
leaf_value=0.00093783024252955694 3.0035549288525261e-05 -0.0011458788352282105 0.00019032625159779438 -0.00023824503997492226 0.00042512562774866771 0.00022385230879246526 -0.00032075503691700178
leaf_weight=25 130 40 34 241 42 24 27
leaf_count=25 130 40 34 241 42 24 27
internal_value=-6.97028e-05 -0.00015998 -0.000330688 -0.000148798 5.37149e-05 0.000511295 -2.02223e-06
internal_weight=563 514 315 275 199 49 157
internal_count=563 514 315 275 199 49 157
is_linear=0
shrinkage=0.0167612


Tree=409
num_leaves=7
num_cat=0
split_feature=60 122 13 132 144 127
split_gain=0.0887264 0.0704456 0.144908 0.0539354 0.0239717 0.00567155
threshold=2.5000000000000004 1.0000000180025095e-35 937347.0086904763 302328.70833333343 0.57258064516129037 1.0000000180025095e-35
decision_type=8 10 2 10 8 10
left_child=5 2 3 -2 -4 -1
right_child=1 -3 4 -5 -6 -7
leaf_value=0.000538460531832449 -1.9508034829202046e-05 -0.00064382122037240385 -0.00024424241083403605 0.00038472148439567654 -0.00082239339400390148 0.00012871634536715286
leaf_weight=45 273 46 26 77 65 31
leaf_count=45 273 46 26 77 65 31
internal_value=-6.80695e-05 -0.000162216 -7.92077e-05 5.14395e-05 -0.000584002 0.000342204
internal_weight=563 487 441 350 91 76
internal_count=563 487 441 350 91 76
is_linear=0
shrinkage=0.0167612


Tree=410
num_leaves=8
num_cat=0
split_feature=122 208 52 105 119 149 148
split_gain=0.0724548 0.0966733 0.0509413 0.061047 0.0422442 0.0617405 0.0250756
threshold=1.0000000180025095e-35 15.500000000000002 136109.56289869937 113.50000000000001 57061750.615410261 1.0000000180025095e-35 1.0000000180025095e-35
decision_type=10 8 8 10 10 10 8
left_child=1 4 6 -4 -1 -6 -3
right_child=-2 2 3 -5 5 -7 -8
leaf_value=0.00012783729087784699 -0.000532533936067189 1.7971797420249957e-05 -0.00038258009156890132 7.9431733947314985e-05 0.00020432266647503187 0.00078721825693824673 0.00033463557373224879
leaf_weight=31 48 62 239 36 30 70 47
leaf_count=31 48 62 239 36 30 70 47
internal_value=-6.69709e-05 -2.34541e-06 -0.000135095 -0.000265832 0.000339867 0.000532279 7.75875e-05
internal_weight=563 515 384 275 131 100 109
internal_count=563 515 384 275 131 100 109
is_linear=0
shrinkage=0.0167612


Tree=411
num_leaves=10
num_cat=0
split_feature=119 13 6 144 13 107 173 144 100
split_gain=0.131844 0.0677735 0.123403 0.144861 0.0609755 0.0785364 0.00823948 0.00571836 0.00505556
threshold=57582460.312224261 287344.33333333343 1.5000000000000002 0.78709677419354851 421594.51016260165 630.00000000000011 1.0000000180025095e-35 0.18333333333333332 670718.75000000012
decision_type=10 2 2 10 2 10 10 10 10
left_child=1 -1 3 -3 5 -2 8 -4 -6
right_child=4 2 7 -5 6 -7 -8 -9 -10
leaf_value=4.7857033237603322e-05 0.00026060409972924873 -0.00035208531822219342 -9.7536665713991459e-06 -0.0013153530776263658 3.5803474483546159e-05 0.0011455228888736051 -5.512455047938424e-05 0.00014228021394862382 0.00022255825414522009
leaf_weight=68 27 158 73 40 47 26 39 30 55
leaf_count=68 27 158 73 40 47 26 39 30 55
internal_value=-6.60153e-05 -0.000255203 -0.00037584 -0.00061085 0.000237657 0.000637068 3.90289e-05 -4.78487e-05 0.000125836
internal_weight=563 369 301 198 194 53 141 103 102
internal_count=563 369 301 198 194 53 141 103 102
is_linear=0
shrinkage=0.0167612


Tree=412
num_leaves=7
num_cat=0
split_feature=60 213 122 6 14 205
split_gain=0.0767871 0.0977973 0.157073 0.108538 0.0631897 0.0327561
threshold=1.5000000000000002 3.5000000000000004 1.0000000180025095e-35 1.5000000000000002 18.000000000000004 6.5000000000000009
decision_type=8 10 10 2 2 10
left_child=5 2 4 -3 -2 -1
right_child=1 3 -4 -5 -6 -7
leaf_value=0.00013809357826174672 -0.00023760722257068072 9.6234557540035448e-05 -0.0010383796312468689 0.00089110089955468479 0.00018667879481844754 0.00074997768289391045
leaf_weight=31 339 36 31 29 73 24
leaf_count=31 339 36 31 29 73 24
internal_value=-6.44422e-05 -0.000141458 -0.000243635 0.000300349 -0.000136022 0.000367134
internal_weight=563 508 443 65 412 55
internal_count=563 508 443 65 412 55
is_linear=0
shrinkage=0.0167612


Tree=413
num_leaves=10
num_cat=0
split_feature=192 161 70 219 148 182 70 17 203
split_gain=0.0803538 0.0477404 0.0744778 0.20505 0.0440632 0.0131233 0.0163446 0.00639331 0.000488676
threshold=2.5000000000000004 258492.09090909097 1009339.2814828764 397622.06101190485 1.0000000180025095e-35 1198090.6301264262 972139.27330874547 1.0000000180025095e-35 1.0000000180025095e-35
decision_type=8 10 8 10 8 8 8 10 8
left_child=7 2 4 -4 -2 6 -3 -1 -7
right_child=1 5 3 -5 -6 8 -8 -9 -10
leaf_value=0.00051799673203838646 -0.00015451484351176875 0.00010746308952747477 -0.00020713260354195638 -0.0013020713245981835 0.00032335457534037249 7.9262959083501183e-06 0.0004748751773860963 0.00012278563599546672 -4.1624202780147152e-05
leaf_weight=45 65 25 231 30 58 26 27 31 25
leaf_count=45 65 25 231 30 58 26 27 31 25
internal_value=-6.30273e-05 -0.000153277 -0.000246888 -0.000405271 -8.39956e-06 7.06668e-05 0.000251203 0.000326437 1.89524e-05
internal_weight=563 487 384 261 123 103 52 76 51
internal_count=563 487 384 261 123 103 52 76 51
is_linear=0
shrinkage=0.0167612


Tree=414
num_leaves=9
num_cat=0
split_feature=122 13 173 131 101 123 161 9
split_gain=0.06881 0.100855 0.255256 0.112621 0.046239 0.0403032 0.0104665 0.00855877
threshold=1.0000000180025095e-35 468254.25315579714 1.0000000180025095e-35 1.0000000180025095e-35 1.1346091678415891 1.0000000180025095e-35 1157987.6493055557 1.0000000180025095e-35
decision_type=10 2 8 10 8 8 8 2
left_child=1 2 3 -1 6 -6 -3 -4
right_child=-2 4 7 -5 5 -7 -8 -9
leaf_value=0.00043347454996043211 -0.00051544896089147528 0.00017203045271644622 -3.620416316540526e-06 0.0016416694263258862 -0.00069929335181115521 -0.00013832064800450587 -6.1902169040555064e-05 -0.00022902936867019347
leaf_weight=34 48 41 120 31 55 109 101 24
leaf_count=34 48 41 120 31 55 109 101 24
internal_value=-6.19434e-05 -2.16934e-06 0.000258064 0.000974652 -0.000186309 -0.000370046 -2.16703e-05 -2.68648e-05
internal_weight=563 515 209 65 306 164 142 144
internal_count=563 515 209 65 306 164 142 144
is_linear=0
shrinkage=0.0167612


Tree=415
num_leaves=9
num_cat=1
split_feature=19 47 1 36 185 149 73 161
split_gain=0.078054 0.0829376 0.0699086 0.163914 0.0462147 0.0320456 0.007829 0.00395661
threshold=15.500000000000002 36.500000000000007 0 1.0000000180025095e-35 1.0000000180025095e-35 1.0000000180025095e-35 844240.20254629641 718884.38825757592
decision_type=8 8 1 10 10 10 8 10
left_child=5 7 3 -3 -4 -1 -7 -2
right_child=1 2 4 -5 -6 6 -8 -9
leaf_value=5.9207923387617675e-05 5.6036027699465731e-05 0.00034707547059950036 -0.00060940210947504816 -0.00070229176259642998 -0.0001216519090028496 0.00014205887873453135 0.00052520892726545451 0.00036618947577382035
leaf_weight=48 41 86 179 27 52 33 67 30
leaf_count=48 41 86 179 27 52 33 67 30
internal_value=-6.14141e-05 -0.000186413 -0.000307358 -4.36226e-05 -0.000460106 0.000211262 0.000392878 0.000178958
internal_weight=563 415 344 113 231 148 100 71
internal_count=563 415 344 113 231 148 100 71
cat_boundaries=0 1
cat_threshold=68
is_linear=0
shrinkage=0.0167612


Tree=416
num_leaves=7
num_cat=0
split_feature=13 9 129 198 6 62
split_gain=0.109208 0.0426605 0.0217244 0.0158149 0.00484997 0.00418237
threshold=1029411.6643269431 1.0000000180025095e-35 -0.048530913513459978 1.0000000180025095e-35 1.5000000000000002 1.0000000180025095e-35
decision_type=2 2 8 10 2 8
left_child=1 2 -1 -4 -3 -6
right_child=-2 4 3 -5 5 -7
leaf_value=0.00060521120394695896 -0.00035588775710126356 9.0534989220447648e-07 0.00024364134940358515 7.8484933915892824e-05 -4.8186737696527043e-05 -0.00025138295904099221
leaf_weight=49 73 41 320 31 30 26
leaf_count=49 73 41 320 31 30 26
internal_value=0.000106173 0.000205315 0.00028659 0.000208659 2.89134e-06 -0.000125531
internal_weight=570 497 400 351 97 56
internal_count=570 497 400 351 97 56
is_linear=0
shrinkage=0.0167612


Tree=417
num_leaves=8
num_cat=0
split_feature=160 13 25 213 58 73 58
split_gain=0.023657 0.136866 0.0464387 0.0612388 0.0380685 0.060732 0.00436084
threshold=54.534722222222229 468254.25315579714 64.050649350649365 3.5350000000000006 1.0000000180025095e-35 782899.10392156884 1.0000000180025095e-35
decision_type=10 2 10 8 8 8 10
left_child=1 4 3 -3 5 -1 -6
right_child=-2 2 -4 -5 6 -7 -8
leaf_value=0.00022962774189286058 0.00043081400203168283 -0.00047628846550428448 0.00017612969329801188 -3.2190116573391926e-05 0.00013701152105657891 0.00079614582553841112 4.9312063324605093e-05
leaf_weight=28 31 138 31 128 104 86 24
leaf_count=28 31 138 31 128 104 86 24
internal_value=0.000103935 5.90994e-05 -0.000150984 -0.00025264 0.000343882 0.000573629 0.000112632
internal_weight=570 539 297 266 242 114 128
internal_count=570 539 297 266 242 114 128
is_linear=0
shrinkage=0.0167612


Tree=418
num_leaves=8
num_cat=0
split_feature=101 131 47 131 6 55 84
split_gain=0.0328974 0.0589534 0.0654887 0.0176873 0.0161755 0.0145812 0.00561757
threshold=1.0650972086511934 1.0000000180025095e-35 30.500000000000004 1.0000000180025095e-35 1.0000000180025095e-35 1.0000000180025095e-35 33.500000000000007
decision_type=8 10 10 10 2 10 8
left_child=1 5 -3 4 -2 -1 -6
right_child=3 2 -4 -5 6 -7 -8
leaf_value=-0.00023011996384502588 0.00024053056891041807 0.00071691376436547327 0.00017369441174588051 -0.00016629328607810121 0.00011818819216536854 7.3712442009516243e-05 -5.4269342797159546e-05
leaf_weight=24 76 88 33 91 38 74 146
leaf_count=24 76 88 33 91 38 74 146
internal_value=0.000102779 0.000251676 0.000480369 5.19623e-06 6.86026e-05 4.03114e-05 6.326e-06
internal_weight=570 219 121 351 260 98 184
internal_count=570 219 121 351 260 98 184
is_linear=0
shrinkage=0.0167612


Tree=419
num_leaves=10
num_cat=1
split_feature=0 13 73 197 141 105 3 131 204
split_gain=0.0564444 0.0996169 0.109626 0.0421787 0.0377462 0.0545933 0.00879768 0.00119433 0.000522079
threshold=0 643622.38376068382 102741.31818181819 0.11269841269841267 1.0000000180025095e-35 166.00000000000003 6.5000000000000009 1.0000000180025095e-35 20.500000000000004
decision_type=9 2 10 8 10 8 2 8 10
left_child=3 4 -3 8 7 -6 -5 -2 -1
right_child=1 2 -4 6 5 -7 -8 -9 -10
leaf_value=2.5809654898677714e-05 -5.5639492441635145e-05 -0.00091671368103516206 -0.00011481574800552271 0.0006198126442303948 0.00077841872416294317 9.5316905119727059e-05 0.00022169534388244238 1.243429752502217e-05 -3.2498924182241762e-05
leaf_weight=32 57 46 50 77 32 54 99 98 25
leaf_count=32 57 46 50 77 32 54 99 98 25
internal_value=0.000100766 -1.17741e-05 -0.000421965 0.00028347 0.000126875 0.000370703 0.000428575 1.36528e-05 6.99982e-05
internal_weight=570 337 96 233 241 86 176 155 57
internal_count=570 337 96 233 241 86 176 155 57
cat_boundaries=0 1
cat_threshold=338124
is_linear=0
shrinkage=0.0167612


Tree=420
num_leaves=8
num_cat=0
split_feature=36 134 143 46 46 36 36
split_gain=0.0323442 0.0360211 0.0315875 0.054855 0.0391418 0.0252419 0.0106281
threshold=28.500000000000004 1.0000000180025095e-35 1.0000000180025095e-35 1061662.0138094188 757354.81150793668 215.00000000000003 259.50000000000006
decision_type=8 8 10 8 8 10 8
left_child=1 -1 3 5 -4 -2 -5
right_child=2 -3 4 6 -6 -7 -8
leaf_value=0.00015544885240616001 0.00046286921319170916 0.0006842673611864318 -0.00049873033069151721 -0.00019459315604180967 -6.8450112729156125e-05 0.00010515451104218873 6.7742931148378222e-07
leaf_weight=28 119 38 42 43 35 40 225
leaf_count=28 119 38 42 43 35 40 225
internal_value=9.92989e-05 0.000388324 3.57089e-05 0.000102578 -0.00019663 0.000330198 -3.59846e-06
internal_weight=570 66 504 427 77 159 268
internal_count=570 66 504 427 77 159 268
is_linear=0
shrinkage=0.0167612


Tree=421
num_leaves=8
num_cat=0
split_feature=13 115 141 13 55 31 143
split_gain=0.296226 0.0411945 0.0503616 0.052173 0.0294476 0.0157628 0.03189
threshold=196057.87539472021 883919.83333333337 1.0000000180025095e-35 707484.67359307373 1.0000000180025095e-35 2.5000000000000004 1.0000000180025095e-35
decision_type=2 8 10 2 8 8 8
left_child=-1 2 4 -4 -2 -3 -7
right_child=1 5 3 -5 -6 6 -8
leaf_value=0.0011164516248032925 -0.00045940487246971747 -3.8559786650905489e-05 0.00048293798297502366 4.9325926958047422e-05 -3.5633959101911676e-05 -0.00060265840237987188 -9.7166952526531633e-05
leaf_weight=37 24 54 120 85 46 29 175
leaf_count=37 24 54 120 85 46 29 175
internal_value=9.75909e-05 3.30625e-06 0.000125585 0.000273648 -0.000123334 -0.000149965 -0.000227347
internal_weight=570 533 275 205 70 258 204
internal_count=570 533 275 205 70 258 204
is_linear=0
shrinkage=0.0167612


Tree=422
num_leaves=11
num_cat=1
split_feature=13 1 134 119 182 6 200 95 9 60
split_gain=0.100324 0.105201 0.0554152 0.0340548 0.0262229 0.00994324 0.0266428 0.023073 0.0091995 0.00433325
threshold=668423.75000000012 0 1.0000000180025095e-35 56730846.476067662 674353.63636363647 1.0000000180025095e-35 -8.3530716999999992 23.500000000000004 1.0000000180025095e-35 1.0000000180025095e-35
decision_type=2 1 10 10 10 2 8 8 2 10
left_child=1 8 9 -4 -5 6 -3 -7 -1 -2
right_child=2 5 3 4 -6 7 -8 -9 -10 -11
leaf_value=0.00076716088881896821 -0.00022181751810267138 7.0713327573848498e-05 -0.00027605721247856753 0.00046503731755836558 3.581040440173535e-05 0.00014925464278916288 0.00044435681259932515 -0.00017573115203290025 0.00023704321917979705 -0.00071910507674065034
leaf_weight=104 52 27 35 31 71 47 30 116 28 29
leaf_count=104 52 27 35 31 71 47 30 116 28 29
internal_value=9.59964e-05 0.000271683 -0.000142154 -1.70654e-05 0.000171844 2.1274e-05 0.000172864 -2.14956e-05 0.000592154 -0.000447888
internal_weight=570 352 218 137 102 220 57 163 132 81
internal_count=570 352 218 137 102 220 57 163 132 81
cat_boundaries=0 1
cat_threshold=14
is_linear=0
shrinkage=0.0167612


Tree=423
num_leaves=9
num_cat=0
split_feature=119 13 105 111 111 126 13 3
split_gain=0.0233467 0.143913 0.0712386 0.0492364 0.0437123 0.0404978 0.0410835 0.0176497
threshold=57142459.558967911 577665.66250000009 145.50000000000003 16.786641929499073 9.1333333333333346 116.07631110000001 900858.57142857148 6.5000000000000009
decision_type=8 2 8 8 10 10 2 2
left_child=1 2 -1 -2 -3 6 -5 -7
right_child=3 4 -4 5 -6 7 -8 -9
leaf_value=0.00081689278285962245 0.00054387231911122826 -0.0009364709590576418 9.4647152886656355e-05 6.078711128979775e-05 -0.00020275006640035906 0.00063060523071093192 -0.00036104421044159859 0.00014269257001856063
leaf_weight=32 55 24 50 237 67 32 43 30
leaf_count=32 55 24 50 237 67 32 43 30
internal_value=9.4138e-05 -1.75236e-05 0.000347842 0.000166697 -0.000451774 6.91077e-05 4.32442e-06 0.000371727
internal_weight=570 173 82 397 91 342 280 62
internal_count=570 173 82 397 91 342 280 62
is_linear=0
shrinkage=0.0167612


Tree=424
num_leaves=9
num_cat=1
split_feature=82 160 0 219 11 146 119 73
split_gain=0.0611289 0.0557808 0.0507272 0.106982 0.0399205 0.0322184 0.0198011 0.0148412
threshold=1.1083917100865086 76.101785714285725 0 794118.91807674535 1.0000000180025095e-35 1.0000000180025095e-35 57061750.615410261 133169.66666666672
decision_type=10 8 9 8 2 10 8 10
left_child=2 -2 3 -1 5 -4 -6 -5
right_child=1 -3 4 7 6 -7 -8 -9
leaf_value=-0.00018747095558719818 0.00013897471716526797 0.00070415610998483531 -1.7761227406414742e-05 0.00083943572058550503 -0.00054994398968391555 0.00037978107122208475 -0.00011212033286066974 0.00023380941104327434
leaf_weight=24 36 60 170 51 46 27 120 37
leaf_count=24 36 60 170 51 46 27 120 37
internal_value=8.00943e-05 0.000406655 3.03228e-06 0.000257693 -9.1731e-05 1.39583e-05 -0.000277394 0.000590664
internal_weight=571 96 475 112 363 197 166 88
internal_count=571 96 475 112 363 197 166 88
cat_boundaries=0 1
cat_threshold=270476
is_linear=0
shrinkage=0.0167612


Tree=425
num_leaves=9
num_cat=0
split_feature=13 55 9 182 116 121 160 144
split_gain=0.076774 0.0794045 0.0517282 0.0605331 0.0392467 0.0329418 0.0418872 0.0126231
threshold=434550.26875000005 1.0000000180025095e-35 1.0000000180025095e-35 1402689.1960180628 900.00000000000011 2.7120689655172421 44.199607843137265 1.0000000180025095e-35
decision_type=2 8 2 8 8 10 8 8
left_child=2 -2 3 -1 -5 7 -7 -3
right_child=1 5 -4 4 -6 6 -8 -9
leaf_value=0.00089033785704190418 -0.00057738724285683637 -0.00027562608859826269 5.9773945397560149e-05 0.00052651794753409979 3.5978032604175646e-05 6.6114736857660796e-05 0.00045243991011941062 -9.9696957876066997e-06
leaf_weight=46 36 46 41 37 98 43 76 148
leaf_count=46 36 46 41 37 98 43 76 148
internal_value=7.82538e-05 -4.9448e-05 0.000309718 0.000449949 0.000224621 4.01639e-06 0.000218421 -8.89141e-05
internal_weight=571 349 222 181 135 313 119 194
internal_count=571 349 222 181 135 313 119 194
is_linear=0
shrinkage=0.0167612


Tree=426
num_leaves=8
num_cat=1
split_feature=0 121 86 67 70 225 115
split_gain=0.0739131 0.0470589 0.0581351 0.0221331 0.0190919 0.00953391 0.00066749
threshold=0 2.9157801418439719 196057.87539472021 475041.23684210534 433391.55702811241 36.500000000000007 655543.67144808755
decision_type=9 10 10 8 10 8 8
left_child=4 3 -3 -2 -1 -5 -4
right_child=1 2 6 5 -6 -7 -8
leaf_value=0.00063022767059310494 -0.00035351840680016299 0.00065441480239606569 -1.7359727959657883e-05 4.4624344094610537e-05 0.00013486651918977486 -0.00010868453198866187 5.3138324471977632e-05
leaf_weight=69 61 35 36 112 37 180 41
leaf_count=69 61 35 36 112 37 180 41
internal_value=7.62372e-05 9.46768e-07 0.00023857 -0.000110011 0.00040185 -2.60328e-05 4.65982e-05
internal_weight=571 465 112 353 106 292 77
internal_count=571 465 112 353 106 292 77
cat_boundaries=0 1
cat_threshold=264204
is_linear=0
shrinkage=0.0167612


Tree=427
num_leaves=9
num_cat=0
split_feature=47 36 10 83 122 11 144 83
split_gain=0.0462467 0.0517911 0.0753609 0.0772934 0.0487544 0.0331252 0.0202701 0.00624543
threshold=50.500000000000007 3.5000000000000004 0.68301270189221941 0.032795698924731158 1.0000000180025095e-35 -0.24999999999999994 0.13064516129032258 0.047247023809523808
decision_type=10 10 2 8 8 2 10 8
left_child=1 4 3 -3 -1 -6 -2 -4
right_child=6 2 7 -5 5 -7 -8 -9
leaf_value=-0.00031714495284034986 -7.8381282841210963e-05 0.00082236481321101211 -0.00014654502311390683 0.00010791592332135717 0.00037646509341916128 1.3295171691115764e-05 -0.00045632095066276067 1.504781028018079e-05
leaf_weight=69 33 88 38 77 60 138 38 30
leaf_count=69 33 88 38 77 60 138 38 30
internal_value=7.51568e-05 0.000142523 0.000314641 0.000509816 9.32421e-06 0.000111459 -0.000216771 3.92009e-05
internal_weight=571 500 233 165 267 198 71 68
internal_count=571 500 233 165 267 198 71 68
is_linear=0
shrinkage=0.0167612


Tree=428
num_leaves=8
num_cat=1
split_feature=0 182 46 47 54 161 10
split_gain=0.152159 0.0848366 0.0746974 0.0534371 0.0284145 0.0178646 0.0118404
threshold=0 1402689.1960180628 625930.77787475369 53.500000000000007 1.0000000180025095e-35 1328958.0736185384 -0.24999999999999994
decision_type=9 8 10 10 8 8 2
left_child=1 4 -2 6 -1 -6 -4
right_child=2 -3 3 -5 5 -7 -8
leaf_value=-6.7542065900676786e-05 0.00051034340292559655 -0.00045882960965173373 0.00033986078600549326 -0.00041056676938537248 0.00012720144710939659 0.00057179427560017564 3.4375892521256129e-05
leaf_weight=25 196 153 45 25 28 28 71
leaf_count=25 196 153 45 25 28 28 71
internal_value=7.34492e-05 -0.000208308 0.000296057 3.46511e-05 5.9329e-05 0.00031776 0.00016496
internal_weight=571 234 337 141 81 56 116
internal_count=571 234 337 141 81 56 116
cat_boundaries=0 1
cat_threshold=34834193
is_linear=0
shrinkage=0.0167612


Tree=429
num_leaves=9
num_cat=0
split_feature=13 132 10 65 222 58 99 213
split_gain=0.0982688 0.0650035 0.0892891 0.0763019 0.0402791 0.0332709 0.0237603 0.00112646
threshold=425395.61742993857 502703.65000000008 0.25000000000000011 1.0000000180025095e-35 1.0000000180025095e-35 1.0000000180025095e-35 16.500000000000004 1.6550000000000002
decision_type=2 10 2 8 8 10 10 10
left_child=4 2 3 -2 5 -1 -4 -6
right_child=1 -3 6 -5 7 -7 -8 -9
leaf_value=0.00091903375519905291 -0.00040355734013707565 0.00021860559171839921 -0.00075122725441269006 0.00021201561969341837 0.00015185182636178108 0.00028502284220344821 -0.00024105246860379355 4.4174463216414066e-05
leaf_weight=48 52 88 75 119 98 24 25 42
leaf_count=48 52 88 75 119 98 24 25 42
internal_value=7.18295e-05 -7.05195e-05 -0.00021642 -2.13243e-05 0.000342843 0.000651012 -0.000563478 0.00014344
internal_weight=571 359 271 171 212 72 100 140
internal_count=571 359 271 171 212 72 100 140
is_linear=0
shrinkage=0.0167612


Tree=430
num_leaves=11
num_cat=0
split_feature=207 13 71 225 54 18 47 143 160 73
split_gain=0.0626626 0.104378 0.082609 0.0611608 0.0365173 0.0611147 0.00943763 0.150964 0.0035884 0.00310574
threshold=41298.59596377147 218433.03935860062 96.500000000000014 45.500000000000007 1.0000000180025095e-35 1.0000000180025095e-35 1.0000000180025095e-35 1.0000000180025095e-35 82.87777777777778 381424.97159090912
decision_type=10 2 8 8 10 10 10 10 8 10
left_child=1 3 9 -1 5 -3 7 -4 -6 -2
right_child=2 4 6 -5 8 -7 -8 -9 -10 -11
leaf_value=0.00021578193498714637 -7.3643037372008809e-06 -0.00018201956110496859 0.0012394586687438523 0.00098393856769543792 -0.00014190303037442566 0.00031298640772116441 0.00024002237127858841 0.00025059944140496738 -0.00056613350011035376 -0.0001764855639075943
leaf_weight=24 24 191 43 24 35 60 57 35 54 24
leaf_count=24 24 191 43 24 35 60 57 35 54 24
internal_value=7.0984e-05 -2.52302e-05 0.000308406 0.000492861 -0.000150997 -2.47556e-05 0.000535383 0.000719873 -0.000407631 -1.68206e-05
internal_weight=571 388 183 48 340 251 135 78 89 48
internal_count=571 388 183 48 340 251 135 78 89 48
is_linear=0
shrinkage=0.0167612


Tree=431
num_leaves=10
num_cat=1
split_feature=0 47 14 4 121 156 180 95 3
split_gain=0.0880912 0.0681596 0.0219897 0.00676635 0.00622775 0.0270284 0.00776268 0.0057015 0.000982947
threshold=0 25.500000000000004 7.5000000000000009 152.50000000000003 2.5305555555555559 3.1825757575757581 16.500000000000004 95.500000000000014 9.5000000000000018
decision_type=9 10 2 2 10 8 8 8 2
left_child=1 7 3 -2 6 -6 -4 -1 -9
right_child=2 -3 4 -5 5 -7 -8 8 -10
leaf_value=0.00061568716366964388 -8.4524234935974557e-05 3.6317975540430821e-06 -0.00022992027373598168 -0.00049902776040422969 5.2865694586532294e-07 0.00034679218998011883 -5.7485619149564586e-06 6.8322867169673146e-05 0.00023212655667739798
leaf_weight=116 64 39 24 25 40 46 154 39 24
leaf_count=116 64 39 24 25 40 46 154 39 24
internal_value=6.95572e-05 0.000313532 -6.9185e-05 -0.000267767 -4.57428e-06 9.58936e-05 -5.31136e-05 0.000488252 0.000210886
internal_weight=571 218 353 89 264 86 178 179 63
internal_count=571 218 353 89 264 86 178 179 63
cat_boundaries=0 1
cat_threshold=4466830
is_linear=0
shrinkage=0.0167612


Tree=432
num_leaves=11
num_cat=0
split_feature=151 11 144 158 11 109 111 103 18 176
split_gain=0.0667576 0.0924566 0.123833 0.0266352 0.0264689 0.0234678 0.033261 0.00864602 0.00370098 0.000748055
threshold=6.5000000000000009 -0.5 0.98387096774193561 1.0000000180025095e-35 0.6830127018922193 1.0000000180025095e-35 15.035714285714286 190318.73506004663 1.0000000180025095e-35 1.0000000180025095e-35
decision_type=8 2 10 10 2 10 8 8 8 10
left_child=4 2 9 8 5 6 -1 -5 -3 -2
right_child=1 3 -4 7 -6 -7 -8 -9 -10 -11
leaf_value=-0.00017538405723665967 0.00018011120800036945 2.8994558525079895e-05 0.0012299557089100871 -0.00034853884132834436 -6.1420845262151808e-05 -0.00010824975691945315 -0.00061859460383481687 -9.137681093495783e-05 0.00013837720142969396 8.3081454311739541e-05
leaf_weight=29 60 43 25 53 31 37 78 25 157 26
leaf_count=29 60 43 25 53 31 37 78 25 157 26
internal_value=2.81207e-05 0.000158042 0.000516272 9.95616e-06 -0.000200128 -0.000322542 -0.000447507 -0.0002136 9.57002e-05 0.000198654
internal_weight=564 389 111 278 175 144 107 78 200 86
internal_count=564 389 111 278 175 144 107 78 200 86
is_linear=0
shrinkage=0.0167612


Tree=433
num_leaves=8
num_cat=1
split_feature=13 1 18 102 146 207 152
split_gain=0.342824 0.329419 0.327266 0.230966 0.0904753 0.260633 0.0333137
threshold=234613.75000000003 0 1.0000000180025095e-35 1.0000000180025095e-35 1.0000000180025095e-35 4716.2117547809821 611891.66666666686
decision_type=2 1 10 8 8 10 10
left_child=3 2 -2 -1 6 -6 -3
right_child=1 4 -4 -5 5 -7 -8
leaf_value=0.00039415553195669433 -0.001611730677108447 -0.00031511930339492229 -0.00020612757020338482 0.0017008643415227153 0.00081835503973488508 -0.00025866183448122542 9.7365103593559146e-06
leaf_weight=26 57 80 52 40 118 53 138
leaf_count=26 57 80 52 40 118 53 138
internal_value=2.85164e-05 -0.00010435 -0.000779606 0.000942456 9.88784e-05 0.000380532 -6.92137e-05
internal_weight=564 498 109 66 389 171 218
internal_count=564 498 109 66 389 171 218
cat_boundaries=0 1
cat_threshold=19
is_linear=0
shrinkage=0.0167612


Tree=434
num_leaves=9
num_cat=0
split_feature=151 13 67 143 102 71 86 142
split_gain=0.0535754 0.453024 0.0718659 0.0625192 0.0492074 0.049801 0.0328897 0.0210773
threshold=10.500000000000002 234613.75000000003 671523.75000000012 1.0000000180025095e-35 1.0000000180025095e-35 110.50000000000001 753588.66077380965 3.2565789473684217
decision_type=8 2 10 10 8 8 8 8
left_child=2 -2 6 -4 5 -3 -1 -8
right_child=1 4 3 -5 -6 -7 7 -9
leaf_value=-0.00029322137852092362 0.0013779244290181558 -9.1805418077926302e-05 -0.00017629541018149267 -0.0010194267823743436 -0.00021891922543729338 0.00037220921966372766 3.7610375413106757e-05 0.00035045477485358601
leaf_weight=30 39 42 38 26 174 100 57 58
leaf_count=30 39 42 38 26 174 100 57 58
internal_value=2.74855e-05 0.000159125 -0.0001501 -0.000534724 -1.74742e-05 0.000149047 -1.71387e-05 0.00015231
internal_weight=564 355 209 64 316 142 145 115
internal_count=564 355 209 64 316 142 145 115
is_linear=0
shrinkage=0.0167612


Tree=435
num_leaves=9
num_cat=1
split_feature=13 1 152 197 225 19 196 137
split_gain=0.0866651 0.107431 0.0684597 0.0870372 0.0402739 0.0332069 0.0150143 0.0146821
threshold=978221.85528926493 0 678295.92500000016 0.084523809523809515 15.500000000000002 43.500000000000007 9.5000000000000018 708621.03722943726
decision_type=2 1 8 8 10 10 10 8
left_child=1 5 4 -4 -3 7 -2 -1
right_child=6 2 3 -5 -6 -7 -8 -9
leaf_value=-0.00014027936924976124 -0.00014397576048864091 9.2868536248154191e-05 9.377099162565231e-05 0.00059420469146003363 -0.00041179444535151499 -4.1002842453206179e-05 -0.00057002162197558788 -0.00049986131497555095
leaf_weight=30 29 46 54 208 25 40 55 77
leaf_count=30 29 46 54 208 25 40 55 77
internal_value=2.66094e-05 0.000125303 0.000293375 0.00043463 1.77365e-05 -0.000172998 -0.000367366 -0.00036544
internal_weight=564 480 333 262 71 147 84 107
internal_count=564 480 333 262 71 147 84 107
cat_boundaries=0 1
cat_threshold=131
is_linear=0
shrinkage=0.0167612


Tree=436
num_leaves=7
num_cat=0
split_feature=182 46 122 75 4 156
split_gain=0.0672031 0.0545418 0.184698 0.0793124 0.061969 0.0322482
threshold=315071.49191602325 805406.52411317651 1.0000000180025095e-35 1.0000000180025095e-35 30.500000000000004 22.125000000000004
decision_type=8 8 10 8 2 8
left_child=-1 2 5 -3 -5 -2
right_child=1 3 -4 4 -6 -7
leaf_value=0.00055395995814969893 -0.00024110260832874413 0.00059089143500286366 -0.0010512376135095711 0.00047050051276924574 -7.9268364505526945e-05 0.00015051989581802648
leaf_weight=27 67 44 28 33 267 98
leaf_count=27 67 44 28 33 267 98
internal_value=2.53383e-05 -2.3764e-06 -0.00022304 0.000100845 5.91435e-06 -2.26943e-05
internal_weight=564 537 193 344 300 165
internal_count=564 537 193 344 300 165
is_linear=0
shrinkage=0.0167612


Tree=437
num_leaves=6
num_cat=1
split_feature=182 25 1 46 6
split_gain=0.0688564 0.112539 0.0851486 0.160293 0.151193
threshold=388714.91207142855 4.3974358974358987 0 636037.30832795927 1.5000000000000002
decision_type=8 8 1 10 2
left_child=-1 -2 3 -3 -4
right_child=1 2 4 -5 -6
leaf_value=0.00050626856614147976 -0.00063322474461154554 0.00067394925006387734 7.1436495861542296e-05 -7.737257815433363e-05 -0.00063534599882503358
leaf_weight=41 40 121 192 87 83
leaf_count=41 40 121 192 87 83
internal_value=2.52052e-05 -1.16452e-05 4.22521e-05 0.000283807 -0.000117
internal_weight=564 523 483 208 275
internal_count=564 523 483 208 275
cat_boundaries=0 1
cat_threshold=100
is_linear=0
shrinkage=0.0167612


Tree=438
num_leaves=8
num_cat=1
split_feature=0 82 156 160 150 182 109
split_gain=0.087362 0.0751594 0.0970734 0.0434412 0.0815964 0.0143962 0.00452062
threshold=0 0.95601919712815542 3.2296703296703302 35.499487179487183 42.500000000000007 1015392.0687500001 1.0000000180025095e-35
decision_type=9 8 8 10 8 8 10
left_child=1 -1 -3 4 6 -6 -2
right_child=3 2 -4 -5 5 -7 -8
leaf_value=-0.00010738415272592978 -0.00056729147902556123 1.3382194421063919e-05 0.00062085669018195936 0.00021491111474378872 0.00023651753617242449 -3.0638888907850634e-05 -0.00019453344668478249
leaf_weight=37 118 35 161 27 29 130 27
leaf_count=37 118 35 161 27 29 130 27
internal_value=2.42772e-05 0.000260271 0.000429986 -0.000124715 -0.000212706 -2.23736e-05 -0.000475553
internal_weight=564 233 196 331 304 159 145
internal_count=564 233 196 331 304 159 145
cat_boundaries=0 1
cat_threshold=59748
is_linear=0
shrinkage=0.0167612


Tree=439
num_leaves=10
num_cat=1
split_feature=1 13 13 143 119 25 38 71 18
split_gain=0.0460654 0.265534 0.173587 0.129227 0.0593301 0.0319825 0.0313896 0.0301951 0.0280302
threshold=0 341961.51332199556 656555.58531746047 1.0000000180025095e-35 57114606.217821568 3.9603174603174609 1.0000000180025095e-35 145.50000000000003 1.0000000180025095e-35
decision_type=1 2 2 10 8 8 8 8 10
left_child=1 -1 5 4 -4 -2 -7 -5 -3
right_child=2 8 3 7 -6 6 -8 -9 -10
leaf_value=0.0004771910685154808 0.00020224724693020446 -0.001050663959047254 -0.00029917041565040702 -0.00029240195569961609 0.00025450771909520434 0.00088990255595676622 0.00031732959435954724 -0.0010665242072101198 -0.00035753368342124456
leaf_weight=49 26 46 37 36 125 68 94 31 52
leaf_count=49 26 46 37 36 125 68 94 31 52
internal_value=2.32983e-05 -0.000178486 0.000121924 -0.000131981 3.98188e-05 0.000483589 0.000599373 -0.000651785 -0.000683709
internal_weight=564 147 417 229 162 188 162 67 98
internal_count=564 147 417 229 162 188 162 67 98
cat_boundaries=0 1
cat_threshold=131
is_linear=0
shrinkage=0.0167612


Tree=440
num_leaves=8
num_cat=0
split_feature=84 47 207 152 47 10 82
split_gain=0.0433973 0.0625604 0.0443803 0.0282628 0.0890246 0.0112462 0.00341852
threshold=53.500000000000007 40.500000000000007 184144.60678905266 425259.87508586288 15.500000000000002 0.68301270189221941 0.99999999996784006
decision_type=8 8 8 8 10 2 10
left_child=1 6 -2 -3 -5 -4 -1
right_child=2 3 5 4 -6 -7 -8
leaf_value=0.00044254524009902153 0.00060791618787733599 -0.00048206282661572168 9.2778421806287928e-06 0.00010607433560061456 -0.00051336970576056626 0.0002507164475162684 6.5181994311688701e-05
leaf_weight=32 44 54 145 138 56 38 53
leaf_count=32 44 54 145 138 56 38 53
internal_value=5.47319e-05 -4.07794e-05 0.000227092 -0.000192917 -6.6277e-05 8.12547e-05 0.00024883
internal_weight=560 333 227 248 194 183 85
internal_count=560 333 227 248 194 183 85
is_linear=0
shrinkage=0.0167612


Tree=441
num_leaves=9
num_cat=0
split_feature=19 6 115 119 86 202 70 202
split_gain=0.0312325 0.0650345 0.096558 0.0892171 0.0610734 0.018787 0.0186152 0.00107457
threshold=63.500000000000007 1.5000000000000002 215527.50000000003 56385532.215057991 845755.05607461289 1.0000000180025095e-35 1280349.2013888892 1.0000000180025095e-35
decision_type=8 2 10 10 8 10 8 10
left_child=1 2 4 -3 -1 -4 -2 -5
right_child=6 3 5 7 -6 -7 -8 -9
leaf_value=-0.00019406400996933257 0.00053457619001900404 0.00080935743820916776 0.00023102982200699546 -1.4835631743197229e-05 -0.00074058537413084662 -4.2392847273557781e-05 0.00010745842122364288 7.7193940516713302e-05
leaf_weight=30 26 26 76 64 88 46 179 25
leaf_count=30 26 26 76 64 88 46 179 25
internal_value=5.42801e-05 -1.56957e-05 -0.000186428 0.000239376 -0.000505554 3.87066e-05 0.000210326 4.15457e-05
internal_weight=560 355 240 115 118 122 205 89
internal_count=560 355 240 115 118 122 205 89
is_linear=0
shrinkage=0.0167612


Tree=442
num_leaves=10
num_cat=1
split_feature=0 13 160 111 14 46 141 10 92
split_gain=0.0885143 0.0877875 0.0663666 0.0628658 0.0633762 0.0520879 0.0455348 0.0157052 0.0134369
threshold=0 900858.57142857148 66.15151515151517 41.38928571428572 18.000000000000004 564813.14368909632 1.0000000180025095e-35 -1.0000000180025095e-35 -0.38178187589153856
decision_type=9 2 8 8 2 8 10 2 10
left_child=3 5 -3 7 -5 -2 -7 8 -1
right_child=1 2 -4 4 -6 6 -8 -9 -10
leaf_value=0.00045609487606844748 0.00012071190309992277 -0.0004966535567350333 0.00012846418703285075 -0.00058890543349514595 -0.00011623803277472217 0.00077422235897384596 0.0002023011672300025 1.7072359517214398e-05 0.00010716307435845962
leaf_weight=29 45 45 39 111 32 106 89 39 25
leaf_count=29 45 45 39 111 32 106 89 39 25
internal_value=5.42869e-05 0.00023176 -7.94832e-05 -0.000152971 -0.000383631 0.000411342 0.000536789 5.26958e-05 0.000250502
internal_weight=560 324 84 236 143 240 195 93 54
internal_count=560 324 84 236 143 240 195 93 54
cat_boundaries=0 1
cat_threshold=33950749
is_linear=0
shrinkage=0.0167612


Tree=443
num_leaves=8
num_cat=1
split_feature=1 14 82 9 213 134 11
split_gain=0.037174 0.0717292 0.117736 0.0520731 0.0400171 0.0149355 0.00793919
threshold=0 18.000000000000004 0.80749564465121315 1.0000000180025095e-35 2.7950000000000004 1.0000000180025095e-35 1.0000000180025095e-35
decision_type=1 2 10 2 8 8 2
left_child=4 2 3 -2 -1 -4 -6
right_child=1 -3 5 -5 6 -7 -8
leaf_value=0.00011705779619915756 -0.00061892562597444935 0.00041276245450685262 1.5609965583607512e-05 -0.00017714711191355368 0.0007243683768672558 0.00019409737327231525 0.00021952658808910749
leaf_weight=25 122 56 83 28 38 153 55
leaf_count=25 122 56 83 28 38 153 55
internal_value=5.32199e-05 1.76145e-07 -0.00010012 -0.000442528 0.000273631 8.49298e-05 0.000477064
internal_weight=560 442 386 150 118 236 93
internal_count=560 442 386 150 118 236 93
cat_boundaries=0 1
cat_threshold=66
is_linear=0
shrinkage=0.0167612


Tree=444
num_leaves=9
num_cat=0
split_feature=118 212 202 213 219 142 25 215
split_gain=0.0432745 0.0679437 0.0829848 0.0570595 0.0390644 0.0455975 0.0330464 0.0290158
threshold=57.000000000000007 0.99999999998103373 1.0000000180025095e-35 2.2050000000000005 187270.43181818185 2.1628787878787885 49.871428571428574 0.40967741935483876
decision_type=8 10 10 10 10 8 10 10
left_child=1 4 6 -2 7 -6 -3 -1
right_child=3 2 -4 -5 5 -7 -8 -9
leaf_value=-0.00018917900346329672 9.1756201263686375e-05 0.00080538034957626623 -9.8158736608626923e-05 0.00071753690242383884 -0.00020137703399956058 -0.00066612236991463126 0.00017131876422397713 0.00024407659072930071
leaf_weight=71 189 46 55 29 24 76 37 33
leaf_count=71 189 46 55 29 24 76 37 33
internal_value=5.27361e-05 -3.92827e-05 0.000181299 0.00022996 -0.00024154 -0.000459959 0.000510463 -3.67959e-05
internal_weight=560 342 138 218 204 100 83 104
internal_count=560 342 138 218 204 100 83 104
is_linear=0
shrinkage=0.0167612


Tree=445
num_leaves=8
num_cat=0
split_feature=13 2 6 69 31 47 143
split_gain=0.0520407 0.0764696 0.0982508 0.130615 0.0721961 0.0459848 0.0242389
threshold=900858.57142857148 2024.5000000000002 1.5000000000000002 1.0000000180025095e-35 2.5000000000000004 4.5000000000000009 1.0000000180025095e-35
decision_type=2 2 2 8 8 10 8
left_child=1 2 4 -4 -1 -2 -3
right_child=5 6 3 -5 -6 -7 -8
leaf_value=-0.00054183842445277772 -7.8979159981279543e-05 0.00069709584711743914 0.00078304539040951961 -3.0878926785294103e-05 -3.6375305767799904e-05 -0.00050865731956866854 0.00020415130768549114
leaf_weight=90 35 54 63 44 100 59 115
leaf_count=90 35 54 63 44 100 59 115
internal_value=5.22781e-05 0.000135253 8.00767e-06 0.000327621 -0.000230994 -0.000226876 0.00039656
internal_weight=560 466 297 107 190 94 169
internal_count=560 466 297 107 190 94 169
is_linear=0
shrinkage=0.0167612


Tree=446
num_leaves=8
num_cat=0
split_feature=151 13 6 54 9 215 188
split_gain=0.0619301 0.13418 0.103197 0.0991139 0.0838486 0.0414776 0.0115215
threshold=1.5000000000000002 382991.82352941186 1.0000000180025095e-35 1.0000000180025095e-35 1.0000000180025095e-35 0.51666666666666672 1.0000000180025095e-35
decision_type=8 2 2 10 2 8 10
left_child=6 4 3 -3 -2 -4 -1
right_child=1 2 5 -5 -6 -7 -8
leaf_value=-0.00038142398654804712 0.0008123677608272283 -0.0010585852268593424 -5.8956294900217255e-06 -0.00013891192778167622 0.0002223723091005827 0.00032431207614213578 -0.00010333562112989215
leaf_weight=74 99 28 133 45 28 127 26
leaf_count=74 99 28 133 45 28 127 26
internal_value=5.15623e-05 0.000143909 3.20354e-06 -0.000473361 0.000555504 0.000119145 -0.000247083
internal_weight=560 460 333 73 127 260 100
internal_count=560 460 333 73 127 260 100
is_linear=0
shrinkage=0.0167612


Tree=447
num_leaves=11
num_cat=0
split_feature=13 200 6 202 82 178 144 156 209 182
split_gain=0.0914097 0.11421 0.0514117 0.0725964 0.0858856 0.0463812 0.0458164 0.0289114 0.0714836 0.0233073
threshold=413546.47417105845 -8.3580425999999992 1.5000000000000002 1.0000000180025095e-35 0.84258032026310248 95.500000000000014 0.90161290322580656 3.55654761904762 10.500000000000002 1289895.9264705884
decision_type=2 8 2 10 10 8 10 8 8 8
left_child=1 9 3 4 -2 -3 -5 -4 -9 -1
right_child=2 5 7 6 -6 -7 -8 8 -10 -11
leaf_value=0.00013390101210990891 -0.00036873346220847705 0.0012051582200546551 -3.595903599642335e-05 -0.00019461257757067891 0.00028490302830094062 0.00042135854962823424 -0.00098196991154649417 0.00077380834020320845 6.7636077366049657e-05 -0.00024278390516833007
leaf_weight=42 73 24 47 39 76 84 38 28 63 46
leaf_count=42 73 24 47 39 76 84 38 28 63 46
internal_value=4.97589e-05 0.000325977 -8.23193e-05 -0.000246141 -2.74345e-05 0.000667859 -0.000600694 0.000101862 0.000295616 5.0461e-05
internal_weight=560 196 364 226 149 108 77 138 91 88
internal_count=560 196 364 226 149 108 77 138 91 88
is_linear=0
shrinkage=0.0167612


Tree=448
num_leaves=9
num_cat=1
split_feature=205 0 117 28 160 179 222 92
split_gain=0.0664884 0.157634 0.0955127 0.0527967 0.037105 0.0232513 0.013914 0.0116862
threshold=48.500000000000007 0 46.000000000000007 16.000000000000004 25.812500000000004 1.0000000180025095e-35 1.0000000180025095e-35 0.90301006081063373
decision_type=8 9 8 8 8 10 10 8
left_child=2 7 -1 6 -4 -6 -3 -2
right_child=1 3 4 -5 5 -7 -8 -9
leaf_value=-0.00071732727246782329 0.00026942629123794025 0.00026141992660040251 -0.00032340720288006925 -0.00024349021614460109 0.00035842619571885791 3.6016199112258056e-05 4.8599437404032983e-05 0.00085825854844608302
leaf_weight=43 24 104 38 148 51 53 39 78
leaf_count=43 24 104 38 148 51 53 39 78
internal_value=2.20768e-05 0.000152976 -0.000199494 -1.29097e-05 -2.32039e-05 0.000138146 0.000150008 0.000615389
internal_weight=578 393 185 291 142 104 143 102
internal_count=578 393 185 291 142 104 143 102
cat_boundaries=0 1
cat_threshold=90136
is_linear=0
shrinkage=0.0167612


Tree=449
num_leaves=10
num_cat=1
split_feature=0 36 158 200 120 137 166 129 10
split_gain=0.0887433 0.115235 0.0748434 0.0535434 0.0533512 0.035258 0.0344492 0.00516462 0.00408699
threshold=0 67.500000000000014 1.0000000180025095e-35 -8.3515575999999978 6.5000000000000009 845259.34966997954 2.5000000000000004 -0.066464013425532389 0.68301270189221941
decision_type=9 10 10 10 10 8 10 10 2
left_child=4 3 8 6 -1 -4 -2 -6 -3
right_child=1 2 5 -5 7 -7 -8 -9 -10
leaf_value=-0.00066084020003940582 0.00030887575718337135 -4.8133023155870152e-06 -0.00024614419847331521 0.0008235581569900135 5.3016012579804998e-05 -0.00093540741157474355 1.0304753986816199e-05 -0.00013553140918725029 0.00012617397451876249
leaf_weight=54 228 62 25 34 26 31 47 42 29
leaf_count=54 228 62 25 34 26 31 47 42 29
internal_value=2.0815e-05 0.000138304 -0.000167011 0.000330475 -0.000298789 -0.00057538 0.000224401 -6.44191e-05 -2.07799e-05
internal_weight=578 456 147 309 122 56 275 68 91
internal_count=578 456 147 309 122 56 275 68 91
cat_boundaries=0 1
cat_threshold=34734083
is_linear=0
shrinkage=0.0167612


Tree=450
num_leaves=10
num_cat=0
split_feature=212 14 9 220 212 50 182 118 8
split_gain=0.0808578 0.0972197 0.0559088 0.0966772 0.0410999 0.0329743 0.0264924 0.00297842 0.00176768
threshold=0.99999999997692623 7.5000000000000009 1.0000000180025095e-35 1.0000000180025095e-35 0.99999999995006472 550000.00000000012 551486.17212363228 49.500000000000007 1.0000000180025095e-35
decision_type=8 2 2 8 10 8 10 8 2
left_child=1 -1 3 4 -2 -4 -3 -5 -7
right_child=2 6 5 7 -6 8 -8 -9 -10
leaf_value=-0.00080655085058014295 0.00093656909135690777 0.00020020441322567367 -0.00042686818646437758 -3.8697832619404093e-05 0.00029119155412336026 7.8820047815897313e-05 -0.00023481445365631856 6.1186268474734109e-05 -1.5430640733463519e-05
leaf_weight=41 48 42 42 78 92 26 41 144 24
leaf_count=41 48 42 42 78 92 26 41 144 24
internal_value=2.00286e-05 -0.000295029 0.000133665 0.000238778 0.000550399 -0.000129529 -5.42259e-05 1.8542e-05 -3.52447e-05
internal_weight=578 124 454 362 140 92 83 222 50
internal_count=578 124 454 362 140 92 83 222 50
is_linear=0
shrinkage=0.0167612


Tree=451
num_leaves=9
num_cat=1
split_feature=0 186 55 54 156 212 55 185
split_gain=0.0850111 0.0943619 0.135065 0.0634089 0.0357895 0.0168607 0.0103714 0.00886046
threshold=0 410824.95700234832 1.0000000180025095e-35 1.0000000180025095e-35 1.572727272727273 0.99999999997648503 1.0000000180025095e-35 1.0000000180025095e-35
decision_type=9 10 10 8 10 8 10 10
left_child=4 3 -3 7 -1 -4 -5 -2
right_child=1 2 5 6 -6 -7 -8 -9
leaf_value=-0.00051907375192167488 0.0011853672751743632 -0.00080146846937885811 -9.3697293185702516e-05 0.00023193666848026932 -0.00012426408283621788 0.00015109171773775422 7.4849948995238405e-05 0.00042347813429229693
leaf_weight=87 26 25 54 148 27 158 29 24
leaf_count=87 26 25 54 148 27 158 29 24
internal_value=1.92457e-05 0.000130778 -5.14331e-05 0.000370036 -0.000303773 3.79242e-05 0.000190986 0.000817662
internal_weight=578 464 237 227 114 212 177 50
internal_count=578 464 237 227 114 212 177 50
cat_boundaries=0 1
cat_threshold=34735105
is_linear=0
shrinkage=0.0167612


Tree=452
num_leaves=9
num_cat=0
split_feature=152 149 176 67 182 70 50 82
split_gain=0.086531 0.0646528 0.0376244 0.086399 0.0175083 0.00627481 0.00405232 0.00197355
threshold=428985.18238993717 1.0000000180025095e-35 1.0000000180025095e-35 460785.3075380915 377239.38374125882 919756.52302631584 550000.00000000012 0.99999999997786726
decision_type=8 8 8 10 8 8 8 8
left_child=1 -1 3 -2 -3 -5 7 -4
right_child=2 4 6 5 -6 -7 -8 -9
leaf_value=-0.00086653850865035678 0.00066774608657197353 9.0193408979053432e-05 -9.0734430717058108e-06 -0.00014419126485764434 -0.00027284194421007429 2.9402815632252385e-05 6.4206623548961436e-05 -7.194537382890341e-05
leaf_weight=28 76 26 37 27 30 32 209 113
leaf_count=28 76 26 37 27 30 32 209 113
internal_value=1.84412e-05 -0.000377664 0.000114866 0.000331467 -9.45066e-05 7.97432e-05 8.3071e-06 -2.70353e-05
internal_weight=578 84 494 135 56 59 359 150
internal_count=578 84 494 135 56 59 359 150
is_linear=0
shrinkage=0.0167612


Tree=453
num_leaves=8
num_cat=0
split_feature=36 75 122 71 197 183 182
split_gain=0.058093 0.117438 0.109181 0.0489184 0.0211475 0.00716653 0.00529944
threshold=16.500000000000004 1.0000000180025095e-35 1.0000000180025095e-35 94.500000000000014 0.44602272727272729 1.0000000180025095e-35 698348.21428571444
decision_type=10 8 10 8 8 10 8
left_child=1 -1 3 -2 -3 -6 -5
right_child=2 4 -4 6 5 -7 -8
leaf_value=0.00084897684531702849 -0.00035296960492001421 0.00032890714339399544 -0.00075516750087167178 2.6651351382496572e-05 3.692272192480454e-05 -0.00012806021845187192 0.00019040645860343624
leaf_weight=30 51 27 34 63 200 65 108
leaf_count=30 51 27 34 63 200 65 108
internal_value=1.77845e-05 0.000172038 -0.000141649 -1.09996e-05 4.70187e-05 3.09776e-06 0.000116485
internal_weight=578 322 256 222 292 265 171
internal_count=578 322 256 222 292 265 171
is_linear=0
shrinkage=0.0167612


Tree=454
num_leaves=9
num_cat=1
split_feature=0 213 7 129 75 204 41 73
split_gain=0.100392 0.101537 0.0226828 0.0154037 0.0940083 0.00416126 0.00144642 0.00497622
threshold=0 1.8550000000000002 1.0000000180025095e-35 -0.093492225144549482 1.0000000180025095e-35 31.500000000000004 1.0000000180025095e-35 123641.68181818184
decision_type=9 10 2 8 10 8 10 10
left_child=2 5 6 -3 -5 -2 -1 -8
right_child=1 3 -4 4 -6 -7 7 -9
leaf_value=-0.00041319205539538635 0.00088995274299485028 -0.00021746263771678135 -5.3246426136731511e-05 0.00067115834682925698 -4.1391816627894759e-05 0.00039011895312960731 -0.00016862661985919648 -4.4539401137987927e-05
leaf_weight=113 27 37 56 25 157 101 38 24
leaf_count=113 27 37 56 25 157 101 38 24
internal_value=1.74372e-05 0.000199191 -0.000212782 1.56632e-05 5.7094e-05 0.00054241 -0.000326123 -0.000101731
internal_weight=578 347 231 219 182 128 175 62
internal_count=578 347 231 219 182 128 175 62
cat_boundaries=0 1
cat_threshold=35308579
is_linear=0
shrinkage=0.0167612


Tree=455
num_leaves=10
num_cat=1
split_feature=0 115 13 219 141 169 145 125 151
split_gain=0.0804227 0.0914719 0.126963 0.198148 0.0976076 0.0413438 0.0304954 0.0172547 0.0104423
threshold=0 165428.22142857147 668423.75000000012 760345.76134792634 1.0000000180025095e-35 49.500000000000007 1.0000000180025095e-35 1.0000000180025095e-35 1.0000000180025095e-35
decision_type=9 10 2 8 8 10 10 10 10
left_child=5 4 6 -4 -2 8 -3 -6 -1
right_child=1 2 3 -5 7 -7 -8 -9 -10
leaf_value=-0.00068167715930258436 0.00096643536875476931 0.00013661211237238783 -0.0011789076711690646 -5.3996399712001605e-05 0.00024735962830758175 -0.00011467601297757799 0.00062763900144551194 6.6662462734865311e-05 -0.00017496635823086362
leaf_weight=59 34 28 32 110 176 28 42 34 35
leaf_count=59 34 28 32 110 176 28 42 34 35
internal_value=1.71903e-05 0.000129825 -6.82269e-05 -0.000371783 0.000350218 -0.00028647 0.000341268 0.000187928 -0.000502609
internal_weight=578 456 212 142 244 122 70 210 94
internal_count=578 456 212 142 244 122 70 210 94
cat_boundaries=0 1
cat_threshold=34734083
is_linear=0
shrinkage=0.0167612


Tree=456
num_leaves=7
num_cat=1
split_feature=1 103 125 197 53 144
split_gain=0.179 0.107358 0.0847315 0.0828146 0.0293737 0.00351075
threshold=0 77780.481876497579 1.0000000180025095e-35 0.061553030303030311 1.0000000180025095e-35 0.57258064516129037
decision_type=1 8 8 8 8 10
left_child=3 2 -2 -1 5 -3
right_child=1 4 -4 -5 -6 -7
leaf_value=-0.00025616134376860725 -0.00086953437525583101 6.6782278252458562e-05 -0.00012752757410445069 -0.0010265189962821808 0.00029507901949734467 -4.9056870673376793e-05
leaf_weight=28 43 114 43 72 171 95
leaf_count=28 43 114 43 72 171 95
internal_value=-0.000121841 2.01943e-06 -0.000420921 -0.000639912 0.000141031 1.15769e-05
internal_weight=566 466 86 100 380 209
internal_count=566 466 86 100 380 209
cat_boundaries=0 1
cat_threshold=3
is_linear=0
shrinkage=0.0167612


Tree=457
num_leaves=8
num_cat=1
split_feature=0 122 207 74 204 73 196
split_gain=0.268722 0.103164 0.0808127 0.0437705 0.0145425 0.00864925 0.0043146
threshold=0 1.0000000180025095e-35 23868.085980138512 1.0000000180025095e-35 3.5000000000000004 300617.61904761911 11.500000000000002
decision_type=9 10 10 10 10 8 10
left_child=2 3 4 6 -1 -5 -2
right_child=1 -3 -4 5 -6 -7 -8
leaf_value=-0.0013407652737895102 0.00033819095763663626 -0.00057397194833254091 -0.00030694134747012806 -0.00018299923345244237 -0.00062627336649125911 8.3768633685835855e-07 8.3127960839247283e-05
leaf_weight=52 198 24 24 34 47 141 46
leaf_count=52 198 24 24 34 47 141 46
internal_value=-0.000119752 5.54308e-05 -0.000701076 0.000145759 -0.00101751 7.15712e-06 0.000287717
internal_weight=566 443 123 419 99 175 244
internal_count=566 443 123 419 99 175 244
cat_boundaries=0 1
cat_threshold=34734083
is_linear=0
shrinkage=0.0167612


Tree=458
num_leaves=9
num_cat=1
split_feature=1 71 40 73 53 109 11 109
split_gain=0.12159 0.0824606 0.0634514 0.043914 0.0355828 0.0341012 0.00239251 0.00143873
threshold=0 80.500000000000014 1.0000000180025095e-35 146547.10401579991 1.0000000180025095e-35 1.0000000180025095e-35 0.25000000000000017 1.0000000180025095e-35
decision_type=1 8 8 8 8 10 2 10
left_child=1 -1 3 -2 7 -5 -6 -3
right_child=2 4 -4 5 6 -7 -8 -9
leaf_value=-0.00031001109829215063 -0.0002461261956406224 0.00011827147434983146 -8.1080935036333791e-05 -0.00093196345567855951 0.00087017869647513341 -0.00026623668524218671 0.00028180115937953218 4.3305350396372046e-05
leaf_weight=40 25 123 160 85 28 44 31 30
leaf_count=40 25 123 160 85 28 44 31 30
internal_value=-0.000118105 0.000115271 -0.000328059 -0.000575338 0.000286095 -0.000717773 0.000597365 0.000112814
internal_weight=566 252 314 154 212 129 59 153
internal_count=566 252 314 154 212 129 59 153
cat_boundaries=0 1
cat_threshold=44
is_linear=0
shrinkage=0.0167612


Tree=459
num_leaves=7
num_cat=0
split_feature=122 13 11 115 168 20
split_gain=0.10234 0.0377813 0.151736 0.0604444 0.0427994 0.017822
threshold=1.0000000180025095e-35 299199.70343137259 0.25000000000000017 218970.00000000003 1.0000000180025095e-35 1.1945065595818296
decision_type=10 2 2 10 8 8
left_child=1 2 -1 4 -3 -5
right_child=-2 3 -4 5 -6 -7
leaf_value=-9.287135072194137e-05 -0.00067897030239431845 -0.0006907416383207639 0.00084940230565747684 -4.6536940146950168e-05 -0.00014940476505420644 0.00019419127591852934
leaf_weight=57 47 39 37 48 203 135
leaf_count=57 47 39 37 48 203 135
internal_value=-0.000115928 -3.08429e-05 0.000206198 -0.000107204 -0.000280929 6.68443e-05
internal_weight=566 519 94 425 242 183
internal_count=566 519 94 425 242 183
is_linear=0
shrinkage=0.0167612


Tree=460
num_leaves=9
num_cat=0
split_feature=14 70 119 65 225 6 3 158
split_gain=0.155567 0.0752243 0.0397044 0.0400181 0.0310802 0.0462125 0.0154835 0.0130628
threshold=18.000000000000004 1280349.2013888892 57347819.189268582 1.0000000180025095e-35 10.500000000000002 1.0000000180025095e-35 9.5000000000000018 1.0000000180025095e-35
decision_type=2 8 8 8 8 2 2 10
left_child=1 2 7 -4 -3 -6 -2 -1
right_child=6 4 3 -5 5 -7 -8 -9
leaf_value=-6.1532530928581461e-05 0.00019117097023753504 -9.728096688335336e-05 4.1787840730390604e-05 0.00053672814972832651 -0.0009003357425451322 -0.00030543151830974478 0.00076068615827997843 -0.00032426188102047864
leaf_weight=41 54 63 67 34 62 136 30 79
leaf_count=41 54 63 67 34 62 136 30 79
internal_value=-0.000114771 -0.000240074 -1.87205e-05 0.000191585 -0.000425185 -0.000537664 0.000410866 -0.000196512
internal_weight=566 482 221 101 261 198 84 120
internal_count=566 482 221 101 261 198 84 120
is_linear=0
shrinkage=0.0167612


Tree=461
num_leaves=7
num_cat=1
split_feature=114 1 105 47 23 73
split_gain=0.143804 0.187451 0.118127 0.051945 0.04136 0.0023443
threshold=12.500000000000002 0 101.50000000000001 21.500000000000004 1.0000000180025095e-35 393888.28571428574
decision_type=10 1 8 10 8 8
left_child=1 3 -2 -1 5 -3
right_child=2 4 -4 -5 -6 -7
leaf_value=-0.00079372442017200688 -0.0013498200035452731 -9.657766938865728e-06 -0.00027387996894581078 -0.00021441966234010711 0.00038727692388353585 5.7412115385363961e-05
leaf_weight=81 24 50 67 25 149 170
leaf_count=81 24 50 67 25 149 170
internal_value=-0.000112478 -4.25829e-06 -0.000625287 -0.000501222 0.00017844 1.71962e-05
internal_weight=566 475 91 106 369 220
internal_count=566 475 91 106 369 220
cat_boundaries=0 1
cat_threshold=131
is_linear=0
shrinkage=0.0167612


Tree=462
num_leaves=8
num_cat=1
split_feature=0 150 122 73 74 3 166
split_gain=0.247357 0.162692 0.095649 0.0423127 0.0421178 0.0205537 0.00596484
threshold=0 5.5000000000000009 1.0000000180025095e-35 423713.27621951228 1.0000000180025095e-35 1.5000000000000002 5.5000000000000009
decision_type=9 10 10 8 10 2 10
left_child=1 -1 4 -3 5 -2 -6
right_child=2 3 -4 -5 6 -7 -8
leaf_value=-0.0013190438462366513 0.00012393848100408767 2.8389379605481721e-05 -0.00054782696305469161 -0.00047259068290595872 1.103440076806887e-06 0.00034626604275805336 -0.00014340789073529256
leaf_weight=55 24 33 24 35 133 220 42
leaf_count=55 24 33 24 35 133 220 42
internal_value=-0.000110896 -0.000669127 5.64167e-05 -0.000222911 0.000143969 0.000283084 8.9554e-06
internal_weight=566 123 443 68 419 244 175
internal_count=566 123 443 68 419 244 175
cat_boundaries=0 1
cat_threshold=34734083
is_linear=0
shrinkage=0.0167612


Tree=463
num_leaves=6
num_cat=0
split_feature=114 14 102 156 160
split_gain=0.143025 0.101744 0.0670624 0.0511402 0.0150875
threshold=7.5000000000000009 18.000000000000004 1.0000000180025095e-35 2.8563725490196084 13.951190476190478
decision_type=10 2 8 8 8
left_child=1 2 4 -2 -1
right_child=3 -3 -4 -5 -6
leaf_value=-0.00010306082293643085 -0.00019614615353064988 0.00047001102232929791 -0.00034163957691660588 -0.00081799768831621966 0.00014161250965518272
leaf_weight=26 35 79 151 83 192
leaf_count=26 35 79 151 83 192
internal_value=-0.000110066 3.96809e-06 -8.53864e-05 -0.00056345 5.42781e-05
internal_weight=566 448 369 118 218
internal_count=566 448 369 118 218
is_linear=0
shrinkage=0.0167612


Tree=464
num_leaves=9
num_cat=1
split_feature=0 99 70 119 19 161 78 107
split_gain=0.110989 0.0838348 0.0273402 0.0212666 0.020566 0.0126718 0.0178954 0.0105326
threshold=0 10.500000000000002 433391.55702811241 56482423.928638488 3.5000000000000004 602244.69696969714 1.0000000180025095e-35 690.00000000000011
decision_type=9 10 10 10 10 10 8 10
left_child=1 4 3 -2 -1 6 -4 -3
right_child=2 7 5 -5 -6 -7 -8 -9
leaf_value=-0.00074894853162749521 0.00041766089540823674 0.00015433357086391147 -3.0300898998466945e-05 6.1612717212282761e-05 -0.00019153566633317505 0.00014910884598302206 -0.00031714615658655121 -0.0001010880769805276
leaf_weight=87 126 50 47 69 37 60 41 38
leaf_count=87 126 50 47 69 37 60 41 38
internal_value=-3.62044e-06 -0.000287226 0.000157103 0.000289069 -0.000570701 1.76155e-05 -0.000106497 -5.03177e-05
internal_weight=555 212 343 195 124 148 88 88
internal_count=555 212 343 195 124 148 88 88
cat_boundaries=0 1
cat_threshold=1517090
is_linear=0
shrinkage=0.0167612


Tree=465
num_leaves=6
num_cat=1
split_feature=0 83 14 8 201
split_gain=0.120616 0.0914328 0.0684002 0.0430114 0.018478
threshold=0 0.5277777777777779 18.000000000000004 1.0000000180025095e-35 3.0000000000000004
decision_type=9 8 2 2 10
left_child=1 -1 3 4 -2
right_child=2 -3 -4 -5 -6
leaf_value=-0.00014615007650647461 0.00024104313432558215 -0.00081295820784229548 0.00052324602006711344 -0.00037080765258837338 5.3205328312795729e-06
leaf_weight=36 104 71 59 33 252
leaf_count=36 104 71 59 33 252
internal_value=-3.10782e-06 -0.000427651 0.000100967 6.36106e-06 7.70559e-05
internal_weight=555 107 448 389 356
internal_count=555 107 448 389 356
cat_boundaries=0 1
cat_threshold=1377282
is_linear=0
shrinkage=0.0167612


Tree=466
num_leaves=7
num_cat=0
split_feature=9 47 212 46 146 202
split_gain=0.0384147 0.0249506 0.0458904 0.0284768 0.0291438 0.00442522
threshold=1.0000000180025095e-35 43.500000000000007 0.99999999999214573 334929.9644792836 1.0000000180025095e-35 1.0000000180025095e-35
decision_type=2 8 10 8 8 8
left_child=1 2 -1 -3 -5 -2
right_child=5 3 -4 4 -6 -7
leaf_value=0.00057197428698497544 -9.4674886277819209e-05 0.00027401481745933237 6.7477046737310871e-05 -0.00025323134702132528 8.2729031705271801e-06 -0.00039968462716893623
leaf_weight=44 35 45 51 129 190 61
leaf_count=44 35 45 51 129 190 61
internal_value=-2.56611e-06 4.37846e-05 0.000251598 2.13844e-06 -7.1658e-05 -0.000271963
internal_weight=555 459 95 364 319 96
internal_count=555 459 95 364 319 96
is_linear=0
shrinkage=0.0167612


Tree=467
num_leaves=7
num_cat=0
split_feature=156 13 22 13 13 104
split_gain=0.0521327 0.0764641 0.0465432 0.092674 0.0152646 0.00388815
threshold=2.7609523809523813 314876.21041092119 1.0000000180025095e-35 496258.12121212127 715945.07575757592 0.27712264261061342
decision_type=8 2 8 2 2 10
left_child=5 -2 3 -3 -4 -1
right_child=1 2 4 -5 -6 -7
leaf_value=-0.00050710035875454855 0.00041699838427179458 0.0005552561758020608 -0.0003885480514582108 -5.1015880122111291e-05 -7.6571768041622362e-05 -0.000111624636056945
leaf_weight=47 95 55 98 178 45 37
leaf_count=47 95 55 98 178 45 37
internal_value=-2.02702e-06 4.94156e-05 -3.1848e-05 7.44914e-05 -0.000260928 -0.000332598
internal_weight=555 471 376 233 143 84
internal_count=555 471 376 233 143 84
is_linear=0
shrinkage=0.0167612


end of trees

feature_importances:
dynamic_anchor_price=245
month_cos=142
season_strength=114
is_peak_season=81
roomId=73
range_booking_arrival_lag_14_lag_3=73
month_sin=70
price_lag_8_lag_3=67
leftover_rooms_lag_14_lag_3=64
inflation_rate_lag_3=64
status_confirmed_lag_3=56
used_room_nights_lag_14_lag_3=55
price_base_vs_anchor_lag_3=50
is_recent_lag_missing=48
anchor_age_months=48
price_to_mean_ratio_lag_3=48
masterId_lag_3=48
price_lag_24_lag_3=47
price_roll_std_12_lag_3=46
mask_flag_lag_3=46
prop_group_keywords_count_lag_3=45
price_roll_mean_12_lag_3=43
month=41
price_vs_property_avg_lag_3=39
ch_price_per_day_ratio_lag_3=39
status_new_lag_3=38
cal_low_avail_rate_lag_3=38
range_booking_arrival_lag_3_lag_3=37
room_fc_desk_lag_3=37
commission_lag_3_lag_3=37
propertyId=35
price_zscore_property_lag_3=35
used_room_nights_lag_4_lag_3=35
ch_connect_limited_ratio_lag_3=35
room_fc_air_conditioning_lag_3=35
used_room_nights_lag_3_lag_3=33
room_fc_safe_lag_3=33
is_major_holiday_month=32
num_of_nights_lag_4_lag_3=32
quarter=30
season_price_interaction_lag_3=30
price_growth_1_lag_3=30
num_of_nights_lag_14_lag_3=30
ch_publish_ratio_lag_3=30
cal_soldout_rate_lag_3=30
numChild_lag_14_lag_3=29
prop_type_hotel_lag_3=28
price_lag_3_lag_3=28
price_roll_std_3_lag_3=28
is_fallback_anchor=26
price_lag_5_lag_3=26
commission_lag_14_lag_3=26
commission_lag_4_lag_3=26
price_yoy_historical_lag_3=25
price_roll_mean_6_lag_3=25
range_booking_arrival_lag_4_lag_3=25
price_lag_12_lag_3=25
room_fc_wifi_lag_3=24
prop_feature_codes_count_lag_3=23
referer_Booking_com_lag_3=22
numChild_lag_4_lag_3=22
leftover_rooms_lag_4_lag_3=22
prop_latitude_lag_3=22
room_fc_shampoo_lag_3=21
room_fc_toiletries_lag_3=21
room_fc_towels_lag_3=21
price_diff_1_lag_3=21
room_fc_private_bathroom_lag_3=21
price_roll_mean_3_lag_3=21
room_fc_deck_patio_uncovered_lag_3=20
price_lag_15_lag_3=20
room_fc_balcony_lag_3=20
num_of_nights_lag_3_lag_3=20
room_fc_hangers_lag_3=19
room_fc_breakfast_possible_lag_3=19
leftover_rooms_lag_3_lag_3=19
room_fc_restaurant_lag_3=18
cal_numAvail_mean_lag_3=17
price_roll_std_6_lag_3=16
price_lag_14_lag_3=16
room_fc_tv_lag_3=16
room_cfg_feature_count_lag_3=16
price_lag_4_lag_3=16
room_fc_bath_toilet_lag_3=15
ch_connect_inventory_ratio_lag_3=15
year=14
cal_numAvail_max_lag_3=14
room_fc_refrigerator_lag_3=14
allowChannelUpdate_all_lag_3=14
room_fc_airport_shuttle_lag_3=14
prop_checkout_end_min_lag_3=13
reference_45867993_marie_lag_3=12
room_cfg_room_size_lag_3=12
groupNote_Room_Only__lag_3=12
room_fc_breakfast_included_lag_3=12
room_fc_minibar_lag_3=11
allowAutoAction_enable_lag_3=11
room_fc_closets_in_room_lag_3=11
qty_lag_3=11
room_fc_bed_single_lag_3=11
numChild_lag_3_lag_3=11
room_cfg_units_count_lag_3=11
allowReview_default_lag_3=11
prop_type_resort_lag_3=11
arrivalTime_16_3_lag_3=11
prop_longitude_lag_3=11
room_fc_beach_front_lag_3=11
subStatus_none_lag_3=11
room_fc_breakfast_in_room_lag_3=11
room_fc_reception_24_hour_lag_3=10
room_cfg_roomType_twin_lag_3=10
prop_checkin_start_min_lag_3=10
refererEditable_Booking_com_lag_3=10
custom1_Paid_OTA_lag_3=10
peak_price_interaction_lag_3=10
room_cfg_rack_rate_lag_3=9
title_RO_lag_3=9
room_fc_linens_lag_3=9
apiSource_Booking_com_lag_3=9
room_cfg_roomType_double_lag_3=9
cancelTime_2024_08_05T03_15_10Z_lag_3=9
room_cfg_qty_raw_lag_3=9
allowCancellation__type_propertyDefault__lag_3=9
total_capacity_nights=8
room_fc_bed_double_lag_3=8
room_fc_car_available_lag_3=8
room_fc_bicycle_lag_3=8
cal_numAvail_std_lag_3=8
room_fc_cleaning_included_lag_3=8
channel_booking_lag_3=7
prop_checkin_end_min_lag_3=7
room_fc_coffee_maker_lag_3=7
room_fc_bathroom_lag_3=7
room_fc_hair_dryer_lag_3=7
room_cfg_roomType_twindouble_lag_3=6
room_cfg_max_people_lag_3=6
room_fc_laptop_friendly_lag_3=6
prop_type_guesthouse_lag_3=6
room_fc_baggage_storage_lag_3=6
cal_numAvail_min_lag_3=6
voucher_geniuscm_lag_3=6
room_fc_cycling_lag_3=5
cal_days_covered_lag_3=5
ch_enabled_ratio_lag_3=5
room_fc_bedroom_lag_3=5
cal_numAvail_low_days_lag_3=5
prop_type_bungalow_lag_3=5
room_fc_garden_lag_3=5
room_fc_tables_and_chairs_lag_3=5
room_fc_bath_shower_lag_3=5
is_eid_month=4
subStatus_noShow_lag_3=4
room_fc_sitting_area_lag_3=4
room_fc_separate_toilet_area_lag_3=4
room_fc_satellite_lag_3=4
room_fc_luxory_linen_lag_3=4
room_cfg_roomType_quadruple_lag_3=3
prop_type_villa_lag_3=3
cal_numAvail_zero_days_lag_3=3
room_fc_dining_area_lag_3=3
room_fc_kettle_lag_3=3
room_fc_tv_hd_32_plus_lag_3=3
room_cfg_max_adult_lag_3=3
room_fc_cleaning_possible_lag_3=2
room_cfg_min_price_lag_3=2
room_fc_scuba_or_snorkeling_lag_3=2
ch_channel_count_lag_3=1
room_cfg_control_priority_lag_3=1
reference_EJ4657377__lag_3=1
price_lag_36_lag_3=1
room_fc_room_soundproofed_lag_3=1
room_fc_beach_view_lag_3=1
room_fc_bar_lag_3=1
room_cfg_roomType_bungalow_lag_3=1

parameters:
[boosting: gbdt]
[objective: regression]
[metric: rmse]
[tree_learner: serial]
[device_type: cpu]
[data_sample_strategy: bagging]
[data: ]
[valid: ]
[num_iterations: 468]
[learning_rate: 0.0167612]
[num_leaves: 11]
[num_threads: 0]
[seed: 222]
[deterministic: 0]
[force_col_wise: 0]
[force_row_wise: 0]
[histogram_pool_size: -1]
[max_depth: 4]
[min_data_in_leaf: 24]
[min_sum_hessian_in_leaf: 4.17241]
[bagging_fraction: 0.714996]
[pos_bagging_fraction: 1]
[neg_bagging_fraction: 1]
[bagging_freq: 8]
[bagging_seed: 1801]
[bagging_by_query: 0]
[feature_fraction: 0.894054]
[feature_fraction_bynode: 0.54124]
[feature_fraction_seed: 3308]
[extra_trees: 1]
[extra_seed: 31563]
[early_stopping_round: 0]
[early_stopping_min_delta: 0]
[first_metric_only: 0]
[max_delta_step: 0]
[lambda_l1: 0.522501]
[lambda_l2: 0.00621722]
[linear_lambda: 0]
[min_gain_to_split: 9.41755e-06]
[drop_rate: 0.152798]
[max_drop: 36]
[skip_drop: 0.83427]
[xgboost_dart_mode: 0]
[uniform_drop: 0]
[drop_seed: 22156]
[top_rate: 0.2]
[other_rate: 0.1]
[min_data_per_group: 100]
[max_cat_threshold: 32]
[cat_l2: 10]
[cat_smooth: 10]
[max_cat_to_onehot: 4]
[top_k: 20]
[monotone_constraints: ]
[monotone_constraints_method: basic]
[monotone_penalty: 0]
[feature_contri: ]
[forcedsplits_filename: ]
[refit_decay_rate: 0.9]
[cegb_tradeoff: 1]
[cegb_penalty_split: 0]
[cegb_penalty_feature_lazy: ]
[cegb_penalty_feature_coupled: ]
[path_smooth: 18.6906]
[interaction_constraints: ]
[verbosity: -1]
[saved_feature_importance_type: 0]
[use_quantized_grad: 0]
[num_grad_quant_bins: 4]
[quant_train_renew_leaf: 0]
[stochastic_rounding: 1]
[linear_tree: 0]
[max_bin: 111]
[max_bin_by_feature: ]
[min_data_in_bin: 3]
[bin_construct_sample_cnt: 200000]
[data_random_seed: 763]
[is_enable_sparse: 1]
[enable_bundle: 1]
[use_missing: 1]
[zero_as_missing: 0]
[feature_pre_filter: 1]
[pre_partition: 0]
[two_round: 0]
[header: 0]
[label_column: ]
[weight_column: ]
[group_column: ]
[ignore_column: ]
[categorical_feature: 0,1]
[forcedbins_filename: ]
[precise_float_parser: 0]
[parser_config_file: ]
[objective_seed: 4930]
[num_class: 1]
[is_unbalance: 0]
[scale_pos_weight: 1]
[sigmoid: 1]
[boost_from_average: 1]
[reg_sqrt: 0]
[alpha: 0.723463]
[fair_c: 1]
[poisson_max_delta_step: 0.7]
[tweedie_variance_power: 1.5]
[lambdarank_truncation_level: 30]
[lambdarank_norm: 1]
[label_gain: ]
[lambdarank_position_bias_regularization: 0]
[eval_at: ]
[multi_error_top_k: 1]
[auc_mu_weights: ]
[num_machines: 1]
[local_listen_port: 12400]
[time_out: 120]
[machine_list_filename: ]
[machines: ]
[gpu_platform_id: -1]
[gpu_device_id: -1]
[gpu_use_dp: 0]
[num_gpu: 1]

end of parameters

pandas_categorical:[[350455, 350464, 354680, 354681, 354682, 354683, 359135, 359136, 359142, 370147, 370148, 370149, 370150, 381255, 416397, 416398, 416400, 431070, 431071, 431095, 462631, 462632, 462634, 500275, 502851, 9370150], [158986.0, 158990.0, 161014.0, 163277.0, 169082.0, 174792.0, 193394.0, 201589.0]]
