tree
version=v4
num_class=1
num_tree_per_iteration=1
label_index=0
max_feature_idx=226
objective=regression
feature_names=roomId propertyId year month total_capacity_nights quarter season_strength is_peak_season is_eid_month is_major_holiday_month month_sin month_cos is_recent_lag_missing dynamic_anchor_price anchor_age_months is_fallback_anchor room_cfg_unitAllocation_perbooking_lag_5 room_fc_beach_front_lag_5 room_fc_baggage_storage_lag_5 qty_lag_5 room_fc_separate_toilet_area_lag_5 room_cfg_include_in_reports_lag_5 room_fc_car_available_lag_5 prop_checkin_start_min_lag_5 reference_PAM228132_lag_5 inflation_rate_lag_5 room_cfg_roomType_villa_lag_5 room_cfg_roomType_double_lag_5 arrivalTime_16_3_lag_5 arrivalTime___lag_5 custom1_Paid_by_OTA_Auto_Adjusted_lag_5 price_lag_17_lag_5 ch_enabled_ratio_lag_5 price_lag_7_lag_5 room_fc_dining_room_seats_lag_5 custom1_Paid_OTA_lag_5 room_cfg_control_priority_lag_5 room_fc_airport_shuttle_lag_5 price_diff_1_lag_5 range_booking_arrival_lag_16_lag_5 ch_connect_inventory_ratio_lag_5 ch_publish_ratio_lag_5 price_lag_10_lag_5 room_fc_desk_lag_5 price_vs_property_avg_lag_5 price_lag_5_lag_5 used_room_nights_lag_5_lag_5 cal_soldout_rate_lag_5 room_cfg_roomType_twin_lag_5 room_fc_beach_view_lag_5 prop_type_resort_lag_5 room_fc_refrigerator_lag_5 room_fc_kettle_lag_5 title_Honeymoon_decor_lag_5 room_fc_bicycle_lag_5 room_cfg_max_people_lag_5 room_fc_coffee_maker_lag_5 title_Teman_kim_kasih_breakfast_lag_5 room_cfg_tax_percentage_lag_5 cal_numAvail_mean_lag_5 range_booking_arrival_lag_6_lag_5 room_cfg_block_after_checkout_days_lag_5 price_roll_mean_6_lag_5 price_lag_24_lag_5 title_RO_lag_5 channel_booking_lag_5 allowAutoAction_disable_lag_5 room_fc_bed_double_lag_5 room_cfg_overbookingProtection_room_lag_5 peak_price_interaction_lag_5 room_fc_iron_lag_5 cal_override_days_lag_5 room_cfg_overbookingProtection_property_lag_5 room_fc_satellite_lag_5 status_new_lag_5 price_yoy_historical_lag_5 room_cfg_roomType_triple_lag_5 room_fc_balcony_lag_5 ch_channel_count_lag_5 room_fc_minibar_lag_5 price_lag_12_lag_5 prop_type_hotel_lag_5 title_Twin_bed_lag_5 price_base_vs_anchor_lag_5 season_price_interaction_lag_5 room_cfg_cleaning_fee_lag_5 room_cfg_max_stay_lag_5 reference_45867993_marie_lag_5 apiSource_Booking_com_lag_5 subStatus_noShow_lag_5 voucher_geniuscm_lag_5 prop_type_guesthouse_lag_5 room_fc_bed_single_lag_5 room_fc_reception_24_hour_lag_5 reference_PAL643451_LUCAS_lag_5 allowCancellation__type_propertyDefault__lag_5 prop_checkin_end_min_lag_5 room_fc_towels_lag_5 room_cfg_restrictionStrategy_staythrough_lag_5 room_fc_linens_lag_5 price_lag_36_lag_5 price_roll_std_12_lag_5 price_roll_std_3_lag_5 commission_lag_5_lag_5 leftover_rooms_lag_6_lag_5 leftover_rooms_lag_16_lag_5 room_fc_beach_lag_5 allowChannelUpdate_all_lag_5 prop_group_keywords_count_lag_5 room_fc_bedroom_lag_5 mask_flag_lag_5 room_fc_restaurant_lag_5 room_fc_tables_and_chairs_lag_5 price_roll_std_6_lag_5 room_cfg_max_children_lag_5 subStatus_walkin_lag_5 prop_type_bedAndBreakfast_lag_5 room_fc_toiletries_lag_5 room_fc_bath_toilet_lag_5 allowReview_default_lag_5 room_cfg_room_size_lag_5 price_zscore_property_lag_5 refererEditable_Booking_com_lag_5 room_fc_hangers_lag_5 cal_minStay_mean_lag_5 reference_YB7740043_lag_5 cal_numAvail_zero_days_lag_5 allowAutoAction_enable_lag_5 prop_vat_rate_lag_5 room_cfg_rack_rate_lag_5 room_cfg_units_count_lag_5 room_fc_safe_lag_5 numChild_lag_5_lag_5 numChild_lag_16_lag_5 room_cfg_min_stay_lag_5 cal_minStay_max_lag_5 cal_low_avail_rate_lag_5 room_fc_cleaning_included_lag_5 room_fc_cycling_lag_5 room_fc_wakeupcall_lag_5 room_fc_bathroom_lag_5 cal_restrict_rate_lag_5 prop_latitude_lag_5 room_fc_deck_patio_uncovered_lag_5 numChild_lag_6_lag_5 prop_country_ID_lag_5 commission_lag_6_lag_5 room_fc_bar_lag_5 room_fc_breakfast_in_room_lag_5 used_room_nights_lag_6_lag_5 room_fc_room_soundproofed_lag_5 room_fc_air_conditioning_lag_5 used_room_nights_lag_16_lag_5 room_fc_closets_in_room_lag_5 subStatus_none_lag_5 num_of_nights_lag_6_lag_5 room_fc_hair_dryer_lag_5 room_fc_cable_lag_5 room_fc_garden_lag_5 room_fc_bath_shower_lag_5 room_fc_mountain_biking_lag_5 referer_Booking_com_lag_5 cal_maxStay_mean_lag_5 price_to_mean_ratio_lag_5 masterId_lag_5 leftover_rooms_lag_5_lag_5 room_fc_sitting_area_lag_5 room_cfg_qty_raw_lag_5 cal_override_rate_lag_5 room_fc_tv_lag_5 room_fc_tv_hd_32_plus_lag_5 prop_longitude_lag_5 room_fc_private_bathroom_lag_5 room_fc_shampoo_lag_5 prop_type_bungalow_lag_5 room_fc_cleaning_possible_lag_5 cal_minStay_restrict_days_lag_5 room_cfg_feature_count_lag_5 arrivalTime_16_30_lag_5 room_cfg_has_unallocated_unit_lag_5 cal_multiplier_mean_lag_5 prop_booking_cutoff_hour_lag_5 ch_price_per_day_ratio_lag_5 prop_type_villa_lag_5 room_fc_luxory_linen_lag_5 range_booking_arrival_lag_5_lag_5 price_lag_16_lag_5 room_fc_bath_or_shower_lag_5 groupNote_Room_Only__lag_5 room_cfg_tax_person_lag_5 cal_numAvail_std_lag_5 cal_days_covered_lag_5 room_fc_wifi_lag_5 price_roll_mean_12_lag_5 room_cfg_security_deposit_lag_5 cal_numAvail_max_lag_5 cal_numAvail_low_days_lag_5 prop_feature_codes_count_lag_5 room_cfg_roomType_family_lag_5 room_fc_scuba_or_snorkeling_lag_5 cal_multiplier_max_lag_5 price_lag_6_lag_5 cancelTime_2024_08_05T03_15_10Z_lag_5 ch_connect_limited_ratio_lag_5 room_fc_laptop_friendly_lag_5 room_fc_breakfast_possible_lag_5 room_cfg_min_price_lag_5 reference_E5593226_ANNA_HUBER_lag_5 room_cfg_roomType_single_lag_5 room_fc_bathrobe_lag_5 room_cfg_roomType_quadruple_lag_5 room_fc_breakfast_included_lag_5 room_cfg_sell_priority_lag_5 price_roll_mean_3_lag_5 cal_numAvail_min_lag_5 num_of_nights_lag_16_lag_5 price_growth_1_lag_5 commission_lag_16_lag_5 num_of_nights_lag_5_lag_5 reference_EJ4657377__lag_5 prop_checkout_end_min_lag_5 room_cfg_roomType_bungalow_lag_5 room_cfg_roomType_twindouble_lag_5 subStatus_nonPayment_lag_5 room_cfg_max_adult_lag_5 status_confirmed_lag_5 room_fc_dining_area_lag_5
feature_infos=-1:7:6:8:4:5:12:0:1:2:3:16:17:11:13:14:15:9:24:10:19:21:18:20:23 -1:2:3:4:1:6:7:5:0 [2022:2026] [1:12] [28:372] [1:4] [0:3] [0:1] [0:1] [0:1] [-1:1] [-1:1] [0:1] [157090.63636363635:2305317.951388889] [5:36] [0:1] [1:1] [0:1] [0:1] [1:12] [0:1] [1:1] [0:1] [840:960] [0:1] [-0.089999999999999997:5.4699999999999998] [0:0] [0:1] [1:124] [0:0] [0:0] [195752.08412277375:2305317.951388889] [0:0.33333333333333331] [157091:2305317.951388889] [0:1] [1:124] [1:10] [0:1] [-498545.01124401903:596397.32620320842] [0.5:137.19480519480518] [0:0.33333333333333331] [0:0.33333333333333331] [157091:2305317.951388889] [0:1] [0.37713907483806525:2.2109693793824889] [157091:2305317.951388889] [1:345] [0:1] [0:1] [0:1] [0:1] [0:1] [0:1] [0:0] [0:1] [1:4] [0:1] [0:0] [0:0] [0:9] [0:143.02439024390245] [0:0] [157636:1678163.9472203236] [200518.0476190476:2305317.951388889] [1:124] [1:124] [0:0] [0:1] [0:1] [0:1926054.0909090908] [0:1] [0:0] [0:1] [0:1] [0:117] [0.61051151092597156:2.4390768345335392] [0:1] [0:1] [3:3] [0:1] [157636:2305317.951388889] [0:1] [0:0] [0.35257549757117779:3.0966312667198208] [0:5778162.2727272725] [0:0] [365:365] [1:124] [1:124] [0:2] [1:124] [0:1] [0:1] [0:1] [0:1] [1:124] [1320:1440] [0:1] [1:1] [0:1] [195752.08412277375:1381178.7951388888] [891.05162472794814:441658.8040370114] [0:523237.74659186805] [0:3742200] [-14:330] [-13:330] [0:1] [1:124] [0:1] [0:1] [0:1] [0:1] [0:1] [0:534556.53370156046] [1:1] [0:1] [0:1] [0:1] [0:1] [1:124] [16:56] [-2.1282228305584439:3.4460905133704145] [1:124] [0:1] [1:1] [0:1] [0:26] [1:124] [0:0] [0:750000] [1:10] [0:1] [0:1] [0:0.55555555555555558] [1:1] [1:1] [0:1] [0:1] [0:1] [0:1] [0:1] [0:0] [-8.7094237000000003:-8.3455556000000009] [0:1] [0:1] [1:1] [0:3742200] [0:1] [0:1] [1:345] [0:1] [0:1] [3:336] [0:1] [1:124] [1:33] [0:1] [0:1] [0:1] [0:1] [0:1] [1:124] [365:365] [0.60835807521540042:1.8854772685639876] [35385839:70775185.945074871] [-14:330] [0:1] [1:10] [0:0] [0:1] [0:1] [115.446422:116.0865429] [0:1] [0:1] [0:1] [0:1] [0:0] [0:33] [0:1] [0:0] [1:1] [24:24] [0:0.33333333333333331] [0:1] [0:1] [0:143.02439024390245] [195752.08412277375:1926054.0909090908] [0:1] [1:124] [0:0] [0:3.746539622075943] [2:31] [0:1] [157636:1448582.0390717632] [0:0] [0:10] [0:30] [0:29] [0:1] [0:1] [1:1] [157090.63636363635:2305317.951388889] [1:124] [0:0.33333333333333331] [0:1] [0:1] [0:250000] [0:1] [0:1] [0:1] [0:1] [0:1] [5:5] [157636:2019396.2532008681] [0:9] [1:6.2000000000000002] [-0.47173130647926914:0.82363977483610773] [67571.736842105267:930204] [1:33] [0:1] [600:720] [0:1] [0:1] [0:0] [2:4] [0:103] [0:1]
tree_sizes=988 1144 964 1135 1053 1049 1144 1144 1055 966 868 1120 1043 1057 958 1143 1134 1053 1060 953 1036 1056 1051 1134 1047 1048 1141 1127 1047 1133 1039 953 973 869 1133 1146 963 954 1050 876 1066 972 1038 1149 783 956 1046 1141 960 1072 1054 945 1039 1128 1124 781 1056 965 1148 1061 1077 873 1058 1135 984 1047 1045 1136 1048 1038 951 871 1148 955 1040 860 1151 1064 1142 961 1144 1053 1138 1119 1046 1049 856 1142 850 950 875 868 944 975 1128 965 1056 883 961 888 1149 1084 1043 970 1157 1165 1053 970 1150 1060 881 1139 1056 975 1066 964 962 1157 1148 1068 962 1138 866 1058 1059 964 1066 1139 1180 1070 1066 877 1062 1047 880 876 894 1051 955 1055 985 884 962 1060 1056 791 1145 1139 1144 1147 958 1062 1068 959 1070 960 779 891 1054 958 1052 971 857 889 960 869 1069 1068 964 975 955 947 957 962 689 1055 975 690 977 963 871 1143 1161 1069 1063 1155 1068 1058 877 1050 1160 957 1166 1155 958 774 793 1060 871 1083 955 1143 872 971 1051 1068 979 1066 1145 1135 796 1120 976 877 869 890 1088 878 962 974 963 1062 1152 800 1129 1047 1137 1136 1073 956 958 868 815 969 882 1056 977 971 981 1055 951 1085 696 1063 962 903 872 1142 879 1053 1057 1074 966 870 957 1044 977 1154 1153 794 982 795 872 1058 968 770 1087 1003 1178 804 875 788 1059 1160 871 1055 991 968 1064 1137 1170 1059 863 854 970 777 1071 887 981 1059 890 1073 704 980 1081 981 812 1146 882 806 696 1071 1055 886 1052 812 1066 1068 955 966 1059 971 1093 795 883 886 1092 894 1063 881 1071 1148 962 881 1133 958 1150 1172 902 812 882 1153 810 884 1064 796 975 881 897 972 887 722 999 805 988 1071 977 795 1084 796 1170 891 879 804 874 1054 1078 1064 1154 979 987 967 1171 708 795 1159 1152 992 795 875 795 887 795 985 1082 1072 1003 988 1043 1151 1166 1052 1073 1161 1065 889 1059 981 1074 964 1063 1085 805 983 1076 975 791 896 1160 1076 707 1155 790 881 877 888 882 881 879 985 791 1067 702 793 1068 697 874 696 881 884 612 981 875 1003 1078 891 985 888 970 973 1052 971 981 965 967 886 1069 883 802 1070 976 975 978 1084 1076 1147 884 790 964 1055 879 1041 956 876 878 1144 1032 785 794 805 794 1064 975 971 1171 790 863 972

Tree=0
num_leaves=10
num_cat=0
split_feature=151 10 186 203 123 197 201 84 177
split_gain=1.74657 1.23898 0.744564 0.471716 0.368234 0.208151 0.0706911 0.0300471 0.0292365
threshold=1.0000000180025095e-35 0.25000000000000011 1078117.0312753625 1.0000000180025095e-35 1.0000000180025095e-35 24.000000000000004 416989.22675736964 608187.50000000012 23.500000000000004
decision_type=10 2 8 10 10 10 8 8 8
left_child=3 2 7 6 -4 -3 -1 -2 -8
right_child=1 5 4 -5 -6 -7 8 -9 -10
leaf_value=0.12068099776322624 0.12178049955561557 0.12001020148869111 0.12476788604761747 0.11856357147909678 0.12286805163988251 0.12108642265535655 0.11964064527094288 0.12111430355211926 0.12030065428447578
leaf_weight=32 24 62 37 25 59 43 26 51 198
leaf_count=32 24 62 37 25 59 43 26 51 198
internal_value=0.120931 0.121805 0.122668 0.120043 0.123597 0.120685 0.12025 0.121609 0.120161
internal_weight=557 276 171 281 96 105 256 75 224
internal_count=557 276 171 281 96 105 256 75 224
is_linear=0
shrinkage=1


Tree=1
num_leaves=11
num_cat=0
split_feature=5 131 31 81 27 104 171 47 210 133
split_gain=1.98136 1.18674 1.06798 0.631866 0.233642 0.211472 0.177596 0.168463 0.0135832 0.00550106
threshold=1.5000000000000002 1.0000000180025095e-35 1286184.0098039217 1.0000000180025095e-35 1.0000000180025095e-35 -2.9999999999999996 116.05845900000001 0.29623655913978492 1.0000000180025095e-35 0.090097402597402565
decision_type=2 10 8 10 10 10 10 10 8 10
left_child=3 4 9 5 8 -1 -6 -4 -2 -3
right_child=1 2 7 -5 6 -7 -8 -9 -10 -11
leaf_value=-0.0015221425199780547 -0.00019114879554108462 0.00010055024604437014 0.0020864958722761652 -0.0031874513451410217 0.00012383027777276625 -0.00032027866841686218 0.0012139858669847415 0.0036349381271761389 -0.00055737876112191352 0.00030387533393360841
leaf_weight=67 26 47 48 29 51 45 30 41 147 26
leaf_count=67 26 47 48 29 51 45 30 41 147 26
internal_value=-1.80352e-06 0.00054309 0.00157785 -0.00153984 -7.3124e-05 -0.00109139 0.00046172 0.00271857 -0.000457051 0.000353398
internal_weight=557 416 162 141 254 112 81 89 173 73
internal_count=557 416 162 141 254 112 81 89 173 73
is_linear=0
shrinkage=0.0167612


Tree=2
num_leaves=9
num_cat=0
split_feature=74 110 174 117 10 103 33 11
split_gain=1.5794 0.980959 0.830572 0.443424 0.421164 0.336516 0.24364 0.719731
threshold=6.5000000000000009 1.0000000180025095e-35 1.0000000180025095e-35 1.0000000180025095e-35 -1.0000000180025095e-35 1307852.9852941178 987115.97800925933 0.6830127018922193
decision_type=8 10 8 10 2 8 10 2
left_child=1 6 3 -2 -3 -4 7 -1
right_child=2 4 5 -5 -6 -7 -8 -9
leaf_value=0.0026352144685511296 -0.0036471839863590275 0.00048477717361392368 0.00055292765426584076 -0.0013921513260975044 -0.0012241650229998381 -0.00066252920412252707 0.00055968997082148802 0.00059514412522768969
leaf_weight=103 26 30 42 33 51 196 34 42
leaf_count=103 26 30 42 33 51 196 34 42
internal_value=-2.0686e-06 0.000874821 -0.000803927 -0.00224866 -0.000267018 -0.000390875 0.00157782 0.00193251
internal_weight=557 260 297 59 81 238 179 145
internal_count=557 260 297 59 81 238 179 145
is_linear=0
shrinkage=0.0167612


Tree=3
num_leaves=11
num_cat=0
split_feature=151 11 186 41 113 213 69 14 28 105
split_gain=1.60921 1.35542 0.927035 0.478456 0.344109 0.326675 0.182985 0.174732 0.07447 0.0353205
threshold=1.0000000180025095e-35 -1.0000000180025095e-35 939536.7430654763 1.0000000180025095e-35 76229.01419381662 815352.44343535823 339166.72736787028 18.000000000000004 15.500000000000002 53.500000000000007
decision_type=10 2 8 10 10 10 8 2 8 8
left_child=3 2 -2 7 6 -4 -3 8 -1 -6
right_child=1 4 5 -5 9 -7 -8 -9 -10 -11
leaf_value=-0.00029209663422453009 0.00056653626590844801 -0.00032711288836383508 0.0037345249621612664 -0.0022985566709384708 0.00020201202958891932 0.0017785587854806312 -0.0015043014354728377 -0.00013525791236780146 -0.0010559251301355105 0.00082824851269765881
leaf_weight=37 53 31 61 28 24 26 46 69 147 35
leaf_count=37 53 31 61 28 24 26 46 69 147 35
internal_value=-2.67533e-06 0.000835488 0.00192051 -0.000856077 -0.000119739 0.00294786 -0.00086966 -0.00063459 -0.000870334 0.00046141
internal_weight=557 276 140 281 136 87 77 253 184 59
internal_count=557 276 140 281 136 87 77 253 184 59
is_linear=0
shrinkage=0.0167612


Tree=4
num_leaves=10
num_cat=0
split_feature=110 13 131 80 11 17 25 117 195
split_gain=1.43173 0.896237 0.64364 0.528727 1.13968 0.174832 0.259308 0.130424 0.0667806
threshold=1.0000000180025095e-35 187877.44817073175 1.0000000180025095e-35 1821569.4069767443 0.25000000000000017 1.0000000180025095e-35 2.0350000000000006 1.0000000180025095e-35 4.5000000000000009
decision_type=8 2 8 8 2 10 10 10 10
left_child=3 -2 -3 5 -5 8 -7 -4 -1
right_child=1 2 7 4 -6 6 -8 -9 -10
leaf_value=-0.00032966187613693359 0.00090620348150134656 -0.0025373298558284676 -0.00095987992615571599 0.0031996372857174475 0.00048488397325981532 0.0017686112268343217 0.00024739123142487657 -0.00018264639976960515 0.00031437548881451343
leaf_weight=74 32 47 158 50 33 26 45 59 33
leaf_count=74 32 47 158 50 33 26 45 59 33
internal_value=-3.24263e-06 -0.000769921 -0.00115218 0.000828063 0.00180897 0.000355348 0.000843019 -0.000759202 6.708e-06
internal_weight=557 296 264 261 83 178 71 217 107
internal_count=557 296 264 261 83 178 71 217 107
is_linear=0
shrinkage=0.0167612


Tree=5
num_leaves=10
num_cat=0
split_feature=74 6 6 112 54 110 193 113 217
split_gain=1.62937 0.718401 0.51054 0.459984 0.373958 0.343606 0.308445 0.0494348 0.0226185
threshold=1.5000000000000002 1.5000000000000002 1.0000000180025095e-35 1.0000000180025095e-35 1.0000000180025095e-35 1.0000000180025095e-35 593686.38566734956 26162.005371293319 715957.14583333349
decision_type=8 2 2 8 10 10 10 10 8
left_child=1 5 3 -2 7 8 -3 -4 -1
right_child=2 6 4 -5 -6 -7 -8 -9 -10
leaf_value=0.00056633587849022257 -0.0030524920582769566 0.0035048059194793552 -0.00039950491666694793 -0.00097047572302930997 0.00074684248007226455 -0.00040958117507511267 0.0015854436780297801 -0.0010035606935490792 0.0013129515731421914
leaf_weight=49 27 28 187 50 33 43 40 56 44
leaf_count=49 27 28 187 50 33 43 40 56 44
internal_value=-2.23114e-06 0.00107847 -0.000673278 -0.00170954 -0.000349597 0.000466616 0.0023021 -0.000576546 0.0009266
internal_weight=557 204 353 77 276 136 68 243 93
internal_count=557 204 353 77 276 136 68 243 93
is_linear=0
shrinkage=0.0167612


Tree=6
num_leaves=11
num_cat=0
split_feature=151 3 31 41 197 17 25 10 165 88
split_gain=1.48349 0.824157 0.719959 0.46121 0.405202 0.182238 0.129896 0.119684 0.0363308 0.00161035
threshold=1.0000000180025095e-35 4.5000000000000009 1341907.3371794873 1.0000000180025095e-35 1.0000000180025095e-35 1.0000000180025095e-35 2.5350000000000006 0.68301270189221941 23.500000000000004 46.500000000000007
decision_type=10 2 8 10 10 10 10 2 10 8
left_child=3 5 6 7 -4 8 -3 9 -2 -1
right_child=1 2 4 -5 -6 -7 -8 -9 -10 -11
leaf_value=-9.5555075852078906e-05 -0.0013640911934263888 0.00084567003127844432 0.0037457830962720727 -0.0022366460510447688 0.0017758354993888286 0.00017809913222322611 -1.5710170759489834e-05 -0.0011216727686124296 -0.00042366756994919133 -0.00035490725712982981
leaf_weight=46 29 45 25 28 73 35 45 65 24 142
leaf_count=46 29 45 25 28 73 35 45 65 24 142
internal_value=-1.99816e-06 0.000802168 0.00143744 -0.00082197 0.00235041 -0.000205595 0.000485874 -0.000602964 -0.000877819 -0.000330729
internal_weight=557 276 188 281 98 88 90 253 53 188
internal_count=557 276 188 281 98 88 90 253 53 188
is_linear=0
shrinkage=0.0167612


Tree=7
num_leaves=11
num_cat=0
split_feature=3 101 97 215 108 74 17 9 215 113
split_gain=1.63332 0.858444 0.778378 0.465077 0.45276 0.351499 0.244097 0.118082 0.0468252 0.0151576
threshold=4.5000000000000009 197286.24568142116 1.0000000180025095e-35 3.0318181818181822 1.0000000180025095e-35 1.0000000180025095e-35 1.0000000180025095e-35 1.0000000180025095e-35 2.6102430555555558 213822.69412861959
decision_type=2 8 8 8 10 8 10 2 10 8
left_child=2 3 -1 -2 -5 8 9 -7 -3 -4
right_child=1 5 6 4 -6 7 -8 -9 -10 -11
leaf_value=-0.0029633713367789786 0.00044278036541073052 0.0014848208737348175 -0.00060679246864480969 0.0013074164247456042 0.0032578292047283682 -0.00015243833528884423 -2.3327458680463235e-05 -0.0010513025369291123 0.0004578823467905429 -0.0013090554090092936
leaf_weight=29 50 26 39 57 44 139 35 31 24 83
leaf_count=29 50 26 39 57 44 139 35 31 24 83
internal_value=-2.80488e-06 0.000595912 -0.00118541 0.00149375 0.00216389 4.11689e-05 -0.000778624 -0.000372773 0.00089974 -0.00107507
internal_weight=557 371 186 151 101 220 157 170 50 122
internal_count=557 371 186 151 101 220 157 170 50 122
is_linear=0
shrinkage=0.0167612


Tree=8
num_leaves=10
num_cat=0
split_feature=117 6 25 60 108 193 131 10 10
split_gain=1.26576 1.07242 0.790928 0.506518 0.324204 0.207336 0.0519585 0.0129105 0.0749976
threshold=1.0000000180025095e-35 1.5000000000000002 3.5350000000000006 27.652046783625735 1.0000000180025095e-35 846751.66876321682 1.0000000180025095e-35 -0.6830127018922193 -0.24999999999999994
decision_type=10 2 8 10 10 8 10 2 2
left_child=2 4 -1 6 -2 -6 -3 -4 -9
right_child=1 3 7 -5 5 -7 -8 8 -10
leaf_value=-0.0025595905606745758 -0.00063585880382299308 0.0018247496093904323 -0.00014518546154610538 0.00061784640218236382 0.0011881587378303415 0.00013272970327297742 0.0031301753478063165 -0.00021716917095008958 -0.00076911765325584139
leaf_weight=39 106 25 47 40 45 52 52 30 101
leaf_count=39 106 25 47 40 45 52 52 30 101
internal_value=-1.484e-05 0.000604124 -0.000941448 0.0017482 -4.47694e-06 0.000502004 0.00257337 -0.000510274 -0.000565745
internal_weight=537 320 217 117 203 97 77 178 131
internal_count=537 320 217 117 203 97 77 178 131
is_linear=0
shrinkage=0.0167612


Tree=9
num_leaves=9
num_cat=0
split_feature=151 6 13 41 17 44 84 51
split_gain=1.4086 0.616405 1.27932 0.402441 0.398073 0.122336 0.0689662 0.0456153
threshold=1.0000000180025095e-35 1.0000000180025095e-35 643622.38376068382 1.0000000180025095e-35 1.0000000180025095e-35 0.9787635279736554 1405852.4033437828 1.0000000180025095e-35
decision_type=10 2 2 10 10 8 8 10
left_child=3 7 4 5 -3 -1 -4 -2
right_child=1 2 6 -5 -6 -7 -8 -9
leaf_value=-0.00012229498600858381 -7.9058673047013183e-05 0.0018635089304976813 0.00036544320347673716 -0.0022014494797271329 0.0038350263871557238 -0.0007753433739914325 -0.00026020236295322527 -0.00079076688748759181
leaf_weight=33 40 60 72 26 32 206 43 25
leaf_count=33 40 60 72 26 32 206 43 25
internal_value=-1.59395e-05 0.000762901 0.00124116 -0.000844867 0.00251917 -0.000635666 0.00018431 -0.000248254
internal_weight=537 272 207 265 92 239 115 65
internal_count=537 272 207 265 92 239 115 65
is_linear=0
shrinkage=0.0167612


Tree=10
num_leaves=8
num_cat=0
split_feature=121 5 151 42 151 225 3
split_gain=1.4254 1.00432 0.553412 0.264676 0.24817 0.239777 0.0459902
threshold=-0.63393439665365914 1.5000000000000002 1.0000000180025095e-35 692713.06818181823 1.0000000180025095e-35 18.500000000000004 8.5000000000000018
decision_type=8 2 10 10 10 8 2
left_child=4 5 6 -4 -1 -2 -3
right_child=1 2 3 -5 -6 -7 -8
leaf_value=0.00073573662407549643 -0.0025489956825002647 -0.00025226208019841969 0.0012243299050354746 0.00016579221019757744 0.0024260071151962549 -0.0011003496371822278 -0.00084972871111902598
leaf_weight=24 41 97 99 60 59 74 83
leaf_count=24 41 97 99 60 59 74 83
internal_value=-1.61183e-05 -0.000391368 8.68706e-06 0.000698015 0.00164194 -0.00157963 -0.000526079
internal_weight=537 454 339 159 83 115 180
internal_count=537 454 339 159 83 115 180
is_linear=0
shrinkage=0.0167612


Tree=11
num_leaves=11
num_cat=0
split_feature=74 6 142 213 152 129 2 13 121 60
split_gain=1.61705 0.989594 0.726877 0.424129 0.295016 0.289177 0.247442 0.176344 0.118827 0.104685
threshold=2.5000000000000004 1.5000000000000002 -8.3530716999999992 444656.03205363214 312.00000000000006 390000.00000000006 2023.5000000000002 304898.19133459841 -0.2405777017832462 7.9128856624319424
decision_type=8 2 10 8 8 10 2 2 8 8
left_child=1 5 3 9 -3 8 -7 -5 -1 -2
right_child=2 4 -4 7 -6 6 -8 -9 -10 -11
leaf_value=0.0013553093419136236 0.0011299240850772346 0.0013617534855704077 -0.0023606280569512445 -0.00024248472533836341 0.0031673227254395767 -6.278768851157911e-05 -0.0013706977279781963 -0.0010705162983636596 0.00025443930769496263 0.00013578415749269254
leaf_weight=32 24 34 38 44 49 28 30 168 50 40
leaf_count=32 24 34 38 44 49 28 30 168 50 40
internal_value=-1.64622e-05 0.000977417 -0.000764817 -0.000475513 0.00225198 0.000222471 -0.000497597 -0.000813325 0.00071775 0.000426378
internal_weight=537 223 314 276 83 140 58 212 82 64
internal_count=537 223 314 276 83 140 58 212 82 64
is_linear=0
shrinkage=0.0167612


Tree=12
num_leaves=10
num_cat=0
split_feature=108 13 116 33 43 3 105 42 7
split_gain=1.5379 0.861563 0.466863 0.317774 0.412328 0.146778 0.0652161 0.0399824 0.0125308
threshold=1.0000000180025095e-35 756917.18991935498 1.0000000180025095e-35 729443.25741943263 1.0000000180025095e-35 3.5000000000000004 29.500000000000004 377239.38374125882 1.0000000180025095e-35
decision_type=10 2 10 8 8 2 8 10 2
left_child=3 2 8 7 -5 -6 -3 -1 -2
right_child=1 6 -4 4 5 -7 -8 -9 -10
leaf_value=0.000441048415321278 0.0024772945838943262 0.00038986059893713005 0.00089443133755987242 -0.002125987693757935 -0.0011879161618717343 -0.00033206546809268835 -0.00032879406410758495 1.0879127034621097e-05 0.003756493274507014
leaf_weight=47 41 32 27 35 66 190 38 34 27
leaf_count=47 41 32 27 35 66 190 38 34 27
internal_value=-1.54334e-05 0.0011838 0.00218193 -0.000601705 -0.000881471 -0.000625317 0.000249474 6.96289e-05 0.00297463
internal_weight=537 165 95 372 291 256 70 81 68
internal_count=537 165 95 372 291 256 70 81 68
is_linear=0
shrinkage=0.0167612


Tree=13
num_leaves=10
num_cat=0
split_feature=10 74 42 117 19 182 174 213 16
split_gain=1.28399 1.23623 0.674015 0.605972 0.275 0.259081 0.0815842 0.0718052 0.0102943
threshold=-0.24999999999999994 4.5000000000000009 334811.952991453 1.0000000180025095e-35 5.5000000000000009 1.0000000180025095e-35 1.0000000180025095e-35 1019868.1589506173 1.0000000180025095e-35
decision_type=2 8 10 8 10 8 10 8 10
left_child=1 2 -1 -2 8 7 -7 -5 -3
right_child=3 4 -4 5 -6 6 -8 -9 -10
leaf_value=0.0032984504996845989 -0.0022472119085825879 -0.0003982759422106679 0.0010583150529436638 0.00083092759170760324 0.00073290887674421824 -0.00085625722990931481 -0.0002131656469748701 0.00012002650953276302 -0.00099599003712190709
leaf_weight=51 31 68 56 28 28 181 42 26 26
leaf_count=51 31 68 56 28 28 181 42 26 26
internal_value=-1.64422e-05 0.000848758 0.00204543 -0.000699232 -4.31934e-05 -0.000452576 -0.000692175 0.000286993 -0.000590444
internal_weight=537 229 107 308 122 277 223 54 94
internal_count=537 229 107 308 122 277 223 54 94
is_linear=0
shrinkage=0.0167612


Tree=14
num_leaves=9
num_cat=0
split_feature=3 171 33 110 12 81 12 33
split_gain=1.12941 1.01489 0.552055 0.718831 0.270991 0.141793 0.118171 0.0404831
threshold=2.5000000000000004 116.04047185 910684.76337551349 1.0000000180025095e-35 1.0000000180025095e-35 1.0000000180025095e-35 1.0000000180025095e-35 827840.01513157913
decision_type=2 10 10 10 2 8 2 8
left_child=4 6 3 -3 5 -1 7 -2
right_child=1 2 -4 -5 -6 -7 -8 -9
leaf_value=-0.00046704936444964817 -0.00029456941540412229 0.002335760053084111 4.0409695567983452e-05 0.00042455919842822548 -0.0027216174774948054 -0.0014531992796169844 -7.6465938796055618e-05 -0.00093728356706575212
leaf_weight=24 29 104 53 75 25 36 85 106
leaf_count=24 29 104 53 75 25 36 85 106
internal_value=-1.6062e-05 0.000292757 0.00103336 0.00150776 -0.00150228 -0.00106677 -0.000424214 -0.000751619
internal_weight=537 452 232 179 85 60 220 135
internal_count=537 452 232 179 85 60 220 135
is_linear=0
shrinkage=0.0167612


Tree=15
num_leaves=11
num_cat=0
split_feature=108 11 105 3 117 107 33 103 62 123
split_gain=1.42619 0.526872 0.91873 0.450705 0.316148 0.283972 0.148054 0.121851 0.115732 0.011553
threshold=1.0000000180025095e-35 -1.0000000180025095e-35 7.5000000000000009 6.5000000000000009 1.0000000180025095e-35 26.500000000000004 608187.50000000012 194328.00000000003 715103.9682539684 1.0000000180025095e-35
decision_type=10 2 10 2 8 8 10 10 8 10
left_child=3 2 -2 4 -1 9 -6 -3 -7 -5
right_child=1 7 -4 5 6 8 -8 -9 -10 -11
leaf_value=-0.0023305196692002123 0.0031487486409692818 -0.00032630145686788595 0.00068715190067335067 0.00042008431933688396 -0.00052831080768777857 2.4402148974675577e-05 -0.001642675633810344 0.00060150928844818067 -0.00073576065328583332 0.0011531661738440624
leaf_weight=27 56 27 35 34 137 24 24 47 99 27
leaf_count=27 56 27 35 34 137 24 24 47 99 27
internal_value=-1.70278e-05 0.00113721 0.00197391 -0.000582139 -0.00113533 -5.36804e-05 -0.000840135 0.000285237 -0.000434437 0.000705402
internal_weight=537 165 91 372 188 184 161 74 123 61
internal_count=537 165 91 372 188 184 161 74 123 61
is_linear=0
shrinkage=0.0167612


Tree=16
num_leaves=11
num_cat=0
split_feature=108 6 169 6 105 44 105 56 80 177
split_gain=1.37888 0.572234 0.79021 0.554445 0.426759 0.0869914 0.0982847 0.0815559 0.196594 0.117147
threshold=1.0000000180025095e-35 1.0000000180025095e-35 1.0000000180025095e-35 1.5000000000000002 187.50000000000003 1.3600077315653627 27.500000000000004 1.0000000180025095e-35 1093751.6158635679 20.000000000000004
decision_type=10 2 8 2 8 8 10 10 8 10
left_child=1 2 -1 5 -5 6 -2 9 -9 -3
right_child=3 7 -4 4 -6 -7 -8 8 -10 -11
leaf_value=-0.0032340209058150898 0.0011664107434678616 -0.0001094068192458345 -0.00072314315865572049 0.001268481612549586 0.0034973266796189516 0.00017254786579855034 0.0003217895424828456 -0.00012968461210120558 0.0010627973697333564 -0.00095853621594475769
leaf_weight=26 45 194 66 27 32 36 26 34 25 31
leaf_count=26 45 194 66 27 32 36 26 34 25 31
internal_value=2.89891e-06 -0.000518841 -0.00151446 0.00116527 0.00230977 0.000560923 0.000769424 -0.00015801 0.000242423 -0.00029394
internal_weight=542 376 92 166 59 107 71 284 59 225
internal_count=542 376 92 166 59 107 71 284 59 225
is_linear=0
shrinkage=0.0167612


Tree=17
num_leaves=10
num_cat=0
split_feature=5 50 17 152 197 110 133 177 90
split_gain=1.47641 0.727975 0.550797 0.656157 0.333562 0.306492 0.195832 0.085397 0.0183142
threshold=1.5000000000000002 1.0000000180025095e-35 1.0000000180025095e-35 41.500000000000007 1.0000000180025095e-35 1.0000000180025095e-35 0.27207792207792209 8.5000000000000018 28.500000000000004
decision_type=2 8 10 10 10 8 8 10 10
left_child=1 4 5 -4 -1 6 -2 -7 -3
right_child=2 8 3 -5 -6 7 -8 -9 -10
leaf_value=-0.0036859724471024918 0.00019896592154797641 -0.00038876301042262167 0.0028853173893569921 0.00051924535100765794 -0.0016994206800884368 -1.6511432087990426e-05 0.0013715038227616169 -0.00067067330412852271 -0.00015445178571840562
leaf_weight=27 64 46 38 41 41 155 63 40 27
leaf_count=27 64 46 38 41 41 155 63 40 27
internal_value=1.27107e-06 -0.00129364 0.00051486 0.00157661 -0.0024406 0.000212853 0.000771458 -0.00015344 -0.00037757
internal_weight=542 141 401 79 68 322 127 195 73
internal_count=542 141 401 79 68 322 127 195 73
is_linear=0
shrinkage=0.0167612


Tree=18
num_leaves=10
num_cat=0
split_feature=108 6 169 13 6 186 11 27 52
split_gain=1.30952 0.543499 0.76203 0.531779 0.471382 0.398828 0.230525 0.113799 0.0952913
threshold=1.0000000180025095e-35 1.0000000180025095e-35 1.0000000180025095e-35 903155.30219780235 1.0000000180025095e-35 898411.66666666686 1.0000000180025095e-35 1.0000000180025095e-35 1.0000000180025095e-35
decision_type=10 2 8 2 2 8 2 10 8
left_child=1 2 -1 4 -2 -6 7 -3 -8
right_child=3 6 -4 -5 5 -7 8 -9 -10
leaf_value=-0.0031652277148748091 0.00064506502650910427 -5.754780693965861e-05 -0.00069764363898543321 0.00025105147089426007 0.0011658374206555719 0.0031931148139747231 -0.0012956376036286929 0.00060892437077909303 -0.00033806246664198566
leaf_weight=26 33 103 66 48 25 60 34 76 71
leaf_count=26 33 103 66 48 25 60 34 76 71
internal_value=9.79369e-07 -0.000507094 -0.00147763 0.00113414 0.00178399 0.00244069 -0.000154593 0.000165957 -0.000684434
internal_weight=542 376 92 166 118 85 284 179 105
internal_count=542 376 92 166 118 85 284 179 105
is_linear=0
shrinkage=0.0167612


Tree=19
num_leaves=9
num_cat=0
split_feature=108 3 52 7 121 25 75 127
split_gain=1.26221 0.908268 0.858788 0.334085 0.377979 0.138971 0.0449989 0.023438
threshold=1.0000000180025095e-35 3.5000000000000004 1.0000000180025095e-35 1.0000000180025095e-35 -0.57700510251078341 3.5000000000000004 1.3609796529042273 12.500000000000002
decision_type=10 2 8 2 8 10 8 10
left_child=1 2 -1 4 -2 7 -6 -3
right_child=3 5 -4 -5 6 -7 -8 -9
leaf_value=-0.0033204349672130776 0.001703537140077671 -5.4705086583898897e-05 -0.00079704727298999319 0.0021444074759347015 0.00040436148735640892 0.0005904477113101974 -0.00016471242204553967 -0.00044603294049100231
leaf_weight=35 32 173 66 47 31 47 56 55
leaf_count=35 32 173 66 47 31 47 56 55
internal_value=0 -0.000500513 -0.00168018 0.00111099 0.000705072 -3.18528e-05 0.000124687 -0.000185553
internal_weight=542 376 101 166 119 275 87 228
internal_count=542 376 101 166 119 275 87 228
is_linear=0
shrinkage=0.0167612


Tree=20
num_leaves=10
num_cat=0
split_feature=44 25 171 11 56 13 196 50 104
split_gain=1.0001 0.973319 0.581027 0.875068 0.534012 0.231601 0.361496 0.189986 0.0157499
threshold=0.85968107806948302 3.7750000000000004 116.07631110000001 1.0000000180025095e-35 1.0000000180025095e-35 270363.52335858595 6.0000000000000009 1.0000000180025095e-35 68.000000000000014
decision_type=8 10 8 2 10 2 8 10 8
left_child=1 7 3 8 -5 -4 -7 -1 -2
right_child=2 -3 5 4 -6 6 -8 -9 -10
leaf_value=-0.00018557501283925171 -4.2922205263848867e-05 0.003165649592340039 0.00090050395368926057 -0.0031636909278532762 -0.0009723732694762548 0.00055087151996852676 -0.0005946772890589963 0.00099924462225886796 0.00022449224591630001
leaf_weight=34 45 30 49 49 36 97 139 30 33
leaf_count=34 45 30 49 49 36 97 139 30 33
internal_value=0 0.00133861 -0.000306274 -0.00104157 -0.00209516 8.59615e-05 -6.73788e-05 0.000459234 -0.000144345
internal_weight=542 94 448 163 85 285 236 64 78
internal_count=542 94 448 163 85 285 236 64 78
is_linear=0
shrinkage=0.0167612


Tree=21
num_leaves=10
num_cat=0
split_feature=3 50 151 33 6 133 47 110 11
split_gain=1.08512 0.924301 0.782146 0.471426 0.308843 0.227136 0.118883 0.0115256 0.0303283
threshold=5.5000000000000009 1.0000000180025095e-35 1.0000000180025095e-35 816284.22619047633 1.0000000180025095e-35 0.047247023809523808 0.9193548387096776 1.0000000180025095e-35 0.86602540378443871
decision_type=2 8 10 10 2 8 8 8 2
left_child=1 4 7 5 -1 -4 -3 -2 -9
right_child=2 6 3 -5 -6 -7 -8 8 -10
leaf_value=-0.0028147065139616915 -3.0809165904971404e-05 0.00067813601454555028 0.00092090902321201123 0.00039347895437716215 -0.0011825862337116431 0.002435266633660671 -0.00013968908553446558 -4.2236354102292214e-05 -0.0005698127093655813
leaf_weight=45 33 30 28 47 63 89 92 86 29
leaf_count=45 33 30 28 47 63 89 92 86 29
internal_value=3.43339e-08 -0.000794509 0.000624045 0.00138294 -0.00182541 0.00196371 -3.395e-05 -8.52058e-05 -0.000236577
internal_weight=542 230 312 164 108 117 122 148 115
internal_count=542 230 312 164 108 117 122 148 115
is_linear=0
shrinkage=0.0167612


Tree=22
num_leaves=10
num_cat=0
split_feature=10 108 142 152 81 192 130 55 108
split_gain=1.04686 0.798141 0.65539 0.418498 0.257173 0.223701 0.082128 0.0176872 0.0146215
threshold=0.25000000000000011 1.0000000180025095e-35 -8.5191404499999983 149.50000000000003 1.0000000180025095e-35 1.0000000180025095e-35 4.5000000000000009 3.5000000000000004 1.0000000180025095e-35
decision_type=2 8 10 8 10 10 10 8 10
left_child=2 5 7 8 -5 -2 -3 -1 -4
right_child=1 6 3 4 -6 -7 -8 -9 -10
leaf_value=-1.9206961684258664e-05 -0.0029387151234938429 -0.00030184306774651374 0.0001560286092721118 0.0025467118209794412 0.00098249995549190257 -0.0013668932405450018 0.00035839756708095104 -0.00024687128874705851 0.00038121515470416139
leaf_weight=38 30 96 27 69 37 58 46 103 38
leaf_count=38 30 96 27 69 37 58 46 103 38
internal_value=0 -0.000781459 0.000611887 0.00128249 0.00191751 -0.00188306 -9.08946e-05 -5.82569e-05 0.000381424
internal_weight=542 230 312 171 106 88 142 141 65
internal_count=542 230 312 171 106 88 142 141 65
is_linear=0
shrinkage=0.0167612


Tree=23
num_leaves=11
num_cat=0
split_feature=74 151 7 80 33 129 110 144 80 122
split_gain=0.884437 0.743572 0.450247 0.371848 0.357573 0.349891 0.22735 0.114952 0.0548393 0.0326136
threshold=3.5000000000000004 1.0000000180025095e-35 1.0000000180025095e-35 330339.98473214294 678295.92500000016 1.0000000180025095e-35 1.0000000180025095e-35 0.075498575498575457 1105520.7633333334 86.000000000000014
decision_type=8 8 2 10 8 10 10 8 8 8
left_child=2 4 5 -4 -2 8 -7 -3 -1 -9
right_child=1 7 3 -5 -6 6 -8 9 -10 -11
leaf_value=0.00055472813135407203 -0.00093906044877609118 0.00045430611538687261 0.0028697101131082933 0.00086002854331147316 -0.002953920420841482 0.00024615272604049408 -0.00094325001731885704 -0.00065572310911591106 0.0014795645098218927 -0.00014644365080770198
leaf_weight=46 28 33 31 32 35 36 53 36 37 175
leaf_count=46 28 33 31 32 35 36 53 36 37 175
internal_value=0 -0.000546341 0.000731306 0.00175214 -0.00185957 0.000319689 -0.000271787 -0.000143449 0.000956505 -0.000283331
internal_weight=542 307 235 63 63 172 89 244 83 211
internal_count=542 307 235 63 63 172 89 244 83 211
is_linear=0
shrinkage=0.0167612


Tree=24
num_leaves=10
num_cat=0
split_feature=5 151 81 33 17 74 113 13 146
split_gain=1.37655 0.599884 0.520637 0.502377 0.256641 0.18062 0.160448 0.104431 0.0547825
threshold=1.5000000000000002 1.0000000180025095e-35 1.0000000180025095e-35 690677.65151515161 1.0000000180025095e-35 2.5000000000000004 131020.16729807876 386989.03273809532 709832.21031746047
decision_type=2 10 10 10 10 10 8 2 8
left_child=2 5 6 4 -3 7 -1 -2 -5
right_child=1 3 -4 8 -6 -7 -8 -9 -10
leaf_value=-0.00018433643651571347 0.0006038354077763145 0.0012647253106906639 -0.0027240670186762434 0.00044829972712401707 0.002756136542517767 -0.00077782089057648141 -0.0010720351523988089 -7.5175179579095529e-05 -0.00011702478958767475
leaf_weight=24 59 81 29 54 40 43 78 96 33
leaf_count=24 59 81 29 54 40 43 78 96 33
internal_value=4.79049e-05 0.000526536 -0.00125149 0.00112829 0.0017942 -2.13071e-05 -0.000798114 0.000138045 0.000271677
internal_weight=537 406 131 208 121 198 102 155 87
internal_count=537 406 131 208 121 198 102 155 87
is_linear=0
shrinkage=0.0167612


Tree=25
num_leaves=10
num_cat=0
split_feature=3 108 13 81 133 101 65 40 56
split_gain=1.33419 0.583035 0.588001 0.509324 0.241329 0.185572 0.12424 0.190353 0.112987
threshold=3.5000000000000004 1.0000000180025095e-35 1170937.2013888892 1.0000000180025095e-35 0.15394736842105264 306301.40772402746 10.500000000000002 1.0000000180025095e-35 1.0000000180025095e-35
decision_type=2 10 2 10 8 8 8 10 8
left_child=3 6 4 5 -3 -1 7 -2 -8
right_child=1 2 -4 -5 -6 -7 8 -9 -10
leaf_value=-0.00019809838428996016 0.001196216899510808 0.00097226191640082955 0.00023447476158636201 -0.0026890717373636835 0.0025746904510764888 -0.0011535413426599405 -0.00067017280257528284 0.00011248928130570147 3.955398810582554e-05
leaf_weight=35 44 27 29 29 73 67 42 25 166
leaf_count=35 44 27 29 29 73 67 42 25 166
internal_value=4.60023e-05 0.000517454 0.0013583 -0.00123302 0.00201605 -0.000783028 9.7632e-05 0.000583477 -8.63031e-05
internal_weight=537 406 129 131 100 102 277 69 208
internal_count=537 406 129 131 100 102 277 69 208
is_linear=0
shrinkage=0.0167612


Tree=26
num_leaves=11
num_cat=0
split_feature=6 151 14 105 177 42 7 177 166 146
split_gain=0.826051 0.58016 0.562601 0.412327 0.271048 0.246039 0.03965 0.0541494 0.0267934 0.00723599
threshold=1.0000000180025095e-35 1.0000000180025095e-35 8.5000000000000018 10.500000000000002 22.000000000000004 1246548.6908730161 1.0000000180025095e-35 20.000000000000004 1.0000000180025095e-35 381424.97159090912
decision_type=2 10 2 10 8 8 2 8 8 8
left_child=2 6 -1 5 -4 -3 7 -2 -6 -5
right_child=1 3 4 9 8 -7 -8 -9 -10 -11
leaf_value=-0.002366329822127226 -7.5677461413602978e-05 0.00081434131493650298 0.00042726700677635606 3.9893215866232169e-05 -0.001365325847526453 0.0022177966315654746 2.5149963064963192e-05 -0.00052094205530466475 -0.00053973987943965653 0.00019503008985272339
leaf_weight=33 28 53 29 26 24 73 64 108 44 55
leaf_count=33 28 53 29 26 24 73 64 108 44 55
internal_value=4.31101e-05 0.000415408 -0.000963824 0.00100956 -0.000424034 0.0015893 -0.000125907 -0.000328669 -0.00087702 0.000191629
internal_weight=537 407 130 207 97 126 200 136 68 81
internal_count=537 407 130 207 97 126 200 136 68 81
is_linear=0
shrinkage=0.0167612


Tree=27
num_leaves=11
num_cat=0
split_feature=3 33 5 81 74 104 27 13 142 101
split_gain=0.702951 0.704984 0.606931 0.49786 0.318325 0.269498 0.160486 0.10698 0.109366 0.0971511
threshold=6.5000000000000009 903155.30219780235 1.5000000000000002 1.0000000180025095e-35 8.5000000000000018 59.500000000000007 1.0000000180025095e-35 674353.63636363647 -8.5191404499999983 187268.19029711609
decision_type=2 8 2 10 8 8 10 2 10 8
left_child=2 -2 3 9 5 -3 -6 8 -4 -1
right_child=1 4 7 -5 6 -7 -8 -9 -10 -11
leaf_value=-0.00028984705216756018 0.0017389677490678771 0.00028533107080089146 0.00017082416727517375 -0.0026648887635876348 -6.8443723410837034e-05 0.0015522596078535976 -0.0011793821743494744 -0.0001842084381308933 0.00106921595274394 -0.00098497665426866966
leaf_weight=31 80 31 40 29 95 43 24 56 37 71
leaf_count=31 80 31 40 29 95 43 24 56 37 71
internal_value=4.1929e-05 0.000615265 -0.000518682 -0.00127525 0.000100603 0.00079238 -0.000371367 0.000101123 0.000536408 -0.000770585
internal_weight=537 273 264 131 193 74 119 133 77 102
internal_count=537 273 264 131 193 74 119 133 77 102
is_linear=0
shrinkage=0.0167612


Tree=28
num_leaves=10
num_cat=0
split_feature=3 108 152 197 174 51 146 113 107
split_gain=1.231 0.54302 0.445902 0.306318 0.146153 0.105966 0.324714 0.10022 0.0844744
threshold=3.5000000000000004 1.0000000180025095e-35 15.000000000000002 15.000000000000002 1.0000000180025095e-35 1.0000000180025095e-35 321648.03333333338 179467.09481037871 1.5000000000000002
decision_type=2 10 10 8 10 10 10 8 10
left_child=3 5 4 -1 -3 8 -7 -5 -2
right_child=1 2 -4 7 -6 6 -8 -9 -10
leaf_value=-0.0021318670305440703 2.7489502199531042e-05 0.0016448647812961907 0.0005324387933255566 -0.0002259705421002586 0.0032248259022461894 0.0012735425790020758 -0.00016994182281734896 -0.00091183575486087221 -0.00056025038067587774
leaf_weight=51 142 36 69 25 24 48 34 55 53
leaf_count=51 142 36 69 25 24 48 34 55 53
internal_value=4.00632e-05 0.000493549 0.00130481 -0.00118799 0.00224681 8.73686e-05 0.000498704 -0.000665202 -0.000101008
internal_weight=537 406 129 131 60 277 82 80 195
internal_count=537 406 129 131 60 277 82 80 195
is_linear=0
shrinkage=0.0167612


Tree=29
num_leaves=11
num_cat=0
split_feature=11 97 108 39 60 5 41 146 52 39
split_gain=0.738088 0.774209 0.549662 0.513664 0.388662 0.248325 0.117065 0.083676 0.0497572 0.0225345
threshold=1.0000000180025095e-35 1.0000000180025095e-35 1.0000000180025095e-35 37.7016491754123 43.269607843137258 2.5000000000000004 1.0000000180025095e-35 615606.93710888631 1.0000000180025095e-35 100.5585106382979
decision_type=2 8 10 8 10 2 10 8 8 8
left_child=2 -2 6 -4 -5 8 -1 -7 -3 -8
right_child=1 5 3 4 -6 7 9 -9 -10 -11
leaf_value=-0.00011429349463539187 -0.002268679043489966 -0.0002537017745457427 0.00063525888837775621 0.0033242064202090023 0.0012137291897988372 0.00074831745743818919 0.00025933932543133214 4.0957871489163211e-05 -0.0010104474934464302 0.0010150372679641223
leaf_weight=129 29 45 27 40 25 35 26 85 71 25
leaf_count=129 29 45 27 40 25 35 26 85 71 25
internal_value=3.88651e-05 -0.00053405 0.00062811 0.00155294 0.00236158 -0.000216826 0.000124202 0.000227224 -0.000695052 0.0006201
internal_weight=537 265 272 92 65 236 180 120 116 51
internal_count=537 265 272 92 65 236 180 120 116 51
is_linear=0
shrinkage=0.0167612


Tree=30
num_leaves=10
num_cat=0
split_feature=108 25 117 169 11 39 33 3 11
split_gain=0.688719 0.516291 0.492056 0.439055 0.300339 0.574094 0.0954565 0.051026 0.0391912
threshold=1.0000000180025095e-35 3.3750000000000004 1.0000000180025095e-35 1.0000000180025095e-35 0.25000000000000017 100.5585106382979 1029411.6643269431 3.5000000000000004 -0.5
decision_type=10 8 10 10 2 8 8 2 2
left_child=1 2 -1 7 5 -2 -6 -3 -4
right_child=4 3 8 -5 6 -7 -8 -9 -10
leaf_value=-0.0024805741867782475 0.00039381054108769627 -0.00064095433459958762 -0.00023208545755553574 0.0011435230327952639 0.00046436116659972452 0.0024386092932561624 -0.00041509936353621013 -7.2464822629858143e-05 -0.00070337025605119667
leaf_weight=30 49 44 29 48 39 53 24 159 62
leaf_count=30 49 44 29 48 39 53 24 159 62
internal_value=3.6413e-05 -0.000329479 -0.00113327 2.90453e-05 0.000862283 0.00142624 0.000197288 -0.000236524 -0.000592186
internal_weight=537 372 121 251 165 102 63 203 91
internal_count=537 372 121 251 165 102 63 203 91
is_linear=0
shrinkage=0.0167612


Tree=31
num_leaves=9
num_cat=0
split_feature=5 60 197 108 33 64 155 3
split_gain=1.15087 0.601166 0.298759 0.196565 0.193488 0.109706 0.0994717 0.050077
threshold=1.5000000000000002 26.22666666666667 10.500000000000002 1.0000000180025095e-35 1.0000000180025095e-35 11.500000000000002 1.9795918367346943 6.5000000000000009
decision_type=2 8 8 10 10 10 10 2
left_child=2 7 -1 5 -5 -3 -4 -2
right_child=1 3 6 4 -6 -7 -8 -9
leaf_value=-0.0021290696692386128 0.00097288742245134775 4.8903604398520235e-05 -0.00091855256260463432 0.0014997436560017301 0.00020922417165376267 -0.00062702480418222787 -0.00025313756389990064 0.0020841105689704213
leaf_weight=46 25 186 58 32 60 48 27 55
leaf_count=46 25 186 58 32 60 48 27 55
internal_value=3.49429e-05 0.000473958 -0.00115206 0.000158357 0.000703793 -6.92703e-05 -0.000671911 0.00157055
internal_weight=537 406 131 326 92 234 85 80
internal_count=537 406 131 326 92 234 85 80
is_linear=0
shrinkage=0.0167612


Tree=32
num_leaves=9
num_cat=0
split_feature=108 47 10 62 121 169 123 46
split_gain=1.14292 0.502112 0.49394 0.475599 0.151522 0.13325 0.0961222 0.0568479
threshold=1.0000000180025095e-35 0.081720430107526859 1.0000000180025095e-35 587465.74613415275 -0.60539566764473829 1.0000000180025095e-35 1.0000000180025095e-35 97.500000000000014
decision_type=10 10 2 10 10 10 10 10
left_child=1 4 3 -2 5 -1 -6 -4
right_child=2 -3 7 -5 6 -7 -8 -9
leaf_value=-0.00035471472134188662 0.0031408037646623835 -0.0020318181470886003 -0.00016271983239338504 0.0010430934223232598 -0.0016250829074855469 0.00036570277637046176 -0.00050921560198689559 0.00043844035794335379
leaf_weight=209 30 28 34 50 26 54 46 48
leaf_count=209 30 28 34 50 26 54 46 48
internal_value=-6.50005e-05 -0.000578716 0.000971685 0.00184839 -0.00038923 -0.000165158 -0.000949533 0.000217788
internal_weight=525 363 162 80 335 263 72 82
internal_count=525 363 162 80 335 263 72 82
is_linear=0
shrinkage=0.0167612


Tree=33
num_leaves=8
num_cat=0
split_feature=108 47 33 10 104 185 46
split_gain=1.1097 0.524818 0.396128 0.864008 0.195646 0.174795 0.0509667
threshold=1.0000000180025095e-35 0.45967741935483875 941923.35459183692 -0.24999999999999994 33.500000000000007 15.85416666666667 64.500000000000014
decision_type=10 10 10 2 10 10 8
left_child=1 4 3 -2 6 -5 -1
right_child=2 -3 -4 5 -6 -7 -8
leaf_value=0.00015311805977224834 0.0030626669770930687 -0.00209471154818635 0.00018514907666270896 6.6007331570528717e-05 -0.0011764040186138559 0.0010882543202398219 -0.00028034384667219384
leaf_weight=35 38 25 44 40 42 40 261
leaf_count=35 38 25 44 40 42 40 261
internal_value=-6.45195e-05 -0.000570922 0.000956718 0.00151428 -0.000386205 0.000641524 -0.000194982
internal_weight=525 363 162 118 338 80 296
internal_count=525 363 162 118 338 80 296
is_linear=0
shrinkage=0.0167612


Tree=34
num_leaves=11
num_cat=0
split_feature=108 6 110 45 97 101 3 13 149 13
split_gain=1.07625 0.501835 0.467218 0.387334 0.30794 0.0994555 0.0954001 0.0868452 0.0499437 0.0315676
threshold=1.0000000180025095e-35 1.5000000000000002 1.0000000180025095e-35 668423.75000000012 1.0000000180025095e-35 131961.44031281897 4.5000000000000009 480000.38461538468 245.50000000000003 646533.28993110557
decision_type=10 2 10 10 8 8 2 2 8 2
left_child=2 5 6 -3 -4 -2 9 -8 -7 -1
right_child=1 3 4 -5 -6 8 7 -9 -10 -11
leaf_value=-0.00028022894971023145 0.00083317516275373564 0.0031723807144967506 -0.002647577780984128 0.0010533773026637269 -0.00095355175262622498 0.00029140297171311152 0.00034576670678543379 -0.00026520466908350502 -0.00031502504953168298 -0.0009945099971579727
leaf_weight=52 28 30 25 28 68 33 83 104 43 31
leaf_count=52 28 30 25 28 68 33 83 104 43 31
internal_value=-6.4555e-05 0.000940881 -0.000563477 0.0020163 -0.00146 0.00035037 -0.000218563 -1.98603e-05 6.91581e-05 -0.000590161
internal_weight=525 162 363 58 93 104 270 187 76 83
internal_count=525 162 363 58 93 104 270 187 76 83
is_linear=0
shrinkage=0.0167612


Tree=35
num_leaves=11
num_cat=0
split_feature=110 14 80 129 171 107 121 44 105 15
split_gain=0.901734 0.670517 0.425977 0.347835 0.225744 0.19353 0.321254 0.0551253 0.0550855 0.0326712
threshold=1.0000000180025095e-35 8.5000000000000018 708621.03722943726 275000.00000000006 116.08355345000001 17.500000000000004 -0.42668222324020638 0.85129254737792126 40.500000000000007 1.0000000180025095e-35
decision_type=8 2 10 10 10 10 8 10 8 2
left_child=2 3 5 -2 -4 -1 -7 9 -6 -3
right_child=1 7 4 -5 8 6 -8 -9 -10 -11
leaf_value=0.0019434196664195192 -0.0029627347749035826 -0.00023827344105008862 -0.00087745934889382879 -0.00095027000894336582 0.00067721480963090245 0.0014475407504780933 0.00012096822435834927 -0.00069586145490500536 0.0001190699528497919 0.00011821860218200177
leaf_weight=47 38 117 35 25 36 48 54 32 29 64
leaf_count=47 38 117 35 25 36 48 54 32 29 64
internal_value=-6.35573e-05 -0.000696961 0.000601018 -0.00194227 -1.08839e-05 0.0011604 0.000748187 -0.000271132 0.000303817 -7.95791e-05
internal_weight=525 276 249 63 100 149 102 213 65 181
internal_count=525 276 249 63 100 149 102 213 65 181
is_linear=0
shrinkage=0.0167612


Tree=36
num_leaves=9
num_cat=0
split_feature=108 43 146 80 33 25 41 67
split_gain=1.03157 0.525774 0.332558 0.27979 0.10611 0.139649 0.100961 0.0881435
threshold=1.0000000180025095e-35 1.0000000180025095e-35 585478.7045454547 1105520.7633333334 612799.40476190497 3.5350000000000006 1.0000000180025095e-35 1.0000000180025095e-35
decision_type=10 8 8 8 10 10 10 10
left_child=1 6 3 -2 5 -3 -1 -4
right_child=2 4 7 -5 -6 -7 -8 -9
leaf_value=-0.0012453279318573069 0.00095567022205393366 -0.00025134117370065432 -5.1863098824901931e-05 0.0026751393872231992 -0.00079687694762539956 0.00061310335399315449 -0.0027235067848089853 0.00065810489565756825
leaf_weight=24 42 230 43 33 61 24 24 44
leaf_count=24 42 230 43 33 61 24 24 44
internal_value=-6.30962e-05 -0.000551863 0.000920887 0.00169572 -0.000301227 -0.000107067 -0.00181141 0.00032511
internal_weight=525 363 162 75 315 254 48 87
internal_count=525 363 162 75 315 254 48 87
is_linear=0
shrinkage=0.0167612


Tree=37
num_leaves=9
num_cat=0
split_feature=108 47 3 33 33 110 6 45
split_gain=1.00029 0.572698 0.539367 0.676501 0.13958 0.150981 0.131166 0.0512429
threshold=1.0000000180025095e-35 0.9193548387096776 5.5000000000000009 764338.85064935079 782182.32245370385 1.0000000180025095e-35 1.5000000000000002 608187.50000000012
decision_type=10 10 2 10 10 8 2 10
left_child=1 4 7 6 5 -1 -4 -2
right_child=2 -3 3 -5 -6 -7 -8 -9
leaf_value=0.00027210035960738624 -0.00042703604684265193 -0.0021427868726422747 0.0019055921021125519 0.00051765108943796392 -0.0010881181945479644 -0.00041815825804156827 0.0035232007376048004 0.00016558787981632542
leaf_weight=81 28 24 27 41 32 226 33 33
leaf_count=81 28 24 27 41 32 226 33 33
internal_value=-6.20806e-05 -0.000543603 0.000906601 0.00165318 -0.000353362 -0.000201171 0.0026609 0.000122321
internal_weight=525 363 162 101 339 307 60 61
internal_count=525 363 162 101 339 307 60 61
is_linear=0
shrinkage=0.0167612


Tree=38
num_leaves=10
num_cat=0
split_feature=108 195 6 31 101 10 59 32 44
split_gain=0.967717 0.561045 0.466095 0.231914 0.118699 0.0891169 0.120855 0.10392 0.0367336
threshold=1.0000000180025095e-35 1.0000000180025095e-35 1.5000000000000002 1250037.5355392161 245729.51583129456 0.25000000000000011 4.8225806451612909 1.0000000180025095e-35 0.92785963007928307
decision_type=10 8 2 8 8 2 8 10 10
left_child=1 -1 4 -4 8 7 -7 -3 -2
right_child=2 5 3 -5 -6 6 -8 -9 -10
leaf_value=-0.0021195658336689246 0.00090532236199133639 -0.0003044525554585615 0.0010942983863698392 0.0028638192138890311 -0.00023799938950495154 -0.0011106928095677465 -0.0001931181319356979 0.00037486377155355338 0.00020823697531704275
leaf_weight=24 40 145 26 32 30 63 78 53 34
leaf_count=24 40 145 26 32 30 63 78 53 34
internal_value=-6.28385e-05 -0.000536671 0.0008896 0.00192395 0.000316691 -0.000347973 -0.00063262 -8.14978e-05 0.000587041
internal_weight=525 363 162 58 104 339 141 198 74
internal_count=525 363 162 58 104 339 141 198 74
is_linear=0
shrinkage=0.0167612


Tree=39
num_leaves=8
num_cat=0
split_feature=108 195 10 213 84 142 2
split_gain=0.938844 0.549705 0.424111 0.499419 0.198038 0.166137 0.119405
threshold=1.0000000180025095e-35 1.0000000180025095e-35 -1.0000000180025095e-35 685576.2753769221 869337.66961567744 -8.3580425999999992 2024.5000000000002
decision_type=10 8 2 10 10 10 2
left_child=1 -1 3 -2 5 -3 -4
right_child=2 4 6 -5 -6 -7 -8
leaf_value=-0.002096516317364564 0.0028651489114857897 -0.00038269220810670961 -0.00025768198956259588 0.00075535049272842773 -0.001196250416526377 0.00036642173935731151 0.00065989170551678672
leaf_weight=24 36 234 50 44 33 72 32
leaf_count=24 36 234 50 44 33 72 32
internal_value=-6.27128e-05 -0.000529631 0.000875119 0.00168423 -0.000342482 -0.000168788 0.000169129
internal_weight=525 363 162 80 339 306 82
internal_count=525 363 162 80 339 306 82
is_linear=0
shrinkage=0.0167612


Tree=40
num_leaves=10
num_cat=0
split_feature=6 17 152 225 10 182 174 83 81
split_gain=0.644586 0.616023 0.516184 0.227151 0.200359 0.198509 0.0919287 0.0489837 0.0484542
threshold=1.0000000180025095e-35 1.0000000180025095e-35 264.00000000000006 3.5000000000000004 -0.6830127018922193 1.0000000180025095e-35 1.0000000180025095e-35 0.61035189327605754 1.0000000180025095e-35
decision_type=2 10 8 10 2 10 8 10 10
left_child=5 3 -3 6 -5 7 -2 -1 -7
right_child=1 2 -4 4 -6 8 -8 -9 -10
leaf_value=-0.00062601484259108939 -0.00086187713201938071 0.00044325617743264675 0.0025656945517244924 0.0012267314990990336 9.3523139922229611e-05 -0.0011086302646029667 -0.00014275753083919468 -0.00020233532858525977 -0.002257944070070031
leaf_weight=55 58 42 36 35 72 30 149 25 31
leaf_count=55 58 42 36 35 72 30 149 25 31
internal_value=-8.13853e-05 0.000236984 0.00134568 -4.10533e-05 0.000453794 -0.000954978 -0.000378477 -0.000472974 -0.00164681
internal_weight=533 392 78 314 107 141 207 80 61
internal_count=533 392 78 314 107 141 207 80 61
is_linear=0
shrinkage=0.0167612


Tree=41
num_leaves=9
num_cat=0
split_feature=3 17 105 81 213 149 133 32
split_gain=0.642338 0.534351 0.575996 0.286337 0.172604 0.160725 0.102914 0.0865458
threshold=3.5000000000000004 1.0000000180025095e-35 1.0000000180025095e-35 1.0000000180025095e-35 1138246.5957692396 249.00000000000003 0.15394736842105264 1.0000000180025095e-35
decision_type=2 10 10 10 8 8 8 8
left_child=3 4 -3 5 6 -1 -2 -6
right_child=1 2 -4 -5 7 -7 -8 -9
leaf_value=-0.00011119951868976165 8.2270492866038262e-05 0.002506541990311177 0.00041426010062500785 -0.0020924892470284419 -0.00084406763478683334 -0.00098634652979479325 0.0007356247427568424 -0.00011945669546675315
leaf_weight=40 53 37 39 27 49 71 76 141
leaf_count=40 53 37 39 27 49 71 76 141
internal_value=-7.97075e-05 0.000233465 0.00127866 -0.000962399 -1.63705e-05 -0.000623833 0.000359285 -0.000346565
internal_weight=533 395 76 138 319 111 129 190
internal_count=533 395 76 138 319 111 129 190
is_linear=0
shrinkage=0.0167612


Tree=42
num_leaves=10
num_cat=0
split_feature=108 11 75 156 80 110 165 95 64
split_gain=0.888854 0.378184 0.314204 0.120656 0.11134 0.170778 0.076766 0.174424 0.000954151
threshold=1.0000000180025095e-35 -0.5 1.0819064231417168 1.0000000180025095e-35 289388.25925925933 1.0000000180025095e-35 33.500000000000007 23.500000000000004 29.500000000000004
decision_type=10 2 10 10 10 10 8 10 10
left_child=1 4 3 -2 5 -1 -3 -8 -4
right_child=2 6 8 -5 -6 -7 7 -9 -10
leaf_value=0.0010345109149439632 0.002137947489533529 -0.00026864941236427303 4.4163252864402815e-05 0.00093003633407683756 -0.00028014299685001409 2.896997149023387e-05 -0.00071911096285391109 -0.0017646668090681992 0.0001414750973089613
leaf_weight=57 43 41 30 50 28 24 181 47 32
leaf_count=57 43 41 30 50 28 24 181 47 32
internal_value=-7.90782e-05 -0.000512921 0.000861332 0.00148011 0.000132389 0.000534446 -0.000857964 -0.0010009 0.000199512
internal_weight=533 378 155 93 109 81 269 228 62
internal_count=533 378 155 93 109 81 269 228 62
is_linear=0
shrinkage=0.0167612


Tree=43
num_leaves=11
num_cat=0
split_feature=74 10 117 108 13 11 44 83 49 105
split_gain=0.74785 0.558281 0.471924 0.271069 0.229458 0.125051 0.0780853 0.0435346 0.0209371 0.0202404
threshold=5.5000000000000009 -1.0000000180025095e-35 1.0000000180025095e-35 1.0000000180025095e-35 698348.21428571444 -0.24999999999999994 0.8260323951562597 0.93537954443075522 1.0000000180025095e-35 25.500000000000004
decision_type=8 2 8 10 2 2 10 10 8 10
left_child=1 4 -2 7 -1 8 -5 -3 -4 -6
right_child=2 3 5 6 9 -7 -8 -9 -10 -11
leaf_value=0.0020921270104876685 -0.0019667410460923835 -0.0011812219245701727 -0.00012896039931333295 0.0010003191205196073 0.00080986866664292591 -0.00061930711508256071 0.00019489860810022921 -0.00031282457356161672 0.00022082048992723741 0.00028474621105988241
leaf_weight=54 33 35 25 30 31 169 29 33 66 28
leaf_count=54 33 35 25 30 31 169 29 33 66 28
internal_value=-7.81974e-05 0.000549247 -0.000627048 -2.39665e-05 0.00133892 -0.000383897 0.000497301 -0.000715715 -1.94856e-05 0.00071132
internal_weight=533 240 293 127 113 260 59 68 91 59
internal_count=533 240 293 127 113 260 59 68 91 59
is_linear=0
shrinkage=0.0167612


Tree=44
num_leaves=7
num_cat=0
split_feature=17 5 41 185 44 74
split_gain=0.621794 0.402839 0.26808 0.240254 0.192499 0.232205
threshold=1.0000000180025095e-35 1.5000000000000002 1.0000000180025095e-35 35.499487179487183 0.81622584044434432 1.5000000000000002
decision_type=10 2 10 10 8 10
left_child=1 2 -1 -2 -3 -6
right_child=3 4 -4 -5 5 -7
leaf_value=-0.00067579491570333712 0.0016282757222692845 0.000764507494444741 -0.002155406396463261 0.00029059917042150476 4.4093284343978355e-05 -0.00082701698385923266
leaf_weight=87 57 33 29 41 203 83
leaf_count=87 57 33 29 41 203 83
internal_value=-7.73117e-05 -0.000355212 -0.00110203 0.000928064 -4.67683e-05 -0.000194244
internal_weight=533 435 116 98 319 286
internal_count=533 435 116 98 319 286
is_linear=0
shrinkage=0.0167612


Tree=45
num_leaves=9
num_cat=0
split_feature=5 44 41 108 102 3 33 19
split_gain=0.592054 0.33914 0.254122 0.252709 0.245999 0.109512 0.0474951 0.0230645
threshold=1.5000000000000002 0.82830707576272322 1.0000000180025095e-35 1.0000000180025095e-35 136865.45316140729 10.500000000000002 1641304.3421296298 4.5000000000000009
decision_type=2 8 10 10 8 2 8 10
left_child=2 7 6 5 -5 -3 -1 -2
right_child=1 3 -4 4 -6 -7 -8 -9
leaf_value=-0.00017105205274790713 0.0006709808957774616 -2.2269835693696528e-05 -0.0019152261378155772 0.00021825567325299189 0.0013982157565178292 -0.00071969213782811618 -0.00074313795956072574 0.0015941538519494659
leaf_weight=42 26 181 34 37 46 66 62 39
leaf_count=42 26 181 34 37 46 66 62 39
internal_value=-7.57067e-05 0.000224285 -0.0009236 1.20221e-05 0.000676474 -0.000237932 -0.000555427 0.00111429
internal_weight=533 395 138 330 83 247 104 65
internal_count=533 395 138 330 83 247 104 65
is_linear=0
shrinkage=0.0167612


Tree=46
num_leaves=10
num_cat=0
split_feature=108 11 133 156 77 10 90 136 156
split_gain=0.807638 0.35088 0.295317 0.158111 0.0877428 0.08665 0.19712 0.0812809 0.00224203
threshold=1.0000000180025095e-35 -0.5 0.25320512820512825 1.0000000180025095e-35 1.0000000180025095e-35 0.25000000000000011 17.500000000000004 0.98387096774193561 1.0000000180025095e-35
decision_type=10 2 8 10 8 2 8 10 10
left_child=1 4 8 -4 -1 6 -3 -7 -2
right_child=2 5 3 -5 -6 7 -8 -9 -10
leaf_value=-0.00012028902978221084 7.314038126293139e-05 0.00024708849401875496 0.0021864540020543046 0.00084125254898082284 0.00055372650480496339 -0.00078987032272189069 -0.00077377654779760459 -0.0017193804852494955 0.00013602361648924689
leaf_weight=43 25 29 41 43 66 90 105 45 46
leaf_count=43 25 29 41 43 66 90 105 45 46
internal_value=-7.5144e-05 -0.000489359 0.00082044 0.00147431 0.000130682 -0.000821913 -0.00047628 -0.00114872 0.000170971
internal_weight=533 378 155 84 109 269 134 135 71
internal_count=533 378 155 84 109 269 134 135 71
is_linear=0
shrinkage=0.0167612


Tree=47
num_leaves=11
num_cat=0
split_feature=108 74 186 77 14 84 101 107 156 31
split_gain=0.782118 0.245114 0.307447 0.128364 0.0982541 0.133754 0.0903547 0.270301 0.0772086 0.0374304
threshold=1.0000000180025095e-35 3.5000000000000004 220027.3674242424 1.0000000180025095e-35 18.000000000000004 1330573.3530303033 125647.57489805466 17.500000000000004 1.0000000180025095e-35 822244.72361111117
decision_type=10 10 10 8 2 8 8 10 10 10
left_child=3 2 8 6 5 -5 -1 -8 -2 -4
right_child=1 -3 9 4 -6 -7 7 -9 -10 -11
leaf_value=-0.00034651333768627191 0.0028253264461743244 0.00024471500179838837 0.00021194015097769609 6.5212073917779881e-05 0.00012735839602767763 -0.00070852542899398389 -0.0005301738566707827 -0.0020992558765622932 0.0014429721795514614 0.00066062179509956715
leaf_weight=54 26 43 28 33 76 129 51 35 27 31
leaf_count=54 26 43 28 33 76 129 51 35 27 31
internal_value=-7.33432e-05 0.000807713 0.0012651 -0.000481197 -0.000232718 -0.00044418 -0.00087595 -0.00123035 0.0020593 0.000529444
internal_weight=533 155 112 378 238 162 140 86 53 59
internal_count=533 155 112 378 238 162 140 86 53 59
is_linear=0
shrinkage=0.0167612


Tree=48
num_leaves=9
num_cat=0
split_feature=5 41 111 9 165 197 186 88
split_gain=0.861196 0.86376 0.32183 0.174166 0.173202 0.0794501 0.0615815 0.0142911
threshold=1.5000000000000002 1.0000000180025095e-35 1.0000000180025095e-35 1.0000000180025095e-35 221.00000000000003 15.000000000000002 1.0000000180025095e-35 19.500000000000004
decision_type=2 10 10 2 8 8 10 10
left_child=1 6 3 4 -2 -5 7 -1
right_child=2 -3 -4 5 -6 -7 -8 -9
leaf_value=-0.00019331936862827801 0.00081862601992454241 -0.0026966805362512712 0.0015794807945574217 -0.0008349381735728421 4.6849277535737784e-05 -9.6523964659646092e-05 5.0068173448905191e-05 -0.0007737179308518659
leaf_weight=45 141 34 26 30 153 41 25 31
leaf_count=45 141 34 26 30 153 41 25 31
internal_value=0 -0.00101023 0.000392535 0.000250545 0.000430355 -0.000308261 -0.000352261 -0.000500514
internal_weight=526 135 391 365 294 71 101 76
internal_count=526 135 391 365 294 71 101 76
is_linear=0
shrinkage=0.0167612


Tree=49
num_leaves=10
num_cat=1
split_feature=0 6 123 80 83 12 33 205 44
split_gain=0.647186 0.545042 0.404714 0.230262 0.368991 0.20891 0.111082 0.0667855 0.0280852
threshold=0 1.0000000180025095e-35 1.0000000180025095e-35 933322.69444444461 0.99999999998821576 1.0000000180025095e-35 670718.75000000012 1.0000000180025095e-35 1.0207905098486914
decision_type=9 2 8 10 8 2 8 8 8
left_child=1 2 -1 4 -2 -6 -3 -8 -5
right_child=3 6 -4 8 5 -7 7 -9 -10
leaf_value=-0.0030655196873445455 0.0017839851760447147 0.00029511488171432771 -0.00090007128837487184 -7.4815389551585292e-05 3.9622170038305133e-05 0.00089534030119767076 -0.00014808102928817792 -0.00065004253442301711 -0.00054905465275577575
leaf_weight=26 45 44 28 25 117 92 25 95 29
leaf_count=26 45 44 28 25 117 92 25 95 29
internal_value=0 -0.000620111 -0.00181141 0.000470995 0.000725889 0.000412323 -0.000198406 -0.000427809 -0.000174887
internal_weight=526 218 54 308 254 209 164 120 54
internal_count=526 218 54 308 254 209 164 120 54
cat_boundaries=0 1
cat_threshold=17425457
is_linear=0
shrinkage=0.0167612


Tree=50
num_leaves=10
num_cat=0
split_feature=10 197 216 44 199 41 42 40 103
split_gain=0.880063 0.708849 0.745891 0.341035 0.184892 0.106606 0.104273 0.0845256 0.0506215
threshold=0.25000000000000011 1.0000000180025095e-35 -0.092510165765644872 0.87023000654796034 1.0000000180025095e-35 1.0000000180025095e-35 1536029.3548809525 1.0000000180025095e-35 190004.53761969908
decision_type=2 8 10 8 10 10 8 10 10
left_child=3 2 -2 6 7 8 -1 -5 -3
right_child=1 5 -4 4 -6 -7 -8 -9 -10
leaf_value=0.0009701646597285342 -0.0037237889956085084 -0.0001582697862921724 -0.00088479974365944134 0.00018888524088441654 0.0011012082958560083 -0.00078537320855643755 0.0022670497614035679 -0.00049999775541127332 0.0003803692429410853
leaf_weight=37 25 102 26 187 28 35 27 24 35
leaf_count=37 25 102 26 187 28 35 27 24 35
internal_value=0 -0.00072943 -0.00209806 0.000565098 0.000280522 -0.000254749 0.00147364 5.23732e-05 -3.05824e-05
internal_weight=526 223 51 303 239 172 64 211 137
internal_count=526 223 51 303 239 172 64 211 137
is_linear=0
shrinkage=0.0167612


Tree=51
num_leaves=9
num_cat=0
split_feature=3 81 49 185 133 25 213 196
split_gain=0.81242 0.912262 0.311935 0.231358 0.17231 0.11253 0.0854837 0.0624856
threshold=3.5000000000000004 1.0000000180025095e-35 1.0000000180025095e-35 33.123589743589754 0.11596638655462181 2.2950000000000004 1165326.7890872357 27.000000000000004
decision_type=2 10 10 8 8 8 8 8
left_child=1 6 3 4 -2 -5 -1 -8
right_child=2 -3 -4 5 -6 -7 7 -9
leaf_value=3.3779556509816755e-05 0.00034592018253514791 -0.0027838343017813514 0.001549488030292866 0.00055886789739460546 0.0012601071984213665 -0.00016390680145807128 -0.0010799339843861164 -0.00021980899563225125
leaf_weight=45 24 30 26 42 74 225 26 34
leaf_count=45 24 30 26 42 74 225 26 34
internal_value=0 -0.000981175 0.000381288 0.000240933 0.00082634 1.57624e-05 -0.000348869 -0.000619664
internal_weight=526 135 391 365 98 267 105 60
internal_count=526 135 391 365 98 267 105 60
is_linear=0
shrinkage=0.0167612


Tree=52
num_leaves=10
num_cat=0
split_feature=108 3 81 120 33 177 40 80 19
split_gain=0.450915 0.569494 0.77872 0.210681 0.175346 0.129639 0.068642 0.110245 0.0169491
threshold=1.0000000180025095e-35 3.5000000000000004 1.0000000180025095e-35 26.000000000000004 959699.07555018796 5.5000000000000009 1.0000000180025095e-35 280369.20908408408 9.0000000000000018
decision_type=10 2 10 10 8 10 10 10 8
left_child=1 2 8 -2 -5 -6 7 -3 -1
right_child=3 6 -4 4 5 -7 -8 -9 -10
leaf_value=-0.00050779302129193326 0.001611256081320379 0.00042489110656312415 -0.0028547972806398985 0.00087395034913923875 0.00022607148221411681 -0.00074413231668560059 -0.00035428370790320854 -0.0002204541954199417 -0.0001392173641031372
leaf_weight=28 31 170 30 63 35 27 43 59 40
leaf_count=28 31 170 30 63 35 27 43 59 40
internal_value=0 -0.000295173 -0.00124092 0.000686664 0.000395218 -4.8458e-05 3.539e-05 0.000192754 -0.000437159
internal_weight=526 370 98 156 125 62 272 229 68
internal_count=526 370 98 156 125 62 272 229 68
is_linear=0
shrinkage=0.0167612


Tree=53
num_leaves=11
num_cat=0
split_feature=74 193 3 59 31 12 118 45 15 101
split_gain=0.639562 0.672359 0.511375 0.468785 0.316408 0.166565 0.165978 0.0462079 0.0310511 0.0153533
threshold=1.5000000000000002 1197646.7818708171 5.5000000000000009 3.7500000000000004 1087864.4206349209 1.0000000180025095e-35 1.0000000180025095e-35 292907.42592592601 1.0000000180025095e-35 20890.912955189717
decision_type=10 8 2 8 8 2 10 10 2 10
left_child=2 5 6 4 -4 7 8 -2 -1 -5
right_child=1 -3 3 9 -6 -7 -8 -9 -10 -11
leaf_value=-0.00010021763662515444 2.4226268491742882e-05 -0.0020439554171289951 0.00078221338369788393 4.9452161372012731e-05 0.002535397038076463 -0.00085000813991679893 -0.00090550358610771747 0.00048106416445322227 0.00031836529177300027 0.0004549919950313045
leaf_weight=76 32 51 33 90 54 27 43 57 35 28
leaf_count=76 32 51 33 90 54 27 43 57 35 28
internal_value=0 -0.000765467 0.00038879 0.000921405 0.0017524 -0.000145083 -0.000208337 0.000180409 -3.00248e-05 0.000287577
internal_weight=526 167 359 205 87 116 154 89 111 118
internal_count=526 167 359 205 87 116 154 89 111 118
is_linear=0
shrinkage=0.0167612


Tree=54
num_leaves=11
num_cat=0
split_feature=108 10 81 13 6 197 13 6 88 10
split_gain=0.433673 0.512475 0.555681 0.244754 0.302471 0.0852828 0.0839299 0.0763429 0.0453308 0.035056
threshold=1.0000000180025095e-35 0.25000000000000011 1.0000000180025095e-35 982749.38613315707 1.5000000000000002 24.000000000000004 413877.09027777787 1.5000000000000002 12.500000000000002 -0.24999999999999994
decision_type=10 2 10 2 2 10 2 2 8 2
left_child=1 7 6 4 5 -2 -3 9 -9 -1
right_child=3 2 -4 -5 -6 -7 -8 8 -10 -11
leaf_value=0.0002358593000821344 0.00018075388933221358 -7.8623306487215404e-05 -0.0021594185495404376 9.1492861357533291e-06 0.00206936311793333 0.0008016177146096524 -0.00068861167526967568 0.00032414644163499906 -0.00021416873292468011 0.00093941598966691318
leaf_weight=58 31 62 47 35 35 55 55 30 88 30
leaf_count=58 31 62 47 35 35 55 55 30 88 30
internal_value=0 -0.000291644 -0.000944261 0.000671434 0.00107851 0.000559268 -0.000381243 0.000175761 2.40329e-05 0.000526656
internal_weight=526 370 164 156 121 86 117 206 118 88
internal_count=526 370 164 156 121 86 117 206 118 88
is_linear=0
shrinkage=0.0167612


Tree=55
num_leaves=7
num_cat=1
split_feature=0 110 44 4 11 33
split_gain=0.527807 0.653968 0.41377 0.130454 0.370825 0.0683045
threshold=0 1.0000000180025095e-35 0.83213928241277035 122.00000000000001 -0.5 1180293.5555555557
decision_type=9 10 8 2 2 8
left_child=1 -1 -2 4 -4 -5
right_child=2 -3 3 5 -6 -7
leaf_value=-0.00019569013301668563 0.001205308577433452 -0.0022558275186344632 0.0012809724163412139 -2.3363265975139428e-05 -4.4073728312843509e-05 -0.00049089108057575866
leaf_weight=64 74 39 51 82 104 112
leaf_count=64 74 39 51 82 104 112
internal_value=0 -0.00086577 0.000263956 2.37265e-05 0.000357968 -0.000229165
internal_weight=526 103 423 349 155 194
internal_count=526 103 423 349 155 194
cat_boundaries=0 1
cat_threshold=17359872
is_linear=0
shrinkage=0.0167612


Tree=56
num_leaves=10
num_cat=0
split_feature=225 80 11 10 146 197 112 133 41
split_gain=0.502234 0.463752 0.472393 0.415917 0.242743 0.270567 0.199506 0.139824 0.0249182
threshold=5.5000000000000009 1357592.0833333335 -1.0000000180025095e-35 0.25000000000000011 297454.50000000006 10.500000000000002 1.0000000180025095e-35 0.032002048131080353 1.0000000180025095e-35
decision_type=10 8 2 2 10 8 8 10 10
left_child=3 7 -3 4 5 -1 -5 8 -2
right_child=1 2 -4 6 -6 -7 -8 -9 -10
leaf_value=0.0012748403751789716 -6.8355126390060817e-05 0.0028327857694545313 0.00071001474185423074 -0.0017040146740026491 -0.00074807122525614273 5.8489631300304e-05 -0.0005130547150692153 0.00068685625343703396 -0.00044698928106277777
leaf_weight=44 36 32 39 46 25 119 96 42 47
leaf_count=44 36 32 39 46 25 119 96 42 47
internal_value=7.11884e-05 0.000698705 0.00162417 -0.000290067 0.000128724 0.000430884 -0.000925243 0.000141664 -0.000200014
internal_weight=526 196 71 330 188 163 142 125 83
internal_count=526 196 71 330 188 163 142 125 83
is_linear=0
shrinkage=0.0167612


Tree=57
num_leaves=9
num_cat=0
split_feature=74 96 10 110 52 10 7 62
split_gain=0.360606 0.396259 0.222659 0.166592 0.128323 0.0578009 0.0393946 0.00548261
threshold=12.500000000000002 1380.0000000000002 -0.6830127018922193 1.0000000180025095e-35 1.0000000180025095e-35 -0.24999999999999994 1.0000000180025095e-35 889737.04512085777
decision_type=8 10 2 10 10 2 2 8
left_child=2 5 -1 4 -4 6 -2 -5
right_child=1 -3 3 7 -6 -7 -8 -9
leaf_value=0.0011423975306023536 5.9659224605987955e-05 -0.0015148544882912873 0.00081981372955912705 -0.00011030099107391172 7.9111050938795996e-05 -0.00026600386612293087 0.00055014208418761455 -0.00059470563411419123
leaf_weight=75 45 35 97 37 40 134 32 31
leaf_count=75 45 35 97 37 40 134 32 31
internal_value=6.99e-05 -0.000347781 0.000469356 0.000181658 0.000487523 -7.07864e-05 0.000203297 -0.000328654
internal_weight=526 246 280 205 137 211 77 68
internal_count=526 246 280 205 137 211 77 68
is_linear=0
shrinkage=0.0167612


Tree=58
num_leaves=11
num_cat=0
split_feature=13 108 74 120 110 133 5 27 77 6
split_gain=0.625769 0.677803 0.557687 0.288711 0.127 0.097948 0.0739682 0.0661243 0.041866 0.00402621
threshold=444942.55918898812 1.0000000180025095e-35 1.0000000180025095e-35 26.000000000000004 1.0000000180025095e-35 0.090097402597402565 1.5000000000000002 1.0000000180025095e-35 1.0000000180025095e-35 1.5000000000000002
decision_type=2 10 8 8 10 8 2 8 8 2
left_child=1 6 4 -4 5 -2 8 -8 -1 -5
right_child=2 -3 3 9 -6 -7 7 -9 -10 -11
leaf_value=-0.00048779551431060817 0.00015425949891241349 0.0021096736119965587 -0.0020854216691106675 -0.00079675342210793702 -0.00025098007461476222 0.00089156842649001867 0.0001902717860770794 0.00073842108276055791 -8.3530509299260881e-06 -0.0003250102157685123
leaf_weight=24 47 47 32 71 35 75 28 71 37 59
leaf_count=24 47 47 32 71 35 75 28 71 37 59
internal_value=6.74313e-05 0.000740246 -0.000356307 -0.00101127 0.000222385 0.000542166 0.000258107 0.000475315 -6.58696e-05 -0.000668415
internal_weight=526 207 319 162 157 122 160 99 61 130
internal_count=526 207 319 162 157 122 160 99 61 130
is_linear=0
shrinkage=0.0167612


Tree=59
num_leaves=10
num_cat=0
split_feature=11 210 42 7 203 144 7 7 35
split_gain=0.478488 0.315817 0.772516 0.347571 0.246045 0.0812123 0.0764513 0.0417703 0.0135368
threshold=-1.0000000180025095e-35 1.0000000180025095e-35 334811.952991453 1.0000000180025095e-35 1.0000000180025095e-35 0.030615432677288303 1.0000000180025095e-35 1.0000000180025095e-35 20.500000000000004
decision_type=2 8 10 2 10 10 2 2 10
left_child=1 2 3 -1 5 8 -3 -4 -2
right_child=4 6 7 -5 -6 -7 -8 -9 -10
leaf_value=0.0012335208276501575 -0.0002168117097245447 -0.0005265049678399073 0.00013741795595666949 0.0030337149616697398 -0.0014197211809169167 0.00018483298788270441 0.00017055449656679539 -0.0003601178869235895 -0.00063625940143164814
leaf_weight=58 145 50 56 34 25 52 27 32 47
leaf_count=58 145 50 56 34 25 52 27 32 47
internal_value=6.52725e-05 0.00056167 0.000955941 0.00189833 -0.00037998 -0.000205346 -6.85226e-05 0.000129319 -0.000362337
internal_weight=526 257 180 92 269 244 77 88 192
internal_count=526 257 180 92 269 244 77 88 192
is_linear=0
shrinkage=0.0167612


Tree=60
num_leaves=10
num_cat=1
split_feature=0 45 10 74 110 197 225 108 225
split_gain=0.555305 0.417687 0.242806 0.206196 0.255494 0.151625 0.0675741 0.0672895 0.00924188
threshold=0 721890.42271505389 0.25000000000000011 5.5000000000000009 1.0000000180025095e-35 1.0000000180025095e-35 11.500000000000002 1.0000000180025095e-35 31.500000000000004
decision_type=9 8 2 10 8 10 10 8 8
left_child=2 7 6 4 -3 -4 8 -2 -1
right_child=1 3 5 -5 -6 -7 -8 -9 -10
leaf_value=-0.00050271232195869711 0.001078391523356721 0.0010229005885136898 -0.0016988613131554628 -0.00055528737243254261 5.5201494439742677e-05 -0.0004277292708285111 0.00027918257832204867 0.0022594734943230761 -9.7888412961540677e-05
leaf_weight=47 39 83 54 39 121 33 41 26 43
leaf_count=47 39 83 54 39 121 33 41 26 43
internal_value=6.32995e-05 0.000502452 -0.000504803 0.00020219 0.000412568 -0.00114486 -0.000102256 0.00149788 -0.000323093
internal_weight=526 308 218 243 204 87 131 65 90
internal_count=526 308 218 243 204 87 131 65 90
cat_boundaries=0 1
cat_threshold=17425553
is_linear=0
shrinkage=0.0167612


Tree=61
num_leaves=8
num_cat=0
split_feature=49 5 84 186 173 60 60
split_gain=0.321146 0.357346 0.265034 0.168348 0.286613 0.129667 0.0942311
threshold=1.0000000180025095e-35 1.5000000000000002 959601.14343729708 247499.73211875846 1.0000000180025095e-35 15.309523809523812 27.652046783625735
decision_type=10 2 8 10 8 10 10
left_child=1 3 6 4 -1 -4 -3
right_child=-2 2 5 -5 -6 -7 -8
leaf_value=-0.00207866299780137 0.0011841196156242729 0.0011809342060157678 5.389782699987587e-05 -0.00019495721137124394 -0.00053527030357822475 -0.00070810470292213172 0.00028793213578295673
leaf_weight=29 30 72 193 29 75 40 58
leaf_count=29 30 72 193 29 75 40 58
internal_value=6.17545e-05 -2.74291e-05 0.000212274 -0.000699283 -0.00106904 -6.02948e-05 0.000762664
internal_weight=526 496 363 133 104 233 130
internal_count=526 496 363 133 104 233 130
is_linear=0
shrinkage=0.0167612


Tree=62
num_leaves=10
num_cat=0
split_feature=44 2 5 131 47 215 33 117 31
split_gain=0.484126 0.473131 0.232435 0.129113 0.0615572 0.11949 0.0447229 0.00532848 0.00122054
threshold=0.87650145820826164 2023.5000000000002 1.5000000000000002 1.0000000180025095e-35 1.0000000180025095e-35 2.4682539682539688 683200.60470085486 1.0000000180025095e-35 941923.35459183692
decision_type=8 2 2 8 10 10 10 10 8
left_child=1 -1 3 -2 6 -6 -4 -5 -3
right_child=2 8 4 7 5 -7 -8 -9 -10
leaf_value=0.0019394734013410259 -0.0014243683429071604 0.00014917420747043462 -6.024090037652515e-06 -0.00041161819015201337 0.00088464321379634831 8.3830092670422499e-05 -0.00044169200763603247 -0.00013382412533352367 -2.5702413931514881e-06
leaf_weight=51 36 29 187 45 44 38 39 33 24
leaf_count=51 36 29 187 45 44 38 39 33 24
internal_value=6.13324e-05 0.000948346 -0.000165756 -0.000738209 2.69665e-05 0.000376334 -6.62954e-05 -0.000370104 0.000247245
internal_weight=526 104 422 114 308 82 226 78 53
internal_count=526 104 422 114 308 82 226 78 53
is_linear=0
shrinkage=0.0167612


Tree=63
num_leaves=11
num_cat=0
split_feature=108 33 3 101 127 11 5 80 74 197
split_gain=0.423948 0.407713 0.189773 0.153384 0.187725 0.15201 0.145605 0.106437 0.0838671 0.0488561
threshold=1.0000000180025095e-35 1052744.4791666667 6.5000000000000009 125647.57489805466 13.500000000000002 -0.68301270189221952 2.5000000000000004 985391.87307098776 5.5000000000000009 15.000000000000002
decision_type=10 10 2 10 8 2 2 8 10 10
left_child=2 6 5 4 -4 -1 9 -8 -7 -2
right_child=1 -3 3 -5 -6 8 7 -9 -10 -11
leaf_value=-0.00014309357511204222 0.00029183304502611995 -0.00021040212228912151 0.0011623724660066936 -0.00052892580827926391 5.2096178810733436e-05 -0.00058650859181361788 0.0011153165307710346 0.0024959471254924395 -0.0014997898850190434 0.00085149988985786754
leaf_weight=56 25 33 32 33 115 103 27 32 33 37
leaf_count=56 25 33 32 33 115 103 27 32 33 37
internal_value=5.96525e-05 0.000733764 -0.000215906 9.15184e-05 0.000372636 -0.000571826 0.00123604 0.0018193 -0.000876507 0.000682181
internal_weight=526 154 372 180 147 192 121 59 136 62
internal_count=526 154 372 180 147 192 121 59 136 62
is_linear=0
shrinkage=0.0167612


Tree=64
num_leaves=9
num_cat=1
split_feature=0 121 18 77 146 10 11 130
split_gain=0.431326 0.243873 0.182842 0.159212 0.117061 0.100486 0.0630676 0.0209515
threshold=0 -0.57176144830753806 1.0000000180025095e-35 1.0000000180025095e-35 875554.5757575758 -1.0000000180025095e-35 1.0000000180025095e-35 7.0000000000000009
decision_type=9 8 10 8 8 2 2 8
left_child=5 2 -2 4 -3 6 -1 -5
right_child=1 3 -4 7 -6 -7 -8 -9
leaf_value=-9.1334825981847592e-05 0.00043407386975223583 -4.0843624928194542e-05 0.0017724238559001281 0.00073511529361462572 -0.000702378045723916 -0.0013649176615829054 -0.00068222723030618871 0.00023547875789161062
leaf_weight=26 54 102 29 38 75 53 33 127
leaf_count=26 54 102 29 38 75 53 33 127
internal_value=0 0.000237983 0.000929708 3.78874e-05 -0.00026374 -0.000761537 -0.000389541 0.000386532
internal_weight=537 425 83 342 177 112 59 165
internal_count=537 425 83 342 177 112 59 165
cat_boundaries=0 1
cat_threshold=17351712
is_linear=0
shrinkage=0.0167612


Tree=65
num_leaves=10
num_cat=0
split_feature=11 7 42 171 43 146 81 27 33
split_gain=0.418389 0.313069 0.37758 0.406455 0.271492 0.0825139 0.188794 0.0372771 0.0371664
threshold=1.0000000180025095e-35 1.0000000180025095e-35 601600.90347018593 115.74135015000002 1.0000000180025095e-35 571446.06756756769 1.0000000180025095e-35 1.0000000180025095e-35 444551.40625000006
decision_type=2 2 10 10 8 8 10 8 10
left_child=1 7 3 -3 -2 6 -6 -1 -9
right_child=4 2 -4 -5 5 -7 -8 8 -10
leaf_value=-0.00032310939000854513 -0.0013591491574590996 0.00079954239736657236 0.00034843199018654399 0.0028604575783918317 0.00075049903410785441 -0.00039882208935696173 -0.00042097213987630816 0.00034551866055579616 -2.0859741855835312e-05
leaf_weight=24 44 31 27 34 46 153 26 94 58
leaf_count=24 44 31 27 34 46 153 26 94 58
internal_value=0 0.000439122 0.00113266 0.0018203 -0.000437533 -0.000198026 0.000134905 4.21563e-05 0.000141144
internal_weight=537 268 92 65 269 225 72 176 152
internal_count=537 268 92 65 269 225 72 176 152
is_linear=0
shrinkage=0.0167612


Tree=66
num_leaves=10
num_cat=0
split_feature=11 2 43 12 15 7 6 161 39
split_gain=0.404457 0.5467 0.264314 0.212452 0.151632 0.171879 0.0631263 0.0486694 0.0274172
threshold=1.0000000180025095e-35 2023.5000000000002 1.0000000180025095e-35 1.0000000180025095e-35 1.0000000180025095e-35 1.0000000180025095e-35 1.5000000000000002 27.500000000000004 13.200000000000001
decision_type=2 2 8 2 2 2 2 10 10
left_child=1 3 -2 -1 7 -6 8 -3 -4
right_child=2 4 6 -5 5 -7 -8 -9 -10
leaf_value=0.0026320064683294686 -0.0013414733179243181 -0.00041741275199574772 -0.00013246720796125631 0.0009594365583704531 0.00017699043759431771 0.0013481682107016326 -0.00058605838970688458 2.5781815781190297e-05 0.00023827812415868512
leaf_weight=24 44 113 134 33 42 25 47 31 44
leaf_count=24 44 113 134 33 42 25 47 31 44
internal_value=0 0.000430062 -0.000431868 0.00158098 4.76214e-05 0.00057471 -0.000195016 -0.000220124 -1.85315e-05
internal_weight=537 268 269 57 211 67 225 144 178
internal_count=537 268 269 57 211 67 225 144 178
is_linear=0
shrinkage=0.0167612


Tree=67
num_leaves=11
num_cat=0
split_feature=11 25 13 43 205 127 102 7 35 7
split_gain=0.394472 0.388129 0.323368 0.257257 0.163704 0.150858 0.0794859 0.0609053 0.048343 0.0385852
threshold=1.0000000180025095e-35 3.5000000000000004 425259.87508586288 1.0000000180025095e-35 1.0000000180025095e-35 9.5000000000000018 58847.137429935763 1.0000000180025095e-35 27.500000000000004 1.0000000180025095e-35
decision_type=2 10 2 8 8 8 10 2 10 2
left_child=1 2 4 -2 -1 -4 7 -5 -8 -3
right_child=3 9 5 6 -6 -7 8 -9 -10 -11
leaf_value=0.0016804161959387658 -0.0013240645302660002 0.00099661272950817654 -0.0010232585942898591 -0.0001668370637524099 0.0003435674504240233 -4.3186955283533249e-05 1.8082211231673927e-05 -0.00085915986481203271 0.0005212098413435774 0.0020824207957491603
leaf_weight=26 44 33 31 126 42 111 26 34 39 25
leaf_count=26 44 33 31 126 42 111 26 34 39 25
internal_value=0 0.000424824 9.56449e-05 -0.000426401 0.000858404 -0.000299667 -0.000192203 -0.000378415 0.000153043 0.00139566
internal_weight=537 268 210 269 68 142 225 160 65 58
internal_count=537 268 210 269 68 142 225 160 65 58
is_linear=0
shrinkage=0.0167612


Tree=68
num_leaves=10
num_cat=0
split_feature=10 164 43 101 109 39 99 7 164
split_gain=0.504099 0.414644 0.364058 0.386434 0.199154 0.148835 0.114777 0.0666482 0.0147046
threshold=-0.24999999999999994 56231271.688924722 1.0000000180025095e-35 352211.55021105142 1.0000000180025095e-35 2.3636363636363638 1.0000000180025095e-35 1.0000000180025095e-35 59682889.237278871
decision_type=2 8 8 8 10 10 10 2 8
left_child=1 -1 3 -2 8 -6 7 -4 -3
right_child=2 4 6 -5 5 -7 -8 -9 -10
leaf_value=0.0018750997216900552 -0.00049915816976601167 -4.7011462277657493e-05 0.0002943727898121426 -0.0024248791479492809 0.0013729699967255692 0.00023626737893584453 -0.00054319591216360279 -0.00027601062790225963 -0.0002782003087594736
leaf_weight=28 41 24 143 29 43 43 77 35 74
leaf_count=28 41 24 143 29 43 43 77 35 74
internal_value=0 0.000583769 -0.000395315 -0.00128178 0.000296857 0.000779831 -0.000103023 9.43864e-05 -0.000107378
internal_weight=537 212 325 70 184 86 255 178 98
internal_count=537 212 325 70 184 86 255 178 98
is_linear=0
shrinkage=0.0167612


Tree=69
num_leaves=10
num_cat=0
split_feature=33 44 41 225 25 164 43 213 74
split_gain=0.367563 0.204427 0.169767 0.256801 0.27632 0.186569 0.0910674 0.0616392 0.0118887
threshold=670718.75000000012 0.82830707576272322 1.0000000180025095e-35 3.5000000000000004 1.6550000000000002 57105465.525628507 1.0000000180025095e-35 929066.06881373108 23.500000000000004
decision_type=8 8 10 10 10 10 10 8 8
left_child=1 -1 3 4 -2 -5 -4 -8 -3
right_child=2 8 6 5 -6 -7 7 -9 -10
leaf_value=0.0015959611139841029 -3.5836782308364729e-05 0.00010193812606558897 -0.001400903529227545 0.00011570482401631233 -0.001166479913008348 0.0011307225730912303 -0.00066855800433421959 -0.00012813717498583112 0.00038724397576415026
leaf_weight=36 164 37 27 64 54 54 44 27 30
leaf_count=36 164 37 27 64 54 54 44 27 30
internal_value=0 0.000767434 -0.00020894 -2.06176e-05 -0.000350286 0.0005119 -0.000739745 -0.000415811 0.000303736
internal_weight=537 103 434 336 218 118 98 71 67
internal_count=537 103 434 336 218 118 98 71 67
is_linear=0
shrinkage=0.0167612


Tree=70
num_leaves=9
num_cat=0
split_feature=13 17 62 11 33 204 13 73
split_gain=0.433067 0.550314 0.197317 0.346479 0.241777 0.160645 0.324075 0.0624432
threshold=662660.83353494632 1.0000000180025095e-35 715103.9682539684 -0.24999999999999994 910684.76337551349 1.0000000180025095e-35 480000.38461538468 1.0000000180025095e-35
decision_type=2 10 10 2 10 10 2 10
left_child=1 5 3 -2 7 6 -1 -4
right_child=2 -3 4 -5 -6 -7 -8 -9
leaf_value=0.00020967467359596731 -0.00032811464683894375 0.00176212678510527 0.00094561907873653712 -0.0019317393746402969 -0.00063966699646121183 0.000791383423697645 -0.0010022360482180256 0.00020015497774659852
leaf_weight=186 43 36 32 45 80 44 45 26
leaf_count=186 43 36 32 45 80 44 45 26
internal_value=0 0.000381516 -0.000519031 -0.00108298 -0.000141026 0.000118835 -3.46349e-05 0.000478586
internal_weight=537 311 226 88 138 275 231 58
internal_count=537 311 226 88 138 275 231 58
is_linear=0
shrinkage=0.0167612


Tree=71
num_leaves=8
num_cat=0
split_feature=25 13 43 133 97 131 144
split_gain=0.571622 0.66175 0.384302 0.112826 0.0600814 0.281621 0.0459123
threshold=4.1650000000000009 510944.7410714287 1.0000000180025095e-35 0.090097402597402565 1.0000000180025095e-35 1.0000000180025095e-35 0.12158167036215817
decision_type=10 2 10 10 8 10 8
left_child=1 4 -3 -4 -1 -6 -2
right_child=6 2 3 -5 5 -7 -8
leaf_value=0.00015307451316215102 0.0019848470777281096 -0.0015973660896243895 -0.00053002968786353306 0.00014203562533968814 0.00021543366693559091 0.0014944552474189519 0.00083397880052852311
leaf_weight=34 28 75 149 46 139 42 24
leaf_count=34 28 75 149 46 139 42 24
internal_value=0 -0.000179591 -0.000716248 -0.000335846 0.000431532 0.000596881 0.00126807
internal_weight=537 485 270 195 215 181 52
internal_count=537 485 270 195 215 181 52
is_linear=0
shrinkage=0.0167612


Tree=72
num_leaves=11
num_cat=0
split_feature=11 203 225 215 7 15 40 7 202 104
split_gain=0.411795 0.697171 0.328669 0.491835 0.0925977 0.194148 0.177248 0.0665856 0.0260358 0.02002
threshold=-1.0000000180025095e-35 1.0000000180025095e-35 4.5000000000000009 2.2714987714987722 1.0000000180025095e-35 1.0000000180025095e-35 1.0000000180025095e-35 1.0000000180025095e-35 21.500000000000004 14.500000000000002
decision_type=2 10 10 10 2 2 10 2 10 8
left_child=2 7 4 -4 6 -6 -1 8 -2 -5
right_child=1 -3 3 9 5 -7 -8 -9 -10 -11
leaf_value=-3.5234705357163914e-05 0.00016035957655307785 -0.0021220608311620635 0.0021562180194758351 0.00036154364895198062 9.4648038431340988e-05 0.0012153664905711346 -0.0010569982075441533 -0.00055115948997176256 -0.00016386138692891088 -1.9162044477542455e-05
leaf_weight=81 112 25 46 31 41 25 24 45 92 24
leaf_count=81 112 25 46 31 41 25 24 45 92 24
internal_value=0 -0.000419912 0.000443239 0.00111542 4.36731e-05 0.000416279 -0.000242569 -0.000138631 -1.16354e-05 0.000282909
internal_weight=546 274 272 101 171 66 105 249 204 55
internal_count=546 274 272 101 171 66 105 249 204 55
is_linear=0
shrinkage=0.0167612


Tree=73
num_leaves=9
num_cat=0
split_feature=10 13 122 120 110 99 6 50
split_gain=0.456053 0.295429 0.285924 0.21143 0.304186 0.1395 0.0879893 0.0495038
threshold=-0.24999999999999994 1278717.3388347765 15.500000000000002 46.000000000000007 1.0000000180025095e-35 1.0000000180025095e-35 1.5000000000000002 1.0000000180025095e-35
decision_type=2 2 8 8 10 10 2 8
left_child=1 2 -1 4 -2 -4 7 -5
right_child=3 -3 5 6 -6 -7 -8 -9
leaf_value=0.0017016999446646038 -0.0003072513798692562 -0.00035216291660445726 6.7558663724352625e-05 -0.00024473873421777131 -0.0019293647249055625 0.0010449315418031219 -0.00062584411239432092 0.00020194882447099012
leaf_weight=54 43 27 102 77 35 32 40 136
leaf_count=54 43 27 102 77 35 32 40 136
internal_value=0 0.00056312 0.000858765 -0.000361301 -0.00101412 0.000436247 -0.000121572 -9.80725e-06
internal_weight=546 215 188 331 78 134 253 213
internal_count=546 215 188 331 78 134 253 213
is_linear=0
shrinkage=0.0167612


Tree=74
num_leaves=10
num_cat=0
split_feature=110 74 13 13 13 204 214 6 60
split_gain=0.295747 0.459451 0.687009 0.599332 0.376122 0.266566 0.0979076 0.0679992 0.0470341
threshold=1.0000000180025095e-35 5.5000000000000009 425259.87508586288 643622.38376068382 413877.09027777787 1.0000000180025095e-35 1.5000000000000002 1.0000000180025095e-35 86.096829268292694
decision_type=10 8 2 2 2 8 10 2 8
left_child=1 3 6 -1 8 -6 -3 -5 -2
right_child=4 2 -4 7 5 -7 -8 -9 -10
leaf_value=0.0020283192610409057 0.00049814451713669084 0.00088029321797038142 -0.000954483204978509 -0.00019536991247050761 -0.0023704983710734679 -0.00068816749063932057 0.00021295765063607846 0.0004093183988083964 -3.3319709931189049e-05
leaf_weight=53 27 94 134 31 28 41 30 83 25
leaf_count=53 27 94 134 31 28 41 30 83 25
internal_value=0 0.000209206 -0.000171658 0.000844921 -0.000629921 -0.00137761 0.000554774 0.000229017 7.1877e-06
internal_weight=546 425 258 167 121 69 124 114 52
internal_count=546 425 258 167 121 69 124 114 52
is_linear=0
shrinkage=0.0167612


Tree=75
num_leaves=8
num_cat=0
split_feature=11 203 217 110 216 217 109
split_gain=0.298339 0.453039 0.249048 0.517685 0.120696 0.0526962 0.051191
threshold=-0.5 1.0000000180025095e-35 155696.67954545459 1.0000000180025095e-35 0.12479185904202039 623311.85267857148 1.0000000180025095e-35
decision_type=2 10 10 8 10 8 10
left_child=2 4 3 -1 5 -2 -5
right_child=1 -3 -4 6 -6 -7 -8
leaf_value=0.0018994576990221574 9.3739212733212114e-05 -0.0015866389071053856 -0.00013580809473877413 0.00034069497466991525 0.00056326383656044444 -0.00031143130546800238 -0.00024645538376863744
leaf_weight=55 55 30 50 56 33 238 29
leaf_count=55 55 30 50 56 33 238 29
internal_value=0 -0.000264768 0.00049731 0.000885121 -6.69523e-05 -0.000187718 0.000159546
internal_weight=546 356 190 140 326 293 85
internal_count=546 356 190 140 326 293 85
is_linear=0
shrinkage=0.0167612


Tree=76
num_leaves=11
num_cat=1
split_feature=13 1 23 133 110 153 154 144 6 9
split_gain=0.504996 0.383556 0.494196 0.26646 0.229076 0.196961 0.132757 0.256107 0.0460543 0.0322505
threshold=683409.35590986407 0 900.00000000000011 0.047247023809523808 1.0000000180025095e-35 1.0000000180025095e-35 8.5000000000000018 0.17157275021026072 1.5000000000000002 1.0000000180025095e-35
decision_type=2 1 8 10 10 10 10 8 2 2
left_child=1 6 4 5 -3 -2 8 -8 -1 -4
right_child=3 2 9 -5 -6 -7 7 -9 -10 -11
leaf_value=2.8159173819734271e-05 -0.0013445501325189599 0.0023099878244877111 0.00024903539419092945 5.1810514527958373e-06 0.00079437323678516116 -0.00042923712771320162 -0.00019946042373025381 -0.0015457405287391684 0.0005211404735237505 -0.00017187719813472948
leaf_weight=47 116 58 89 52 36 25 44 29 25 25
leaf_count=47 116 58 89 52 36 25 44 29 25 25
internal_value=0 0.000366594 0.000797265 -0.000622954 0.00162765 -0.00102876 -0.000170875 -0.000669016 9.89693e-05 0.000149653
internal_weight=546 353 208 193 94 141 145 73 72 114
internal_count=546 353 208 193 94 141 145 73 72 114
cat_boundaries=0 1
cat_threshold=193
is_linear=0
shrinkage=0.0167612


Tree=77
num_leaves=10
num_cat=1
split_feature=0 151 44 47 197 6 67 161 122
split_gain=0.463571 0.347109 0.180808 0.147941 0.134637 0.105116 0.073467 0.0435491 0.031411
threshold=0 1.0000000180025095e-35 0.82458719403352942 1.0000000180025095e-35 10.500000000000002 1.5000000000000002 1.0000000180025095e-35 21.500000000000004 12.500000000000002
decision_type=9 8 8 10 10 2 10 8 10
left_child=1 -1 6 8 -5 -3 -2 -7 -4
right_child=2 5 3 4 -6 7 -8 -9 -10
leaf_value=-0.0016457342308321154 0.00061247108119367002 -0.00050681370367924665 0.00011122154405546561 0.0012962698041596693 0.00033613278241441478 0.00051963965350082433 0.0018034904650194804 2.9312130587378045e-05 -0.00026411623371369044
leaf_weight=33 24 132 134 42 24 26 26 48 57
leaf_count=33 24 132 134 42 24 26 26 48 57
internal_value=0 -0.000495112 0.000409552 0.000234018 0.000767751 -0.000256321 0.00116114 0.00010459 2.0859e-05
internal_weight=546 239 307 257 66 206 50 74 191
internal_count=546 239 307 257 66 206 50 74 191
cat_boundaries=0 1
cat_threshold=17359033
is_linear=0
shrinkage=0.0167612


Tree=78
num_leaves=11
num_cat=2
split_feature=0 164 149 1 95 43 12 132 151 6
split_gain=0.375974 0.290881 0.549716 0.164006 0.134931 0.117342 0.111811 0.105096 0.0732061 0.0551731
threshold=0 57427853.012764104 22.500000000000004 1 13.500000000000002 1.0000000180025095e-35 1.0000000180025095e-35 0.12599206349206346 1.0000000180025095e-35 1.5000000000000002
decision_type=9 8 10 1 8 10 2 8 10 2
left_child=6 2 8 9 -5 -4 7 -1 -2 -3
right_child=1 3 5 4 -6 -7 -8 -9 -10 -11
leaf_value=0.00083377559354024379 -0.0027249671399776007 -0.00064040727542586263 0.00052283972113211484 0.00099827922517320379 8.5518235288539212e-05 -0.00040494119160032656 0.0013156356533245586 7.0268857764791418e-05 -0.0013487319445389392 -0.00012960210520652815
leaf_weight=34 26 80 25 40 130 55 46 52 25 33
leaf_count=34 26 80 25 40 130 55 46 52 25 33
internal_value=0 -0.000233006 -0.000824787 9.09557e-06 0.00033836 -0.000156203 0.000664768 0.000370033 -0.0019136 -0.000358427
internal_weight=546 414 131 283 170 80 132 86 51 113
internal_count=546 414 131 283 170 80 132 86 51 113
cat_boundaries=0 1 2
cat_threshold=2099524 133
is_linear=0
shrinkage=0.0167612


Tree=79
num_leaves=9
num_cat=0
split_feature=11 14 25 12 110 51 216 119
split_gain=0.287436 0.490724 0.265561 0.130438 0.306249 0.0696325 0.0544931 0.0847895
threshold=0.25000000000000017 8.5000000000000018 3.5350000000000006 1.0000000180025095e-35 1.0000000180025095e-35 1.0000000180025095e-35 0.081519550992455558 14.500000000000002
decision_type=2 2 10 2 8 8 10 10
left_child=2 -2 3 5 -5 -1 7 -3
right_child=1 6 -4 4 -6 -7 -8 -9
leaf_value=7.9516729794009203e-05 -0.001644072539955279 -3.1945611792945365e-05 0.0011506535116822042 0.0014134150395208602 7.5244906267638381e-05 -0.00043615205095359717 0.00031357701371964136 -0.00065765929480775774
leaf_weight=77 40 100 55 37 55 96 40 46
leaf_count=77 40 100 55 37 55 96 40 46
internal_value=0 -0.000415155 0.000314527 8.71636e-05 0.000520947 -0.000139816 -5.78578e-05 -0.000202864
internal_weight=546 226 320 265 92 173 186 146
internal_count=546 226 320 265 92 173 186 146
is_linear=0
shrinkage=0.0167612


Tree=80
num_leaves=11
num_cat=0
split_feature=10 225 9 142 42 102 50 16 182 167
split_gain=0.459268 0.381784 0.303822 0.262234 0.533327 0.0635686 0.0204977 0.0149519 0.0112734 0.00278666
threshold=0.25000000000000011 15.500000000000002 1.0000000180025095e-35 -8.5191404499999983 683409.35590986407 171745.71337165998 1.0000000180025095e-35 1.0000000180025095e-35 1.0000000180025095e-35 7.0000000000000009
decision_type=2 8 2 10 10 8 10 10 10 8
left_child=2 5 3 7 -5 -2 8 -1 -3 -4
right_child=1 6 9 4 -6 -7 -8 -9 -10 -11
leaf_value=0.00013643981198226246 -0.00087357293557334696 -3.342467522939823e-05 -0.00018523001921643152 0.0018128676525997463 0.00024752713799315823 -0.0019434930037779405 0.00015711728791100688 -0.00017465889230441423 -0.00037396211932327797 -0.00079012285211600285
leaf_weight=70 39 75 24 89 62 40 37 29 28 27
leaf_count=70 39 75 24 89 62 40 37 29 28 27
internal_value=0 -0.000553439 0.000386294 0.000655697 0.00106862 -0.00135907 -6.74495e-05 0.000104132 -0.000167549 -0.000423079
internal_weight=520 219 301 250 151 79 140 99 103 51
internal_count=520 219 301 250 151 79 140 99 103 51
is_linear=0
shrinkage=0.0167612


Tree=81
num_leaves=10
num_cat=0
split_feature=108 3 164 25 156 149 56 9 177
split_gain=0.36552 0.277968 0.181553 0.155428 0.105613 0.0422324 0.0414568 0.109464 0.0758895
threshold=1.0000000180025095e-35 3.5000000000000004 55143643.179006211 2.4400000000000004 1.0000000180025095e-35 80.500000000000014 1.0000000180025095e-35 1.0000000180025095e-35 15.000000000000002
decision_type=10 2 10 8 10 10 8 2 10
left_child=1 3 -2 -1 -4 -6 8 -8 -3
right_child=2 6 4 -5 5 -7 7 -9 -10
leaf_value=-0.0018358626346001697 0.0013482283860064275 -8.6494749050278376e-05 0.00070422540363131397 -0.00059212792637545575 -0.00045996732340471575 3.6147241098892029e-05 0.00032627018483270571 -0.00042106282859667406 -0.00072432636151181817
leaf_weight=24 42 43 46 73 24 46 151 34 37
leaf_count=24 42 43 46 73 24 46 151 34 37
internal_value=0 -0.000295972 0.000588641 -0.000960126 0.000262982 -2.87833e-05 -1.94997e-05 9.97788e-05 -0.000285487
internal_weight=520 362 158 97 116 70 265 185 80
internal_count=520 362 158 97 116 70 265 185 80
is_linear=0
shrinkage=0.0167612


Tree=82
num_leaves=11
num_cat=0
split_feature=11 108 39 41 182 42 44 110 27 19
split_gain=0.370314 0.381127 0.228971 0.132933 0.1278 0.166012 0.137277 0.0653398 0.0232933 0.0010104
threshold=0.25000000000000017 1.0000000180025095e-35 125.59743589743591 1.0000000180025095e-35 1.0000000180025095e-35 1190521.4136349468 0.94732147311167958 1.0000000180025095e-35 1.0000000180025095e-35 11.000000000000002
decision_type=2 10 8 8 10 8 8 8 10 8
left_child=1 3 -3 8 6 -6 -2 -5 -1 -8
right_child=4 2 -4 7 5 -7 9 -9 -10 -11
leaf_value=-0.0010110574389516761 0.00047681584322348871 0.0004061109451300054 0.0018107559073307457 0.00064701849673440043 -0.00034867881596332441 -0.0015886223178826235 -0.0007083130859230558 2.4323053490426485e-05 -0.00024009713683040547 -0.00025838155869037838
leaf_weight=25 27 47 51 32 48 44 25 121 27 73
leaf_count=25 27 47 51 32 48 44 25 121 27 73
internal_value=0 0.000341617 0.00109053 1.86129e-05 -0.000502797 -0.000952284 -0.000160967 0.000181787 -0.000586937 -0.000431021
internal_weight=520 303 98 205 217 92 125 153 52 98
internal_count=520 303 98 205 217 92 125 153 52 98
is_linear=0
shrinkage=0.0167612


Tree=83
num_leaves=11
num_cat=0
split_feature=11 171 84 10 113 186 110 110 10 3
split_gain=0.493308 0.283047 0.177531 0.136053 0.0994713 0.0930945 0.380823 0.0853928 0.0306983 0.0150572
threshold=-0.24999999999999994 116.07631110000001 759226.27272727282 -0.5 5448.5683603348207 316042.78183949261 1.0000000180025095e-35 1.0000000180025095e-35 -0.24999999999999994 9.5000000000000018
decision_type=2 8 8 2 10 10 8 10 2 2
left_child=1 7 8 9 -5 6 -3 -1 -2 -4
right_child=2 5 3 4 -6 -7 -8 -9 -10 -11
leaf_value=0.00018688634061159333 0.0004758979749160926 0.0023713667146829953 -0.00028884269259685041 -0.0012469143594635869 -0.00036223538202209698 0.00036698771254229225 0.00063833505811286182 -0.00055056785776019823 5.023678427689943e-05 8.7474038425751892e-06
leaf_weight=44 32 32 28 105 56 32 76 36 25 54
leaf_count=44 32 32 28 105 56 32 76 36 25 54
internal_value=0 0.000541675 -0.000432353 -0.000655719 -0.000931968 0.000995305 0.00126789 3.55904e-06 0.000117432 -0.000121717
internal_weight=520 220 300 243 161 140 108 80 57 82
internal_count=520 220 300 243 161 140 108 80 57 82
is_linear=0
shrinkage=0.0167612


Tree=84
num_leaves=10
num_cat=0
split_feature=25 171 44 15 101 32 11 136 186
split_gain=0.376626 0.365573 0.315983 0.180104 0.0955721 0.208331 0.0880301 0.0755932 0.0439953
threshold=3.7750000000000004 116.07631110000001 0.87023000654796034 1.0000000180025095e-35 219379.25147891746 1.0000000180025095e-35 1.0000000180025095e-35 0.80322580645161301 667242.50000000012
decision_type=10 8 8 2 8 10 2 8 8
left_child=1 4 -2 7 8 -6 -5 -3 -1
right_child=2 3 -4 6 5 -7 -8 -9 -10
leaf_value=-0.00017389034877860935 0.001970021590595629 0.00021411214396803896 0.00034418246296817357 0.0010722363339078559 -0.002006072087283141 -0.00049648116975567014 0.00018562451747663555 -0.00034563923301576897 -0.00057308774299770786
leaf_weight=28 29 58 33 56 34 29 46 131 76
leaf_count=28 29 58 33 56 34 29 46 131 76
internal_value=0 -0.00017833 0.00095187 0.000129647 -0.000757064 -0.00126681 0.000642472 -9.84908e-05 -0.000434392
internal_weight=520 458 62 291 167 63 102 189 104
internal_count=520 458 62 291 167 63 102 189 104
is_linear=0
shrinkage=0.0167612


Tree=85
num_leaves=10
num_cat=0
split_feature=108 10 79 6 215 13 41 44 216
split_gain=0.328275 0.205385 0.259093 0.173819 0.196736 0.0840352 0.158228 0.0472868 0.00875296
threshold=1.0000000180025095e-35 0.25000000000000011 1.0000000180025095e-35 1.5000000000000002 2.9462864721485418 249612.22396605703 1.0000000180025095e-35 0.85697168698152681 -0.055800382019055773
decision_type=10 2 8 2 10 2 10 8 10
left_child=1 5 -3 7 -5 -1 -7 -2 -9
right_child=3 2 -4 4 -6 6 -8 8 -10
leaf_value=0.00056698508033254508 0.00049644507998219283 -0.0012965942766251879 -0.0001306355423563555 0.001867583282442973 0.00050121910451055452 -0.00046430555683936388 0.00038767743908938227 -0.0002107255579615198 -8.7080976769330874e-06
leaf_weight=32 29 80 81 36 25 107 62 31 37
leaf_count=32 29 80 81 36 25 107 62 31 37
internal_value=0 -0.000279659 -0.000696776 0.000558696 0.00117164 -2.13358e-06 -8.15674e-05 0.000151005 -2.59467e-05
internal_weight=520 362 161 158 61 201 169 97 68
internal_count=520 362 161 158 61 201 169 97 68
is_linear=0
shrinkage=0.0167612


Tree=86
num_leaves=8
num_cat=0
split_feature=44 74 11 205 108 155 18
split_gain=0.406147 0.213692 0.254152 0.233503 0.145001 0.0894983 0.0278503
threshold=0.84517020110063734 6.5000000000000009 -0.5 1.0000000180025095e-35 1.0000000180025095e-35 3.5751879699248126 1.0000000180025095e-35
decision_type=8 10 2 10 10 8 8
left_child=4 2 3 -2 -1 -3 -4
right_child=1 5 6 -5 -6 -7 -8
leaf_value=0.00028494301790506151 0.0010016267340731697 -0.00044729268873898437 -7.2907955218585272e-05 -9.3853413015312378e-05 0.0014786559004375535 -0.0014970784875588316 -0.0005077554382685904
leaf_weight=38 84 47 87 39 48 32 145
leaf_count=38 84 47 87 39 48 32 145
internal_value=0 -0.000215716 -3.09382e-05 0.000492028 0.000864264 -0.000874107 -0.000347683
internal_weight=520 434 355 123 86 79 232
internal_count=520 434 355 123 86 79 232
is_linear=0
shrinkage=0.0167612


Tree=87
num_leaves=11
num_cat=1
split_feature=11 1 13 182 119 41 84 171 155 3
split_gain=0.460404 0.2175 0.799088 0.141088 0.107436 0.14302 0.099932 0.0960653 0.077689 0.130052
threshold=-1.0000000180025095e-35 0 433391.55702811241 1.0000000180025095e-35 24.500000000000004 1.0000000180025095e-35 2323159.8538461546 116.07848305 2.7029411764705888 7.5000000000000009
decision_type=2 1 2 10 8 10 8 10 8 2
left_child=1 2 -1 6 5 -3 -2 -4 -5 -10
right_child=3 4 7 8 -6 -7 -8 -9 9 -11
leaf_value=0.0026255920556568016 0.00029951908948682484 -0.00093069587468960703 -0.00020557218787148652 -0.00031817305793393688 0.00040198308869676463 -7.9281721133311362e-06 -0.00040474700098926445 0.00057979726127159307 -0.001770028538984642 -0.00051822068661336903
leaf_weight=28 46 38 37 36 74 38 101 46 45 31
leaf_count=28 46 38 37 36 74 38 101 46 45 31
internal_value=0 0.000451212 0.00092805 -0.000481078 4.99934e-05 -0.000329541 -0.000144291 0.000249139 -0.000909823 -0.00124366
internal_weight=520 261 111 259 150 76 147 83 112 76
internal_count=520 261 111 259 150 76 147 83 112 76
cat_boundaries=0 1
cat_threshold=74
is_linear=0
shrinkage=0.0167612


Tree=88
num_leaves=8
num_cat=0
split_feature=5 43 101 210 11 9 101
split_gain=0.533504 0.35771 0.200243 0.19777 0.187857 0.0875044 0.0412763
threshold=1.5000000000000002 1.0000000180025095e-35 227165.88621587018 1.0000000180025095e-35 -0.5 1.0000000180025095e-35 390877.41301318759
decision_type=2 8 10 8 2 2 8
left_child=1 -1 3 5 -5 -2 -3
right_child=2 6 -4 4 -6 -7 -8
leaf_value=-0.0020189140036244706 0.00087499403667844189 -0.00012797853685335317 -0.00051990320944022401 0.0005581734549076914 -0.00046990581469339744 0.00019016178970436418 -0.00058182356606417359
leaf_weight=29 189 41 30 46 85 50 55
leaf_count=29 189 41 30 46 85 50 55
internal_value=0 -0.00083906 0.000285116 0.000422215 2.15659e-05 0.000698873 -0.000408715
internal_weight=525 125 400 370 131 239 96
internal_count=525 125 400 370 131 239 96
is_linear=0
shrinkage=0.0167612


Tree=89
num_leaves=9
num_cat=0
split_feature=203 155 213 44 213 110 164 69
split_gain=0.330098 0.331289 0.115651 0.245312 0.115363 0.151792 0.0708644 0.0424484
threshold=1.0000000180025095e-35 3.5835913312693504 839487.13558802323 0.80551675108566767 1073125.1064814818 1.0000000180025095e-35 58602724.966843694 656898.54166666686
decision_type=10 8 8 8 10 8 8 8
left_child=2 -2 3 -1 5 -4 -6 -5
right_child=1 -3 4 7 6 -7 -8 -9
leaf_value=0.0012235835663891772 -0.00042303646555407701 -0.0019881291161551341 0.00059335146513164879 0.00022071498494618099 -0.0011334747913781603 -0.00011552471908150734 -0.00025955099889930907 -0.00031410365838582973
leaf_weight=52 24 28 87 69 24 189 24 28
leaf_count=52 24 28 87 69 24 189 24 28
internal_value=0 -0.000966245 0.000134827 0.000487 -4.60155e-06 8.99729e-05 -0.000592833 7.8678e-05
internal_weight=525 52 473 149 324 276 48 97
internal_count=525 52 473 149 324 276 48 97
is_linear=0
shrinkage=0.0167612


Tree=90
num_leaves=8
num_cat=0
split_feature=117 110 84 188 144 166 151
split_gain=0.31987 0.402729 0.246638 0.114886 0.0784042 0.0539632 0.00742182
threshold=1.0000000180025095e-35 1.0000000180025095e-35 1002019.6897461816 4.5000000000000009 0.13899613899613897 1.0000000180025095e-35 1.0000000180025095e-35
decision_type=8 10 8 8 8 8 10
left_child=1 -1 5 -4 -5 6 -2
right_child=2 -3 3 4 -6 -7 -8
leaf_value=-0.00033444145549919407 0.00015820754124202927 -0.002003449133100433 -0.00070544168937034207 -0.00048332123940170814 0.0001316985728683126 0.001125446887564111 0.0004634698268551444
leaf_weight=28 30 30 39 37 235 44 82
leaf_count=28 30 30 39 37 235 44 82
internal_value=0 -0.000915349 0.000140371 -9.00514e-05 -5.79004e-06 0.000640377 0.000412145
internal_weight=525 58 467 311 272 156 112
internal_count=525 58 467 311 272 156 112
is_linear=0
shrinkage=0.0167612


Tree=91
num_leaves=8
num_cat=0
split_feature=5 97 62 110 11 38 25
split_gain=0.514877 0.419441 0.241573 0.245311 0.0612611 0.031989 0.0243138
threshold=1.5000000000000002 1.0000000180025095e-35 1194024.2065442686 1.0000000180025095e-35 -0.24999999999999994 79901.080538302384 2.5350000000000006
decision_type=2 8 10 8 2 8 10
left_child=1 -1 3 6 -5 -3 -2
right_child=2 5 -4 4 -6 -7 -8
leaf_value=-0.0021463533144985029 0.0012722854858845949 -0.00015201964825851329 -0.0006344062490928489 0.00028182432752546743 -0.0001991777524519901 -0.00050199112616011547 0.00063656535572139208
leaf_weight=25 56 30 28 113 100 70 103
leaf_count=25 56 30 28 113 100 70 103
internal_value=0 -0.000825933 0.000278282 0.000423102 4.69159e-05 -0.000396025 0.00087954
internal_weight=525 125 400 372 213 100 159
internal_count=525 125 400 372 213 100 159
is_linear=0
shrinkage=0.0167612


Tree=92
num_leaves=9
num_cat=0
split_feature=3 81 25 11 110 122 144 164
split_gain=0.320701 0.630501 0.323609 0.14055 0.185485 0.151238 0.0516941 0.0179382
threshold=4.5000000000000009 1.0000000180025095e-35 4.1650000000000009 -0.5 1.0000000180025095e-35 33.500000000000007 0.23722943722943718 53591470.643975221
decision_type=2 10 10 2 10 10 8 10
left_child=1 6 3 4 -2 -5 -1 -8
right_child=2 -3 -4 5 -6 -7 7 -9
leaf_value=0.00027504424397892713 0.00074490967365377554 -0.0019560095529408284 0.00125921058095783 -0.00052869826085261043 -0.00024697029288029055 0.00032912883183616054 -6.3459093701411447e-05 -0.00052258712911499141
leaf_weight=47 118 36 45 128 27 39 57 28
leaf_count=47 118 36 45 128 27 39 57 28
internal_value=0 -0.000550272 0.000265999 6.32323e-05 0.000412588 -0.000217985 -6.82518e-05 -0.000256988
internal_weight=525 168 357 312 145 167 132 85
internal_count=525 168 357 312 145 167 132 85
is_linear=0
shrinkage=0.0167612


Tree=93
num_leaves=9
num_cat=1
split_feature=0 13 225 110 148 186 11 17
split_gain=0.493759 0.493058 0.564958 0.335768 0.22804 0.138371 0.0808894 0.0265914
threshold=0 386989.03273809532 10.500000000000002 1.0000000180025095e-35 1.0000000180025095e-35 867125.82302476827 -0.24999999999999994 1.0000000180025095e-35
decision_type=9 2 10 10 8 8 2 8
left_child=6 4 3 -3 -2 -4 -1 -6
right_child=1 2 5 -5 7 -7 -8 -9
leaf_value=0.0013447515900842756 0.0013277345165802 -0.00080125884203270344 -0.00030415655366493408 -0.0022447579943177982 -0.00017599020667578762 0.00057153196886385667 0.00045494267592566587 0.0002823747606981882
leaf_weight=55 39 136 45 44 33 72 67 34
leaf_count=55 39 136 45 44 33 72 67 34
internal_value=0 -0.000279573 -0.000644684 -0.00120935 0.000509196 6.73352e-05 0.000774478 0.000111064
internal_weight=525 403 297 180 106 117 122 67
internal_count=525 403 297 180 106 117 122 67
cat_boundaries=0 1
cat_threshold=133704
is_linear=0
shrinkage=0.0167612


Tree=94
num_leaves=11
num_cat=0
split_feature=5 81 3 133 74 7 149 201 33 215
split_gain=0.490226 0.52528 0.187127 0.282427 0.207382 0.114223 0.0984221 0.0845536 0.0445108 0.027524
threshold=1.5000000000000002 1.0000000180025095e-35 8.5000000000000018 0.15394736842105264 3.5000000000000004 1.0000000180025095e-35 260.50000000000006 928457.15277777787 639277.77777777787 2.7126373626373632
decision_type=2 10 2 8 8 2 8 8 10 10
left_child=1 6 3 9 8 -5 -1 -6 -4 -2
right_child=2 -3 4 5 7 -7 -8 -9 -10 -11
leaf_value=0.00013351551559567928 -3.5929718954581966e-05 -0.0022079081356542051 0.00081944444778835003 0.00057882211764198426 -0.00020819265797509482 0.0015004658706580299 -0.00060818168680533944 -0.00078896251363975566 0.00017596028434693872 -0.00049309852207539721
leaf_weight=39 30 28 40 104 26 60 58 85 30 25
leaf_count=39 30 28 40 104 26 60 58 85 30 25
internal_value=0 -0.000806688 0.00027069 0.000591976 -4.2552e-05 0.000949318 -0.000295679 -0.000497805 0.000458392 -9.36001e-05
internal_weight=525 125 400 219 181 164 97 111 70 55
internal_count=525 125 400 219 181 164 97 111 70 55
is_linear=0
shrinkage=0.0167612


Tree=95
num_leaves=9
num_cat=0
split_feature=203 13 210 102 25 132 20 7
split_gain=0.298678 0.332415 0.297548 0.271715 0.119453 0.160609 0.11392 0.0158753
threshold=1.0000000180025095e-35 683409.35590986407 1.0000000180025095e-35 271953.40511421015 3.5000000000000004 0.050641025641025607 1.0000000180025095e-35 1.0000000180025095e-35
decision_type=10 2 8 8 10 10 10 2
left_child=1 2 6 -2 5 -3 -1 -4
right_child=3 4 7 -5 -6 -7 -8 -9
leaf_value=0.0012157169371696263 -0.00039370790624063378 -0.00094536706650988171 -0.00016363378244991513 -0.0018718383686712823 0.00016670120743117798 -0.00015225015157788052 0.00029116064016095847 0.00012007367891188506
leaf_weight=121 25 105 99 27 25 51 41 31
leaf_count=121 25 105 99 27 25 51 41 31
internal_value=0 0.000126719 0.000474301 -0.000920321 -0.000358353 -0.000591714 0.000929857 2.3277e-05
internal_weight=525 473 292 52 181 156 162 130
internal_count=525 473 292 52 181 156 162 130
is_linear=0
shrinkage=0.0167612


Tree=96
num_leaves=10
num_cat=0
split_feature=5 182 101 123 101 188 129 173 25
split_gain=0.203183 0.354125 0.282609 0.35 0.2637 0.117698 0.05309 0.0443104 0.00758467
threshold=2.5000000000000004 1.0000000180025095e-35 184088.96868156278 1.0000000180025095e-35 184088.96868156278 13.500000000000002 275000.00000000006 1.0000000180025095e-35 2.2950000000000004
decision_type=2 10 8 10 8 8 10 10 10
left_child=1 8 -3 -4 6 -6 -2 -7 -1
right_child=4 2 3 -5 5 7 -8 -9 -10
leaf_value=-4.4145094224753823e-06 0.0011476008860843406 -0.00046293496502697638 -0.0029534431328338247 -0.00088082883011898554 0.0003346282767249026 -0.00058429228544073706 0.00031734290194810146 -0.00015882791479836689 0.00015728928471644591
leaf_weight=97 60 74 27 24 40 111 28 30 47
leaf_count=97 60 74 27 24 40 111 28 30 47
internal_value=-0.000149009 -0.000461989 -0.00105576 -0.0018777 0.000133533 -0.000148389 0.000792749 -0.000413761 -2.73249e-05
internal_weight=538 269 125 51 269 181 88 141 144
internal_count=538 269 125 51 269 181 88 141 144
is_linear=0
shrinkage=0.0167612


Tree=97
num_leaves=8
num_cat=0
split_feature=33 43 203 131 25 133 171
split_gain=0.271746 0.242393 0.422981 0.196988 0.116335 0.0335191 0.00374198
threshold=656555.58531746047 1.0000000180025095e-35 1.0000000180025095e-35 1.0000000180025095e-35 3.5000000000000004 0.10084745762711866 115.74135015000002
decision_type=8 8 10 8 10 10 10
left_child=3 2 -2 6 5 -3 -1
right_child=1 4 -4 -5 -6 -7 -8
leaf_value=-6.0122339258752409e-05 -0.00040107170302484214 -0.00033549640866425561 -0.0023359512700087915 0.0012631654569803215 0.00041121934374477287 -6.5817992009732575e-05 0.00013644311247212797
leaf_weight=28 34 308 24 39 41 40 24
leaf_count=28 34 308 24 39 41 40 24
internal_value=-0.000145686 -0.000323469 -0.00113066 0.000529224 -0.000158279 -0.000266456 0.000139927
internal_weight=538 447 58 91 389 348 52
internal_count=538 447 58 91 389 348 52
is_linear=0
shrinkage=0.0167612


Tree=98
num_leaves=9
num_cat=0
split_feature=2 113 41 74 3 163 18 119
split_gain=0.199096 0.274346 0.230985 0.14279 0.138572 0.126879 0.0858073 0.0213242
threshold=2023.5000000000002 13475.492341302152 1.0000000180025095e-35 1.5000000000000002 5.5000000000000009 0.99999999995311828 1.0000000180025095e-35 7.5000000000000009
decision_type=2 10 10 8 2 10 10 10
left_child=1 6 3 4 -2 -4 -1 -5
right_child=2 -3 5 7 -6 -7 -8 -9
leaf_value=0.00017288400031251723 8.063128081950397e-05 0.001179865391657631 -0.0016533603919489154 -0.00015531323261028067 0.00097360588654882296 -0.00045676583931678484 -0.00058857104397599328 -0.00053498723125980753
leaf_weight=39 34 46 38 190 40 41 30 80
leaf_count=39 34 46 38 190 40 41 30 80
internal_value=-0.000142323 0.000366862 -0.000316274 -0.000115721 0.000388043 -0.00100443 -2.45688e-05 -0.000294824
internal_weight=538 115 423 344 74 79 69 270
internal_count=538 115 423 344 74 79 69 270
is_linear=0
shrinkage=0.0167612


Tree=99
num_leaves=8
num_cat=1
split_feature=0 142 13 185 7 3 103
split_gain=0.344334 0.148523 0.506403 0.404817 0.140332 0.169571 0.105397
threshold=0 -8.3580425999999992 468254.25315579714 37.097857142857144 1.0000000180025095e-35 6.5000000000000009 511977.15695488726
decision_type=9 8 2 8 2 2 8
left_child=4 3 -3 -2 5 -1 -4
right_child=1 2 6 -5 -6 -7 -8
leaf_value=-0.0018408125804484357 0.00017663484234153791 0.0011478720587868587 0.00024868418906036696 -0.0014255346710598357 -0.00028586899832505001 -0.00049798503221389523 -0.00036398162835667326
leaf_weight=51 49 93 79 38 34 33 161
leaf_count=51 49 93 79 38 34 33 161
internal_value=-0.000140179 6.63482e-05 0.000247967 -0.000411446 -0.000805893 -0.00126973 -9.36167e-05
internal_weight=538 420 333 87 118 84 240
internal_count=538 420 333 87 118 84 240
cat_boundaries=0 1
cat_threshold=582688
is_linear=0
shrinkage=0.0167612


Tree=100
num_leaves=11
num_cat=0
split_feature=10 225 62 43 101 197 6 182 31 44
split_gain=0.287676 0.443493 0.363278 0.352021 0.46645 0.0772066 0.0698857 0.0489626 0.0572334 0.0531654
threshold=-0.24999999999999994 3.5000000000000004 652533.33333333337 1.0000000180025095e-35 194106.94544614159 10.500000000000002 1.5000000000000002 1.0000000180025095e-35 898411.66666666686 0.98344166642743824
decision_type=2 10 10 8 8 8 2 10 8 8
left_child=1 5 -3 4 -2 -1 -7 9 -9 -5
right_child=3 2 -4 7 -6 6 -8 8 -10 -11
leaf_value=0.00017083723404221174 -0.00052505943996459874 0.0021594708806254382 0.00038399382506486193 0.00040187258606480341 -0.0026812136895299405 -0.00013921812412117165 -0.00079382611507215815 -0.00019049934353564837 -0.00071433470164529683 -0.00012995557474682548
leaf_weight=29 38 35 48 35 24 43 59 24 58 145
leaf_count=29 38 35 48 35 24 43 59 24 58 145
internal_value=-0.000137133 0.000280597 0.00111859 -0.000446332 -0.00136647 -0.000178048 -0.000459507 -0.000171177 -0.000435114 -1.61024e-05
internal_weight=538 214 83 324 62 131 102 262 82 180
internal_count=538 214 83 324 62 131 102 262 82 180
is_linear=0
shrinkage=0.0167612


Tree=101
num_leaves=10
num_cat=1
split_feature=0 7 33 142 177 62 6 84 67
split_gain=0.330601 0.13744 0.113759 0.291097 0.130189 0.117792 0.110585 0.0982126 0.0123144
threshold=0 1.0000000180025095e-35 729443.25741943263 -8.3580425999999992 1.0000000180025095e-35 1072349.1393820352 1.0000000180025095e-35 433577.86818181822 1.0000000180025095e-35
decision_type=9 2 10 10 10 10 2 10 10
left_child=1 6 3 4 -2 8 -1 -5 -4
right_child=2 -3 5 7 -6 -7 -8 -9 -10
leaf_value=-0.0019245701726830239 0.00018221901343602051 -0.00027915855509501813 0.00021957889765588515 0.0012807544703272117 -0.00053860731348292156 -0.00079524084673771077 -0.00075283658159052173 0.00029367648564758273 -2.8628226190950662e-05
leaf_weight=32 121 34 26 70 77 50 52 37 39
leaf_count=32 121 34 26 70 77 50 52 37 39
internal_value=-0.000134363 -0.000786976 6.758e-05 0.000254146 -4.95126e-05 -0.000284657 -0.00124402 0.000875041 -4.88494e-05
internal_weight=538 118 420 305 198 115 84 107 65
internal_count=538 118 420 305 198 115 84 107 65
cat_boundaries=0 1
cat_threshold=582688
is_linear=0
shrinkage=0.0167612


Tree=102
num_leaves=10
num_cat=0
split_feature=225 90 33 10 159 6 110 218 102
split_gain=0.204653 0.306918 0.509583 0.158409 0.089065 0.102612 0.0895792 0.0714018 0.037796
threshold=10.500000000000002 14.500000000000002 470435.03323503438 -0.5 1.0000000180025095e-35 1.5000000000000002 1.0000000180025095e-35 2.5683229813664608 65153.764931104633
decision_type=10 10 8 2 10 2 10 10 8
left_child=1 4 -3 -2 5 -1 -6 -5 -9
right_child=3 2 -4 7 6 -7 -8 8 -10
leaf_value=-4.2732532794536446e-05 0.00091762053810459513 -0.00044018767144108148 -0.0022827394742203806 -0.00033930588587112605 0.00062642437353907315 -0.00072068448332537622 -4.024080738338915e-05 0.00012842337637790068 0.00061056690910338773
leaf_weight=120 49 29 37 55 53 78 55 26 36
leaf_count=120 49 29 37 55 53 78 55 26 36
internal_value=-0.000132359 -0.000352048 -0.00119561 0.000284942 -0.000117668 -0.000317091 0.000188875 3.92491e-05 0.00030707
internal_weight=538 372 66 166 306 198 108 117 62
internal_count=538 372 66 166 306 198 108 117 62
is_linear=0
shrinkage=0.0167612


Tree=103
num_leaves=9
num_cat=0
split_feature=163 6 225 51 20 213 41 193
split_gain=0.223769 0.280419 0.47693 0.234071 0.139693 0.114749 0.065944 0.00090402
threshold=1.0285253199938971 1.0000000180025095e-35 3.5000000000000004 1.0000000180025095e-35 1.0000000180025095e-35 678459.4176920068 1.0000000180025095e-35 1005558.3016710622
decision_type=10 2 10 8 8 10 10 10
left_child=1 3 4 -1 -3 -2 -4 -7
right_child=5 2 6 -5 -6 7 -8 -9
leaf_value=-0.0017691471928233647 0.00091622061651403517 -0.0011174335633786822 0.0012347629471487639 -0.00042282770446386129 -0.00021995093903831825 6.5603305809759001e-05 0.0003043522454169368 2.5753137777890969e-05
leaf_weight=43 47 49 55 70 152 60 34 28
leaf_count=43 47 49 55 70 152 60 34 28
internal_value=-0.000129993 -0.000331985 -4.96706e-05 -0.000955876 -0.000477983 0.000367232 0.00079174 6.43335e-05
internal_weight=538 403 290 113 201 135 89 88
internal_count=538 403 290 113 201 135 89 88
is_linear=0
shrinkage=0.0167612


Tree=104
num_leaves=11
num_cat=1
split_feature=0 10 110 105 197 13 62 6 127 88
split_gain=0.374829 0.220614 0.314074 0.174588 0.265105 0.112987 0.077175 0.0752309 0.0581041 0.05134
threshold=0 1.0000000180025095e-35 1.0000000180025095e-35 41.500000000000007 15.000000000000002 473941.14251127053 996978.21769200859 1.5000000000000002 26.500000000000004 60.500000000000007
decision_type=9 2 10 10 8 2 8 2 8 8
left_child=5 3 6 4 -2 9 -3 -7 -9 -1
right_child=1 2 -4 -5 -6 7 -8 8 -10 -11
leaf_value=0.0014946999917751292 0.0010609558289464804 0.00010177760189370599 -0.0016955412536118395 -0.00078865210696306984 -0.00010079052501846463 1.678825296564855e-05 -0.00052495065364461721 0.00020054407878819104 0.00094098075025040142 0.00048361997720851736
leaf_weight=34 46 29 49 25 89 92 80 33 37 25
leaf_count=34 46 29 49 25 89 92 80 33 37 25
internal_value=-1.32151e-05 -0.000371814 -0.000801721 -3.88907e-05 0.000252789 0.000449949 -0.000322166 0.000232505 0.000554624 0.00101726
internal_weight=539 318 158 160 135 221 109 162 70 59
internal_count=539 318 158 160 135 221 109 162 70 59
cat_boundaries=0 1
cat_threshold=141676
is_linear=0
shrinkage=0.0167612


Tree=105
num_leaves=11
num_cat=0
split_feature=5 192 45 9 15 18 18 132 12 203
split_gain=0.365047 0.24948 0.186872 0.137575 0.118722 0.141135 0.038686 0.0217993 0.00195896 0.00520956
threshold=1.5000000000000002 1.0000000180025095e-35 1105520.7633333334 1.0000000180025095e-35 1.0000000180025095e-35 1.0000000180025095e-35 1.0000000180025095e-35 0.17157275021026072 1.0000000180025095e-35 1.0000000180025095e-35
decision_type=2 8 8 2 2 10 10 8 2 8
left_child=1 -1 3 6 7 -6 -2 -4 9 -3
right_child=2 8 4 -5 5 -7 -8 -9 -10 -11
leaf_value=-0.001689460499181971 0.00063195075208729505 -0.00012536626356858467 -0.00072251543641627418 0.0001837174186698829 0.00062878335886610258 -0.00027858299183162582 0.0014040988822263335 -0.00019414164489389192 -0.00012929254330119056 -0.00047636833660711416
leaf_weight=29 81 34 27 32 93 24 38 109 31 41
leaf_count=29 81 34 27 32 93 24 38 109 31 41
internal_value=-1.33357e-05 -0.000693197 0.000213151 0.000642428 -7.15838e-06 0.000285677 0.000933168 -0.000347258 -0.000343736 -0.00035342
internal_weight=539 135 404 151 253 117 119 136 106 75
internal_count=539 135 404 151 253 117 119 136 106 75
is_linear=0
shrinkage=0.0167612


Tree=106
num_leaves=10
num_cat=0
split_feature=10 43 13 65 101 201 12 39 101
split_gain=0.481957 0.188581 0.155608 0.274837 0.247661 0.1008 0.0535553 0.0726216 0.00503523
threshold=0.25000000000000011 1.0000000180025095e-35 473941.14251127053 34.500000000000007 232677.17118069125 475345.69545244699 1.0000000180025095e-35 15.309523809523812 115481.5663947244
decision_type=2 8 2 8 10 10 2 10 8
left_child=2 -2 3 -1 5 -4 7 -3 -5
right_child=1 6 4 8 -6 -7 -8 -9 -10
leaf_value=0.0016369587139902669 -0.0013710037069095502 -0.00072513523364189773 6.5522339517104549e-05 0.00028535000256112896 -0.00077835944928709782 0.00072163676231574428 -8.5853703043472634e-05 -0.00019450341696967686 6.7593666436444998e-05
leaf_weight=44 45 91 81 27 36 81 55 29 50
leaf_count=44 45 91 81 27 36 81 55 29 50
internal_value=-1.47272e-05 -0.00058653 0.000363511 0.000801668 7.32457e-05 0.000349479 -0.000338492 -0.000496292 0.000248417
internal_weight=539 220 319 121 198 162 175 120 77
internal_count=539 220 319 121 198 162 175 120 77
is_linear=0
shrinkage=0.0167612


Tree=107
num_leaves=9
num_cat=0
split_feature=5 25 192 121 202 15 218 64
split_gain=0.344976 0.279088 0.244412 0.136632 0.0976355 0.161009 0.0224533 0.0168346
threshold=1.5000000000000002 3.5000000000000004 1.0000000180025095e-35 -0.47979284258562838 26.500000000000004 1.0000000180025095e-35 2.6796187683284458 22.500000000000004
decision_type=2 10 8 8 8 2 8 10
left_child=2 4 -1 -3 6 -6 -2 -4
right_child=1 3 7 -5 5 -7 -8 -9
leaf_value=-0.0016593284254061212 -0.00012471898874187758 0.0016414840464730185 -7.2332854273941054e-05 0.00039654356961848114 -2.8999509437185614e-05 0.00074549301257587389 -0.00049508124444866386 -0.00049023792139719631
leaf_weight=29 31 37 66 37 140 72 87 40
leaf_count=29 31 37 66 37 140 72 87 40
internal_value=-1.41303e-05 0.000205569 -0.000675323 0.000969501 1.10189e-05 0.000203152 -0.000331577 -0.000327754
internal_weight=539 404 135 74 330 212 118 106
internal_count=539 404 135 74 330 212 118 106
is_linear=0
shrinkage=0.0167612


Tree=108
num_leaves=11
num_cat=0
split_feature=3 213 110 169 20 3 15 77 12 84
split_gain=0.185276 0.240959 0.238656 0.120908 0.104223 0.0927639 0.151359 0.0283255 0.064135 0.0395014
threshold=6.5000000000000009 663616.76409500407 1.0000000180025095e-35 1.0000000180025095e-35 1.0000000180025095e-35 2.5000000000000004 1.0000000180025095e-35 1.0000000180025095e-35 1.0000000180025095e-35 959601.14343729708
decision_type=2 8 10 10 8 2 2 8 2 8
left_child=2 4 5 -4 -2 -1 -7 9 -9 -3
right_child=1 7 3 -5 -6 6 -8 8 -10 -11
leaf_value=-0.00041675144953550732 0.001541397139992591 -4.7655160763807035e-05 -0.0015325899085272721 -0.00037101117541160221 0.00043141242800679932 -1.3456866627544339e-05 0.00087480762013269488 -3.3977536755038498e-05 0.00050917719856822087 -0.00044985370326746635
leaf_weight=67 39 36 46 31 24 79 39 66 55 57
leaf_count=67 39 36 46 31 24 79 39 66 55 57
internal_value=-1.43038e-05 0.000253126 -0.000327224 -0.000986367 0.000985377 -3.0026e-05 0.00022887 2.0332e-05 0.00014835 -0.000184609
internal_weight=539 277 262 77 63 185 118 214 121 93
internal_count=539 277 262 77 63 185 118 214 121 93
is_linear=0
shrinkage=0.0167612


Tree=109
num_leaves=10
num_cat=0
split_feature=84 13 182 142 97 42 59 10 44
split_gain=0.259661 0.336479 0.346118 0.301023 0.0861057 0.177329 0.0560165 0.035161 0.00169151
threshold=939536.7430654763 629773.1481481482 1.0000000180025095e-35 -8.3580425999999992 1.0000000180025095e-35 1330973.2666666668 0.53333333333333344 -0.6830127018922193 0.93647769580475126
decision_type=8 2 10 10 10 8 10 2 10
left_child=4 3 7 6 -1 8 -2 -3 -6
right_child=1 2 -4 -5 5 -7 -8 -9 -10
leaf_value=0.00012858349225820746 -1.6933863467229614e-05 -0.00060050886857296499 -0.0017808727377610458 0.0010445238638786165 0.0002967235145328672 0.0014101589794698955 -0.00055172123987436638 -6.4103135441017294e-05 8.4288299410821186e-05
leaf_weight=30 123 42 44 45 51 40 36 84 44
leaf_count=30 123 42 44 45 51 40 36 84 44
internal_value=-1.40552e-05 -0.000262515 -0.000779745 0.000115577 0.000469412 0.000693163 -0.000128373 -0.000352199 0.000282714
internal_weight=539 374 170 204 165 135 159 126 95
internal_count=539 374 170 204 165 135 159 126 95
is_linear=0
shrinkage=0.0167612


Tree=110
num_leaves=8
num_cat=0
split_feature=13 203 7 60 83 28 77
split_gain=0.322833 0.248503 0.190781 0.0672111 0.0653621 0.0648734 0.0359539
threshold=218433.03935860062 1.0000000180025095e-35 1.0000000180025095e-35 17.660112359550563 0.999999999981245 12.500000000000002 1.0000000180025095e-35
decision_type=2 8 2 8 10 10 10
left_child=-1 3 5 4 -2 -3 -5
right_child=1 2 -4 6 -6 -7 -8
leaf_value=0.00095818307150462333 0.00097240680577061471 -0.00069081220104163751 -7.1433477374224804e-05 -0.0001322545386975787 0.00016757207377256529 -0.0015669707054114593 0.0002545255590468814
leaf_weight=47 28 121 53 163 37 25 65
leaf_count=47 28 121 53 163 37 25 65
internal_value=-1.39059e-05 -0.00015611 -0.000587372 0.000108474 0.000499299 -0.000914075 8.21855e-06
internal_weight=539 492 199 293 65 146 228
internal_count=539 492 199 293 65 146 228
is_linear=0
shrinkage=0.0167612


Tree=111
num_leaves=11
num_cat=0
split_feature=6 13 225 14 215 13 193 44 161 45
split_gain=0.22174 0.287113 0.265406 0.129985 0.125797 0.168509 0.0816875 0.0178768 0.0222806 0.0149225
threshold=1.0000000180025095e-35 670718.75000000012 2.5000000000000004 18.000000000000004 2.5362210604929056 674353.63636363647 784919.4809020973 0.93340905631275095 95.500000000000014 775596.27525252535
decision_type=2 2 10 2 10 2 8 8 8 10
left_child=1 7 3 6 5 -4 -2 -1 -9 -6
right_child=2 -3 4 -5 9 -7 -8 8 -10 -11
leaf_value=9.1338783148677661e-05 -0.00013440589966905633 -0.0014965107783648061 0.0013566110360750613 0.00027193906273945568 -0.00011013092396142936 0.00026854079615666837 -0.00067007613236293477 -0.00047472497142620645 -6.5796414084693649e-05 0.00022243442387682189
leaf_weight=25 37 36 77 56 28 45 124 27 43 41
leaf_count=25 37 36 77 56 28 45 124 27 43 41
internal_value=-1.22547e-05 -0.000553399 0.00015707 -0.000178922 0.000591572 0.000915088 -0.000450019 -0.000111574 -0.000217169 0.000126089
internal_weight=539 131 408 217 191 122 161 95 70 69
internal_count=539 131 408 217 191 122 161 95 70 69
is_linear=0
shrinkage=0.0167612


Tree=112
num_leaves=10
num_cat=0
split_feature=10 49 6 104 44 146 59 4 123
split_gain=0.38062 0.218817 0.122476 0.192125 0.108067 0.187147 0.103546 0.0759787 0.0397696
threshold=0.25000000000000011 1.0000000180025095e-35 1.0000000180025095e-35 3.5000000000000004 1.6001105969704337 446350.60370370379 1.0645161290322582 132.00000000000003 1.0000000180025095e-35
decision_type=2 10 2 10 8 10 10 2 10
left_child=1 4 3 -2 5 -1 -6 8 -4
right_child=2 -3 7 -5 6 -7 -8 -9 -10
leaf_value=0.0008996324764753463 -0.0015710372487714741 0.001275102198765298 -0.00074672709575551515 -0.00034484377807052062 1.9834409346645837e-05 -5.1749868175412781e-05 -0.0007117874516273286 0.00010425521902310405 -0.00019989320616820255
leaf_weight=87 55 24 52 36 129 42 29 51 27
leaf_count=87 55 24 52 36 129 42 29 51 27
internal_value=-5.1678e-05 0.000288432 -0.000556025 -0.00100905 0.000142749 0.000463893 -9.15411e-05 -0.000226294 -0.000488655
internal_weight=532 311 221 91 287 129 158 130 79
internal_count=532 311 221 91 287 129 158 130 79
is_linear=0
shrinkage=0.0167612


Tree=113
num_leaves=9
num_cat=0
split_feature=5 110 42 38 77 38 41 136
split_gain=0.482246 0.111091 0.32141 0.107587 0.192224 0.0559577 0.0185096 0.0209008
threshold=1.5000000000000002 1.0000000180025095e-35 1.0000000180025095e-35 -76231.023369565301 1.0000000180025095e-35 -145322.73138320001 1.0000000180025095e-35 0.98387096774193561
decision_type=2 8 10 10 8 10 8 10
left_child=3 2 -2 4 -1 -4 -3 -8
right_child=1 6 5 -5 -6 -7 7 -9
leaf_value=-0.0020824006149634394 0.0012747247125457504 -0.00025698425674601608 -0.0003140331152638709 -0.00032346568266929403 -0.00065817608409314467 0.00025216479515386005 -2.5686115933072094e-06 0.00029727284761511114
leaf_weight=31 65 36 46 55 48 78 138 35
leaf_count=31 65 36 46 55 48 78 138 35
internal_value=-5.01306e-05 0.000214472 0.000496213 -0.000829556 -0.00127075 6.49973e-05 1.76055e-05 3.11347e-05
internal_weight=532 398 189 134 79 124 209 173
internal_count=532 398 189 134 79 124 209 173
is_linear=0
shrinkage=0.0167612


Tree=114
num_leaves=10
num_cat=0
split_feature=13 17 149 51 40 185 43 143 105
split_gain=0.366355 0.361864 0.224006 0.857967 0.200105 0.142973 0.142548 0.116088 0.0451654
threshold=629773.1481481482 1.0000000180025095e-35 89.500000000000014 1.0000000180025095e-35 1.0000000180025095e-35 29.138888888888893 1.0000000180025095e-35 1.0000000180025095e-35 36.500000000000007
decision_type=2 10 10 8 8 8 10 8 10
left_child=1 4 3 -2 6 -6 -1 -5 -4
right_child=2 -3 8 7 5 -7 -8 -9 -10
leaf_value=0.00021191209890694508 -0.0026548800774584339 0.0013851573481782301 0.00028250649607312244 0.00023437801944458945 0.00039628514440618684 -0.00043282533118389462 0.0014053991024120063 -0.00055823171664160355 -0.00028413385081484848
leaf_weight=42 29 39 57 34 37 157 28 82 27
leaf_count=42 29 39 57 34 37 157 28 82 27
internal_value=-4.93411e-05 0.000294408 -0.000531141 -0.000926788 6.35229e-05 -0.000176055 0.000688105 -0.000304657 -7.34237e-05
internal_weight=532 303 229 145 264 194 70 116 84
internal_count=532 303 229 145 264 194 70 116 84
is_linear=0
shrinkage=0.0167612


Tree=115
num_leaves=9
num_cat=0
split_feature=3 216 126 39 46 103 18 42
split_gain=0.383493 0.175131 0.136997 0.24669 0.16013 0.106222 0.101963 0.0885612
threshold=2.5000000000000004 -0.0082543940001265307 1.0000000180025095e-35 62.88181818181819 119.50000000000001 877980.58823529421 1.0000000180025095e-35 366290.89460784319
decision_type=2 10 10 8 8 8 10 10
left_child=1 -1 5 -4 -5 7 -7 -2
right_child=2 -3 3 4 -6 6 -8 -9
leaf_value=-0.0014210438327034555 0.00068093988540713507 -0.00035617405218563245 -5.4196518009433837e-05 0.00038724163912715027 0.0015713946522668311 -8.9331704402454581e-05 -0.00091971973114661444 6.3519939039678467e-05
leaf_weight=63 63 28 42 32 55 167 26 56
leaf_count=63 63 28 42 32 55 167 26 56
internal_value=-4.75331e-05 -0.000889752 0.000134396 0.000548255 0.00105024 -1.36809e-05 -0.000267841 0.000293366
internal_weight=532 91 441 129 87 312 193 119
internal_count=532 91 441 129 87 312 193 119
is_linear=0
shrinkage=0.0167612


Tree=116
num_leaves=9
num_cat=0
split_feature=10 45 12 167 215 120 133 42
split_gain=0.348068 0.219115 0.120138 0.28148 0.086041 0.114512 0.0332172 0.0211668
threshold=0.25000000000000011 736164.14141414152 1.0000000180025095e-35 4.5000000000000009 2.4401709401709408 26.000000000000004 0.23408541498791299 733835.10638297885
decision_type=2 8 2 8 10 8 8 8
left_child=1 7 6 -4 5 -2 -3 -1
right_child=4 2 3 -5 -6 -7 -8 -9
leaf_value=0.00055688043068903787 -0.0013753264043180069 -6.8203371173941338e-05 0.0011962278553515914 -5.1987633889529776e-05 -0.0001719022508414529 -0.00045544314768645734 -0.00048595184779818889 0.0013558429123920568
leaf_weight=37 37 54 45 61 39 145 75 39
leaf_count=37 37 54 45 61 39 145 75 39
internal_value=-4.76802e-05 0.000276849 2.14575e-05 0.000393001 -0.000530596 -0.000713348 -0.000265254 0.000932597
internal_weight=532 311 235 106 221 182 129 76
internal_count=532 311 235 106 221 182 129 76
is_linear=0
shrinkage=0.0167612


Tree=117
num_leaves=11
num_cat=0
split_feature=6 13 142 203 13 43 213 143 110 93
split_gain=0.282461 0.331275 0.622016 0.273031 0.200696 0.166742 0.15011 0.115137 0.0633538 0.00891881
threshold=1.0000000180025095e-35 480000.38461538468 -8.5191404499999983 1.0000000180025095e-35 350494.38031462586 1.0000000180025095e-35 1111511.6127352875 1.0000000180025095e-35 1.0000000180025095e-35 1.0000000180025095e-35
decision_type=2 2 10 10 2 10 8 10 10 10
left_child=4 2 9 -4 -1 -6 8 -8 -3 -2
right_child=1 6 3 -5 5 -7 7 -9 -10 -11
leaf_value=-0.00015321014731181732 9.3669029172783574e-05 0.0004641773609348512 0.0029242824464973741 0.0010695194592214162 -0.001898932409397817 -0.00059907092279659559 -0.00029480489456828969 -0.0012607784158465438 -0.00013861873258415246 -0.00013696319354629665
leaf_weight=36 92 69 26 31 32 56 111 28 24 27
leaf_count=36 92 69 26 31 32 56 111 28 24 27
internal_value=-4.6432e-05 0.000141635 0.000658895 0.00181229 -0.000670165 -0.00112649 -0.000211129 -0.000562933 0.000148132 8.94405e-05
internal_weight=532 408 176 57 124 88 232 139 93 119
internal_count=532 408 176 57 124 88 232 139 93 119
is_linear=0
shrinkage=0.0167612


Tree=118
num_leaves=11
num_cat=0
split_feature=13 131 5 110 46 51 136 15 63 41
split_gain=0.353625 0.374558 0.174813 0.169589 0.13865 0.159448 0.113484 0.107665 0.0398741 0.0294195
threshold=643622.38376068382 1.0000000180025095e-35 1.5000000000000002 1.0000000180025095e-35 102.50000000000001 1.0000000180025095e-35 0.16397849462365588 1.0000000180025095e-35 736858.1453823956 1.0000000180025095e-35
decision_type=2 10 2 10 10 8 10 2 10 8
left_child=1 2 9 4 5 -2 -3 -4 -6 -1
right_child=3 6 7 -5 8 -7 -8 -9 -10 -11
leaf_value=-0.00026256063718383207 -0.0014031216238230095 0.00055685720671032769 -3.7277174972384111e-05 -0.0013733574765277812 3.7367107044074949e-05 -0.00027844634167600797 0.0017154251362391018 0.00061730696747777343 0.00050278409760691023 -0.0010458011557226525
leaf_weight=27 28 41 90 31 35 98 43 76 29 34
leaf_count=27 28 41 90 31 35 98 43 76 29 34
internal_value=-4.56429e-05 0.000281679 3.11005e-06 -0.000532401 -0.000333745 -0.000620686 0.00109297 0.000205809 0.000107341 -0.00064185
internal_weight=532 311 227 221 190 126 84 166 64 61
internal_count=532 311 227 221 190 126 84 166 64 61
is_linear=0
shrinkage=0.0167612


Tree=119
num_leaves=10
num_cat=0
split_feature=5 33 110 171 149 77 25 133 123
split_gain=0.430361 0.166649 0.280596 0.182926 0.133717 0.214287 0.0554779 0.0310068 0.00319453
threshold=1.5000000000000002 910684.76337551349 1.0000000180025095e-35 115.74135015000002 4.5000000000000009 1.0000000180025095e-35 3.7750000000000004 0.039480519480519456 1.0000000180025095e-35
decision_type=2 10 8 10 10 8 10 10 10
left_child=4 2 3 -2 5 -1 -4 -3 -6
right_child=1 7 6 -5 8 -7 -8 -9 -10
leaf_value=-0.0020749342069379872 0.00033269240707371804 -0.00083369124870885333 -0.00012194833287107308 0.0012369974863033306 -9.5892616430422422e-05 -0.00060464906984783364 0.00044788555349859979 -0.00016008757988697088 -0.00020993166525126755
leaf_weight=32 31 24 180 108 26 48 26 29 28
leaf_count=32 31 24 180 108 26 48 26 29 28
internal_value=-4.57767e-05 0.000203282 0.000360759 0.000884493 -0.000782786 -0.00124127 3.00093e-05 -0.000408477 -0.000229287
internal_weight=532 398 345 139 134 80 206 53 54
internal_count=532 398 345 139 134 80 206 53 54
is_linear=0
shrinkage=0.0167612


Tree=120
num_leaves=9
num_cat=0
split_feature=74 40 182 110 62 15 9 133
split_gain=0.421427 0.373006 0.144345 0.104429 0.0823865 0.0673466 0.0671299 0.0249898
threshold=13.500000000000002 1.0000000180025095e-35 1.0000000180025095e-35 1.0000000180025095e-35 817930.75827658549 1.0000000180025095e-35 1.0000000180025095e-35 0.13899613899613897
decision_type=10 10 8 10 10 2 2 10
left_child=2 -2 4 6 -1 -5 -4 -6
right_child=1 -3 3 5 7 -7 -8 -9
leaf_value=0.0012131989875928896 -0.001982911114214093 -0.00025783254124348633 0.00033870749934474209 -0.00012290887034139365 8.5151020404582712e-05 -0.00079884441943464646 -0.00017312740113919388 0.00055208179590376678
leaf_weight=35 34 48 200 42 53 44 41 25
leaf_count=35 34 48 200 42 53 44 41 25
internal_value=0 -0.000919983 0.000190621 1.03064e-05 0.00064496 -0.0003991 0.000185719 0.00032661
internal_weight=522 82 440 327 113 86 241 78
internal_count=522 82 440 327 113 86 241 78
is_linear=0
shrinkage=0.0167612


Tree=121
num_leaves=11
num_cat=0
split_feature=110 74 12 15 156 97 6 33 186 214
split_gain=0.29852 0.32211 0.234753 0.227739 0.206717 0.132303 0.128066 0.102007 0.0443037 0.0244751
threshold=1.0000000180025095e-35 2.5000000000000004 1.0000000180025095e-35 1.0000000180025095e-35 1.0000000180025095e-35 1.0000000180025095e-35 1.5000000000000002 708621.03722943726 875538.31817460328 3.5000000000000004
decision_type=10 8 2 2 10 10 2 10 8 10
left_child=1 4 8 -2 9 -5 -4 -6 -3 -1
right_child=3 2 6 5 7 -7 -8 -9 -10 -11
leaf_value=0.0020579363740391007 -0.00016434351978368613 -0.00020995142829639487 0.0010103826070840874 -0.0020643787024129953 0.00073386178251888231 -0.00073560935654575887 0.0001687756836617872 1.6885208678078549e-05 -0.00061980161495764547 0.00099385057389321952
leaf_weight=27 55 24 42 24 48 41 32 58 146 25
leaf_count=27 55 24 42 24 48 41 32 58 146 25
internal_value=0 0.000201199 -0.000118432 -0.000647951 0.000747235 -0.00126303 0.000457736 0.000342123 -0.000479544 0.00148219
internal_weight=522 402 244 120 158 65 74 106 170 52
internal_count=522 402 244 120 158 65 74 106 170 52
is_linear=0
shrinkage=0.0167612


Tree=122
num_leaves=8
num_cat=0
split_feature=74 6 5 80 211 158 81
split_gain=0.40298 0.36978 0.146229 0.0842091 0.246602 0.0642629 0.0413163
threshold=13.500000000000002 1.0000000180025095e-35 1.5000000000000002 1161579.9269230773 1.0000000180025095e-35 1.0000000180025095e-35 1.0000000180025095e-35
decision_type=10 2 2 8 8 8 8
left_child=2 -2 6 5 -5 -4 -1
right_child=1 -3 3 4 -6 -7 -8
leaf_value=-9.2966669007279632e-05 -0.002001707608183155 -0.00024119297982535553 -0.00020054583304155829 0.0011619331607893423 0.00012917946872385849 0.0004599109366867502 -0.00055740276170630797
leaf_weight=35 31 51 85 83 153 27 57
leaf_count=35 31 51 85 83 153 27 57
internal_value=0 -0.000899324 0.000186762 0.000357159 0.000533345 5.10786e-05 -0.000267056
internal_weight=522 82 440 348 236 112 92
internal_count=522 82 440 348 236 112 92
is_linear=0
shrinkage=0.0167612


Tree=123
num_leaves=10
num_cat=0
split_feature=110 12 203 156 20 201 201 45 35
split_gain=0.288712 0.319211 0.252073 0.146964 0.127609 0.0613941 0.050589 0.0452455 0.062803
threshold=1.0000000180025095e-35 1.0000000180025095e-35 1.0000000180025095e-35 1.0000000180025095e-35 1.0000000180025095e-35 1072633.095108696 409525.30055994733 650523.64944083698 5.5000000000000009
decision_type=10 2 10 10 8 8 10 8 8
left_child=1 4 7 -3 5 -1 -6 -2 -9
right_child=2 3 -4 -5 6 -7 -8 8 -10
leaf_value=0.00049567531369107832 4.0606827677421624e-06 0.0012014730349738962 -0.001623582705244411 0.00032001309579839267 -0.00021593704577090728 -1.3450434546210975e-05 -0.00089655177957720627 -0.00087450977562775179 -0.00018442373705398565
leaf_weight=88 37 93 28 30 124 40 27 27 28
leaf_count=88 37 93 28 30 124 40 27 27 28
internal_value=0 0.000198252 -0.000636884 0.000833662 -6.23282e-05 0.00022911 -0.000394574 -0.000249007 -0.000460706
internal_weight=522 402 120 123 279 128 151 92 55
internal_count=522 402 120 123 279 128 151 92 55
is_linear=0
shrinkage=0.0167612


Tree=124
num_leaves=10
num_cat=1
split_feature=13 55 1 204 74 164 149 15 163
split_gain=0.497935 0.395571 0.300801 0.693484 0.209836 0.0930232 0.0914673 0.0681152 0.0174539
threshold=425259.87508586288 3.5000000000000004 0 1.0000000180025095e-35 2.5000000000000004 58301093.531555258 211.00000000000003 1.0000000180025095e-35 1.0511776561847308
decision_type=2 10 1 8 8 8 8 2 10
left_child=1 4 6 -4 -1 -5 8 -6 -2
right_child=2 -3 3 5 7 -7 -8 -9 -10
leaf_value=0.0020369897102959279 -0.00024738791438044463 -0.00033050406641020239 -0.002101790922443802 9.8418977750437599e-05 0.00031010472050511039 -0.00051901373024820958 0.00065463071073701461 0.0011051369010256125 5.8974689901932913e-05
leaf_weight=26 39 36 50 67 75 94 46 50 39
leaf_count=26 39 36 50 67 75 94 46 50 39
internal_value=0 0.000621996 -0.000377534 -0.000741832 0.00104912 -0.000254123 0.000137254 0.000736379 3.37023e-06
internal_weight=522 187 335 211 151 161 124 125 78
internal_count=522 187 335 211 151 161 124 125 78
cat_boundaries=0 1
cat_threshold=40
is_linear=0
shrinkage=0.0167612


Tree=125
num_leaves=9
num_cat=0
split_feature=203 201 12 182 185 110 121 75
split_gain=0.262651 0.288978 0.207372 0.189059 0.151249 0.128354 0.113056 0.0515385
threshold=1.0000000180025095e-35 184795.25000000003 1.0000000180025095e-35 1.0000000180025095e-35 32.54504504504505 1.0000000180025095e-35 -0.62298775497422276 1.0761563524952293
decision_type=10 10 2 10 8 10 10 10
left_child=2 -2 4 -4 6 -5 -1 -6
right_child=1 -3 3 5 7 -7 -8 -9
leaf_value=0.00093648870715764458 -0.001755431088532396 -0.00036146725565379162 0.0011039052169164122 0.00057771766866325579 -0.00050785703853100013 -0.00039865899499767613 8.600133488525793e-05 -7.9371890996072925e-05
leaf_weight=33 31 25 78 35 159 42 57 62
leaf_count=33 31 25 78 35 159 42 57 62
internal_value=0 -0.000844956 0.000118859 0.000579855 -9.07133e-05 0.000113259 0.000348277 -0.000342663
internal_weight=522 56 466 155 311 77 90 221
internal_count=522 56 466 155 311 77 90 221
is_linear=0
shrinkage=0.0167612


Tree=126
num_leaves=10
num_cat=0
split_feature=13 110 3 9 148 9 203 41 22
split_gain=0.308905 0.390677 0.16812 0.106726 0.100733 0.0627853 0.0547828 0.0419413 0.00189326
threshold=662660.83353494632 1.0000000180025095e-35 4.5000000000000009 1.0000000180025095e-35 1.0000000180025095e-35 1.0000000180025095e-35 1.0000000180025095e-35 1.0000000180025095e-35 1.0000000180025095e-35
decision_type=2 10 2 2 10 2 8 8 10
left_child=2 7 5 4 -4 6 -1 8 -2
right_child=1 -3 3 -5 -6 -7 -8 -9 -10
leaf_value=-0.00014177279013545177 7.0072872175028193e-05 -0.0016469923613238811 0.00096405490623283031 0.00018669079330041512 0.00034448571823094185 0.00018625821528370036 -0.00079481725716249959 -0.00038102665601638685 -1.8245525487441713e-06
leaf_weight=36 80 32 146 35 24 29 36 80 24
leaf_count=36 80 32 146 35 24 29 36 80 24
internal_value=0 -0.000456686 0.000314367 0.000596042 0.00078683 -8.98056e-05 -0.000414842 -0.000157848 -4.16741e-06
internal_weight=522 216 306 205 170 101 72 184 104
internal_count=522 216 306 205 170 101 72 184 104
is_linear=0
shrinkage=0.0167612


Tree=127
num_leaves=11
num_cat=0
split_feature=10 140 11 131 12 103 110 83 11 42
split_gain=0.435058 0.328424 0.18915 0.198353 0.177634 0.115551 0.106274 0.0867504 0.152992 0.00878499
threshold=-0.24999999999999994 1.0000000180025095e-35 0.25000000000000017 1.0000000180025095e-35 1.0000000180025095e-35 418713.29888888897 1.0000000180025095e-35 1.2383381245626943 -0.24999999999999994 831636.33750000014
decision_type=2 10 2 10 2 8 10 8 2 10
left_child=4 7 6 -4 5 -1 -3 -2 -9 -7
right_child=1 2 3 -5 -6 9 -8 8 -10 -11
leaf_value=0.0006641455987477211 0.00056436102417809744 -3.4078380975511217e-05 -0.0024988903874160521 -0.00089644267931386374 0.0011489642139416464 -2.2230204450530811e-05 -0.00078756610463775675 0.00034492703416617209 -0.00054588545684989707 -0.00028532719654176706
leaf_weight=51 37 37 25 34 70 56 50 57 76 29
leaf_count=51 37 37 25 34 70 56 50 57 76 29
internal_value=0 -0.0003805 -0.000924002 -0.00158555 0.000540335 0.000200019 -0.0004509 9.7864e-06 -8.8021e-05 -8.88356e-05
internal_weight=522 316 146 59 206 136 87 170 133 85
internal_count=522 316 146 59 206 136 87 170 133 85
is_linear=0
shrinkage=0.0167612


Tree=128
num_leaves=11
num_cat=1
split_feature=0 45 5 110 95 133 158 5 166 52
split_gain=0.447619 0.103971 0.133565 0.0739751 0.076535 0.0662772 0.0500282 0.0417872 0.0295918 0.0176387
threshold=0 668423.75000000012 1.5000000000000002 1.0000000180025095e-35 13.500000000000002 0.039480519480519456 1.0000000180025095e-35 1.5000000000000002 1.0000000180025095e-35 1.0000000180025095e-35
decision_type=9 8 2 8 10 8 8 2 10 10
left_child=3 9 6 4 -1 -6 -3 -5 -4 -2
right_child=1 2 8 7 5 -7 -8 -9 -10 -11
leaf_value=0.00016882817407212086 0.0011881142673226611 -0.00076527465083216022 0.00048850614018216523 -0.0014255248539533493 -0.00095413970451116632 -0.00012783549574568793 -0.00011133233137902086 -0.00063799693281566601 0.00013012082714841696 0.00041904658834594088
leaf_weight=24 37 28 151 35 28 52 37 85 35 29
leaf_count=24 37 28 151 35 28 52 37 85 35 29
internal_value=-5.81832e-05 0.000306566 0.000148886 -0.000586328 -0.000266811 -0.000483493 -0.000331727 -0.000922443 0.000373786 0.000824453
internal_weight=541 317 251 224 104 80 65 120 186 66
internal_count=541 317 251 224 104 80 65 120 186 66
cat_boundaries=0 1
cat_threshold=17420434
is_linear=0
shrinkage=0.0167612


Tree=129
num_leaves=10
num_cat=0
split_feature=3 14 43 9 80 27 177 123 81
split_gain=0.305499 0.196706 0.243705 0.180243 0.16469 0.292522 0.0896601 0.0466479 0.00628759
threshold=5.5000000000000009 8.5000000000000018 1.0000000180025095e-35 1.0000000180025095e-35 830248.49013157911 1.0000000180025095e-35 22.000000000000004 1.0000000180025095e-35 1.0000000180025095e-35
decision_type=2 2 10 2 10 10 10 8 8
left_child=1 2 -1 4 5 -2 7 -3 -5
right_child=3 6 -4 8 -6 -7 -8 -9 -10
leaf_value=-0.0021134005283437547 9.6577262131460561e-05 0.0004252696677365673 -0.00046310619421727038 -0.00013675610899375231 -0.0001527509379603843 0.0012187011025396092 -0.00067418873215050617 -0.00010397521546047063 -0.00058398026897979384
leaf_weight=27 110 25 33 26 36 107 41 101 35
leaf_count=27 110 25 33 26 36 107 41 101 35
internal_value=-5.74226e-05 -0.000503316 -0.00119473 0.000245548 0.000466565 0.000664966 -0.000207997 -2.68682e-05 -0.000326994
internal_weight=541 227 60 314 253 217 167 126 61
internal_count=541 227 60 314 253 217 167 126 61
is_linear=0
shrinkage=0.0167612


Tree=130
num_leaves=10
num_cat=0
split_feature=74 3 27 33 201 182 131 9 28
split_gain=0.303654 0.25311 0.244528 0.180964 0.111916 0.0725974 0.0174896 0.0101982 0.00432616
threshold=5.5000000000000009 5.5000000000000009 1.0000000180025095e-35 1801178.2656290571 653618.36670274183 1.0000000180025095e-35 1.0000000180025095e-35 1.0000000180025095e-35 71.500000000000014
decision_type=10 2 10 8 10 10 10 2 8
left_child=1 5 7 6 -4 8 -2 -3 -1
right_child=3 2 4 -5 -6 -7 -8 -9 -10
leaf_value=2.4157573059249978e-05 -0.00034160047112928869 4.5100070256942183e-05 0.0014722242563562696 -0.0014106072029228221 0.00048240385274759526 -0.00068953299169800374 -0.00011384333152114177 -0.00019032790698450961 -0.00010214094415636181
leaf_weight=34 55 91 60 46 65 56 25 24 85
leaf_count=34 55 91 60 46 65 56 25 24 85
internal_value=-5.77843e-05 0.000136127 0.000486577 -0.000699508 0.000961392 -0.000268005 -0.000266117 6.80257e-05 -3.63798e-05
internal_weight=541 415 240 126 125 175 80 115 119
internal_count=541 415 240 126 125 175 80 115 119
is_linear=0
shrinkage=0.0167612


Tree=131
num_leaves=8
num_cat=0
split_feature=3 25 13 84 63 47 192
split_gain=0.282565 0.297107 0.50442 0.173602 0.165379 0.0800133 0.00997705
threshold=3.5000000000000004 4.1650000000000009 496258.12121212127 759226.27272727282 420993.42688363232 0.13064516129032258 1.0000000180025095e-35
decision_type=2 10 2 8 10 10 8
left_child=5 2 3 -2 -4 6 -1
right_child=1 -3 4 -5 -6 -7 -8
leaf_value=-0.00018979964429646632 9.1577379353050201e-05 0.0011021883001320998 -0.0008399995363245538 0.00094684239243589784 -5.7825471441271129e-05 -0.0013101609231193003 -0.00048421242665073262
leaf_weight=24 38 43 150 126 51 28 81
leaf_count=24 38 43 150 126 51 28 81
internal_value=-5.73577e-05 0.000136076 6.62863e-06 0.000606884 -0.000532339 -0.000659181 -0.000433516
internal_weight=541 408 365 164 201 133 105
internal_count=541 408 365 164 201 133 105
is_linear=0
shrinkage=0.0167612


Tree=132
num_leaves=10
num_cat=0
split_feature=10 154 9 42 40 182 31 107 197
split_gain=0.282302 0.215368 0.171417 0.199686 0.274322 0.051341 0.0475939 0.0149834 0.00122312
threshold=0.25000000000000011 26.500000000000004 1.0000000180025095e-35 692713.06818181823 1.0000000180025095e-35 1.0000000180025095e-35 964080.48155467724 14.500000000000002 15.000000000000002
decision_type=2 8 2 10 8 8 8 10 8
left_child=2 7 3 4 -1 -3 -5 -2 -7
right_child=1 5 -4 6 -6 8 -8 -9 -10
leaf_value=0.0014498407275789133 -0.00083103439458800943 0.00022459897803939603 -0.00032344993787040066 -4.7691450563745758e-05 0.00026394465004916457 -0.00049135708073630869 -0.00056211140426841368 -0.0016620316486864444 -0.00014076284557484704
leaf_weight=67 52 34 61 29 127 26 30 24 91
leaf_count=67 52 34 61 29 127 26 30 24 91
internal_value=-5.61422e-05 -0.000485182 0.000234382 0.000450228 0.00071928 -0.000128185 -0.000121689 -0.00111708 -0.000280553
internal_weight=541 227 314 253 194 151 59 76 117
internal_count=541 227 314 253 194 151 59 76 117
is_linear=0
shrinkage=0.0167612


Tree=133
num_leaves=10
num_cat=0
split_feature=11 10 146 6 133 25 102 25 197
split_gain=0.116505 0.123186 0.169133 0.0783654 0.067089 0.227308 0.0530833 0.0505015 0.0157744
threshold=0.25000000000000017 0.25000000000000011 926175.04166666686 1.5000000000000002 0.022321428571428555 3.5350000000000006 196616.342483468 2.3400000000000003 24.000000000000004
decision_type=2 2 8 2 8 10 8 10 8
left_child=4 3 -3 6 -1 7 -2 -6 -4
right_child=1 2 8 -5 5 -7 -8 -9 -10
leaf_value=-0.00023024458237956244 8.6867355918319184e-05 -0.00024947755284941106 -0.0017691124900819819 -0.00038341116047716802 0.0002036559601008758 0.0010138134088218214 0.00061480622671250074 -0.00025090338085999048 -0.00084700432181121748
leaf_weight=51 37 37 24 61 121 53 41 83 33
leaf_count=51 37 37 24 61 121 53 41 83 33
internal_value=-5.58829e-05 -0.000328749 -0.000743346 -3.89656e-05 0.000127536 0.000262184 0.000258831 2.20053e-05 -0.00125554
internal_weight=541 233 94 139 308 257 78 204 57
internal_count=541 233 94 139 308 257 78 204 57
is_linear=0
shrinkage=0.0167612


Tree=134
num_leaves=8
num_cat=0
split_feature=5 81 62 27 10 113 48
split_gain=0.262511 0.16635 0.122496 0.168785 0.248139 0.0563711 0.0311024
threshold=1.5000000000000002 1.0000000180025095e-35 1105312.9448623743 1.0000000180025095e-35 -0.24999999999999994 163219.70565256084 1.0000000180025095e-35
decision_type=2 10 10 10 2 8 8
left_child=1 5 3 6 -5 -1 -2
right_child=2 -3 -4 4 -6 -7 -8
leaf_value=-4.8053208396094857e-05 -0.00033875424255972494 -0.0014639515615496766 -0.00044738692227954427 0.0011732024700132552 9.7905887658326948e-05 -0.00053800355087664476 1.306924230190803e-05
leaf_weight=35 46 29 41 85 95 69 141
leaf_count=35 46 29 41 85 95 69 141
internal_value=-5.49906e-05 -0.000635428 0.00013084 0.00025205 0.00059554 -0.000330339 -2.61689e-05
internal_weight=541 133 408 367 180 104 187
internal_count=541 133 408 367 180 104 187
is_linear=0
shrinkage=0.0167612


Tree=135
num_leaves=8
num_cat=0
split_feature=74 99 33 104 146 77 216
split_gain=0.288467 0.156376 0.320167 0.126867 0.120886 0.0385302 0.0299722
threshold=5.5000000000000009 1.0000000180025095e-35 656555.58531746047 73.000000000000014 185788.23333333334 1.0000000180025095e-35 -0.070399545413681874
decision_type=10 8 8 8 8 8 10
left_child=1 3 -3 -1 -2 -4 -6
right_child=4 2 5 -5 6 -7 -8
leaf_value=0.00022647177599126181 -0.00019974681238862571 0.0010804383769338684 -0.00046852985470611299 0.00135365574089238 -0.0013900134363069346 -4.9809471439525944e-05 -0.00052740552825080041
leaf_weight=50 45 30 78 31 56 226 25
leaf_count=50 45 30 78 31 56 226 25
internal_value=-5.48568e-05 0.000133744 7.08763e-06 0.000686386 -0.000680664 -0.000183624 -0.00108225
internal_weight=541 415 334 81 126 304 81
internal_count=541 415 334 81 126 304 81
is_linear=0
shrinkage=0.0167612


Tree=136
num_leaves=8
num_cat=1
split_feature=0 80 110 33 3 127 130
split_gain=0.208001 0.271041 0.227186 0.214883 0.0966132 0.0921738 0.00425506
threshold=0 913544.9421092798 1.0000000180025095e-35 1390256.5000000002 5.5000000000000009 6.5000000000000009 1.5000000000000002
decision_type=9 10 8 8 2 8 10
left_child=3 2 4 -1 -2 -4 -5
right_child=1 -3 5 6 -6 -7 -8
leaf_value=6.9730867814414294e-05 0.0002727510860822912 -0.00053499702429512402 -0.00047338756604812577 -0.00068948065900548193 0.0011400721300615657 0.00021646634291612834 -0.0014115779574215704
leaf_weight=39 41 57 34 47 119 164 31
leaf_count=39 41 57 34 47 119 164 31
internal_value=5.87554e-05 0.000241767 0.000436824 -0.000441614 0.000871064 5.51287e-05 -0.000987928
internal_weight=532 415 358 117 160 198 78
internal_count=532 415 358 117 160 198 78
cat_boundaries=0 1
cat_threshold=42001
is_linear=0
shrinkage=0.0167612


Tree=137
num_leaves=10
num_cat=0
split_feature=101 74 25 205 108 13 10 80 7
split_gain=0.243882 0.281773 0.123559 0.165611 0.107878 0.144115 0.0524517 0.0254205 0.0108306
threshold=223905.01755796268 6.5000000000000009 2.6850000000000005 1.0000000180025095e-35 1.0000000180025095e-35 939536.7430654763 0.68301270189221941 356883.9378531074 1.0000000180025095e-35
decision_type=8 10 10 10 8 2 2 10 2
left_child=4 2 8 -4 6 -6 7 -1 -2
right_child=1 -3 3 -5 5 -7 -8 -9 -10
leaf_value=0.00049197339247972053 -0.00029712184919584875 -0.0011083397828556732 0.0011882113669804629 0.00018401993576330528 0.0011605495047243993 0.00032319919779986582 -0.00028317571467791335 7.8466594446760673e-05 -5.3191508288831e-05
leaf_weight=51 133 49 31 31 83 28 26 46 54
leaf_count=51 133 49 31 31 83 28 26 46 54
internal_value=5.67921e-05 -0.000225158 -1.57209e-05 0.000500892 0.000444807 0.000807378 0.000102297 0.000271584 -0.00020687
internal_weight=532 298 249 62 234 111 123 97 187
internal_count=532 298 249 62 234 111 123 97 187
is_linear=0
shrinkage=0.0167612


Tree=138
num_leaves=9
num_cat=0
split_feature=74 11 96 13 133 104 46 110
split_gain=0.368335 0.300774 0.253271 0.306464 0.18152 0.16126 0.0847318 0.0501258
threshold=1.5000000000000002 0.25000000000000017 1380.0000000000002 366218.75088881719 0.35416666666666669 55.500000000000007 82.500000000000014 1.0000000180025095e-35
decision_type=8 2 10 2 8 8 10 10
left_child=1 4 3 -2 -1 -4 -3 -6
right_child=2 6 5 -5 7 -7 -8 -9
leaf_value=0.00042053539369682485 0.00067809385513268217 -0.00048800941433294515 -0.0002901040460933788 -0.00038723970213375695 0.002084818852601051 -0.0013709790256853907 0.00029389352154726706 0.00098563787499110402
leaf_weight=53 89 44 37 148 45 63 26 27
leaf_count=53 89 44 37 148 45 63 26 27
internal_value=5.45062e-05 0.000597372 -0.000247019 -1.67097e-05 0.00108558 -0.000864397 1.95377e-05 0.00161528
internal_weight=532 195 337 237 125 100 70 72
internal_count=532 195 337 237 125 100 70 72
is_linear=0
shrinkage=0.0167612


Tree=139
num_leaves=10
num_cat=0
split_feature=13 220 33 151 225 69 25 120 182
split_gain=0.541591 0.326652 0.219315 0.216227 0.115075 0.0915358 0.0814997 0.0675891 0.0236879
threshold=427905.18238993717 630.00000000000011 1099691.3542424247 1.0000000180025095e-35 5.5000000000000009 656898.54166666686 2.5350000000000006 26.000000000000004 1.0000000180025095e-35
decision_type=2 10 8 10 8 8 10 10 10
left_child=1 6 5 -3 -4 8 -1 -6 -2
right_child=2 3 4 -5 7 -7 -8 -9 -10
leaf_value=0.00047188838041856059 0.00073570578563054447 0.00067638342997401572 -0.001245158083268605 0.0022533598030523776 -0.00059708979119393998 -0.00027846753185108093 -0.00016411645677807973 -0.00010130289297165468 0.000142678854967409
leaf_weight=83 40 29 52 42 103 34 42 55 52
leaf_count=83 40 29 52 42 103 34 42 55 52
internal_value=5.34092e-05 0.000707307 -0.000317704 0.00150308 -0.000651308 0.000101116 0.000234651 -0.000399403 0.000431651
internal_weight=532 196 336 71 210 126 125 158 92
internal_count=532 196 336 71 210 126 125 158 92
is_linear=0
shrinkage=0.0167612


Tree=140
num_leaves=9
num_cat=0
split_feature=13 17 84 133 170 50 91 203
split_gain=0.578893 0.259056 0.247555 0.0837073 0.0810082 0.0717595 0.0664121 0.0212426
threshold=433391.55702811241 1.0000000180025095e-35 710609.02276231709 0.032002048131080353 1.0000000180025095e-35 1.0000000180025095e-35 1.0000000180025095e-35 1.0000000180025095e-35
decision_type=2 10 8 10 8 10 10 10
left_child=1 6 5 4 -4 -2 7 -1
right_child=2 -3 3 -5 -6 -7 -8 -9
leaf_value=0.00070659798096706983 7.4452714712586502e-05 0.0017711990947754542 -0.0011035870925601603 -0.0001841749858481578 -0.00039648242285924407 0.00081792123341270213 0.0001135789622095222 0.00022682403233582017
leaf_weight=117 50 29 100 43 113 26 24 30
leaf_count=117 50 29 100 43 113 26 24 30
internal_value=5.20832e-05 0.000718366 -0.000338444 -0.000607893 -0.000755644 0.000273625 0.000473083 0.000590897
internal_weight=532 200 332 256 213 76 171 147
internal_count=532 200 332 256 213 76 171 147
is_linear=0
shrinkage=0.0167612


Tree=141
num_leaves=8
num_cat=0
split_feature=33 20 149 110 43 52 84
split_gain=0.237328 0.144879 0.14082 0.115021 0.17679 0.129021 0.0637418
threshold=658660.83353494632 1.0000000180025095e-35 102.50000000000001 1.0000000180025095e-35 1.0000000180025095e-35 1.0000000180025095e-35 869337.66961567744
decision_type=8 10 8 8 8 10 10
left_child=1 -1 6 5 -5 -4 -2
right_child=2 -3 3 4 -6 -7 -8
leaf_value=0.0010947397100081167 -0.00024749633591957139 0.0002583509928500729 0.00065528847525702239 -0.0010220710851693089 -1.7490831524957617e-05 -0.00014895587597977834 -0.0011436630937110158
leaf_weight=75 32 30 112 27 192 29 35
leaf_count=75 32 30 112 27 192 29 35
internal_value=5.19107e-05 0.000673027 -0.000100824 -2.40395e-06 -0.000197167 0.000353843 -0.000671233
internal_weight=532 105 427 360 219 141 67
internal_count=532 105 427 360 219 141 67
is_linear=0
shrinkage=0.0167612


Tree=142
num_leaves=9
num_cat=0
split_feature=60 13 6 108 120 220 113 13
split_gain=0.27177 0.288483 0.134004 0.131838 0.117692 0.109826 0.103023 0.101515
threshold=15.122670807453419 480000.38461538468 1.0000000180025095e-35 1.0000000180025095e-35 26.000000000000004 690.00000000000011 1.0000000180025095e-35 480000.38461538468
decision_type=8 2 2 10 10 8 10 2
left_child=7 3 6 5 -4 -2 -3 -1
right_child=1 2 4 -5 -6 -7 -8 -9
leaf_value=0.0012763523797494677 -0.00030125039067507359 -0.0017676535650972341 -0.00063088536320495675 0.0010510920504833467 4.4351311459066657e-06 0.00042751914696132772 -0.00050387276905485055 0.00028359819563939621
leaf_weight=51 52 24 88 32 126 99 27 33
leaf_count=51 52 24 88 32 126 99 27 33
internal_value=4.93894e-05 -9.35694e-05 -0.000444723 0.00034368 -0.000245212 0.000128867 -0.00107929 0.000784318
internal_weight=532 448 265 183 214 151 51 84
internal_count=532 448 265 183 214 151 51 84
is_linear=0
shrinkage=0.0167612


Tree=143
num_leaves=10
num_cat=0
split_feature=13 120 131 22 213 123 28 6 144
split_gain=0.620734 0.294673 0.218646 0.414874 0.103641 0.106283 0.0492567 0.0824115 0.0404724
threshold=457860.51196581201 26.000000000000004 1.0000000180025095e-35 1.0000000180025095e-35 1059952.436443168 1.0000000180025095e-35 8.5000000000000018 1.5000000000000002 0.054804804804804756
decision_type=2 8 10 10 8 10 8 2 10
left_child=2 -2 6 -4 5 -3 -1 -8 -6
right_child=1 4 3 -5 8 -7 7 -9 -10
leaf_value=8.5990233228620209e-05 -0.0014600842326885589 0.00073770541129655504 0.002412802685715735 0.00063529325428950492 -0.00057763378567553736 -3.8920432176382301e-05 0.00072452582297136657 0.00017226531054872598 -0.00017414401728516442
leaf_weight=25 31 26 36 24 141 89 97 34 29
leaf_count=25 31 26 36 24 141 89 97 34 29
internal_value=4.86408e-05 -0.000382602 0.000700941 0.00145105 -0.000203966 9.47748e-05 0.000382661 0.000488014 -0.000444343
internal_weight=532 316 216 60 285 115 156 131 170
internal_count=532 316 216 60 285 115 156 131 170
is_linear=0
shrinkage=0.0167612


Tree=144
num_leaves=10
num_cat=0
split_feature=13 182 60 220 97 218 144 7 5
split_gain=0.480374 0.343528 0.319198 0.187473 0.223384 0.0381882 0.0338253 0.0274832 0.00629509
threshold=639277.77777777787 1.0000000180025095e-35 6.9015151515151523 630.00000000000011 1.0000000180025095e-35 3.3203012912482071 0.059714795008912656 1.0000000180025095e-35 2.5000000000000004
decision_type=2 10 10 10 10 8 8 2 2
left_child=3 6 -3 5 -5 -1 -2 -8 -7
right_child=1 2 -4 4 -6 8 7 -9 -10
leaf_value=0.00047481075428861197 -0.0003194458704263727 -0.0022339028216320621 -0.00046907965626000474 0.00026490899789715153 0.0014330533497264541 -8.8303833163414763e-05 2.4540546952275282e-05 0.000387606266404914 9.5541732068725517e-05
leaf_weight=38 34 30 41 50 95 69 77 45 66
leaf_count=38 34 30 41 50 95 69 77 45 66
internal_value=0.000136147 -0.000389292 -0.00120258 0.000545583 0.00097358 0.000174318 -4.16513e-05 0.000125641 2.11991e-05
internal_weight=545 227 71 318 145 173 156 122 135
internal_count=545 227 71 318 145 173 156 122 135
is_linear=0
shrinkage=0.0167612


Tree=145
num_leaves=7
num_cat=0
split_feature=33 203 33 40 151 80
split_gain=0.274686 0.301331 0.131389 0.110699 0.0906599 0.0891917
threshold=533185.33974358987 1.0000000180025095e-35 633459.43405139854 1.0000000180025095e-35 1.0000000180025095e-35 356883.9378531074
decision_type=8 10 10 8 8 10
left_child=4 2 3 -2 -1 -4
right_child=1 -3 5 -5 -6 -7
leaf_value=0.00032042220489243131 0.00082353369937164772 -0.0011176416280904004 0.00017455247370689429 0.00010929342308457497 0.0013577280329420914 -0.00049945460746902276
leaf_weight=35 60 28 25 228 50 119
leaf_count=35 60 28 25 228 50 119
internal_value=0.000133383 -6.34061e-06 8.35857e-05 0.000296714 0.00086283 -0.000254021
internal_weight=545 460 432 288 85 144
internal_count=545 460 432 288 85 144
is_linear=0
shrinkage=0.0167612


Tree=146
num_leaves=11
num_cat=0
split_feature=10 19 185 197 105 155 97 167 129 155
split_gain=0.303727 0.220514 0.175967 0.203857 0.0854453 0.0630779 0.0404418 0.0268826 0.0201927 0.0022059
threshold=0.25000000000000011 4.5000000000000009 33.123589743589754 1.0000000180025095e-35 5.5000000000000009 3.3419913419913425 1.0000000180025095e-35 4.5000000000000009 275000.00000000006 2.5447713463383441
decision_type=2 8 8 10 10 8 10 8 10 10
left_child=2 8 5 7 -5 -1 -3 -4 -2 -8
right_child=1 6 3 4 -6 -7 9 -9 -10 -11
leaf_value=0.0013663646916704316 -0.001268222773212439 -8.4458554606000607e-05 0.00093055441552469407 -0.00082491349878380477 -9.9115903459821172e-05 0.00044073098356028282 0.0005627025748232722 0.00033623955876473273 -0.00053138398378945026 0.00015001640632554702
leaf_weight=63 41 86 38 38 44 35 26 102 47 25
leaf_count=63 41 86 38 38 44 35 26 102 47 25
internal_value=0.000131321 -0.000284241 0.000456178 0.000186072 -0.000332448 0.00099025 7.91593e-06 0.000538453 -0.000865427 0.000350674
internal_weight=545 225 320 222 82 98 137 140 88 51
internal_count=545 225 320 222 82 98 137 140 88 51
is_linear=0
shrinkage=0.0167612


Tree=147
num_leaves=11
num_cat=0
split_feature=3 43 121 62 4 80 59 201 23 50
split_gain=0.294742 0.300411 0.165892 0.147412 0.110947 0.0809363 0.0763052 0.044598 0.059432 0.0437161
threshold=5.5000000000000009 1.0000000180025095e-35 -0.24915095053850272 1094019.9057647795 43.500000000000007 575798.67500000016 0.95000000000000007 434550.26875000005 900.00000000000011 1.0000000180025095e-35
decision_type=2 8 8 10 2 10 10 10 8 10
left_child=1 6 5 4 -4 -2 -1 8 -3 -9
right_child=2 7 3 -5 -6 -7 -8 9 -10 -11
leaf_value=-0.0018904147548266792 0.0013877512605918404 0.00056300192864180249 0.00090407109307779232 -0.00046786111457580417 0.00011611040006037568 0.00042039508193262106 -0.00066005182586827095 -0.00063380988911966672 3.4366583290465769e-05 -0.00011772814320706557
leaf_weight=24 61 43 53 31 149 26 24 31 76 27
leaf_count=24 61 43 53 31 149 26 24 31 76 27
internal_value=0.00012918 -0.000279876 0.000449356 0.000204906 0.000375386 0.0010052 -0.00118069 -2.67312e-05 0.000174109 -0.000287796
internal_weight=545 225 320 233 202 87 48 177 119 58
internal_count=545 225 320 233 202 87 48 177 119 58
is_linear=0
shrinkage=0.0167612


Tree=148
num_leaves=11
num_cat=0
split_feature=2 11 158 6 33 7 42 41 13 47
split_gain=0.198014 0.351535 0.233593 0.16027 0.143416 0.126105 0.0937983 0.0798236 0.0625784 0.0113387
threshold=2023.5000000000002 -1.0000000180025095e-35 1.0000000180025095e-35 1.0000000180025095e-35 978221.85528926493 1.0000000180025095e-35 377239.38374125882 1.0000000180025095e-35 400286.61722370778 0.51666666666666672
decision_type=2 2 8 2 8 2 10 10 2 8
left_child=1 4 3 6 -1 9 -2 -3 -5 -4
right_child=2 7 5 8 -6 -7 -8 -9 -10 -11
leaf_value=0.0022210879873113369 -0.0017838667668324771 -0.00041409770604705761 0.00019736301402312659 0.00024077041607419147 0.00080667759618123849 0.00073537899721596721 -0.0005328211913702436 0.00035687470677400502 -0.00034731852410542317 -5.335137055050323e-05
leaf_weight=28 26 37 36 28 33 76 24 36 94 127
leaf_count=28 26 37 36 28 33 76 24 36 94 127
internal_value=0.000126441 0.000624055 -3.00129e-05 -0.000479511 0.00141651 0.000257287 -0.00113314 0.00012721 -0.000157807 2.64671e-05
internal_weight=545 134 411 172 61 239 50 73 122 163
internal_count=545 134 411 172 61 239 50 73 122 163
is_linear=0
shrinkage=0.0167612


Tree=149
num_leaves=11
num_cat=0
split_feature=5 13 13 17 81 90 69 123 137 7
split_gain=0.281185 0.269879 0.25622 0.229582 0.124134 0.0655859 0.11507 0.0587744 0.0491633 0.0243416
threshold=1.5000000000000002 491171.8725490197 603248.51836917584 1.0000000180025095e-35 1.0000000180025095e-35 28.500000000000004 1.0000000180025095e-35 1.0000000180025095e-35 1.0000000180025095e-35 1.0000000180025095e-35
decision_type=2 2 2 10 8 8 8 8 10 2
left_child=1 7 3 8 -3 6 -4 -1 -2 -7
right_child=2 4 5 -5 -6 9 -8 -9 -10 -11
leaf_value=-0.00014408383635798787 0.00057698880810988225 -0.00046155849090887886 -6.4731860405288684e-05 0.00167480928357792 -0.0017351548224803566 5.8500098375518444e-05 -0.00085949983110256427 0.00047221482098661711 0.00016509062254671747 0.00046634084577351983
leaf_weight=36 149 28 70 33 38 47 39 34 35 36
leaf_count=36 149 28 70 33 38 47 39 34 35 36
internal_value=0.000124673 -0.000436202 0.000348016 0.000724974 -0.00112092 -1.23027e-05 -0.000307166 7.38419e-07 0.00047424 0.000205607
internal_weight=545 136 409 217 66 192 109 70 184 83
internal_count=545 136 409 217 66 192 109 70 184 83
is_linear=0
shrinkage=0.0167612


Tree=150
num_leaves=9
num_cat=0
split_feature=5 13 151 74 13 103 3 120
split_gain=0.272591 0.227049 0.191326 0.118135 0.441922 0.0471856 0.0277837 0.00236634
threshold=1.5000000000000002 199409.10576923081 1.0000000180025095e-35 1.0000000180025095e-35 610120.83333333349 716912.5552536234 1.5000000000000002 26.000000000000004
decision_type=2 2 8 8 2 8 2 10
left_child=2 -2 -1 4 -3 -5 -4 -8
right_child=1 3 6 5 -6 -7 7 -9
leaf_value=-0.0012802447975586813 0.0013082718370093084 0.0017776874129574861 -0.00034962313471195299 0.00028435933308784662 9.3683953536741812e-05 -0.00013940839232703229 5.1641992848948674e-06 0.00011284356290699255
leaf_weight=29 30 30 42 76 96 177 32 33
leaf_count=29 30 30 42 76 96 177 32 33
internal_value=0.000122812 0.000342898 -0.000429061 0.000212999 0.000574871 1.4653e-05 -0.000118417 1.40058e-05
internal_weight=545 409 136 379 126 253 107 65
internal_count=545 409 136 379 126 253 107 65
is_linear=0
shrinkage=0.0167612


Tree=151
num_leaves=10
num_cat=0
split_feature=10 197 185 101 49 13 171 102 97
split_gain=0.221662 0.234851 0.160397 0.117919 0.0890243 0.0350186 0.0320721 0.0171457 0.0672609
threshold=1.0000000180025095e-35 15.000000000000002 24.777969018932879 185447.60209668553 1.0000000180025095e-35 527136.30157418072 116.07631110000001 77801.080314000996 1.0000000180025095e-35
decision_type=2 8 8 8 8 2 10 8 10
left_child=2 3 -1 5 6 -2 -4 -3 -9
right_child=1 7 4 -5 -6 -7 -8 8 -10
leaf_value=0.0010291799519173469 -7.4687177771416533e-06 6.9662135082560668e-05 -1.9250431267216563e-05 -0.0011570757167929829 0.00048136739717269346 -0.00046649573349665039 -0.00040106964008540459 5.7631418522359785e-05 0.00073608248304676566
leaf_weight=73 39 29 60 62 103 26 37 80 36
leaf_count=73 39 29 60 62 103 26 37 80 36
internal_value=0.000121256 -0.000175409 0.000446925 -0.000670357 0.000190565 -0.000206931 -8.10477e-05 0.000177749 0.000304308
internal_weight=545 272 273 127 200 65 97 145 116
internal_count=545 272 273 127 200 65 97 145 116
is_linear=0
shrinkage=0.0167612


Tree=152
num_leaves=10
num_cat=1
split_feature=1 107 33 113 77 91 146 105 164
split_gain=0.151344 0.170985 0.150582 0.118347 0.243189 0.0993368 0.0561101 0.0887858 0.00214439
threshold=0 11.500000000000002 697094.13043478271 194780.4628240793 1.0000000180025095e-35 1.0000000180025095e-35 499540.03571428574 35.500000000000007 57607725.92279242
decision_type=1 8 10 8 8 10 8 8 10
left_child=2 -2 5 -3 -5 8 -4 -8 -1
right_child=1 3 6 4 -6 -7 7 -9 -10
leaf_value=0.00057316831590176513 0.0002877098415848923 -0.00013002511249869745 5.4985910818544287e-05 -0.0018094844529356635 -0.00043514858901614662 0.0001319846371050972 -0.00017247958661854867 -0.00097229382770803487 0.0011089353477623499
leaf_weight=128 47 60 42 26 104 33 32 29 28
leaf_count=128 47 60 42 26 104 33 32 29 28
internal_value=0 -0.000284947 0.000238014 -0.000547429 -0.000823648 0.000529627 -0.000130355 -0.000467781 0.000728618
internal_weight=529 237 292 190 130 189 103 61 156
internal_count=529 237 292 190 130 189 103 61 156
cat_boundaries=0 1
cat_threshold=28
is_linear=0
shrinkage=0.0167612


Tree=153
num_leaves=9
num_cat=0
split_feature=110 193 88 73 6 9 6 151
split_gain=0.141738 0.166341 0.221188 0.176367 0.154113 0.0378544 0.0250566 0.0159669
threshold=1.0000000180025095e-35 1142506.6247996071 20.500000000000004 1.0000000180025095e-35 1.0000000180025095e-35 1.0000000180025095e-35 1.5000000000000002 1.0000000180025095e-35
decision_type=10 10 8 10 2 2 2 10
left_child=1 2 3 -1 -2 -4 7 -6
right_child=4 -3 5 -5 6 -7 -8 -9
leaf_value=0.001625392080431932 -0.0011701330241955441 -0.00062676028087665719 0.00015334189609491751 0.00032742845360295446 -9.7272754290692582e-05 -0.00020641445106227499 0.0001356955238088778 -0.00044014794220835983
leaf_weight=39 31 27 239 35 29 67 25 37
leaf_count=39 31 27 239 35 29 67 25 37
internal_value=0 0.000145899 0.000263269 0.000940572 -0.000436437 4.96834e-05 -9.85287e-05 -0.0002482
internal_weight=529 407 380 74 122 306 91 66
internal_count=529 407 380 74 122 306 91 66
is_linear=0
shrinkage=0.0167612


Tree=154
num_leaves=10
num_cat=1
split_feature=1 64 126 136 12 177 163 46 38
split_gain=0.146295 0.163075 0.120947 0.105732 0.0870292 0.064898 0.129257 0.0227585 0.0210736
threshold=0 16.500000000000004 1.0000000180025095e-35 0.57258064516129037 1.0000000180025095e-35 20.000000000000004 0.9657956151567878 89.500000000000014 27545.833994708959
decision_type=1 8 8 10 2 10 10 10 10
left_child=2 -2 5 7 8 -1 -7 -3 -4
right_child=1 3 4 -5 -6 6 -8 -9 -10
leaf_value=0.00025067940873615171 0.00024063472765861282 -0.00040098567524718626 4.2222500707551786e-05 -0.0011818001804458436 0.00099463328188505022 -0.00090015892368860431 -5.6012030051629816e-05 -0.00010871228252054071 0.00045237043384380475
leaf_weight=39 54 110 83 37 57 40 44 36 29
leaf_count=39 54 110 83 37 57 40 44 36 29
internal_value=0 -0.000280694 0.000233468 -0.000553036 0.000526201 -4.41743e-05 -0.00034564 -0.000318104 0.000229722
internal_weight=529 237 292 183 169 123 84 146 112
internal_count=529 237 292 183 169 123 84 146 112
cat_boundaries=0 1
cat_threshold=28
is_linear=0
shrinkage=0.0167612


Tree=155
num_leaves=9
num_cat=0
split_feature=225 87 5 80 165 133 67 110
split_gain=0.116538 0.138746 0.151771 0.0976122 0.148718 0.0568386 0.0359584 0.00964113
threshold=4.5000000000000009 24.500000000000004 2.5000000000000004 692713.06818181823 32.500000000000007 0.084039548022598873 1.0000000180025095e-35 1.0000000180025095e-35
decision_type=8 8 2 8 8 10 10 10
left_child=3 2 -2 -1 -5 6 -3 -6
right_child=1 5 -4 4 7 -7 -8 -9
leaf_value=-4.2009568684170154e-06 0.00019271902784487145 -7.8057082698350905e-06 0.0012397533909435374 -0.00021480043482871214 -0.00060229861798601699 0.00045359659759591141 -0.00037469378840505218 -0.0013706993075801696
leaf_weight=40 44 204 43 34 30 28 63 43
leaf_count=40 44 204 43 34 30 28 63 43
internal_value=0 0.000149275 0.000646405 -0.000356197 -0.000643198 8.89421e-06 -9.30019e-05 -0.00104337
internal_weight=529 382 87 147 107 295 267 73
internal_count=529 382 87 147 107 295 267 73
is_linear=0
shrinkage=0.0167612


Tree=156
num_leaves=7
num_cat=0
split_feature=74 152 33 182 110 144
split_gain=0.207412 0.206528 0.131509 0.262218 0.0760405 0.0134543
threshold=11.500000000000002 88.500000000000014 1009339.2814828764 1.0000000180025095e-35 1.0000000180025095e-35 0.12599206349206346
decision_type=10 10 10 8 8 8
left_child=2 5 3 -1 -5 -2
right_child=1 -3 -4 4 -6 -7
leaf_value=0.0010413918055470132 -0.0007973661070506885 -0.00011720319490280174 -0.00044648438310052963 0.00043629071778707808 -5.8408770202763553e-05 -0.0017007208667316083
leaf_weight=65 30 26 45 77 259 27
leaf_count=65 30 26 45 77 259 27
internal_value=0 -0.000634924 0.000141928 0.000258419 5.51027e-05 -0.00121306
internal_weight=529 83 446 401 336 57
internal_count=529 83 446 401 336 57
is_linear=0
shrinkage=0.0167612


Tree=157
num_leaves=8
num_cat=1
split_feature=0 3 152 47 9 137 15
split_gain=0.387726 0.171638 0.163369 0.145613 0.121354 0.054953 0.0265865
threshold=0 5.5000000000000009 72.500000000000014 0.9193548387096776 1.0000000180025095e-35 1.0000000180025095e-35 1.0000000180025095e-35
decision_type=9 2 10 10 2 8 2
left_child=6 2 3 -2 5 -3 -1
right_child=1 4 -4 -5 -6 -7 -8
leaf_value=0.00048462954218354961 -0.0005594591652671692 0.000407729918235915 -1.7314349645428445e-05 -0.0016552893800731413 -0.0005635213843250208 -8.2178170598763891e-06 0.0011832000698670121
leaf_weight=61 116 132 28 30 40 71 51
leaf_count=61 116 132 28 30 40 71 51
internal_value=0 -0.00022716 -0.000607636 -0.000871357 -5.75412e-06 0.000200098 0.000722384
internal_weight=529 417 174 146 243 203 112
internal_count=529 417 174 146 243 203 112
cat_boundaries=0 1
cat_threshold=2099780
is_linear=0
shrinkage=0.0167612


Tree=158
num_leaves=10
num_cat=0
split_feature=13 43 12 148 107 144 80 15 22
split_gain=0.444015 0.470086 0.110395 0.0958142 0.155447 0.0673183 0.069807 0.0694387 0.0450056
threshold=491171.8725490197 1.0000000180025095e-35 1.0000000180025095e-35 1.0000000180025095e-35 42.500000000000007 0.059714795008912656 315221.905994898 1.0000000180025095e-35 1.0000000180025095e-35
decision_type=2 10 2 10 8 8 10 2 8
left_child=3 2 -2 4 -1 6 -3 -7 -6
right_child=1 5 -4 -5 8 7 -8 -9 -10
leaf_value=0.0013120759109120105 -0.00073582342231762144 5.8250919020036239e-05 -0.0018376654115467939 0.00015826185416589029 9.6461835483543836e-05 5.4984676523971711e-05 -0.00056099569880214614 0.00076151079948509452 0.00048181673575415572
leaf_weight=59 56 24 47 42 31 78 61 32 99
leaf_count=59 56 24 47 42 31 78 61 32 99
internal_value=0 -0.000400744 -0.00120658 0.000513896 0.000705893 -1.78532e-05 -0.000239564 0.000284448 0.000354354
internal_weight=529 298 103 231 189 195 85 110 130
internal_count=529 298 103 231 189 195 85 110 130
is_linear=0
shrinkage=0.0167612


Tree=159
num_leaves=9
num_cat=0
split_feature=110 13 167 201 169 10 11 12
split_gain=0.127411 0.229404 0.18934 0.147504 0.125883 0.130085 0.0908338 0.0151009
threshold=1.0000000180025095e-35 315221.905994898 5.5000000000000009 879774.28667027422 1.0000000180025095e-35 0.25000000000000011 -0.68301270189221952 1.0000000180025095e-35
decision_type=10 2 8 10 8 2 2 2
left_child=1 7 3 -3 5 -2 -4 -1
right_child=4 2 6 -5 -6 -7 -8 -9
leaf_value=0.00054213569860991765 -0.00032839682855442446 0.00075179100773946339 4.3303058187025295e-06 -3.6565194503479132e-05 -7.0393633227379103e-05 -0.0012974621184131986 -0.00057805834292602785 0.0013385324951697257
leaf_weight=34 28 98 43 56 46 48 146 30
leaf_count=34 28 98 43 56 46 48 146 30
internal_value=0 0.000139561 2.73983e-06 0.000363166 -0.000412637 -0.000820362 -0.000351428 0.000875403
internal_weight=529 407 343 154 122 76 189 64
internal_count=529 407 343 154 122 76 189 64
is_linear=0
shrinkage=0.0167612


Tree=160
num_leaves=10
num_cat=0
split_feature=33 203 80 12 142 108 4 11 39
split_gain=0.207724 0.298372 0.127707 0.112369 0.162058 0.0745213 0.0388709 0.0371018 0.0177326
threshold=827840.01513157913 1.0000000180025095e-35 625055.86428571434 1.0000000180025095e-35 -8.3580425999999992 1.0000000180025095e-35 132.00000000000003 -1.0000000180025095e-35 57.285714285714292
decision_type=8 10 8 2 10 8 2 2 8
left_child=2 3 8 6 -5 7 -2 -4 -1
right_child=1 -3 5 4 -6 -7 -8 -9 -10
leaf_value=0.00012788016096331841 -0.00050763334427059528 -0.0013323518005946445 0.00063429695592621927 -8.2813583795642262e-05 0.00075053059139400171 0.001375623417293472 -8.8615393835798708e-05 0.00017799031562288335 -0.00022943039165251907
leaf_weight=33 126 26 39 98 66 32 53 29 27
leaf_count=33 126 26 39 98 66 32 53 29 27
internal_value=0 -0.000216174 0.000446583 -6.51827e-05 0.000199601 0.000808694 -0.000339898 0.000454158 0.000106072
internal_weight=529 369 160 343 164 100 179 68 60
internal_count=529 369 160 343 164 100 179 68 60
is_linear=0
shrinkage=0.0167612


Tree=161
num_leaves=9
num_cat=1
split_feature=0 3 59 42 182 42 74 80
split_gain=0.372171 0.253847 0.0996272 0.281841 0.0959372 0.0705558 0.0618538 0.0541612
threshold=0 5.5000000000000009 0.95000000000000007 193330.54206138689 1.0000000180025095e-35 615580.28972125438 34.500000000000007 900858.57142857148
decision_type=9 2 8 10 10 8 8 10
left_child=1 -1 3 -2 7 -6 -3 -4
right_child=2 6 4 -5 5 -7 -8 -9
leaf_value=-0.0015522364494935349 0.0015313386104655335 0.00015088815712275077 0.00047591242551731295 0.00018278874910199075 4.5025106013009416e-05 -0.00049721633306537615 -0.00049556661126917126 5.1861139398289106e-05
leaf_weight=47 35 30 154 50 58 83 39 33
leaf_count=47 35 30 154 50 58 83 39 33
internal_value=0 -0.000700478 0.000222347 0.000671776 8.13479e-05 -0.000186899 -0.000204511 0.000319368
internal_weight=529 116 413 85 328 141 69 187
internal_count=529 116 413 85 328 141 69 187
cat_boundaries=0 1
cat_threshold=582688
is_linear=0
shrinkage=0.0167612


Tree=162
num_leaves=8
num_cat=0
split_feature=33 203 171 80 12 91 105
split_gain=0.24401 0.290173 0.15327 0.297266 0.10457 0.123477 0.0412184
threshold=724918.47916666686 1.0000000180025095e-35 116.04047185 1502851.5904140789 1.0000000180025095e-35 1.0000000180025095e-35 55.500000000000007
decision_type=8 10 8 8 2 8 8
left_child=2 4 -1 -4 6 -6 -2
right_child=1 -3 3 -5 5 -7 -8
leaf_value=0.00011464548565250119 -6.9619758491089935e-05 -0.0013132612221769683 0.0002575900688155871 0.0017250610681348779 0.00061469327871257334 -9.8470089362920734e-05 -0.00047661000250937398
leaf_weight=41 65 26 49 44 83 81 140
leaf_count=41 65 26 49 44 83 81 140
internal_value=0 -0.000209179 0.000538132 0.0009329 -6.93711e-05 0.000193753 -0.000311736
internal_weight=529 395 134 93 369 164 205
internal_count=529 395 134 93 369 164 205
is_linear=0
shrinkage=0.0167612


Tree=163
num_leaves=8
num_cat=1
split_feature=0 119 62 182 77 38 12
split_gain=0.357811 0.15519 0.109526 0.115025 0.101154 0.0609263 0.0344219
threshold=0 19.500000000000004 1222618.9998280567 1.0000000180025095e-35 1.0000000180025095e-35 203549.12583333332 1.0000000180025095e-35
decision_type=9 8 10 8 8 8 2
left_child=1 -1 3 5 -5 -2 -3
right_child=2 6 -4 4 -6 -7 -8
leaf_value=-0.00024878569131839946 0.00041704798701193771 -0.00074633689875510626 -0.00034742069086047173 -0.00014798568221571697 0.00038758720681316463 0.0013075024416459395 -0.0016331214531896741
leaf_weight=33 54 45 32 121 172 34 38
leaf_count=33 54 45 32 121 172 34 38
internal_value=0 -0.000688041 0.000216632 0.000325884 0.000144872 0.000791712 -0.00116301
internal_weight=529 116 413 381 293 88 83
internal_count=529 116 413 381 293 88 83
cat_boundaries=0 1
cat_threshold=582688
is_linear=0
shrinkage=0.0167612


Tree=164
num_leaves=9
num_cat=0
split_feature=74 142 4 182 113 9 152 110
split_gain=0.282069 0.414507 0.133422 0.128779 0.0859252 0.0457993 0.0372019 0.0881669
threshold=5.5000000000000009 -8.3543390499999983 285.00000000000006 1.0000000180025095e-35 187955.92381320058 1.0000000180025095e-35 67.500000000000014 1.0000000180025095e-35
decision_type=8 10 2 10 8 2 10 10
left_child=3 2 5 4 -1 -2 7 -5
right_child=1 -3 -4 6 -6 -7 -8 -9
leaf_value=0.00038298300755574692 -7.0835376991799061e-05 -0.001456250242224043 0.000573249557060796 0.00061638649703555206 0.0013690350761500754 -0.00060921835489731837 -0.00024097399648733922 -1.7908556629082886e-05
leaf_weight=49 165 44 35 57 40 45 25 69
leaf_count=49 165 44 35 57 40 45 25 69
internal_value=0 -0.00034062 -6.62804e-05 0.000386213 0.000842725 -0.000232318 8.74063e-05 0.000208505
internal_weight=529 289 245 240 89 210 151 126
internal_count=529 289 245 240 89 210 151 126
is_linear=0
shrinkage=0.0167612


Tree=165
num_leaves=8
num_cat=0
split_feature=33 203 163 214 144 74 136
split_gain=0.243334 0.298191 0.101951 0.0968986 0.0794247 0.0580135 0.0156188
threshold=470435.03323503438 1.0000000180025095e-35 1.0753052763128854 1.0000000180025095e-35 0.29864864864864871 1.5000000000000002 0.37096774193548393
decision_type=8 10 10 8 8 10 8
left_child=2 3 6 4 -2 -5 -1
right_child=1 -3 -4 5 -6 -7 -8
leaf_value=0.00014572354061789415 7.0212946751176125e-05 -0.001240216377325042 0.0014248183222862316 -4.8811776458965473e-05 0.00078633046849075434 -0.00057029594593135241 0.00044723930652366251
leaf_weight=25 69 29 24 257 42 57 26
leaf_count=25 69 29 24 257 42 57 26
internal_value=0 -0.000152151 0.000712064 -2.18449e-05 0.000329418 -0.000177783 0.00034064
internal_weight=529 454 75 425 111 314 51
internal_count=529 454 75 425 111 314 51
is_linear=0
shrinkage=0.0167612


Tree=166
num_leaves=10
num_cat=0
split_feature=33 80 43 12 108 182 75 18 132
split_gain=0.20312 0.277724 0.151382 0.145404 0.0859223 0.0658274 0.0380313 0.0430707 0.0209746
threshold=893467.06875000021 1.0000000180025095e-35 1.0000000180025095e-35 1.0000000180025095e-35 1.0000000180025095e-35 1.0000000180025095e-35 1.3454032328971834 1.0000000180025095e-35 0.039480519480519456
decision_type=8 10 8 2 10 8 8 10 10
left_child=1 -1 4 8 -2 -5 -3 -8 -4
right_child=2 6 3 5 -6 -7 7 -9 -10
leaf_value=0.0011537412642957294 -0.0013773494121468717 0.00029440955673261929 -0.00049403202903244088 0.00082022623611333772 -0.00036289719750312745 8.1069252476621714e-05 -0.00050776535743962421 -7.6722519487743338e-05 -0.00012192995008236485
leaf_weight=63 34 33 129 25 25 106 47 29 38
leaf_count=63 34 33 129 25 25 106 47 29 38
internal_value=0 0.000419059 -0.000226836 -6.00951e-05 -0.000848299 0.000286441 6.13393e-05 -0.000205285 -0.000369827
internal_weight=529 172 357 298 59 131 109 76 167
internal_count=529 172 357 298 59 131 109 76 167
is_linear=0
shrinkage=0.0167612


Tree=167
num_leaves=10
num_cat=1
split_feature=0 101 146 43 69 46 152 97 9
split_gain=0.470716 0.17086 0.141075 0.0551433 0.0447761 0.0432839 0.034969 0.0185794 0.005692
threshold=0 180093.69938833878 330448.48214285722 1.0000000180025095e-35 191867.24023211861 67.500000000000014 88.500000000000014 1.0000000180025095e-35 1.0000000180025095e-35
decision_type=9 8 10 8 8 10 10 8 2
left_child=1 7 4 -3 -2 -4 -7 -1 -6
right_child=2 3 5 -5 8 6 -8 -9 -10
leaf_value=-0.00028857849872078055 0.0010162671686094753 -0.0015876030381926733 -0.00043284093995131918 -0.00072116070251811138 0.00046124943452628903 -0.0001117991861000666 0.00035286565429370136 6.7289128979397108e-05 0.0001521171842352654
leaf_weight=29 67 26 24 101 118 26 44 61 33
leaf_count=29 67 26 24 101 118 26 44 61 33
internal_value=0 -0.000547272 0.000381715 -0.000962814 0.00063622 2.40779e-05 6.99459e-05 -9.41095e-05 0.000420695
internal_weight=529 217 312 127 218 94 70 90 151
internal_count=529 217 312 127 218 94 70 90 151
cat_boundaries=0 1
cat_threshold=17425457
is_linear=0
shrinkage=0.0167612


Tree=168
num_leaves=9
num_cat=0
split_feature=33 13 169 103 137 122 33 188
split_gain=0.100237 0.336531 0.394938 0.322039 0.193524 0.0947281 0.0607928 0.0238035
threshold=1180293.5555555557 433391.55702811241 1.0000000180025095e-35 164098.71127995328 1.0000000180025095e-35 31.500000000000004 903155.30219780235 1.5000000000000002
decision_type=10 2 8 10 8 10 8 10
left_child=1 4 3 -3 5 -1 -4 -6
right_child=-2 2 6 -5 7 -7 -8 -9
leaf_value=0.0017591428181708642 -0.00061535780924660568 -0.0023025222878609993 0.00034817100097125241 -0.00046905931272407539 0.00026370111055508741 0.00063845929621981936 -0.000144497866525931 -5.567673751583539e-05
leaf_weight=34 34 28 69 31 83 44 155 35
leaf_count=34 34 28 69 31 83 44 155 35
internal_value=-5.60442e-07 4.69428e-05 -0.000280202 -0.00124704 0.000551579 0.00113216 -2.15795e-05 0.000145793
internal_weight=513 479 283 59 196 78 224 118
internal_count=513 479 283 59 196 78 224 118
is_linear=0
shrinkage=0.0167612


Tree=169
num_leaves=9
num_cat=0
split_feature=13 182 56 215 63 49 136 225
split_gain=0.369919 0.192297 0.184332 0.120063 0.0739842 0.0603465 0.0364743 0.01572
threshold=670718.75000000012 1.0000000180025095e-35 1.0000000180025095e-35 2.2714987714987722 898411.66666666686 1.0000000180025095e-35 0.98387096774193561 3.5000000000000004
decision_type=2 10 10 10 10 10 10 8
left_child=2 4 5 -3 6 7 -2 -1
right_child=1 3 -4 -5 -6 -7 -8 -9
leaf_value=-7.1009573985122694e-05 -0.00013001434507207263 -0.0019167466108418634 0.0012093624350341923 -0.00058758336168268025 0.00022224859441446449 0.00065668117466952407 -0.00072894036774732551 0.00014622861216107556
leaf_weight=75 84 29 29 27 29 31 40 169
leaf_count=75 84 29 29 27 29 31 40 169
internal_value=-8.71958e-07 -0.00051578 0.000335312 -0.00121942 -0.000214683 0.000184922 -0.000382664 5.16258e-05
internal_weight=513 209 304 56 153 275 124 244
internal_count=513 209 304 56 153 275 124 244
is_linear=0
shrinkage=0.0167612


Tree=170
num_leaves=9
num_cat=0
split_feature=13 13 173 51 27 23 155 18
split_gain=0.18245 0.2421 0.268567 0.205682 0.147017 0.116862 0.0385629 0.0228222
threshold=377332.12229437241 457860.51196581201 1.0000000180025095e-35 1.0000000180025095e-35 1.0000000180025095e-35 900.00000000000011 2.8708425720620849 1.0000000180025095e-35
decision_type=2 2 8 10 10 8 8 10
left_child=5 4 3 -3 -2 -1 -4 -7
right_child=1 2 6 -5 -6 7 -8 -9
leaf_value=0.001033436907005842 0.00017587581839871753 -0.0020688165014537394 9.0510521046552244e-05 -0.00050342742199754713 0.0010940747822929667 0.00029298038116167707 -0.00026663360209174008 -1.8186957033804973e-05
leaf_weight=41 30 31 50 29 38 61 190 43
leaf_count=41 30 31 50 29 38 61 190 43
internal_value=0 -0.000205593 -0.000428208 -0.00123697 0.000467403 0.000432532 -0.000164393 0.000134649
internal_weight=513 368 300 60 68 145 240 104
internal_count=513 368 300 60 68 145 240 104
is_linear=0
shrinkage=0.0167612


Tree=171
num_leaves=9
num_cat=0
split_feature=74 13 47 201 42 7 136 42
split_gain=0.205376 0.283965 0.175812 0.167001 0.104017 0.0839313 0.0272506 0.00746047
threshold=4.5000000000000009 228431.44574332176 0.9193548387096776 870638.92008928582 831636.33750000014 1.0000000180025095e-35 0.98387096774193561 464296.22533774754
decision_type=10 2 8 8 8 2 10 8
left_child=1 -1 4 7 -3 -4 -5 -2
right_child=3 2 5 6 -6 -7 -8 -9
leaf_value=0.0012025471790277709 -0.00012627485435020913 0.00010024493150643394 -0.0005198562616905404 -0.00052996636941274116 0.00073072641943386384 2.6935459011840454e-05 -0.0014154713299412661 0.0001164525251243917
leaf_weight=32 41 57 135 24 99 57 43 25
leaf_count=32 41 57 135 24 99 57 43 25
internal_value=0 0.000174479 1.73437e-05 -0.000513858 0.000405959 -0.000277247 -0.00104257 -0.000113404
internal_weight=513 380 348 133 156 192 67 66
internal_count=513 380 348 133 156 192 67 66
is_linear=0
shrinkage=0.0167612


Tree=172
num_leaves=9
num_cat=0
split_feature=74 101 13 10 64 116 159 133
split_gain=0.148527 0.175333 0.137454 0.113768 0.157385 0.0765946 0.0582478 0.00286689
threshold=7.5000000000000009 221692.57491107748 413877.09027777787 0.25000000000000011 26.500000000000004 1.0000000180025095e-35 1.0000000180025095e-35 0.12599206349206346
decision_type=10 8 2 2 8 8 10 8
left_child=2 7 5 6 -5 -1 -4 -2
right_child=1 -3 3 4 -6 -7 -8 -9
leaf_value=0.0011261981359930139 5.1239265815107883e-05 -0.0011289093129415544 2.9877050730444461e-05 -0.0010635156045769036 -7.5426920383968494e-05 0.00027183696310776733 0.0005166891669592783 -0.00010054147890229966
leaf_weight=33 27 45 102 38 80 79 68 41
leaf_count=33 27 45 102 38 80 79 68 41
internal_value=0 -0.000476936 0.000131105 -1.98506e-05 -0.000398272 0.00057109 0.000192925 -0.000102828
internal_weight=513 113 400 288 118 112 170 68
internal_count=513 113 400 288 118 112 170 68
is_linear=0
shrinkage=0.0167612


Tree=173
num_leaves=9
num_cat=0
split_feature=10 99 203 88 33 167 60 99
split_gain=0.144489 0.186912 0.174045 0.0889715 0.083878 0.0605326 0.0335781 0.0259457
threshold=-0.24999999999999994 1.0000000180025095e-35 1.0000000180025095e-35 25.500000000000004 683200.60470085486 1.5000000000000002 1.5396825396825398 1.0000000180025095e-35
decision_type=2 10 10 8 10 10 10 8
left_child=1 6 3 5 -3 -2 -1 -5
right_child=2 4 -4 7 -6 -7 -8 -9
leaf_value=0.00014878759882327848 -0.00013198847651333583 0.0013812259132700781 -0.0010387296810147985 0.00036329332437676356 0.00039849409273228447 -0.00076050547282371104 -0.00027546764947114174 1.2477058410903484e-05
leaf_weight=88 42 42 32 48 24 56 48 133
leaf_count=88 42 42 32 48 24 56 48 133
internal_value=0 0.000305828 -0.000228575 -7.55266e-05 0.000910189 -0.000428583 3.69518e-05 0.000101262
internal_weight=513 202 311 279 66 98 136 181
internal_count=513 202 311 279 66 98 136 181
is_linear=0
shrinkage=0.0167612


Tree=174
num_leaves=6
num_cat=0
split_feature=203 213 218 197 80
split_gain=0.0922868 0.191701 0.078635 0.0627182 0.0599701
threshold=1.0000000180025095e-35 1073125.1064814818 2.8631907308377906 10.500000000000002 1093751.6158635679
decision_type=10 10 10 10 8
left_child=1 2 3 -1 -4
right_child=-2 -3 4 -5 -6
leaf_value=0.00017759421122337215 -0.00054423517130995701 -0.0006647653963907683 0.00018936913265510172 -0.00029240139431363602 0.0010575616791265994
leaf_weight=284 45 49 41 60 34
leaf_count=284 45 49 41 60 34
internal_value=0 5.48919e-05 0.000188554 6.37676e-05 0.000604773
internal_weight=513 468 419 344 75
internal_count=513 468 419 344 75
is_linear=0
shrinkage=0.0167612


Tree=175
num_leaves=10
num_cat=0
split_feature=13 169 46 220 112 63 121 121 151
split_gain=0.404695 0.207247 0.340637 0.160761 0.20751 0.0480479 0.0620014 0.0373781 0.0184088
threshold=480000.38461538468 1.0000000180025095e-35 115.50000000000001 630.00000000000011 1.0000000180025095e-35 420993.42688363232 -1.3286856010070485 1.0204730887875846 1.0000000180025095e-35
decision_type=2 8 10 10 10 10 10 8 10
left_child=3 2 -2 8 -5 6 -3 -7 -1
right_child=1 5 -4 4 -6 7 -8 -9 -10
leaf_value=0.00020959132149198613 -0.0022505718961512832 -5.0661553881891607e-05 -0.00049648305703625369 0.0016018111193927867 0.00032411494449290421 0.00041005341543702046 -0.00063650340576573174 -5.9098560252177369e-05 -6.0556800938600491e-05
leaf_weight=110 24 101 26 51 38 36 75 25 27
leaf_count=110 24 101 26 51 38 36 75 25 27
internal_value=0 -0.000408085 -0.00118713 0.00047598 0.000983077 -0.000194346 -0.000324426 6.36847e-05 0.000126087
internal_weight=513 287 50 226 89 237 176 61 137
internal_count=513 287 50 226 89 237 176 61 137
is_linear=0
shrinkage=0.0167612


Tree=176
num_leaves=9
num_cat=1
split_feature=0 13 164 192 7 96 110 39
split_gain=0.225934 0.37776 0.336658 0.267096 0.103984 0.110776 0.0402378 0.036668
threshold=0 420529.6768292684 57288350.56005574 1.0000000180025095e-35 1.0000000180025095e-35 1380.0000000000002 1.0000000180025095e-35 4.2708333333333339
decision_type=9 2 8 10 2 10 8 10
left_child=2 3 -1 -2 5 -3 -4 -6
right_child=1 4 6 -5 7 -7 -8 -9
leaf_value=-0.0014117848930977539 0.00039351002405204689 -0.00077083749557180367 0.00030877305253973052 0.0017392999364148386 0.00051321806239548696 -4.3105071742160472e-05 -0.00022078146886922947 9.861271649686566e-05
leaf_weight=50 96 75 33 42 54 127 50 28
leaf_count=50 96 75 33 42 54 127 50 28
internal_value=0 0.000183592 -0.00050985 0.000839327 -0.000109264 -0.000335999 -9.37096e-05 0.000246343
internal_weight=555 422 133 138 284 202 83 82
internal_count=555 422 133 138 284 202 83 82
cat_boundaries=0 1
cat_threshold=17350785
is_linear=0
shrinkage=0.0167612


Tree=177
num_leaves=6
num_cat=0
split_feature=146 177 23 164 177
split_gain=0.0970163 0.229959 0.159801 0.143486 0.0673228
threshold=511977.15695488726 1.0000000180025095e-35 900.00000000000011 58778335.766644321 22.000000000000004
decision_type=10 8 10 8 10
left_child=1 -1 4 -2 -3
right_child=3 2 -4 -5 -6
leaf_value=0.00086705136096169215 -0.0010412302346793848 -6.809833253194512e-05 -0.00076167551977479565 -0.00012291454348741819 0.00033535164153496427
leaf_weight=56 41 257 40 27 134
leaf_count=56 41 257 40 27 134
internal_value=0 8.06704e-05 -2.71283e-05 -0.00047564 5.1821e-05
internal_weight=555 487 431 68 391
internal_count=555 487 431 68 391
is_linear=0
shrinkage=0.0167612


Tree=178
num_leaves=9
num_cat=1
split_feature=13 0 64 164 10 39 17 119
split_gain=0.19598 0.247831 0.172722 0.133588 0.106227 0.053843 0.00783201 0.00207815
threshold=778036.60881734022 0 10.500000000000002 55514173.286671735 -0.24999999999999994 22.222222222222225 1.0000000180025095e-35 48.500000000000007
decision_type=2 9 8 8 2 10 10 8
left_child=1 4 -3 -4 -1 -2 -7 -6
right_child=5 2 3 -5 7 6 -8 -9
leaf_value=-0.00011235739554281371 -0.00077338996035235708 0.0010574903851870007 0.00078441415098779539 1.8087194618601421e-05 -0.0011798021415141099 -0.00021837561453521502 -3.3034037840205086e-05 -0.00049893193763706812
leaf_weight=42 82 69 47 192 29 29 30 35
leaf_count=42 82 69 47 192 29 29 30 35
internal_value=0 0.000176073 0.000420184 0.000203889 -0.000364838 -0.000479786 -0.000115425 -0.000821468
internal_weight=555 414 308 239 106 141 59 64
internal_count=555 414 308 239 106 141 59 64
cat_boundaries=0 1
cat_threshold=17367553
is_linear=0
shrinkage=0.0167612


Tree=179
num_leaves=9
num_cat=0
split_feature=74 62 13 151 216 174 43 33
split_gain=0.249776 0.134513 0.28199 0.34756 0.114014 0.106645 0.104532 0.0693183
threshold=1.5000000000000002 580335.54971083289 538965.77081644267 1.0000000180025095e-35 -0.010089720269117369 1.0000000180025095e-35 1.0000000180025095e-35 411698.19194736652
decision_type=10 8 2 10 10 10 10 8
left_child=1 -1 3 -3 5 -2 -4 -6
right_child=4 2 6 -5 7 -7 -8 -9
leaf_value=0.0010049980639033828 -0.0011710905621617415 0.00027689908851656354 -0.00064483426119806226 0.0018487781081620058 0.00042327955444119015 -0.0002234142902333049 -2.1631214364468738e-05 -0.00034441003049319371
leaf_weight=25 71 112 71 25 25 47 150 29
leaf_count=25 71 112 71 25 25 47 150 29
internal_value=0 0.000227685 0.000125552 0.000663382 -0.000480672 -0.000785221 -0.000195231 -0.000123593
internal_weight=555 383 358 137 172 118 221 54
internal_count=555 383 358 137 172 118 221 54
is_linear=0
shrinkage=0.0167612


Tree=180
num_leaves=8
num_cat=0
split_feature=74 213 12 163 91 32 193
split_gain=0.242457 0.20468 0.186212 0.101419 0.0558661 0.0242033 0.0120042
threshold=1.5000000000000002 663616.76409500407 1.0000000180025095e-35 1.0511776561847308 1.0000000180025095e-35 1.0000000180025095e-35 1155150.825770044
decision_type=10 8 2 10 8 8 8
left_child=1 -1 5 6 -4 -3 -2
right_child=3 2 4 -5 -6 -7 -8
leaf_value=0.0010484452320735458 -0.00047629186383314179 -4.0487322797309926e-05 0.00092784302867867036 -0.00011861604814967169 0.0002148188318175302 -0.00031289126786792579 -0.0010445508399386113
leaf_weight=41 83 66 54 40 74 148 49
leaf_count=41 83 66 54 40 74 148 49
internal_value=0 0.00022546 7.66453e-05 -0.000472493 0.000529963 -0.000183456 -0.000727035
internal_weight=555 383 342 172 128 214 132
internal_count=555 383 342 172 128 214 132
is_linear=0
shrinkage=0.0167612


Tree=181
num_leaves=11
num_cat=0
split_feature=60 164 110 130 13 19 173 137 41 186
split_gain=0.0830975 0.0948003 0.113603 0.22621 0.110856 0.105356 0.0878799 0.0625805 0.0467382 0.00389194
threshold=26.847826086956527 57161692.028536215 1.0000000180025095e-35 3.5000000000000004 674353.63636363647 4.5000000000000009 1.0000000180025095e-35 1.0000000180025095e-35 1.0000000180025095e-35 926819.40616123646
decision_type=10 10 10 8 2 10 10 8 10 10
left_child=1 2 7 -4 5 -3 -2 -1 -6 -8
right_child=6 4 3 -5 8 -7 9 -9 -10 -11
leaf_value=0.0004773468273585775 -0.00090090619277999741 0.0011050082585263119 -0.0014218146915476822 -0.00019094271763476833 0.00023467258810420559 0.00032646738562405086 -0.00012177932694927608 -2.765431161243312e-06 -0.00037966815075034759 -2.1852211078294526e-05
leaf_weight=57 31 67 25 36 29 25 57 179 24 25
leaf_count=57 31 67 25 36 29 25 57 179 24 25
internal_value=0 0.000102136 -3.10773e-05 -0.000558719 0.0004242 0.000763142 -0.000349255 8.98698e-05 0.000106966 -6.483e-05
internal_weight=555 442 297 61 145 92 113 236 53 82
internal_count=555 442 297 61 145 92 113 236 53 82
is_linear=0
shrinkage=0.0167612


Tree=182
num_leaves=11
num_cat=1
split_feature=0 110 130 80 63 167 122 33 129 216
split_gain=0.323115 0.153396 0.149835 0.101865 0.196836 0.0997358 0.0610323 0.0569348 0.0144648 0.0133448
threshold=0 1.0000000180025095e-35 3.5000000000000004 575798.67500000016 636923.58478669252 4.5000000000000009 17.500000000000004 533185.33974358987 485000.00000000006 -0.19624708007779496
decision_type=9 10 8 10 10 8 10 10 10 10
left_child=1 3 8 5 -5 -1 -4 -8 -2 -3
right_child=2 9 6 4 -6 -7 7 -9 -10 -11
leaf_value=0.00060719027425554901 0.0014510650029406864 -0.001532643559646897 -1.9347722180541069e-05 -0.0014283093227651614 -0.00023270672451106375 -0.00014938923548339826 0.00072432181801390205 0.0001037163809830011 0.00062831366851909482 -0.00064707832663194863
leaf_weight=30 25 30 138 25 33 103 57 54 36 24
leaf_count=30 25 30 138 25 33 103 57 54 36 24
internal_value=0 -0.000413488 0.000336166 -0.000199151 -0.000643573 -5.76436e-06 0.000153435 0.00040337 0.000963585 -0.00107876
internal_weight=555 245 310 191 58 133 249 111 61 54
internal_count=555 245 310 191 58 133 249 111 61 54
cat_boundaries=0 1
cat_threshold=17420961
is_linear=0
shrinkage=0.0167612


Tree=183
num_leaves=10
num_cat=1
split_feature=13 0 7 177 190 17 25 19 201
split_gain=0.155855 0.207256 0.134227 0.0957505 0.0789021 0.0714335 0.152371 0.0300566 0.00917896
threshold=848246.03668546386 0 1.0000000180025095e-35 23.500000000000004 0.8257699783441983 1.0000000180025095e-35 2.7950000000000004 4.5000000000000009 1211020.1534992789
decision_type=2 9 2 8 8 8 10 8 8
left_child=1 5 3 -3 8 6 -1 -4 -2
right_child=4 2 7 -5 -6 -7 -8 -9 -10
leaf_value=-0.00032237333714601714 -0.00039332708390476146 0.00047009994364368384 0.0014501235130956029 -6.6053045973552154e-05 -0.00015830718098726944 -0.00010885894039428719 -0.0012784625344078526 0.00059832959996843277 -0.0010291933233059836
leaf_weight=24 38 122 24 135 36 42 40 47 47
leaf_count=24 38 122 24 135 36 42 40 47 47
internal_value=0 0.000144178 0.000358245 0.00017225 -0.000463224 -0.000353478 -0.000736324 0.000918164 -0.000760784
internal_weight=555 434 328 257 121 106 64 71 85
internal_count=555 434 328 257 121 106 64 71 85
cat_boundaries=0 1
cat_threshold=17367553
is_linear=0
shrinkage=0.0167612


Tree=184
num_leaves=10
num_cat=0
split_feature=11 97 133 55 42 195 42 101 204
split_gain=0.19201 0.220104 0.110239 0.179613 0.189751 0.0527207 0.0418998 0.0417936 0.0161139
threshold=1.0000000180025095e-35 1.0000000180025095e-35 0.041241496598639411 2.5000000000000004 404649.66666666669 1.5000000000000002 212964.53409090909 100259.35550111666 1.0000000180025095e-35
decision_type=2 8 8 8 10 10 10 10 8
left_child=2 -2 5 4 -4 -1 8 -8 -3
right_child=1 6 3 -5 -6 -7 7 -9 -10
leaf_value=-0.00062497761819382304 -0.0012437828684640577 -0.00011770722370598545 0.0012687116474066134 4.5333975986873467e-05 0.00022587428121438217 -7.1470281919680328e-05 -0.00019192413718567376 0.00031426566541302355 -0.00040048707908917769
leaf_weight=28 34 30 80 95 48 31 28 64 123
leaf_count=28 34 30 80 95 48 31 28 64 123
internal_value=-3.99183e-05 -0.000345019 0.000233015 0.00042634 0.000805951 -0.00019001 -0.000153806 3.64226e-05 -0.000306638
internal_weight=561 279 282 223 128 59 245 92 153
internal_count=561 279 282 223 128 59 245 92 153
is_linear=0
shrinkage=0.0167612


Tree=185
num_leaves=11
num_cat=1
split_feature=13 1 10 47 62 88 33 169 52 11
split_gain=0.476485 0.486943 0.336141 0.283197 0.0650125 0.0643649 0.0607645 0.0521188 0.0449241 0.0122153
threshold=427905.18238993717 0 -1.0000000180025095e-35 1.0000000180025095e-35 652533.33333333337 4.5000000000000009 665736.25000000012 1.0000000180025095e-35 1.0000000180025095e-35 -0.5
decision_type=2 1 2 10 8 10 10 8 8 2
left_child=3 6 5 4 -1 -3 9 -4 -8 -2
right_child=1 2 7 -5 -6 -7 8 -9 -10 -11
leaf_value=0.00056450877892490897 0.00059287279070895939 -0.00016441953091736483 -0.0029254529284450594 0.001564769441114805 4.2851016010510165e-05 -0.00091497093541183119 -2.8363507125349139e-05 -0.0015625279883686506 -0.00050343138667792062 0.00012938829496055373
leaf_weight=67 27 48 24 34 98 29 88 24 42 80
leaf_count=67 27 48 24 34 98 29 88 24 42 80
internal_value=-4.04139e-05 -0.000399505 -0.00111506 0.000547316 0.000267531 -0.000586672 -1.08433e-05 -0.00212552 -0.000161906 0.000296903
internal_weight=561 362 125 199 165 77 237 48 130 107
internal_count=561 362 125 199 165 77 237 48 130 107
cat_boundaries=0 1
cat_threshold=12
is_linear=0
shrinkage=0.0167612


Tree=186
num_leaves=10
num_cat=0
split_feature=3 203 146 163 118 38 75 190 108
split_gain=0.253965 0.229023 0.0847329 0.132106 0.0466012 0.0765857 0.0613525 0.00632042 0.0117095
threshold=3.5000000000000004 1.0000000180025095e-35 302328.70833333343 0.99624024842937287 1.0000000180025095e-35 64102.316663197889 1.1819431990381353 1.0000000180025095e-35 1.0000000180025095e-35
decision_type=2 8 8 10 8 8 10 10 10
left_child=1 7 3 -2 6 -6 -4 8 -1
right_child=2 -3 4 -5 5 -7 -8 -9 -10
leaf_value=-0.00034391112878449123 0.0001975452657513533 -0.0012989585275272905 0.00065044760477461837 0.0011080259156622575 -0.00061952881743870174 -5.3971709351284092e-06 9.9058614297588802e-05 -1.8576474371004988e-05 -6.9836026917976041e-05
leaf_weight=25 35 56 50 41 27 228 39 34 26
leaf_count=25 35 56 50 41 27 228 39 34 26
internal_value=-3.90935e-05 -0.000596226 0.000143755 0.000567469 1.84002e-05 -7.12355e-05 0.000305756 -0.000107472 -0.000166983
internal_weight=561 141 420 76 344 255 89 85 51
internal_count=561 141 420 76 344 255 89 85 51
is_linear=0
shrinkage=0.0167612


Tree=187
num_leaves=10
num_cat=0
split_feature=2 6 81 31 205 18 33 75 133
split_gain=0.150917 0.195208 0.194302 0.213694 0.171919 0.0699647 0.0524007 0.147722 0.0665695
threshold=2023.5000000000002 1.0000000180025095e-35 1.0000000180025095e-35 1029411.6643269431 1.0000000180025095e-35 1.0000000180025095e-35 941923.35459183692 1.72023529476162 0.11596638655462181
decision_type=2 2 10 8 10 10 10 8 10
left_child=1 -1 6 -4 -3 -6 7 -2 -8
right_child=2 4 3 -5 5 -7 8 -9 -10
leaf_value=-0.00021828480463380415 0.00066815534155677475 0.0015703431352571363 -0.00033184903295134966 -0.0016663439298509311 0.0007016661327470011 2.7935513020639848e-05 -0.00078269363313867451 -9.1467215251516261e-05 -0.00014919493640574963
leaf_weight=30 53 32 31 32 24 37 37 256 29
leaf_count=30 53 32 31 32 24 37 37 256 29
internal_value=-3.87046e-05 0.000396704 -0.000192973 -0.000882251 0.000816086 0.000324673 -3.50125e-05 3.66168e-05 -0.000380684
internal_weight=561 123 438 63 93 61 375 309 66
internal_count=561 123 438 63 93 61 375 309 66
is_linear=0
shrinkage=0.0167612


Tree=188
num_leaves=8
num_cat=0
split_feature=33 203 60 80 213 105 110
split_gain=0.220694 0.475289 0.109491 0.113179 0.0458089 0.13999 0.0619589
threshold=718229.16666666686 1.0000000180025095e-35 34.208333333333343 610120.83333333349 947823.33872647374 51.500000000000007 1.0000000180025095e-35
decision_type=8 10 10 8 10 8 8
left_child=2 4 3 -1 6 -6 -2
right_child=1 -3 -4 -5 5 -7 -8
leaf_value=0.00025386277513183604 0.00032876287205749904 -0.0016213456155449255 9.1869528678884509e-05 0.0012185590606074324 -8.8959525837023528e-05 -0.00097509363410297793 -0.00010431844458654337
leaf_weight=40 98 27 26 59 51 33 227
leaf_count=40 98 27 26 59 51 33 227
internal_value=-3.80078e-05 -0.000223665 0.000488515 0.000797159 -6.19507e-05 -0.000349882 7.39885e-06
internal_weight=561 436 125 99 409 84 325
internal_count=561 436 125 99 409 84 325
is_linear=0
shrinkage=0.0167612


Tree=189
num_leaves=10
num_cat=0
split_feature=101 13 123 42 104 177 163 142 11
split_gain=0.265816 0.256823 0.17976 0.166604 0.104315 0.0775842 0.0403286 0.0325879 0.0196888
threshold=227165.88621587018 527136.30157418072 1.0000000180025095e-35 1246548.6908730161 29.500000000000004 1.0000000180025095e-35 1.1895809882605897 -8.6934013499999985 -0.5
decision_type=8 2 8 8 10 10 10 10 2
left_child=3 7 -3 4 6 -6 -1 8 -2
right_child=1 2 -4 -5 5 -7 -8 -9 -10
leaf_value=9.2852664879389702e-05 0.00013923098793478875 -0.0015930887363443302 -0.00047260954892982366 0.00087453876191828921 -0.00013426111620613122 -0.00075936673259625854 0.00074745248946891094 0.00035383433193766136 -0.00019064493547162775
leaf_weight=71 31 39 121 79 24 44 29 42 81
leaf_count=71 31 39 121 79 24 44 29 42 81
internal_value=-3.83808e-05 -0.000357488 -0.000802392 0.000328234 3.28612e-05 -0.000354372 0.000341832 1.76381e-05 -1.78464e-05
internal_weight=561 314 160 247 168 68 100 154 112
internal_count=561 314 160 247 168 68 100 154 112
is_linear=0
shrinkage=0.0167612


Tree=190
num_leaves=11
num_cat=0
split_feature=6 41 47 105 193 28 216 31 144 119
split_gain=0.192931 0.317085 0.180996 0.185855 0.110726 0.0788387 0.0470567 0.0224471 0.00222197 0.000505975
threshold=1.0000000180025095e-35 1.0000000180025095e-35 1.0000000180025095e-35 -1.0000000180025095e-35 670837.79583139392 33.500000000000007 -0.010089720269117369 271029.22297297302 0.048003072196620554 1.5000000000000002
decision_type=2 10 10 10 8 8 8 10 10 10
left_child=1 7 4 -4 6 -6 -2 9 -5 -1
right_child=2 -3 3 8 5 -7 -8 -9 -10 -11
leaf_value=-5.2547860826169302e-05 0.00014058338513130969 -0.0014607548951605504 0.0011836683830411924 -2.8217047145832632e-05 -0.00067005571289539205 -3.9910043343568591e-05 0.0006242378783143411 0.000202107448806669 0.00012155051412911134 -0.00028526110982930161
leaf_weight=46 26 41 61 25 68 153 56 24 32 29
leaf_count=46 26 41 61 25 68 153 56 24 32 29
internal_value=-3.67418e-05 -0.00052531 0.000119678 0.000616581 -5.51606e-05 -0.000269719 0.000336146 -8.3425e-05 0.000152255 -0.000181875
internal_weight=561 140 421 118 303 221 82 99 57 75
internal_count=561 140 421 118 303 221 82 99 57 75
is_linear=0
shrinkage=0.0167612


Tree=191
num_leaves=9
num_cat=0
split_feature=3 117 13 33 182 42 63 46
split_gain=0.238623 0.308536 0.294918 0.0900029 0.102191 0.0882315 0.06489 0.0218617
threshold=3.5000000000000004 1.0000000180025095e-35 444942.55918898812 1296603.0521604943 1.0000000180025095e-35 366290.89460784319 1329650.6029411766 93.500000000000014
decision_type=2 10 2 10 8 10 8 10
left_child=1 2 -1 4 5 -2 -6 -3
right_child=3 7 -4 -5 6 -7 -8 -9
leaf_value=-0.000590311240182447 0.0012895641910812237 -0.00021115316837240158 -0.0024614181864709402 -0.0004134169693607624 -0.00037170308586945459 0.00030642864471816603 0.00016771322207990245 0.0001730559528983739
leaf_weight=28 26 55 24 26 35 60 273 34
leaf_count=28 26 55 24 26 35 60 273 34
internal_value=-3.66402e-05 -0.000577082 -0.00140828 0.000140133 0.000229315 0.000667236 6.72633e-05 -0.000100157
internal_weight=561 141 52 420 394 86 308 89
internal_count=561 141 52 420 394 86 308 89
is_linear=0
shrinkage=0.0167612


Tree=192
num_leaves=11
num_cat=0
split_feature=11 101 91 18 103 7 151 15 133 190
split_gain=0.157592 0.165365 0.171943 0.0822941 0.057796 0.0422784 0.0407442 0.0401337 0.0368789 0.0253535
threshold=0.25000000000000017 50301.10130558705 1.0000000180025095e-35 1.0000000180025095e-35 294420.4833333334 1.0000000180025095e-35 1.0000000180025095e-35 1.0000000180025095e-35 0.20377358490566039 1.0000000180025095e-35
decision_type=2 10 8 8 10 2 10 2 8 10
left_child=1 2 -1 4 9 -5 -3 -4 -8 -2
right_child=3 6 7 5 -6 -7 8 -9 -10 -11
leaf_value=0.0010909131411531124 -0.0014346658580278637 -0.00054009107360278297 -5.4996564706873846e-05 0.00011352380343914334 -0.00021081487760112819 -0.00039976580627752511 -0.00023679965233047425 0.00041669351202747667 0.00023812817820143367 -0.00057845347221706996
leaf_weight=69 25 27 70 87 51 30 62 36 47 37
leaf_count=69 25 27 70 87 51 30 62 36 47 37
internal_value=-1.80568e-05 0.000198085 0.0005315 -0.000339809 -0.000643929 -4.68067e-05 -0.000136667 0.00011779 -2.00044e-05 -0.000979875
internal_weight=541 311 175 230 113 117 136 106 109 62
internal_count=541 311 175 230 113 117 136 106 109 62
is_linear=0
shrinkage=0.0167612


Tree=193
num_leaves=11
num_cat=0
split_feature=13 131 41 10 136 59 15 35 79 104
split_gain=0.406132 0.189115 0.121844 0.149106 0.0604766 0.0577655 0.160011 0.0291323 0.0418134 0.0041378
threshold=643622.38376068382 1.0000000180025095e-35 1.0000000180025095e-35 -0.24999999999999994 0.37096774193548393 3.7500000000000004 1.0000000180025095e-35 30.500000000000004 1.0000000180025095e-35 138.50000000000003
decision_type=2 10 10 2 10 8 2 10 8 8
left_child=1 5 7 -4 -3 9 -7 8 -2 -1
right_child=2 4 3 -5 -6 6 -8 -9 -10 -11
leaf_value=-0.00025490386698760785 -0.00066801308891903909 0.00045162398021574593 -0.00043735467000471332 -0.001584575184329027 0.0014062172675984822 3.4673140762038193e-05 0.0009132669736846812 -8.4215440258414583e-05 -7.1314648663792129e-05 -3.5891013930236311e-05
leaf_weight=49 48 35 26 46 45 80 47 39 75 51
leaf_count=49 48 35 26 46 45 80 47 39 75 51
internal_value=-1.80015e-05 0.000344782 -0.000520243 -0.00104575 0.000948154 9.43481e-05 0.000308215 -0.000259941 -0.00035748 -0.000133825
internal_weight=541 307 234 72 80 227 127 162 123 100
internal_count=541 307 234 72 80 227 127 162 123 100
is_linear=0
shrinkage=0.0167612


Tree=194
num_leaves=9
num_cat=0
split_feature=13 131 120 27 12 11 25 69
split_gain=0.425032 0.329108 0.212741 0.0774262 0.0913106 0.0450695 0.0941491 0.0274658
threshold=496258.12121212127 1.0000000180025095e-35 46.000000000000007 1.0000000180025095e-35 1.0000000180025095e-35 -0.5 3.7750000000000004 617066.83333333349
decision_type=2 10 8 8 2 2 8 8
left_child=1 3 -2 -1 -5 6 -4 -7
right_child=2 -3 5 4 -6 7 -8 -9
leaf_value=-0.00023376767719545703 -0.0014173377412997842 0.0014408541876263781 -0.00035109931655494898 6.2615862570376449e-05 0.00074800840408052066 -0.00010934470051598111 0.00044303348036079342 -0.00058357579185332122
leaf_weight=48 24 46 51 83 60 79 41 109
leaf_count=48 24 46 51 83 60 79 41 109
internal_value=-1.75524e-05 0.000460785 -0.000423714 0.000159257 0.000340677 -0.000277753 -4.68997e-05 -0.000406232
internal_weight=541 237 304 191 143 280 92 188
internal_count=541 237 304 191 143 280 92 188
is_linear=0
shrinkage=0.0167612


Tree=195
num_leaves=7
num_cat=0
split_feature=13 60 108 10 8 197
split_gain=0.437452 0.131208 0.0929691 0.0761113 0.096424 0.0907947
threshold=207891.24561403514 15.309523809523812 1.0000000180025095e-35 -0.5 1.0000000180025095e-35 24.000000000000004
decision_type=2 8 10 2 2 8
left_child=-1 2 -2 5 -5 -3
right_child=1 3 -4 4 -6 -7
leaf_value=0.0011088333821093256 9.0094290537868336e-05 0.00035215175262839427 0.00085643870040060768 -0.00060246417184761604 -4.1864110657494152e-05 -0.00034178156358426513
leaf_weight=48 44 67 30 243 39 70
leaf_count=48 44 67 30 243 39 70
internal_value=-1.75254e-05 -0.00018146 0.000302188 -0.000310897 -0.000464775 -3.7323e-05
internal_weight=541 493 74 419 282 137
internal_count=541 493 74 419 282 137
is_linear=0
shrinkage=0.0167612


Tree=196
num_leaves=7
num_cat=0
split_feature=25 36 171 12 163 112
split_gain=0.240492 0.182251 0.0871175 0.130366 0.0830628 0.0286819
threshold=4.1650000000000009 5.5000000000000009 116.07631110000001 1.0000000180025095e-35 1.2462146911878671 1.0000000180025095e-35
decision_type=10 10 8 2 8 10
left_child=1 2 4 -4 -1 -3
right_child=-2 5 3 -5 -6 -7
leaf_value=-0.00061300439740958777 0.00082121211144520645 -0.0010572127600442798 1.3090889833354132e-06 0.00065308606467608652 -4.9710061367307073e-05 -0.00034577782822441843
leaf_weight=80 47 50 168 84 67 45
leaf_count=80 47 50 168 84 67 45
internal_value=-1.54968e-05 -0.000139798 -6.25558e-06 0.000189692 -0.00027635 -0.00070177
internal_weight=541 494 399 252 147 95
internal_count=541 494 399 252 147 95
is_linear=0
shrinkage=0.0167612


Tree=197
num_leaves=10
num_cat=0
split_feature=13 112 46 9 131 80 12 119 127
split_gain=0.198904 0.170811 0.189056 0.0964263 0.105107 0.0817291 0.05919 0.0247769 0.0220096
threshold=720721.94354838727 1.0000000180025095e-35 83.500000000000014 1.0000000180025095e-35 1.0000000180025095e-35 900858.57142857148 1.0000000180025095e-35 4.5000000000000009 14.500000000000002
decision_type=2 8 10 2 10 8 2 10 10
left_child=3 2 -2 4 6 -6 -1 -3 -5
right_child=1 7 -4 8 5 -7 -8 -9 -10
leaf_value=-9.5772621419339615e-05 -0.0014317217911778595 0.00031450931629254503 -0.0002441048522031601 -0.00043657038381597255 0.00026737930062295295 0.00112983024092118 0.0003738458684668106 -5.1875937944203473e-05 -8.2482091911004023e-05
leaf_weight=108 55 38 63 46 34 58 88 25 26
leaf_count=108 55 38 63 46 34 58 88 25 26
internal_value=-1.46567e-05 -0.000440114 -0.000818251 0.000186573 0.000340885 0.000753769 0.000100635 -1.19151e-05 -0.000197221
internal_weight=541 181 118 360 288 92 196 63 72
internal_count=541 181 118 360 288 92 196 63 72
is_linear=0
shrinkage=0.0167612


Tree=198
num_leaves=8
num_cat=0
split_feature=13 23 6 3 42 93 42
split_gain=0.110268 0.171448 0.143833 0.106374 0.178832 0.0777277 0.0260048
threshold=259036.4666666667 900.00000000000011 1.0000000180025095e-35 10.500000000000002 1536029.3548809525 1.0000000180025095e-35 282853.39583333337
decision_type=2 10 2 2 8 8 10
left_child=1 -1 5 4 -4 6 -2
right_child=2 -3 3 -5 -6 -7 -8
leaf_value=0.0011157202133624828 -0.0013525640802420792 0.00011515231199488462 -0.0002458375767349475 -0.00050562138922069185 0.00047405914038222509 -0.00016639194674290624 -0.00053144696874510484
leaf_weight=37 30 38 117 48 186 46 39
leaf_count=37 30 38 117 48 186 46 39
internal_value=-1.43927e-05 0.00045503 -0.000123207 1.13198e-05 0.000153539 -0.000575905 -0.000927821
internal_weight=541 75 466 351 303 115 69
internal_count=541 75 466 351 303 115 69
is_linear=0
shrinkage=0.0167612


Tree=199
num_leaves=10
num_cat=1
split_feature=0 133 49 13 13 164 95 215 106
split_gain=0.201832 0.178702 0.126851 0.426762 0.0887172 0.0174589 0.0166985 0.0136742 0.0129111
threshold=0 0.11596638655462181 1.0000000180025095e-35 452451.62037037039 184084.60119047618 56832105.025717936 24.500000000000004 2.6102430555555558 1.0000000180025095e-35
decision_type=9 8 10 2 2 10 10 10 8
left_child=1 7 3 8 -3 -5 -6 -1 -2
right_child=2 4 -4 5 6 -7 -8 -9 -10
leaf_value=-9.384338562195741e-05 1.0868269479605383e-05 0.0012532529998387466 0.00030856197067040154 -0.0013685949542966099 0.00018586206832469547 -0.00065788798243158716 0.00064275687727214075 -0.00048107702944263074 0.00025980916677804938
leaf_weight=26 81 26 25 85 114 45 45 36 58
leaf_count=26 81 26 25 85 114 45 45 36 58
internal_value=-1.47596e-05 0.000292261 -0.000303439 -0.000456776 0.000583586 -0.00108083 0.000396464 -0.000224387 5.79685e-05
internal_weight=541 247 294 269 185 130 159 62 139
internal_count=541 247 294 269 185 130 159 62 139
cat_boundaries=0 1
cat_threshold=1055596
is_linear=0
shrinkage=0.0167612


Tree=200
num_leaves=9
num_cat=0
split_feature=6 126 42 142 25 105 65 218
split_gain=0.204901 0.164257 0.0975857 0.348709 0.197695 0.0636101 0.033918 0.0329876
threshold=1.0000000180025095e-35 1.5000000000000002 641000.00000000012 -8.5191404499999983 2.8500000000000001 29.500000000000004 24.500000000000004 2.6407624633431088
decision_type=2 10 10 10 10 8 8 10
left_child=1 7 3 6 -5 -4 -2 -1
right_child=2 -3 5 4 -6 -7 -8 -9
leaf_value=-0.00035940594810666791 -0.00041497783400159177 -0.0013269281499366863 2.9541622882011192e-05 0.00025586292511641212 0.0013913036658574315 -0.00053473031439617682 -6.6570439728722159e-06 7.6049500832555053e-06
leaf_weight=80 34 27 37 48 86 57 151 29
leaf_count=80 34 27 37 48 86 57 151 29
internal_value=0 -0.000505468 0.000171609 0.00032405 0.000912955 -0.000179017 -6.04389e-05 -0.00021686
internal_weight=549 136 413 319 134 94 185 109
internal_count=549 136 413 319 134 94 185 109
is_linear=0
shrinkage=0.0167612


Tree=201
num_leaves=11
num_cat=0
split_feature=11 47 10 159 40 80 101 144 63 20
split_gain=0.14816 0.161112 0.121018 0.341858 0.200739 0.178092 0.0912628 0.04086 0.0406801 0.0380066
threshold=-1.0000000180025095e-35 0.51666666666666672 1.0000000180025095e-35 1.0000000180025095e-35 1.0000000180025095e-35 368415.46029411763 193389.68575508901 0.084039548022598873 1311651.1400000004 1.0000000180025095e-35
decision_type=2 10 2 10 10 10 8 8 8 8
left_child=2 6 3 -1 7 -5 8 -4 -2 -8
right_child=1 -3 4 5 -6 -7 9 -9 -10 -11
leaf_value=5.8803901869882275e-05 0.00061806967808684932 -0.0010077611591338129 7.0035162108601204e-05 0.0019455731760861018 -0.00084920996408184958 0.00055399016081997016 -0.0007302023767399281 0.00046898416720699156 5.5398871274005214e-05 -0.00013501047746140651
leaf_weight=80 28 39 40 43 32 25 35 66 60 101
leaf_count=80 28 39 40 43 32 25 35 66 60 101
internal_value=0 -0.000276167 0.000240557 0.0005577 -1.22516e-05 0.00129499 -8.74111e-05 0.000219919 0.000233239 -0.000342372
internal_weight=549 263 286 148 138 68 224 106 88 136
internal_count=549 263 286 148 138 68 224 106 88 136
is_linear=0
shrinkage=0.0167612


Tree=202
num_leaves=8
num_cat=0
split_feature=6 33 142 186 101 79 40
split_gain=0.194794 0.108715 0.265138 0.206439 0.100396 0.12098 0.0235171
threshold=1.0000000180025095e-35 1009339.2814828764 -8.5191404499999983 1134512.5269868083 184088.96868156278 1.0000000180025095e-35 1.0000000180025095e-35
decision_type=2 10 10 8 8 8 10
left_child=4 2 6 -4 -1 -6 -2
right_child=1 -3 3 -5 5 -7 -8
leaf_value=-0.0001346649638741827 -8.0647909902516874e-06 -0.00030649847779970859 0.00017987014485539366 0.0011478030540619097 -0.0014059987407776385 -0.00029862516718389851 -0.00031393254939789594
leaf_weight=50 129 58 58 112 40 46 56
leaf_count=50 129 58 58 112 40 46 56
internal_value=0 0.000164954 0.000293399 0.000738038 -0.000494914 -0.000843589 -6.3727e-05
internal_weight=549 413 355 170 136 86 185
internal_count=549 413 355 170 136 86 185
is_linear=0
shrinkage=0.0167612


Tree=203
num_leaves=9
num_cat=0
split_feature=121 7 205 63 52 109 46 199
split_gain=0.111208 0.161343 0.109216 0.0934171 0.154896 0.0320702 0.0214058 2.13106e-05
threshold=-0.59414234282908762 1.0000000180025095e-35 1.0000000180025095e-35 420993.42688363232 1.0000000180025095e-35 1.0000000180025095e-35 93.500000000000014 1.0000000180025095e-35
decision_type=8 2 8 10 8 10 10 8
left_child=5 3 -3 4 -2 -1 -5 -4
right_child=1 2 7 6 -6 -7 -8 -9
leaf_value=0.00016077959787984532 -0.00089740218579928107 0.00087845874338989037 2.2763468711162888e-05 3.4704073723915731e-05 -0.00012609015249740241 0.00071282851832062436 0.00039459835821186281 2.9500221960605524e-05
leaf_weight=33 107 39 30 29 177 56 27 51
leaf_count=33 107 39 30 29 177 56 27 51
internal_value=0 -0.000112125 0.000316295 -0.000308039 -0.000446931 0.000444652 8.85504e-05 5.93009e-05
internal_weight=549 460 120 340 284 89 56 81
internal_count=549 460 120 340 284 89 56 81
is_linear=0
shrinkage=0.0167612


Tree=204
num_leaves=10
num_cat=0
split_feature=10 109 213 190 42 113 7 193 62
split_gain=0.199601 0.343489 0.302042 0.193104 0.0835442 0.183505 0.0565487 0.022341 0.00965281
threshold=-0.24999999999999994 1.0000000180025095e-35 405402.7232025222 1.6469742837221735 628070.51243386255 146585.69039065778 1.0000000180025095e-35 330853.8271619046 652533.33333333337
decision_type=2 10 10 8 8 10 2 10 10
left_child=1 6 -3 4 -2 -6 7 -1 -4
right_child=3 2 8 -5 5 -7 -8 -9 -10
leaf_value=-0.0007369839393219854 -0.00018521592145116274 0.0017639759067514889 0.00034500781773218013 0.00012417265336006698 -0.0011086159792002847 -0.00024918637106840309 1.6824436657441335e-05 -0.00020757304861804523 9.2874953600620023e-05
leaf_weight=42 41 50 25 127 115 39 45 25 40
leaf_count=42 41 50 25 127 115 39 45 25 40
internal_value=0 0.000343287 0.000939705 -0.000263316 -0.000591509 -0.000784909 -0.000150737 -0.000485217 0.000291638
internal_weight=549 227 115 322 195 154 112 67 65
internal_count=549 227 115 322 195 154 112 67 65
is_linear=0
shrinkage=0.0167612


Tree=205
num_leaves=10
num_cat=1
split_feature=10 0 197 197 144 186 137 188 195
split_gain=0.198235 0.285224 0.273066 0.179373 0.155277 0.056074 0.0364159 0.0242322 0.0121856
threshold=0.25000000000000011 0 15.000000000000002 24.000000000000004 0.20344827586206898 615580.28972125438 1.0000000180025095e-35 19.500000000000004 4.5000000000000009
decision_type=2 9 8 8 8 10 10 10 8
left_child=1 4 6 5 -1 -3 -2 -5 -4
right_child=2 3 8 7 -6 -7 -8 -9 -10
leaf_value=-9.2315360235985945e-08 -0.0012773943220581562 0.0013408054521576727 -6.0604414708894989e-05 2.7035722607641558e-05 -0.00087988160353323045 0.00046652081561928256 -0.00042444749197089273 0.00038374133670854668 0.00016217646258441946
leaf_weight=55 69 82 35 82 56 24 25 27 94
leaf_count=55 69 82 35 82 56 24 25 27 94
internal_value=0 0.000242263 -0.000363278 0.000585102 -0.0002911 0.00106557 -0.000973595 0.000145648 -2.83885e-06
internal_weight=549 326 223 215 111 106 94 109 129
internal_count=549 326 223 215 111 106 94 109 129
cat_boundaries=0 1
cat_threshold=16974994
is_linear=0
shrinkage=0.0167612


Tree=206
num_leaves=9
num_cat=0
split_feature=13 108 169 6 133 52 77 156
split_gain=0.148892 0.256528 0.117533 0.0445181 0.0459678 0.0327713 0.0132132 0.00209832
threshold=646533.28993110557 1.0000000180025095e-35 1.0000000180025095e-35 1.0000000180025095e-35 0.11596638655462181 1.0000000180025095e-35 1.0000000180025095e-35 1.0000000180025095e-35
decision_type=2 10 8 2 8 10 8 10
left_child=1 5 -2 -4 -5 6 -1 -3
right_child=2 7 3 4 -6 -7 -8 -9
leaf_value=-0.00025214030701931745 -0.00097433411441980998 0.0012994067247399839 -0.00046876982533033566 -0.00029832925028225457 0.0001953573095988332 0.00033035090846711418 -1.0961467248738292e-05 0.00058452743814238039
leaf_weight=76 34 41 42 49 101 25 148 33
leaf_count=76 34 41 42 49 101 25 148 33
internal_value=0 0.00021133 -0.000312578 -0.000133212 -1.47596e-05 1.12056e-05 -9.77592e-05 0.000926329
internal_weight=549 323 226 192 150 249 224 74
internal_count=549 323 226 192 150 249 224 74
is_linear=0
shrinkage=0.0167612


Tree=207
num_leaves=10
num_cat=1
split_feature=0 6 182 13 74 201 195 44 33
split_gain=0.250602 0.132457 0.206514 0.214852 0.167465 0.180976 0.122428 0.0686898 0.00652584
threshold=0 1.5000000000000002 1.0000000180025095e-35 457860.51196581201 6.5000000000000009 709019.57619047631 1.0000000180025095e-35 0.8108713825788747 756917.18991935498
decision_type=9 2 10 2 8 10 8 10 10
left_child=6 2 7 -4 5 -3 8 -2 -1
right_child=1 4 3 -5 -6 -7 -8 -9 -10
leaf_value=-5.6144776327966643e-05 0.00057960429741532008 0.0014971589408506521 -3.0767980100798289e-05 -0.0010145384045279154 0.00011144873227332059 0.00040621996573328163 -0.0011433310051476911 6.2062451931129702e-05 -0.00022499049669106742
leaf_weight=31 116 57 65 72 71 27 57 29 24
leaf_count=31 116 57 65 72 71 27 57 29 24
internal_value=0 0.000170128 5.06515e-06 -0.000444059 0.00053481 0.000993037 -0.000588506 0.000359894 -0.000149266
internal_weight=549 437 282 137 155 84 112 145 55
internal_count=549 437 282 137 155 84 112 145 55
cat_boundaries=0 1
cat_threshold=17302658
is_linear=0
shrinkage=0.0167612


Tree=208
num_leaves=11
num_cat=0
split_feature=6 182 42 220 39 60 33 14 7 102
split_gain=0.100543 0.132465 0.129471 0.128411 0.174076 0.155175 0.0477943 0.0477119 0.0378663 0.00174322
threshold=1.0000000180025095e-35 1.0000000180025095e-35 1170937.2013888892 630.00000000000011 54.534722222222229 11.500000000000002 869177.08077639167 18.000000000000004 1.0000000180025095e-35 28972.841739946856
decision_type=2 10 8 10 8 10 10 2 2 10
left_child=1 9 -3 7 6 -6 -5 8 -2 -1
right_child=3 2 -4 4 5 -7 -8 -9 -10 -11
leaf_value=-1.9200640118075769e-05 -0.00055430360876015179 -0.00036704070032115904 -0.0014698512379583415 7.9772653706960953e-05 0.0011602121639678459 0.0001808847833664717 -0.00043879150167868759 6.7285798571028617e-05 -0.0001262561167541093 7.0292902850947837e-05
leaf_weight=48 80 25 30 56 87 58 33 56 34 26
leaf_count=48 80 25 30 56 87 58 33 56 34 26
internal_value=2.62596e-06 -0.000339759 -0.000857985 0.00014298 0.000396429 0.000742201 -3.85291e-06 -0.000136122 -0.000355929 -6.85106e-05
internal_weight=533 129 55 404 234 145 89 170 114 74
internal_count=533 129 55 404 234 145 89 170 114 74
is_linear=0
shrinkage=0.0167612


Tree=209
num_leaves=11
num_cat=0
split_feature=74 96 33 10 62 84 3 119 62 87
split_gain=0.151649 0.177923 0.228643 0.092365 0.277212 0.0272757 0.0252439 0.0150876 0.00697461 0.00256992
threshold=3.5000000000000004 1380.0000000000002 1390256.5000000002 -1.0000000180025095e-35 652533.33333333337 939536.7430654763 8.5000000000000018 12.500000000000002 913456.17981397116 31.500000000000004
decision_type=8 10 8 2 10 8 2 10 10 10
left_child=3 6 -3 4 -1 -5 9 -7 -6 -2
right_child=1 2 -4 5 8 7 -8 -9 -10 -11
leaf_value=0.0013405476561451936 0.00017441039191546038 -0.00022705549169168722 -0.0016627735036568647 0.0002689717518753716 -0.00012474378733919964 -0.00034878381803751606 -0.00018536376653405907 -4.5740343550634243e-05 0.00010002946517726131 5.6364309755151627e-05
leaf_weight=54 119 47 29 39 32 36 83 40 30 24
leaf_count=54 119 47 29 39 32 36 83 40 30 24
internal_value=2.49444e-06 -0.00021493 -0.000798018 0.000316815 0.00062897 4.42922e-05 -1.64173e-05 -0.00014363 0.00014569 0.00012874
internal_weight=533 302 76 231 116 115 226 76 62 143
internal_count=533 302 76 231 116 115 226 76 62 143
is_linear=0
shrinkage=0.0167612


Tree=210
num_leaves=7
num_cat=0
split_feature=44 23 165 15 18 216
split_gain=0.10081 0.138986 0.213199 0.0960232 0.036682 0.0246635
threshold=0.8748033987838143 900.00000000000011 35.500000000000007 1.0000000180025095e-35 1.0000000180025095e-35 -1.0000000180025095e-35
decision_type=8 10 10 2 10 8
left_child=4 2 3 -2 5 -1
right_child=1 -3 -4 -5 -6 -7
leaf_value=2.3622268091327233e-05 -3.5995937918387335e-05 -0.00078363667104830209 -0.00079741093470155099 0.00044597260781548305 0.00081068320003023953 0.00036602838025899488
leaf_weight=33 201 37 45 146 35 36
leaf_count=33 201 37 45 146 35 36
internal_value=2.01226e-06 -9.17724e-05 -4.17657e-06 0.000140683 0.000415588 0.000161917
internal_weight=533 429 392 347 104 69
internal_count=533 429 392 347 104 69
is_linear=0
shrinkage=0.0167612


Tree=211
num_leaves=11
num_cat=0
split_feature=74 96 13 113 152 13 10 80 6 156
split_gain=0.147219 0.170802 0.188515 0.166058 0.144566 0.0738338 0.0500557 0.0356095 0.146067 0.0701309
threshold=3.5000000000000004 1380.0000000000002 407216.3798844539 20955.11650688088 101.50000000000001 322929.25907944521 -0.5 1246548.6908730161 1.5000000000000002 1.0000000180025095e-35
decision_type=8 10 2 10 8 2 2 8 2 10
left_child=4 2 5 -3 6 -2 -1 9 -9 -6
right_child=1 3 -4 -5 7 -7 -8 8 -10 -11
leaf_value=-8.2021712135208204e-05 0.00077981907712577686 -0.0015348378245929664 -0.00042101256591736669 -0.00024923139551083002 0.0006322755574190074 0.00011058938582658797 -0.00062914177976980358 0.00031218049278723914 0.0014313615594068671 -3.4002458173183892e-05
leaf_weight=24 63 30 111 46 27 52 27 69 37 47
leaf_count=24 63 30 111 46 27 52 27 69 37 47
internal_value=9.01292e-07 -0.000213159 -1.6282e-05 -0.000784451 0.000310901 0.000418266 -0.000187343 0.000558903 0.000779282 0.000217941
internal_weight=533 302 226 76 231 115 51 180 106 74
internal_count=533 302 226 76 231 115 51 180 106 74
is_linear=0
shrinkage=0.0167612


Tree=212
num_leaves=9
num_cat=0
split_feature=25 41 38 113 77 12 63 110
split_gain=0.159297 0.0964618 0.0781162 0.0780245 0.067262 0.0572134 0.0697839 0.0634683
threshold=3.7750000000000004 1.0000000180025095e-35 221724.31202593699 71847.777582240888 1.0000000180025095e-35 1.0000000180025095e-35 708621.03722943726 1.0000000180025095e-35
decision_type=10 10 8 10 10 2 10 8
left_child=1 5 -2 4 -3 6 -1 -7
right_child=2 3 -4 -5 -6 7 -8 -9
leaf_value=-0.00025111396369635527 0.0011120094713724686 -0.001279301453032976 0.00027269678707189508 -0.00015438701705856335 -0.00030563388461570651 0.00073565095751426657 0.00030232942095197374 5.2651231210263088e-05
leaf_weight=204 38 33 25 39 34 36 39 85
leaf_count=204 38 33 25 39 34 36 39 85
internal_value=2.20284e-07 -8.83887e-05 0.000637449 -0.000476533 -0.000811725 1.08737e-05 -9.86924e-05 0.000292096
internal_weight=533 470 63 106 67 364 243 121
internal_count=533 470 63 106 67 364 243 121
is_linear=0
shrinkage=0.0167612


Tree=213
num_leaves=8
num_cat=0
split_feature=11 203 152 110 63 210 42
split_gain=0.145469 0.103916 0.091531 0.0781157 0.0481778 0.0500041 0.00884223
threshold=-0.5 1.0000000180025095e-35 281.50000000000006 1.0000000180025095e-35 812969.94222222234 1.0000000180025095e-35 776363.63636363647
decision_type=2 10 8 10 8 8 8
left_child=2 4 6 -4 -2 -6 -1
right_child=1 -3 3 -5 5 -7 -8
leaf_value=1.7481643914718174e-05 0.00033183965623970581 -0.00083008998855655118 0.00082818495927129124 0.00025059046393397102 -1.4621754026032697e-05 -0.00037373180122761581 -0.00019946016129569088
leaf_weight=24 27 28 106 27 169 127 25
leaf_count=24 27 28 106 27 169 127 25
internal_value=7.87374e-07 -0.000173218 0.000364952 0.000612588 -6.73255e-05 -0.000146832 3.99293e-05
internal_weight=533 351 182 133 323 296 49
internal_count=533 351 182 133 323 296 49
is_linear=0
shrinkage=0.0167612


Tree=214
num_leaves=8
num_cat=0
split_feature=55 11 217 37 7 215 63
split_gain=0.121136 0.170308 0.111136 0.091859 0.0868112 0.0594918 0.00422206
threshold=3.5000000000000004 -0.24999999999999994 839459.33125000016 1.0000000180025095e-35 1.0000000180025095e-35 3.1766233766233771 241991.25186784277
decision_type=10 2 8 10 2 8 10
left_child=1 2 6 5 -4 -3 -1
right_child=-2 3 4 -5 -6 -7 -8
leaf_value=-0.00011523418069210183 -0.00065163587509420773 2.8079759168065031e-05 0.00030965702426830445 0.00032544276752509741 0.0011221349849081608 -0.00041700841865081997 3.1880097802123896e-05
leaf_weight=29 34 38 86 41 63 213 29
leaf_count=29 34 38 86 41 63 213 29
internal_value=0 8.32279e-05 0.000434525 -0.000138769 0.000687418 -0.000289381 8.13448e-05
internal_weight=533 499 207 292 149 251 58
internal_count=533 499 207 292 149 251 58
is_linear=0
shrinkage=0.0167612


Tree=215
num_leaves=8
num_cat=0
split_feature=203 15 84 131 213 27 22
split_gain=0.0730786 0.0706324 0.0993134 0.0578969 0.046397 0.0286004 0.0318091
threshold=1.0000000180025095e-35 1.0000000180025095e-35 641809.68461538467 1.0000000180025095e-35 700163.60930735932 1.0000000180025095e-35 1.0000000180025095e-35
decision_type=10 2 8 8 8 8 8
left_child=1 2 3 -1 -4 -3 -7
right_child=-2 5 4 -5 -6 6 -8
leaf_value=0.00010791517666662214 -0.00046839173903065267 0.0001227199561080948 3.1355805926214091e-05 0.00071511424779846099 -0.00035753190853894245 0.00072184907600223521 0.00015998867742207946
leaf_weight=40 43 32 39 42 199 62 76
leaf_count=40 43 32 39 42 199 62 76
internal_value=2.92516e-08 7.40597e-05 -4.01662e-05 0.000338866 -0.000231288 0.000332828 0.000455383
internal_weight=533 490 320 82 238 170 138
internal_count=533 490 320 82 238 170 138
is_linear=0
shrinkage=0.0167612


Tree=216
num_leaves=10
num_cat=1
split_feature=6 1 105 172 15 97 7 38 213
split_gain=0.121224 0.142615 0.119384 0.113017 0.0786943 0.0330644 0.0463552 0.0316959 0.0023997
threshold=1.0000000180025095e-35 0 32.500000000000007 1.0000000180025095e-35 1.0000000180025095e-35 1.0000000180025095e-35 1.0000000180025095e-35 -8937.4102627973461 768683.80591630598
decision_type=2 1 10 8 2 8 2 10 8
left_child=3 2 7 4 -1 8 -7 -2 -3
right_child=1 5 -4 -5 -6 6 -8 -9 -10
leaf_value=-0.00040251794374312376 0.0003635719772492264 -1.8668446421970267e-05 -0.00014078495409953698 -0.00011681608176607282 -0.001406439696371647 -0.00058928488505817836 -0.00011187859807878714 0.00092763289084046385 8.6744813709493159e-05
leaf_weight=47 137 29 36 53 29 85 44 52 32
leaf_count=47 137 29 36 53 29 85 44 52 32
internal_value=-4.47677e-05 7.23851e-05 0.000347472 -0.000448066 -0.000837837 -0.000203097 -0.000375255 0.000560803 -4.76341e-05
internal_weight=544 415 225 129 76 190 129 189 61
internal_count=544 415 225 129 76 190 129 189 61
cat_boundaries=0 1
cat_threshold=14
is_linear=0
shrinkage=0.0167612


Tree=217
num_leaves=8
num_cat=0
split_feature=146 74 7 101 151 80 11
split_gain=0.101148 0.13945 0.0569514 0.0757182 0.0494851 0.0498865 0.0257055
threshold=340997.72727272735 9.5000000000000018 1.0000000180025095e-35 174836.74179329103 1.0000000180025095e-35 258492.09090909097 0.6830127018922193
decision_type=8 10 2 10 10 10 2
left_child=4 2 3 -2 -1 -6 -4
right_child=1 -3 6 -5 5 -7 -8
leaf_value=9.3731511799484277e-05 -0.00034637660098493041 -0.00080293366466084495 0.00041907819087793198 0.0001690364306839368 0.00084413794473330581 0.00018417040385587736 7.6469325599981211e-05
leaf_weight=41 207 53 66 56 50 36 35
leaf_count=41 207 53 66 56 50 36 35
internal_value=-4.3976e-05 -0.000178882 -4.56668e-05 -0.00018066 0.000299343 0.000538902 0.000219666
internal_weight=544 417 364 263 127 86 101
internal_count=544 417 364 263 127 86 101
is_linear=0
shrinkage=0.0167612


Tree=218
num_leaves=9
num_cat=0
split_feature=3 60 23 39 130 177 19 164
split_gain=0.114627 0.105271 0.0789783 0.0602063 0.0604338 0.0471524 0.0427174 0.0115474
threshold=2.5000000000000004 24.883116883116887 900.00000000000011 88.952380952380963 4.5000000000000009 5.5000000000000009 9.0000000000000018 56894836.535400413
decision_type=2 8 8 8 10 10 8 10
left_child=1 -1 3 7 -5 -4 -3 -2
right_child=2 6 5 4 -6 -7 -8 -9
leaf_value=-0.00020115636472780037 -0.00020921108650474209 -0.0013677255239597445 -2.8472666933067713e-05 0.00067216300301677643 0.00010748269047320534 -0.00060696909274809171 -0.00043655005466181887 4.6046564367627602e-05
leaf_weight=29 26 30 147 99 57 30 29 97
leaf_count=29 26 30 147 99 57 30 29 97
internal_value=-4.33052e-05 -0.000513268 4.38802e-05 0.000226678 0.000435269 -0.000181116 -0.000919167 2.99013e-05
internal_weight=544 88 456 279 156 177 59 123
internal_count=544 88 456 279 156 177 59 123
is_linear=0
shrinkage=0.0167612


Tree=219
num_leaves=9
num_cat=0
split_feature=163 25 25 51 144 110 6 104
split_gain=0.121515 0.0723114 0.167477 0.146103 0.0405527 0.0907706 0.0354401 2.33316e-05
threshold=1.0150472169761409 2.1250000000000004 3.3750000000000004 1.0000000180025095e-35 0.090097402597402565 1.0000000180025095e-35 1.5000000000000002 6.5000000000000009
decision_type=10 8 8 10 8 10 2 10
left_child=1 -1 6 -4 5 -2 -3 -6
right_child=4 2 3 -5 7 -7 -8 -9
leaf_value=0.00017909740924282707 0.00084616562149099914 -0.0012126934892201467 -0.00024203061915423481 0.00060584819494811286 3.3675394856828453e-05 0.00016903127811001328 -0.00038636365403261466 -3.8784610113813278e-06
leaf_weight=48 63 53 229 32 25 37 30 27
leaf_count=48 63 53 229 32 25 37 30 27
internal_value=-4.29902e-05 -0.000205925 -0.000309269 -8.28062e-05 0.000297726 0.000503647 -0.000864962 7.87187e-05
internal_weight=544 392 344 261 152 100 83 52
internal_count=544 392 344 261 152 100 83 52
is_linear=0
shrinkage=0.0167612


Tree=220
num_leaves=9
num_cat=0
split_feature=74 127 33 186 188 146 10 101
split_gain=0.131149 0.0764963 0.164162 0.0536799 0.176989 0.0550899 0.0360449 0.0255473
threshold=2.5000000000000004 31.500000000000004 1296603.0521604943 898411.66666666686 4.5000000000000009 315541.02272727276 1.0000000180025095e-35 222096.79193546553
decision_type=8 8 8 8 10 10 2 8
left_child=3 2 -2 6 -5 -6 -1 -3
right_child=1 7 -4 4 5 -7 -8 -9
leaf_value=0.00013431116505514698 -0.00019568393837122495 0.00012651127518953912 -0.0012380584862135635 -0.00011778047796679531 0.0011023701261990066 0.00029860383659064218 -0.00034417714691294734 -0.00018207026263124138
leaf_weight=43 43 45 43 47 65 44 35 179
leaf_count=43 43 45 43 47 65 44 35 179
internal_value=-4.16652e-05 -0.000268024 -0.00064588 0.000218117 0.00040587 0.000771326 1.96842e-05 -8.63608e-05
internal_weight=544 310 86 234 156 109 78 224
internal_count=544 310 86 234 156 109 78 224
is_linear=0
shrinkage=0.0167612


Tree=221
num_leaves=10
num_cat=0
split_feature=74 13 174 132 6 105 33 104 11
split_gain=0.147129 0.350215 0.101693 0.116691 0.0693371 0.068734 0.0649952 0.018811 0.0231577
threshold=1.5000000000000002 620458.50000000012 1.0000000180025095e-35 0.23182297154899892 1.0000000180025095e-35 24.500000000000004 1009339.2814828764 8.5000000000000018 -0.24999999999999994
decision_type=8 2 8 8 2 8 8 10 2
left_child=1 -1 3 6 -3 -6 -2 8 -4
right_child=2 4 7 -5 5 -7 -8 -9 -10
leaf_value=0.0011138495569228265 6.7928828117758656e-05 -0.00054969277459362607 -2.2797039948925196e-05 -0.0012562194275953747 0.00045614721050067435 -0.00016645880454332335 -0.00057907709244133334 0.00017281292127065744 -0.00026640708118262635
leaf_weight=63 34 38 81 37 43 69 33 28 118
leaf_count=63 34 38 81 37 43 69 33 28 118
internal_value=-4.11857e-05 0.000257364 -0.000264037 -0.000652201 -7.24419e-05 2.04308e-05 -0.000242041 -5.14953e-05 -0.000121593
internal_weight=544 213 331 104 150 112 67 227 199
internal_count=544 213 331 104 150 112 67 227 199
is_linear=0
shrinkage=0.0167612


Tree=222
num_leaves=11
num_cat=0
split_feature=193 169 60 33 74 28 158 218 9 102
split_gain=0.107656 0.121682 0.0669306 0.0610497 0.0538501 0.108275 0.0298223 0.0291651 0.0188017 0.00186817
threshold=778598.32437445852 1.0000000180025095e-35 27.652046783625735 683200.60470085486 2.5000000000000004 18.500000000000004 1.0000000180025095e-35 2.3269016697588127 1.0000000180025095e-35 136865.45316140729
decision_type=8 8 8 8 8 10 8 10 2 8
left_child=2 -2 3 7 5 -3 9 -1 -6 -4
right_child=1 4 6 -5 8 -7 -8 -9 -10 -11
leaf_value=0.00028933951865912466 -0.00076019380847712134 0.00069500523012583978 -0.00037558875599386148 0.00022148873866845913 -0.00030774909911929736 -7.7305509668250142e-05 0.00022699060404162514 0.00099749318831534694 -7.2840268674341998e-05 -9.8446909627012723e-05
leaf_weight=29 63 45 32 24 158 51 28 52 37 25
leaf_count=29 63 45 32 24 158 51 28 52 37 25
internal_value=-4.01286e-05 -0.000217661 0.000234951 0.000505896 -5.69715e-05 0.000191083 4.23506e-05 0.000738275 -0.000217036 -0.000230127
internal_weight=544 354 190 105 291 96 85 81 195 57
internal_count=544 354 190 105 291 96 85 81 195 57
is_linear=0
shrinkage=0.0167612


Tree=223
num_leaves=7
num_cat=0
split_feature=33 6 51 33 110 148
split_gain=0.137137 0.159913 0.128412 0.0320966 0.0982097 0.00608718
threshold=430806.93941804959 1.0000000180025095e-35 1.0000000180025095e-35 1207924.8610389612 1.0000000180025095e-35 1.0000000180025095e-35
decision_type=8 2 8 10 8 8
left_child=5 2 -2 4 -3 -1
right_child=1 3 -4 -5 -6 -7
leaf_value=0.00083525155013777178 -0.0012308665086435474 0.00037661682760427637 -0.00021212712950058102 -0.00030579000006438899 -0.00013148543464633876 0.0002226294222266725
leaf_weight=34 43 148 70 40 183 26
leaf_count=34 43 148 70 40 183 26
internal_value=-3.96841e-05 -0.000146655 -0.000628436 -7.03393e-06 7.07132e-05 0.000532324
internal_weight=544 484 113 371 331 60
internal_count=544 484 113 371 331 60
is_linear=0
shrinkage=0.0167612


Tree=224
num_leaves=11
num_cat=0
split_feature=13 182 149 142 13 74 19 44 144 93
split_gain=0.295377 0.33257 0.220294 0.190874 0.10866 0.223148 0.0415323 0.0161848 0.0158966 0.0365211
threshold=662660.83353494632 1.0000000180025095e-35 168.50000000000003 -8.3580425999999992 538965.77081644267 2.5000000000000004 1.5000000000000002 1.0788230727162615 0.084039548022598873 1.0000000180025095e-35
decision_type=2 10 8 10 2 10 10 8 8 8
left_child=3 8 -3 6 5 -5 -1 -8 -2 -10
right_child=1 2 -4 4 -6 -7 7 -9 9 -11
leaf_value=0.00020370592024229601 -0.000242012823610752 -0.00064889829648218707 -0.002248798312377843 0.0021479462720454157 0.00029100363016557718 0.00052127292923869839 -0.00038674998218949611 -7.1280416462024855e-05 0.00035962836537687911 -6.7513686856126936e-05
leaf_weight=143 39 37 25 28 37 29 45 32 46 64
leaf_count=143 39 37 25 28 37 29 45 32 46 64
internal_value=0 -0.000440407 -0.00128218 0.000314724 0.000867077 0.00132765 4.18836e-05 -0.000193319 -4.90872e-05 4.82238e-05
internal_weight=525 211 62 314 94 57 220 77 149 110
internal_count=525 211 62 314 94 57 220 77 149 110
is_linear=0
shrinkage=0.0167612


Tree=225
num_leaves=10
num_cat=0
split_feature=74 101 133 87 101 216 143 163 73
split_gain=0.240842 0.228769 0.0665237 0.0627552 0.0527214 0.050758 0.0211793 0.0738311 0.00996759
threshold=13.500000000000002 233941.17571481396 0.20377358490566039 10.500000000000002 205718.68520553355 0.05459550701488531 1.0000000180025095e-35 1.0006887730240899 1.0000000180025095e-35
decision_type=10 8 8 10 8 8 10 10 10
left_child=2 5 6 4 -4 -2 -1 -8 -5
right_child=1 -3 3 8 -6 -7 7 -9 -10
leaf_value=-3.6594433123049622e-05 -0.00046006722482917696 -0.0015264444611970702 0.0004927274430812068 0.0007922539741991566 9.235817630020762e-06 0.00019569450994399935 -0.0008203242335050162 -0.00014569521537587552 0.00023262132093669811
leaf_weight=44 26 32 42 68 206 27 24 26 30
leaf_count=44 26 32 42 68 206 27 24 26 30
internal_value=0 -0.000673629 0.000159363 0.000278717 0.000111029 -0.000175623 -0.000122742 -0.000348368 0.000605999
internal_weight=525 85 440 346 248 53 94 50 98
internal_count=525 85 440 346 248 53 94 50 98
is_linear=0
shrinkage=0.0167612


Tree=226
num_leaves=11
num_cat=0
split_feature=108 95 101 185 3 105 33 113 186 45
split_gain=0.123928 0.161987 0.298781 0.0815929 0.0455932 0.0937392 0.0167443 0.0124814 0.0121593 0.00697945
threshold=1.0000000180025095e-35 15.500000000000002 229600.34245298375 10.699248120300753 8.5000000000000018 25.500000000000004 649062.32638888899 44783.234908485232 1347058.5871794873 959281.21281464526
decision_type=8 10 8 8 2 10 8 10 8 8
left_child=1 6 7 -2 5 -5 -1 -3 -6 -8
right_child=3 2 -4 4 8 -7 9 -9 -10 -11
leaf_value=0.00030218523388593683 0.00079296299524313002 -0.00025854975387427763 -0.001621502326784469 0.00043252206076107945 -4.6089061798109346e-05 -0.00024561483185253457 -0.00015887265993186404 3.1812594866288078e-05 -0.00023893178181503345 5.5519113574177401e-05
leaf_weight=26 28 33 37 163 25 25 29 33 78 48
leaf_count=26 28 33 37 163 25 25 29 33 78 48
internal_value=0 -0.000288915 -0.000722808 0.000201707 9.64399e-05 0.000249502 2.86568e-05 -0.000159518 -0.000107737 5.59733e-06
internal_weight=525 206 103 319 291 188 103 66 103 77
internal_count=525 206 103 319 291 188 103 66 103 77
is_linear=0
shrinkage=0.0167612


Tree=227
num_leaves=11
num_cat=0
split_feature=74 101 32 186 193 62 84 7 117 9
split_gain=0.224183 0.213688 0.0686069 0.0666555 0.0992484 0.024392 0.0942182 0.0200489 0.016055 0.00632961
threshold=2.5000000000000004 222096.79193546553 1.0000000180025095e-35 857959.55267857155 918778.89924214932 1235042.5349938713 869337.66961567744 1.0000000180025095e-35 1.0000000180025095e-35 1.0000000180025095e-35
decision_type=10 8 8 8 8 8 8 2 10 2
left_child=2 7 3 -1 -5 6 -4 -2 -3 -7
right_child=1 8 5 4 -6 9 -8 -9 -10 -11
leaf_value=0.00016294834029441233 -0.00017052395775439761 -0.001639254219836206 8.7109157148181602e-05 0.0012784120872718562 0.00027110369741281882 0.00020295229890696928 -0.00068751788895854708 0.00020306183753297249 -0.00072987156985859758 4.9943836346099241e-05
leaf_weight=39 65 30 42 38 51 143 30 24 27 36
leaf_count=39 65 30 42 38 51 143 30 24 27 36
internal_value=0 -0.000491805 0.000211491 0.000502959 0.000755011 3.51318e-05 -0.000146625 -8.53568e-05 -0.00115962 0.000146141
internal_weight=525 146 379 128 89 251 72 89 57 179
internal_count=525 146 379 128 89 251 72 89 57 179
is_linear=0
shrinkage=0.0167612


Tree=228
num_leaves=10
num_cat=1
split_feature=0 110 133 44 105 88 101 7 193
split_gain=0.256813 0.190959 0.0953679 0.0810333 0.0738074 0.0579208 0.0415013 0.034196 0.00251149
threshold=0 1.0000000180025095e-35 0.27207792207792209 0.87907250212371257 40.500000000000007 3.5000000000000004 233941.17571481396 1.0000000180025095e-35 426667.66052223794
decision_type=9 10 8 10 10 10 8 2 8
left_child=1 7 4 5 -2 -4 -3 8 -1
right_child=2 6 3 -5 -6 -7 -8 -9 -10
leaf_value=-0.00011400031004868159 0.00023141911235394208 -0.00063486437239275385 0.0003352883050309612 0.00017317673262551517 -0.00044440946860709399 0.0010044149129255163 -0.0016387487305285667 0.00011505942623219331 -0.00032543762616414298
leaf_weight=24 50 29 96 36 44 80 28 50 88
leaf_count=24 50 29 96 36 44 80 28 50 88
internal_value=0 -0.000389677 0.000297753 0.000511308 1.57067e-05 0.000671772 -0.00108638 -0.000113045 -0.000260385
internal_weight=525 219 306 212 94 176 57 162 112
internal_count=525 219 306 212 94 176 57 162 112
cat_boundaries=0 1
cat_threshold=17425443
is_linear=0
shrinkage=0.0167612


Tree=229
num_leaves=9
num_cat=0
split_feature=13 110 74 23 33 45 122 17
split_gain=0.231845 0.248341 0.159333 0.184251 0.0373281 0.120681 0.0228439 0.00374951
threshold=527136.30157418072 1.0000000180025095e-35 15.500000000000002 900.00000000000011 941923.35459183692 743910.08934523817 52.000000000000007 1.0000000180025095e-35
decision_type=2 10 8 10 10 10 10 8
left_child=2 4 3 -1 5 -2 7 -4
right_child=1 -3 6 -5 -6 -7 -8 -9
leaf_value=0.0015443933688926671 -0.0001807297133455004 -0.0011572897792424442 5.9171465438260836e-05 0.0002858167630719388 -0.00035677413932433394 0.00058054169508506021 -0.00018176374632076497 0.00020589664588934459
leaf_weight=41 121 47 30 39 57 49 31 110
leaf_count=41 121 47 30 39 57 49 31 110
internal_value=0 -0.000311567 0.000347906 0.000882206 -7.34713e-05 1.7355e-05 5.80142e-05 0.000154147
internal_weight=525 274 251 80 227 170 171 140
internal_count=525 274 251 80 227 170 171 140
is_linear=0
shrinkage=0.0167612


Tree=230
num_leaves=9
num_cat=0
split_feature=108 202 101 33 62 13 186 32
split_gain=0.113332 0.177406 0.255123 0.0496077 0.0390835 0.0342169 0.0108149 0.000459003
threshold=1.0000000180025095e-35 12.500000000000002 176549.28560521829 658660.83353494632 220303.96578979134 1029411.6643269431 898411.66666666686 1.0000000180025095e-35
decision_type=8 10 8 8 10 2 8 10
left_child=1 4 7 -2 -1 6 -5 -3
right_child=3 2 -4 5 -6 -7 -8 -9
leaf_value=0.00044801689861652904 0.00064077558981166945 -9.6448148193172572e-05 -0.0014555732055447532 6.4943225979119794e-05 2.3115445653053084e-05 -0.0001901939802210585 0.00022907357900408144 -6.8807531201358325e-05
leaf_weight=38 34 41 47 33 56 35 217 24
leaf_count=38 34 41 47 33 56 35 217 24
internal_value=0 -0.000277802 -0.00070372 0.000191399 9.23731e-05 9.63584e-05 0.000179607 -0.000157161
internal_weight=525 206 112 319 94 285 250 65
internal_count=525 206 112 319 94 285 250 65
is_linear=0
shrinkage=0.0167612


Tree=231
num_leaves=8
num_cat=0
split_feature=13 3 96 169 27 144 7
split_gain=0.280434 0.234597 0.160344 0.156536 0.108131 0.0982297 0.0339432
threshold=315221.905994898 2.5000000000000004 1380.0000000000002 1.0000000180025095e-35 1.0000000180025095e-35 0.06904761904761901 1.0000000180025095e-35
decision_type=2 2 10 8 10 8 2
left_child=2 3 -1 -2 6 -6 -3
right_child=1 4 -4 -5 5 -7 -8
leaf_value=0.001209447995438811 -0.0017345753219593953 -0.00054510151884863244 0.00020403653628929137 -0.00042228253521134275 -6.5886714929240252e-05 0.00050300934010176685 -0.00010040129637666914
leaf_weight=60 24 87 43 47 94 125 45
leaf_count=60 24 87 43 47 94 125 45
internal_value=0 -0.000181378 0.000673449 -0.000896717 -9.16999e-06 0.000203311 -0.000342131
internal_weight=525 422 103 71 351 219 132
internal_count=525 422 103 71 351 219 132
is_linear=0
shrinkage=0.0167612


Tree=232
num_leaves=7
num_cat=1
split_feature=0 13 104 22 10 35
split_gain=0.23663 0.083978 0.0930253 0.0874422 0.0607845 0.0518261
threshold=0 207891.24561403514 70.500000000000014 1.0000000180025095e-35 -0.6830127018922193 1.0000000180025095e-35
decision_type=9 2 10 8 2 10
left_child=4 -2 3 -3 -1 -6
right_child=1 2 -4 -5 5 -7
leaf_value=-0.00024503038926733714 0.00072234312100553206 0.00013509725056131365 0.0006376755544465415 -0.00035588637633441543 -0.0004618405990643232 -0.0013657040955333901
leaf_weight=28 29 243 32 117 38 42
leaf_count=28 29 243 32 117 38 42
internal_value=-3.0013e-05 0.000130872 5.15315e-05 -7.73291e-06 -0.000612106 -0.000950016
internal_weight=529 421 392 360 108 80
internal_count=529 421 392 360 108 80
cat_boundaries=0 1
cat_threshold=17351681
is_linear=0
shrinkage=0.0167612


Tree=233
num_leaves=9
num_cat=0
split_feature=121 163 152 51 102 110 13 104
split_gain=0.236368 0.130633 0.182996 0.0705656 0.0650263 0.058482 0.0498095 0.00917658
threshold=-0.50308302271623473 1.0511776561847308 67.500000000000014 1.0000000180025095e-35 160584.72508567598 1.0000000180025095e-35 798600.00000000012 47.500000000000007
decision_type=8 8 10 10 8 10 2 8
left_child=6 2 -2 5 -5 -3 7 -1
right_child=1 3 -4 4 -6 -7 -8 -9
leaf_value=0.00052019020213066628 -0.0014877274108606807 -5.9509962987404285e-05 -0.00027907947891015524 0.00011140063388722888 0.00067685767146952798 -0.00060637956156584926 0.00025157836196051134 0.0012251204275379023
leaf_weight=41 32 252 33 24 43 48 25 31
leaf_count=41 32 252 33 24 43 48 25 31
internal_value=-2.84533e-05 -0.000206155 -0.000771822 -6.93036e-05 0.000296258 -0.000187056 0.000588083 0.000872027
internal_weight=529 432 65 367 67 300 97 72
internal_count=529 432 65 367 67 300 97 72
is_linear=0
shrinkage=0.0167612


Tree=234
num_leaves=8
num_cat=0
split_feature=13 110 213 167 105 123 7
split_gain=0.274682 0.29649 0.094863 0.150833 0.137438 0.090441 0.0911539
threshold=207891.24561403514 1.0000000180025095e-35 1030099.3410122809 5.5000000000000009 31.500000000000004 1.0000000180025095e-35 1.0000000180025095e-35
decision_type=2 8 10 8 8 10 2
left_child=-1 2 3 -2 -4 6 -3
right_child=1 5 4 -5 -6 -7 -8
leaf_value=0.00088379035288549954 0.00075607645347446919 -0.00095317802341912303 0.00016494369487139585 2.311051344173311e-05 -0.00081945749019645732 -0.00019241223395978 -0.00020181374857064456
leaf_weight=44 115 146 29 76 32 37 50
leaf_count=44 115 146 29 76 32 37 50
internal_value=-2.83409e-05 -0.000159268 0.000184327 0.000396476 -0.000183415 -0.000573313 -0.000741695
internal_weight=529 485 252 191 61 233 196
internal_count=529 485 252 191 61 233 196
is_linear=0
shrinkage=0.0167612


Tree=235
num_leaves=10
num_cat=0
split_feature=10 63 13 51 23 164 144 131 7
split_gain=0.141617 0.151935 0.324899 0.245222 0.135622 0.128535 0.129294 0.0690798 0.0290665
threshold=-0.24999999999999994 1159071.0555555557 420529.6768292684 1.0000000180025095e-35 900.00000000000011 60910372.536087133 0.13899613899613897 1.0000000180025095e-35 1.0000000180025095e-35
decision_type=2 8 2 8 10 8 8 10 2
left_child=5 -2 4 -4 -3 6 7 -1 -7
right_child=1 2 3 -5 -6 8 -8 -9 -10
leaf_value=-0.00022899428670444447 0.00032801598364536825 0.00058035528817443186 -0.0016030468052995715 -0.00038884157227342294 -0.00032244149237406559 -0.0004055055304272611 0.0010721695028613309 0.0004429402404884124 -3.8822132105594037e-05
leaf_weight=34 46 72 62 99 33 41 59 49 34
leaf_count=34 46 72 62 99 33 41 59 49 34
internal_value=-2.67497e-05 -0.000257002 -0.000435824 -0.000884614 0.000118342 0.000259152 0.000561811 0.000141369 -0.000109443
internal_weight=529 312 266 161 105 217 142 83 75
internal_count=529 312 266 161 105 217 142 83 75
is_linear=0
shrinkage=0.0167612


Tree=236
num_leaves=9
num_cat=0
split_feature=193 13 104 156 218 132 41 47
split_gain=0.128512 0.39768 0.124714 0.0712726 0.0611328 0.0780194 0.0594515 0.0728288
threshold=1174970.8480234302 670718.75000000012 63.000000000000007 1.0000000180025095e-35 2.2469512195121957 0.088121118012422325 1.0000000180025095e-35 1.0000000180025095e-35
decision_type=8 2 10 8 8 10 10 8
left_child=2 6 4 -3 -1 -6 7 -2
right_child=1 3 -4 -5 5 -7 -8 -9
leaf_value=-0.00034877937917740146 -0.00054871103786642529 -0.001847340379942925 0.00082390084908100182 -0.00078642225370472178 0.00042765273542032657 -0.00013552825245042227 0.00053698512569919673 9.7176783506295006e-05
leaf_weight=46 25 25 42 53 121 54 28 135
leaf_count=46 25 25 42 53 121 54 28 135
internal_value=-2.57225e-05 -0.000282418 0.000202618 -0.00112729 2.65518e-05 0.000180144 4.72598e-05 2.76497e-06
internal_weight=529 266 263 78 221 175 188 160
internal_count=529 266 263 78 221 175 188 160
is_linear=0
shrinkage=0.0167612


Tree=237
num_leaves=9
num_cat=0
split_feature=10 55 13 110 169 112 105 122
split_gain=0.136249 0.132332 0.250685 0.0939052 0.0934703 0.0802794 0.0511323 0.0307259
threshold=-0.24999999999999994 3.5000000000000004 939536.7430654763 1.0000000180025095e-35 1.0000000180025095e-35 1.0000000180025095e-35 18.500000000000004 31.500000000000004
decision_type=2 8 2 10 8 10 8 8
left_child=1 2 5 6 -5 -1 -2 -8
right_child=3 -3 -4 4 -6 -7 7 -9
leaf_value=0.0013731212105231457 0.00034285809131146596 -0.0001151960822003737 -4.9032658475077078e-05 -0.0010595567451499725 -0.00022298976224734607 0.0004443681139415882 -0.0004657900989867455 -1.8686447020252947e-05
leaf_weight=70 30 77 45 54 36 25 44 148
leaf_count=70 30 77 45 54 36 25 44 148
internal_value=-2.53917e-05 0.000254749 0.000566004 -0.000251538 -0.000652492 0.00103874 -5.1639e-05 -0.000166654
internal_weight=529 217 140 312 90 95 222 192
internal_count=529 217 140 312 90 95 222 192
is_linear=0
shrinkage=0.0167612


Tree=238
num_leaves=9
num_cat=1
split_feature=0 5 84 171 133 104 159 63
split_gain=0.220649 0.0911981 0.0415547 0.0631029 0.0891777 0.051623 0.0988382 0.0819094
threshold=0 1.5000000000000002 946308.41162790719 116.04047185 0.15394736842105264 111.00000000000001 1.0000000180025095e-35 330339.98473214294
decision_type=9 2 8 8 8 8 10 10
left_child=1 -1 3 -2 -5 7 -7 -4
right_child=2 -3 5 4 -6 6 -8 -9
leaf_value=-0.0013109144981405055 8.6204471055118391e-05 -0.00036312900607510929 -0.00073060243111056772 0.00017802574126978986 0.00091604579682030883 -2.1408161793373586e-05 0.0005850866876587268 -7.7153341952733868e-05
leaf_weight=25 34 83 39 41 63 139 68 37
leaf_count=25 34 83 39 41 63 139 68 37
internal_value=-2.59599e-05 -0.000588721 0.0001288 0.000350119 0.000568547 7.9795e-06 0.000147261 -0.000284256
internal_weight=529 108 421 138 104 283 207 76
internal_count=529 108 421 138 104 283 207 76
cat_boundaries=0 1
cat_threshold=17351681
is_linear=0
shrinkage=0.0167612


Tree=239
num_leaves=10
num_cat=0
split_feature=13 110 130 164 25 120 186 22 186
split_gain=0.143589 0.252783 0.170458 0.103394 0.0994587 0.0815855 0.0314523 0.0114863 0.00600247
threshold=939536.7430654763 1.0000000180025095e-35 5.5000000000000009 58076973.65377599 3.5350000000000006 26.000000000000004 909534.93172568188 1.0000000180025095e-35 842848.81264311739
decision_type=2 8 8 10 8 10 8 8 8
left_child=1 2 6 -2 5 -3 -1 -6 -4
right_child=3 4 8 -5 7 -7 -8 -9 -10
leaf_value=0.0004777667542100801 -0.00098593506458572941 -0.0011528490060293281 0.00014240542861537292 -0.00020485885263635077 0.00019674285237337834 -0.00020550068457680633 0.0012516672718803819 -6.0544771981780586e-05 -8.1979549520332432e-05
leaf_weight=37 55 33 28 32 25 48 67 157 47
leaf_count=37 55 33 28 32 25 48 67 157 47
internal_value=-2.62923e-05 7.6137e-05 0.000534608 -0.000555597 -0.000207738 -0.000626983 0.000953425 -1.93469e-05 0.00010665
internal_weight=529 442 179 87 263 81 104 182 75
internal_count=529 442 179 87 263 81 104 182 75
is_linear=0
shrinkage=0.0167612


Tree=240
num_leaves=9
num_cat=0
split_feature=13 120 188 11 149 137 218 118
split_gain=0.209505 0.152989 0.13342 0.199801 0.112716 0.0867484 0.05994 0.0537342
threshold=378702.76988636371 46.000000000000007 15.500000000000002 -0.5 95.500000000000014 1.0000000180025095e-35 2.5336569579288031 1.0000000180025095e-35
decision_type=2 10 10 2 8 10 10 8
left_child=5 2 3 -2 -3 7 -6 -1
right_child=1 4 -4 -5 6 -7 -8 -9
leaf_value=0.00030630249728630317 0.0002562196152146343 -0.00034314392890625928 -0.0012193357047988686 -0.0007089128668673158 7.960106620501372e-05 0.00013301425449669426 0.00059010634214696361 0.00096196045250268938
leaf_weight=26 58 76 40 92 57 45 86 80
leaf_count=26 58 76 40 92 57 45 86 80
internal_value=-8.57189e-06 -0.000212291 -0.000542868 -0.000292179 2.50969e-05 0.000453264 0.000322358 0.000732393
internal_weight=560 409 190 150 219 151 143 106
internal_count=560 409 190 150 219 151 143 106
is_linear=0
shrinkage=0.0167612


Tree=241
num_leaves=10
num_cat=1
split_feature=0 13 43 5 55 60 143 144 130
split_gain=0.307513 0.236804 0.236208 0.100128 0.0830481 0.0739686 0.0703207 0.0599762 0.0105417
threshold=0 610120.83333333349 1.0000000180025095e-35 1.5000000000000002 2.5000000000000004 24.433333333333337 1.0000000180025095e-35 0.054804804804804756 9.0000000000000018
decision_type=9 2 10 2 8 10 10 10 8
left_child=5 3 -3 8 -5 6 -1 -4 -2
right_child=1 2 7 4 -6 -7 -8 -9 -10
leaf_value=0.00078345522688777762 -0.00019321890215112796 -0.0016205874743366801 -0.00054346257890887698 0.00054530357875989571 -3.6531224037979635e-05 0.00011740700716124539 0.00018470037040000981 2.0114645058216129e-05 -0.00077120013733018649
leaf_weight=139 27 48 55 81 68 46 42 26 28
leaf_count=139 27 48 55 81 68 46 42 26 28
internal_value=-9.19985e-06 -0.000327133 -0.000845946 -2.74564e-05 0.000204444 0.000406362 0.000599745 -0.000337074 -0.000472339
internal_weight=560 333 129 204 149 227 181 81 55
internal_count=560 333 129 204 149 227 181 81 55
cat_boundaries=0 1
cat_threshold=2366284
is_linear=0
shrinkage=0.0167612


Tree=242
num_leaves=6
num_cat=0
split_feature=60 33 23 13 43
split_gain=0.154964 0.126685 0.0849822 0.387192 0.124068
threshold=10.699248120300753 470435.03323503438 900.00000000000011 249612.22396605703 1.0000000180025095e-35
decision_type=8 8 10 2 10
left_child=1 -1 3 -2 -5
right_child=2 -3 -4 4 -6
leaf_value=0.0011408593877840583 0.0011256471536762588 0.00021524277895988952 -0.00074392646062993329 -0.00050462129845605047 -9.6318283942752308e-06
leaf_weight=38 32 31 25 193 241
leaf_count=38 32 31 25 193 241
internal_value=-1.00911e-05 0.000572243 -0.00012747 -5.83446e-05 -0.000207438
internal_weight=560 69 491 466 434
internal_count=560 69 491 466 434
is_linear=0
shrinkage=0.0167612


Tree=243
num_leaves=10
num_cat=0
split_feature=13 142 33 11 51 182 177 119 164
split_gain=0.248517 0.486191 0.185931 0.211738 0.180824 0.118393 0.0743574 0.0235695 0.0156681
threshold=420529.6768292684 -8.3580425999999992 941923.35459183692 1.0000000180025095e-35 1.0000000180025095e-35 1.0000000180025095e-35 20.000000000000004 48.500000000000007 57016022.338348396
decision_type=2 10 8 2 8 10 10 8 8
left_child=1 6 5 8 -5 -2 7 -1 -4
right_child=2 -3 3 4 -6 -7 -8 -9 -10
leaf_value=0.00057347545067124852 0.00069417761721524173 0.0017635888853361726 -0.00031494213046187315 -0.0017852015812539978 -0.00053630583988180521 -7.4804159676384837e-05 -0.00037311505015285662 7.2140644533207063e-05 -1.4963705913749639e-05
leaf_weight=29 49 29 24 40 68 72 37 95 117
leaf_count=29 49 29 24 40 68 72 37 95 117
internal_value=-9.1254e-06 0.000425594 -0.000265064 -0.000532055 -0.001036 0.000149639 6.68895e-05 0.000253023 -0.000108634
internal_weight=560 190 370 249 108 121 161 124 141
internal_count=560 190 370 249 108 121 161 124 141
is_linear=0
shrinkage=0.0167612


Tree=244
num_leaves=9
num_cat=0
split_feature=5 171 142 133 136 130 127 9
split_gain=0.148202 0.114784 0.0995667 0.166669 0.106279 0.0265497 0.023901 0.0177404
threshold=1.5000000000000002 116.04047185 -8.3580425999999992 0.20377358490566039 0.98387096774193561 2.5000000000000004 23.500000000000004 1.0000000180025095e-35
decision_type=2 8 10 8 10 8 8 2
left_child=1 -1 6 -4 -5 -3 -2 -8
right_child=2 5 3 4 -6 -7 7 -9
leaf_value=-0.0011333112035888375 -0.00037404632748274351 9.5585834212542405e-06 -1.9252153731391059e-05 0.00020709743428812895 0.0011223211889068731 -0.00030948844631931903 6.2221998329030419e-05 -0.00025429791163587921
leaf_weight=27 33 24 84 56 76 91 139 30
leaf_count=27 33 24 84 56 76 91 139 30
internal_value=-8.2953e-06 -0.000436428 0.000129196 0.000374355 0.000731099 -0.000192547 -8.01914e-05 -7.9856e-06
internal_weight=560 142 418 216 132 115 202 169
internal_count=560 142 418 216 132 115 202 169
is_linear=0
shrinkage=0.0167612


Tree=245
num_leaves=8
num_cat=1
split_feature=0 161 59 101 105 143 215
split_gain=0.294308 0.0888078 0.108487 0.100642 0.0540057 0.0476948 0.0340546
threshold=0 17.500000000000004 0.95000000000000007 193389.68575508901 44.500000000000007 1.0000000180025095e-35 3.3419913419913425
decision_type=9 8 10 8 10 10 8
left_child=4 2 -2 6 5 -1 -3
right_child=1 3 -4 -5 -6 -7 -8
leaf_value=0.00069875303441517729 0.00059885242210109006 0.0001799406786840258 -0.00026966060871186506 -0.00073525601253908077 0.00015565149153874076 0.0001482125111546517 -0.00028334902584425579
leaf_weight=148 32 43 43 162 29 50 53
leaf_count=148 32 43 43 162 29 50 53
internal_value=-9.05612e-06 -0.000320378 -7.79736e-06 -0.000491111 0.000397158 0.000544703 -8.00339e-05
internal_weight=560 333 75 258 227 198 96
internal_count=560 333 75 258 227 198 96
cat_boundaries=0 1
cat_threshold=2366284
is_linear=0
shrinkage=0.0167612


Tree=246
num_leaves=8
num_cat=0
split_feature=3 120 55 39 136 136 65
split_gain=0.142703 0.124084 0.0755943 0.0875771 0.216616 0.0318893 0.0289304
threshold=3.5000000000000004 26.000000000000004 2.5000000000000004 54.534722222222229 0.80322580645161301 0.57258064516129037 39.500000000000007
decision_type=2 8 8 8 10 10 8
left_child=1 -1 3 5 -5 -2 -3
right_child=2 6 -4 4 -6 -7 -8
leaf_value=-0.0011727235024780564 0.00013760490064881266 -4.2502274161373956e-05 -9.4141298200145219e-05 7.9939697626190304e-05 0.001011292840368963 -0.00029905951515926508 -0.00036064874941183438
leaf_weight=24 59 51 158 69 93 39 67
leaf_count=24 59 51 158 69 93 39 67
internal_value=-8.95185e-06 -0.000429215 0.000125644 0.000305438 0.000536136 4.89227e-05 -0.000190337
internal_weight=560 142 418 260 162 98 118
internal_count=560 142 418 260 162 98 118
is_linear=0
shrinkage=0.0167612


Tree=247
num_leaves=11
num_cat=0
split_feature=10 55 163 67 13 169 87 42 44 102
split_gain=0.164996 0.155182 0.0597793 0.168156 0.110691 0.0498998 0.0420881 0.234594 0.0188743 0.0116379
threshold=-0.24999999999999994 2.5000000000000004 1.0187071326471477 1.0000000180025095e-35 510944.7410714287 1.0000000180025095e-35 12.500000000000002 315071.49191602325 1.1100397105453588 49592.2232484833
decision_type=2 8 10 10 2 10 10 10 8 10
left_child=1 6 3 4 -2 -5 7 -1 -8 -4
right_child=2 -3 9 5 -6 -7 8 -9 -10 -11
leaf_value=0.0017349520751252642 0.00032786839193521815 -8.018670539283447e-05 -0.00011335577021796203 -0.0011960123436697389 -0.0004455543203254082 -0.00036071659877832414 0.00042972514266957705 0.00042078544569765328 0.00014581181712171798 0.00014654577052099132
leaf_weight=32 74 85 32 62 60 37 56 26 25 71
leaf_count=32 74 85 32 62 60 37 56 26 25 71
internal_value=-9.75011e-06 0.000300692 -0.000246857 -0.000400453 -4.90187e-05 -0.000856641 0.000643466 0.00100613 0.000340846 -3.75534e-05
internal_weight=560 224 336 233 134 99 139 58 81 103
internal_count=560 224 336 233 134 99 139 58 81 103
is_linear=0
shrinkage=0.0167612


Tree=248
num_leaves=8
num_cat=0
split_feature=6 41 106 143 216 161 35
split_gain=0.168741 0.189516 0.0933246 0.0406239 0.201438 0.0107046 0.00938661
threshold=1.0000000180025095e-35 1.0000000180025095e-35 1.0000000180025095e-35 1.0000000180025095e-35 0.10878391996654825 9.5000000000000018 42.500000000000007
decision_type=2 10 10 8 8 10 8
left_child=1 5 3 4 -2 -1 -5
right_child=2 -3 -4 6 -6 -7 -8
leaf_value=3.7173376777842912e-05 -0.00020601553162248704 -0.0011813669975044654 0.00080784857168484216 -0.00015387850642589084 0.00078163906047023363 -0.00020241665175005038 3.1612749465562174e-06
leaf_weight=50 56 41 26 84 81 44 155
leaf_count=50 56 41 26 84 81 44 155
internal_value=0 -0.000451671 0.000166884 8.0004e-05 0.000286285 -7.4913e-05 -1.69474e-05
internal_weight=537 135 402 376 137 94 239
internal_count=537 135 402 376 137 94 239
is_linear=0
shrinkage=0.0167612


Tree=249
num_leaves=10
num_cat=0
split_feature=13 11 81 131 42 225 35 131 203
split_gain=0.123885 0.139171 0.14817 0.124852 0.145065 0.0753885 0.0364333 0.0101766 0.00767511
threshold=919756.52302631584 0.25000000000000017 1.0000000180025095e-35 1.0000000180025095e-35 746160.08934523817 2.5000000000000004 21.500000000000004 1.0000000180025095e-35 1.0000000180025095e-35
decision_type=2 2 10 10 8 10 10 10 8
left_child=1 3 7 8 -5 -2 -4 -3 -1
right_child=5 2 6 4 -6 -7 -8 -9 -10
leaf_value=1.6123763012625458e-05 -0.00099363353985146134 0.00012537019788349927 -0.00035493897842091564 0.00027580264254078464 0.0012994099330780014 -0.0001358495250103795 -0.0012803755461217306 -8.5473852078918328e-05 0.00014284917944180805
leaf_weight=57 34 115 24 36 55 49 25 36 106
leaf_count=57 34 115 24 36 55 49 25 36 106
internal_value=0 0.000107343 -0.000165964 0.000366 0.000807028 -0.000491999 -0.000789523 1.09367e-06 7.81298e-05
internal_weight=537 454 200 254 91 83 49 151 163
internal_count=537 454 200 254 91 83 49 151 163
is_linear=0
shrinkage=0.0167612


Tree=250
num_leaves=10
num_cat=0
split_feature=11 203 60 23 108 225 151 63 3
split_gain=0.16515 0.19567 0.117179 0.263056 0.073096 0.0423797 0.0170322 0.0276446 0.000236276
threshold=-1.0000000180025095e-35 1.0000000180025095e-35 13.615288220551381 900.00000000000011 1.0000000180025095e-35 7.5000000000000009 1.0000000180025095e-35 420993.42688363232 7.5000000000000009
decision_type=2 10 10 8 10 10 10 10 2
left_child=2 6 3 4 -1 -4 8 -8 -2
right_child=1 -3 5 -5 -6 -7 7 -9 -10
leaf_value=0.00071826522577014991 -3.3806588292698767e-06 -0.0011903752624255308 -0.00045952469194806346 7.6672807622755334e-05 0.0017776475557103153 -9.0625601009231356e-07 -0.0003984216970531146 -7.5029876343809073e-05 2.3044365936981046e-05
leaf_weight=46 60 25 34 108 31 51 79 38 65
leaf_count=46 60 25 34 108 31 51 79 38 65
internal_value=0 -0.000276415 0.00027437 0.000519713 0.00115184 -7.36717e-05 -0.000109423 -0.000227574 -1.42332e-05
internal_weight=537 267 270 185 77 85 242 117 125
internal_count=537 267 270 185 77 85 242 117 125
is_linear=0
shrinkage=0.0167612


Tree=251
num_leaves=10
num_cat=1
split_feature=0 60 95 6 11 7 25 132 153
split_gain=0.179687 0.165647 0.11071 0.0746687 0.115694 0.0614013 0.0448105 0.0266702 0.0233107
threshold=0 16.582251082251087 17.500000000000004 1.0000000180025095e-35 -1.0000000180025095e-35 1.0000000180025095e-35 2.8900000000000001 0.10396294390118371 1.0000000180025095e-35
decision_type=9 10 8 2 2 2 10 10 8
left_child=2 3 -1 8 -5 -4 7 -3 -2
right_child=1 6 5 4 -6 -7 -8 -9 -10
leaf_value=-0.00014936385356083834 -0.00018673568773126104 -0.00024005645635136175 -0.0011739084450009072 0.00083178766508219403 0.00010439426928945338 -0.00035005202884684158 -0.00058073911185620934 0.0001983996354116946 0.0002338905731965598
leaf_weight=28 48 45 60 135 80 27 50 34 30
leaf_count=28 48 45 60 135 80 27 50 34 30
internal_value=0 0.000156185 -0.000485288 0.000387053 0.000551226 -0.00085573 -0.000240935 -4.60966e-05 7.48183e-05
internal_weight=537 422 115 293 215 87 129 79 78
internal_count=537 422 115 293 215 87 129 79 78
cat_boundaries=0 1
cat_threshold=17343489
is_linear=0
shrinkage=0.0167612


Tree=252
num_leaves=9
num_cat=0
split_feature=138 177 74 75 13 13 17 46
split_gain=0.0960111 0.079713 0.183571 0.0931197 0.0849007 0.0528201 0.0644453 0.0291448
threshold=1.0000000180025095e-35 1.0000000180025095e-35 1.5000000000000002 0.91788053345130305 680724.29560755345 643622.38376068382 1.0000000180025095e-35 247.50000000000003
decision_type=10 10 10 10 2 2 8 8
left_child=1 5 4 -4 -3 6 -1 -7
right_child=-2 2 3 -5 -6 7 -8 -9
leaf_value=0.00081726724691881438 0.00060662048684859962 0.00052888691592035345 -0.0009891138531168684 -0.00030499159978854821 -0.00012821080753647312 5.4561126934083682e-05 0.00011339236568528057 -0.0003134547631566233
leaf_weight=28 31 48 92 25 78 31 135 69
leaf_count=28 31 48 92 25 78 31 135 69
internal_value=0 -5.76279e-05 -0.000273874 -0.00071294 4.94376e-05 0.000108354 0.000302981 -8.96613e-05
internal_weight=537 506 243 117 126 263 163 100
internal_count=537 506 243 117 126 263 163 100
is_linear=0
shrinkage=0.0167612


Tree=253
num_leaves=8
num_cat=0
split_feature=11 164 49 213 220 42 121
split_gain=0.166417 0.128833 0.0720678 0.0625061 0.295105 0.0562895 0.0252326
threshold=0.6830127018922193 58301093.531555258 1.0000000180025095e-35 295346.34457331046 630.00000000000011 1190521.4136349468 0.12772792126038995
decision_type=2 8 10 10 10 8 10
left_child=2 5 3 4 -1 -2 -5
right_child=1 -3 -4 6 -6 -7 -8
leaf_value=3.0552177669050792e-05 -0.00040171706201337735 -9.8573653067901819e-05 0.00073915247015484884 -0.0002552457045839678 0.0012327258940109157 -0.0013305882851431495 2.9868889468815367e-05
leaf_weight=157 36 65 26 114 38 38 63
leaf_count=157 36 65 26 114 38 38 63
internal_value=0 -0.000441382 0.000168686 8.90686e-05 0.000287189 -0.000879621 -9.01306e-05
internal_weight=537 139 398 372 195 74 177
internal_count=537 139 398 372 195 74 177
is_linear=0
shrinkage=0.0167612


Tree=254
num_leaves=9
num_cat=0
split_feature=3 11 171 60 63 47 18 38
split_gain=0.158114 0.0688689 0.0751373 0.224263 0.0613847 0.0689497 0.0598094 0.0399277
threshold=1.5000000000000002 1.0000000180025095e-35 116.07631110000001 14.668981481481483 316388.47742346948 0.29623655913978492 1.0000000180025095e-35 5816.3135553471084
decision_type=2 2 10 10 10 10 8 8
left_child=6 2 7 -4 5 -3 -1 -2
right_child=1 4 3 -5 -6 -7 -8 -9
leaf_value=-0.0012348994048134803 -0.0002732477472461152 -5.2201810103674569e-05 0.0013489644390067778 0.0002114870009293359 0.00030689798691245783 -0.00072578835665436489 -0.00029946857298835045 0.00018234821726639255
leaf_weight=24 26 153 40 38 32 34 24 166
leaf_count=24 26 153 40 38 32 34 24 166
internal_value=0 9.21311e-05 0.000271997 0.000652581 -8.22408e-05 -0.000236574 -0.000684007 7.17135e-05
internal_weight=537 489 270 78 219 187 48 192
internal_count=537 489 270 78 219 187 48 192
is_linear=0
shrinkage=0.0167612


Tree=255
num_leaves=10
num_cat=0
split_feature=11 127 201 110 42 44 156 6 5
split_gain=0.157155 0.109918 0.095131 0.158839 0.0770671 0.0351257 0.0395754 0.0293105 0.0123313
threshold=0.6830127018922193 61.500000000000007 409525.30055994733 1.0000000180025095e-35 344950.9585308751 1.1044289730697345 1.0000000180025095e-35 1.5000000000000002 1.5000000000000002
decision_type=2 8 10 8 10 10 10 2 2
left_child=2 4 3 7 -2 6 -4 -1 -5
right_child=1 -3 5 8 -6 -7 -8 -9 -10
leaf_value=0.00055384785973457715 -0.0013123515029434003 -9.2455468380591536e-05 -0.00069269787761672011 -4.4978270056416081e-05 -0.00031268298644843661 5.303004061013638e-05 -7.5118820171054426e-05 0.0013718050545191425 0.00015233724151457264
leaf_weight=46 39 68 30 49 32 44 62 31 136
leaf_count=46 39 68 30 49 32 44 62 31 136
internal_value=0 -0.000428827 0.000164027 0.000356082 -0.000848026 -0.000108032 -0.000324302 0.000897367 7.64019e-05
internal_weight=537 139 398 262 71 136 92 77 185
internal_count=537 139 398 262 71 136 92 77 185
is_linear=0
shrinkage=0.0167612


Tree=256
num_leaves=9
num_cat=0
split_feature=13 41 120 110 164 80 96 151
split_gain=0.131591 0.139481 0.106475 0.0922068 0.0443988 0.0248491 0.0196563 0.00271284
threshold=386989.03273809532 1.0000000180025095e-35 26.000000000000004 1.0000000180025095e-35 54803978.025080442 224358.07418699187 1380.0000000000002 1.0000000180025095e-35
decision_type=2 8 8 10 8 10 10 10
left_child=1 6 3 -2 -4 -6 -1 -8
right_child=2 -3 4 -5 5 -7 7 -9
leaf_value=0.00019649901117608151 -0.00021290021960247664 0.00083663241303531192 0.00041177101074747286 -0.0011386291726530511 2.7078266932659753e-05 -0.00021993647576778487 -0.00034197537874585207 -7.8885686843174961e-05
leaf_weight=30 35 81 28 33 149 140 24 25
leaf_count=30 35 81 28 33 149 140 24 25
internal_value=2.00581e-05 0.000395377 -0.000124384 -0.000611578 -6.92547e-06 -6.29829e-05 7.56452e-05 -0.000184401
internal_weight=545 160 385 68 317 289 79 49
internal_count=545 160 385 68 317 289 79 49
is_linear=0
shrinkage=0.0167612


Tree=257
num_leaves=11
num_cat=0
split_feature=13 131 182 74 74 104 75 109 12 28
split_gain=0.188506 0.183294 0.13939 0.123869 0.121746 0.0932518 0.0361766 0.0566309 0.0216551 0.00282845
threshold=603248.51836917584 1.0000000180025095e-35 1.0000000180025095e-35 1.5000000000000002 11.500000000000002 68.000000000000014 1.3499261500172557 1.0000000180025095e-35 1.0000000180025095e-35 27.500000000000004
decision_type=2 10 10 10 10 8 8 8 2 10
left_child=1 3 6 8 -3 -4 -2 -8 -1 -5
right_child=2 4 5 9 -6 -7 7 -9 -10 -11
leaf_value=0.00013292491172836634 0.00025270204880177365 0.0014250176405028506 -0.00031540602574431961 -0.00053635387580485533 0.00040503414832170667 -0.0013168110766763207 -0.00062356563833381416 -2.9807801183162403e-05 0.00062314789866541509 -0.00010745491181015461
leaf_weight=85 56 47 52 43 24 35 24 86 52 41
leaf_count=85 56 47 52 43 24 35 24 86 52 41
internal_value=1.99587e-05 0.000307065 -0.000276126 6.16201e-05 0.000925127 -0.000747325 -2.79438e-05 -0.000166961 0.000350884 -0.000336323
internal_weight=545 292 253 221 71 87 166 110 137 84
internal_count=545 292 253 221 71 87 166 110 137 84
is_linear=0
shrinkage=0.0167612


Tree=258
num_leaves=11
num_cat=0
split_feature=10 182 101 137 107 113 213 33 52 11
split_gain=0.155642 0.189458 0.137135 0.104999 0.0730009 0.0595163 0.0494202 0.0425759 0.073195 0.0372784
threshold=-0.24999999999999994 1.0000000180025095e-35 127742.60393800143 1.0000000180025095e-35 25.500000000000004 129255.65544576231 1120618.0696225076 1180293.5555555557 1.0000000180025095e-35 1.0000000180025095e-35
decision_type=2 10 10 8 10 8 10 8 10 2
left_child=2 4 3 5 9 -1 -4 -3 -9 -2
right_child=1 7 6 -5 -6 -7 -8 8 -10 -11
leaf_value=0.00064277340974296874 0.00019175830422965399 -0.00027250437734680031 3.5395206264782797e-05 0.00022243104608108037 0.0005749165492904332 0.0016530430414506702 -0.00050116338891247861 -0.0012618108451623897 -0.00038637697399550048 -0.00024865442593540544
leaf_weight=43 61 78 39 79 43 27 27 50 25 73
leaf_count=43 61 78 39 79 43 27 27 50 25 73
internal_value=1.91264e-05 -0.000181422 0.000355837 0.000647854 0.000112176 0.0010792 -4.46588e-05 -0.000588891 -0.000903185 1.37312e-05
internal_weight=545 330 215 149 177 70 66 153 75 134
internal_count=545 330 215 149 177 70 66 153 75 134
is_linear=0
shrinkage=0.0167612


Tree=259
num_leaves=7
num_cat=0
split_feature=213 182 151 11 12 17
split_gain=0.127366 0.123114 0.0695625 0.064062 0.0260439 0.0214645
threshold=1257305.6482046791 1.0000000180025095e-35 1.0000000180025095e-35 0.6830127018922193 1.0000000180025095e-35 1.0000000180025095e-35
decision_type=10 8 8 2 2 10
left_child=1 5 4 -4 -3 -1
right_child=-2 2 3 -5 -6 -7
leaf_value=0.00091722019934507035 -0.00065821388082451461 -0.00011853334162824273 0.0002307447650447493 -0.00020601311074066805 -0.00066910422132972441 0.00028977860879286381
leaf_weight=39 32 41 249 86 41 57
leaf_count=39 32 41 249 86 41 57
internal_value=1.90663e-05 0.00010012 2.0758e-06 8.04992e-05 -0.000378551 0.000562113
internal_weight=545 513 417 335 82 96
internal_count=545 513 417 335 82 96
is_linear=0
shrinkage=0.0167612


Tree=260
num_leaves=9
num_cat=0
split_feature=10 182 80 197 47 33 131 7
split_gain=0.149939 0.181923 0.129487 0.0720094 0.0481015 0.0401875 0.0248468 0.0177623
threshold=-0.24999999999999994 1.0000000180025095e-35 812969.94222222234 1.0000000180025095e-35 1.0000000180025095e-35 1390256.5000000002 1.0000000180025095e-35 1.0000000180025095e-35
decision_type=2 10 10 8 8 8 8 2
left_child=2 4 3 -1 -2 -3 -5 -6
right_child=1 5 -4 6 7 -7 -8 -9
leaf_value=0.0011118404835420809 0.00053211532287962202 -0.00026699349770078541 -0.0001846195840508875 0.00015070169053370801 8.992319588685162e-05 -0.00088534524919974564 0.00042523164091866599 -0.00023501244169913253
leaf_weight=36 30 78 34 25 118 75 120 29
leaf_count=36 30 78 34 25 118 75 120 29
internal_value=1.78771e-05 -0.000178694 0.000348653 0.000564187 0.000108213 -0.000578104 0.000352276 1.22069e-05
internal_weight=545 330 215 181 177 153 145 147
internal_count=545 330 215 181 177 153 145 147
is_linear=0
shrinkage=0.0167612


Tree=261
num_leaves=7
num_cat=0
split_feature=74 27 105 152 143 104
split_gain=0.0959615 0.0991104 0.0700625 0.0554554 0.0605092 0.0102393
threshold=8.5000000000000018 1.0000000180025095e-35 4.5000000000000009 88.500000000000014 1.0000000180025095e-35 192.00000000000003
decision_type=10 8 10 8 8 8
left_child=1 -1 5 -3 -5 -2
right_child=2 3 -4 4 -6 -7
leaf_value=-0.00041313162995714592 -0.00036026393930021626 -0.00010010040308995813 -0.00010835895713660388 0.0006591200845161595 0.00015950146401733401 -0.0010424005743441456
leaf_weight=34 34 44 43 89 274 27
leaf_count=34 34 44 43 89 274 27
internal_value=1.72288e-05 0.000136339 -0.000357653 0.000230163 0.000311948 -0.000700911
internal_weight=545 441 104 407 363 61
internal_count=545 441 104 407 363 61
is_linear=0
shrinkage=0.0167612


Tree=262
num_leaves=8
num_cat=0
split_feature=13 113 11 5 79 63 101
split_gain=0.265182 0.145262 0.163485 0.140203 0.134704 0.0362034 0.00575346
threshold=1029411.6643269431 93405.140148314153 0.6830127018922193 2.5000000000000004 1.0000000180025095e-35 636923.58478669252 180948.29275617874
decision_type=2 10 2 2 8 10 10
left_child=1 2 3 -1 -4 -2 -3
right_child=5 6 4 -5 -6 -7 -8
leaf_value=-9.4379430649666453e-06 -0.0012884177068398256 0.00044420969721824022 -0.00097343997259139359 0.00062371771856485451 -0.00013151000535669487 -0.00041093824668389246 0.0010231935702054462
leaf_weight=166 30 66 55 115 48 33 32
leaf_count=166 30 66 55 115 48 33 32
internal_value=1.60337e-05 0.000162814 7.55687e-06 0.000216655 -0.000469246 -0.000776326 0.00065744
internal_weight=545 482 384 281 103 63 98
internal_count=545 482 384 281 103 63 98
is_linear=0
shrinkage=0.0167612


Tree=263
num_leaves=10
num_cat=0
split_feature=10 42 13 149 164 40 27 11 22
split_gain=0.141186 0.145429 0.137015 0.214555 0.172876 0.104702 0.0818569 0.02663 0.00757951
threshold=-0.24999999999999994 914178.36055194819 496258.12121212127 107.50000000000001 57161692.028536215 1.0000000180025095e-35 1.0000000180025095e-35 -0.24999999999999994 1.0000000180025095e-35
decision_type=2 10 2 10 8 10 10 2 8
left_child=1 6 5 4 -4 7 8 -2 -1
right_child=2 -3 3 -5 -6 -7 -8 -9 -10
leaf_value=7.2515572236692567e-05 0.00074689978936447968 -0.0002678238208939356 -0.0015155140196469754 0.00017147544274199574 -0.00039063373257802644 -0.00025113509752429386 0.00088264419234132215 0.00014896218475997079 0.00020782467585310304
leaf_weight=26 44 30 46 36 88 60 94 56 65
leaf_count=26 44 30 46 36 88 60 94 56 65
internal_value=1.54138e-05 0.000336893 -0.000174927 -0.000494713 -0.000829835 9.38438e-05 0.000553953 0.00043867 0.00017339
internal_weight=545 215 330 170 134 160 185 100 91
internal_count=545 215 330 170 134 160 185 100 91
is_linear=0
shrinkage=0.0167612


Tree=264
num_leaves=9
num_cat=0
split_feature=33 42 174 33 203 39 163 5
split_gain=0.0952459 0.157364 0.125935 0.138504 0.0896321 0.0270313 0.0172271 0.00495672
threshold=697094.13043478271 812635.18804761919 1.0000000180025095e-35 1090171.2385487531 1.0000000180025095e-35 14.715277777777779 1.0977808639175879 2.5000000000000004
decision_type=8 8 8 8 10 10 8 2
left_child=1 6 3 5 -5 -2 -1 -4
right_child=2 -3 7 4 -6 -7 -8 -9
leaf_value=-0.00016775062756376323 -9.0153696960296471e-05 0.001034215786172107 0.00024015941754688093 -0.00044525126157814458 -0.0013722067561692934 0.0003009321867821605 0.00019023903107268003 2.1123816968298991e-05
leaf_weight=38 31 40 108 112 24 45 39 107
leaf_count=38 31 40 108 112 24 45 39 107
internal_value=4.27929e-06 0.000385008 -9.19887e-05 -0.000374834 -0.000690075 -8.14359e-06 7.52009e-05 0.000142054
internal_weight=544 117 427 212 136 76 77 215
internal_count=544 117 427 212 136 76 77 215
is_linear=0
shrinkage=0.0167612


Tree=265
num_leaves=7
num_cat=0
split_feature=33 63 203 11 225 25
split_gain=0.130592 0.139315 0.133845 0.0480941 0.112525 0.0424516
threshold=903155.30219780235 509443.6486486487 1.0000000180025095e-35 -0.5 3.5000000000000004 3.5350000000000006
decision_type=10 10 10 2 8 10
left_child=2 -2 3 4 -1 -5
right_child=1 -3 -4 5 -6 -7
leaf_value=6.2746938100098618e-05 -0.0012253165791987002 -0.00013595583352241872 -0.00049309878650939068 5.8845636261962443e-06 0.00077501298206702075 0.00047602593924724821
leaf_weight=29 25 51 42 267 99 31
leaf_count=29 25 51 42 267 99 31
internal_value=4.32376e-06 -0.000506932 0.000121795 0.000230355 0.000487595 8.99473e-05
internal_weight=544 76 468 426 128 298
internal_count=544 76 468 426 128 298
is_linear=0
shrinkage=0.0167612


Tree=266
num_leaves=10
num_cat=1
split_feature=0 87 12 205 211 104 95 113 144
split_gain=0.183242 0.0637322 0.120977 0.120733 0.054939 0.0368062 0.0304498 0.0356441 0.00163317
threshold=0 15.500000000000002 1.0000000180025095e-35 1.0000000180025095e-35 1.0000000180025095e-35 41.500000000000007 13.500000000000002 70863.040023401467 0.42133867276887871
decision_type=9 10 2 8 8 10 10 8 8
left_child=4 3 5 -2 6 -3 8 -8 -1
right_child=1 2 -4 -5 -6 -7 7 -9 -10
leaf_value=-0.00013533852571561008 0.0004796375290613777 2.5735489708059826e-05 -0.0012197264507592966 -0.00028927035201775522 0.00067007754827058219 -0.00041808504549930599 9.4637359646908685e-05 0.0004768581774395222 -1.760453380889715e-05
leaf_weight=31 44 34 29 142 81 43 37 77 26
leaf_count=31 44 34 29 142 81 43 37 77 26
internal_value=3.19618e-06 -0.000246868 -0.000557241 -5.06795e-05 0.000319602 -0.000196097 0.000138488 0.000281982 -4.20938e-05
internal_weight=544 292 106 186 252 77 171 114 57
internal_count=544 292 106 186 252 77 171 114 57
cat_boundaries=0 1
cat_threshold=2296156
is_linear=0
shrinkage=0.0167612


Tree=267
num_leaves=9
num_cat=1
split_feature=0 13 190 17 152 12 205 172
split_gain=0.181719 0.109639 0.0736564 0.0526725 0.0502668 0.0258052 0.0208434 0.0110062
threshold=0 670718.75000000012 2.0754926985896711 1.0000000180025095e-35 70.000000000000014 1.0000000180025095e-35 1.0000000180025095e-35 1.0000000180025095e-35
decision_type=9 2 8 10 10 2 8 8
left_child=3 6 4 5 -3 -1 -2 -7
right_child=1 2 -4 -5 -6 7 -8 -9
leaf_value=-0.00024818215004151383 0.00023946140904062494 -0.00059535278744801906 0.00033625747602821296 -5.0229140394443083e-05 -6.987578501954071e-05 -0.0010704637466902324 0.00073946625031991609 -0.00040260171447330473
leaf_weight=116 74 50 57 24 53 31 98 41
leaf_count=116 74 50 57 24 53 31 98 41
internal_value=2.66021e-06 0.000246908 2.58259e-05 -0.000326559 -0.00026802 -0.000472979 0.000534303 -0.000740412
internal_weight=544 332 160 212 103 188 172 72
internal_count=544 332 160 212 103 188 172 72
cat_boundaries=0 1
cat_threshold=17356323
is_linear=0
shrinkage=0.0167612


Tree=268
num_leaves=11
num_cat=1
split_feature=0 13 205 60 122 165 95 49 122 118
split_gain=0.172704 0.240214 0.131134 0.113651 0.0994205 0.240866 0.0228473 0.0201821 0.00235299 0.00979339
threshold=0 444942.55918898812 1.0000000180025095e-35 18.425925925925931 11.500000000000002 33.500000000000007 8.5000000000000018 1.0000000180025095e-35 39.500000000000007 1.0000000180025095e-35
decision_type=9 2 8 10 8 8 8 8 10 10
left_child=3 2 -2 6 -3 -6 -1 -4 9 -5
right_child=1 4 7 8 5 -7 -8 -9 -10 -11
leaf_value=0.0001762799395880533 0.00082341721900752675 -0.00025270209072573372 -0.00027296321175183133 -5.4441381787609336e-05 -0.0002228651442012848 -0.0012995284439968632 0.00071294195984806358 4.6597748492306195e-05 -6.0793476740233352e-06 -0.00029170943516331052
leaf_weight=42 33 31 36 24 29 98 130 65 28 28
leaf_count=42 33 31 36 24 29 98 130 65 28 28
internal_value=2.77735e-06 -0.000239543 0.000156981 0.000310371 -0.000671832 -0.000907141 0.000572403 4.20826e-06 -1.51867e-05 -0.000124348
internal_weight=544 292 134 252 158 127 172 101 80 52
internal_count=544 292 134 252 158 127 172 101 80 52
cat_boundaries=0 1
cat_threshold=2296156
is_linear=0
shrinkage=0.0167612


Tree=269
num_leaves=7
num_cat=1
split_feature=60 203 46 80 218 1
split_gain=0.116421 0.194082 0.0947091 0.0966209 0.0516885 0.0452467
threshold=15.122670807453419 1.0000000180025095e-35 115.50000000000001 330339.98473214294 2.3269016697588127 0
decision_type=8 10 8 10 10 1
left_child=4 2 3 -2 -1 -4
right_child=1 -3 5 -5 -6 -7
leaf_value=0.00017535009278698592 -9.9477011192249679e-05 -0.00098016411955851581 0.00035436045503270701 -0.00078346244401552862 0.00084363323346280084 9.8032802440875634e-06
leaf_weight=34 31 26 116 61 49 227
leaf_count=34 31 26 116 61 49 227
internal_value=3.72738e-06 -8.2026e-05 -3.3792e-06 -0.00039633 0.00049433 0.000128866
internal_weight=544 461 435 92 83 343
internal_count=544 461 435 92 83 343
cat_boundaries=0 1
cat_threshold=100
is_linear=0
shrinkage=0.0167612


Tree=270
num_leaves=8
num_cat=0
split_feature=13 74 63 11 64 137 42
split_gain=0.181544 0.114825 0.107867 0.171313 0.0513689 0.0381944 0.0138116
threshold=639277.77777777787 1.5000000000000002 864805.84544901073 0.6830127018922193 12.500000000000002 1.0000000180025095e-35 1330973.2666666668
decision_type=2 8 10 2 10 10 8
left_child=1 -1 3 4 -2 6 -3
right_child=2 5 -4 -5 -6 -7 -8
leaf_value=0.00078374182256839894 -1.7827494304383965e-05 6.8876921325647023e-05 0.00020299803716769015 -0.0011575772838167571 -0.00045236332534761138 -0.0002260842948788258 0.00025894952708187409
leaf_weight=70 96 32 34 48 69 34 161
leaf_count=70 96 32 34 48 69 34 161
internal_value=3.28765e-06 0.000281176 -0.000293933 -0.000468729 -0.000188708 8.52341e-05 0.000186801
internal_weight=544 297 247 213 165 227 193
internal_count=544 297 247 213 165 227 193
is_linear=0
shrinkage=0.0167612


Tree=271
num_leaves=7
num_cat=0
split_feature=213 44 11 164 185 144
split_gain=0.125716 0.113877 0.0928512 0.15185 0.047739 0.0199887
threshold=1120618.0696225076 1.0411802802688035 0.6830127018922193 56750204.253933512 8.5358851674641176 0.022044573643410805
decision_type=10 10 2 8 8 10
left_child=1 2 4 -4 -1 -2
right_child=5 -3 3 -5 -6 -7
leaf_value=-0.0001541996691075553 -0.00099431256946781927 0.00068970293240329394 -0.00094252767745719405 -4.6605492141266994e-05 0.00026921231521033397 -0.00025854423127108771
leaf_weight=33 25 46 41 101 274 24
leaf_count=33 25 46 41 101 274 24
internal_value=2.99545e-06 9.82639e-05 3.92697e-06 -0.000298452 0.000171149 -0.000590533
internal_weight=544 495 449 142 307 49
internal_count=544 495 449 142 307 49
is_linear=0
shrinkage=0.0167612


Tree=272
num_leaves=10
num_cat=0
split_feature=13 55 41 7 120 63 25 161 6
split_gain=0.0977986 0.158591 0.103045 0.0777385 0.0891678 0.0443825 0.0435469 0.0420559 0.000461821
threshold=720721.94354838727 2.5000000000000004 1.0000000180025095e-35 1.0000000180025095e-35 46.000000000000007 883301.31531746045 1.6550000000000002 29.500000000000004 1.0000000180025095e-35
decision_type=2 8 10 2 10 10 10 8 2
left_child=1 3 5 4 -1 6 -2 -3 -9
right_child=2 7 -4 -5 -6 -7 -8 8 -10
leaf_value=-5.6840868811842718e-05 -6.3216768223587431e-05 -0.00056507444817740767 -0.00084476274532796416 0.00096573278614472426 0.00055704887081165053 0.00029843652695820105 -0.00048619524316818245 -4.4179739113668122e-05 -2.8550391374351744e-06
leaf_weight=66 45 27 42 49 80 28 58 44 96
leaf_count=66 45 27 42 49 80 28 58 44 96
internal_value=0 0.000152994 -0.000293528 0.000469557 0.000248337 -4.81472e-05 -0.00021542 -0.000148746 -1.75193e-05
internal_weight=535 362 173 195 146 131 103 167 140
internal_count=535 362 173 195 146 131 103 167 140
is_linear=0
shrinkage=0.0167612


Tree=273
num_leaves=11
num_cat=1
split_feature=0 149 15 33 28 121 10 218 33 38
split_gain=0.161268 0.062775 0.0615929 0.106446 0.0788724 0.0556067 0.090446 0.0520717 0.051323 0.000808576
threshold=0 110.50000000000001 1.0000000180025095e-35 1090171.2385487531 31.500000000000004 -0.70609429639900279 -1.0000000180025095e-35 2.4340579710144934 729443.25741943263 110538.91637529132
decision_type=9 10 2 8 8 10 2 10 10 8
left_child=2 5 3 8 -4 6 -2 -3 -1 -7
right_child=1 7 4 -5 -6 9 -8 -9 -10 -11
leaf_value=0.00072142214425801893 8.5591710562892231e-05 -8.1540509465788833e-05 0.00023761282624487715 -0.00034429943439614249 0.0011012300006931351 -0.00092948219724719137 -0.00049712969846500569 0.00049485895590766827 0.00013741610624190133 -0.0003369141345141237
leaf_weight=51 102 25 35 45 44 47 88 33 37 28
leaf_count=51 102 25 35 45 44 47 88 33 37 28
internal_value=0 -0.000218073 0.000325311 0.000100899 0.000682567 -0.000352165 -0.000164729 8.05241e-05 0.000409446 -0.000702904
internal_weight=535 323 212 133 79 265 190 58 88 75
internal_count=535 323 212 133 79 265 190 58 88 75
cat_boundaries=0 1
cat_threshold=2231116
is_linear=0
shrinkage=0.0167612


Tree=274
num_leaves=8
num_cat=0
split_feature=77 105 13 143 42 59 182
split_gain=0.0339229 0.0965927 0.310839 0.29827 0.0787455 0.0676302 0.0189231
threshold=1.0000000180025095e-35 32.500000000000007 228431.44574332176 1.0000000180025095e-35 762733.11688311701 1.0000000180025095e-35 1.0000000180025095e-35
decision_type=10 8 2 8 8 10 10
left_child=1 6 3 -3 -2 -4 -1
right_child=4 2 5 -5 -6 -7 -8
leaf_value=0.00070188014532503867 6.1633692071661624e-06 8.522212909142542e-05 -0.00061249941677043464 0.0015110974620663265 0.00063290205519689281 -9.5646815895004849e-05 0.0001698355847036562
leaf_weight=33 41 26 182 37 53 137 26
leaf_count=33 41 26 182 37 53 137 26
internal_value=0 -5.69166e-05 -0.000171208 0.000638351 0.000246453 -0.00039932 0.00040609
internal_weight=535 441 382 63 94 319 59
internal_count=535 441 382 63 94 319 59
is_linear=0
shrinkage=0.0167612


Tree=275
num_leaves=10
num_cat=1
split_feature=10 1 59 154 2 65 60 9 28
split_gain=0.0708151 0.181858 0.10197 0.165955 0.0404 0.0327786 0.0466115 0.0102692 0.00649749
threshold=0.25000000000000011 0 0.95000000000000007 13.500000000000002 2024.5000000000002 4.5000000000000009 14.668981481481483 1.0000000180025095e-35 61.500000000000007
decision_type=2 1 8 10 2 10 10 2 8
left_child=2 8 3 -1 -3 7 -7 -4 -2
right_child=1 4 5 -5 -6 6 -8 -9 -10
leaf_value=0.0012745069683266479 -0.00097689239754701705 2.7986620028118186e-05 -3.5143922517133307e-05 0.0002154934644778524 0.00044756186205950935 0.00045353046442635502 2.8788571367711525e-05 -0.00041457154735047053 -0.00039172258188037212
leaf_weight=34 54 65 92 35 52 62 69 24 48
leaf_count=34 54 65 92 35 52 62 69 24 48
internal_value=0 -0.000210995 0.000154911 0.000619027 0.000125315 1.08976e-05 0.000163404 -0.000175188 -0.000648761
internal_weight=535 219 316 69 117 247 131 116 102
internal_count=535 219 316 69 117 247 131 116 102
cat_boundaries=0 1
cat_threshold=70
is_linear=0
shrinkage=0.0167612


Tree=276
num_leaves=9
num_cat=1
split_feature=33 0 25 112 113 149 166 164
split_gain=0.0786326 0.218111 0.119383 0.0571355 0.0525564 0.0389056 0.0338276 0.0299904
threshold=941923.35459183692 0 3.7750000000000004 1.0000000180025095e-35 140140.8481998771 72.500000000000014 1.0000000180025095e-35 56559814.956775039
decision_type=8 9 10 10 10 10 8 8
left_child=2 6 4 7 5 -1 -2 -3
right_child=1 3 -4 -5 -6 -7 -8 -9
leaf_value=-0.00046550690491574062 0.00012680398109774676 -0.00095696555317144804 0.00085233247091555245 -0.00013570346023082032 0.00040520923097793168 -3.0560452401718462e-05 0.00063556523613196591 -0.00038897559507275117
leaf_weight=37 34 38 41 37 39 64 70 175
leaf_count=37 34 38 41 37 39 64 70 175
internal_value=0 -0.000136094 0.000260692 -0.000404343 3.07043e-05 -0.000135205 0.000357473 -0.000542283
internal_weight=535 354 181 250 140 101 104 213
internal_count=535 354 181 250 140 101 104 213
cat_boundaries=0 1
cat_threshold=18874668
is_linear=0
shrinkage=0.0167612


Tree=277
num_leaves=9
num_cat=0
split_feature=13 91 43 149 110 5 102 110
split_gain=0.151058 0.265932 0.13168 0.0926662 0.0915802 0.035292 0.0288048 0.00141587
threshold=238015.73506944449 1.0000000180025095e-35 1.0000000180025095e-35 83.500000000000014 1.0000000180025095e-35 2.5000000000000004 70730.850830443946 1.0000000180025095e-35
decision_type=2 10 10 8 8 2 8 10
left_child=1 -1 4 5 -2 -4 -5 -6
right_child=2 -3 3 6 7 -7 -8 -9
leaf_value=0.0013523887926767603 -3.4868125704939248e-05 4.7861069518639151e-05 -0.00059353324879892258 7.8404053108083757e-05 -0.00045253799333529665 -0.00010625347394023886 0.00045050245353033219 -0.00091538681683763846
leaf_weight=41 41 31 35 56 130 29 135 37
leaf_count=41 41 31 35 56 130 29 135 37
internal_value=0 0.000580532 -0.000105519 0.000104637 -0.000406574 -0.000271115 0.000313316 -0.000603523
internal_weight=535 72 463 255 208 64 191 167
internal_count=535 72 463 255 208 64 191 167
is_linear=0
shrinkage=0.0167612


Tree=278
num_leaves=10
num_cat=0
split_feature=110 173 130 103 133 12 42 24 14
split_gain=0.0504447 0.0962801 0.0694023 0.102621 0.0727803 0.0552017 0.00552818 0.00168108 0.0751644
threshold=1.0000000180025095e-35 1.0000000180025095e-35 3.5000000000000004 303970.090909091 0.028484848484848453 1.0000000180025095e-35 193330.54206138689 1.0000000180025095e-35 18.000000000000004
decision_type=8 8 8 8 10 2 10 8 2
left_child=2 5 -1 6 -5 -2 -4 -3 -9
right_child=1 7 3 4 -6 -7 -8 8 -10
leaf_value=0.00065637945882617271 -0.00025903321241836614 6.823313293946313e-05 0.00084248203045984057 -0.00041218625889495418 0.00013908457985312787 -0.00099319012443374339 0.00023428394988892414 -0.00028238990993138368 0.00032284525130262448
leaf_weight=35 25 56 26 105 59 38 30 104 57
leaf_count=35 25 56 26 105 59 38 30 104 57
internal_value=0 -0.000142809 0.000162268 2.71194e-05 -0.000140472 -0.000605509 0.000520433 -1.13249e-05 -7.66344e-06
internal_weight=535 280 255 220 164 63 56 217 161
internal_count=535 280 255 220 164 63 56 217 161
is_linear=0
shrinkage=0.0167612


Tree=279
num_leaves=11
num_cat=0
split_feature=10 164 55 213 59 28 81 75 62 12
split_gain=0.119103 0.130948 0.106914 0.204267 0.0995495 0.0864941 0.0183848 0.0613473 0.0454508 0.000287607
threshold=-0.24999999999999994 56417901.803659268 2.5000000000000004 1165326.7890872357 2.2419354838709684 35.500000000000007 1.0000000180025095e-35 1.2645283059603567 817930.75827658549 1.0000000180025095e-35
decision_type=2 8 8 10 10 10 8 8 8 2
left_child=2 4 3 5 -2 -1 7 -3 -8 -4
right_child=1 6 9 -5 -6 -7 8 -9 -10 -11
leaf_value=0.0012061557694880848 -0.0011293112593321194 0.00058488049041148407 -8.270588538455376e-05 -0.00011899882668011054 -0.00027678803249561349 0.00039636004896259597 -0.00048395486834671054 2.2504282026298982e-05 -1.6348525769870326e-05 -4.0577579726084305e-06
leaf_weight=83 49 31 51 24 28 25 36 65 111 32
leaf_count=83 49 31 51 24 28 25 36 65 111 32
internal_value=0 -0.000190021 0.000285387 0.000578906 -0.000691439 0.000926521 -1.35718e-05 0.000144269 -0.00011344 -1.1005e-05
internal_weight=535 320 215 132 77 108 243 96 147 83
internal_count=535 320 215 132 77 108 243 96 147 83
is_linear=0
shrinkage=0.0167612


Tree=280
num_leaves=11
num_cat=1
split_feature=0 14 143 105 84 52 133 202 83 22
split_gain=0.18938 0.0906893 0.0894217 0.0951358 0.0749116 0.0713592 0.0428716 0.0262225 0.0304394 0.000452748
threshold=0 18.000000000000004 1.0000000180025095e-35 23.500000000000004 1002019.6897461816 1.0000000180025095e-35 0.26120857699805072 69.000000000000014 0.99999999998429967 1.0000000180025095e-35
decision_type=9 2 10 8 8 8 8 8 8 10
left_child=1 7 3 -2 6 -5 -4 8 -1 -6
right_child=2 -3 4 5 9 -7 -8 -9 -10 -11
leaf_value=0.00060592911669444182 6.2412687232147422e-05 0.00096587353345121757 0.00018115919858738619 -0.00087508494533774367 -6.2662345619662031e-05 -0.00023100141836173449 0.00087689375433451348 2.9555967504213197e-05 7.0501748570495949e-05 -0.00030003576168736296
leaf_weight=40 24 36 29 101 33 112 25 40 88 25
leaf_count=40 24 36 29 101 33 112 25 40 88 25
internal_value=0 0.000362537 -0.000223884 -0.000420569 4.38491e-05 -0.000563236 0.000462243 0.00019634 0.000301591 -0.000173299
internal_weight=553 204 349 237 112 213 54 168 128 58
internal_count=553 204 349 237 112 213 54 168 128 58
cat_boundaries=0 1
cat_threshold=658028
is_linear=0
shrinkage=0.0167612


Tree=281
num_leaves=10
num_cat=0
split_feature=13 108 156 11 56 25 164 63 166
split_gain=0.190819 0.129297 0.100067 0.130235 0.0516831 0.0327258 0.0264864 0.0144581 0.00602644
threshold=670718.75000000012 1.0000000180025095e-35 1.0000000180025095e-35 -1.0000000180025095e-35 1.0000000180025095e-35 2.5900000000000003 56894836.535400413 665017.50000000012 1.0000000180025095e-35
decision_type=2 10 8 2 10 10 8 10 10
left_child=1 4 3 -2 6 7 -1 -4 -3
right_child=2 8 5 -5 -6 -7 -8 -9 -10
leaf_value=-0.00031950560640959288 -0.00030236547391061737 0.00039930973691390764 3.239893131116375e-06 -0.0015578371049301235 0.00045810272202192451 -0.00033105924692065068 1.7240802102635055e-05 0.00026230852668207241 0.0010718773150964593
leaf_weight=38 36 29 63 24 38 73 183 26 43
leaf_count=38 36 29 63 24 38 73 183 26 43
internal_value=0 0.000242777 -0.000350661 -0.00084741 5.57589e-05 -0.000122106 -1.74626e-05 1.41606e-05 0.000768837
internal_weight=553 331 222 60 259 162 221 89 72
internal_count=553 331 222 60 259 162 221 89 72
is_linear=0
shrinkage=0.0167612


Tree=282
num_leaves=8
num_cat=0
split_feature=151 201 13 225 186 33 65
split_gain=0.126459 0.0540756 0.0757254 0.0643908 0.0486692 0.0301452 0.113736
threshold=1.0000000180025095e-35 697094.13043478271 259036.4666666667 24.500000000000004 887884.8550000001 903155.30219780235 6.5000000000000009
decision_type=8 8 2 10 10 8 10
left_child=5 3 -3 -2 -4 -1 -7
right_child=1 2 4 -5 -6 6 -8
leaf_value=-0.00016187436242714223 0.00079535039629428223 0.0004988578910658162 -0.00014735173380774156 0.00016547795956879741 0.00032262869166981137 -0.00029169168149169002 -0.0011477166165522145
leaf_weight=34 49 45 294 32 32 26 41
leaf_count=34 49 45 294 32 32 26 41
internal_value=0 0.000117075 1.53505e-05 0.000448792 -5.41099e-05 -0.00045634 -0.000697457
internal_weight=553 452 371 81 326 101 67
internal_count=553 452 371 81 326 101 67
is_linear=0
shrinkage=0.0167612


Tree=283
num_leaves=8
num_cat=0
split_feature=13 143 77 11 8 83 185
split_gain=0.148354 0.195407 0.102837 0.0670833 0.0970726 0.0374512 0.0130022
threshold=228431.44574332176 1.0000000180025095e-35 1.0000000180025095e-35 -0.5 1.0000000180025095e-35 0.9999999999854261 48.191374663072786
decision_type=2 8 10 2 2 10 8
left_child=1 -1 3 6 -5 -4 -2
right_child=2 -3 5 4 -6 -7 -8
leaf_value=0.00017139605983219517 0.00022519111187629186 0.0012757577799348868 0.00054278196961286438 -0.00052978607407545917 5.8915092342032879e-05 0.00010967886597958936 -6.523310013670378e-06
leaf_weight=25 34 39 63 227 39 31 95
leaf_count=25 34 39 63 227 39 31 95
internal_value=0 0.000602424 -9.63029e-05 -0.000227491 -0.000379599 0.000291591 -1.01788e-05
internal_weight=553 64 489 395 266 94 129
internal_count=553 64 489 395 266 94 129
is_linear=0
shrinkage=0.0167612


Tree=284
num_leaves=9
num_cat=0
split_feature=97 13 137 11 7 49 106 9
split_gain=0.0827954 0.192389 0.193985 0.114037 0.0628302 0.0606438 0.0464992 0.0464021
threshold=1.0000000180025095e-35 366218.75088881719 1.0000000180025095e-35 1.0000000180025095e-35 1.0000000180025095e-35 1.0000000180025095e-35 1.0000000180025095e-35 1.0000000180025095e-35
decision_type=8 2 8 2 2 8 8 2
left_child=3 2 -2 -1 5 -3 -4 -6
right_child=1 4 6 -5 7 -7 -8 -9
leaf_value=-0.00013844330549817784 0.001476113306915266 -2.579880017891648e-05 2.0229466426392767e-05 -0.0009590737336662294 0.0004381164080310065 -0.00054713173564030959 0.00047295555066821486 -2.6611886449578085e-05
leaf_weight=38 26 159 42 37 68 92 59 32
leaf_count=38 26 159 42 37 68 92 59 32
internal_value=0 8.17309e-05 0.000583588 -0.000419914 -8.82315e-05 -0.000245268 0.000255447 0.000168036
internal_weight=553 478 127 75 351 251 101 100
internal_count=553 478 127 75 351 251 101 100
is_linear=0
shrinkage=0.0167612


Tree=285
num_leaves=7
num_cat=1
split_feature=0 33 90 33 10 225
split_gain=0.135894 0.249993 0.0796393 0.0747596 0.0213594 0.01648
threshold=0 356883.9378531074 20.500000000000004 1029411.6643269431 -0.5 4.5000000000000009
decision_type=9 8 10 10 2 8
left_child=2 -2 5 4 -3 -1
right_child=1 3 -4 -5 -6 -7
leaf_value=-0.00030283325558842891 0.0011330416787749629 0.00030211687364854262 -0.00086068202693477525 -0.00045362373010137563 7.5047735028241295e-06 -1.03279029201819e-05
leaf_weight=25 30 93 52 41 256 56
leaf_count=25 30 93 52 41 256 56
internal_value=0 0.000145416 -0.000392864 1.66663e-05 0.000110296 -9.18504e-05
internal_weight=553 420 133 390 349 81
internal_count=553 420 133 390 349 81
cat_boundaries=0 1
cat_threshold=16884864
is_linear=0
shrinkage=0.0167612


Tree=286
num_leaves=10
num_cat=1
split_feature=0 13 22 63 143 33 161 13 9
split_gain=0.177692 0.124467 0.0778491 0.0393914 0.134727 0.0316163 0.0245602 0.0278676 0.00652315
threshold=0 396531.29017857148 1.0000000180025095e-35 420993.42688363232 1.0000000180025095e-35 1079100.7241568628 16.500000000000004 705068.181818182 1.0000000180025095e-35
decision_type=9 2 8 10 8 8 10 2 2
left_child=3 2 -2 4 -1 -6 8 -8 -3
right_child=1 6 -4 -5 5 -7 7 -9 -10
leaf_value=-0.00086661741125627022 0.0013334645088066567 -9.2848623898341077e-06 0.00037961631376389843 -0.00011535018327005252 0.00026137787368355186 -0.00019113838577649499 0.00044814693272416029 6.7942002719021468e-05 -0.00023024876564162051
leaf_weight=88 25 115 63 33 24 86 52 42 25
leaf_count=88 25 115 63 33 24 86 52 42 25
internal_value=0 0.000240453 0.000711664 -0.000319012 -0.000445478 -6.46996e-05 3.468e-05 0.000220616 -6.64131e-05
internal_weight=553 322 88 231 198 110 234 94 140
internal_count=553 322 88 231 198 110 234 94 140
cat_boundaries=0 1
cat_threshold=16888978
is_linear=0
shrinkage=0.0167612


Tree=287
num_leaves=8
num_cat=1
split_feature=0 218 151 213 42 122 201
split_gain=0.102197 0.0838993 0.071858 0.112927 0.0642513 0.0572193 0.0104104
threshold=0 3.6181818181818186 1.0000000180025095e-35 680775.0755295431 1078117.0312753625 8.5000000000000018 1093751.6158635679
decision_type=9 8 8 8 8 10 8
left_child=1 -1 5 4 -4 -2 -5
right_child=2 -3 3 6 -6 -7 -8
leaf_value=0.00010838623594967343 -0.00013535616731532123 0.00081403134940149959 0.00014467394402878296 -3.704825072979168e-05 0.0010023183926578148 -0.00076552768434052002 -0.00019927599348955544
leaf_weight=48 43 56 44 53 26 58 225
leaf_count=48 43 56 44 53 26 58 225
internal_value=0 0.000386737 -0.000105466 -5.37569e-06 0.000485255 -0.00044676 -0.000142104
internal_weight=553 104 449 348 70 101 278
internal_count=553 104 449 348 70 101 278
cat_boundaries=0 1
cat_threshold=524364
is_linear=0
shrinkage=0.0167612


Tree=288
num_leaves=9
num_cat=0
split_feature=74 216 40 13 7 205 110 205
split_gain=0.116794 0.212137 0.0834883 0.0512065 0.0817688 0.0795766 0.0681915 0.0445828
threshold=3.5000000000000004 0.081519550992455558 1.0000000180025095e-35 377332.12229437241 1.0000000180025095e-35 1.0000000180025095e-35 1.0000000180025095e-35 1.0000000180025095e-35
decision_type=10 10 10 2 2 10 8 10
left_child=3 2 -2 7 6 -6 -5 -1
right_child=1 -3 -4 4 5 -7 -8 -9
leaf_value=0.00079459914439952109 -0.0012143858055867571 0.00043782157222155098 -0.00029065165918620872 0.00017842648179527956 0.0007840112483264301 0.0002046010935964155 -0.00031352081362585811 0.00024419168126609626
leaf_weight=67 38 26 59 118 67 24 110 24
leaf_count=67 38 26 59 118 67 24 110 24
internal_value=9.39063e-05 -0.000276692 -0.000688303 0.000236828 0.000114551 0.000471214 -1.78123e-05 0.000557751
internal_weight=533 123 97 410 319 91 228 91
internal_count=533 123 97 410 319 91 228 91
is_linear=0
shrinkage=0.0167612


Tree=289
num_leaves=10
num_cat=0
split_feature=13 182 74 93 137 225 133 11 6
split_gain=0.170459 0.119016 0.212802 0.0828863 0.0451683 0.0423266 0.0530246 0.0206943 0.0106171
threshold=396531.29017857148 1.0000000180025095e-35 5.5000000000000009 1.0000000180025095e-35 1.0000000180025095e-35 4.5000000000000009 0.14550264550264549 0.25000000000000017 1.5000000000000002
decision_type=2 10 10 10 8 10 8 2 2
left_child=3 5 8 4 -1 7 -7 -2 -3
right_child=1 2 -4 -5 -6 6 -8 -9 -10
leaf_value=0.0011690799665161271 8.2898780386860945e-05 -0.0001602052456096917 -0.0012095624356830308 0.00018532133262549099 0.0004371155023825626 0.00012516746966196587 0.00061231629670289057 -0.00023325629241098534 7.13771879643095e-05
leaf_weight=42 65 71 39 33 84 34 68 57 40
leaf_count=42 65 71 39 33 84 34 68 57 40
internal_value=9.22965e-05 -7.55588e-05 -0.000422163 0.000512524 0.000736978 0.000116354 0.00035286 1.20078e-06 -6.08406e-05
internal_weight=533 374 150 159 126 224 102 122 111
internal_count=533 374 150 159 126 224 102 122 111
is_linear=0
shrinkage=0.0167612


Tree=290
num_leaves=8
num_cat=0
split_feature=203 42 11 148 60 11 169
split_gain=0.0880944 0.0311787 0.0277915 0.0355456 0.0311171 0.00728962 0.0370987
threshold=1.0000000180025095e-35 738249.55952380958 1.0000000180025095e-35 1.0000000180025095e-35 26.847826086956527 0.6830127018922193 1.0000000180025095e-35
decision_type=10 8 2 8 8 2 8
left_child=1 5 3 -3 -4 6 -1
right_child=-2 2 4 -5 -6 -7 -8
leaf_value=-0.00045356593425176797 -0.00041244143686234382 0.0005788305249834055 0.00040281909483590948 8.1612080085074101e-05 6.1893547488393573e-06 3.4696030205972104e-05 -3.5535066325363947e-05
leaf_weight=35 42 109 25 85 172 24 41
leaf_count=35 42 109 25 85 172 24 41
internal_value=8.99623e-05 0.000166974 0.000238906 0.000382283 6.31469e-05 4.59675e-06 -0.000133507
internal_weight=533 491 391 194 197 100 76
internal_count=533 491 391 194 197 100 76
is_linear=0
shrinkage=0.0167612


Tree=291
num_leaves=10
num_cat=1
split_feature=0 80 74 19 197 117 11 55 19
split_gain=0.193268 0.136374 0.0743203 0.132535 0.0783977 0.0564983 0.027632 0.0633532 0.0158625
threshold=0 1083568.0859682541 3.5000000000000004 7.0000000000000009 10.500000000000002 1.0000000180025095e-35 0.25000000000000017 3.5000000000000004 2.5000000000000004
decision_type=9 8 10 10 10 10 2 8 10
left_child=1 -1 6 4 -4 -3 7 -2 -8
right_child=2 5 3 -5 -6 -7 8 -9 -10
leaf_value=0.00019235205818204695 0.00042924088220082704 0.0014317449933690879 -0.0014394634511567747 -9.8751204079814033e-05 -0.00038921858441767727 0.00049656897378163537 -1.9212643364008141e-05 -4.2261677950061067e-05 -0.00030835117290626933
leaf_weight=38 104 47 29 44 25 36 85 81 44
leaf_count=38 104 47 29 44 25 36 85 81 44
internal_value=8.84735e-05 0.000583425 -6.53742e-05 -0.000420546 -0.000909827 0.00101298 2.20669e-05 0.000166368 -0.000106587
internal_weight=533 121 412 98 54 83 314 185 129
internal_count=533 121 412 98 54 83 314 185 129
cat_boundaries=0 1
cat_threshold=6216
is_linear=0
shrinkage=0.0167612


Tree=292
num_leaves=6
num_cat=0
split_feature=203 13 131 113 97
split_gain=0.0833733 0.162808 0.144013 0.0301608 0.0308958
threshold=1.0000000180025095e-35 358586.80590866297 1.0000000180025095e-35 53899.07190371419 1.0000000180025095e-35
decision_type=10 2 8 8 8
left_child=1 2 -1 -3 -5
right_child=-2 3 -4 4 -6
leaf_value=0.00017570928390192963 -0.00040155368510983049 -0.00033251128531953836 0.0010958906235776114 0.00038523959115867686 2.2712612652590195e-06
leaf_weight=49 42 33 69 29 311
leaf_count=49 42 33 69 29 311
internal_value=8.65026e-05 0.000161806 0.000636357 7.72101e-06 4.00637e-05
internal_weight=533 491 118 373 340
internal_count=533 491 118 373 340
is_linear=0
shrinkage=0.0167612


Tree=293
num_leaves=9
num_cat=0
split_feature=216 11 152 192 27 25 113 196
split_gain=0.0751613 0.135396 0.129585 0.0837386 0.0552263 0.0155374 0.00969591 0.00896345
threshold=0.10003803750205041 -0.24999999999999994 264.00000000000006 1.0000000180025095e-35 1.0000000180025095e-35 2.2950000000000004 155345.99106560907 1.0000000180025095e-35
decision_type=10 2 8 8 8 8 10 10
left_child=1 2 -1 7 -4 -5 -2 -3
right_child=6 3 4 5 -6 -7 -8 -9
leaf_value=-0.00013025809305095806 0.00024013895614525681 -0.00031035399072518416 0.00025408728484927184 0.00013999508845525827 0.00078568865686349609 -0.0001187922780807544 0.00083550260114921126 -0.0010126544721728783
leaf_weight=44 41 24 26 29 113 200 26 30
leaf_count=44 41 24 26 29 113 200 26 30
internal_value=8.43558e-05 3.25292e-06 0.000330196 -0.000209214 0.000607542 -5.07024e-05 0.000503861 -0.000683431
internal_weight=533 466 183 283 139 229 67 54
internal_count=533 466 183 283 139 229 67 54
is_linear=0
shrinkage=0.0167612


Tree=294
num_leaves=10
num_cat=1
split_feature=0 165 151 42 79 102 49 110 215
split_gain=0.185421 0.115995 0.0848091 0.0749535 0.127425 0.0431901 0.0323026 0.0302729 0.0113708
threshold=0 17.500000000000004 1.0000000180025095e-35 267628.12876373186 1.0000000180025095e-35 81584.229745774108 1.0000000180025095e-35 1.0000000180025095e-35 3.7912087912087915
decision_type=9 8 8 10 8 10 10 10 8
left_child=1 -1 7 4 -3 6 -4 -2 -7
right_child=2 3 5 -5 -6 8 -8 -9 -10
leaf_value=0.00022523811902843668 -0.00022191333309565399 0.00052481606044335691 -0.0001404984796728594 0.00036368783946512552 0.0018241168071242268 0.00056806853269661438 0.00024495360749445579 -0.00082807477983349741 0.00013529275003623239
leaf_weight=28 25 27 257 29 37 33 29 40 28
leaf_count=28 25 27 257 29 37 33 29 40 28
internal_value=8.23527e-05 0.000567682 -6.79184e-05 0.000927981 0.00126318 1.59182e-06 -5.33879e-05 -0.000518739 0.000337972
internal_weight=533 121 412 93 64 347 286 65 61
internal_count=533 121 412 93 64 347 286 65 61
cat_boundaries=0 1
cat_threshold=6216
is_linear=0
shrinkage=0.0167612


Tree=295
num_leaves=9
num_cat=0
split_feature=13 43 17 7 164 10 137 51
split_gain=0.22678 0.348198 0.0981501 0.0332106 0.0407538 0.0318514 0.0441327 0.0203356
threshold=457860.51196581201 1.0000000180025095e-35 1.0000000180025095e-35 1.0000000180025095e-35 56652640.293106452 -0.6830127018922193 1.0000000180025095e-35 1.0000000180025095e-35
decision_type=2 8 10 2 10 2 10 10
left_child=2 -2 5 7 -5 -1 -7 -3
right_child=1 3 -4 4 -6 6 -8 -9
leaf_value=0.00010067552125542573 -0.0013334070406838291 -0.00023902753837324356 0.0011982618342078711 0.00051465396848703493 7.7875336918627243e-05 0.00059026200089204689 0.00015279722383694657 -1.5637431432987429e-05
leaf_weight=43 28 124 24 50 37 108 34 85
leaf_count=43 28 124 24 50 37 108 34 85
internal_value=8.06742e-05 -0.000163807 0.000487093 -9.72909e-06 0.000232038 0.000332292 0.000430751 -0.000102438
internal_weight=533 324 209 296 87 185 142 209
internal_count=533 324 209 296 87 185 142 209
is_linear=0
shrinkage=0.0167612


Tree=296
num_leaves=7
num_cat=1
split_feature=0 68 75 6 10 149
split_gain=0.164471 0.087147 0.0471447 0.128715 0.0269448 0.026248
threshold=0 1.0000000180025095e-35 1.1135693906185542 1.0000000180025095e-35 0.68301270189221941 62.500000000000007
decision_type=9 8 8 2 2 10
left_child=5 2 -2 -4 -3 -1
right_child=1 4 3 -5 -6 -7
leaf_value=0.00076226699952465526 3.9881574772801443e-05 0.00038765069520618306 -0.00092559502884830274 -0.00011673154791796247 8.4316300850689166e-05 0.00017580117572648721
leaf_weight=92 33 92 54 185 30 37
leaf_count=92 33 92 54 185 30 37
internal_value=8.17787e-05 -6.76347e-05 -0.000248984 -0.000354069 0.000219651 0.000523819
internal_weight=523 394 272 239 122 129
internal_count=523 394 272 239 122 129
cat_boundaries=0 1
cat_threshold=2103364
is_linear=0
shrinkage=0.0167612


Tree=297
num_leaves=11
num_cat=0
split_feature=13 164 10 13 23 27 182 171 196 130
split_gain=0.223509 0.245541 0.155075 0.123502 0.12935 0.13859 0.059334 0.0385703 0.0348016 0.00770997
threshold=583039.28750000009 56652640.293106452 0.25000000000000011 427905.18238993717 900.00000000000011 1.0000000180025095e-35 1.0000000180025095e-35 116.03826205000001 21.500000000000004 4.5000000000000009
decision_type=2 8 2 2 10 10 10 10 10 10
left_child=3 2 -2 4 5 -1 9 -5 -8 -3
right_child=1 6 -4 7 -6 -7 8 -9 -10 -11
leaf_value=0.00060603935611695716 -0.00038015622426319426 0.00032983572936602634 -0.0016709061856085949 -0.00038206897615757405 0.00016257684854305385 0.0017142454628803836 -0.00056882682588282765 0.00011142163445920593 -0.00011342762007843324 7.1241756680513567e-05
leaf_weight=122 29 89 33 34 54 24 39 31 28 40
leaf_count=122 29 89 33 34 54 24 39 31 28 40
internal_value=8.03505e-05 -0.000228124 -0.000970001 0.000412082 0.000632287 0.000885993 -1.69126e-05 1.53866e-05 -0.000283352 0.000223708
internal_weight=523 258 62 265 200 146 196 65 67 129
internal_count=523 258 62 265 200 146 196 65 67 129
is_linear=0
shrinkage=0.0167612


Tree=298
num_leaves=8
num_cat=0
split_feature=36 44 46 177 6 43 11
split_gain=0.12504 0.0625967 0.0454879 0.112153 0.0181088 0.0174326 0.0181062
threshold=2.5000000000000004 1.8001849938076473 249.00000000000003 1.0000000180025095e-35 1.5000000000000002 1.0000000180025095e-35 0.25000000000000017
decision_type=10 8 10 10 2 10 2
left_child=4 2 3 -2 -1 -3 -7
right_child=1 5 -4 -5 -6 6 -8
leaf_value=0.00057179163645621367 0.00067652416142773529 -0.00061230873423059331 -0.00031037582649729188 3.2182038891276195e-06 0.00011462143604356042 -1.5248178707782934e-05 -0.00031047619428546994
leaf_weight=117 54 52 32 143 60 33 32
leaf_count=117 54 52 32 143 60 33 32
internal_value=7.85878e-05 -7.81709e-05 3.32227e-05 0.00016424 0.000415469 -0.000367631 -0.000120936
internal_weight=523 346 229 197 177 117 65
internal_count=523 346 229 197 177 117 65
is_linear=0
shrinkage=0.0167612


Tree=299
num_leaves=7
num_cat=1
split_feature=0 19 149 197 149 5
split_gain=0.156119 0.0868354 0.0411566 0.0387173 0.0357695 0.0045131
threshold=0 11.000000000000002 245.50000000000003 10.500000000000002 66.000000000000014 2.5000000000000004
decision_type=9 8 8 10 10 2
left_child=4 2 3 -2 -1 -3
right_child=1 5 -4 -5 -6 -7
leaf_value=0.00075094055354476695 -0.00029622042834589552 4.9060787007682447e-05 -0.00045333330104147023 0.00015416830517190423 0.00017678744762016205 0.00033974884946213145
leaf_weight=94 58 61 133 75 35 67
leaf_count=94 58 61 133 75 35 67
internal_value=7.67112e-05 -6.83593e-05 -0.000254295 -3.1333e-05 0.00050784 0.00020918
internal_weight=523 394 266 133 129 128
internal_count=523 394 266 133 129 128
cat_boundaries=0 1
cat_threshold=2103364
is_linear=0
shrinkage=0.0167612


Tree=300
num_leaves=6
num_cat=0
split_feature=36 25 62 186 63
split_gain=0.117972 0.076011 0.0598307 0.0678402 0.0376996
threshold=2.5000000000000004 3.7750000000000004 872390.99306384672 385313.78558333335 1226223.4003968255
decision_type=10 10 10 8 8
left_child=-1 2 3 -2 -4
right_child=1 -3 4 -5 -6
leaf_value=0.0004030345859941392 6.5187788339405851e-06 0.00032452052497756084 0.00032842295354135686 -0.00050109048142167524 -0.00014775560521637223
leaf_weight=177 25 53 56 184 28
leaf_count=177 25 53 56 184 28
internal_value=7.55375e-05 -7.61858e-05 -0.000205553 -0.000363542 3.59251e-05
internal_weight=523 346 293 209 84
internal_count=523 346 293 209 84
is_linear=0
shrinkage=0.0167612


Tree=301
num_leaves=10
num_cat=0
split_feature=143 88 13 190 185 107 51 151 108
split_gain=0.0754696 0.0882338 0.135847 0.145583 0.0442516 0.0589098 0.0329462 0.0222094 0.0127639
threshold=1.0000000180025095e-35 18.500000000000004 444942.55918898812 1.0000000180025095e-35 37.7016491754123 9.5000000000000018 1.0000000180025095e-35 1.0000000180025095e-35 1.0000000180025095e-35
decision_type=10 10 2 10 8 10 10 8 10
left_child=1 6 -3 -4 8 -6 7 -1 -2
right_child=4 2 3 -5 5 -7 -8 -9 -10
leaf_value=8.2973917315628927e-05 -2.9964492443667746e-05 0.00039409472977574011 -0.0011510986476980915 -0.0002264983101690986 -0.00081186091086484532 -8.622615233124725e-05 0.00081996565874454218 0.00034958433284428046 0.00021524756933155503
leaf_weight=44 43 29 35 27 34 65 33 175 38
leaf_count=44 43 29 35 27 34 65 33 175 38
internal_value=7.51929e-05 0.000224951 -8.78484e-05 -0.000553693 -0.000153344 -0.000386094 0.000394398 0.000278305 -9.25218e-06
internal_weight=523 343 91 62 180 99 252 219 81
internal_count=523 343 91 62 180 99 252 219 81
is_linear=0
shrinkage=0.0167612


Tree=302
num_leaves=10
num_cat=0
split_feature=25 13 13 193 193 214 182 177 10
split_gain=0.126368 0.185187 0.115261 0.148237 0.128878 0.108213 0.0627736 0.0364086 0.00550644
threshold=5.3750000000000009 287344.33333333343 510944.7410714287 1440901.2241527757 460741.91573502967 1.0000000180025095e-35 1.0000000180025095e-35 15.000000000000002 0.68301270189221941
decision_type=8 2 2 8 8 10 10 10 2
left_child=2 -2 4 6 7 -6 -4 -1 -3
right_child=1 8 3 -5 5 -7 -8 -9 -10
leaf_value=8.3751574635622972e-05 0.0011397285857207406 0.00012999267055659725 8.7652364242666838e-05 -0.0010327638834489836 0.0012764656077214947 0.00026815119110931896 -0.00040878180376003963 -0.00036734487318376252 3.1919955594282608e-05
leaf_weight=34 45 86 106 36 32 31 77 45 31
leaf_count=34 45 86 106 36 32 31 77 45 31
internal_value=7.42124e-05 0.000432224 -7.31013e-05 -0.000320113 0.000220639 0.000712905 -0.000106304 -4.51862e-05 8.48621e-05
internal_weight=523 162 361 219 142 63 183 79 117
internal_count=523 162 361 219 142 63 183 79 117
is_linear=0
shrinkage=0.0167612


Tree=303
num_leaves=8
num_cat=0
split_feature=129 121 6 6 41 177 163
split_gain=0.104435 0.0823703 0.112711 0.0538966 0.0416144 0.00987684 0.00802227
threshold=550000.00000000012 -0.4036596987282221 1.0000000180025095e-35 1.5000000000000002 1.0000000180025095e-35 22.000000000000004 0.98901092073877728
decision_type=8 8 2 2 10 10 10
left_child=1 4 5 -2 -1 -3 -4
right_child=3 2 6 -5 -6 -7 -8
leaf_value=0.00044870130676907046 0.00059000289495182007 -0.001143245128373377 -0.00012985515898780676 9.4435649023665093e-05 4.3215026637417971e-05 -0.00040120440918472452 2.8746536839328951e-05
leaf_weight=81 119 30 100 57 26 26 84
leaf_count=81 119 30 100 57 26 26 84
internal_value=7.29443e-05 -6.78809e-05 -0.000254053 0.000382433 0.000224668 -0.000777224 -3.52054e-05
internal_weight=523 347 240 176 107 56 184
internal_count=523 347 240 176 107 56 184
is_linear=0
shrinkage=0.0167612


Tree=304
num_leaves=10
num_cat=0
split_feature=74 13 7 10 133 110 120 15 156
split_gain=0.0587511 0.30441 0.127335 0.0679183 0.0363245 0.0357073 0.0235211 0.0189702 0.00808992
threshold=7.5000000000000009 413877.09027777787 1.0000000180025095e-35 -0.5 0.06749241658240647 1.0000000180025095e-35 26.000000000000004 1.0000000180025095e-35 1.0000000180025095e-35
decision_type=8 2 2 2 8 10 8 2 10
left_child=3 6 -3 8 -5 -6 -2 -8 -1
right_child=1 2 -4 4 5 -7 7 -9 -10
leaf_value=0.00074315217875683091 0.00054241405297894519 -0.0010711272308639641 -0.00020618897212104723 -0.00034516881545160237 0.00028787978110918948 -0.00011339327627579265 -2.0176716511574786e-06 0.00029180309869390031 0.00022235086026518077
leaf_weight=32 43 96 46 42 84 53 65 37 54
leaf_count=32 43 96 46 42 84 53 65 37 54
internal_value=-2.95928e-05 -0.000197657 -0.000713648 0.000120636 1.28761e-06 6.57796e-05 0.000236195 7.4275e-05 0.000456455
internal_weight=552 287 142 265 179 137 145 102 86
internal_count=552 287 142 265 179 137 145 102 86
is_linear=0
shrinkage=0.0167612


Tree=305
num_leaves=7
num_cat=1
split_feature=0 149 33 12 74 13
split_gain=0.101508 0.115566 0.0950796 0.0902842 0.134488 0.105595
threshold=0 64.500000000000014 405483.01190476195 1.0000000180025095e-35 19.500000000000004 683409.35590986407
decision_type=9 10 8 2 8 2
left_child=1 -1 -2 4 -4 -5
right_child=2 -3 3 5 -6 -7
leaf_value=-0.00078206011355994975 0.00068142211216249901 -5.1624398288174887e-05 2.5960186822455284e-05 0.0005309049613264772 -0.00064204994186338861 -0.00017207260800519784
leaf_weight=83 30 36 152 130 88 33
leaf_count=83 30 36 152 130 88 33
internal_value=-2.84128e-05 -0.000397398 7.30491e-05 3.23775e-06 -0.000186625 0.000280035
internal_weight=552 119 433 403 240 163
internal_count=552 119 433 403 240 163
cat_boundaries=0 1
cat_threshold=17301539
is_linear=0
shrinkage=0.0167612


Tree=306
num_leaves=10
num_cat=0
split_feature=74 27 144 175 60 13 13 77 13
split_gain=0.0400436 0.0806248 0.0816062 0.0508359 0.0449263 0.0399698 0.148854 0.0600966 0.0585179
threshold=8.5000000000000018 1.0000000180025095e-35 0.032795698924731158 1.0000000180025095e-35 15.937500000000002 848246.03668546386 348365.14087301592 1.0000000180025095e-35 420529.6768292684
decision_type=8 10 8 10 10 2 2 8 2
left_child=1 -1 4 -4 -3 6 7 -2 -8
right_child=5 2 3 -5 -6 -7 8 -9 -10
leaf_value=-0.00039765192725831799 0.00012650910520468187 0.00010939124509381704 0.0006289968587182451 0.00014271057824402373 -0.00039253024762346837 -0.00053855765737274614 -0.00011294204538147271 0.00063635905876709337 -0.00065016966278650258
leaf_weight=31 31 40 117 40 48 43 47 66 89
leaf_count=31 31 40 117 40 48 43 47 66 89
internal_value=-2.73336e-05 8.80535e-05 0.000220985 0.000448128 -4.76933e-05 -0.000172438 -5.86661e-05 0.000336336 -0.000396951
internal_weight=552 276 245 157 88 276 233 97 136
internal_count=552 276 245 157 88 276 233 97 136
is_linear=0
shrinkage=0.0167612


Tree=307
num_leaves=10
num_cat=0
split_feature=13 59 173 3 169 23 15 133 104
split_gain=0.230492 0.254564 0.0879498 0.0773701 0.0822391 0.0427234 0.0659881 0.0264457 0.0113223
threshold=427905.18238993717 0.95000000000000007 1.0000000180025095e-35 8.5000000000000018 1.0000000180025095e-35 900.00000000000011 1.0000000180025095e-35 0.073181615350290011 150.50000000000003
decision_type=2 8 10 2 8 10 2 10 8
left_child=1 -1 3 4 -2 6 -3 8 -4
right_child=2 5 7 -5 -6 -7 -8 -9 -10
leaf_value=0.0012895064960632193 -0.0014123772756087611 5.1821252498281036e-05 -0.00026657174872348215 -0.00016695423216364798 -0.00046596088509649465 -0.00017145739858054115 0.00062939686848576698 0.0001779796181476546 -4.5719535074090755e-05
leaf_weight=35 33 73 96 47 70 54 49 47 48
leaf_count=35 33 73 96 47 70 54 49 47 48
internal_value=-2.7701e-05 0.000356756 -0.000297557 -0.000586784 -0.000842799 9.14072e-05 0.00025422 -4.71597e-05 -0.000163134
internal_weight=552 211 341 150 103 176 122 191 144
internal_count=552 211 341 150 103 176 122 191 144
is_linear=0
shrinkage=0.0167612


Tree=308
num_leaves=9
num_cat=0
split_feature=33 110 4 11 13 13 46 19
split_gain=0.0803825 0.0894078 0.10483 0.123799 0.078225 0.0704372 0.0700877 0.0560111
threshold=978221.85528926493 1.0000000180025095e-35 152.50000000000003 0.6830127018922193 670718.75000000012 491171.8725490197 109.50000000000001 9.0000000000000018
decision_type=10 8 2 2 2 2 10 8
left_child=1 2 3 -1 5 -3 -4 -6
right_child=-2 4 6 -5 7 -7 -8 -9
leaf_value=0.0010112325951728159 -0.0004708461417074758 0.00016915746288325543 -0.0004580144828545167 0.00021972325311637265 -0.0010322081258901095 -0.00039979134077891207 0.00021131681056848681 -0.00017278047128102273
leaf_weight=71 66 169 34 35 24 50 59 44
leaf_count=71 66 169 34 35 24 50 59 44
internal_value=-2.6608e-05 3.05922e-05 0.000295754 0.000631178 -0.000126093 -9.91523e-06 4.40522e-05 -0.000532085
internal_weight=552 486 199 106 287 219 93 68
internal_count=552 486 199 106 287 219 93 68
is_linear=0
shrinkage=0.0167612


Tree=309
num_leaves=9
num_cat=0
split_feature=12 210 225 164 130 43 163 11
split_gain=0.0368566 0.125999 0.0857968 0.0649626 0.0743914 0.0602181 0.0733133 0.0465759
threshold=1.0000000180025095e-35 1.0000000180025095e-35 21.500000000000004 57131231.662333488 3.5000000000000004 1.0000000180025095e-35 1.0187071326471477 -0.5
decision_type=2 8 8 10 10 10 10 2
left_child=1 5 3 -2 -5 -1 -7 -4
right_child=2 -3 7 4 -6 6 -8 -9
leaf_value=0.00048136921046651004 -0.00047349012949173198 -0.00055165511553036182 0.00095704574869336675 0.00051983459136193213 -0.00019667161866906283 -0.00036472776317837967 0.00016665333825945753 0.00019536352358792393
leaf_weight=38 50 111 25 41 25 91 111 60
leaf_count=38 50 111 25 41 25 91 111 60
internal_value=-2.72617e-05 -0.000137995 0.000119213 -7.57366e-05 0.000100467 2.75438e-05 -3.53486e-05 0.000483288
internal_weight=552 351 201 116 66 240 202 85
internal_count=552 351 201 116 66 240 202 85
is_linear=0
shrinkage=0.0167612


Tree=310
num_leaves=10
num_cat=0
split_feature=13 74 105 112 218 177 7 74 143
split_gain=0.169914 0.201523 0.124191 0.0901441 0.049901 0.0472505 0.0978442 0.0841272 0.0245686
threshold=670718.75000000012 1.0000000180025095e-35 31.500000000000004 1.0000000180025095e-35 3.0801282051282057 20.000000000000004 1.0000000180025095e-35 12.500000000000002 1.0000000180025095e-35
decision_type=2 8 8 8 8 8 2 10 10
left_child=1 4 8 -4 -1 7 -7 -3 -2
right_child=2 5 3 -5 -6 6 -8 -9 -10
leaf_value=0.0003838459180357646 0.00032843099314435831 0.00074698982562555738 -0.0009956134815952511 -0.00019054248596142405 0.0013134140121391969 -0.00039424950250697223 0.0002540258460406045 7.6970835973539352e-05 -2.5918366548971865e-05
leaf_weight=31 36 34 85 68 37 141 50 46 24
leaf_count=31 36 34 85 68 37 141 50 46 24
internal_value=-2.63732e-05 0.000178693 -0.000380754 -0.00064873 0.000840803 1.15291e-05 -0.000147871 0.000266407 8.47152e-06
internal_weight=552 339 213 153 68 271 191 80 60
internal_count=552 339 213 153 68 271 191 80 60
is_linear=0
shrinkage=0.0167612


Tree=311
num_leaves=9
num_cat=0
split_feature=163 12 56 33 110 62 133 5
split_gain=0.0611763 0.155506 0.110223 0.0423404 0.0305999 0.0209453 0.0190811 0.0120751
threshold=1.0511776561847308 1.0000000180025095e-35 1.0000000180025095e-35 816284.22619047633 1.0000000180025095e-35 1194024.2065442686 0.11596638655462181 2.5000000000000004
decision_type=10 2 8 8 10 8 10 2
left_child=1 6 5 4 -2 -3 -1 -4
right_child=3 2 7 -5 -6 -7 -8 -9
leaf_value=-0.00049016557938180727 0.0007705931657947568 -6.1092722883337534e-06 0.00088052563950182633 6.2688841319267921e-05 0.0001766969997883309 -0.0002824831825644335 -0.00017850868895108145 0.00030125674867390013
leaf_weight=208 40 33 35 53 33 69 25 56
leaf_count=208 40 33 35 53 33 69 25 56
internal_value=-2.51636e-05 -0.000131284 0.000158011 0.000240453 0.000488673 -8.46255e-05 -0.000417277 0.000554097
internal_weight=552 426 193 126 73 102 233 91
internal_count=552 426 193 126 73 102 233 91
is_linear=0
shrinkage=0.0167612


Tree=312
num_leaves=10
num_cat=1
split_feature=0 40 12 146 20 202 131 172 213
split_gain=0.113803 0.0987356 0.0632653 0.038253 0.0280332 0.0266567 0.0854699 0.0179402 0.0119695
threshold=0 1.0000000180025095e-35 1.0000000180025095e-35 525114.82678571448 1.0000000180025095e-35 33.500000000000007 1.0000000180025095e-35 1.0000000180025095e-35 947823.33872647374
decision_type=9 10 2 8 10 8 10 8 8
left_child=1 8 3 4 -2 6 -4 -5 -1
right_child=2 -3 5 7 -6 -7 -8 -9 -10
leaf_value=-0.00029288881012865415 0.00039046863678063754 5.2399173480901036e-05 -0.00015850313963797761 -0.00027442340658714187 8.7896365450764553e-05 0.00073429933694510257 0.00059087091416018067 -1.607738916205169e-05 -0.0008803338910830349
leaf_weight=24 100 25 36 67 32 67 38 89 57
leaf_count=24 100 25 36 67 32 67 38 89 57
internal_value=6.94657e-05 -0.000311924 0.00019915 4.27384e-05 0.000238383 0.000472693 0.00019149 -9.26341e-05 -0.000668979
internal_weight=535 106 429 288 132 141 74 156 81
internal_count=535 106 429 288 132 141 74 156 81
cat_boundaries=0 1
cat_threshold=2106371
is_linear=0
shrinkage=0.0167612


Tree=313
num_leaves=7
num_cat=0
split_feature=55 25 164 25 9 41
split_gain=0.0529111 0.161929 0.0842755 0.027473 0.0246796 0.0178546
threshold=3.5000000000000004 3.7750000000000004 57327432.963541381 2.5350000000000006 1.0000000180025095e-35 1.0000000180025095e-35
decision_type=8 10 10 10 2 10
left_child=1 2 4 -2 -1 -4
right_child=3 -3 5 -5 -6 -7
leaf_value=-0.00039361047170381888 -9.8064964203909703e-06 0.00087823508461088188 0.00039090858603030076 -0.00044443689729427587 -0.00010120633705464127 7.920113156661481e-05
leaf_weight=95 178 49 117 25 26 45
leaf_count=95 178 49 117 25 26 45
internal_value=6.84604e-05 0.000201948 2.94304e-05 -0.000103199 -0.000241992 0.000269888
internal_weight=535 332 283 203 121 162
internal_count=535 332 283 203 121 162
is_linear=0
shrinkage=0.0167612


Tree=314
num_leaves=8
num_cat=0
split_feature=13 203 42 63 20 154 9
split_gain=0.165726 0.104032 0.080456 0.0534117 0.021815 0.00564474 0.00150967
threshold=903155.30219780235 1.0000000180025095e-35 678295.92500000016 241991.25186784277 1.0000000180025095e-35 19.500000000000004 1.0000000180025095e-35
decision_type=2 8 8 10 8 10 2
left_child=1 2 -1 -2 -3 -5 -6
right_child=3 4 -4 5 6 -7 -8
leaf_value=8.9753958107454613e-05 -0.00088233481823500192 -0.00026174613232656164 0.00066362220064572659 -0.00019576534160079125 6.7925058276271637e-05 -5.5428050957326932e-05 1.3486413888940958e-05
leaf_weight=75 38 48 156 32 129 26 31
leaf_count=75 38 48 156 32 129 26 31
internal_value=6.72243e-05 0.000214748 0.000449912 -0.000445112 6.51516e-06 -0.000132533 3.58549e-05
internal_weight=535 439 231 96 208 58 160
internal_count=535 439 231 96 208 58 160
is_linear=0
shrinkage=0.0167612


Tree=315
num_leaves=8
num_cat=0
split_feature=13 203 33 131 13 35 38
split_gain=0.206135 0.157419 0.0653078 0.0840445 0.0184337 0.0366606 0.00248395
threshold=207891.24561403514 1.0000000180025095e-35 639277.77777777787 1.0000000180025095e-35 620458.50000000012 45.500000000000007 76777.109300852477
decision_type=2 8 10 10 2 8 10
left_child=-1 2 3 -2 5 -3 -4
right_child=1 4 6 -5 -6 -7 -8
leaf_value=0.00086802513812554141 8.7620412902615098e-05 5.1850679837652931e-07 -6.7107466736300507e-05 0.00076336843804643176 -0.00066065314190170759 -0.00036518611676076326 1.9380496314185998e-05
leaf_weight=45 72 35 102 78 57 104 42
leaf_count=45 72 35 102 78 57 104 42
internal_value=6.51679e-05 -1.81511e-05 0.000192025 0.000425153 -0.000372307 -0.000220321 2.20606e-05
internal_weight=535 490 294 150 196 139 144
internal_count=535 490 294 150 196 139 144
is_linear=0
shrinkage=0.0167612


Tree=316
num_leaves=10
num_cat=1
split_feature=0 203 14 105 42 10 143 80 7
split_gain=0.0859122 0.085435 0.0613862 0.0569132 0.0935469 0.0453486 0.0381812 0.00012237 5.09673e-05
threshold=0 1.0000000180025095e-35 18.000000000000004 25.500000000000004 845755.05607461289 1.0000000180025095e-35 1.0000000180025095e-35 356883.9378531074 1.0000000180025095e-35
decision_type=9 8 2 10 8 2 8 10 2
left_child=2 3 6 4 -2 8 -1 -8 -3
right_child=1 5 -4 -5 -6 -7 7 -9 -10
leaf_value=0.00040335591680937781 -3.3851087885942141e-06 -4.0772690306344871e-05 0.00079288846943084137 -0.00019353970105887928 0.00062764536942639185 -0.00064400980002396046 -1.4933733574262633e-05 7.2114664043228322e-06 -2.2715642453663591e-05
leaf_weight=62 49 39 40 43 86 73 62 42 39
leaf_count=62 49 39 40 43 86 73 62 42 39
internal_value=6.44391e-05 -7.69887e-05 0.000311197 0.000107237 0.000307358 -0.000362718 0.000153713 2.34165e-05 -7.01144e-05
internal_weight=535 329 206 178 135 151 166 104 78
internal_count=535 329 206 178 135 151 166 104 78
cat_boundaries=0 1
cat_threshold=150348
is_linear=0
shrinkage=0.0167612


Tree=317
num_leaves=8
num_cat=0
split_feature=13 203 63 108 20 93 9
split_gain=0.150813 0.101083 0.0320976 0.0206993 0.0187998 0.00609096 0.00111243
threshold=1029411.6643269431 1.0000000180025095e-35 653219.3700396826 1.0000000180025095e-35 1.0000000180025095e-35 1.0000000180025095e-35 1.0000000180025095e-35
decision_type=2 8 10 10 8 10 2
left_child=1 3 -2 5 -3 -1 -6
right_child=2 4 -4 -5 6 -7 -8
leaf_value=0.00026309709391225683 -0.00088440959900763013 -0.0002634442013077535 -0.00016783765640862285 0.00063902480390312817 4.292623046379465e-05 8.5606165490066698e-05 -9.2339306098207196e-07
leaf_weight=125 33 48 40 94 130 32 33
leaf_count=125 33 48 40 94 130 32 33
internal_value=6.28068e-05 0.000186343 -0.000489286 0.000407221 -2.48248e-05 0.000232172 -2.55373e-06
internal_weight=535 462 73 251 211 157 163
internal_count=535 462 73 251 211 157 163
is_linear=0
shrinkage=0.0167612


Tree=318
num_leaves=10
num_cat=0
split_feature=74 196 96 13 13 5 225 73 213
split_gain=0.117861 0.0491626 0.0426446 0.194976 0.0933732 0.0412954 0.0402437 0.000795006 0.0015093
threshold=2.5000000000000004 1.0000000180025095e-35 1380.0000000000002 249612.22396605703 452451.62037037039 2.5000000000000004 1.0000000180025095e-35 1.0000000180025095e-35 893581.3398756691
decision_type=8 10 10 2 2 2 10 10 8
left_child=1 7 3 -2 -4 -3 -5 -1 -9
right_child=2 5 4 6 -6 -7 -8 8 -10
leaf_value=7.1561180046687765e-05 0.00078798505002860295 0.00022928300990059387 -0.00011168587669790169 -0.00036065959897756936 -0.00081236135510962698 0.00087603706295893231 -8.417755816376705e-09 6.5834936863518091e-06 -7.7293841902396221e-05
leaf_weight=38 35 72 45 145 47 58 43 26 26
leaf_count=38 35 72 45 145 47 58 43 26 26
internal_value=6.11558e-05 0.000346225 -0.000116514 -9.01034e-06 -0.000380584 0.000554678 -0.000206694 5.95373e-05 1.57416e-05
internal_weight=535 220 315 223 92 130 188 90 52
internal_count=535 220 315 223 92 130 188 90 52
is_linear=0
shrinkage=0.0167612


Tree=319
num_leaves=8
num_cat=0
split_feature=13 203 3 100 182 131 3
split_gain=0.163273 0.0911922 0.0612375 0.0463401 0.0270584 0.0270445 0.0215702
threshold=982749.38613315707 1.0000000180025095e-35 4.5000000000000009 1212723.9130952384 1.0000000180025095e-35 1.0000000180025095e-35 8.5000000000000018
decision_type=2 8 2 8 10 10 2
left_child=1 4 -3 -2 -1 -6 -4
right_child=3 2 6 -5 5 -7 -8
leaf_value=0.00070787025241634194 -0.00021695107938202957 -0.0003613527280183341 0.00033852940981205377 -0.00080670656034742582 4.9978931335592111e-05 0.00038679325069278166 2.449432840220998e-05
leaf_weight=67 24 73 56 55 75 105 80
leaf_count=67 24 73 56 55 75 105 80
internal_value=6.11472e-05 0.000194167 -2.79382e-06 -0.000495532 0.000405272 0.00025053 0.000129336
internal_weight=535 456 209 79 247 180 136
internal_count=535 456 209 79 247 180 136
is_linear=0
shrinkage=0.0167612


Tree=320
num_leaves=10
num_cat=0
split_feature=13 214 182 56 108 75 110 217 10
split_gain=0.227882 0.187359 0.162197 0.206898 0.0470441 0.0469171 0.0497358 0.0261135 0.0225231
threshold=496258.12121212127 1.0000000180025095e-35 1.0000000180025095e-35 1.0000000180025095e-35 1.0000000180025095e-35 1.4313921406501091 1.0000000180025095e-35 623311.85267857148 -0.24999999999999994
decision_type=2 8 10 10 8 8 8 8 2
left_child=1 -1 5 -4 -3 7 -7 -2 -5
right_child=2 4 3 8 -6 6 -8 -9 -10
leaf_value=0.0011377319755245684 0.00055846681086029371 -5.7623914600872475e-05 -0.0016074023535563543 -0.00011537842971618097 0.00033760760074783968 -0.00046476865285098639 1.5998911234382818e-06 0.00013569186356500961 -0.00040284522128115213
leaf_weight=49 43 73 26 29 128 52 68 24 50
leaf_count=49 43 73 26 29 128 52 68 24 50
internal_value=4.4167e-05 0.000403061 -0.000238025 -0.000706595 0.000167333 -2.16287e-05 -0.000138381 0.00030993 -0.000294398
internal_weight=542 250 292 105 201 187 120 67 79
internal_count=542 250 292 105 201 187 120 67 79
is_linear=0
shrinkage=0.0167612


Tree=321
num_leaves=11
num_cat=0
split_feature=25 13 42 152 99 23 136 101 163 55
split_gain=0.0923451 0.198936 0.296716 0.0716366 0.067946 0.0434126 0.091876 0.0314722 0.00756046 0.00748002
threshold=3.5000000000000004 674353.63636363647 411698.19194736652 82.500000000000014 1.0000000180025095e-35 900.00000000000011 0.57258064516129037 82390.837744280318 0.99999999998728251 1.5000000000000002
decision_type=8 2 10 10 10 10 10 8 10 10
left_child=1 4 -3 -4 8 6 9 -6 -1 -2
right_child=5 2 3 -5 7 -7 -8 -9 -10 -11
leaf_value=-0.00015959772353455807 0.00022563805911824419 -0.001558409196317158 -0.00049994493800220433 0.00012368446374631838 0.00021068362618800968 2.8290704387395799e-06 0.00097457861313727818 0.00077933884256351827 8.1753353775746418e-06 7.9486076564460044e-05
leaf_weight=44 164 32 49 61 28 26 33 52 25 28
leaf_count=44 164 32 49 61 28 26 33 52 25 28
internal_value=4.31562e-05 -0.000129667 -0.000555534 -0.000154227 0.000206942 0.000274083 0.000377481 0.000526305 1.91105e-05 0.000198563
internal_weight=542 291 142 110 149 251 225 80 69 192
internal_count=542 291 142 110 149 251 225 80 69 192
is_linear=0
shrinkage=0.0167612


Tree=322
num_leaves=9
num_cat=0
split_feature=3 144 59 193 193 113 195 90
split_gain=0.135054 0.111026 0.108278 0.0786332 0.0764541 0.0516301 0.0440656 0.0310636
threshold=2.5000000000000004 0.26969696969696971 0.85376344086021516 330853.8271619046 1174970.8480234302 71847.777582240888 3.5000000000000004 37.500000000000007
decision_type=2 8 10 10 8 8 8 8
left_child=1 -1 3 7 5 -4 -3 -2
right_child=2 6 4 -5 -6 -7 -8 -9
leaf_value=-0.00012947610708027401 0.0010858515190461052 -0.0013267391361028588 -0.00014259802345842953 0.00011294198967442329 -0.00048984552301191712 0.00030833554791978709 -0.00039752803861174772 0.00044291670049881348
leaf_weight=32 27 29 73 52 51 109 29 140
leaf_count=32 27 29 73 52 51 109 29 140
internal_value=4.17877e-05 -0.000435951 0.000170717 0.000427164 -2.71006e-05 7.15449e-05 -0.000869116 0.000612579
internal_weight=542 90 452 219 233 182 58 167
internal_count=542 90 452 219 233 182 58 167
is_linear=0
shrinkage=0.0167612


Tree=323
num_leaves=8
num_cat=0
split_feature=106 75 10 7 146 81 33
split_gain=0.0793018 0.073236 0.0964464 0.056488 0.0357149 0.0233169 0.00943857
threshold=1.0000000180025095e-35 2.1770463893116712 -0.24999999999999994 1.0000000180025095e-35 585478.7045454547 1.0000000180025095e-35 300243.48790322588
decision_type=8 8 2 2 8 10 10
left_child=1 5 6 -2 -4 -1 -3
right_child=3 2 4 -5 -6 -7 -8
leaf_value=0.00031467481534573074 7.4671692422045188e-05 0.00022550901940531512 -0.0001901147361863218 0.00064805271479121622 -0.00078669567888683912 5.3333420173907792e-05 7.2174150949631083e-06
leaf_weight=96 135 33 65 65 79 25 44
leaf_count=96 135 33 65 65 79 25 44
internal_value=4.05115e-05 -8.87738e-05 -0.0002793 0.000293785 -0.000533528 0.000158152 2.42081e-05
internal_weight=542 342 221 200 144 121 77
internal_count=542 342 221 200 144 121 77
is_linear=0
shrinkage=0.0167612


Tree=324
num_leaves=11
num_cat=0
split_feature=108 13 11 6 193 215 33 218 105 122
split_gain=0.0775174 0.0975327 0.0626759 0.0348105 0.0342254 0.0741681 0.0322509 0.0242579 0.0175446 0.00345718
threshold=1.0000000180025095e-35 959281.21281464526 -0.5 1.5000000000000002 208863.50000000003 3.0427272727272734 633459.43405139854 2.5080645161290325 40.500000000000007 10.500000000000002
decision_type=8 2 2 2 10 8 8 10 8 10
left_child=4 2 3 -2 9 -6 -7 -4 -3 -1
right_child=1 8 7 -5 5 6 -8 -9 -10 -11
leaf_value=0.00011294448262379345 0.00030045641551566186 -9.8440926608978443e-05 1.6314778546501966e-05 0.0010216187073739326 -7.0458413869916591e-05 -0.00020111214366678719 -0.00084293508979155468 0.00037696267091268364 -0.00053472417345346501 -5.9632964773417337e-06
leaf_weight=38 48 26 140 46 56 36 58 42 25 27
leaf_count=38 48 26 140 46 56 36 58 42 25 27
internal_value=3.99858e-05 0.000206377 0.000351123 0.000676015 -0.000168674 -0.000320155 -0.000588476 0.000138519 -0.00023538 -1.45778e-05
internal_weight=542 327 276 94 215 150 94 182 51 65
internal_count=542 327 276 94 215 150 94 182 51 65
is_linear=0
shrinkage=0.0167612


Tree=325
num_leaves=9
num_cat=0
split_feature=13 65 5 31 99 126 39 65
split_gain=0.308476 0.0903928 0.0886815 0.0980366 0.139493 0.0428248 0.109127 0.017196
threshold=207891.24561403514 53.500000000000007 1.5000000000000002 377239.38374125882 1.0000000180025095e-35 1.5000000000000002 6.4292517006802727 4.5000000000000009
decision_type=2 8 2 10 8 10 10 8
left_child=1 -1 3 4 -2 7 -7 -4
right_child=2 -3 5 -5 -6 6 -8 -9
leaf_value=0.00049060330397182443 -0.0013977279195119497 0.0017387465614095926 -0.00029257837810956632 2.0325025548135326e-06 -0.00028559388049353198 0.00074310423147804969 -3.8492346605994858e-05 -2.1146003161269545e-06
leaf_weight=24 28 24 27 24 76 56 30 253
leaf_count=24 28 24 27 24 76 56 30 253
internal_value=3.9749e-05 0.00100584 -6.88529e-05 -0.000411847 -0.000679492 3.39013e-05 0.000320303 -3.07384e-05
internal_weight=542 48 494 128 104 366 86 280
internal_count=542 48 494 128 104 366 86 280
is_linear=0
shrinkage=0.0167612


Tree=326
num_leaves=11
num_cat=0
split_feature=13 169 201 131 33 103 77 47 122 6
split_gain=0.186735 0.15658 0.31885 0.0899671 0.0739643 0.0793807 0.0482291 0.0421814 0.0248947 0.00975204
threshold=538965.77081644267 1.0000000180025095e-35 697094.13043478271 1.0000000180025095e-35 941923.35459183692 386206.15173817734 1.0000000180025095e-35 0.45967741935483875 7.5000000000000009 1.5000000000000002
decision_type=2 8 10 10 10 8 10 8 10 2
left_child=3 2 -2 7 5 -3 -5 8 -1 -9
right_child=1 4 -4 6 -6 -7 -8 9 -10 -11
leaf_value=-0.00033687382568339022 -0.0018759215617943788 -0.00028446833972679131 -0.00037585755367481574 0.00041415996421570467 -0.00046387446751106271 0.00032533819828292458 0.0013471446698868387 0.00043172831085639231 1.2904848439093769e-05 0.00012473665200144103
leaf_weight=32 25 43 24 35 52 134 26 94 46 31
leaf_count=32 25 43 24 35 52 134 26 94 46 31
internal_value=3.8984e-05 -0.000228306 -0.000890098 0.00035049 -3.22366e-05 9.76761e-05 0.000835005 0.000163059 -3.31062e-05 0.000331624
internal_weight=542 278 49 264 229 177 61 203 78 125
internal_count=542 278 49 264 229 177 61 203 78 125
is_linear=0
shrinkage=0.0167612


Tree=327
num_leaves=11
num_cat=1
split_feature=0 13 80 225 220 50 47 151 171 59
split_gain=0.101029 0.415846 0.220443 0.170069 0.0994724 0.0440019 0.0427861 0.0358843 0.00924405 0.00217848
threshold=0 468254.25315579714 185863.50000000003 19.500000000000004 630.00000000000011 1.0000000180025095e-35 1.0000000180025095e-35 1.0000000180025095e-35 116.03826205000001 2.2419354838709684
decision_type=9 2 10 8 8 10 8 10 10 10
left_child=2 4 6 -3 -2 -4 -1 -6 -5 -7
right_child=1 3 5 8 7 9 -8 -9 -10 -11
leaf_value=0.00031470911267579598 -7.5664705947295466e-05 -0.0015569878884253844 -0.00039553605585610684 -0.00047940408714145888 0.00034197766634968716 1.964237534407497e-05 0.0010533038289961096 0.0010012658630087921 -0.00013802065578738342 0.00014820201646992842
leaf_weight=44 46 42 64 46 103 27 77 31 37 25
leaf_count=44 46 42 64 46 103 27 77 31 37 25
internal_value=3.78983e-05 -0.000134134 0.000283734 -0.000815076 0.000290787 -8.86452e-05 0.000760054 0.00055541 -0.000411248 4.80174e-05
internal_weight=542 305 237 125 180 116 121 134 83 52
internal_count=542 305 237 125 180 116 121 134 83 52
cat_boundaries=0 1
cat_threshold=6574
is_linear=0
shrinkage=0.0167612


Tree=328
num_leaves=8
num_cat=1
split_feature=0 13 113 84 110 38 77
split_gain=0.216565 0.235385 0.231052 0.0544506 0.0284659 0.0466024 0.0158201
threshold=0 496258.12121212127 40625.878801316758 740099.45171777008 1.0000000180025095e-35 98332.023484848498 1.0000000180025095e-35
decision_type=9 2 8 8 8 10 10
left_child=2 3 -1 -2 5 -3 -4
right_child=1 4 6 -5 -6 -7 -8
leaf_value=0.00033183406162521224 0.00036042777263565947 1.2143466225635544e-05 -0.00081248622297744766 0.0011081040579730801 -0.0002533433094198347 0.00049497840384002726 -0.00025274212560710829
leaf_weight=43 25 121 133 85 61 29 37
leaf_count=43 25 121 133 85 61 29 37
internal_value=6.86258e-06 0.000278709 -0.000350147 0.000842527 2.26793e-05 9.07585e-05 -0.000675118
internal_weight=534 321 213 110 211 150 170
internal_count=534 321 213 110 211 150 170
cat_boundaries=0 1
cat_threshold=599595
is_linear=0
shrinkage=0.0167612


Tree=329
num_leaves=7
num_cat=1
split_feature=0 101 33 60 110 133
split_gain=0.23055 0.212235 0.0578687 0.0740348 0.0642547 0.0626879
threshold=0 20890.912955189717 1280963.7908805034 15.675000000000002 1.0000000180025095e-35 0.041241496598639411
decision_type=9 10 10 10 10 10
left_child=1 -1 3 4 -2 -5
right_child=2 -3 -4 5 -6 -7
leaf_value=-0.00119646126302979 0.00055661780508712948 -0.00015307479634952168 -0.00021594044474345549 -0.00030394835900068878 8.4881556431459898e-05 0.00030454095361012777
leaf_weight=59 214 48 25 75 72 41
leaf_count=59 214 48 25 75 72 41
internal_value=6.8492e-06 -0.000546193 0.000192394 0.000268635 0.000411863 2.02254e-05
internal_weight=534 107 427 402 286 116
internal_count=534 107 427 402 286 116
cat_boundaries=0 1
cat_threshold=533537
is_linear=0
shrinkage=0.0167612


Tree=330
num_leaves=8
num_cat=0
split_feature=25 10 203 105 3 109 52
split_gain=0.0941516 0.196469 0.0466026 0.0548427 0.0533507 0.0457229 0.00858602
threshold=3.5000000000000004 -0.6830127018922193 1.0000000180025095e-35 23.500000000000004 7.5000000000000009 1.0000000180025095e-35 1.0000000180025095e-35
decision_type=10 2 10 8 2 10 10
left_child=2 -2 3 5 -5 -1 -3
right_child=1 6 -4 4 -6 -7 -8
leaf_value=0.00070786332747437355 0.0011567647941888577 8.2469564381597296e-05 -0.00052165539727429418 1.0019118374791335e-05 -0.00033920847382981872 0.00014622820354113811 -0.000156236211728568
leaf_weight=31 36 29 27 214 142 25 30
leaf_count=31 36 29 27 214 142 25 30
internal_value=5.85796e-06 0.000422314 -7.8461e-05 -1.4758e-05 -0.000106039 0.000341819 0.000101599
internal_weight=534 95 439 412 356 56 59
internal_count=534 95 439 412 356 56 59
is_linear=0
shrinkage=0.0167612


Tree=331
num_leaves=11
num_cat=0
split_feature=13 64 103 20 63 149 93 59 10 10
split_gain=0.172368 0.136612 0.0921463 0.203937 0.0477871 0.0501149 0.0473233 0.0366776 0.0166503 0.00455216
threshold=662660.83353494632 35.500000000000007 161555.94489795921 1.0000000180025095e-35 812969.94222222234 91.500000000000014 1.0000000180025095e-35 0.95000000000000007 1.0000000180025095e-35 -0.6830127018922193
decision_type=2 8 10 8 10 10 10 10 2 2
left_child=1 6 3 -2 5 -4 7 -1 9 -3
right_child=2 8 4 -5 -6 -7 -8 -9 -10 -11
leaf_value=0.0011824393771252182 -0.0014528032311656562 -5.0442636944007881e-05 -0.00054814536232883218 -0.00019986106891976458 0.00029802348740278026 -6.7443026991261952e-05 0.00023518188130610662 0.00043586988764481081 0.00011490963241611331 -0.00024428306447783679
leaf_weight=48 34 36 48 48 35 45 31 55 93 61
leaf_count=48 34 36 48 48 35 45 31 55 93 61
internal_value=5.70607e-06 0.000250425 -0.000322706 -0.000713133 -4.11175e-05 -0.000229821 0.000625253 0.000826205 2.24284e-05 -0.000147601
internal_weight=534 324 210 82 128 93 134 103 190 97
internal_count=534 324 210 82 128 93 134 103 190 97
is_linear=0
shrinkage=0.0167612


Tree=332
num_leaves=7
num_cat=1
split_feature=1 116 101 182 60 80
split_gain=0.0439128 0.112872 0.0613596 0.0367006 0.028412 0.0169333
threshold=0 1.0000000180025095e-35 227165.88621587018 1.0000000180025095e-35 29.138888888888893 1229744.6646341465
decision_type=1 8 10 10 8 8
left_child=1 -1 3 5 -5 -2
right_child=2 -3 -4 4 -6 -7
leaf_value=0.00010976373480965338 8.6262102030325535e-05 -0.00067366284403903582 -0.00030768277566166027 0.00021097426254284784 -0.0001477370210043348 0.00040520232634170812
leaf_weight=38 50 62 41 73 105 165
leaf_count=38 50 62 41 73 105 165
internal_value=5.57781e-06 -0.000233802 9.17337e-05 0.000177153 1.6834e-05 0.000317026
internal_weight=534 100 434 393 178 215
internal_count=534 100 434 393 178 215
cat_boundaries=0 1
cat_threshold=3
is_linear=0
shrinkage=0.0167612


Tree=333
num_leaves=8
num_cat=0
split_feature=216 121 63 165 74 110 154
split_gain=0.0702641 0.0738499 0.106421 0.087273 0.0512179 0.0470577 0.00800566
threshold=0.090545366716209288 -0.4563263266018352 434550.26875000005 15.500000000000002 5.5000000000000009 1.0000000180025095e-35 22.500000000000004
decision_type=10 10 10 10 10 10 10
left_child=1 3 -3 4 -1 -2 -5
right_child=5 2 -4 6 -6 -7 -8
leaf_value=-3.9228747848402272e-06 0.00069962735740894324 -0.00085522377403164391 -0.00013809460783050783 0.00080483841261131425 -0.00045874631676105229 0.00016710538016731911 0.0002000313185369902
leaf_weight=266 51 54 36 29 42 26 30
leaf_count=266 51 54 36 29 42 26 30
internal_value=4.92341e-06 -5.60577e-05 -0.000424533 2.21265e-05 -5.97524e-05 0.000399562 0.000497919
internal_weight=534 457 90 367 308 77 59
internal_count=534 457 90 367 308 77 59
is_linear=0
shrinkage=0.0167612


Tree=334
num_leaves=10
num_cat=0
split_feature=33 80 60 110 173 11 41 213 216
split_gain=0.106396 0.108592 0.158297 0.0626375 0.0960887 0.0495285 0.0442864 0.0330143 0.000804388
threshold=718229.16666666686 683200.60470085486 7.9128856624319424 1.0000000180025095e-35 1.0000000180025095e-35 0.6830127018922193 1.0000000180025095e-35 219204.50000000003 -0.047087645224816045
decision_type=8 8 10 10 8 2 10 10 10
left_child=1 8 -3 4 7 -6 -5 -2 -1
right_child=3 2 -4 6 5 -7 -8 -9 -10
leaf_value=-3.9498444741278507e-05 0.00080622057111648187 0.00148775964910832 0.00027076486245344259 -0.00091363581997782532 -1.2312904263951436e-05 -0.00044901473734749656 -0.00014027962582428071 0.00017843964312537714 3.1684669813990003e-05
leaf_weight=26 33 30 37 26 198 75 45 29 35
leaf_count=26 33 30 37 26 198 75 45 29 35
internal_value=4.98924e-06 0.000388069 0.000806774 -0.000106712 -5.63914e-06 -0.000142751 -0.00047628 0.000455304 9.10175e-05
internal_weight=534 128 67 406 335 273 71 62 61
internal_count=534 128 67 406 335 273 71 62 61
is_linear=0
shrinkage=0.0167612


Tree=335
num_leaves=7
num_cat=0
split_feature=60 73 220 12 28 33
split_gain=0.0871325 0.0552275 0.0492363 0.0453622 0.0539693 0.0307073
threshold=15.309523809523812 1.0000000180025095e-35 630.00000000000011 1.0000000180025095e-35 15.500000000000002 1029411.6643269431
decision_type=8 10 8 2 8 8
left_child=1 -1 -2 5 -5 -4
right_child=2 -3 3 4 -6 -7
leaf_value=0.00073440521449717256 -0.00053737495197368269 0.00013496798554049605 -2.1942688791840202e-05 0.00052917485830088651 2.7782244370137891e-05 -0.00029927320986434565
leaf_weight=55 25 38 110 51 100 155
leaf_count=55 25 38 110 51 100 155
internal_value=4.35107e-06 0.000409373 -7.50109e-05 -1.17925e-05 0.000176425 -0.000151083
internal_weight=534 93 441 416 151 265
internal_count=534 93 441 416 151 265
is_linear=0
shrinkage=0.0167612


Tree=336
num_leaves=9
num_cat=0
split_feature=13 91 110 20 33 122 113 127
split_gain=0.115744 0.125036 0.089078 0.0747422 0.0366394 0.0355122 0.0199975 0.00847392
threshold=496258.12121212127 1.0000000180025095e-35 1.0000000180025095e-35 1.0000000180025095e-35 1280963.7908805034 34.500000000000007 89525.64549988728 9.5000000000000018
decision_type=2 8 10 10 8 8 10 8
left_child=1 3 4 -1 6 -6 -2 -3
right_child=2 7 -4 -5 5 -7 -8 -9
leaf_value=0.00096916633485636327 1.4550316340194309e-05 -0.00018534260613501099 -0.00070313115632934494 0.00021050314513239513 -0.00049063143982280085 -4.4245935287284606e-05 0.00027191665483790328 9.5955476789886833e-06
leaf_weight=72 24 25 47 39 56 76 89 107
leaf_count=72 24 25 47 39 56 76 89 107
internal_value=6.12891e-06 0.000271874 -0.000189518 0.000649742 -4.22051e-05 -0.00022416 0.00012041 3.37212e-05
internal_weight=535 243 292 111 245 132 113 132
internal_count=535 243 292 111 245 132 113 132
is_linear=0
shrinkage=0.0167612


Tree=337
num_leaves=8
num_cat=0
split_feature=46 42 80 90 202 205 87
split_gain=0.0581195 0.0693866 0.0477403 0.0448357 0.0226181 0.0675475 0.0412522
threshold=82.500000000000014 665736.25000000012 719487.17948717962 24.500000000000004 5.5000000000000009 1.0000000180025095e-35 12.500000000000002
decision_type=10 8 10 10 8 10 8
left_child=2 -2 4 -3 5 -1 -6
right_child=1 3 -4 -5 6 -7 -8
leaf_value=-2.5069698671765526e-05 1.1800690100624774e-05 0.00014771300527767381 -0.00047088080708958518 0.00083852437783291426 0.00041033431494073375 -0.00064636774213012538 -8.1262111839599226e-07
leaf_weight=24 49 48 43 53 39 37 242
leaf_count=24 49 48 43 53 39 37 242
internal_value=5.03092e-06 0.000267967 -8.31516e-05 0.000527061 -4.30882e-06 -0.000242519 4.33903e-05
internal_weight=535 150 385 101 342 61 281
internal_count=535 150 385 101 342 61 281
is_linear=0
shrinkage=0.0167612


Tree=338
num_leaves=8
num_cat=1
split_feature=13 1 214 193 11 62 184
split_gain=0.148967 0.153411 0.144914 0.0917197 0.060202 0.0669884 0.0659845
threshold=207891.24561403514 0 1.0000000180025095e-35 646180.58862433874 0.6830127018922193 406740.56297632429 1.0000000180025095e-35
decision_type=2 1 8 8 2 10 8
left_child=-1 2 -2 -4 5 -3 -6
right_child=1 4 3 -5 6 -7 -8
leaf_value=0.00073507943710442061 -6.1061796716976576e-05 0.00052893491775534763 -0.00034447990315055393 -0.0012306390852123783 -0.00046404762690272356 2.578662428156226e-05 0.00013065635237058577
leaf_weight=37 35 108 29 66 71 157 32
leaf_count=37 35 108 29 66 71 157 32
internal_value=4.30561e-06 -5.75224e-05 -0.000484082 -0.00087897 9.23868e-05 0.000242393 -0.000154103
internal_weight=535 498 130 95 368 265 103
internal_count=535 498 130 95 368 265 103
cat_boundaries=0 1
cat_threshold=19
is_linear=0
shrinkage=0.0167612


Tree=339
num_leaves=9
num_cat=0
split_feature=13 220 43 122 83 55 103 62
split_gain=0.131358 0.209247 0.148778 0.0641794 0.0245603 0.0200247 0.0193257 0.0161075
threshold=427905.18238993717 630.00000000000011 1.0000000180025095e-35 34.500000000000007 0.86717920732497367 3.5000000000000004 266622.80450835609 542001.72856648418
decision_type=2 10 8 10 10 10 10 10
left_child=1 5 -2 -3 7 -1 -6 -4
right_child=2 3 4 -5 6 -7 -8 -9
leaf_value=8.6563462028557738e-05 -0.00093481173891900098 0.0014994192152126763 -3.2299632565492347e-05 0.00046751409102620061 -7.8268339975883712e-05 -0.00025342613275611302 0.00020657670854760954 -0.00040688474860803747
leaf_weight=100 29 35 125 30 25 30 118 43
leaf_count=100 29 35 125 30 25 30 118 43
internal_value=5.36278e-06 0.000336718 -0.00016763 0.000977306 -3.9875e-05 4.23258e-05 7.69276e-05 -0.000175154
internal_weight=535 195 340 65 311 130 143 168
internal_count=535 195 340 65 311 130 143 168
is_linear=0
shrinkage=0.0167612


Tree=340
num_leaves=8
num_cat=0
split_feature=44 11 35 91 110 108 142
split_gain=0.0661859 0.049943 0.059614 0.0574989 0.0533248 0.0280149 0.0180615
threshold=1.0598977721213616 0.6830127018922193 23.500000000000004 1.0000000180025095e-35 1.0000000180025095e-35 1.0000000180025095e-35 -8.3580425999999992
decision_type=10 2 10 8 10 10 10
left_child=1 2 4 -3 -1 -2 -4
right_child=5 3 6 -5 -6 -7 -8
leaf_value=2.2485190036784122e-05 0.00076010939066690195 -0.00056151779410214763 0.00015067055988724135 -7.5234715620900583e-05 -0.00042233949938600362 0.00013473883950964276 0.00056084536727861196
leaf_weight=189 29 82 27 55 57 38 58
leaf_count=189 29 82 27 55 57 38 58
internal_value=4.06779e-06 -4.91826e-05 3.30986e-05 -0.000296625 -5.93354e-05 0.000408678 0.000368326
internal_weight=535 468 331 137 246 67 85
internal_count=535 468 331 137 246 67 85
is_linear=0
shrinkage=0.0167612


Tree=341
num_leaves=6
num_cat=1
split_feature=13 0 218 217 163
split_gain=0.055085 0.189566 0.0538919 0.0273204 0.00846097
threshold=982749.38613315707 0 2.0844827586206902 317313.75000000006 1.0307004445184575
decision_type=2 9 10 8 10
left_child=1 2 -1 -3 -2
right_child=4 3 -4 -5 -6
leaf_value=-0.00067086916978836007 -0.00049339846646384491 9.6214796661038581e-05 -0.00016229227593921887 0.00035702292219602183 -0.00012179651003930048
leaf_weight=83 48 37 26 311 30
leaf_count=83 48 37 26 311 30
internal_value=4.26347e-06 8.80383e-05 -0.000388053 0.000286683 -0.000317291
internal_weight=535 457 109 348 78
internal_count=535 457 109 348 78
cat_boundaries=0 1
cat_threshold=17368577
is_linear=0
shrinkage=0.0167612


Tree=342
num_leaves=9
num_cat=1
split_feature=0 101 62 108 63 164 20 20
split_gain=0.0962913 0.048728 0.0272982 0.035791 0.0251584 0.0239976 0.0172411 0.00129405
threshold=0 222096.79193546553 346583.50695546105 1.0000000180025095e-35 454646.49964080466 57105465.525628507 1.0000000180025095e-35 1.0000000180025095e-35
decision_type=9 8 10 8 10 8 10 8
left_child=5 2 3 -2 -4 -1 7 -3
right_child=1 6 4 -5 -6 -7 -8 -9
leaf_value=0.00012084367944518578 0.00013359900968974465 -0.00045662090543599005 -0.00017220992262332558 0.00067431114949352707 0.00022484391845797188 0.00058571130922065921 -9.7010683802812287e-05 -0.00017302481320295048
leaf_weight=38 27 83 90 24 28 80 30 135
leaf_count=38 27 83 90 24 28 80 30 135
internal_value=3.40645e-06 -9.78058e-05 6.01254e-05 0.000326593 8.22133e-06 0.000366532 -0.000252721 -0.000315646
internal_weight=535 417 169 51 118 118 248 218
internal_count=535 417 169 51 118 118 248 218
cat_boundaries=0 1
cat_threshold=2261252
is_linear=0
shrinkage=0.0167612


Tree=343
num_leaves=7
num_cat=0
split_feature=218 105 159 110 130 117
split_gain=0.0457337 0.0751025 0.0304216 0.0136148 0.0143865 0.00750511
threshold=2.6159754224270357 32.500000000000007 1.0000000180025095e-35 1.0000000180025095e-35 4.5000000000000009 1.0000000180025095e-35
decision_type=10 10 8 8 8 10
left_child=2 -2 -1 4 -4 -5
right_child=1 -3 3 5 -6 -7
leaf_value=-0.00037059839335746881 0.00052688384872899899 -3.3019532503715564e-05 0.00028477557028914639 -6.5840305230857128e-06 4.7383742596568462e-05 -0.00020536611164741705
leaf_weight=47 94 47 59 191 33 64
leaf_count=47 94 47 59 191 33 64
internal_value=3.47325e-06 0.000246174 -6.92218e-05 -3.53795e-06 0.000131044 -7.38667e-05
internal_weight=535 141 394 347 92 255
internal_count=535 141 394 347 92 255
is_linear=0
shrinkage=0.0167612


Tree=344
num_leaves=9
num_cat=0
split_feature=216 6 52 27 22 13 136 204
split_gain=0.0859003 0.0757719 0.128515 0.0925282 0.0731229 0.017686 0.00921518 0.00585439
threshold=-0.0024016242849603819 1.0000000180025095e-35 1.0000000180025095e-35 1.0000000180025095e-35 1.0000000180025095e-35 656555.58531746047 0.98387096774193561 1.0000000180025095e-35
decision_type=10 2 8 8 8 2 8 10
left_child=1 2 -1 -3 -5 6 -2 -7
right_child=5 3 -4 4 -6 7 -8 -9
leaf_value=-0.0012263960399303893 0.00013824721355422981 -0.00063627921578358762 -0.00015987471625898445 0.00030300706383446353 -0.00018166000445991564 0.00013720467143581993 0.00061102195244685652 -6.4707733773797355e-05
leaf_weight=34 34 36 61 118 153 40 29 32
leaf_count=34 34 36 61 118 153 40 29 32
internal_value=-0.000102816 -0.000231571 -0.000598734 -8.38929e-05 -2.93383e-07 0.000192631 0.000389733 3.96997e-05
internal_weight=537 402 95 307 271 135 63 72
internal_count=537 402 95 307 271 135 63 72
is_linear=0
shrinkage=0.0167612


Tree=345
num_leaves=10
num_cat=0
split_feature=33 46 56 99 83 64 156 132 201
split_gain=0.0438572 0.074389 0.0918691 0.0972603 0.0606851 0.08682 0.00850307 0.00727456 0.00374642
threshold=1641304.3421296298 151.50000000000003 1.0000000180025095e-35 1.0000000180025095e-35 1.0318725178800043 43.500000000000007 1.0000000180025095e-35 0.059714795008912656 736164.14141414152
decision_type=8 8 10 10 8 10 10 10 8
left_child=4 -2 3 -3 5 7 -6 -1 -8
right_child=1 2 -4 -5 6 -7 8 -9 -10
leaf_value=0.00077186248651169964 -0.00078032194604352753 -5.2334856830802711e-05 0.00045447237596577819 -0.00077871580099221063 -3.9390783958476309e-05 -5.6411346003947606e-05 -0.0001188617319502329 0.00025573324247626992 -0.00037350469604944701
leaf_weight=61 32 201 24 42 53 29 24 25 46
leaf_count=61 32 201 24 42 53 29 24 25 46
internal_value=-0.00010155 -0.000234005 -0.00011506 -0.000232959 2.82648e-05 0.000302002 -0.00015109 0.000597795 -0.000271489
internal_weight=537 299 267 243 238 115 123 86 70
internal_count=537 299 267 243 238 115 123 86 70
is_linear=0
shrinkage=0.0167612


Tree=346
num_leaves=9
num_cat=0
split_feature=163 169 6 75 205 202 11 144
split_gain=0.0647927 0.10945 0.0625989 0.032656 0.0389423 0.0173024 0.0183999 0.0108828
threshold=1.0150472169761409 1.0000000180025095e-35 1.5000000000000002 1.1135693906185542 1.0000000180025095e-35 12.500000000000002 0.25000000000000017 0.12158167036215817
decision_type=10 8 2 10 10 8 2 8
left_child=1 2 -1 4 -2 -3 -7 -5
right_child=3 5 -4 7 -6 6 -8 -9
leaf_value=-0.00093000585873462087 0.00060584511817076455 0.00016064782397491524 -0.00021371264641557508 -1.5239090231489596e-06 9.2509792029217837e-05 -1.3985087806469929e-05 -0.00023634774487295293 -0.00022187396862680654
leaf_weight=69 50 45 36 26 48 116 119 28
leaf_count=69 50 45 36 26 48 116 119 28
internal_value=-0.00010069 -0.000221075 -0.000625346 0.000132717 0.000330088 -3.18648e-05 -0.000100781 -3.64378e-06
internal_weight=537 385 105 152 98 280 235 54
internal_count=537 385 105 152 98 280 235 54
is_linear=0
shrinkage=0.0167612


Tree=347
num_leaves=7
num_cat=0
split_feature=13 93 154 196 63 107
split_gain=0.120577 0.259254 0.125532 0.0316544 0.0369833 0.0142088
threshold=238015.73506944449 1.0000000180025095e-35 66.500000000000014 1.0000000180025095e-35 509443.6486486487 28.500000000000004
decision_type=2 10 8 10 10 10
left_child=1 -1 3 5 -5 -2
right_child=2 -3 -4 4 -6 -7
leaf_value=0.0011441684736583654 -0.00040266411587059318 -0.00019204714143627511 -0.0005592156673129221 1.0389227932973468e-05 0.00039769152148282316 -5.5031483847418784e-05
leaf_weight=42 50 28 156 154 52 55
leaf_count=42 50 28 156 154 52 55
internal_value=-9.86329e-05 0.000395604 -0.000206921 -1.17306e-05 9.59908e-05 -0.000216971
internal_weight=537 70 467 311 206 105
internal_count=537 70 467 311 206 105
is_linear=0
shrinkage=0.0167612


Tree=348
num_leaves=10
num_cat=1
split_feature=0 6 164 216 39 158 2 52 164
split_gain=0.256864 0.12355 0.0986517 0.0864137 0.073072 0.0580838 0.0355815 0.0793281 0.0134683
threshold=0 1.0000000180025095e-35 58503115.11507754 0.029547158319900284 52.06818181818182 1.0000000180025095e-35 2024.5000000000002 1.0000000180025095e-35 57427853.012764104
decision_type=9 2 8 10 8 10 2 8 10
left_child=3 2 -2 6 8 -6 7 -1 -3
right_child=1 4 -4 -5 5 -7 -8 -9 -10
leaf_value=-0.00077717302047836058 -0.0007143908746808891 -0.0002120905109003162 5.9444408903087539e-05 -0.00014617144308277553 0.00069640173475625348 0.00021913114726747367 -0.00099072091689388639 -9.3639965952900962e-05 8.7195245359584139e-05
leaf_weight=41 45 24 27 44 155 29 81 62 29
leaf_count=41 45 24 27 44 155 29 81 62 29
internal_value=-9.72147e-05 0.000181849 -0.000239156 -0.000490278 0.0003936 0.000559132 -0.000690985 -0.000404261 0.000102616
internal_weight=537 309 72 228 237 184 184 103 53
internal_count=537 309 72 228 237 184 184 103 53
cat_boundaries=0 1
cat_threshold=17385011
is_linear=0
shrinkage=0.0167612


Tree=349
num_leaves=7
num_cat=0
split_feature=33 38 40 20 13 110
split_gain=0.113821 0.104094 0.0862748 0.0363808 0.0391384 0.00140204
threshold=452451.62037037039 3217.9608793517259 1.0000000180025095e-35 1.0000000180025095e-35 413877.09027777787 1.0000000180025095e-35
decision_type=8 10 10 10 2 10
left_child=1 -1 3 4 -2 -4
right_child=2 -3 5 -5 -6 -7
leaf_value=0.00014531641900233276 5.7532822010277877e-05 0.00090179179237437205 -0.00036623713928793557 0.00023333899988981201 -0.00024919103836584149 -0.00099458557083426861
leaf_weight=31 81 38 31 30 295 31
leaf_count=31 81 38 31 30 295 31
internal_value=-9.58676e-05 0.000386337 -0.00020075 -9.3927e-05 -0.000151436 -0.000678683
internal_weight=537 69 468 406 376 62
internal_count=537 69 468 406 376 62
is_linear=0
shrinkage=0.0167612


Tree=350
num_leaves=11
num_cat=1
split_feature=10 169 33 1 13 50 188 218 143 51
split_gain=0.0451396 0.116708 0.185957 0.116295 0.265806 0.0360588 0.0278562 0.0255296 0.0560139 0.00632805
threshold=-0.24999999999999994 1.0000000180025095e-35 861829.61913690495 0 593024.46853741503 1.0000000180025095e-35 31.500000000000004 2.6972222222222229 1.0000000180025095e-35 1.0000000180025095e-35
decision_type=2 8 8 1 2 10 8 8 8 10
left_child=3 2 -2 5 6 -1 -5 -3 -9 -6
right_child=1 7 -4 4 9 -7 -8 8 -10 -11
leaf_value=-0.000523480143889452 -0.00020753893063057388 -0.00026662590958116298 -0.0011776659960484762 0.0017564811943399318 -0.00019343682955197844 -6.9959509766015111e-05 0.00073535152821079398 0.00044076342584620589 -4.4085917310696168e-05 9.9987073199980209e-07
leaf_weight=57 38 49 58 24 27 46 24 54 118 42
leaf_count=57 38 49 58 24 27 46 24 54 118 42
internal_value=-9.38306e-05 -0.000221543 -0.000640936 4.90932e-05 0.000384 -0.000242139 0.00117534 -1.72754e-05 7.42539e-05 3.2467e-06
internal_weight=537 317 96 220 117 103 48 221 172 69
internal_count=537 317 96 220 117 103 48 221 172 69
cat_boundaries=0 1
cat_threshold=152
is_linear=0
shrinkage=0.0167612


Tree=351
num_leaves=8
num_cat=0
split_feature=153 149 32 47 144 75 196
split_gain=0.0346189 0.0713216 0.100691 0.0345928 0.0197795 0.00844942 0.00421401
threshold=1.0000000180025095e-35 84.500000000000014 1.0000000180025095e-35 0.29623655913978492 0.084039548022598873 1.0589108474279272 6.0000000000000009
decision_type=10 10 8 10 8 10 10
left_child=1 2 4 -3 -1 -5 -4
right_child=-2 3 6 5 -6 -7 -8
leaf_value=-0.00022634257053100878 0.00022855288576048165 1.9927357436968943e-05 -7.5047832787372484e-05 0.000607542012376378 -0.00075838258107391451 0.00013932798118726397 2.280330755548408e-05
leaf_weight=31 30 82 198 29 102 32 33
leaf_count=31 30 82 198 29 102 32 33
internal_value=-9.22984e-05 -0.00013868 -0.000267782 0.000107354 -0.000601752 0.000377871 -3.94699e-05
internal_weight=537 507 364 143 133 61 231
internal_count=537 507 364 143 133 61 231
is_linear=0
shrinkage=0.0167612


Tree=352
num_leaves=8
num_cat=0
split_feature=63 67 113 205 107 77 3
split_gain=0.0529382 0.0867558 0.05248 0.0469825 0.0354808 0.0600309 0.0174893
threshold=330339.98473214294 1.0000000180025095e-35 35804.139608088371 1.0000000180025095e-35 12.500000000000002 1.0000000180025095e-35 4.5000000000000009
decision_type=10 8 10 8 8 10 2
left_child=1 2 -1 -2 5 -3 -6
right_child=3 4 -4 -5 6 -7 -8
leaf_value=-0.0001807100321265129 0.00062757791877741573 6.149968882407268e-05 -0.00095526505306261751 0.00011293138074108451 -0.00019407955083840058 0.00074253902213050388 3.1564844191783038e-05
leaf_weight=33 57 69 27 38 93 28 187
leaf_count=33 57 69 27 38 93 28 187
internal_value=3.28285e-05 -2.52261e-05 -0.000499771 0.000342534 4.42802e-05 0.000288538 -1.66631e-05
internal_weight=532 437 60 95 377 97 280
internal_count=532 437 60 95 377 97 280
is_linear=0
shrinkage=0.0167612


Tree=353
num_leaves=7
num_cat=1
split_feature=164 3 0 164 33 105
split_gain=0.0652991 0.166542 0.108155 0.0766688 0.0711647 0.0589182
threshold=56280373.419522949 6.5000000000000009 0 58778335.766644321 1193104.0175177308 71.500000000000014
decision_type=8 2 9 8 10 8
left_child=1 -1 3 -2 5 -4
right_child=2 -3 4 -5 -6 -7
leaf_value=-0.00080962320463115207 -3.5370722661381808e-05 0.000142356806782193 0.00076558287385781771 -0.00063303991218990375 -9.404706680880369e-05 0.00022071146856861892
leaf_weight=58 46 48 80 55 35 210
leaf_count=58 46 48 80 55 35 210
internal_value=3.21608e-05 -0.000266796 0.000135685 -0.000221375 0.000290788 0.000405197
internal_weight=532 106 426 101 325 290
internal_count=532 106 426 101 325 290
cat_boundaries=0 1
cat_threshold=525843
is_linear=0
shrinkage=0.0167612


Tree=354
num_leaves=8
num_cat=0
split_feature=13 173 22 13 33 164 60
split_gain=0.148376 0.264461 0.0934598 0.115616 0.139659 0.112987 0.0468497
threshold=218433.03935860062 1.0000000180025095e-35 1.0000000180025095e-35 763617.04545454553 937347.0086904763 57231192.989181958 4.7444444444444454
decision_type=2 8 8 2 8 10 10
left_child=1 -1 3 5 -5 -2 -4
right_child=2 -3 6 4 -6 -7 -8
leaf_value=0.00019593851421052154 5.8425488611819689e-05 0.0015532798293988073 -0.00046251917237237754 0.00024576288618935243 -0.00066246347292608931 0.00075712594106601243 -8.8321360872798451e-05
leaf_weight=24 99 29 161 31 70 87 31
leaf_count=24 99 29 161 31 70 87 31
internal_value=3.1287e-05 0.000680973 -4.47117e-05 0.000112273 -0.000227194 0.000367893 -0.000320784
internal_weight=532 53 479 287 101 186 192
internal_count=532 53 479 287 101 186 192
is_linear=0
shrinkage=0.0167612


Tree=355
num_leaves=10
num_cat=0
split_feature=13 55 118 105 7 47 47 33 88
split_gain=0.197792 0.141342 0.16149 0.120675 0.056399 0.101682 0.0596756 0.033642 0.00851282
threshold=386989.03273809532 3.5000000000000004 1.0000000180025095e-35 51.500000000000007 1.0000000180025095e-35 0.29623655913978492 1.0000000180025095e-35 1052744.4791666667 3.5000000000000004
decision_type=2 10 10 8 2 8 8 10 10
left_child=1 2 8 7 5 -5 -6 -2 -1
right_child=3 -3 -4 4 6 -7 -8 -9 -10
leaf_value=0.00040154611129580565 0.00048237306962130441 -3.0618220350715556e-05 0.0014962947229278266 -8.947946006705642e-05 -0.00039573447912476912 -0.00080162837805337916 0.00026178494119003074 9.9027595555258876e-05 0.00016620430183756038
leaf_weight=69 64 30 37 85 32 111 53 27 24
leaf_count=69 64 30 37 85 32 111 53 27 24
internal_value=3.11154e-05 0.000486281 0.000771664 -0.000154654 -0.000340675 -0.00049641 -6.14077e-05 0.000242081 0.000379622
internal_weight=532 160 130 372 281 196 85 91 93
internal_count=532 160 130 372 281 196 85 91 93
is_linear=0
shrinkage=0.0167612


Tree=356
num_leaves=10
num_cat=1
split_feature=13 1 121 210 193 105 153 63 119
split_gain=0.0570678 0.0939213 0.114287 0.0674969 0.101218 0.0468379 0.105908 0.0478861 0.000840479
threshold=698348.21428571444 0 0.3805891283934637 1.0000000180025095e-35 1348787.8116802529 27.500000000000004 1.0000000180025095e-35 274161.69519519521 41.500000000000007
decision_type=2 1 8 8 8 8 8 10 8
left_child=1 2 -1 4 -3 -2 7 -7 -8
right_child=5 3 -4 -5 -6 6 8 -9 -10
leaf_value=0.00017927641930274468 6.600084740835382e-05 0.00045753113530839606 0.0009039063993630847 -0.00030346228274833197 -0.00025323495626446754 -0.0010959253144597358 4.7711180996937122e-05 -0.00026773245369893239 -2.2043572201340298e-05
leaf_weight=29 46 113 74 99 36 42 24 32 37
leaf_count=29 46 113 74 99 36 42 24 32 37
internal_value=3.03495e-05 0.000162172 0.000508546 1.13655e-05 0.000184601 -0.000169837 -0.000350431 -0.000726116 -6.56812e-05
internal_weight=532 351 103 248 149 181 135 74 61
internal_count=532 351 103 248 149 181 135 74 61
cat_boundaries=0 1
cat_threshold=68
is_linear=0
shrinkage=0.0167612


Tree=357
num_leaves=10
num_cat=0
split_feature=13 149 210 28 136 12 13 31 159
split_gain=0.0477447 0.0577272 0.0573122 0.046004 0.0720845 0.0451924 0.0248246 0.0294855 0.00131161
threshold=743910.08934523817 99.500000000000014 1.0000000180025095e-35 31.500000000000004 0.98387096774193561 1.0000000180025095e-35 1098847.237734488 608187.50000000012 1.0000000180025095e-35
decision_type=2 8 8 10 10 2 2 10 10
left_child=2 -2 3 4 -1 -4 7 -3 -5
right_child=1 6 5 8 -6 -7 -8 -9 -10
leaf_value=0.00012298677262282052 -0.00057581719709353101 5.8572152728559652e-05 -0.00030463483332877211 7.9297288618798765e-05 0.00075849818761429381 0.00014978535629861769 -0.00022685113333729932 0.00043929796510215689 -1.3444099511054264e-05
leaf_weight=55 41 33 87 38 87 58 45 36 52
leaf_count=55 41 33 87 38 87 58 45 36 52
internal_value=2.92973e-05 -0.000172383 0.00013996 0.000304851 0.000484895 -4.64348e-05 -2.42816e-05 0.000161987 5.24225e-05
internal_weight=532 155 377 232 142 145 114 69 90
internal_count=532 155 377 232 142 145 114 69 90
is_linear=0
shrinkage=0.0167612


Tree=358
num_leaves=11
num_cat=0
split_feature=13 55 10 213 43 15 161 63 144 17
split_gain=0.210166 0.132533 0.0841922 0.0998544 0.0408612 0.0383087 0.0366991 0.0258347 0.0215133 0.00783554
threshold=413877.09027777787 2.5000000000000004 -1.0000000180025095e-35 617642.90424809151 1.0000000180025095e-35 1.0000000180025095e-35 29.500000000000004 274161.69519519521 0.12158167036215817 1.0000000180025095e-35
decision_type=2 8 2 10 10 2 10 10 8 8
left_child=1 6 8 4 -4 -3 -1 -5 -2 -10
right_child=2 5 3 7 -6 -7 -8 -9 9 -11
leaf_value=0.001342698592905869 -0.00014932274307847716 -7.481329886869458e-05 -0.0011014017118603286 -0.00025472037466189531 -0.00030232765281314677 0.00038702430476169491 0.00048862416808631321 0.00017707310313197641 0.00031509551368711351 3.1876517692952361e-05
leaf_weight=41 59 71 56 42 33 38 36 37 45 74
leaf_count=41 59 71 56 42 33 38 36 37 45 74
internal_value=2.79998e-05 0.000454974 -0.000187639 -0.00044437 -0.000792417 9.07422e-05 0.000932848 -8.50187e-05 -8.96911e-06 0.000158083
internal_weight=532 186 346 168 89 109 77 79 178 119
internal_count=532 186 346 168 89 109 77 79 178 119
is_linear=0
shrinkage=0.0167612


Tree=359
num_leaves=9
num_cat=0
split_feature=164 27 143 146 214 7 12 7
split_gain=0.147495 0.0610967 0.0559424 0.0721942 0.0326835 0.0472626 0.0297199 0.0198818
threshold=56766108.714603528 1.0000000180025095e-35 1.0000000180025095e-35 390090.00000000006 3.5000000000000004 1.0000000180025095e-35 1.0000000180025095e-35 1.0000000180025095e-35
decision_type=8 10 10 10 10 2 2 2
left_child=4 6 3 -3 5 -1 -2 -4
right_child=1 2 7 -5 -6 -7 -8 -9
leaf_value=-0.0007185532875199379 -0.00013393826220371176 0.0011668397503418314 0.00023503004560444395 0.00027500289857648437 -0.00015158585659980832 -0.00022216893813433683 0.00021563899813490758 -8.4229976810188192e-05
leaf_weight=86 124 37 68 54 27 26 81 29
leaf_count=86 124 37 68 54 27 26 81 29
internal_value=2.75599e-05 0.00020133 0.000408219 0.000689219 -0.000370564 -0.000531223 1.68222e-05 9.94972e-05
internal_weight=532 393 188 91 139 112 205 97
internal_count=532 393 188 91 139 112 205 97
is_linear=0
shrinkage=0.0167612


Tree=360
num_leaves=9
num_cat=1
split_feature=1 210 15 122 201 25 113 136
split_gain=0.0493102 0.11898 0.105007 0.0574359 0.0507373 0.111889 0.071811 0.0557678
threshold=0 1.0000000180025095e-35 1.0000000180025095e-35 13.500000000000002 1032484.393809524 3.5350000000000006 132932.2175650257 0.80322580645161301
decision_type=1 8 2 10 10 8 10 10
left_child=1 3 -3 -1 5 6 -2 -7
right_child=4 2 -4 -5 -6 7 -8 -9
leaf_value=0.00047431226236760378 -0.00027753023655748829 -0.0010382429945266214 -0.00021907466852028352 -0.00012229880180176443 -0.00025261975817115605 0.00029754367808107772 0.00029427364708961199 0.0010432780841768854
leaf_weight=39 132 57 35 34 56 114 52 25
leaf_count=39 132 57 35 34 56 114 52 25
internal_value=-2.00112e-05 -0.000240533 -0.000629315 5.94079e-05 6.47703e-05 0.00016644 -3.81104e-05 0.000496938
internal_weight=544 165 92 73 379 323 184 139
internal_count=544 165 92 73 379 323 184 139
cat_boundaries=0 1
cat_threshold=19
is_linear=0
shrinkage=0.0167612


Tree=361
num_leaves=9
num_cat=0
split_feature=55 10 12 74 33 51 132 188
split_gain=0.0390272 0.0537018 0.14199 0.0530606 0.0287985 0.0508261 0.0474476 0.0101568
threshold=3.5000000000000004 -0.24999999999999994 1.0000000180025095e-35 49.500000000000007 1099691.3542424247 1.0000000180025095e-35 0.12158167036215817 34.500000000000007
decision_type=10 2 2 8 8 8 8 8
left_child=1 2 7 -4 6 -6 -3 -1
right_child=-2 4 3 -5 5 -7 -8 -9
leaf_value=2.7119102765896821e-05 -0.00039204488562453164 0.00029546545907900297 0.001166939793263403 0.0002818219428916116 -0.00054767913085440904 -3.1783101405732251e-05 -0.00024486741446234358 -0.00016408488328360579
leaf_weight=79 37 69 37 30 69 124 33 66
leaf_count=79 37 69 37 30 69 124 33 66
internal_value=-1.9149e-05 3.70189e-06 0.00020644 0.000734171 -0.000116115 -0.000242644 1.47012e-05 6.80374e-06
internal_weight=544 507 212 67 295 193 102 145
internal_count=544 507 212 67 295 193 102 145
is_linear=0
shrinkage=0.0167612


Tree=362
num_leaves=11
num_cat=1
split_feature=1 129 42 104 104 177 204 133 11 102
split_gain=0.047203 0.0879714 0.0679172 0.0649132 0.0506545 0.0371448 0.0353212 0.00695639 0.00409801 0.00177063
threshold=0 275000.00000000006 193330.54206138689 29.500000000000004 200.50000000000003 15.000000000000002 1.0000000180025095e-35 0.11596638655462181 -0.24999999999999994 10286.032606778244
decision_type=1 8 10 10 8 8 10 8 2 10
left_child=1 4 5 7 -1 9 -5 -4 -3 -2
right_child=2 8 3 6 -6 -7 -8 -9 -10 -11
leaf_value=0.0004750334541738856 -6.3530351208142345e-05 -0.00022556871100934783 0.00014624205968622128 -0.00081795070269274667 -9.4967381487375747e-05 0.00041757959969676231 -0.00021898897522365773 1.2882660827245137e-06 -0.00074766335656498422 4.7863194203767826e-05
leaf_weight=25 39 33 59 36 45 147 24 50 62 24
leaf_count=25 39 33 59 36 45 147 24 50 62 24
internal_value=-1.91186e-05 -0.000235152 6.34766e-05 -0.000128021 1.23489e-05 0.00026864 -0.000500186 4.73457e-06 -0.000563595 6.1464e-05
internal_weight=544 165 379 169 70 210 60 109 95 63
internal_count=544 165 379 169 70 210 60 109 95 63
cat_boundaries=0 1
cat_threshold=19
is_linear=0
shrinkage=0.0167612


Tree=363
num_leaves=6
num_cat=0
split_feature=55 33 213 159 213
split_gain=0.0379947 0.0666137 0.0323455 0.110407 0.0506544
threshold=3.5000000000000004 411698.19194736652 202840.93055555559 1.0000000180025095e-35 1165326.7890872357
decision_type=10 8 10 10 10
left_child=1 -1 3 -3 -4
right_child=-2 2 4 -5 -6
leaf_value=0.00049844522287124493 -0.00038673786716021945 -9.4701215654679796e-05 -2.4288690522481763e-05 0.00054180383005836481 -0.00056305564606310571
leaf_weight=36 37 178 177 70 46
leaf_count=36 37 178 177 70 46
internal_value=-1.87443e-05 3.58722e-06 -3.2953e-05 6.59562e-05 -0.000181152
internal_weight=544 507 471 248 223
internal_count=544 507 471 248 223
is_linear=0
shrinkage=0.0167612


Tree=364
num_leaves=7
num_cat=0
split_feature=13 137 122 12 214 165
split_gain=0.145443 0.0400269 0.0691105 0.0449411 0.0387933 0.00154125
threshold=1029411.6643269431 1.0000000180025095e-35 35.500000000000007 1.0000000180025095e-35 1.5000000000000002 22.500000000000004
decision_type=2 10 8 2 10 8
left_child=1 2 4 -4 -1 -2
right_child=5 -3 3 -5 -6 -7
leaf_value=0.00053917917387628878 -0.00028129099908241317 -0.0002310412635830291 -0.00018388710393661735 0.00021985780576376236 9.9079791893361219e-05 -0.0008619620136194533
leaf_weight=125 29 48 160 86 52 44
leaf_count=125 29 48 160 86 52 44
internal_value=-1.8575e-05 7.11333e-05 0.000140386 5.09873e-06 0.000374735 -0.000593149
internal_weight=544 471 423 246 177 73
internal_count=544 471 423 246 177 73
is_linear=0
shrinkage=0.0167612


Tree=365
num_leaves=11
num_cat=0
split_feature=13 137 42 146 164 51 151 25 15 182
split_gain=0.0912377 0.110656 0.116272 0.0562812 0.159693 0.180664 0.0172038 0.0142152 0.0227086 0.0081631
threshold=610120.83333333349 1.0000000180025095e-35 1142250.6539860605 534555.42857142875 58076973.65377599 1.0000000180025095e-35 1.0000000180025095e-35 2.7950000000000004 1.0000000180025095e-35 1.0000000180025095e-35
decision_type=2 8 8 8 8 10 10 10 2 8
left_child=1 2 -1 -2 5 -5 -4 8 -3 -6
right_child=3 7 6 4 9 -7 -8 -9 -10 -11
leaf_value=0.00015441046370060188 -4.1547048493651552e-05 -0.00013263063659367638 0.0004312765265201997 -0.0016648963368456891 0.00010320325051994113 -0.00035439010939149987 0.0011431138077876589 -0.00027409635143761039 0.00023094565682308063 -0.00012352827578155352
leaf_weight=42 92 80 35 33 35 32 50 37 43 65
leaf_count=42 92 80 35 33 35 32 50 37 43 65
internal_value=-1.87247e-05 0.000157646 0.00050139 -0.000246053 -0.000431359 -0.000961139 0.000849277 -5.51679e-05 -7.27725e-06 -6.79273e-05
internal_weight=544 287 127 257 165 65 85 160 123 100
internal_count=544 287 127 257 165 65 85 160 123 100
is_linear=0
shrinkage=0.0167612


Tree=366
num_leaves=11
num_cat=0
split_feature=74 217 6 97 95 13 197 14 122 109
split_gain=0.0883993 0.13498 0.0822797 0.0704581 0.0506164 0.0505522 0.0150081 0.0118702 0.0056897 0.00305713
threshold=1.5000000000000002 527754.26428571448 1.5000000000000002 1.0000000180025095e-35 22.500000000000004 425259.87508586288 1.0000000180025095e-35 18.000000000000004 66.500000000000014 1.0000000180025095e-35
decision_type=8 8 2 10 10 2 10 2 8 10
left_child=1 2 -1 5 -5 8 -3 -7 -2 -8
right_child=3 6 -4 4 -6 7 9 -9 -10 -11
leaf_value=-0.00059786687199782015 0.00040578120320302659 0.00094250422655032867 0.00010842587016263245 -0.00088797429776468642 -0.00015429802699623951 -0.00032741392055511307 0.00013091097036451116 -7.7487607610784615e-05 5.1518208322208717e-05 0.00043525383449593901
leaf_weight=46 27 28 30 46 55 101 35 35 77 64
leaf_count=46 27 28 30 46 55 101 35 35 77 64
internal_value=-1.85212e-05 0.000218573 -0.00015564 -0.000189 -0.00051637 -1.59869e-05 0.000552314 -0.000222591 0.00019948 0.000376055
internal_weight=544 203 76 341 101 240 127 136 104 99
internal_count=544 203 76 341 101 240 127 136 104 99
is_linear=0
shrinkage=0.0167612


Tree=367
num_leaves=9
num_cat=1
split_feature=0 12 60 42 174 13 165 65
split_gain=0.096595 0.0979442 0.0763722 0.0962453 0.0705913 0.0621487 0.0402251 0.0262818
threshold=0 1.0000000180025095e-35 22.222222222222225 212964.53409090909 1.0000000180025095e-35 468254.25315579714 11.500000000000002 24.500000000000004
decision_type=9 2 8 10 8 2 8 10
left_child=7 2 3 -2 -3 -6 -4 -1
right_child=1 4 6 -5 5 -7 -8 -9
leaf_value=-0.00060553870536039084 0.00082267354981291308 8.9416654183012447e-05 -4.3947514145175061e-05 7.8674998589299398e-05 0.0010522712044698588 0.00028949540879761373 -0.00037880323804128253 -0.00011340743570412887
leaf_weight=79 31 67 49 34 52 28 161 43
leaf_count=79 31 67 49 34 52 28 161 43
internal_value=-1.74239e-05 8.43635e-05 -6.00035e-05 0.000290322 0.000409948 0.000723183 -0.000238307 -0.000374316
internal_weight=544 422 275 65 147 80 210 122
internal_count=544 422 275 65 147 80 210 122
cat_boundaries=0 1
cat_threshold=16778259
is_linear=0
shrinkage=0.0167612


Tree=368
num_leaves=7
num_cat=0
split_feature=225 152 165 74 113 131
split_gain=0.11965 0.0740841 0.109104 0.0605424 0.0290179 0.0349075
threshold=5.5000000000000009 41.500000000000007 29.500000000000004 8.5000000000000018 157887.59410879764 1.0000000180025095e-35
decision_type=8 10 8 10 10 10
left_child=1 2 -1 4 5 -2
right_child=3 -3 -4 -5 -6 -7
leaf_value=-0.00016607720463370572 0.00030425197957108002 -4.2552340891318485e-05 -0.00092812475347942415 -0.00021350186627424236 0.00061775670530588337 2.3947812450730047e-05
leaf_weight=45 182 43 72 35 43 117
leaf_count=45 182 43 72 35 43 117
internal_value=2.85933e-06 -0.000326772 -0.00056593 0.000173854 0.000264661 0.000173857
internal_weight=537 160 117 377 342 299
internal_count=537 160 117 377 342 299
is_linear=0
shrinkage=0.0167612


Tree=369
num_leaves=8
num_cat=0
split_feature=120 155 5 213 192 149 38
split_gain=0.122917 0.107573 0.120366 0.0338596 0.115143 0.0359646 0.0220059
threshold=46.000000000000007 2.655913978494624 2.5000000000000004 1073125.1064814818 1.0000000180025095e-35 80.500000000000014 -43767.559523809519
decision_type=8 8 2 10 8 8 10
left_child=1 -1 -3 4 -2 -6 -5
right_child=3 2 -4 6 5 -7 -8
leaf_value=-3.7956244791307972e-05 0.00086155395253631137 -0.0012175897679807127 -0.00022110967801035618 -0.00036690588110225973 -0.00014430530548847068 0.00019351086522101694 -3.0005319769992967e-05
leaf_weight=44 39 46 42 25 60 255 26
leaf_count=44 39 46 42 25 60 255 26
internal_value=2.82379e-06 -0.000373109 -0.000717971 0.000157203 0.000231257 0.000100171 -7.1745e-05
internal_weight=537 132 88 405 354 315 51
internal_count=537 132 88 405 354 315 51
is_linear=0
shrinkage=0.0167612


Tree=370
num_leaves=7
num_cat=0
split_feature=43 33 74 156 13 109
split_gain=0.108753 0.181064 0.0542919 0.0230715 0.0181256 0.0094188
threshold=1.0000000180025095e-35 846931.50982343697 8.5000000000000018 1.0000000180025095e-35 680724.29560755345 1.0000000180025095e-35
decision_type=8 8 10 8 2 10
left_child=1 -1 3 -2 -5 -4
right_child=2 -3 5 4 -6 -7
leaf_value=2.7988591467237696e-05 0.00051373767389995407 -0.00093108919128128103 -7.0386053240857225e-05 0.0002368155063492034 1.7627979958536372e-05 -0.00036327775827543285
leaf_weight=50 59 62 27 175 130 34
leaf_count=50 59 62 27 175 130 34
internal_value=2.90591e-06 -0.00038316 0.000136366 0.000229998 0.000140237 -0.000172064
internal_weight=537 112 425 364 305 61
internal_count=537 112 425 364 305 61
is_linear=0
shrinkage=0.0167612


Tree=371
num_leaves=8
num_cat=0
split_feature=225 101 74 186 203 151 41
split_gain=0.105863 0.16223 0.0634418 0.0681672 0.0330616 0.0123429 0.00701851
threshold=2.5000000000000004 390877.41301318759 24.500000000000004 822244.72361111117 1.0000000180025095e-35 1.0000000180025095e-35 1.0000000180025095e-35
decision_type=8 8 10 8 8 10 10
left_child=1 5 3 6 -5 -1 -2
right_child=2 -3 -4 4 -6 -7 -8
leaf_value=7.0681181163102758e-05 -4.0411710755254609e-05 -0.0011330087119623181 -0.00026923300214738347 0.00053025306236061294 0.0001384721882103082 -0.00022312884530828329 -0.00027090797562373336
leaf_weight=52 29 28 39 140 180 31 38
leaf_count=52 29 28 39 140 180 31 38
internal_value=2.79777e-06 -0.000379693 0.000134047 0.000219034 0.000331088 -6.9787e-05 -0.000103114
internal_weight=537 111 426 387 320 83 67
internal_count=537 111 426 387 320 83 67
is_linear=0
shrinkage=0.0167612


Tree=372
num_leaves=7
num_cat=0
split_feature=74 27 12 156 88 38
split_gain=0.112051 0.113066 0.0603507 0.0523821 0.031239 0.0116383
threshold=6.5000000000000009 1.0000000180025095e-35 1.0000000180025095e-35 1.0000000180025095e-35 10.500000000000002 -81113.394158212453
decision_type=10 8 2 8 8 10
left_child=1 -1 5 -3 -5 -2
right_child=2 3 -4 4 -6 -7
leaf_value=-0.00045932536105951406 -0.00027722212164256108 0.00060933031730441717 -0.00083509308086861169 -9.8438106945380254e-05 0.00020895128705011163 -2.6967286318774748e-05
leaf_weight=31 25 70 36 52 262 61
leaf_count=31 25 70 36 52 262 61
internal_value=1.47973e-06 0.000143201 -0.000373128 0.000245888 0.000128433 -0.00011498
internal_weight=537 415 122 384 314 86
internal_count=537 415 122 384 314 86
is_linear=0
shrinkage=0.0167612


Tree=373
num_leaves=9
num_cat=0
split_feature=182 12 213 123 32 110 44 216
split_gain=0.103765 0.12294 0.0605169 0.0847593 0.0543216 0.0427583 0.014811 0.0587586
threshold=1.0000000180025095e-35 1.0000000180025095e-35 1207052.1748473751 1.0000000180025095e-35 1.0000000180025095e-35 1.0000000180025095e-35 0.82458719403352942 0.10878391996654825
decision_type=10 2 10 8 10 10 8 10
left_child=2 6 3 -1 5 -3 -2 -8
right_child=1 4 -4 -5 -6 -7 7 -9
leaf_value=0.00087396033884576299 0.00025374838039427227 -0.00037110528788899416 -0.0001461996137030624 0.00016851421952002418 -0.00025043882482820277 -0.0012180740735240816 -0.00022684007051382632 0.00039627307645087037
leaf_weight=41 29 34 32 213 27 43 93 25
leaf_count=41 29 34 32 213 27 43 93 25
internal_value=2.49919e-07 -0.000215949 0.000220357 0.000335704 -0.000612218 -0.000863454 2.5185e-07 3.44371e-08
internal_weight=537 251 286 254 104 77 147 118
internal_count=537 251 286 254 104 77 147 118
is_linear=0
shrinkage=0.0167612


Tree=374
num_leaves=10
num_cat=1
split_feature=0 121 13 15 214 217 110 25 6
split_gain=0.130806 0.113885 0.103702 0.285429 0.0651354 0.0760226 0.0277893 0.0207561 0.0163358
threshold=0 -0.4563263266018352 610120.83333333349 1.0000000180025095e-35 1.0000000180025095e-35 472175.96000000002 1.0000000180025095e-35 3.3750000000000004 1.0000000180025095e-35
decision_type=9 10 2 2 10 8 8 10 2
left_child=1 7 4 8 6 -6 -2 -1 -4
right_child=2 -3 3 -5 5 -7 -8 -9 -10
leaf_value=0.00051881865471958225 0.00060717369551709522 0.00012064155203078656 -0.00025026161988415995 -0.001274997130975946 0.00012479977673352657 -0.0005224912990838248 0.00010419336378453719 0.0012797995543784675 8.6637204152692436e-05
leaf_weight=48 34 46 27 47 28 70 124 27 86
leaf_count=48 34 46 27 47 28 70 124 27 86
internal_value=5.16467e-07 0.000417557 -0.000121526 -0.000436141 3.83325e-05 -0.000201458 0.000263171 0.000836517 -6.19005e-05
internal_weight=537 121 416 160 256 98 158 75 113
internal_count=537 121 416 160 256 98 158 75 113
cat_boundaries=0 1
cat_threshold=6432
is_linear=0
shrinkage=0.0167612


Tree=375
num_leaves=10
num_cat=0
split_feature=182 12 10 113 10 84 38 190 156
split_gain=0.0984557 0.117962 0.130657 0.0384095 0.0498016 0.0258134 0.0619472 0.00895219 0.00392078
threshold=1.0000000180025095e-35 1.0000000180025095e-35 -1.0000000180025095e-35 148292.93939762624 -0.24999999999999994 382758.93898809532 -13932.955691367386 1.1390954083024492 1.0000000180025095e-35
decision_type=10 2 2 8 2 8 10 8 10
left_child=3 5 -3 -1 -5 6 -2 -6 -7
right_child=1 2 -4 4 7 8 -8 -9 -10
leaf_value=-1.1947312342337054e-05 7.5942093686581631e-05 -0.00017553050494937089 -0.0010593377352225558 4.6461167756477751e-05 0.0008305448503030541 -0.00018050973401722754 0.0006457001940842397 0.00033377006952963481 -2.1209019403243914e-05
leaf_weight=43 25 45 59 109 35 36 37 99 49
leaf_count=43 25 45 59 109 35 36 37 99 49
internal_value=3.21072e-07 -0.000209845 -0.000598144 0.000215088 0.000317414 1.13482e-06 0.000258687 0.000518589 -7.68115e-05
internal_weight=537 251 104 286 243 147 62 134 85
internal_count=537 251 104 286 243 147 62 134 85
is_linear=0
shrinkage=0.0167612


Tree=376
num_leaves=9
num_cat=0
split_feature=110 158 205 12 133 97 7 143
split_gain=0.0395251 0.0573978 0.0472184 0.0460871 0.0239245 0.00939807 0.00634316 0.000132842
threshold=1.0000000180025095e-35 1.0000000180025095e-35 1.0000000180025095e-35 1.0000000180025095e-35 0.041241496598639411 1.0000000180025095e-35 1.0000000180025095e-35 1.0000000180025095e-35
decision_type=10 10 10 2 10 10 2 10
left_child=1 3 -2 4 -1 -5 -3 -4
right_child=2 6 7 5 -6 -7 -8 -9
leaf_value=-0.00031973107220567793 -0.0006756771318887823 0.00011115167575032564 -4.8009132145140344e-05 0.00021861103326814959 -8.111760716525891e-05 4.2540991014445883e-05 0.00059766638800091629 -2.0311331330130655e-05
leaf_weight=202 45 41 32 80 36 27 27 42
leaf_count=202 45 41 32 80 36 27 27 42
internal_value=-9.19279e-05 -3.98013e-06 -0.000327077 -9.76715e-05 -0.000237359 0.000103995 0.000343575 -6.59534e-05
internal_weight=532 413 119 345 238 107 68 74
internal_count=532 413 119 345 238 107 68 74
is_linear=0
shrinkage=0.0167612


Tree=377
num_leaves=9
num_cat=0
split_feature=110 166 6 12 31 133 11 122
split_gain=0.0387838 0.0557804 0.0524925 0.0444156 0.0313228 0.0258324 0.0154757 0.00810734
threshold=1.0000000180025095e-35 1.0000000180025095e-35 1.0000000180025095e-35 1.0000000180025095e-35 224358.07418699187 0.12599206349206346 1.0000000180025095e-35 5.5000000000000009
decision_type=10 10 2 2 10 8 2 10
left_child=1 3 -2 4 -1 -3 -5 -4
right_child=2 5 7 6 -6 -7 -8 -9
leaf_value=-0.00036275192609529916 -0.00074793042344946153 0.00014867826802947276 -0.00019636126240248872 0.00028908076579229697 -4.5948736470636308e-05 0.00058671743330152341 2.5831572652740606e-05 -1.926559597434406e-05
leaf_weight=162 33 24 36 52 76 44 55 50
leaf_count=162 33 24 36 52 76 44 55 50
internal_value=-9.0007e-05 -3.89696e-06 -0.000322825 -9.54151e-05 -0.000232787 0.000339592 0.000101845 -7.08039e-05
internal_weight=532 413 119 345 238 68 107 86
internal_count=532 413 119 345 238 68 107 86
is_linear=0
shrinkage=0.0167612


Tree=378
num_leaves=10
num_cat=0
split_feature=74 186 15 216 13 4 149 11 190
split_gain=0.0691526 0.136066 0.094705 0.0765157 0.058482 0.0311056 0.0221634 0.0170653 0.00980273
threshold=7.5000000000000009 667242.50000000012 1.0000000180025095e-35 -0.19624708007779496 427905.18238993717 285.00000000000006 171.50000000000003 -0.5 1.6469742837221735
decision_type=10 8 2 10 2 2 8 2 8
left_child=2 -2 5 -3 7 6 -1 -4 -6
right_child=1 3 4 -5 8 -7 -8 -9 -10
leaf_value=-4.0857495641339906e-05 8.4790186048082017e-05 -0.0012911245757015921 0.00096493028220652976 -0.00035210320352804087 0.00015202011415769344 6.1505861808617472e-05 -0.0004064701200669318 0.00028484477194416687 -9.6089307015045759e-05
leaf_weight=102 29 33 31 55 58 27 128 36 33
leaf_count=102 29 33 31 55 58 27 128 36 33
internal_value=-8.8459e-05 -0.000401801 -3.81228e-06 -0.000756285 0.000301764 -0.000172849 -0.000263829 0.000633188 5.14186e-05
internal_weight=532 117 415 88 158 257 230 67 91
internal_count=532 117 415 88 158 257 230 67 91
is_linear=0
shrinkage=0.0167612


Tree=379
num_leaves=11
num_cat=0
split_feature=13 6 182 204 108 2 90 75 202 102
split_gain=0.068678 0.0956739 0.0931601 0.0628001 0.0527991 0.0478821 0.0225044 0.0170102 0.00756699 0.00383799
threshold=510944.7410714287 1.5000000000000002 1.0000000180025095e-35 1.0000000180025095e-35 1.0000000180025095e-35 2024.5000000000002 28.500000000000004 1.3036181600085608 18.500000000000004 18090.147395404954
decision_type=2 2 8 10 10 2 10 8 8 8
left_child=4 2 -2 -4 5 9 -6 -3 -9 -1
right_child=1 7 3 -5 6 -7 -8 8 -10 -11
leaf_value=-0.00047492115954696977 -0.00010126379664774652 -0.00013071631144206692 -0.001264675603685154 -0.00038603204621013264 0.00075992091711605105 0.00019180118167269844 0.00019214548788458122 0.00035671961613629674 4.3363590051315789e-05 -0.0001015340296111923
leaf_weight=25 75 26 45 49 28 96 25 30 57 76
leaf_count=25 75 26 45 49 28 96 25 30 57 76
internal_value=-8.63092e-05 -0.00026288 -0.000507607 -0.000832459 7.86984e-05 6.81957e-06 0.000449154 -5.63683e-06 0.000175608 -0.000248273
internal_weight=532 282 169 94 250 197 53 113 87 101
internal_count=532 282 169 94 250 197 53 113 87 101
is_linear=0
shrinkage=0.0167612


Tree=380
num_leaves=11
num_cat=0
split_feature=143 95 47 6 204 14 3 211 174 163
split_gain=0.03944 0.0842532 0.0776877 0.0547914 0.0300461 0.0159084 0.0127859 0.0105947 0.00194545 0.000804822
threshold=1.0000000180025095e-35 12.500000000000002 0.9193548387096776 1.5000000000000002 1.0000000180025095e-35 8.5000000000000018 3.5000000000000004 1.0000000180025095e-35 1.0000000180025095e-35 1.0731596633659659
decision_type=10 10 10 2 10 2 2 10 8 8
left_child=1 5 9 6 -5 -1 -2 -8 -7 -3
right_child=3 2 -4 4 -6 8 7 -9 -10 -11
leaf_value=0.00021946624566431214 -1.4776990650734407e-05 -0.00012949468678869548 -0.00097828520514261488 0.00075488651552624829 0.00014473513605638353 -2.1642611136100361e-05 -6.4087783811967301e-05 -0.00042017081862110139 -9.3754183131895482e-05 -5.978939028160313e-05
leaf_weight=30 38 38 45 29 35 39 43 24 181 30
leaf_count=30 38 38 45 29 35 39 43 24 181 30
internal_value=-8.47736e-05 -0.000187212 -0.000520909 7.68873e-05 0.000415767 -1.30228e-05 -5.44485e-05 -0.00021153 -6.68024e-05 -0.000155757
internal_weight=532 363 113 169 64 250 105 67 220 68
internal_count=532 363 113 169 64 250 105 67 220 68
is_linear=0
shrinkage=0.0167612


Tree=381
num_leaves=10
num_cat=0
split_feature=110 13 74 11 164 215 90 12 216
split_gain=0.0371284 0.0859308 0.0740447 0.069281 0.0935109 0.0877937 0.0483796 0.0502358 0.000563141
threshold=1.0000000180025095e-35 386989.03273809532 16.500000000000004 -0.5 66563097.099526741 4.4832535885167477 35.500000000000007 1.0000000180025095e-35 0.37602910021579256
decision_type=10 2 8 2 8 8 10 2 8
left_child=1 6 8 5 -5 -3 7 -1 -2
right_child=2 3 -4 4 -6 -7 -8 -9 -10
leaf_value=0.00017740331676723264 -5.9086705259913488e-05 -0.00022219474631359826 -0.00081533134536489053 -5.0057812580761865e-05 -0.0007267105747387543 0.00045892278489052194 0.00015218624217177348 0.00094160447805938143 -1.5576283068037412e-05
leaf_weight=42 43 50 30 110 78 70 24 39 46
leaf_count=42 43 50 30 110 78 70 24 39 46
internal_value=-8.32484e-05 -3.60434e-06 -0.000310626 -0.00014143 -0.000344664 7.97345e-05 0.000347604 0.000576051 -5.39116e-05
internal_weight=532 413 119 308 188 120 105 81 89
internal_count=532 413 119 308 188 120 105 81 89
is_linear=0
shrinkage=0.0167612


Tree=382
num_leaves=10
num_cat=0
split_feature=164 99 41 31 93 136 225 88 11
split_gain=0.0683231 0.0987545 0.05089 0.0338398 0.0613365 0.0258422 0.0140805 0.00339696 0.0226853
threshold=56919997.112321027 1.0000000180025095e-35 1.0000000180025095e-35 941923.35459183692 1.0000000180025095e-35 0.57258064516129037 19.500000000000004 17.500000000000004 -0.24999999999999994
decision_type=8 10 8 10 10 10 10 8 2
left_child=1 5 3 4 -2 -1 -3 -4 -9
right_child=2 6 7 -5 -6 -7 -8 8 -10
leaf_value=-0.00035435611560002348 0.00064519461232645666 -0.00014166205298236277 -2.8641591995553838e-05 9.2830692688421912e-05 0.00015808066094187301 -0.0011155961554383494 0.00018151750255528535 -2.6539411106800421e-05 -0.00027536546027762896
leaf_weight=35 81 41 48 32 30 36 31 79 119
leaf_count=35 81 41 48 32 30 36 31 79 119
internal_value=-8.25847e-05 -0.000363987 7.54304e-06 0.000251766 0.000411814 -0.000752352 -7.50146e-05 -0.000102197 -0.000138714
internal_weight=532 143 389 143 111 71 72 246 198
internal_count=532 143 389 143 111 71 72 246 198
is_linear=0
shrinkage=0.0167612


Tree=383
num_leaves=11
num_cat=0
split_feature=74 186 12 203 110 13 149 225 88 204
split_gain=0.0860899 0.136353 0.0734055 0.0443351 0.0400189 0.0443635 0.0342145 0.0205207 0.00810043 0.000873597
threshold=5.5000000000000009 683200.60470085486 1.0000000180025095e-35 1.0000000180025095e-35 1.0000000180025095e-35 670718.75000000012 87.000000000000014 7.5000000000000009 14.500000000000002 1.0000000180025095e-35
decision_type=10 8 2 10 8 2 10 8 8 10
left_child=2 -2 6 -3 5 -4 7 -1 -6 -8
right_child=1 3 4 -5 8 -7 9 -9 -10 -11
leaf_value=-0.00010306763123917361 6.5454476580309925e-05 -0.00047384633562958358 0.0009721935298275527 -0.0012837641141307565 -1.4666963404391704e-05 0.00026692527554217539 0.0001253510496001349 -0.00035264908034321794 0.00015662315274803489 1.8512714735324163e-05
leaf_weight=29 31 72 31 25 30 24 37 150 70 33
leaf_count=29 31 72 31 25 30 24 37 150 70 33
internal_value=-8.16707e-05 -0.000417848 1.42828e-05 -0.000755444 0.000291153 0.000609676 -0.000125953 -0.000262986 6.3186e-05 5.11987e-05
internal_weight=532 128 404 97 155 55 249 179 100 70
internal_count=532 128 404 97 155 55 249 179 100 70
is_linear=0
shrinkage=0.0167612


Tree=384
num_leaves=10
num_cat=0
split_feature=13 13 43 20 7 131 6 186 102
split_gain=0.0647537 0.10384 0.23662 0.122182 0.0799212 0.0504249 0.0485898 0.0166042 0.00154748
threshold=334811.952991453 510944.7410714287 1.0000000180025095e-35 1.0000000180025095e-35 1.0000000180025095e-35 1.0000000180025095e-35 1.0000000180025095e-35 822244.72361111117 73374.242713911997
decision_type=2 2 10 8 2 10 2 10 8
left_child=5 3 4 -2 -3 6 -1 -4 -5
right_child=1 2 7 8 -6 -7 -8 -9 -10
leaf_value=0.00044046414098702024 0.00067101888351365894 -0.0014422338026621588 -0.00011496191406711506 -0.00022071562590744861 -0.00042900694617127187 0.00066540994699911254 -0.00014637058948132665 0.00015696807001294079 -2.170850492410985e-05
leaf_weight=24 52 50 149 24 36 27 64 50 62
leaf_count=24 52 50 149 24 36 27 64 50 62
internal_value=-5.50989e-05 -0.000160322 -0.000347138 0.000133313 -0.000969796 0.000227025 3.97714e-05 -2.98047e-05 -9.37196e-05
internal_weight=538 423 285 138 86 115 88 199 86
internal_count=538 423 285 138 86 115 88 199 86
is_linear=0
shrinkage=0.0167612


Tree=385
num_leaves=8
num_cat=0
split_feature=25 105 99 12 169 205 149
split_gain=0.135418 0.0617961 0.08105 0.0435431 0.0264261 0.0207336 0.0078182
threshold=3.7750000000000004 58.500000000000007 1.0000000180025095e-35 1.0000000180025095e-35 1.0000000180025095e-35 1.0000000180025095e-35 102.50000000000001
decision_type=10 8 8 2 10 8 8
left_child=1 5 4 -4 -3 -1 -2
right_child=6 2 3 -5 -6 -7 -8
leaf_value=0.00031025325359548464 0.00023812227574884214 -0.00099326519841373652 -0.00028154389325795088 5.3736255550105594e-05 -0.00029049171408851237 3.0053114449468029e-05 0.00087123613098236672
leaf_weight=60 30 45 161 130 40 45 27
leaf_count=60 30 45 161 130 40 45 27
internal_value=-5.35593e-05 -0.00015846 -0.000267371 -0.000111911 -0.000666816 0.00010241 0.000523218
internal_weight=538 481 376 291 85 105 57
internal_count=538 481 376 291 85 105 57
is_linear=0
shrinkage=0.0167612


Tree=386
num_leaves=10
num_cat=0
split_feature=74 44 14 13 6 105 154 13 137
split_gain=0.0800252 0.0770307 0.0341931 0.0463347 0.244602 0.0319428 0.0314227 0.0030448 0.00278074
threshold=3.5000000000000004 0.82877288492654266 18.000000000000004 377332.12229437241 1.0000000180025095e-35 17.500000000000004 6.5000000000000009 583039.28750000009 1.0000000180025095e-35
decision_type=8 10 2 2 2 8 10 2 8
left_child=1 6 3 8 -5 -3 -1 -4 -2
right_child=2 5 7 4 -6 -7 -8 -9 -10
leaf_value=9.7746800793004968e-05 3.4223473243820549e-05 5.130464266742711e-05 8.2746170916141764e-05 -0.0014299619001459172 -0.00013285727103099629 -0.00033863299438845472 0.00060572121008858621 -5.4477905968314217e-05 -9.2755289924820685e-05
leaf_weight=57 27 28 53 30 110 67 83 24 59
leaf_count=57 27 28 53 30 110 67 83 24 59
internal_value=-5.21878e-05 0.0001431 -0.000233418 -0.000342417 -0.000519658 -0.000100552 0.000395842 -4.55919e-05 -6.11322e-05
internal_weight=538 235 303 226 140 95 140 77 86
internal_count=538 235 303 226 140 95 140 77 86
is_linear=0
shrinkage=0.0167612


Tree=387
num_leaves=9
num_cat=0
split_feature=110 197 213 215 120 27 99 33
split_gain=0.0491391 0.0784635 0.0933628 0.0612536 0.0422622 0.0433356 0.0144171 0.0127785
threshold=1.0000000180025095e-35 1.0000000180025095e-35 467686.75804711314 3.9409722222222228 26.000000000000004 1.0000000180025095e-35 1.0000000180025095e-35 846931.50982343697
decision_type=8 8 10 8 8 10 10 10
left_child=1 2 -1 7 -2 -6 -5 -3
right_child=4 3 -4 6 5 -7 -8 -9
leaf_value=0.0011050798105309092 -0.00060367075361612529 0.00034987245374098894 0.00024108962834060011 -0.00049473862019144355 -0.00022213550071583272 0.0001748928608664392 -8.5693068604537071e-05 5.6775959010586835e-05
leaf_weight=25 38 58 24 53 193 56 46 45
leaf_count=25 38 58 24 53 193 56 46 45
internal_value=-5.1428e-05 8.70232e-05 0.000550666 -3.79448e-06 -0.000202222 -9.50017e-05 -0.000296595 0.000193472
internal_weight=538 251 49 202 287 249 99 103
internal_count=538 251 49 202 287 249 99 103
is_linear=0
shrinkage=0.0167612


Tree=388
num_leaves=10
num_cat=0
split_feature=110 197 4 42 75 136 204 130 197
split_gain=0.0476205 0.0699623 0.0635614 0.0596508 0.0898032 0.0863529 0.032464 0.022993 0.00383917
threshold=1.0000000180025095e-35 1.0000000180025095e-35 152.50000000000003 308528.69093873561 1.1081964528771009 0.57258064516129037 1.0000000180025095e-35 1.5000000000000002 15.000000000000002
decision_type=8 8 2 10 8 10 10 8 8
left_child=3 -2 7 5 -5 8 -6 -3 -1
right_child=1 2 -4 4 6 -7 -8 -9 -10
leaf_value=0.00012355199152983917 -0.00059743025574227982 -3.8506600282724116e-05 0.00037131028832977463 0.00040606725818832058 -0.00050194655122223026 0.00082628205775385336 -9.9064320515214696e-05 -0.00028319027845649728 -6.0748746326738639e-05
leaf_weight=29 65 27 39 31 79 43 39 156 30
leaf_count=29 65 27 39 31 79 43 39 156 30
internal_value=-5.04958e-05 -0.000199094 -3.57276e-05 8.54659e-05 -5.49122e-05 0.000374117 -0.000305773 -0.000180449 9.00038e-05
internal_weight=538 287 222 251 149 102 118 183 59
internal_count=538 287 222 251 149 102 118 183 59
is_linear=0
shrinkage=0.0167612


Tree=389
num_leaves=9
num_cat=0
split_feature=13 74 43 31 51 23 65 6
split_gain=0.228682 0.407354 0.258334 0.057748 0.0514296 0.0419936 0.093315 0.0305999
threshold=444942.55918898812 1.5000000000000002 1.0000000180025095e-35 731412.95438912953 1.0000000180025095e-35 900.00000000000011 36.500000000000007 1.5000000000000002
decision_type=2 8 8 10 10 10 8 2
left_child=1 -1 -2 4 -4 6 -3 -5
right_child=2 5 3 7 -6 -7 -8 -9
leaf_value=0.0015891709358496545 -0.0013340309375586014 0.00075740033846259333 -0.00046248428686092909 0.00043206342965761515 -4.7910240894102219e-05 -0.00028788577488583669 2.3818402883437601e-05 6.4540428894069201e-05
leaf_weight=27 30 26 145 41 90 38 117 24
leaf_count=27 30 26 145 41 90 38 117 24
internal_value=-4.85266e-05 0.000333829 -0.000322221 -0.00015617 -0.000278611 3.84646e-05 0.000172918 0.000147415
internal_weight=538 208 330 300 235 181 143 65
internal_count=538 208 330 300 235 181 143 65
is_linear=0
shrinkage=0.0167612


Tree=390
num_leaves=10
num_cat=0
split_feature=13 43 225 11 225 193 113 214 15
split_gain=0.222863 0.252716 0.178224 0.0374521 0.0354335 0.0292674 0.014585 0.0076988 0.0520937
threshold=444942.55918898812 1.0000000180025095e-35 2.5000000000000004 0.25000000000000017 3.5000000000000004 778598.32437445852 150393.19382964543 1.0000000180025095e-35 1.0000000180025095e-35
decision_type=2 8 10 2 10 10 8 10 2
left_child=2 -2 7 4 -3 -5 -4 8 -1
right_child=1 3 6 5 -6 -7 -8 -9 -10
leaf_value=-5.6149325835593228e-05 -0.0013185329430888625 -0.00019626754184979707 0.00061102215757891164 -0.00053415022065607994 0.00019895392760002032 -0.00010265093795792288 0.0014253384862934371 -8.8249125606402884e-05 0.0004645898447214304
leaf_weight=56 30 87 36 76 93 44 26 47 43
leaf_count=56 30 87 36 76 93 44 26 47 43
internal_value=-4.73527e-05 -0.00031773 0.000329901 -0.000153167 -1.44082e-05 -0.000344305 0.000948972 3.74401e-05 0.000105831
internal_weight=538 330 208 300 180 120 62 146 99
internal_count=538 330 208 300 180 120 62 146 99
is_linear=0
shrinkage=0.0167612


Tree=391
num_leaves=10
num_cat=1
split_feature=0 13 156 131 13 11 152 217 44
split_gain=0.0540309 0.200859 0.187472 0.09917 0.0928191 0.0269034 0.0239895 0.0223979 0.0129424
threshold=0 603248.51836917584 1.0000000180025095e-35 1.0000000180025095e-35 662660.83353494632 -0.24999999999999994 72.500000000000014 527754.26428571448 0.75486646350778097
decision_type=9 2 10 10 2 2 10 8 10
left_child=4 3 -3 7 -1 -5 -4 -2 -6
right_child=1 2 6 5 8 -7 -8 -9 -10
leaf_value=0.00078288435501235097 0.00017711181148640404 -0.0013882946105453656 -0.00039783972022528738 0.00088571104797085967 0.00013760615828676103 0.00023147653842094587 -6.7944972034112068e-05 -0.00015019269914535332 -0.00014952984173993505
leaf_weight=26 25 39 51 36 53 26 50 184 48
leaf_count=26 25 39 51 36 53 26 50 184 48
internal_value=-4.69944e-05 -0.000148237 -0.000619749 6.80249e-05 0.000186795 0.000553478 -0.000249708 -4.7813e-05 2.91694e-05
internal_weight=538 411 140 271 127 62 101 209 101
internal_count=538 411 140 271 127 62 101 209 101
cat_boundaries=0 1
cat_threshold=4364
is_linear=0
shrinkage=0.0167612


Tree=392
num_leaves=7
num_cat=0
split_feature=104 104 192 18 182 136
split_gain=0.0489784 0.0656743 0.071439 0.0479061 0.0337231 0.0126181
threshold=77.500000000000014 29.500000000000004 1.0000000180025095e-35 1.0000000180025095e-35 1.0000000180025095e-35 0.57258064516129037
decision_type=10 10 10 10 8 10
left_child=1 3 -3 4 -1 -5
right_child=-2 2 -4 5 -6 -7
leaf_value=0.00036545043161111536 0.00033588471176540117 -0.00018732089619898055 -0.00079238890634099617 -0.00013826230380862141 4.3544325321808128e-06 -0.00052890491097627051
leaf_weight=54 42 27 56 26 278 44
leaf_count=54 42 27 56 26 278 44
internal_value=-3.75175e-05 -9.99019e-05 -0.000457921 -4.43847e-06 6.91215e-05 -0.000330596
internal_weight=527 485 83 402 332 70
internal_count=527 485 83 402 332 70
is_linear=0
shrinkage=0.0167612


Tree=393
num_leaves=9
num_cat=0
split_feature=104 62 11 51 129 84 118 163
split_gain=0.0405619 0.0492553 0.0577392 0.131043 0.0678011 0.0481792 0.0123173 0.0600731
threshold=58.000000000000007 827899.39597657218 1.0000000180025095e-35 1.0000000180025095e-35 1.0000000180025095e-35 959601.14343729708 1.0000000180025095e-35 1.0644358026970533
decision_type=10 8 2 8 8 10 10 10
left_child=1 6 4 -4 -3 -2 -1 -8
right_child=5 2 3 -5 -6 -7 7 -9
leaf_value=-0.00012214647483735819 0.00059071451944878086 6.8624596244148102e-05 -0.00021424666871811441 0.0005476946583768623 -0.00044058530143112454 0.00010810104149278817 -0.00075165668683882677 -0.00016489340958721424
leaf_weight=35 39 58 55 108 113 25 59 35
leaf_count=35 39 58 55 108 113 25 59 35
internal_value=-3.62057e-05 -0.000103985 -5.5106e-06 0.000204222 -0.00019423 0.000252694 -0.000350878 -0.000473673
internal_weight=527 463 334 163 171 64 129 94
internal_count=527 463 334 163 171 64 129 94
is_linear=0
shrinkage=0.0167612


Tree=394
num_leaves=10
num_cat=0
split_feature=13 182 164 225 88 99 108 38 222
split_gain=0.0476089 0.0962259 0.0703582 0.0597939 0.0694436 0.0633472 0.0120401 0.0106207 0.00654428
threshold=720721.94354838727 1.0000000180025095e-35 56750204.253933512 3.5000000000000004 12.500000000000002 1.0000000180025095e-35 1.0000000180025095e-35 -1579.5214750290177 1.0000000180025095e-35
decision_type=2 10 8 10 10 10 10 8 8
left_child=3 2 -2 5 -5 8 -6 -4 -1
right_child=1 -3 7 4 6 -7 -8 -9 -10
leaf_value=0.00017337071102590043 -0.00052880863273565887 -0.00082393033338321183 4.7269603184384369e-05 0.00082234380056571106 -1.8508926021391359e-05 -0.00048200432456235059 0.00020310267931405738 0.00021536639047328563 2.5515334415268267e-06
leaf_weight=34 29 33 24 31 40 50 59 89 138
leaf_count=34 29 33 24 31 40 50 59 89 138
internal_value=-3.5344e-05 -0.000249349 -3.48767e-05 5.28541e-05 0.000320667 -6.93628e-05 7.6929e-05 0.000107967 2.13905e-05
internal_weight=527 175 142 352 130 222 99 113 172
internal_count=527 175 142 352 130 222 99 113 172
is_linear=0
shrinkage=0.0167612


Tree=395
num_leaves=9
num_cat=0
split_feature=13 182 20 63 77 10 25 63
split_gain=0.0691403 0.0603985 0.0528384 0.121587 0.0252534 0.0444648 0.043036 0.00188991
threshold=842848.81264311739 1.0000000180025095e-35 1.0000000180025095e-35 454646.49964080466 1.0000000180025095e-35 -0.6830127018922193 1.9100000000000004 846931.50982343697
decision_type=2 8 8 10 8 2 10 10
left_child=1 -1 3 -2 5 -3 -6 -5
right_child=2 4 -4 7 6 -7 -8 -9
leaf_value=0.00048788404885150157 -0.00125342620547604 8.6836841761113673e-05 -0.0001016547061426518 -0.00016175482657645372 -1.3663575323819046e-05 -0.00036435394288460713 0.00036494266934588605 -7.6038127819692919e-05
leaf_weight=42 26 25 46 24 158 109 73 24
leaf_count=42 26 25 46 24 158 109 73 24
internal_value=-3.52378e-05 4.73435e-05 -0.000351841 -0.000619702 2.30623e-06 -0.000178507 7.78029e-05 -0.000173676
internal_weight=527 407 120 74 365 134 231 48
internal_count=527 407 120 74 365 134 231 48
is_linear=0
shrinkage=0.0167612


Tree=396
num_leaves=7
num_cat=0
split_feature=33 74 42 220 117 40
split_gain=0.0567879 0.10594 0.0828154 0.0584772 0.0309802 0.00805558
threshold=423825.22398589068 11.500000000000002 377239.38374125882 630.00000000000011 1.0000000180025095e-35 1.0000000180025095e-35
decision_type=8 10 8 8 8 10
left_child=2 3 -1 -2 -5 -3
right_child=1 5 -4 4 -6 -7
leaf_value=0.00013823890662136869 -0.00049871465565944106 -0.00098726885844932022 0.00084689791257257804 0.00038627735491189271 2.0689926391501752e-06 -0.00032286662629153658
leaf_weight=27 26 27 27 30 358 32
leaf_count=27 26 27 27 30 358 32
internal_value=-3.41073e-05 -0.000106926 0.000337936 -4.61878e-06 4.16986e-05 -0.00062774
internal_weight=527 473 54 414 388 59
internal_count=527 473 54 414 388 59
is_linear=0
shrinkage=0.0167612


Tree=397
num_leaves=8
num_cat=1
split_feature=1 25 149 74 62 214 80
split_gain=0.0541544 0.0633145 0.0812122 0.108351 0.0344192 0.0328175 0.00208311
threshold=0 4.1650000000000009 93.500000000000014 4.5000000000000009 1549196.7253630322 3.5000000000000004 740827.57354028092
decision_type=1 8 8 10 8 8 10
left_child=4 2 6 -4 -1 -3 -2
right_child=1 5 3 -5 -6 -7 -8
leaf_value=-0.00010385647831395527 -0.00024076825406253157 0.0007068566492721539 0.00032095941153837933 -0.00033720575643112047 -0.00058355110337955326 0.00014046255273076282 -0.00078699822107403616
leaf_weight=39 35 26 134 77 63 123 30
leaf_count=39 35 26 134 77 63 123 30
internal_value=-3.37566e-05 3.21451e-05 -8.33437e-05 2.40535e-05 -0.000320565 0.000296752 -0.000508496
internal_weight=527 425 276 211 102 149 65
internal_count=527 425 276 211 102 149 65
cat_boundaries=0 1
cat_threshold=17
is_linear=0
shrinkage=0.0167612


Tree=398
num_leaves=11
num_cat=0
split_feature=5 182 13 37 173 42 164 13 127 18
split_gain=0.0321689 0.0968786 0.121659 0.0667383 0.0604052 0.0574378 0.0295454 0.0125897 0.0374669 0.00270835
threshold=2.5000000000000004 1.0000000180025095e-35 639277.77777777787 1.0000000180025095e-35 1.0000000180025095e-35 1246548.6908730161 56808248.071830548 842848.81264311739 3.5000000000000004 1.0000000180025095e-35
decision_type=2 10 2 10 8 8 8 2 10 8
left_child=1 6 3 -3 5 -2 -1 8 -6 -9
right_child=4 2 -4 -5 7 -7 -8 9 -10 -11
leaf_value=-0.00014697188983831116 0.00017691363946989699 0.00016401059919395904 -0.0011137467019544094 -0.00046322648982234324 -0.00013460639779050158 0.00076662559416558896 0.0002394915547428206 -0.00032282213570524853 0.00030243919552860323 -8.7836290566482703e-05
leaf_weight=28 26 42 34 51 86 44 104 34 53 25
leaf_count=28 26 42 34 51 86 44 104 34 53 25
internal_value=-3.31157e-05 -0.000168034 -0.000477663 -0.000150933 6.70213e-05 0.000423014 5.64793e-05 -2.96436e-05 -3.51356e-06 -0.000205324
internal_weight=527 259 127 93 268 70 132 198 139 59
internal_count=527 259 127 93 268 70 132 198 139 59
is_linear=0
shrinkage=0.0167612


Tree=399
num_leaves=10
num_cat=1
split_feature=0 101 13 62 74 225 45 7 216
split_gain=0.146689 0.179769 0.173863 0.167977 0.049727 0.0392592 0.0380785 0.0110786 0.00388442
threshold=0 40482.267685806604 982749.38613315707 1235042.5349938713 11.500000000000002 8.5000000000000018 789628.26807674544 1.0000000180025095e-35 0.048778200430998155
decision_type=9 8 2 8 8 10 8 2 10
left_child=1 -1 3 6 -4 -3 -2 -5 -7
right_child=2 5 4 7 -6 8 -8 -9 -10
leaf_value=0.00035342258627011892 -0.00019990064535005907 -0.00076894420562744435 -0.00014176651356728403 0.00062083514143035433 -0.00084615701603117416 -0.00022741020149196045 0.00027901252981653529 0.001268658462034667 -8.937771453808645e-05
leaf_weight=32 70 123 32 86 26 55 47 29 27
leaf_count=32 70 123 32 86 26 55 47 29 27
internal_value=-3.29822e-05 -0.000325431 0.000185704 0.000419351 -0.000384484 -0.000558447 5.77631e-05 0.000830657 -0.000218491
internal_weight=527 237 290 232 58 205 117 115 82
internal_count=527 237 290 232 58 205 117 115 82
cat_boundaries=0 1
cat_threshold=626323
is_linear=0
shrinkage=0.0167612


Tree=400
num_leaves=6
num_cat=0
split_feature=105 74 146 110 52
split_gain=0.0779418 0.105562 0.116134 0.0437336 0.0300528
threshold=35.500000000000007 12.500000000000002 505688.88888888893 1.0000000180025095e-35 1.0000000180025095e-35
decision_type=8 10 10 8 10
left_child=4 2 3 -2 -1
right_child=1 -3 -4 -5 -6
leaf_value=0.00052177236316600865 0.00027485360503020408 -0.00065605175209921987 -0.00068757863960048509 -6.464565534778254e-05 0.00011072291039256366
leaf_weight=56 117 74 35 240 29
leaf_count=56 117 74 35 240 29
internal_value=-7.84827e-05 -0.000173784 -4.79424e-05 2.64345e-05 0.000282519
internal_weight=551 466 392 357 85
internal_count=551 466 392 357 85
is_linear=0
shrinkage=0.0167612


Tree=401
num_leaves=11
num_cat=0
split_feature=13 169 149 137 74 42 33 102 102 27
split_gain=0.104886 0.144759 0.285914 0.0909525 0.127373 0.0406171 0.0353777 0.0591107 0.0352446 0.00875086
threshold=496258.12121212127 1.0000000180025095e-35 60.000000000000007 1.0000000180025095e-35 6.5000000000000009 883492.68135281396 924112.25338345871 28197.259986317014 41059.129628381306 1.0000000180025095e-35
decision_type=2 8 10 8 8 8 8 10 10 10
left_child=3 2 -2 4 -1 -6 8 -8 -3 -5
right_child=1 6 -4 9 5 -7 7 -9 -10 -11
leaf_value=0.001061621412324288 -0.0018731621980619755 -3.9848518897652326e-05 -0.00033239203126368759 -0.00014428049695912543 -0.00025033303489106323 0.00031977882431434665 -3.3957910851928008e-05 -0.00055334628821800385 0.00038791505582393685 5.0029887434586426e-06
leaf_weight=40 24 24 32 121 24 39 105 64 51 27
leaf_count=40 24 24 32 121 24 39 105 64 51 27
internal_value=-7.77666e-05 -0.000287107 -0.000901479 0.000137137 0.000487705 0.000111586 -9.3958e-05 -0.000224727 0.000113068 -4.2169e-05
internal_weight=551 300 56 251 103 63 244 169 75 148
internal_count=551 300 56 251 103 63 244 169 75 148
is_linear=0
shrinkage=0.0167612


Tree=402
num_leaves=7
num_cat=0
split_feature=3 172 9 63 126 42
split_gain=0.0507662 0.0805796 0.0414362 0.0420987 0.0325302 0.0235717
threshold=3.5000000000000004 1.0000000180025095e-35 1.0000000180025095e-35 674219.67500000016 1.5000000000000002 334811.952991453
decision_type=2 8 2 8 10 10
left_child=1 4 3 -2 -1 -5
right_child=2 -3 -4 5 -6 -7
leaf_value=-0.00032430437239787581 -0.00027995145576984468 -7.6611682411703089e-05 -0.00030217531697468647 0.00025587895046739627 -0.0010526483324298989 2.5998309156841089e-05
leaf_weight=57 24 59 59 226 28 98
leaf_count=57 24 59 59 226 28 98
internal_value=-7.64239e-05 -0.00031845 -3.3555e-06 8.62447e-05 -0.000626707 0.000162315
internal_weight=551 144 407 348 85 324
internal_count=551 144 407 348 85 324
is_linear=0
shrinkage=0.0167612


Tree=403
num_leaves=8
num_cat=0
split_feature=163 60 102 195 7 105 218
split_gain=0.0468738 0.0593864 0.0459581 0.037812 0.0460397 0.0204898 0.00939434
threshold=1.1682363008657777 14.928315412186381 81584.229745774108 2.5000000000000004 1.0000000180025095e-35 18.500000000000004 3.9741379310344827
decision_type=10 10 10 10 2 8 8
left_child=1 3 -2 4 -1 -3 -5
right_child=2 5 -4 6 -6 -7 -8
leaf_value=-0.00025098793999640297 8.0591856133360035e-05 -0.00018306818885459092 0.00056283061434444441 0.00045021957311955336 0.00012181453929322997 -0.00058282983156556856 7.4419965544016478e-05
leaf_weight=222 32 26 38 29 72 91 41
leaf_count=222 32 26 38 29 72 91 41
internal_value=-7.59175e-05 -0.000145716 0.000218573 -2.26951e-05 -0.000117202 -0.00043773 0.000237669
internal_weight=551 481 70 364 294 117 70
internal_count=551 481 70 364 294 117 70
is_linear=0
shrinkage=0.0167612


Tree=404
num_leaves=8
num_cat=0
split_feature=25 5 110 59 39 96 101
split_gain=0.11561 0.137968 0.100649 0.103759 0.0296566 0.0517866 0.00936096
threshold=3.5350000000000006 2.5000000000000004 1.0000000180025095e-35 0.85376344086021516 46.854166666666679 1380.0000000000002 23580.491286770954
decision_type=10 2 10 8 10 10 10
left_child=2 -2 4 -4 5 -1 -5
right_child=1 -3 3 6 -6 -7 -8
leaf_value=-1.47858712827317e-06 -1.366836040146875e-05 0.00087529496182646362 -0.0012330370549387727 -0.00028973316918933385 0.00024369886072981309 -0.00034941176065754589 -8.7650518032346948e-05
leaf_weight=216 30 54 31 29 32 131 28
leaf_count=216 30 54 31 29 32 131 28
internal_value=-7.39502e-05 0.000377108 -0.000187355 -0.000625445 -5.31251e-05 -0.000111364 -0.000218958
internal_weight=551 84 467 88 379 347 57
internal_count=551 84 467 88 379 347 57
is_linear=0
shrinkage=0.0167612


Tree=405
num_leaves=8
num_cat=0
split_feature=152 25 33 73 31 49 131
split_gain=0.045295 0.134105 0.0947646 0.0751606 0.0371636 0.0334057 0.00326045
threshold=82.500000000000014 4.1650000000000009 910684.76337551349 1.0000000180025095e-35 822244.72361111117 1.0000000180025095e-35 1.0000000180025095e-35
decision_type=10 8 8 10 8 10 10
left_child=1 3 -3 5 6 -1 -2
right_child=4 2 -4 -5 -6 -7 -8
leaf_value=-0.00074013973396585056 5.9585048737389083e-05 0.0006790580743462045 8.942627272854173e-06 -8.5579949942486911e-05 0.00048419770387936399 -0.0002593341871470638 -9.4137511727115445e-05
leaf_weight=138 26 32 181 73 41 26 34
leaf_count=138 26 32 181 73 41 26 34
internal_value=-7.27176e-05 -0.000153758 9.55433e-05 -0.000419831 0.000171449 -0.000620088 4.07226e-05
internal_weight=551 450 213 237 101 164 60
internal_count=551 450 213 237 101 164 60
is_linear=0
shrinkage=0.0167612


Tree=406
num_leaves=8
num_cat=0
split_feature=105 13 199 103 77 74 101
split_gain=0.0531713 0.0846029 0.228353 0.0552493 0.0301402 0.0616311 0.000256044
threshold=31.500000000000004 218433.03935860062 1.0000000180025095e-35 457670.30555555562 1.0000000180025095e-35 17.500000000000004 81048.136891096496
decision_type=8 2 8 10 10 10 8
left_child=3 2 -2 -1 5 -3 -6
right_child=1 4 -4 -5 6 -7 -8
leaf_value=7.2461813320149018e-05 -0.00016798233722707987 -0.0002090924900687737 0.001155580346125817 0.00061229719024744565 -1.7803075825573036e-05 -0.00083753843932662627 2.1030116005023435e-05
leaf_weight=41 27 307 25 38 29 32 52
leaf_count=41 27 307 25 38 29 32 52
internal_value=-7.04794e-05 -0.000148434 0.000289494 0.000231416 -0.000242291 -0.000313481 -4.54261e-05
internal_weight=551 472 52 79 420 339 81
internal_count=551 472 52 79 420 339 81
is_linear=0
shrinkage=0.0167612


Tree=407
num_leaves=8
num_cat=0
split_feature=216 33 25 51 33 19 113
split_gain=0.0633366 0.0655537 0.0583666 0.0635345 0.070304 0.0468357 0.0089498
threshold=0.097274719497209908 697094.13043478271 2.0350000000000006 1.0000000180025095e-35 1225353.142520492 4.5000000000000009 438329.56839691289
decision_type=10 8 10 10 8 8 8
left_child=2 -2 5 4 -4 -1 -5
right_child=1 -3 3 6 -6 -7 -8
leaf_value=0.00043146813182929565 0.00077005985238194402 8.6796621480754948e-05 -0.00010903382643977893 -2.7976723033061955e-05 -0.00075308641185406141 -4.6059764383343636e-05 0.00017674079753173761
leaf_weight=31 25 43 92 38 102 190 30
leaf_count=31 25 43 92 38 102 190 30
internal_value=-6.9268e-05 0.000286483 -0.000148201 -0.000312144 -0.000470079 1.09669e-06 -6.10162e-05
internal_weight=551 68 483 262 194 221 68
internal_count=551 68 483 262 194 221 68
is_linear=0
shrinkage=0.0167612


Tree=408
num_leaves=8
num_cat=0
split_feature=62 55 74 158 173 6 59
split_gain=0.0569357 0.101819 0.0566242 0.0734162 0.0510311 0.0561622 0.0413091
threshold=377971.65736349969 2.5000000000000004 5.5000000000000009 1.0000000180025095e-35 1.0000000180025095e-35 1.5000000000000002 0.95000000000000007
decision_type=8 8 10 10 8 2 10
left_child=1 -1 4 -4 5 -2 -6
right_child=2 -3 3 -5 6 -7 -8
leaf_value=0.00087873205068491104 0.00017018214095277298 0.00012028545789733522 -0.00072193901854669641 -0.00013656772820448487 7.8319916535930179e-05 0.0008459513620187256 -0.00025062446830155716
leaf_weight=38 26 25 55 32 211 25 130
leaf_count=38 26 25 55 32 211 25 130
internal_value=5.49467e-06 0.000389845 -4.00012e-05 -0.000370385 2.16332e-05 0.000406919 -2.54743e-05
internal_weight=542 63 479 87 392 51 341
internal_count=542 63 479 87 392 51 341
is_linear=0
shrinkage=0.0167612


Tree=409
num_leaves=9
num_cat=0
split_feature=25 213 182 105 20 192 22 101
split_gain=0.0882691 0.0405588 0.0538683 0.0514101 0.0396762 0.0229012 0.00958389 0.00893767
threshold=4.1650000000000009 339472.25239215879 1.0000000180025095e-35 53.500000000000007 1.0000000180025095e-35 1.0000000180025095e-35 1.0000000180025095e-35 125647.57489805466
decision_type=10 10 8 10 10 8 8 8
left_child=1 5 3 -3 -4 -1 -7 -2
right_child=7 2 4 -5 -6 6 -8 -9
leaf_value=-0.00017293022711740324 0.00084878098815877544 0.0002262443374988657 -0.00065907256332973087 -0.00036756377265407408 -0.0001846189564986693 0.00028837268914752145 2.7418933313640894e-05 0.00022824005055778669
leaf_weight=33 26 73 79 29 28 72 178 24
leaf_count=33 26 73 79 29 28 72 178 24
internal_value=5.43777e-06 -4.68098e-05 -0.000220609 -3.41642e-05 -0.000461193 5.20956e-05 0.000134865 0.000521316
internal_weight=542 492 209 102 107 283 250 50
internal_count=542 492 209 102 107 283 250 50
is_linear=0
shrinkage=0.0167612


Tree=410
num_leaves=7
num_cat=0
split_feature=100 42 146 130 13 50
split_gain=0.0589125 0.052464 0.0787966 0.0464467 0.038381 0.00425165
threshold=830492.34081772063 315071.49191602325 100907.57317073173 1.5000000000000002 982749.38613315707 1.0000000180025095e-35
decision_type=8 10 10 8 2 10
left_child=-1 2 3 -2 5 -3
right_child=1 4 -4 -5 -6 -7
leaf_value=-0.00045483087824492577 0.0004612448035686144 -5.4132288927532489e-05 0.00064758091651693789 3.7830143056458712e-06 -0.00045534043987867671 0.00010529211069837024
leaf_weight=31 32 76 56 265 45 37
leaf_count=31 32 76 56 265 45 37
internal_value=5.55828e-06 6.52892e-05 0.000186953 5.74197e-05 -0.000134761 -1.91263e-05
internal_weight=542 511 353 297 158 113
internal_count=542 511 353 297 158 113
is_linear=0
shrinkage=0.0167612


Tree=411
num_leaves=10
num_cat=0
split_feature=13 20 11 109 55 50 39 62 35
split_gain=0.0993848 0.0957534 0.129025 0.0637114 0.179937 0.0401029 0.0113335 0.00701824 2.47348e-05
threshold=620458.50000000012 1.0000000180025095e-35 0.25000000000000017 1.0000000180025095e-35 2.5000000000000004 1.0000000180025095e-35 14.983870967741938 600421.64264929795 15.500000000000002
decision_type=2 8 2 10 10 10 10 10 10
left_child=3 2 6 8 -5 -4 -2 -3 -1
right_child=1 7 5 4 -6 -7 -8 -9 -10
leaf_value=-5.019915633235766e-06 -0.0001918456922766446 0.00024367395002629935 -0.0014220405203535641 0.00077302609590090387 -0.00016584845411995926 -0.00050709399373226761 3.6199831689951233e-05 4.5189423208127685e-05 1.0606813004422171e-05
leaf_weight=119 58 56 30 117 33 34 45 25 25
leaf_count=119 58 56 30 117 33 34 45 25 25
internal_value=5.02581e-06 -0.000209288 -0.00044709 0.000215819 0.000444479 -0.00094176 -7.54796e-05 0.000105634 2.47942e-05
internal_weight=542 248 167 294 150 64 103 81 144
internal_count=542 248 167 294 150 64 103 81 144
is_linear=0
shrinkage=0.0167612


Tree=412
num_leaves=6
num_cat=0
split_feature=55 211 13 6 101
split_gain=0.0471011 0.083955 0.0697659 0.0628955 0.034049
threshold=3.5000000000000004 1.0000000180025095e-35 249612.22396605703 1.0000000180025095e-35 134348.98458767348
decision_type=10 10 2 2 8
left_child=1 2 -1 -4 -3
right_child=-2 4 3 -5 -6
leaf_value=0.00046085722851518693 -0.00040247991812765612 0.00094272286921276449 -0.00039344383615471295 5.3489568325857106e-06 0.00023401400708648396
leaf_weight=42 32 27 102 314 25
leaf_count=42 32 27 102 314 25
internal_value=4.09764e-06 5.96519e-05 2.33889e-06 -7.81792e-05 0.000547025
internal_weight=542 510 458 416 52
internal_count=542 510 458 416 52
is_linear=0
shrinkage=0.0167612


Tree=413
num_leaves=7
num_cat=0
split_feature=33 186 131 203 3 107
split_gain=0.0877429 0.0551932 0.0565312 0.0504488 0.0348784 0.0178969
threshold=368415.46029411763 781156.53197751334 1.0000000180025095e-35 1.0000000180025095e-35 8.5000000000000018 31.500000000000004
decision_type=8 8 10 10 2 10
left_child=5 2 -2 4 -3 -1
right_child=1 3 -4 -5 -6 -7
leaf_value=0.00089525049608349351 -0.00017113914591686269 0.00020098051425929359 -0.00070163176738542526 -0.00040054414127093459 -7.800999615087696e-05 0.00023005670637802944
leaf_weight=24 24 260 52 33 125 24
leaf_count=24 24 260 52 33 125 24
internal_value=4.1184e-06 -4.66245e-05 -0.000390894 5.8051e-06 8.19662e-05 0.000525466
internal_weight=542 494 76 418 385 48
internal_count=542 494 76 418 385 48
is_linear=0
shrinkage=0.0167612


Tree=414
num_leaves=10
num_cat=0
split_feature=11 48 104 55 42 77 195 105 15
split_gain=0.0224336 0.128079 0.0734612 0.0570683 0.230084 0.0359221 0.00934411 0.00906132 0.00456814
threshold=0.25000000000000017 1.0000000180025095e-35 33.500000000000007 3.5000000000000004 1536029.3548809525 1.0000000180025095e-35 2.5000000000000004 53.500000000000007 1.0000000180025095e-35
decision_type=2 8 8 8 8 10 10 8 2
left_child=3 2 -2 4 7 -4 -6 -1 -3
right_child=1 8 5 -5 6 -7 -8 -9 -10
leaf_value=-2.8951541690418576e-05 -0.0001175327799664265 0.00044377221242976301 -0.00083438285867340413 -0.00011565353079215852 0.0010544442786393354 -0.00025588794449351703 0.00041781616923065293 -0.00030965573826874571 0.00010358559034849655
leaf_weight=61 33 51 80 110 64 28 37 46 32
leaf_count=61 33 51 80 110 64 28 37 46 32
internal_value=3.63287e-06 -9.83526e-05 -0.000406661 0.000103156 0.000274211 -0.000639229 0.000791657 -0.00012344 0.000280934
internal_weight=542 224 141 318 208 108 101 107 83
internal_count=542 224 141 318 208 108 101 107 83
is_linear=0
shrinkage=0.0167612


Tree=415
num_leaves=6
num_cat=0
split_feature=55 60 74 13 204
split_gain=0.0511265 0.138991 0.0735385 0.117652 0.0406463
threshold=2.5000000000000004 7.1872852233676978 7.5000000000000009 407216.3798844539 1.0000000180025095e-35
decision_type=10 8 10 2 8
left_child=1 -1 4 -4 -3
right_child=-2 2 3 -5 -6
leaf_value=0.00076461822506033192 -0.00041388483684667317 0.00032283165584491715 -4.1831984716079402e-05 -0.00083000136340939223 5.1485127343130546e-06
leaf_weight=36 34 108 34 55 275
leaf_count=36 34 108 34 55 275
internal_value=3.55974e-06 6.1956e-05 2.35992e-06 -0.000376145 8.09002e-05
internal_weight=542 508 472 89 383
internal_count=542 508 472 89 383
is_linear=0
shrinkage=0.0167612


Tree=416
num_leaves=8
num_cat=0
split_feature=4 165 13 6 136 156 154
split_gain=0.106207 0.102589 0.176735 0.0984517 0.0740663 0.059952 0.0178922
threshold=264.00000000000006 40.500000000000007 413877.09027777787 1.5000000000000002 0.98387096774193561 1.0000000180025095e-35 54.500000000000007
decision_type=2 10 2 2 10 8 10
left_child=1 2 3 -1 -3 -4 -2
right_child=6 4 5 -5 -6 -7 -8
leaf_value=0.0007422867817669063 0.00082186441141754874 -0.00019410996667328583 -0.00061241828159487631 0.00012692176068126478 -0.00097819651284046668 -4.2648142047394594e-05 0.00021327234487152796
leaf_weight=112 42 32 46 37 37 206 28
leaf_count=112 42 32 46 37 37 206 28
internal_value=3.54478e-05 -3.68963e-05 4.131e-05 0.000468587 -0.000526445 -0.000185638 0.000532772
internal_weight=540 470 401 149 69 252 70
internal_count=540 470 401 149 69 252 70
is_linear=0
shrinkage=0.0167612


Tree=417
num_leaves=6
num_cat=0
split_feature=4 105 74 20 25
split_gain=0.0981577 0.0722709 0.0768473 0.0796842 0.0435493
threshold=285.00000000000006 51.500000000000007 3.5000000000000004 1.0000000180025095e-35 2.1250000000000004
decision_type=2 10 10 10 8
left_child=1 2 4 -4 -1
right_child=-2 -3 3 -5 -6
leaf_value=0.00054220770528257882 0.00052029192548860186 -0.00052364411772270461 -0.0007970953326272666 -0.0001182678801814852 4.7841557199985301e-05
leaf_weight=34 67 41 40 38 320
leaf_count=34 67 41 40 38 320
internal_value=3.39281e-05 -3.30301e-05 9.7491e-06 -0.00035872 0.000130994
internal_weight=540 473 432 78 354
internal_count=540 473 432 78 354
is_linear=0
shrinkage=0.0167612


Tree=418
num_leaves=8
num_cat=0
split_feature=13 23 6 43 40 69 12
split_gain=0.149984 0.125605 0.0683557 0.177962 0.11642 0.0361342 0.0196302
threshold=366218.75088881719 900.00000000000011 1.0000000180025095e-35 1.0000000180025095e-35 1.0000000180025095e-35 982749.38613315707 1.0000000180025095e-35
decision_type=2 10 2 10 10 8 2
left_child=1 6 3 -2 5 -4 -1
right_child=2 -3 4 -5 -6 -7 -8
leaf_value=0.00045866204721718901 -0.0011539878430923453 5.5740365290467903e-05 1.2565269834059784e-05 -0.0001065912309777248 -0.0005928080459573176 0.00030909045404706328 0.0011245922402181479
leaf_weight=56 34 39 122 60 41 141 47
leaf_count=56 34 39 122 60 41 141 47
internal_value=3.35942e-05 0.000459874 -0.000109782 -0.000448768 -6.35869e-06 0.000132419 0.000788893
internal_weight=540 142 398 94 304 263 103
internal_count=540 142 398 94 304 263 103
is_linear=0
shrinkage=0.0167612


Tree=419
num_leaves=8
num_cat=0
split_feature=13 43 220 131 152 201 12
split_gain=0.284206 0.301971 0.105556 0.128971 0.0443858 0.0456226 0.0347006
threshold=457860.51196581201 1.0000000180025095e-35 630.00000000000011 1.0000000180025095e-35 97.500000000000014 898411.66666666686 1.0000000180025095e-35
decision_type=2 8 8 10 10 10 2
left_child=2 -2 -1 6 5 -3 -4
right_child=1 4 3 -5 -6 -7 -8
leaf_value=6.2378962092563716e-05 -0.0013927471301669286 -6.7549899679387806e-05 0.00010965340870984886 0.0013693741979626257 0.0001883816152425627 -0.00061553711063910659 0.00064986580898018309
leaf_weight=42 25 193 89 35 61 34 61
leaf_count=42 25 193 89 35 61 34 61
internal_value=3.18594e-05 -0.000261232 0.000463183 0.000665176 -8.93033e-05 -0.000201941 0.000411456
internal_weight=540 313 227 185 288 227 150
internal_count=540 313 227 185 288 227 150
is_linear=0
shrinkage=0.0167612


Tree=420
num_leaves=5
num_cat=0
split_feature=13 193 19 169
split_gain=0.109631 0.13791 0.0552655 0.0614407
threshold=1079100.7241568628 933471.61390572682 7.0000000000000009 1.0000000180025095e-35
decision_type=2 10 8 10
left_child=1 2 3 -1
right_child=-2 -3 -4 -5
leaf_value=-0.00039981885838290677 -0.00045457324984869317 0.00090838343245104038 0.00022435598916142804 5.0040795203133392e-05
leaf_weight=98 68 25 230 119
leaf_count=98 68 25 230 119
internal_value=3.05354e-05 0.000134094 4.67825e-05 -0.000110353
internal_weight=540 472 447 217
internal_count=540 472 447 217
is_linear=0
shrinkage=0.0167612


Tree=421
num_leaves=9
num_cat=1
split_feature=0 25 74 38 46 13 12 87
split_gain=0.111846 0.0964058 0.053813 0.0988356 0.043467 0.091406 0.0424977 0.0237913
threshold=0 3.7750000000000004 1.5000000000000002 5816.3135553471084 92.500000000000014 315221.905994898 1.0000000180025095e-35 11.500000000000002
decision_type=9 8 10 10 10 2 2 10
left_child=4 2 7 -4 5 -1 -3 -2
right_child=1 6 3 -5 -6 -7 -8 -9
leaf_value=-1.97270377123972e-05 7.0115637967506543e-05 0.00030004827410535904 -0.00066297704071542824 0.00011257539168906393 -1.2172960958189875e-05 -0.00060821837940781593 0.00099167129120325027 0.00037204249626731582
leaf_weight=44 38 80 55 24 47 126 40 86
leaf_count=44 38 80 55 24 47 126 40 86
internal_value=3.02196e-05 0.000227433 1.91747e-05 -0.00025863 -0.000218485 -0.000374071 0.000572649 0.000212669
internal_weight=540 323 203 79 217 170 120 124
internal_count=540 323 203 79 217 170 120 124
cat_boundaries=0 1
cat_threshold=2704923
is_linear=0
shrinkage=0.0167612


Tree=422
num_leaves=8
num_cat=0
split_feature=14 46 177 42 42 216 13
split_gain=0.080223 0.0474507 0.0549815 0.0398084 0.0284047 0.0186018 0.00577071
threshold=18.000000000000004 81.500000000000014 5.5000000000000009 1927210.1742424245 1078117.0312753625 -0.0082543940001265307 620458.50000000012
decision_type=2 8 10 8 8 10 2
left_child=1 4 5 -4 -1 -3 -2
right_child=6 2 3 -5 -6 -7 -8
leaf_value=-9.7372134009959476e-05 0.00063406120734674708 -0.00020337247150514607 5.5318546482566428e-05 0.00050884150809790392 -0.0005953133449117942 2.3634041445520814e-05 0.00017218128407010203
leaf_weight=45 52 176 71 76 47 44 29
leaf_count=45 52 176 71 76 47 44 29
internal_value=3.06389e-05 -3.63257e-05 2.25294e-05 0.000265458 -0.000331808 -0.000104807 0.000439335
internal_weight=540 459 367 147 92 220 81
internal_count=540 459 367 147 92 220 81
is_linear=0
shrinkage=0.0167612


Tree=423
num_leaves=9
num_cat=1
split_feature=0 15 110 120 154 216 2 214
split_gain=0.0569759 0.023508 0.0909632 0.0884684 0.0478387 0.0409629 0.018058 0.00614048
threshold=0 1.0000000180025095e-35 1.0000000180025095e-35 46.000000000000007 12.500000000000002 -0.20755563236420863 2023.5000000000002 1.0000000180025095e-35
decision_type=9 2 10 10 10 10 2 10
left_child=6 5 4 -4 -3 -2 -1 -7
right_child=1 2 3 -5 -6 7 -8 -9
leaf_value=0.00012360699188083046 -0.00033943457695660332 0.00061314500651180341 -0.00081121316233953469 -7.7860719757737057e-05 0.00015034120310566181 0.00011739089258973197 0.00047186482528523122 -4.2183822857448113e-05
leaf_weight=28 135 73 28 24 28 71 89 64
leaf_count=28 135 73 28 24 28 71 89 64
internal_value=3.02214e-05 -4.24937e-05 7.20146e-05 -0.000287775 0.000375565 -0.000147221 0.00030878 -1.79038e-05
internal_weight=540 423 153 52 101 270 117 135
internal_count=540 423 153 52 101 270 117 135
cat_boundaries=0 1
cat_threshold=133408
is_linear=0
shrinkage=0.0167612


Tree=424
num_leaves=10
num_cat=0
split_feature=46 12 62 177 65 174 7 40 41
split_gain=0.0975913 0.0878338 0.1035 0.0344932 0.0196617 0.00930245 0.00912229 0.00679998 0.00628788
threshold=91.500000000000014 1.0000000180025095e-35 661363.1593714928 15.000000000000002 22.500000000000004 1.0000000180025095e-35 1.0000000180025095e-35 1.0000000180025095e-35 1.0000000180025095e-35
decision_type=10 2 8 10 10 10 2 10 8
left_child=1 2 7 8 -2 -5 -4 -1 -3
right_child=4 3 6 5 -6 -7 -8 -9 -10
leaf_value=0.00019630689533367662 8.7991884697608376e-05 0.00048812536455461979 -0.00044495352989601112 -0.00026077333093427966 0.00042172734073527408 -4.9035271749646515e-05 -0.00095928500461953104 -7.7981607698728383e-06 9.401833088135936e-05
leaf_weight=26 42 27 120 43 110 25 38 25 75
leaf_count=26 42 27 120 43 110 25 38 25 75
internal_value=-1.78004e-05 -0.000170097 -0.000395549 4.04598e-05 0.000285721 -0.000114624 -0.000617782 -1.82288e-05 0.000257021
internal_weight=531 379 209 170 152 68 158 51 102
internal_count=531 379 209 170 152 68 158 51 102
is_linear=0
shrinkage=0.0167612


Tree=425
num_leaves=8
num_cat=0
split_feature=152 60 210 15 84 118 122
split_gain=0.0957557 0.0760829 0.0886191 0.0900858 0.0564612 0.0412301 0.00932477
threshold=97.500000000000014 16.582251082251087 1.0000000180025095e-35 1.0000000180025095e-35 495493.8982068394 1.0000000180025095e-35 29.500000000000004
decision_type=10 10 8 2 8 10 10
left_child=1 2 4 -4 -1 -2 -3
right_child=5 6 3 -5 -6 -7 -8
leaf_value=0.00057805014491244921 0.0006377125675322802 -0.00077603690671378903 -0.00057216625052044113 1.1230207861581538e-05 2.2016284869259489e-05 0.00015264137602691985 -0.00020633406709204949
leaf_weight=49 63 44 108 59 145 28 35
leaf_count=49 63 44 108 59 145 28 35
internal_value=-1.69462e-05 -0.000131282 -1.24822e-05 -0.000282835 0.000192817 0.000381311 -0.000525215
internal_weight=531 440 361 167 194 91 79
internal_count=531 440 361 167 194 91 79
is_linear=0
shrinkage=0.0167612


Tree=426
num_leaves=9
num_cat=0
split_feature=165 164 143 143 41 190 42 205
split_gain=0.110899 0.0829025 0.201274 0.0996503 0.0792294 0.0375255 0.0265027 0.0051281
threshold=107.50000000000001 57607725.92279242 1.0000000180025095e-35 1.0000000180025095e-35 1.0000000180025095e-35 1.3451222689276248 995969.00108877418 1.0000000180025095e-35
decision_type=10 10 10 10 10 8 10 10
left_child=1 3 6 5 -4 -1 -3 -5
right_child=-2 2 4 7 -6 -7 -8 -9
leaf_value=-0.00082204733181690112 0.00064789312860381919 0.00081737756517425136 -0.00010083238468210206 3.2961736804780625e-05 -0.00082748174163752334 -0.00028433717186900515 0.00022380066645591809 0.00019322824360875886
leaf_weight=52 26 76 42 24 32 182 31 66
leaf_count=52 26 76 42 24 32 182 31 66
internal_value=-1.61088e-05 -8.95087e-05 0.000143444 -0.000254813 -0.000327415 -0.000443683 0.000594995 7.52869e-05
internal_weight=531 505 181 324 74 234 107 90
internal_count=531 505 181 324 74 234 107 90
is_linear=0
shrinkage=0.0167612


Tree=427
num_leaves=8
num_cat=0
split_feature=210 13 75 12 185 218 110
split_gain=0.0781847 0.226771 0.115966 0.0959263 0.0704307 0.01527 0.00718555
threshold=1.0000000180025095e-35 670718.75000000012 1.0028248659081846 1.0000000180025095e-35 23.479166666666668 2.7795138888888893 1.0000000180025095e-35
decision_type=8 2 10 2 10 10 10
left_child=1 6 4 -2 -3 -4 -1
right_child=3 2 5 -5 -6 -7 -8
leaf_value=0.00063896244284632892 -0.00059134331507469402 -0.0010210206854519423 -4.5671081091748331e-05 1.0889935587450473e-05 -0.0002471310443558509 0.00022378286228927886 0.00023858395545770945
leaf_weight=116 110 56 29 59 32 50 79
leaf_count=116 110 56 29 59 32 50 79
internal_value=-1.52956e-05 0.000100454 -0.000275187 -0.000296722 -0.000670243 -5.22932e-06 0.000477979
internal_weight=531 362 167 169 88 79 195
internal_count=531 362 167 169 88 79 195
is_linear=0
shrinkage=0.0167612


Tree=428
num_leaves=9
num_cat=0
split_feature=33 12 152 132 142 87 39 143
split_gain=0.0781414 0.0678761 0.10911 0.0634925 0.0553399 0.0289146 0.0164284 0.0161692
threshold=557063.80000000016 1.0000000180025095e-35 83.500000000000014 0.10396294390118371 -8.5191404499999983 58.500000000000007 42.589460784313736 1.0000000180025095e-35
decision_type=8 2 10 8 8 8 10 10
left_child=4 2 3 -2 -1 7 -4 -3
right_child=1 5 6 -5 -6 -7 -8 -9
leaf_value=0.00011067336807904621 -0.00011753216961515329 8.2727813440754651e-05 2.4100256344350667e-05 -0.00071891441244684401 0.00073399221197351539 0.00031755753254530792 0.0003330539303966525 -0.00020243602539390926
leaf_weight=42 62 61 41 128 41 68 32 56
leaf_count=42 62 61 41 128 41 68 32 56
internal_value=-1.44541e-05 -0.000114679 -0.000289026 -0.000507408 0.00035937 7.42416e-05 7.69671e-05 9.34223e-06
internal_weight=531 448 263 190 83 185 73 117
internal_count=531 448 263 190 83 185 73 117
is_linear=0
shrinkage=0.0167612


Tree=429
num_leaves=9
num_cat=0
split_feature=4 165 143 185 69 12 165 75
split_gain=0.0981162 0.0676463 0.0591686 0.0491846 0.0388675 0.0576349 0.0188222 0.0113742
threshold=244.00000000000003 26.500000000000004 1.0000000180025095e-35 43.583333333333336 1.0000000180025095e-35 1.0000000180025095e-35 12.500000000000002 0.7475805306967569
decision_type=2 10 8 8 8 2 10 10
left_child=2 -2 3 7 -4 -6 -5 -1
right_child=1 -3 4 6 5 -7 -8 -9
leaf_value=-0.00026218156649150356 0.00012439644404660597 0.00083761424652640886 -7.1086898805151295e-05 0.00046543334356556382 -0.00062690711193531259 -6.5519220904119399e-05 0.00013664655691738578 -5.336239551924917e-05
leaf_weight=61 43 39 56 73 116 94 24 25
leaf_count=61 43 39 56 73 116 94 24 25
internal_value=-1.32667e-05 0.000410586 -0.00012325 5.01471e-05 -0.000284075 -0.000395034 0.00031211 -0.000124739
internal_weight=531 82 449 183 266 210 97 86
internal_count=531 82 449 183 266 210 97 86
is_linear=0
shrinkage=0.0167612


Tree=430
num_leaves=10
num_cat=0
split_feature=33 12 46 103 87 63 31 44 23
split_gain=0.0748325 0.0642802 0.148313 0.0385756 0.0360943 0.0324385 0.0206575 0.0159871 0.0010326
threshold=557063.80000000016 1.0000000180025095e-35 89.500000000000014 156239.51602564106 35.500000000000007 636923.58478669252 224358.07418699187 1.4536382295154098 900.00000000000011
decision_type=8 2 10 8 8 10 10 8 8
left_child=3 2 6 -1 7 -4 -2 -3 -6
right_child=1 4 5 -5 8 -7 -8 -9 -10
leaf_value=0.00012529204373496212 -0.00068985221588182058 -0.00027892857548435983 2.508857612064666e-05 0.00064168683247724841 0.00054394385076202059 0.00040387361792544076 -0.00023612877042660321 -7.1532148968359853e-06 0.00014201599337267345
leaf_weight=34 140 29 52 49 24 44 27 73 59
leaf_count=34 140 29 52 49 24 44 27 73 59
internal_value=-1.24803e-05 -0.000110933 -0.00028088 0.000353211 7.20654e-05 9.48889e-05 -0.000577236 -3.50916e-05 0.000318986
internal_weight=531 448 263 83 185 96 167 102 83
internal_count=531 448 263 83 185 96 167 102 83
is_linear=0
shrinkage=0.0167612


Tree=431
num_leaves=9
num_cat=0
split_feature=210 13 75 9 12 75 60 6
split_gain=0.0680107 0.156991 0.0997263 0.0338173 0.0719628 0.0318301 0.0214426 0.0740568
threshold=1.0000000180025095e-35 656555.58531746047 1.2960810737004382 1.0000000180025095e-35 1.0000000180025095e-35 1.129714716881238 19.136363636363644 1.5000000000000002
decision_type=8 2 8 2 2 10 10 2
left_child=1 6 -3 4 -2 -4 7 -1
right_child=3 2 5 -5 -6 -7 -8 -9
leaf_value=0.00025720299108333909 -0.0003784718045907932 0.00014034149327532056 -0.00069993794612909237 -0.00063462713364461482 0.00022958715855849355 -0.00016242589342233679 0.0001611647753313117 0.0010211922418229705
leaf_weight=111 84 61 79 39 46 38 31 42
leaf_count=111 84 61 79 39 46 38 31 42
internal_value=-1.13643e-05 9.55879e-05 -0.000192766 -0.000274948 -0.000109605 -0.000492656 0.000428471 0.000536205
internal_weight=531 362 178 169 130 117 184 153
internal_count=531 362 178 169 130 117 184 153
is_linear=0
shrinkage=0.0167612


Tree=432
num_leaves=9
num_cat=0
split_feature=51 104 80 121 9 7 177 218
split_gain=0.0367039 0.0856107 0.0531344 0.0366818 0.0240329 0.0464597 0.0183934 0.00480196
threshold=1.0000000180025095e-35 68.000000000000014 674910.72786023514 -0.74456342874993708 1.0000000180025095e-35 1.0000000180025095e-35 15.000000000000002 3.1530214424951271
decision_type=8 10 10 8 2 2 10 8
left_child=1 3 4 -1 5 -2 -5 -4
right_child=2 -3 7 6 -6 -7 -8 -9
leaf_value=2.2984451448299681e-05 0.00022897614241764271 0.00042807698454913075 -0.00026711451471586676 -0.00013340140593117892 9.4729748381172917e-05 0.00084425421819544794 -0.00054689170840172409 -3.9749235598007292e-05
leaf_weight=38 161 39 24 121 44 35 65 26
leaf_count=38 161 39 24 121 44 35 65 26
internal_value=6.78635e-05 -4.2565e-05 0.000197002 -0.000199046 0.000317736 0.000401375 -0.000317613 -9.50435e-05
internal_weight=553 263 290 224 240 196 186 50
internal_count=553 263 290 224 240 196 186 50
is_linear=0
shrinkage=0.0167612


Tree=433
num_leaves=9
num_cat=0
split_feature=5 190 47 142 42 50 31 104
split_gain=0.0382308 0.0464547 0.0502565 0.0406107 0.0588931 0.151827 0.0137992 0.00632712
threshold=2.5000000000000004 2.0754926985896711 0.9193548387096776 -8.3580425999999992 334811.952991453 1.0000000180025095e-35 937347.0086904763 21.500000000000004
decision_type=2 8 10 8 10 8 8 8
left_child=1 2 7 -2 5 -5 -6 -1
right_child=3 -3 -4 4 6 -7 -8 -9
leaf_value=-0.00017333197338814592 -4.1114482919908082e-05 0.00015048929721341896 -0.00058859142253655475 0.0011040496191261108 0.00015148236892509453 0.00011687979053431602 -0.00016280742827501189 -1.6746253343372847e-06
leaf_weight=28 41 111 47 48 36 101 44 97
leaf_count=28 41 111 47 48 36 101 44 97
internal_value=6.6984e-05 -3.80464e-05 -0.000222492 0.000207078 0.00031282 0.000498504 5.92435e-05 -2.89406e-05
internal_weight=553 283 172 270 229 149 80 125
internal_count=553 283 172 270 229 149 80 125
is_linear=0
shrinkage=0.0167612


Tree=434
num_leaves=9
num_cat=0
split_feature=13 142 165 143 149 193 95 193
split_gain=0.0769476 0.045643 0.0331837 0.027806 0.0221015 0.0166376 0.0127027 0.00432122
threshold=919756.52302631584 -8.3580425999999992 14.500000000000002 1.0000000180025095e-35 98.500000000000014 311047.54325417103 27.500000000000004 643003.45982142875
decision_type=2 8 10 10 10 8 10 8
left_child=1 5 -2 7 -5 -1 -7 -3
right_child=2 3 -4 4 -6 6 -8 -9
leaf_value=9.5351188523259925e-07 -7.451633496446425e-05 0.00013889986840673896 -0.0005463853136164743 -9.2222192064394159e-05 0.00027365073926399584 -0.00046703029374924249 -8.5685528662345621e-05 0.00040121895563506653
leaf_weight=35 49 30 50 76 36 26 35 216
leaf_count=35 49 30 50 76 36 26 35 216
internal_value=6.56072e-05 0.000167665 -0.000269872 0.00026239 3.75255e-05 -5.04601e-05 -0.000246141 0.000361846
internal_weight=553 454 99 358 112 96 61 246
internal_count=553 454 99 358 112 96 61 246
is_linear=0
shrinkage=0.0167612


Tree=435
num_leaves=8
num_cat=0
split_feature=121 103 165 37 149 186 186
split_gain=0.0599701 0.0767673 0.0578896 0.0877637 0.0244236 3.16749e-05 3.7301e-05
threshold=-0.4563263266018352 225805.79687500003 18.500000000000004 1.0000000180025095e-35 173.50000000000003 608500.00000000012 939536.7430654763
decision_type=10 10 10 10 8 10 10
left_child=2 -2 3 4 -1 -3 -7
right_child=1 5 -4 -5 -6 6 -8
leaf_value=1.4167140429694532e-05 -0.0007126204018077486 -5.506542230754596e-06 0.00052358356396037134 -0.0004025761245323544 0.0002605521679351546 -1.9935996456277908e-05 -5.4476460131456466e-06
leaf_weight=32 26 45 80 50 246 44 30
leaf_count=32 26 45 80 50 246 44 30
internal_value=6.41646e-05 -0.000172414 0.000175449 5.70773e-05 0.000185567 -2.3404e-05 -1.41916e-05
internal_weight=553 145 408 328 278 119 74
internal_count=553 145 408 328 278 119 74
is_linear=0
shrinkage=0.0167612


Tree=436
num_leaves=10
num_cat=0
split_feature=5 182 197 133 69 213 9 104 51
split_gain=0.0364414 0.0447125 0.0429731 0.109313 0.0242445 0.0214322 0.0266001 0.015362 0.0395553
threshold=2.5000000000000004 1.0000000180025095e-35 10.500000000000002 0.5277777777777779 1.0000000180025095e-35 1230970.1019431339 1.0000000180025095e-35 17.500000000000004 1.0000000180025095e-35
decision_type=2 10 8 8 8 8 2 10 10
left_child=1 4 3 -2 -1 -4 -7 8 -3
right_child=2 7 5 -5 -6 6 -8 -9 -10
leaf_value=-4.5275645434468224e-05 0.00011849414644859363 -0.00065262007045946392 0.00022945822639751658 0.00085183786680941172 0.00025370333132959292 -1.2556575659033577e-05 -0.00037322084240335162 -7.3133435448446824e-05 -0.00013977783137159315
leaf_weight=41 31 51 66 60 108 84 29 48 35
leaf_count=41 31 51 66 60 108 84 29 48 35
internal_value=6.21493e-05 -4.01936e-05 0.000199435 0.000461624 9.71888e-05 2.26263e-05 -6.89889e-05 -0.00026095 -0.000401526
internal_weight=553 283 270 91 149 179 113 134 86
internal_count=553 283 270 91 149 179 113 134 86
is_linear=0
shrinkage=0.0167612


Tree=437
num_leaves=8
num_cat=0
split_feature=13 51 44 18 102 214 37
split_gain=0.048786 0.0388598 0.0634289 0.0416943 0.0364725 0.0455754 0.0267893
threshold=1239225.3688725494 1.0000000180025095e-35 0.85129254737792126 1.0000000180025095e-35 141575.99231888165 2.5000000000000004 1.0000000180025095e-35
decision_type=2 8 8 10 8 8 10
left_child=1 2 6 -4 -3 -6 -1
right_child=-2 4 3 -5 5 -7 -8
leaf_value=0.00010819131805470841 -0.00030990908094440914 6.4667090575784716e-05 -3.200224238805974e-05 -0.00044018382011521291 0.00076566261857803446 0.00019266175638722985 0.00059405092562242294
leaf_weight=35 41 52 92 79 42 177 35
leaf_count=35 41 52 92 79 42 177 35
internal_value=6.08792e-05 0.000119092 8.57132e-06 -0.000189526 0.000251974 0.000354971 0.000310791
internal_weight=553 512 241 171 271 219 70
internal_count=553 512 241 171 271 219 70
is_linear=0
shrinkage=0.0167612


Tree=438
num_leaves=7
num_cat=0
split_feature=13 20 63 74 137 225
split_gain=0.0787025 0.0812185 0.0910609 0.0551133 0.0555037 0.00258024
threshold=683409.35590986407 1.0000000180025095e-35 1.0000000180025095e-35 4.5000000000000009 1.0000000180025095e-35 22.500000000000004
decision_type=2 8 10 10 8 10
left_child=3 2 -2 4 -1 -4
right_child=1 -3 5 -5 -6 -7
leaf_value=0.00063066906572821816 -0.00081222433849238989 0.00013155494153666746 -0.00011933219086719766 -8.7399817175020811e-06 0.00011376188127969491 1.5197562397096368e-05
leaf_weight=103 62 70 34 92 154 38
leaf_count=103 62 70 34 92 154 38
internal_value=5.95524e-05 -0.000159627 -0.000412943 0.000216116 0.000348775 -8.51041e-05
internal_weight=553 204 134 349 257 72
internal_count=553 204 134 349 257 72
is_linear=0
shrinkage=0.0167612


Tree=439
num_leaves=10
num_cat=0
split_feature=10 47 60 22 182 33 22 119 33
split_gain=0.0349114 0.0792376 0.0379122 0.0823095 0.018019 0.0485294 0.0061715 0.00597771 0.00425176
threshold=-1.0000000180025095e-35 0.9193548387096776 28.576388888888893 1.0000000180025095e-35 1.0000000180025095e-35 452451.62037037039 1.0000000180025095e-35 29.500000000000004 1052744.4791666667
decision_type=2 10 10 8 10 10 10 10 8
left_child=2 4 3 -1 8 -6 -5 -4 -2
right_child=1 -3 7 6 5 -7 -8 -9 -10
leaf_value=0.00064020606016316475 0.00036561823815020329 -0.00052430874850031253 -0.00015894200441005649 8.403535218643055e-05 6.7144115740677587e-05 -0.00045215028991787092 -0.0001120778511423339 4.9593124365385303e-07 5.7292407504132265e-05
leaf_weight=91 29 47 36 90 72 32 25 28 103
leaf_count=91 29 47 36 90 72 32 25 28 103
internal_value=5.84296e-05 -4.15173e-05 0.000193211 0.000314047 4.13004e-05 -4.563e-05 4.39053e-05 1.23888e-06 0.000180464
internal_weight=553 283 270 206 236 104 115 64 132
internal_count=553 283 270 206 236 104 115 64 132
is_linear=0
shrinkage=0.0167612


Tree=440
num_leaves=9
num_cat=0
split_feature=6 126 42 143 27 13 5 120
split_gain=0.0560579 0.0756485 0.0577335 0.0420552 0.12014 0.0165329 0.00307444 0.0020278
threshold=1.0000000180025095e-35 1.0000000180025095e-35 959281.21281464526 1.0000000180025095e-35 1.0000000180025095e-35 468254.25315579714 2.5000000000000004 26.000000000000004
decision_type=2 10 10 8 10 2 2 10
left_child=1 6 3 4 -2 -5 7 -1
right_child=2 -3 -4 5 -6 -7 -8 -9
leaf_value=-0.00016984206278366668 -1.3826215891311406e-05 -0.00077523754384252908 -0.0003223447156580876 0.00016451615832401069 0.00075903464179219514 -6.3066394615488217e-05 1.630815876225411e-05 -3.6932320249190364e-05
leaf_weight=34 33 35 40 110 78 145 28 31
leaf_count=34 33 35 40 110 78 145 28 31
internal_value=-5.5722e-06 -0.000286581 7.08721e-05 0.00015735 0.000400193 1.6177e-05 -4.79571e-05 -9.8188e-05
internal_weight=534 128 406 366 111 255 93 65
internal_count=534 128 406 366 111 255 93 65
is_linear=0
shrinkage=0.0167612


Tree=441
num_leaves=9
num_cat=0
split_feature=62 3 131 220 104 55 123 10
split_gain=0.0633483 0.068108 0.0735912 0.0515964 0.0547572 0.0424573 0.00607675 0.00605174
threshold=364611.05966948147 3.5000000000000004 1.0000000180025095e-35 690.00000000000011 7.5000000000000009 2.5000000000000004 1.0000000180025095e-35 -0.24999999999999994
decision_type=8 2 8 8 10 8 10 2
left_child=5 2 -2 7 -5 -1 -4 -3
right_child=1 3 6 4 -6 -7 -8 -9
leaf_value=0.00071625576592059372 -0.00091802447572810451 -0.00013205602646463991 -0.00018075096144656006 0.00027410814688861364 -0.00011812796279938768 0.0001660181557644502 -4.0887208231273407e-05 -0.00053933894753169058
leaf_weight=36 31 28 48 205 96 24 35 31
leaf_count=36 31 28 48 205 96 24 35 31
internal_value=-6.23796e-06 -8.55787e-05 -0.000399381 -2.66085e-06 0.000109109 0.000379197 -0.000117453 -0.000329887
internal_weight=534 474 114 360 301 60 83 59
internal_count=534 474 114 360 301 60 83 59
is_linear=0
shrinkage=0.0167612


Tree=442
num_leaves=9
num_cat=0
split_feature=60 6 13 173 220 60 37 18
split_gain=0.0893671 0.0718055 0.157926 0.137989 0.0682895 0.0497571 0.0493194 0.0044751
threshold=10.699248120300753 1.0000000180025095e-35 400286.61722370778 1.0000000180025095e-35 690.00000000000011 0.43750000000000006 1.0000000180025095e-35 1.0000000180025095e-35
decision_type=8 2 2 10 8 10 8 10
left_child=6 2 -2 -4 7 -6 -1 -3
right_child=1 4 3 -5 5 -7 -8 -9
leaf_value=0.00018310622859219952 6.3108002855656169e-07 -0.00011909993507547848 -0.0015335054019464279 -0.00029720340253254582 0.00031682419096273066 -4.6253598779556434e-05 0.00086399078842105178 -0.00050504536551866728
leaf_weight=28 44 34 32 38 169 109 31 49
leaf_count=28 44 34 32 38 169 109 31 49
internal_value=-6.72882e-06 -9.75154e-05 -0.000418874 -0.000881842 -4.80027e-06 0.00013384 0.000457415 -0.000335755
internal_weight=534 475 114 70 361 278 59 83
internal_count=534 475 114 70 361 278 59 83
is_linear=0
shrinkage=0.0167612


Tree=443
num_leaves=10
num_cat=1
split_feature=0 36 165 119 33 136 7 18 32
split_gain=0.0762884 0.106175 0.0783733 0.0790792 0.0312714 0.0303193 0.0235473 0.0225878 0.0181088
threshold=0 3.5000000000000004 40.500000000000007 18.500000000000004 670718.75000000012 0.16397849462365588 1.0000000180025095e-35 1.0000000180025095e-35 1.0000000180025095e-35
decision_type=9 10 8 8 8 10 2 10 10
left_child=1 6 8 7 -3 -6 -1 -4 -2
right_child=2 4 3 -5 5 -7 -8 -9 -10
leaf_value=0.00033175556629168578 0.00033571303090195739 0.00022990507205377468 0.00024153808695076505 -0.00056255300812499583 -6.2179539631392226e-05 -0.00038474579606304933 0.001044331253882927 -0.00015731635948814418 4.4911829927232993e-05
leaf_weight=46 48 48 36 157 34 69 28 36 32
leaf_count=46 48 48 36 157 34 69 28 36 32
internal_value=-6.45503e-06 0.00019001 -0.000179775 -0.000356055 2.09286e-05 -0.00017529 0.000634541 -7.33799e-05 0.000121805
internal_weight=534 225 309 229 151 103 74 72 80
internal_count=534 225 309 229 151 103 74 72 80
cat_boundaries=0 1
cat_threshold=1171786
is_linear=0
shrinkage=0.0167612


Tree=444
num_leaves=10
num_cat=0
split_feature=33 42 182 10 43 133 17 174 165
split_gain=0.0382821 0.0731678 0.0307758 0.0468384 0.0549887 0.0417783 0.0400182 0.0148349 0.000174292
threshold=520318.6486486487 714215.90909090929 1.0000000180025095e-35 -1.0000000180025095e-35 1.0000000180025095e-35 0.14550264550264549 1.0000000180025095e-35 1.0000000180025095e-35 73.000000000000014
decision_type=8 8 10 2 10 8 8 10 8
left_child=1 7 5 8 -5 -2 -7 -1 -4
right_child=2 -3 3 4 -6 6 -8 -9 -10
leaf_value=0.00017196096753078718 -0.00031770671658821548 0.00075718383802144914 -1.8399891426662481e-05 -0.00086222582474529126 -0.00012415819523047271 0.00048786074212635154 8.7679715067162023e-06 -0.00018860266438038402 1.6496451024471818e-05
leaf_weight=24 47 26 31 39 53 32 211 27 44
leaf_count=24 47 26 31 39 53 32 211 27 44
internal_value=-5.1725e-06 0.000261001 -7.71302e-05 -0.000245211 -0.000476228 -4.67007e-06 0.000107751 6.99988e-05 -4.89178e-05
internal_weight=534 77 457 167 92 290 243 51 75
internal_count=534 77 457 167 92 290 243 51 75
is_linear=0
shrinkage=0.0167612


Tree=445
num_leaves=11
num_cat=0
split_feature=3 13 205 113 203 177 80 119 88 121
split_gain=0.0399887 0.0824049 0.0884088 0.0507447 0.0367818 0.0171112 0.0121294 0.0104738 0.005096 0.00249106
threshold=3.5000000000000004 433391.55702811241 1.0000000180025095e-35 194780.4628240793 1.0000000180025095e-35 25.500000000000004 203832.26942355893 28.500000000000004 48.500000000000007 -0.42668222324020638
decision_type=2 2 8 8 8 10 10 8 10 10
left_child=4 2 -2 6 8 -5 -3 -4 9 -1
right_child=1 3 7 5 -6 -7 -8 -9 -10 -11
leaf_value=0.00012889552948462939 0.00080116287994529871 -0.00013399934968086626 -0.00010612643578212383 0.0001555311053811726 -0.00052402162034006117 -0.00012830773589880254 -0.0005096248346374584 0.00015094267827874569 -0.0001573948439991877 1.579079160404691e-05
leaf_weight=29 54 31 25 133 54 28 67 65 24 24
leaf_count=29 54 31 25 133 54 28 67 65 24 24
internal_value=-4.58238e-06 5.85238e-05 0.0003585 -8.14438e-05 -0.000240855 3.37271e-05 -0.00035625 6.16482e-05 -4.70444e-05 3.60673e-05
internal_weight=534 403 144 259 131 161 98 90 77 53
internal_count=534 403 144 259 131 161 98 90 77 53
is_linear=0
shrinkage=0.0167612


Tree=446
num_leaves=8
num_cat=0
split_feature=74 185 100 17 104 67 152
split_gain=0.0599503 0.0675718 0.0324239 0.0391008 0.0568188 0.0160441 0.00163641
threshold=4.5000000000000009 13.697222222222225 830492.34081772063 1.0000000180025095e-35 70.500000000000014 1.0000000180025095e-35 136.50000000000003
decision_type=10 8 8 8 8 10 8
left_child=2 -2 -1 4 -4 -3 -5
right_child=1 5 3 6 -6 -7 -8
leaf_value=-0.00024460668948297177 -4.172300687858505e-05 -0.00022528077276536197 7.0940658586798224e-05 -7.0058984855713406e-05 0.00061679400518347977 -0.00075382243551153885 2.2111393052515325e-05
leaf_weight=24 40 28 69 28 74 61 210
leaf_count=24 40 28 69 28 74 61 210
internal_value=-4.62185e-06 -0.000293852 7.5532e-05 0.000135392 0.000332833 -0.00056277 9.85837e-06
internal_weight=534 129 405 381 143 89 238
internal_count=534 129 405 381 143 89 238
is_linear=0
shrinkage=0.0167612


Tree=447
num_leaves=7
num_cat=0
split_feature=33 33 142 5 152 7
split_gain=0.0435472 0.0545532 0.0640485 0.0528993 0.0370494 0.00329288
threshold=1090171.2385487531 411698.19194736652 -8.3543390499999983 1.5000000000000002 105.50000000000001 1.0000000180025095e-35
decision_type=10 8 8 2 10 2
left_child=1 -1 5 -4 -2 -3
right_child=4 2 3 -5 -6 -7
leaf_value=0.00042098122249620523 -0.00069210410557336529 -0.00049863680898448986 -0.00018520466498305304 0.00020723731686614577 -0.00015662390406933182 -0.00015925254182708277
leaf_weight=54 31 64 90 247 24 24
leaf_count=54 31 64 90 247 24 24
internal_value=-4.41434e-06 3.03096e-05 -1.25008e-05 6.59907e-05 -0.00035774 -0.000363744
internal_weight=534 479 425 337 55 88
internal_count=534 479 425 337 55 88
is_linear=0
shrinkage=0.0167612


Tree=448
num_leaves=9
num_cat=0
split_feature=43 101 75 51 213 69 203 23
split_gain=0.119835 0.0617046 0.0445371 0.0399177 0.0323281 0.0118379 0.00838899 0.00210129
threshold=1.0000000180025095e-35 130978.61367725251 1.3609796529042273 1.0000000180025095e-35 706930.42027417023 905884.24389499403 1.0000000180025095e-35 900.00000000000011
decision_type=10 8 8 10 10 8 10 8
left_child=1 6 -2 5 -5 -4 -1 -3
right_child=2 7 3 4 -6 -7 -8 -9
leaf_value=0.00022729038702575899 0.00053622320857400296 -0.00063754329020882709 -2.5512026108119321e-05 0.00050734635385778985 0.00012727690110417972 -0.00026808444949552091 1.922673126950432e-05 -0.00027718276328908976
leaf_weight=36 80 37 51 62 25 44 27 183
leaf_count=36 80 37 51 62 25 44 27 183
internal_value=0 -0.000229199 0.000237134 6.84903e-05 0.000297519 -9.51254e-05 4.70013e-05 -0.000378365
internal_weight=545 283 262 182 87 95 63 220
internal_count=545 283 262 182 87 95 63 220
is_linear=0
shrinkage=0.0167612


Tree=449
num_leaves=10
num_cat=0
split_feature=33 80 13 43 142 14 186 17 17
split_gain=0.129956 0.149331 0.0916477 0.172141 0.126433 0.0185346 0.0101457 0.0042647 0.00318204
threshold=978221.85528926493 701403.4743991642 496258.12121212127 1.0000000180025095e-35 -8.3580425999999992 18.000000000000004 705961.94632034644 1.0000000180025095e-35 1.0000000180025095e-35
decision_type=8 8 2 10 10 2 8 10 8
left_child=1 6 4 -4 5 -2 -1 -5 -3
right_child=2 8 3 7 -6 -7 -8 -9 -10
leaf_value=-8.9432203911426075e-06 -0.00024496074144964789 0.00051526147663020583 -0.00091110525631855508 5.6780190424261674e-05 0.00071688407522753448 -1.134752023288996e-05 -0.00023029587015421137 -0.00011500151806959198 0.0010925823522553401
leaf_weight=37 100 75 85 69 30 43 39 37 30
leaf_count=37 100 75 85 69 30 43 39 37 30
internal_value=0 0.000329451 -0.000178618 -0.000424134 2.68567e-05 -0.000103057 -2.66473e-05 -6.35758e-05 0.000722629
internal_weight=545 181 364 191 173 143 76 106 105
internal_count=545 181 364 191 173 143 76 106 105
is_linear=0
shrinkage=0.0167612


Tree=450
num_leaves=8
num_cat=0
split_feature=110 193 88 51 83 142 43
split_gain=0.119939 0.0394961 0.0377229 0.0323573 0.0302677 0.0394415 0.01247
threshold=1.0000000180025095e-35 452136.58604725421 54.500000000000007 1.0000000180025095e-35 0.99999999997670819 -8.3530716999999992 1.0000000180025095e-35
decision_type=8 8 8 8 8 10 10
left_child=2 -2 4 -3 -1 -6 -5
right_child=1 3 -4 6 5 -7 -8
leaf_value=0.00070698381586324947 5.7248797944711233e-06 -0.00069726743009077994 3.8416618723153962e-05 -0.00024772127971108498 3.0089615129585699e-05 0.00045934087401625513 -6.2570757859458802e-05
leaf_weight=44 46 40 39 168 108 60 40
leaf_count=44 46 40 39 168 108 60 40
internal_value=0 -0.000220313 0.000247114 -0.000323421 0.000357288 0.000203957 -0.00019648
internal_weight=545 294 251 248 212 168 208
internal_count=545 294 251 248 212 168 208
is_linear=0
shrinkage=0.0167612


Tree=451
num_leaves=10
num_cat=2
split_feature=1 13 1 13 62 62 164 62 201
split_gain=0.149614 0.603842 0.0847753 0.03578 0.0309551 0.0243875 0.0508017 0.0413792 0.00810394
threshold=0 452451.62037037039 1 396531.29017857148 868408.69367896544 1187385.9496134892 56280373.419522949 732163.80998404243 367640.5509803922
decision_type=1 2 1 2 8 10 10 8 10
left_child=5 2 4 -4 -2 6 8 -8 -1
right_child=1 -3 3 -5 -6 -7 7 -9 -10
leaf_value=0.00016482323477677601 5.0755788995183875e-05 -0.0013002368586158756 0.00075290073436391574 0.00014120240150469643 -0.00032036989546497808 9.7030042646888338e-05 0.00020916320491864862 0.00077731143830971712 -2.4691527443557761e-05
leaf_weight=55 46 79 60 41 65 33 33 86 47
leaf_count=55 46 79 60 41 65 33 33 86 47
internal_value=0 -0.000244003 0.000134323 0.000450947 -6.7328e-05 0.000268346 0.000360338 0.000578461 5.58032e-05
internal_weight=545 291 212 101 111 254 221 119 102
internal_count=545 291 212 101 111 254 221 119 102
cat_boundaries=0 1 2
cat_threshold=44 17
is_linear=0
shrinkage=0.0167612


Tree=452
num_leaves=9
num_cat=0
split_feature=110 4 155 122 218 42 8 120
split_gain=0.113228 0.0479999 0.0404206 0.0270514 0.022681 0.0427052 0.0143921 0.0570464
threshold=1.0000000180025095e-35 132.00000000000003 2.4821200510855688 18.500000000000004 2.6030303030303035 738249.55952380958 1.0000000180025095e-35 26.000000000000004
decision_type=8 2 8 10 10 8 2 8
left_child=1 3 -2 -1 -3 -6 7 -4
right_child=2 4 6 -5 5 -7 -8 -9
leaf_value=0.00068969106424380015 3.8113298177038913e-05 -0.00016616081838331299 -0.0008595494354726301 0.000127902535105246 5.3017195535136542e-05 0.00050074775985880203 -0.00013700033672838045 -0.0002113108989176177
leaf_weight=69 38 56 31 55 31 40 24 201
leaf_count=69 38 56 31 55 31 40 24 201
internal_value=0 0.000239807 -0.000214347 0.000461739 3.07647e-05 0.000187637 -0.000312918 -0.000360143
internal_weight=545 251 294 124 127 71 256 232
internal_count=545 251 294 124 127 71 256 232
is_linear=0
shrinkage=0.0167612


Tree=453
num_leaves=8
num_cat=0
split_feature=13 110 197 42 149 69 101
split_gain=0.212387 0.242877 0.0890528 0.0719157 0.0316514 0.0304283 0.00447647
threshold=187877.44817073175 1.0000000180025095e-35 1.0000000180025095e-35 738249.55952380958 119.50000000000001 939436.39625850355 139683.4723800779
decision_type=2 8 10 8 10 8 8
left_child=-1 3 6 4 -2 -5 -3
right_child=1 2 -4 5 -6 -7 -8
leaf_value=0.00085126351948908933 3.3212467383791412e-05 -0.00024840609572171122 -0.00010851087101411529 0.00062129708542359673 -0.00037572829265797525 0.00011699584067860414 -0.00068895081983500026
leaf_weight=38 37 28 50 103 35 75 179
leaf_count=38 37 28 50 103 35 75 179
internal_value=0 -9.61589e-05 -0.000448919 0.000226511 -4.16517e-05 0.000425341 -0.000620539
internal_weight=545 507 257 250 72 178 207
internal_count=545 507 257 250 72 178 207
is_linear=0
shrinkage=0.0167612


Tree=454
num_leaves=8
num_cat=0
split_feature=43 13 13 210 144 166 103
split_gain=0.0988456 0.107503 0.256232 0.169122 0.0339766 0.0562741 0.0242032
threshold=1.0000000180025095e-35 662660.83353494632 207891.24561403514 1.0000000180025095e-35 0.15707236842105263 1.0000000180025095e-35 275182.75641025644
decision_type=10 2 2 8 8 10 10
left_child=1 2 -1 -4 6 -6 -2
right_child=4 -3 3 -5 5 -7 -8
leaf_value=0.00078364479415052681 -0.00020474343178744707 -0.00074117789256707394 9.084222573451136e-05 -0.00071361062228436514 0.00061339581823997467 0.00012894508992244202 0.00016641388455152076
leaf_weight=44 41 53 76 110 94 39 88
leaf_count=44 41 53 76 110 94 39 88
internal_value=0 -0.000206845 -3.31235e-05 -0.000310222 0.000216721 0.000398004 2.74265e-05
internal_weight=545 283 230 186 262 133 129
internal_count=545 283 230 186 262 133 129
is_linear=0
shrinkage=0.0167612


Tree=455
num_leaves=11
num_cat=0
split_feature=33 42 186 43 144 51 133 80 188 214
split_gain=0.122852 0.103913 0.0855698 0.058623 0.0583337 0.0463271 0.0383329 0.0226268 0.0176873 0.0047334
threshold=1009339.2814828764 200259.02380952382 310632.45188343606 1.0000000180025095e-35 0.26969696969696971 1.0000000180025095e-35 0.028484848484848453 812969.94222222234 41.500000000000007 1.5000000000000002
decision_type=8 10 10 10 8 10 10 10 8 8
left_child=1 -1 9 8 6 -6 -5 -4 -2 -3
right_child=3 2 7 4 5 -7 -8 -9 -10 -11
leaf_value=0.00080310494161193319 -0.00060505530667726915 -0.00046097249923042217 0.00014714812769516653 -0.00058702719609774335 9.6907459042583946e-05 0.00067211494552575385 -0.00010254396524820276 0.00071717583362501463 -0.00019887841325172387 -0.00010312335189309334
leaf_weight=58 59 33 33 25 43 37 24 30 172 31
leaf_count=58 59 33 33 25 43 37 24 30 172 31
internal_value=0 0.000317412 4.23293e-05 -0.000174552 1.99503e-05 0.000319855 -0.000234218 0.000406952 -0.000337737 -0.000274163
internal_weight=545 185 127 360 129 80 49 63 231 64
internal_count=545 185 127 360 129 80 49 63 231 64
is_linear=0
shrinkage=0.0167612


Tree=456
num_leaves=10
num_cat=0
split_feature=38 12 10 129 225 64 33 92 80
split_gain=0.0708986 0.0625449 0.0538969 0.113954 0.0526312 0.0497874 0.0853101 0.0213912 0.00565218
threshold=-34896.087398771189 1.0000000180025095e-35 -0.5 275000.00000000006 9.5000000000000018 33.500000000000007 978221.85528926493 1.0000000180025095e-35 864805.84544901073
decision_type=10 2 2 8 10 10 8 8 8
left_child=1 4 7 -4 -1 6 -2 -3 -7
right_child=5 2 3 -5 -6 8 -8 -9 -10
leaf_value=-0.00050536003092619818 0.0007677952006195141 0.0007393168241366314 -0.00052017198120258613 0.0002493976127521459 -0.00011016081172745225 -0.00012914210142183545 0.00017174487980067883 0.00017653637130892426 4.9664756623125086e-05
leaf_weight=146 73 24 65 62 40 38 32 25 26
leaf_count=146 73 24 65 62 40 38 32 25 26
internal_value=0 -0.000137823 2.27514e-05 -7.77169e-05 -0.000345918 0.000244437 0.000465788 0.000412667 5.525e-05
internal_weight=531 362 176 127 186 169 105 49 64
internal_count=531 362 176 127 186 169 105 49 64
is_linear=0
shrinkage=0.0167612


Tree=457
num_leaves=7
num_cat=0
split_feature=44 11 225 47 35 12
split_gain=0.0765571 0.0967562 0.0511728 0.035723 0.0452091 0.0247165
threshold=0.76918596114181947 0.6830127018922193 15.500000000000002 1.0000000180025095e-35 21.500000000000004 1.0000000180025095e-35
decision_type=8 2 10 10 10 2
left_child=-1 3 -3 5 -5 -2
right_child=1 2 -4 4 -6 -7
leaf_value=0.00047350106583067178 -0.0001663773278794827 -0.00068346006500057458 -0.00014502479546272523 0.00052730009270991339 8.6426053146186198e-05 0.00011364450724969946
leaf_weight=46 173 83 38 66 40 85
leaf_count=46 173 83 38 66 40 85
internal_value=0 -7.33542e-05 -0.000439876 3.39736e-05 0.000271388 -3.41207e-05
internal_weight=531 485 121 364 106 258
internal_count=531 485 121 364 106 258
is_linear=0
shrinkage=0.0167612


Tree=458
num_leaves=7
num_cat=0
split_feature=44 216 11 18 123 92
split_gain=0.111409 0.0564259 0.0498743 0.0292218 0.0275535 0.0124096
threshold=0.81622584044434432 0.2696442891886261 0.25000000000000017 1.0000000180025095e-35 1.0000000180025095e-35 1.0000000180025095e-35
decision_type=8 10 2 8 10 8
left_child=4 2 3 -2 -1 -4
right_child=1 -3 5 -5 -6 -7
leaf_value=0.00085539750756892356 0.00016461488866651924 0.00033421659806676227 -0.00051835289344189948 -0.00015297683981569513 0.00018101544513665697 -0.00013093855012705853
leaf_weight=34 107 26 100 146 33 85
leaf_count=34 107 26 100 146 33 85
internal_value=0 -0.000101218 -0.000167156 -1.14992e-05 0.000500616 -0.000360823
internal_weight=531 464 438 253 67 185
internal_count=531 464 438 253 67 185
is_linear=0
shrinkage=0.0167612


Tree=459
num_leaves=7
num_cat=1
split_feature=0 75 161 77 185 110
split_gain=0.143389 0.102719 0.0904801 0.0472776 0.0735919 0.0123686
threshold=0 1.054049031869819 29.500000000000004 1.0000000180025095e-35 19.253030303030307 1.0000000180025095e-35
decision_type=9 8 8 8 8 8
left_child=2 -2 -1 4 -3 -5
right_child=1 3 -4 5 -6 -7
leaf_value=-0.00015466063816243215 0.00080614690331654135 0.00023658724397688759 -0.00078279762132791848 0.00055148176438176756 -0.00029254851908456798 0.00013711082591316625
leaf_weight=34 25 68 84 26 156 138
leaf_count=34 25 68 84 26 156 138
internal_value=0 0.000133658 -0.000436004 4.94383e-05 -7.46712e-05 0.000253624
internal_weight=531 413 118 388 224 164
internal_count=531 413 118 388 224 164
cat_boundaries=0 1
cat_threshold=663570
is_linear=0
shrinkage=0.0167612


Tree=460
num_leaves=7
num_cat=1
split_feature=25 63 1 144 15 19
split_gain=0.0873062 0.0587187 0.0990407 0.057443 0.03711 0.0166784
threshold=4.1650000000000009 576995.99696969718 0 0.064866760168302909 1.0000000180025095e-35 3.5000000000000004
decision_type=10 10 1 10 2 8
left_child=1 2 4 -3 -1 -4
right_child=-2 3 5 -5 -6 -7
leaf_value=2.227679642284401e-06 0.00050896170646310486 7.9483153837422914e-05 -0.00014495481943853884 0.00061179572392595341 0.00036740077528233181 -0.00044741016412649232
leaf_weight=94 46 37 29 41 66 218
leaf_count=94 46 37 29 41 66 218
internal_value=0 -7.4834e-05 -0.000169486 0.000236829 8.46898e-05 -0.000369865
internal_weight=531 485 407 78 160 247
internal_count=531 485 407 78 160 247
cat_boundaries=0 1
cat_threshold=20
is_linear=0
shrinkage=0.0167612


Tree=461
num_leaves=10
num_cat=0
split_feature=11 10 12 149 192 213 41 51 40
split_gain=0.0855536 0.0555555 0.0457855 0.0359657 0.046701 0.0350829 0.0246001 0.00598976 0.00494444
threshold=0.86602540378443871 0.25000000000000011 1.0000000180025095e-35 224.50000000000003 1.0000000180025095e-35 1230970.1019431339 1.0000000180025095e-35 1.0000000180025095e-35 1.0000000180025095e-35
decision_type=2 2 2 8 8 8 10 8 10
left_child=1 2 5 6 -5 -1 -3 -2 -4
right_child=7 3 8 4 -6 -7 -8 -9 -10
leaf_value=0.0002284449115800103 -0.0002138951437083241 0.00029939667050607477 0.00066355668354585136 -0.00073000761210944448 -8.3823050705746405e-05 -0.00015247690497033304 -5.0652447299104754e-05 -0.00081074213618148149 0.00021815945850346593
leaf_weight=109 25 52 61 24 109 70 30 26 25
leaf_count=109 25 52 61 24 109 70 30 26 25
internal_value=0 6.11959e-05 0.00022625 -9.68037e-05 -0.000277355 4.72969e-05 5.88988e-05 -0.000499996 0.000509964
internal_weight=531 480 265 215 133 179 82 51 86
internal_count=531 480 265 215 133 179 82 51 86
is_linear=0
shrinkage=0.0167612


Tree=462
num_leaves=9
num_cat=1
split_feature=13 113 1 35 173 6 107 163
split_gain=0.0672989 0.084504 0.0534999 0.119448 0.0324695 0.107245 0.0289822 0.0210418
threshold=312860.52166296082 131020.16729807876 0 4.5000000000000009 1.0000000180025095e-35 1.5000000000000002 22.500000000000004 1.1032025787865036
decision_type=2 10 1 10 10 2 10 10
left_child=4 2 6 -4 5 -1 -2 -3
right_child=1 7 3 -5 -6 -7 -8 -9
leaf_value=0.00090863991151674071 0.00010126765784331485 4.7314646051432574e-05 -0.00091492177765696168 -8.135626668857972e-05 0.00013790359529487645 0.0001694214655632589 -0.00032321283503797303 0.00041296416501166995
leaf_weight=52 114 60 67 102 25 25 28 58
leaf_count=52 114 60 67 102 25 25 28 58
internal_value=0 -9.73721e-05 -0.000252418 -0.000431784 0.00032236 0.000517797 -2.93598e-05 0.000199203
internal_weight=531 429 311 169 102 77 142 118
internal_count=531 429 311 169 102 77 142 118
cat_boundaries=0 1
cat_threshold=68
is_linear=0
shrinkage=0.0167612


Tree=463
num_leaves=9
num_cat=0
split_feature=11 10 171 33 166 35 216 12
split_gain=0.0822988 0.0405275 0.0475961 0.0540368 0.0350361 0.0189555 0.0140212 0.00795881
threshold=0.86602540378443871 -1.0000000180025095e-35 116.03826205000001 475345.69545244699 1.0000000180025095e-35 8.5000000000000018 0.017748387307464815 1.0000000180025095e-35
decision_type=2 2 10 10 10 10 10 2
left_child=1 2 7 -4 6 -2 -3 -1
right_child=5 4 3 -5 -6 -7 -8 -9
leaf_value=-0.00010711298955503812 -0.0008399438431167174 -4.1268330672131656e-05 0.00080313757964654083 0.00010763713707445915 -0.00036774132147189374 -0.0002101642244300207 0.00018482640993565212 0.00012534107010373117
leaf_weight=63 26 154 48 69 45 25 68 33
leaf_count=63 26 154 48 69 45 25 68 33
internal_value=0 5.87757e-05 0.000227818 0.000439236 -4.38178e-05 -0.000491274 -2.44354e-06 3.71264e-05
internal_weight=531 480 213 117 267 51 222 96
internal_count=531 480 213 117 267 51 222 96
is_linear=0
shrinkage=0.0167612


Tree=464
num_leaves=11
num_cat=1
split_feature=0 13 201 213 197 129 33 118 31 225
split_gain=0.0727539 0.213501 0.129888 0.0503137 0.0423592 0.0224746 0.0195577 0.0249995 0.0151341 0.0107759
threshold=0 656555.58531746047 1538998.7684262488 207878.8666666667 10.500000000000002 1.0000000180025095e-35 959699.07555018796 1.0000000180025095e-35 713893.11367140815 25.500000000000004
decision_type=9 2 8 10 8 10 8 8 10 8
left_child=3 5 8 4 -1 -2 9 -8 -3 -5
right_child=1 2 -4 6 -6 -7 7 -9 -10 -11
leaf_value=0.00084152885643421459 6.7283092375574857e-06 -0.0003528232878455357 -0.0013304483088963435 0.00027951933072013416 0.00016266079015338469 0.00029040973937992056 -8.1703484302386416e-05 -0.00045855442563042648 -0.00010589879781028681 3.8446914079709091e-05
leaf_weight=30 135 28 46 41 76 59 26 32 26 41
leaf_count=30 135 28 46 41 76 59 26 32 26 41
internal_value=-1.18273e-05 -0.000189965 -0.00074829 0.000166338 0.000421099 5.53262e-05 1.95913e-05 -0.000195359 -0.000253212 0.000122785
internal_weight=540 294 100 246 106 194 140 58 54 82
internal_count=540 294 100 246 106 194 140 58 54 82
cat_boundaries=0 1
cat_threshold=2111845
is_linear=0
shrinkage=0.0167612


Tree=465
num_leaves=7
num_cat=0
split_feature=33 55 133 13 182 25
split_gain=0.0736252 0.0600115 0.0451558 0.110847 0.0572278 0.00912173
threshold=411698.19194736652 2.5000000000000004 0.047247023809523808 348365.14087301592 1.0000000180025095e-35 2.1250000000000004
decision_type=8 8 8 2 8 10
left_child=1 -1 -2 5 -5 -4
right_child=2 -3 3 4 -6 -7
leaf_value=0.00085933269565612296 -0.00039275718869353192 0.00018611274729045748 0.00071386222921573743 8.8842071808532903e-05 -0.00029326696545008943 0.00019226073580897474
leaf_weight=29 81 24 43 101 235 27
leaf_count=29 81 24 43 101 235 27
internal_value=-1.11461e-05 0.000425095 -9.03154e-05 -3.97477e-06 -0.00014049 0.000469997
internal_weight=540 53 487 406 336 70
internal_count=540 53 487 406 336 70
is_linear=0
shrinkage=0.0167612


Tree=466
num_leaves=8
num_cat=0
split_feature=33 13 171 103 113 188 196
split_gain=0.0299336 0.1076 0.0792118 0.0422783 0.055782 0.017159 0.000638854
threshold=665736.25000000012 982749.38613315707 116.04047185 403168.21780303033 132932.2175650257 13.500000000000002 1.5000000000000002
decision_type=8 2 8 8 10 8 10
left_child=2 3 -1 6 -5 -3 -2
right_child=1 5 -4 4 -6 -7 -8
leaf_value=-0.00010642260036189069 -9.2699704039464045e-05 -0.00023568860661485452 0.00054825879767477913 1.4717933897088206e-05 0.0005739109754984463 -0.00075900614041014695 -0.00042075597859381197
leaf_weight=34 34 24 63 262 33 59 31
leaf_count=34 34 24 63 262 33 59 31
internal_value=-1.03241e-05 -8.13695e-05 0.000197491 1.47148e-05 0.00012201 -0.000538329 -0.00026133
internal_weight=540 443 97 360 295 83 65
internal_count=540 443 97 360 295 83 65
is_linear=0
shrinkage=0.0167612


Tree=467
num_leaves=9
num_cat=0
split_feature=13 13 43 40 17 35 218 54
split_gain=0.243802 0.138315 0.263298 0.165449 0.0766774 0.0325395 0.00837697 0.000175325
threshold=350494.38031462586 473941.14251127053 1.0000000180025095e-35 1.0000000180025095e-35 1.0000000180025095e-35 29.500000000000004 2.4009661835748797 1.0000000180025095e-35
decision_type=2 2 8 8 8 10 8 8
left_child=4 3 -3 -2 6 -4 -1 -5
right_child=1 2 5 7 -6 -7 -8 -9
leaf_value=6.4475604348305851e-05 0.00099367718853722218 -0.0014690467071927248 -0.00030954056312497858 -5.2626899425150983e-05 0.00099043086055272461 -4.7828441246979639e-05 0.00025304844510891161 2.1032876926010564e-06
leaf_weight=32 26 24 230 26 57 69 30 46
leaf_count=32 26 24 230 26 57 69 30 46
internal_value=-9.92321e-06 -0.000207626 -0.000386879 0.000210535 0.000557782 -0.000224397 0.000174864 7.27976e-06
internal_weight=540 421 323 98 119 299 62 72
internal_count=540 421 323 98 119 299 62 72
is_linear=0
shrinkage=0.0167612


end of trees

feature_importances:
dynamic_anchor_price=224
price_lag_7_lag_5=121
mask_flag_lag_5=99
month_cos=96
month_sin=89
status_new_lag_5=87
season_strength=85
price_lag_10_lag_5=65
is_recent_lag_missing=64
month=62
roomId=61
is_peak_season=60
inflation_rate_lag_5=60
prop_group_keywords_count_lag_5=54
quarter=49
price_roll_std_12_lag_5=49
ch_price_per_day_ratio_lag_5=49
price_lag_12_lag_5=45
numChild_lag_16_lag_5=45
room_fc_desk_lag_5=43
leftover_rooms_lag_16_lag_5=43
masterId_lag_5=43
ch_connect_limited_ratio_lag_5=42
range_booking_arrival_lag_6_lag_5=40
price_roll_mean_3_lag_5=40
price_vs_property_avg_lag_5=39
price_lag_24_lag_5=37
status_confirmed_lag_5=37
ch_publish_ratio_lag_5=36
price_roll_mean_6_lag_5=35
price_roll_std_6_lag_5=33
is_fallback_anchor=32
used_room_nights_lag_6_lag_5=32
prop_feature_codes_count_lag_5=32
is_major_holiday_month=31
leftover_rooms_lag_6_lag_5=31
room_fc_safe_lag_5=31
room_fc_air_conditioning_lag_5=31
price_lag_16_lag_5=30
numChild_lag_6_lag_5=29
room_fc_beach_front_lag_5=27
room_fc_refrigerator_lag_5=27
price_growth_1_lag_5=27
cal_soldout_rate_lag_5=26
room_cfg_feature_count_lag_5=26
room_cfg_max_people_lag_5=25
price_roll_mean_12_lag_5=25
room_cfg_roomType_double_lag_5=24
prop_latitude_lag_5=24
room_fc_deck_patio_uncovered_lag_5=24
used_room_nights_lag_16_lag_5=24
price_to_mean_ratio_lag_5=24
room_fc_balcony_lag_5=23
season_price_interaction_lag_5=23
commission_lag_6_lag_5=23
price_yoy_historical_lag_5=22
prop_type_hotel_lag_5=22
price_zscore_property_lag_5=22
room_fc_tv_lag_5=22
propertyId=21
used_room_nights_lag_5_lag_5=21
refererEditable_Booking_com_lag_5=21
cal_low_avail_rate_lag_5=21
price_lag_6_lag_5=21
num_of_nights_lag_5_lag_5=21
room_fc_separate_toilet_area_lag_5=20
range_booking_arrival_lag_16_lag_5=20
price_roll_std_3_lag_5=20
room_cfg_room_size_lag_5=20
prop_longitude_lag_5=20
price_lag_17_lag_5=19
price_diff_1_lag_5=19
ch_connect_inventory_ratio_lag_5=19
room_fc_hair_dryer_lag_5=19
leftover_rooms_lag_5_lag_5=19
room_fc_baggage_storage_lag_5=18
prop_checkin_start_min_lag_5=18
commission_lag_5_lag_5=18
room_fc_breakfast_possible_lag_5=18
cal_numAvail_mean_lag_5=17
room_fc_towels_lag_5=17
anchor_age_months=16
qty_lag_5=16
apiSource_Booking_com_lag_5=16
room_fc_cleaning_included_lag_5=16
range_booking_arrival_lag_5_lag_5=16
num_of_nights_lag_16_lag_5=16
room_fc_kettle_lag_5=15
room_fc_hangers_lag_5=15
room_cfg_units_count_lag_5=15
room_fc_car_available_lag_5=14
custom1_Paid_OTA_lag_5=14
room_fc_toiletries_lag_5=14
cal_numAvail_min_lag_5=14
allowChannelUpdate_all_lag_5=13
allowReview_default_lag_5=13
room_cfg_roomType_quadruple_lag_5=13
prop_checkout_end_min_lag_5=13
total_capacity_nights=12
arrivalTime_16_3_lag_5=12
price_lag_5_lag_5=12
room_fc_beach_view_lag_5=12
prop_type_resort_lag_5=12
room_fc_linens_lag_5=12
room_fc_shampoo_lag_5=12
year=11
channel_booking_lag_5=11
peak_price_interaction_lag_5=11
allowCancellation__type_propertyDefault__lag_5=11
allowAutoAction_enable_lag_5=11
room_cfg_rack_rate_lag_5=11
prop_type_bungalow_lag_5=11
room_fc_laptop_friendly_lag_5=11
title_RO_lag_5=10
price_base_vs_anchor_lag_5=10
numChild_lag_5_lag_5=10
groupNote_Room_Only__lag_5=10
cal_numAvail_std_lag_5=10
room_fc_wifi_lag_5=10
ch_enabled_ratio_lag_5=9
room_fc_coffee_maker_lag_5=9
reference_45867993_marie_lag_5=9
voucher_geniuscm_lag_5=9
prop_checkin_end_min_lag_5=9
room_fc_bedroom_lag_5=9
subStatus_none_lag_5=9
num_of_nights_lag_6_lag_5=9
referer_Booking_com_lag_5=9
cal_numAvail_max_lag_5=9
commission_lag_16_lag_5=9
prop_type_guesthouse_lag_5=8
room_fc_reception_24_hour_lag_5=8
room_fc_tables_and_chairs_lag_5=8
room_fc_bath_toilet_lag_5=8
room_fc_sitting_area_lag_5=8
cal_numAvail_low_days_lag_5=8
cancelTime_2024_08_05T03_15_10Z_lag_5=8
room_fc_bed_double_lag_5=7
room_fc_garden_lag_5=7
room_fc_bath_shower_lag_5=7
room_cfg_qty_raw_lag_5=7
room_fc_satellite_lag_5=6
cal_numAvail_zero_days_lag_5=6
room_fc_airport_shuttle_lag_5=5
room_fc_minibar_lag_5=5
room_fc_breakfast_in_room_lag_5=5
room_cfg_control_priority_lag_5=4
room_fc_beach_lag_5=4
room_fc_closets_in_room_lag_5=4
room_fc_private_bathroom_lag_5=4
room_fc_breakfast_included_lag_5=4
is_eid_month=3
price_lag_36_lag_5=3
prop_type_bedAndBreakfast_lag_5=3
room_fc_scuba_or_snorkeling_lag_5=3
room_cfg_unitAllocation_perbooking_lag_5=2
room_cfg_roomType_twin_lag_5=2
room_fc_bicycle_lag_5=2
room_fc_bed_single_lag_5=2
reference_PAM228132_lag_5=1
room_cfg_overbookingProtection_room_lag_5=1
room_fc_restaurant_lag_5=1
room_fc_cycling_lag_5=1
room_fc_bathroom_lag_5=1
room_fc_tv_hd_32_plus_lag_5=1
room_fc_cleaning_possible_lag_5=1
room_fc_luxory_linen_lag_5=1
room_cfg_roomType_twindouble_lag_5=1

parameters:
[boosting: gbdt]
[objective: regression]
[metric: rmse]
[tree_learner: serial]
[device_type: cpu]
[data_sample_strategy: bagging]
[data: ]
[valid: ]
[num_iterations: 468]
[learning_rate: 0.0167612]
[num_leaves: 11]
[num_threads: 0]
[seed: 222]
[deterministic: 0]
[force_col_wise: 0]
[force_row_wise: 0]
[histogram_pool_size: -1]
[max_depth: 4]
[min_data_in_leaf: 24]
[min_sum_hessian_in_leaf: 4.17241]
[bagging_fraction: 0.714996]
[pos_bagging_fraction: 1]
[neg_bagging_fraction: 1]
[bagging_freq: 8]
[bagging_seed: 1801]
[bagging_by_query: 0]
[feature_fraction: 0.894054]
[feature_fraction_bynode: 0.54124]
[feature_fraction_seed: 3308]
[extra_trees: 1]
[extra_seed: 31563]
[early_stopping_round: 0]
[early_stopping_min_delta: 0]
[first_metric_only: 0]
[max_delta_step: 0]
[lambda_l1: 0.522501]
[lambda_l2: 0.00621722]
[linear_lambda: 0]
[min_gain_to_split: 9.41755e-06]
[drop_rate: 0.152798]
[max_drop: 36]
[skip_drop: 0.83427]
[xgboost_dart_mode: 0]
[uniform_drop: 0]
[drop_seed: 22156]
[top_rate: 0.2]
[other_rate: 0.1]
[min_data_per_group: 100]
[max_cat_threshold: 32]
[cat_l2: 10]
[cat_smooth: 10]
[max_cat_to_onehot: 4]
[top_k: 20]
[monotone_constraints: ]
[monotone_constraints_method: basic]
[monotone_penalty: 0]
[feature_contri: ]
[forcedsplits_filename: ]
[refit_decay_rate: 0.9]
[cegb_tradeoff: 1]
[cegb_penalty_split: 0]
[cegb_penalty_feature_lazy: ]
[cegb_penalty_feature_coupled: ]
[path_smooth: 18.6906]
[interaction_constraints: ]
[verbosity: -1]
[saved_feature_importance_type: 0]
[use_quantized_grad: 0]
[num_grad_quant_bins: 4]
[quant_train_renew_leaf: 0]
[stochastic_rounding: 1]
[linear_tree: 0]
[max_bin: 111]
[max_bin_by_feature: ]
[min_data_in_bin: 3]
[bin_construct_sample_cnt: 200000]
[data_random_seed: 763]
[is_enable_sparse: 1]
[enable_bundle: 1]
[use_missing: 1]
[zero_as_missing: 0]
[feature_pre_filter: 1]
[pre_partition: 0]
[two_round: 0]
[header: 0]
[label_column: ]
[weight_column: ]
[group_column: ]
[ignore_column: ]
[categorical_feature: 0,1]
[forcedbins_filename: ]
[precise_float_parser: 0]
[parser_config_file: ]
[objective_seed: 4930]
[num_class: 1]
[is_unbalance: 0]
[scale_pos_weight: 1]
[sigmoid: 1]
[boost_from_average: 1]
[reg_sqrt: 0]
[alpha: 0.723463]
[fair_c: 1]
[poisson_max_delta_step: 0.7]
[tweedie_variance_power: 1.5]
[lambdarank_truncation_level: 30]
[lambdarank_norm: 1]
[label_gain: ]
[lambdarank_position_bias_regularization: 0]
[eval_at: ]
[multi_error_top_k: 1]
[auc_mu_weights: ]
[num_machines: 1]
[local_listen_port: 12400]
[time_out: 120]
[machine_list_filename: ]
[machines: ]
[gpu_platform_id: -1]
[gpu_device_id: -1]
[gpu_use_dp: 0]
[num_gpu: 1]

end of parameters

pandas_categorical:[[350455, 350464, 354680, 354681, 354682, 354683, 359135, 359136, 359142, 370147, 370148, 370149, 381255, 416397, 416398, 416400, 431070, 431071, 431095, 462631, 462632, 462634, 500275, 502851, 9370150], [158986.0, 158990.0, 161014.0, 163277.0, 169082.0, 174792.0, 193394.0, 201589.0]]
