tree
version=v4
num_class=1
num_tree_per_iteration=1
label_index=0
max_feature_idx=226
objective=regression
feature_names=roomId propertyId year month total_capacity_nights quarter season_strength is_peak_season is_eid_month is_major_holiday_month month_sin month_cos is_recent_lag_missing dynamic_anchor_price anchor_age_months is_fallback_anchor room_cfg_unitAllocation_perbooking_lag_8 room_fc_beach_front_lag_8 room_fc_baggage_storage_lag_8 qty_lag_8 room_fc_separate_toilet_area_lag_8 room_cfg_include_in_reports_lag_8 room_fc_car_available_lag_8 prop_checkin_start_min_lag_8 num_of_nights_lag_9_lag_8 reference_PAM228132_lag_8 inflation_rate_lag_8 room_cfg_roomType_villa_lag_8 range_booking_arrival_lag_19_lag_8 room_cfg_roomType_double_lag_8 arrivalTime_16_3_lag_8 arrivalTime___lag_8 custom1_Paid_by_OTA_Auto_Adjusted_lag_8 ch_enabled_ratio_lag_8 commission_lag_9_lag_8 room_fc_dining_room_seats_lag_8 custom1_Paid_OTA_lag_8 room_cfg_control_priority_lag_8 room_fc_airport_shuttle_lag_8 price_diff_1_lag_8 ch_connect_inventory_ratio_lag_8 ch_publish_ratio_lag_8 price_lag_10_lag_8 room_fc_desk_lag_8 price_vs_property_avg_lag_8 num_of_nights_lag_19_lag_8 leftover_rooms_lag_9_lag_8 cal_soldout_rate_lag_8 room_cfg_roomType_twin_lag_8 room_fc_beach_view_lag_8 prop_type_resort_lag_8 room_fc_refrigerator_lag_8 room_fc_kettle_lag_8 title_Honeymoon_decor_lag_8 room_fc_bicycle_lag_8 price_lag_19_lag_8 room_cfg_max_people_lag_8 room_fc_coffee_maker_lag_8 used_room_nights_lag_8_lag_8 title_Teman_kim_kasih_breakfast_lag_8 room_cfg_tax_percentage_lag_8 cal_numAvail_mean_lag_8 room_cfg_block_after_checkout_days_lag_8 price_roll_mean_6_lag_8 price_lag_24_lag_8 commission_lag_8_lag_8 title_RO_lag_8 channel_booking_lag_8 allowAutoAction_disable_lag_8 room_fc_bed_double_lag_8 room_cfg_overbookingProtection_room_lag_8 peak_price_interaction_lag_8 room_fc_iron_lag_8 cal_override_days_lag_8 room_cfg_overbookingProtection_property_lag_8 room_fc_satellite_lag_8 status_new_lag_8 price_yoy_historical_lag_8 room_cfg_roomType_triple_lag_8 room_fc_balcony_lag_8 ch_channel_count_lag_8 room_fc_minibar_lag_8 price_lag_12_lag_8 prop_type_hotel_lag_8 title_Twin_bed_lag_8 numChild_lag_19_lag_8 price_base_vs_anchor_lag_8 season_price_interaction_lag_8 room_cfg_cleaning_fee_lag_8 room_cfg_max_stay_lag_8 reference_45867993_marie_lag_8 apiSource_Booking_com_lag_8 leftover_rooms_lag_19_lag_8 subStatus_noShow_lag_8 voucher_geniuscm_lag_8 prop_type_guesthouse_lag_8 room_fc_bed_single_lag_8 room_fc_reception_24_hour_lag_8 reference_PAL643451_LUCAS_lag_8 allowCancellation__type_propertyDefault__lag_8 prop_checkin_end_min_lag_8 room_fc_towels_lag_8 room_cfg_restrictionStrategy_staythrough_lag_8 room_fc_linens_lag_8 price_lag_36_lag_8 price_roll_std_12_lag_8 price_roll_std_3_lag_8 room_fc_beach_lag_8 allowChannelUpdate_all_lag_8 price_lag_20_lag_8 prop_group_keywords_count_lag_8 room_fc_bedroom_lag_8 mask_flag_lag_8 room_fc_restaurant_lag_8 room_fc_tables_and_chairs_lag_8 price_roll_std_6_lag_8 room_cfg_max_children_lag_8 subStatus_walkin_lag_8 prop_type_bedAndBreakfast_lag_8 price_lag_9_lag_8 room_fc_toiletries_lag_8 room_fc_bath_toilet_lag_8 allowReview_default_lag_8 room_cfg_room_size_lag_8 price_zscore_property_lag_8 refererEditable_Booking_com_lag_8 room_fc_hangers_lag_8 cal_minStay_mean_lag_8 reference_YB7740043_lag_8 cal_numAvail_zero_days_lag_8 allowAutoAction_enable_lag_8 prop_vat_rate_lag_8 room_cfg_rack_rate_lag_8 room_cfg_units_count_lag_8 room_fc_safe_lag_8 room_cfg_min_stay_lag_8 cal_minStay_max_lag_8 cal_low_avail_rate_lag_8 room_fc_cleaning_included_lag_8 room_fc_cycling_lag_8 room_fc_wakeupcall_lag_8 room_fc_bathroom_lag_8 num_of_nights_lag_8_lag_8 cal_restrict_rate_lag_8 prop_latitude_lag_8 room_fc_deck_patio_uncovered_lag_8 prop_country_ID_lag_8 room_fc_bar_lag_8 room_fc_breakfast_in_room_lag_8 room_fc_room_soundproofed_lag_8 room_fc_air_conditioning_lag_8 room_fc_closets_in_room_lag_8 leftover_rooms_lag_8_lag_8 subStatus_none_lag_8 room_fc_hair_dryer_lag_8 room_fc_cable_lag_8 room_fc_garden_lag_8 room_fc_bath_shower_lag_8 room_fc_mountain_biking_lag_8 referer_Booking_com_lag_8 cal_maxStay_mean_lag_8 price_to_mean_ratio_lag_8 masterId_lag_8 room_fc_sitting_area_lag_8 room_cfg_qty_raw_lag_8 range_booking_arrival_lag_8_lag_8 cal_override_rate_lag_8 room_fc_tv_lag_8 room_fc_tv_hd_32_plus_lag_8 prop_longitude_lag_8 room_fc_private_bathroom_lag_8 room_fc_shampoo_lag_8 prop_type_bungalow_lag_8 room_fc_cleaning_possible_lag_8 cal_minStay_restrict_days_lag_8 price_lag_8_lag_8 room_cfg_feature_count_lag_8 arrivalTime_16_30_lag_8 room_cfg_has_unallocated_unit_lag_8 cal_multiplier_mean_lag_8 prop_booking_cutoff_hour_lag_8 ch_price_per_day_ratio_lag_8 prop_type_villa_lag_8 room_fc_luxory_linen_lag_8 room_fc_bath_or_shower_lag_8 groupNote_Room_Only__lag_8 room_cfg_tax_person_lag_8 numChild_lag_9_lag_8 cal_numAvail_std_lag_8 used_room_nights_lag_19_lag_8 cal_days_covered_lag_8 room_fc_wifi_lag_8 price_roll_mean_12_lag_8 room_cfg_security_deposit_lag_8 cal_numAvail_max_lag_8 cal_numAvail_low_days_lag_8 prop_feature_codes_count_lag_8 room_cfg_roomType_family_lag_8 room_fc_scuba_or_snorkeling_lag_8 cal_multiplier_max_lag_8 range_booking_arrival_lag_9_lag_8 commission_lag_19_lag_8 cancelTime_2024_08_05T03_15_10Z_lag_8 numChild_lag_8_lag_8 ch_connect_limited_ratio_lag_8 room_fc_laptop_friendly_lag_8 room_fc_breakfast_possible_lag_8 price_lag_13_lag_8 room_cfg_min_price_lag_8 reference_E5593226_ANNA_HUBER_lag_8 room_cfg_roomType_single_lag_8 room_fc_bathrobe_lag_8 room_cfg_roomType_quadruple_lag_8 room_fc_breakfast_included_lag_8 room_cfg_sell_priority_lag_8 used_room_nights_lag_9_lag_8 price_roll_mean_3_lag_8 cal_numAvail_min_lag_8 price_growth_1_lag_8 reference_EJ4657377__lag_8 prop_checkout_end_min_lag_8 room_cfg_roomType_bungalow_lag_8 room_cfg_roomType_twindouble_lag_8 subStatus_nonPayment_lag_8 room_cfg_max_adult_lag_8 status_confirmed_lag_8 room_fc_dining_area_lag_8
feature_infos=-1:7:6:8:4:5:13:0:1:2:3:17:18:11:14:15:16:9:10:25:20:22:19:21:24 -1:2:3:4:1:7:6:5:0 [2023:2026] [1:12] [28:372] [1:4] [0:3] [0:1] [0:1] [0:1] [-1:1] [-1:1] [0:1] [157090.63636363635:2305317.951388889] [8:36] [0:1] [1:1] [0:1] [0:1] [1:12] [0:1] [1:1] [0:1] [840:960] [1:33] [0:1] [-0.089999999999999997:5.4699999999999998] [0:0] [0.5:131.55555555555554] [0:1] [1:124] [0:0] [0:0] [0:0.33333333333333331] [0:3742200] [0:1] [1:124] [1:10] [0:1] [-498545.01124401903:596397.32620320842] [0:0.33333333333333331] [0:0.33333333333333331] [157091:2305317.951388889] [0:1] [0.38941145417812428:1.8334940960270587] [1.3333333333333333:6.2000000000000002] [-14:330] [0:1] [0:1] [0:1] [0:1] [0:1] [0:1] [0:0] [0:1] [200518.0476190476:2305317.951388889] [1:4] [0:1] [1:323] [0:0] [0:0] [0:9] [0:0] [157636:1678163.9472203236] [200518.0476190476:2305317.951388889] [0:3742200] [1:124] [1:124] [0:0] [0:1] [0:1] [0:1475507.1319444445] [0:1] [0:0] [0:1] [0:1] [0:117] [0.61051151092597156:2.4221381622892846] [0:1] [0:1] [3:3] [0:1] [157636:2305317.951388889] [0:1] [0:0] [0:0.55555555555555558] [0.51911602044236094:2.2420636682398709] [0:3639620.0119047621] [0:0] [365:365] [1:124] [1:124] [-2:330] [0:2] [1:124] [0:1] [0:1] [0:1] [0:1] [1:124] [1320:1440] [0:1] [1:1] [0:1] [200518.0476190476:1352440.8333333333] [891.05162472794814:441658.8040370114] [0:491841.03085042705] [0:1] [1:124] [200518.0476190476:2305317.951388889] [0:1] [0:1] [0:1] [0:1] [0:1] [891.05162472794814:446570.6805695474] [1:1] [0:1] [0:1] [157091:2305317.951388889] [0:1] [0:1] [1:124] [16:56] [-2.1431668809343072:2.9808510575505154] [1:124] [0:1] [1:1] [0:1] [0:11] [1:124] [0:0] [0:750000] [1:10] [0:1] [1:1] [1:1] [0:1] [0:1] [0:1] [0:1] [0:1] [1:33] [0:0] [-8.7094237000000003:-8.3455556000000009] [0:1] [1:1] [0:1] [0:1] [0:1] [0:1] [0:1] [-14:330] [1:124] [0:1] [0:1] [0:1] [0:1] [0:1] [1:124] [365:365] [0.59267933874293288:1.7221370158315843] [35385839:66217393.780418292] [0:1] [1:10] [0:143.02439024390245] [0:0] [0:1] [0:1] [115.446422:116.0865429] [0:1] [0:1] [0:1] [0:1] [0:0] [157091:2305317.951388889] [0:33] [0:1] [0:0] [1:1] [24:24] [0:0.33333333333333331] [0:1] [0:1] [0:1] [1:124] [0:0] [0:1] [0:2.8494806947731819] [4:345] [2:30] [0:1] [157636:1443326.5963634299] [0:0] [0:10] [0:30] [0:29] [0:0] [0:1] [1:1] [0:142.86666666666667] [40930.785714285717:1196943.4583333333] [1:124] [0:1] [0:0.33333333333333331] [0:1] [0:1] [157636:1926054.0909090908] [0:250000] [0:1] [0:1] [0:1] [0:1] [0:1] [5:5] [1:323] [157636:2019396.2532008681] [0:9] [-0.47173130647926914:0.82363977483610773] [0:1] [600:720] [0:1] [0:1] [0:0] [2:4] [0:103] [0:1]
tree_sizes=903 779 1145 953 1151 1172 1046 1135 1137 944 958 958 862 1049 1050 1046 859 1057 968 1128 876 1054 1059 868 1043 1152 1046 873 1132 1048 963 1147 1147 1142 1065 1063 1081 1043 1060 957 957 869 876 1059 875 1055 1050 857 1036 783 944 942 957 1069 953 960 1123 962 968 1149 1061 956 1145 871 972 982 1053 1166 1040 1053 1156 1058 966 968 1178 1143 795 877 782 1150 963 876 1058 975 885 972 882 971 1145 1151 956 1174 959 1142 968 882 1152 1078 1138 1055 873 885 1069 1059 972 896 884 888 801 789 1166 784 791 964 966 1060 790 1178 1059 869 877 958 1057 885 981 973 865 1164 1061 945 865 860 1050 772 781 1160 774 866 688 862 1026 960 692 960 1049 1005 962 1169 1092 891 1095 988 1070 698 790 788 1163 703 1161 1086 976 1068 972 1067 996 1073 896 879 1078 885 1061 958 970 815 881 875 956 869 989 696 693 952 952 1056 790 1087 903 875 970 974 884 893 979 962 1079 878 1179 1064 891 1142 779 987 1054 774 870 780 1054 965 1068 1073 1052 971 967 973 882 981 993 1070 992 788 1053 795 885 694 966 978 970 1160 1045 1062 1160 963 797 897 793 894 892 1078 886 903 787 1150 1140 874 1148 953 972 1051 896 817 1067 985 988 990 883 857 1005 873 1054 961 796 970 1058 810 1147 982 976 985 891 797 1076 880 977 907 1085 1168 883 808 1077 894 786 956 899 867 787 598 775 871 981 974 888 1074 1160 1068 892 872 975 886 887 982 977 977 972 906 794 975 972 701 959 968 982 1127 973 1071 818 815 884 797 1054 821 968 1065 964 967 700 976 824 702 881 1063 981 1042 879 767 889 873 889 1071 961 972 973 1087 1080 782 888 886 969 889 974 879 1181 972 975 1065 896 873 877 1138 1061 974 692 887 985 872 1066 987 782 952 702 959 780 890 806 1063 904 970 884 973 788 881 881 971 885 967 972 885 887 886 893 1086 894 904 891 875 987 972 1060 902 798 884 964 865 1053 771 774 791 598 677 981 803 968 793 964 818 887 1074 975 896 801 988 798 982 970 706 946 877 960 959 883 1147 1056 812 993 975 1071 973 790 792 702 886 894 803 907 801 799 902 1083 802 900 699 877 1069 903 876 877 801 995 887 915 705 1173 1101 902 901 978 788 977 882

Tree=0
num_leaves=9
num_cat=0
split_feature=2 110 12 106 12 133 224 203
split_gain=1.89332 0.993029 0.588795 0.576683 0.158664 0.514944 0.0996081 0.0154156
threshold=2023.5000000000002 1.0000000180025095e-35 1.0000000180025095e-35 208805.78290732935 1.0000000180025095e-35 2.5000000000000004 3.0000000000000004 0.19574468085106383
decision_type=2 10 2 8 2 10 10 10
left_child=2 4 -1 7 6 -6 -2 -3
right_child=1 3 -4 -5 5 -7 -8 -9
leaf_value=0.13364516826712741 0.12883216583445589 0.13060254895464435 0.13131578380461739 0.13253285384293137 0.13057455325420558 0.12871808227851556 0.12965425524565038 0.13040439826216987
leaf_weight=46 113 64 35 29 81 24 95 29
leaf_count=46 113 64 35 29 81 24 95 29
internal_value=0.130403 0.129993 0.132355 0.131067 0.129488 0.130011 0.129199 0.130543
internal_weight=516 435 81 122 313 105 208 93
internal_count=516 435 81 122 313 105 208 93
is_linear=0
shrinkage=1


Tree=1
num_leaves=7
num_cat=0
split_feature=2 49 12 144 14 77
split_gain=1.83344 0.737193 0.574341 0.349727 0.424622 0.112731
threshold=2023.5000000000002 1.0000000180025095e-35 1.0000000180025095e-35 -8.3530716999999992 18.000000000000004 0.94823275228918769
decision_type=2 10 2 8 2 10
left_child=2 3 -1 5 -5 -2
right_child=1 -3 -4 4 -6 -7
leaf_value=0.0032812280935529828 -0.00024478835804384914 0.0013586063082527788 0.00097871355252111261 -0.0013812407400778091 -0.00016543895048068375 0.00048559503435328683
leaf_weight=46 96 27 35 166 84 62
leaf_count=46 96 27 35 166 84 62
internal_value=8.66788e-05 -0.00031616 0.00200772 -0.0005337 -0.000908963 -3.56086e-05
internal_weight=516 435 81 408 250 158
internal_count=516 435 81 408 250 158
is_linear=0
shrinkage=0.0167612


Tree=2
num_leaves=11
num_cat=0
split_feature=110 165 2 185 120 40 10 13 50 218
split_gain=1.73376 1.18653 0.592898 0.278381 0.221259 0.15312 0.109906 0.069448 0.0904202 0.00106214
threshold=1.0000000180025095e-35 1.0357142857142858 2023.5000000000002 7.5000000000000009 1.0000000180025095e-35 1.0000000180025095e-35 0.25000000000000011 900858.57142857148 1.0000000180025095e-35 0.018489368120781318
decision_type=10 10 2 10 10 10 2 2 10 10
left_child=2 5 -1 6 -5 -2 -4 8 -3 -9
right_child=1 7 3 4 -6 -7 -8 9 -10 -11
leaf_value=0.00075598111315314383 0.0024581149527621825 0.0003146241466838395 -5.9501072402771385e-05 -0.0023859389444105534 -0.00097099793579937595 0.004230000631100744 -0.00081212996804627571 6.2700772094661744e-05 0.0011607235151034211 -4.0204107278360081e-05
leaf_weight=41 33 24 124 32 81 24 76 24 32 25
leaf_count=41 33 24 124 32 81 24 76 24 32 25
internal_value=8.71564e-05 0.00139312 -0.000522528 -0.000813386 -0.00142968 0.00302871 -0.000427048 0.000518667 0.000718624 0.000143213
internal_weight=516 162 354 313 113 57 200 105 56 49
internal_count=516 162 354 313 113 57 200 105 56 49
is_linear=0
shrinkage=0.0167612


Tree=3
num_leaves=9
num_cat=0
split_feature=2 110 12 13 185 11 3 55
split_gain=1.73352 0.911398 0.562569 0.492755 0.438162 0.362976 0.169998 0.121892
threshold=2023.5000000000002 1.0000000180025095e-35 1.0000000180025095e-35 493175.9652597403 13.500000000000002 -0.68301270189221952 4.5000000000000009 453750.00000000006
decision_type=2 10 2 2 10 2 2 10
left_child=2 3 -1 6 -3 -5 -2 -6
right_child=1 4 -4 5 7 -7 -8 -9
leaf_value=0.0032076987887203331 -0.00069087618568063871 0.0020957435338487453 0.00093098295795785552 -0.00047768862784695844 -0.0001066320578809415 -0.0019561944265975204 0.00018501406039404865 0.00071850621128183604
leaf_weight=46 66 24 35 38 47 110 99 51
leaf_count=46 66 24 35 38 47 110 99 51
internal_value=8.60284e-05 -0.000305199 0.00195423 -0.000789815 0.000723087 -0.00144888 -0.000193346 0.000310426
internal_weight=516 435 81 313 122 148 165 98
internal_count=516 435 81 313 122 148 165 98
is_linear=0
shrinkage=0.0167612


Tree=4
num_leaves=11
num_cat=0
split_feature=110 124 10 57 12 40 44 92 195 82
split_gain=1.63812 1.30651 0.409604 0.140963 0.150254 0.0859371 0.0625774 0.0607074 0.0444717 0.0247836
threshold=1.0000000180025095e-35 -1.692089297802583 -0.24999999999999994 1.0000000180025095e-35 1.0000000180025095e-35 1.0000000180025095e-35 0.73244492805275685 314.50000000000006 1.5000000000000002 656555.58531746047
decision_type=10 10 2 10 2 10 10 8 10 8
left_child=2 5 3 4 -1 -2 -3 -8 9 -4
right_child=1 6 8 -5 -6 -7 7 -9 -10 -11
leaf_value=-0.00056337997808786203 0.0025733700740690328 0.00077154393766652523 -0.00032407976255978567 0.00074913702011873793 0.00035918005196211231 0.0041844985012232053 0.00028823142498591296 -0.00038573009052736689 -0.0014415744450208322 -0.00083740602075015437
leaf_weight=73 33 27 25 32 43 24 54 24 62 119
leaf_count=73 33 27 25 32 43 24 54 24 62 119
internal_value=8.59812e-05 0.00135575 -0.000506151 1.86187e-05 -0.000118513 0.00305804 0.000434998 8.40863e-05 -0.000983682 -0.00075756
internal_weight=516 162 354 148 116 57 105 78 206 144
internal_count=516 162 354 148 116 57 105 78 206 144
is_linear=0
shrinkage=0.0167612


Tree=5
num_leaves=11
num_cat=1
split_feature=150 46 10 1 76 11 17 213 124 10
split_gain=1.25644 1.29088 0.79899 0.440703 0.148744 0.113308 0.112624 0.100933 0.0979241 0.1037
threshold=1.0000000180025095e-35 -1.0000000180025095e-35 1.0000000180025095e-35 0 7.5000000000000009 -0.24999999999999994 1.0000000180025095e-35 1.0000000180025095e-35 -0.87667896302988424 -1.0000000180025095e-35
decision_type=10 10 2 1 10 2 8 10 10 2
left_child=3 2 7 6 5 -5 -1 -2 -3 -10
right_child=1 8 -4 4 -6 -7 -8 -9 9 -11
leaf_value=-0.00034458671244546631 0.0027378364991490732 0.00057684103651521438 0.00085909118206780309 -0.00034760355791785058 -0.0021833032812263241 -0.0013496574180029174 0.00048037479502879713 0.0043788883852303928 5.4317950718661886e-05 -0.00063241527457536071
leaf_weight=46 36 30 41 47 28 72 58 25 70 63
leaf_count=46 36 30 41 47 28 72 58 25 70 63
internal_value=8.55379e-05 0.000853256 0.00216118 -0.000689562 -0.00123016 -0.00101095 -4.85012e-05 0.00333322 8.77747e-05 -0.000192779
internal_weight=516 265 102 251 147 119 104 61 163 133
internal_count=516 265 102 251 147 119 104 61 163 133
cat_boundaries=0 1
cat_threshold=144
is_linear=0
shrinkage=0.0167612


Tree=6
num_leaves=10
num_cat=0
split_feature=150 86 113 14 5 24 119 90 110
split_gain=1.21872 1.01985 0.549417 0.411747 0.279962 0.187121 0.0714713 0.0632894 0.040581
threshold=1.0000000180025095e-35 2.0086457024002047 1.0000000180025095e-35 18.000000000000004 1.5000000000000002 2.8708425720620849 940157.77604166686 12.500000000000002 1.0000000180025095e-35
decision_type=10 8 10 2 2 8 10 8 10
left_child=3 5 -3 4 -1 8 -7 -6 -2
right_child=1 2 -4 -5 7 6 -8 -9 -10
leaf_value=-0.0020129072997171022 -0.00069350471345574897 0.0014685372953490102 0.003682781838791848 2.3969467783001866e-05 -0.00023567228418946491 0.00084383753943288264 0.00021653480399168909 -0.0008683737607418356 -0.00013807143828567799
leaf_weight=54 46 68 24 78 37 68 28 82 31
leaf_count=54 46 68 24 78 37 68 28 82 31
internal_value=8.35276e-05 0.000839859 0.00208688 -0.000679594 -0.00115456 0.000147783 0.000540922 -0.000702211 -0.000367076
internal_weight=516 265 92 251 173 173 96 119 77
internal_count=516 265 92 251 173 173 96 119 77
is_linear=0
shrinkage=0.0167612


Tree=7
num_leaves=11
num_cat=0
split_feature=110 34 11 10 120 167 28 15 145 147
split_gain=1.51596 1.21824 0.41149 0.338069 0.1039 0.101303 0.0700139 0.0298822 0.0269151 0.0176792
threshold=1.0000000180025095e-35 36133.166666666679 -0.5 0.25000000000000011 1.0000000180025095e-35 1.0000000180025095e-35 78.575000000000017 1.0000000180025095e-35 1.0000000180025095e-35 1.0000000180025095e-35
decision_type=10 10 2 2 10 10 8 2 8 10
left_child=2 9 5 4 -4 7 -3 -1 -5 -2
right_child=1 6 3 8 -6 -7 -8 -9 -10 -11
leaf_value=-0.00024226677728703434 0.0025337771954510174 0.00064276884857625456 -0.0005951371416991351 -0.0020773490797126553 0.00012940626275260894 0.00075883338022079343 7.5082307637411107e-05 0.00019993957703571131 -0.0012030108049975463 0.0039311625855279466
leaf_weight=53 32 52 70 37 47 29 53 39 79 25
leaf_count=53 32 52 70 37 47 29 53 39 79 25
internal_value=8.25935e-05 0.00130458 -0.000486376 -0.000905042 -0.000303003 0.000129152 0.000412541 2.18079e-05 -0.00150459 0.00294818
internal_weight=516 162 354 233 117 121 105 92 116 57
internal_count=516 162 354 233 117 121 105 92 116 57
is_linear=0
shrinkage=0.0167612


Tree=8
num_leaves=11
num_cat=0
split_feature=110 34 10 162 52 28 132 7 203 216
split_gain=1.35572 1.21297 0.255175 0.260971 0.0913232 0.0783371 0.073844 0.0337345 0.0251837 0.0240047
threshold=1.0000000180025095e-35 101836.50000000001 1.0000000180025095e-35 59122740.706445239 1.0000000180025095e-35 52.250000000000007 485000.00000000006 1.0000000180025095e-35 0.084039548022598873 1334492.2753692383
decision_type=10 10 2 8 10 8 8 2 8 8
left_child=2 -2 3 4 -1 -3 9 -5 -7 -4
right_child=1 5 6 7 -6 8 -8 -9 -10 -11
leaf_value=0.00010922585351186829 0.0028040355705811417 0.00053855987846112782 -0.00096116790823045793 -0.00025531799659079727 0.00096318271813061154 -6.3162869099419604e-05 -0.0006473652446859848 -0.00097948496470715929 -0.00046603947824586355 -0.0019049710682585818
leaf_weight=53 56 45 36 40 34 25 100 52 27 37
leaf_count=53 56 45 36 40 34 25 100 52 27 37
internal_value=0 0.00117789 -0.000547501 -0.000120796 0.000418953 0.000242524 -0.000995242 -0.000643224 -0.000147648 -0.00144124
internal_weight=505 153 352 179 87 97 173 92 52 73
internal_count=505 153 352 179 87 97 173 92 52 73
is_linear=0
shrinkage=0.0167612


Tree=9
num_leaves=9
num_cat=0
split_feature=150 105 13 6 41 46 112 6
split_gain=0.848161 0.944659 0.704096 0.622363 0.226904 0.140734 0.126283 0.122752
threshold=1.0000000180025095e-35 6048.1735704444754 203181.85000000003 1.5000000000000002 1.0000000180025095e-35 27.500000000000004 1.0000000180025095e-35 1.5000000000000002
decision_type=10 10 2 2 10 10 8 2
left_child=2 3 -1 -2 5 -3 -4 -6
right_child=1 4 6 -5 7 -7 -8 -9
leaf_value=0.0008355943601791486 0.0010597706635881922 0.0009078783311388468 -0.00033390574588594942 0.0034341774594761672 -0.0010839108648440354 9.148683520095104e-05 -0.0012661970908569443 -0.00024733034061436937
leaf_weight=29 47 61 40 30 47 49 177 25
leaf_count=29 47 61 40 30 47 49 177 25
internal_value=0 0.000625334 -0.000657148 0.00193349 5.82381e-05 0.000426781 -0.0010485 -0.000578153
internal_weight=505 259 246 77 182 110 217 72
internal_count=505 259 246 77 182 110 217 72
is_linear=0
shrinkage=0.0167612


Tree=10
num_leaves=9
num_cat=0
split_feature=54 110 187 195 125 13 207 126
split_gain=0.741131 0.560354 0.500412 0.227342 0.220878 0.374525 0.144344 0.0760794
threshold=1.0000000180025095e-35 1.0000000180025095e-35 0.17902930402930403 1.5000000000000002 28.500000000000004 433391.55702811241 883492.68135281396 1.0000000180025095e-35
decision_type=10 10 8 10 8 2 8 10
left_child=1 4 -2 6 7 -6 -3 -1
right_child=2 3 -4 -5 5 -7 -8 -9
leaf_value=-0.00033343774813732234 0.00062675753735863917 0.00057462970214107716 0.0027272011162290705 0.00023121276655668028 -0.00019387486710358663 -0.0014841742773303735 0.0019591827551169345 0.00030042605805535015
leaf_weight=74 24 26 29 37 104 111 37 63
leaf_count=74 24 26 29 37 104 111 37 63
internal_value=0 -0.000216629 0.00143156 0.000688924 -0.000541132 -0.00086747 0.00131373 -6.49626e-05
internal_weight=505 452 53 100 352 215 63 137
internal_count=505 452 53 100 352 215 63 137
is_linear=0
shrinkage=0.0167612


Tree=11
num_leaves=9
num_cat=0
split_feature=110 200 10 52 201 47 10 176
split_gain=1.24258 1.15043 0.489305 0.250929 0.0898212 0.0492302 0.0374355 0.0251966
threshold=1.0000000180025095e-35 1.2219512195121953 0.25000000000000011 1.0000000180025095e-35 312911.64165931166 1.0000000180025095e-35 -0.6830127018922193 15.000000000000002
decision_type=10 10 2 10 10 10 2 8
left_child=2 6 3 7 -3 -4 -2 -1
right_child=1 4 5 -5 -6 -7 -8 -9
leaf_value=-0.00011749385219237554 0.0037278545591358709 -0.00017636950154871389 -0.0010273538287132766 0.0007804635762605226 0.00055493341966422521 -0.0019224368538830242 0.0022877537947308861 -0.00043306469368341126
leaf_weight=31 25 51 120 45 48 24 29 132
leaf_count=31 25 51 120 45 48 24 29 132
internal_value=0 0.0011301 -0.000521589 -4.30048e-05 0.000239139 -0.00121494 0.00274254 -0.000312368
internal_weight=505 153 352 208 99 144 54 163
internal_count=505 153 352 208 99 144 54 163
is_linear=0
shrinkage=0.0167612


Tree=12
num_leaves=8
num_cat=0
split_feature=110 161 3 132 9 189 67
split_gain=1.20364 0.959901 0.201522 0.121469 0.0903106 0.0225066 0.0185761
threshold=1.0000000180025095e-35 0.66030560861237442 2.5000000000000004 390000.00000000006 1.0000000180025095e-35 66.000000000000014 17.500000000000004
decision_type=10 10 2 10 2 10 8
left_child=2 -2 -1 4 -4 -3 -5
right_child=1 5 3 6 -6 -7 -8
leaf_value=-0.001286207160292475 0.0026714749331817307 9.9835734510087866e-05 -0.00029898993468250223 0.00034928428918689492 -0.001044109535815012 0.00042549201568781582 3.5038549516737634e-05
leaf_weight=55 49 47 176 40 50 57 31
leaf_count=55 49 47 176 40 50 57 31
internal_value=0 0.0011128 -0.000512767 -0.000334817 -0.000513886 0.000350887 9.31532e-05
internal_weight=505 153 352 297 226 104 71
internal_count=505 153 352 297 226 104 71
is_linear=0
shrinkage=0.0167612


Tree=13
num_leaves=10
num_cat=0
split_feature=110 115 185 11 7 58 67 77 43
split_gain=1.17002 0.925685 0.196466 0.155122 0.140354 0.065124 0.0302783 0.0292597 0.00817436
threshold=1.0000000180025095e-35 17148.169836296693 26.500000000000004 -0.68301270189221952 1.0000000180025095e-35 106.50000000000001 71.500000000000014 1.1437480383584149 1.0000000180025095e-35
decision_type=10 10 8 2 2 8 8 10 10
left_child=2 -2 4 -4 8 -3 -5 -7 -1
right_child=1 5 3 6 -6 7 -8 -9 -10
leaf_value=-0.00054695349372605839 0.0026745075963779397 -2.7853901826756382e-05 -0.0002128516382035307 -0.0015144403875548085 0.00061280069177184482 0.00080284476253491394 -0.00081393320359026203 0.00017017940848624327 -0.00011689465967068508
leaf_weight=31 46 28 53 51 32 40 115 39 70
leaf_count=31 46 28 53 51 32 40 115 39 70
internal_value=0 0.0010972 -0.00050551 -0.000816426 -6.22864e-05 0.000378752 -0.00107345 0.000525278 -0.000302221
internal_weight=505 153 352 219 133 107 166 79 101
internal_count=505 153 352 219 133 107 166 79 101
is_linear=0
shrinkage=0.0167612


Tree=14
num_leaves=10
num_cat=0
split_feature=110 200 11 45 3 52 64 90 24
split_gain=1.13503 1.14575 0.365699 0.165204 0.193943 0.11632 0.0623453 0.0193462 0.00788733
threshold=1.0000000180025095e-35 1.0540540540540542 1.0000000180025095e-35 2.2817460317460321 4.5000000000000009 1.0000000180025095e-35 271029.22297297302 14.500000000000002 3.0427272727272734
decision_type=10 10 2 10 2 10 10 10 10
left_child=2 -2 5 4 -4 7 8 -1 -3
right_child=1 6 3 -5 -6 -7 -8 -9 -10
leaf_value=-6.8395702452272143e-05 0.0027159058663946971 -4.4288460558529472e-05 -0.0018289479383104658 -0.0004272736578468486 -0.00064796783973042197 0.00052873754020730938 0.00048323418216772841 -0.00052543576993912861 -0.00033047519334202891
leaf_weight=105 52 32 76 26 70 46 45 29 24
leaf_count=105 52 32 76 26 70 46 45 29 24
internal_value=0 0.00108148 -0.000497025 -0.00102164 -0.00127931 -4.67545e-05 0.000211774 -0.000227035 -0.000120114
internal_weight=505 153 352 172 146 180 101 134 56
internal_count=505 153 352 172 146 180 101 134 56
is_linear=0
shrinkage=0.0167612


Tree=15
num_leaves=10
num_cat=0
split_feature=110 187 11 13 76 51 201 153 55
split_gain=1.10125 0.924896 0.352865 0.157561 0.136041 0.0688583 0.0657595 0.0425465 0.0163306
threshold=1.0000000180025095e-35 0.54206349206349225 1.0000000180025095e-35 442025.32291666669 8.5000000000000018 1.0000000180025095e-35 166465.48000000001 71.500000000000014 921394.26964285725
decision_type=10 8 2 2 8 10 10 8 8
left_child=2 6 4 -3 5 -1 -2 -6 -4
right_child=1 3 8 -5 7 -7 -8 -9 -10
leaf_value=0.00018428046403465669 -9.3593997201193185e-05 0.0036367978927221364 -0.00047548101306805405 0.0019025567431813491 -0.00073438973437210805 0.00081424761982383553 0.00050121871039943361 -8.1934129836341919e-05 -0.0011605360517979368
leaf_weight=26 44 25 28 28 32 49 56 73 144
leaf_count=26 44 25 28 28 32 49 56 73 144
internal_value=0 0.00106649 -0.000488273 0.00253443 -4.59312e-05 0.000440629 0.000273884 -0.000337484 -0.00100361
internal_weight=505 153 352 53 180 75 100 105 172
internal_count=505 153 352 53 180 75 100 105 172
is_linear=0
shrinkage=0.0167612


Tree=16
num_leaves=8
num_cat=0
split_feature=2 13 110 156 45 4 82
split_gain=1.38158 0.6928 0.533043 0.349365 0.160124 0.134451 0.0271952
threshold=2023.5000000000002 356883.9378531074 1.0000000180025095e-35 1.0000000180025095e-35 2.5742753623188412 122.00000000000001 1099691.3542424247
decision_type=2 2 10 8 10 2 8
left_child=5 3 4 -2 -3 -1 -4
right_child=1 2 6 -5 -6 -7 -8
leaf_value=0.0011120039380374737 5.3188579024643241e-05 -0.0014505815488397651 0.00032628803335637614 0.0014636448088095788 -0.00054787048484005439 0.0024212480815824782 -2.2831638279631913e-05
leaf_weight=46 43 187 65 53 24 44 25
leaf_count=46 43 187 65 53 24 44 25
internal_value=5.80317e-06 -0.000387996 -0.000795141 0.000606333 -0.00125138 0.00159239 1.84254e-05
internal_weight=487 397 301 96 211 90 90
internal_count=487 397 301 96 211 90 90
is_linear=0
shrinkage=0.0167612


Tree=17
num_leaves=10
num_cat=0
split_feature=110 58 36 137 105 51 130 64 215
split_gain=0.83912 0.529544 0.236296 0.192905 0.153571 0.204115 0.0884273 0.0482919 0.000761461
threshold=1.0000000180025095e-35 16.500000000000004 13.500000000000002 1.0000000180025095e-35 84866.74865303612 1.0000000180025095e-35 28.500000000000004 271029.22297297302 118.00000000000001
decision_type=10 10 8 10 10 10 8 10 10
left_child=2 -2 4 6 5 -1 -4 8 -3
right_child=1 7 3 -5 -6 -7 -8 -9 -10
leaf_value=0.00020320496203371445 0.0020896746727302185 -4.3052473925673805e-05 3.0001860025171301e-05 -0.0014805434656212019 -0.00035725456419863626 0.0014521195438685335 -0.00056927091410210692 0.00055154729462324789 3.0798144774676363e-05
leaf_weight=39 54 26 24 46 32 25 177 40 24
leaf_count=39 54 26 24 46 32 25 177 40 24
internal_value=6.70565e-06 0.000977417 -0.000405724 -0.000692268 0.000114512 0.000627216 -0.000444622 0.000319817 7.03451e-05
internal_weight=487 144 343 247 96 64 201 90 50
internal_count=487 144 343 247 96 64 201 90 50
is_linear=0
shrinkage=0.0167612


Tree=18
num_leaves=9
num_cat=0
split_feature=110 58 10 26 11 41 41 189
split_gain=0.814921 0.510012 0.292525 0.164998 0.162526 0.100598 0.0725915 0.0341611
threshold=1.0000000180025095e-35 54.500000000000007 0.68301270189221941 2.1250000000000004 -0.24999999999999994 1.0000000180025095e-35 1.0000000180025095e-35 266.00000000000006
decision_type=10 10 2 10 2 10 8 8
left_child=2 -2 4 -4 5 -1 -6 -3
right_child=1 7 3 -5 6 -7 -8 -9
leaf_value=4.430028771302679e-05 0.0020342295398630521 0.00044247547382553036 -0.00043765356754127481 -0.0017685456318831179 -0.00015676357967942502 0.00079925618518588988 -0.00072021300689767941 6.1706093680428725e-05
leaf_weight=85 56 50 33 49 38 36 102 38
leaf_count=85 56 50 33 49 38 36 102 38
internal_value=6.73407e-06 0.000963561 -0.000399451 -0.00114842 -0.000125625 0.000245767 -0.000475482 0.000299473
internal_weight=487 144 343 82 261 121 140 88
internal_count=487 144 343 82 261 121 140 88
is_linear=0
shrinkage=0.0167612


Tree=19
num_leaves=11
num_cat=0
split_feature=2 41 11 17 206 90 165 34 97 19
split_gain=1.29994 0.352546 0.384301 0.245526 0.208472 0.158899 0.104147 0.0586468 0.0036002 0.000144985
threshold=2023.5000000000002 1.0000000180025095e-35 -0.5 1.0000000180025095e-35 1.0000000180025095e-35 71.500000000000014 66.15151515151517 449820.75714285724 1.0000000180025095e-35 1.0000000180025095e-35
decision_type=2 8 2 10 10 8 8 8 10 10
left_child=4 3 9 7 -1 -4 -5 -2 -6 -3
right_child=1 2 5 6 8 -7 -8 -9 -10 -11
leaf_value=0.0026621280031566834 -5.6532483245452287e-05 -3.9172491322253041e-05 -0.0019441963454924873 0.00035668854557951779 0.0013195379860759992 -0.00082168176625436757 0.0014206876107557328 -0.00055297090911004003 0.00059012026779828915 9.2829746067086882e-06
leaf_weight=27 54 53 59 25 39 85 34 59 24 28
leaf_count=27 54 53 59 25 39 85 34 59 24 28
internal_value=7.06433e-06 -0.000374389 -0.000801406 8.8008e-05 0.00154644 -0.00129949 0.000833786 -0.000219864 0.00116721 -0.000150252
internal_weight=487 397 225 172 90 144 59 113 63 81
internal_count=487 397 225 172 90 144 59 113 63 81
is_linear=0
shrinkage=0.0167612


Tree=20
num_leaves=8
num_cat=0
split_feature=17 46 26 43 203 120 9
split_gain=0.727287 0.601369 0.271364 0.18398 0.213657 0.130285 0.055385
threshold=1.0000000180025095e-35 2.5000000000000004 3.3750000000000004 1.0000000180025095e-35 0.43614130434782611 1.0000000180025095e-35 1.0000000180025095e-35
decision_type=10 10 10 10 8 8 2
left_child=2 -2 5 -4 -5 -1 -7
right_child=1 -3 3 4 -6 6 -8
leaf_value=-0.0012546418298553564 0.0024112126152310569 0.00032109045067988659 -0.00020726658280742789 0.00036920047982203565 0.0015056399407361372 -0.00020839167991875448 -0.00079189227184139866
leaf_weight=36 41 49 25 25 42 220 49
leaf_count=36 41 49 25 25 42 220 49
internal_value=8.00467e-06 0.00116288 -0.000272908 0.000344692 0.000863033 -0.000527386 -0.000375193
internal_weight=487 90 397 92 67 305 269
internal_count=487 90 397 92 67 305 269
is_linear=0
shrinkage=0.0167612


Tree=21
num_leaves=10
num_cat=0
split_feature=3 169 124 121 92 137 13 69 145
split_gain=0.714315 0.583724 0.375528 0.304554 0.0557787 0.0424783 0.0325585 0.0226709 0.0120914
threshold=5.5000000000000009 116.04047185 2.3911219304586715 1.0000000180025095e-35 38.500000000000007 1.0000000180025095e-35 427905.18238993717 1.0000000180025095e-35 1.0000000180025095e-35
decision_type=2 10 8 10 8 10 2 10 10
left_child=3 6 4 5 -3 -1 -2 -8 -5
right_child=1 2 -4 8 -6 -7 7 -9 -10
leaf_value=-0.00029021054154455779 -3.314770236569257e-05 0.00021407682221940541 0.0020444262214591481 -0.0018167541105522124 0.0006989243011098137 0.00020904828440415364 -0.00060519307272218208 -0.00013772524920606637 -0.00098651268526530277
leaf_weight=79 52 30 65 42 63 26 48 33 49
leaf_count=79 52 30 65 42 63 26 48 33 49
internal_value=6.21285e-06 0.000519272 0.00117652 -0.000693074 0.000557689 -0.000144056 -0.00012537 -0.000380893 -0.00135143
internal_weight=487 291 158 196 93 105 133 81 91
internal_count=487 291 158 196 93 105 133 81 91
is_linear=0
shrinkage=0.0167612


Tree=22
num_leaves=10
num_cat=0
split_feature=110 106 76 121 63 10 19 187 192
split_gain=0.738014 0.513658 0.231053 0.20828 0.206622 0.129515 0.0126557 0.00930697 0.00922588
threshold=1.0000000180025095e-35 152157.35363681652 3.5000000000000004 1.0000000180025095e-35 169329.45486111115 -0.24999999999999994 9.0000000000000018 0.090097402597402565 640067.82121813379
decision_type=10 8 8 10 10 2 8 8 10
left_child=2 7 4 6 -1 -3 -4 -2 -6
right_child=1 5 3 -5 8 -7 -8 -9 -10
leaf_value=0.00079840523593870452 -2.0635704021342761e-05 0.0026183019462146964 -0.00015987335822500542 -0.0014100869044877565 -0.00010345384811072389 0.0011909732251007264 -0.00040118752304344222 0.00022690973015063358 -0.00045884147937284419
leaf_weight=47 38 37 25 61 30 31 138 38 42
leaf_count=47 38 37 25 61 30 31 138 38 42
internal_value=6.01013e-06 0.000917316 -0.000379698 -0.000700297 6.94297e-05 0.00186109 -0.000373716 0.000181065 -0.000269506
internal_weight=487 144 343 224 119 68 163 76 72
internal_count=487 144 343 224 119 68 163 76 72
is_linear=0
shrinkage=0.0167612


Tree=23
num_leaves=8
num_cat=0
split_feature=110 218 11 43 41 67 218
split_gain=0.714722 0.396636 0.371333 0.253825 0.093184 0.0674926 0.0210704
threshold=1.0000000180025095e-35 0.35285310731221164 -0.5 1.0000000180025095e-35 1.0000000180025095e-35 7.5000000000000009 -0.044042094120502924
decision_type=10 8 2 8 10 8 10
left_child=2 6 4 -4 -1 -5 -2
right_child=1 -3 3 5 -6 -7 -8
leaf_value=3.8732153253200401e-05 7.1830186059707187e-05 0.001800996704892677 -0.0018328060032630766 -0.00020586390637481887 0.00077260711580042385 -0.00064917775624980011 0.00034411920593095349
leaf_weight=85 29 62 28 26 36 168 53
leaf_count=85 29 62 28 26 36 168 53
internal_value=5.61743e-06 0.00090268 -0.000373684 -0.000781106 0.000214876 -0.000544795 0.000262261
internal_weight=487 144 343 222 121 194 82
internal_count=487 144 343 222 121 194 82
is_linear=0
shrinkage=0.0167612


Tree=24
num_leaves=10
num_cat=0
split_feature=150 215 6 14 83 4 55 11 201
split_gain=0.807361 0.512533 0.848039 0.308027 0.200583 0.126288 0.086826 0.0403017 0.0216743
threshold=1.0000000180025095e-35 2.5000000000000004 1.5000000000000002 18.000000000000004 1.0000000180025095e-35 59.000000000000007 633232.58219954662 -1.0000000180025095e-35 362911.79166666669
decision_type=10 10 2 2 8 2 10 2 8
left_child=3 2 -2 4 7 -5 8 -1 -3
right_child=1 6 -4 5 -6 -7 -8 -9 -10
leaf_value=-0.00012204277796686314 0.00060858243580533267 -8.212282315095408e-05 0.0031345103912533128 0.00071541597204529306 -0.0014783908509776401 -0.00022302240741358612 0.00044245104988417411 -0.00059014342303214697 -0.0003758656018709195
leaf_weight=41 71 28 29 28 109 40 60 32 74
leaf_count=41 71 28 29 28 109 40 60 32 74
internal_value=0 0.000594853 0.00143502 -0.000648547 -0.00103077 -4.52343e-06 6.15313e-05 -0.000389758 -0.00020515
internal_weight=512 262 100 250 182 68 162 73 102
internal_count=512 262 100 250 182 68 162 73 102
is_linear=0
shrinkage=0.0167612


Tree=25
num_leaves=11
num_cat=1
split_feature=0 90 134 192 6 39 11 15 10 38
split_gain=0.853155 0.356345 0.320532 0.342184 0.232123 0.543458 0.216228 0.128183 0.125781 0.0978486
threshold=0 57.000000000000007 1.0000000180025095e-35 582471.08147721458 1.5000000000000002 -310772.17074592068 -0.24999999999999994 1.0000000180025095e-35 0.68301270189221941 1.0000000180025095e-35
decision_type=9 8 10 10 2 10 2 2 2 10
left_child=2 4 6 -4 -2 -6 -1 9 -8 -3
right_child=1 7 3 -5 5 -7 8 -9 -10 -11
leaf_value=-0.00051150052428021399 0.000591722547813424 -0.00088250695474866242 0.00093569212245492967 -0.00067100943198440948 0.0030871690956902854 0.00074275886751000832 -0.0012520715980146977 0.00044727171323703845 -0.0025554971458778496 -0.00017327872200383171
leaf_weight=65 112 46 30 42 27 34 61 40 27 28
leaf_count=65 112 46 30 42 27 34 61 40 27 28
internal_value=0 0.000550275 -0.000709709 -0.000134167 0.00104003 0.00178011 -0.00118674 3.04092e-05 -0.00171785 -0.000432865
internal_weight=512 287 225 72 173 61 153 114 88 74
internal_count=512 287 225 72 173 61 153 114 88 74
cat_boundaries=0 1
cat_threshold=34857016
is_linear=0
shrinkage=0.0167612


Tree=26
num_leaves=10
num_cat=0
split_feature=110 24 2 10 90 101 176 12 82
split_gain=1.02755 0.61213 0.384248 0.217695 0.132281 0.12742 0.110157 0.0573903 0.0138748
threshold=1.0000000180025095e-35 2.013513513513514 2023.5000000000002 0.25000000000000011 4.5000000000000009 1.0000000180025095e-35 1.0000000180025095e-35 1.0000000180025095e-35 538617.71186722198
decision_type=10 10 2 2 10 10 10 2 10
left_child=2 -2 7 5 -5 -4 -3 -1 -8
right_child=1 6 3 4 -6 -7 8 -9 -10
leaf_value=0.0009838798457609153 0.0022374723162324403 0.00073480639739528938 -0.00055117103358930889 -0.00068099533450605577 -0.001724318324219085 0.0002060080242547906 -0.00030743314557961696 0.00018243735129915307 -1.4179623859069074e-05
leaf_weight=28 53 49 121 71 70 43 25 26 26
leaf_count=28 53 49 121 71 70 43 25 26 26
internal_value=0 0.00101893 -0.000479175 -0.000739477 -0.00120056 -0.000315113 0.000369484 0.000436222 -3.39046e-05
internal_weight=512 153 359 305 141 164 100 54 51
internal_count=512 153 359 305 141 164 100 54 51
is_linear=0
shrinkage=0.0167612


Tree=27
num_leaves=8
num_cat=0
split_feature=110 34 9 13 120 109 44
split_gain=0.996364 0.610453 0.189589 0.298192 0.314761 0.0494345 0.0123552
threshold=1.0000000180025095e-35 36133.166666666679 1.0000000180025095e-35 249612.22396605703 1.0000000180025095e-35 682061.72530840815 0.76812000707810113
decision_type=10 10 2 2 10 10 10
left_child=2 -2 3 -1 -5 6 -3
right_child=1 5 -4 4 -6 -7 -8
leaf_value=0.00056285343192402984 0.0022433720735211102 0.00014745786782571719 -0.0011888926340669662 -0.00099781071350994841 -2.8870884742574605e-06 0.00059268889294208991 -0.0001713563623737357
leaf_weight=49 51 26 61 145 104 46 30
leaf_count=49 51 26 61 145 104 46 30
internal_value=0 0.00100462 -0.000470539 -0.000289869 -0.000525611 0.000372249 9.31515e-05
internal_weight=512 153 359 298 249 102 56
internal_count=512 153 359 298 249 102 56
is_linear=0
shrinkage=0.0167612


Tree=28
num_leaves=11
num_cat=0
split_feature=169 10 161 11 52 10 58 15 119 192
split_gain=0.791011 0.739401 0.615615 0.282895 0.150533 0.127302 0.0674028 0.061703 0.0300605 0.00491382
threshold=116.04047185 0.25000000000000011 0.9515007028763639 1.0000000180025095e-35 1.0000000180025095e-35 -1.0000000180025095e-35 264.00000000000006 1.0000000180025095e-35 1009339.2814828764 528569.66347105964
decision_type=10 2 10 2 10 2 8 2 8 10
left_child=3 2 -2 6 9 -5 -1 -8 -4 -3
right_child=1 4 8 5 -6 -7 7 -9 -10 -11
leaf_value=-0.00058711308885373394 0.0022836837083222072 -3.3202128784496194e-06 0.00049599172707776419 -0.00065054342690800662 -0.0008712366480935356 -0.0017419378396438588 -0.00015755197994346407 0.00044068711362457448 0.0001833959492692368 0.00014541782080349674
leaf_weight=25 73 30 59 56 49 64 46 48 27 35
leaf_count=25 73 30 59 56 49 64 46 48 27 35
internal_value=0 0.000570198 0.00128214 -0.000662502 -0.000236886 -0.00121415 -0.00013314 5.29944e-05 0.000448326 -8.64945e-06
internal_weight=512 273 159 239 114 120 119 94 86 65
internal_count=512 273 159 239 114 120 119 94 86 65
is_linear=0
shrinkage=0.0167612


Tree=29
num_leaves=10
num_cat=0
split_feature=110 124 2 13 101 115 12 171 5
split_gain=0.947145 0.534183 0.358957 0.254879 0.0706698 0.0698547 0.0539195 0.0401433 0.0319472
threshold=1.0000000180025095e-35 -1.3358818744224024 2023.5000000000002 583996.57073643419 1.0000000180025095e-35 184536.13072806213 1.0000000180025095e-35 1.0000000180025095e-35 1.5000000000000002
decision_type=10 10 2 2 8 8 2 10 2
left_child=2 7 6 4 -4 -5 -1 -2 -3
right_child=1 8 3 5 -6 -7 -8 -9 -10
leaf_value=0.00095547403228133732 0.0029479227157497108 0.00014922799912463487 -0.00070932000181624382 -0.00068583963446693411 -3.3069309277816619e-05 -0.001587878519118964 0.0001779031905147168 0.0016507930751720812 0.00044782922451226654
leaf_weight=28 24 26 34 51 136 84 26 29 74
leaf_count=28 24 26 34 51 136 84 26 29 74
internal_value=0 0.000980309 -0.000457933 -0.000709804 -0.000273695 -0.00121884 0.00042538 0.00212402 0.000369988
internal_weight=512 153 359 305 170 135 54 53 100
internal_count=512 153 359 305 170 135 54 53 100
is_linear=0
shrinkage=0.0167612


Tree=30
num_leaves=9
num_cat=0
split_feature=5 110 152 157 28 191 67 120
split_gain=0.74203 0.693966 0.724096 0.24687 0.0823194 0.0699717 0.132125 0.0322053
threshold=1.5000000000000002 1.0000000180025095e-35 1.0000000180025095e-35 1.0000000180025095e-35 43.352941176470587 1.0000000180025095e-35 27.500000000000004 1.0000000180025095e-35
decision_type=2 10 10 8 8 8 8 10
left_child=3 5 -3 -1 -4 -2 -7 -5
right_child=1 2 4 7 -6 6 -8 -9
leaf_value=-0.00038199506724304538 -0.00048763455966360027 0.0026070302857158071 0.00077684208554211682 -0.0019080401721518307 5.6946168121940197e-05 0.00051952789065841192 -0.00021372122486961457 -0.00098069921470821738
leaf_weight=30 59 47 27 54 45 71 139 40
leaf_count=30 59 47 27 54 45 71 139 40
internal_value=0 0.000338155 0.00128433 -0.000995131 0.000424551 -6.23019e-05 1.11819e-05 -0.00149008
internal_weight=512 388 119 124 72 269 210 94
internal_count=512 388 119 124 72 269 210 94
is_linear=0
shrinkage=0.0167612


Tree=31
num_leaves=11
num_cat=1
split_feature=0 5 185 9 34 6 58 12 18 204
split_gain=0.754225 0.552693 0.327804 0.306343 0.185687 0.508214 0.169187 0.100418 0.0707808 0.0607426
threshold=0 1.5000000000000002 49.500000000000007 1.0000000180025095e-35 40517.892857142862 1.5000000000000002 162.50000000000003 1.0000000180025095e-35 1.0000000180025095e-35 1.0000000180025095e-35
decision_type=9 2 8 2 10 2 8 2 10 8
left_child=1 9 4 6 5 -2 -3 8 -4 -1
right_child=2 3 7 -5 -6 -7 -8 -9 -10 -11
leaf_value=-0.001349929689716652 0.00075063645559458685 -0.00047445360249896013 -0.00074350644654978923 -0.0012654161955558544 0.00048697750271875842 0.0028814637397730739 0.00047395874687424118 0.00040603423133582511 -0.00013969640672449414 -0.0026393547014126532
leaf_weight=29 53 47 48 27 87 27 94 42 30 28
leaf_count=29 53 47 48 27 87 27 94 42 30 28
internal_value=0 -0.000663563 0.00052129 -0.000241932 0.0010064 0.00156574 4.54794e-05 4.51885e-05 -0.000363922 -0.00184648
internal_weight=512 225 287 168 167 80 141 120 78 57
internal_count=512 225 287 168 167 80 141 120 78 57
cat_boundaries=0 1
cat_threshold=34857016
is_linear=0
shrinkage=0.0167612


Tree=32
num_leaves=11
num_cat=0
split_feature=110 152 6 36 61 137 134 10 13 12
split_gain=0.495478 0.269672 0.180036 0.225413 0.162242 0.0973794 0.0608414 0.0578471 0.0418968 0.0334677
threshold=1.0000000180025095e-35 314.50000000000006 1.5000000000000002 31.500000000000004 1.7500000000000002 0.63333333333333341 1.0000000180025095e-35 0.25000000000000011 764346.80519480526 1.0000000180025095e-35
decision_type=10 8 2 8 8 10 10 2 2 2
left_child=2 5 4 6 -1 8 -4 -6 -2 -5
right_child=1 -3 3 9 7 -7 -8 -9 -10 -11
leaf_value=-0.0013376879434292188 0.00082645695637929395 0.0014806391100626768 0.0002558957683503552 -0.00086116073538412016 -0.00010250032714069271 -0.00031641783787638908 0.0011945245019886462 -0.00059648807032361244 0.00017626691773688351 -0.00020500971903009388
leaf_weight=70 31 43 28 34 58 32 25 103 31 28
leaf_count=70 31 43 28 34 58 32 25 103 31 28
internal_value=-0.000132132 0.000599937 -0.000468681 -6.55238e-05 -0.000737581 0.000161448 0.000639249 -0.000420576 0.000468622 -0.000512131
internal_weight=483 137 346 115 231 94 53 161 62 62
internal_count=483 137 346 115 231 94 53 161 62 62
is_linear=0
shrinkage=0.0167612


Tree=33
num_leaves=11
num_cat=0
split_feature=76 41 172 10 142 12 6 105 25 34
split_gain=0.495633 0.354397 0.350743 0.282932 0.34068 0.223901 0.119871 0.172384 0.0552781 0.0438139
threshold=10.500000000000002 1.0000000180025095e-35 1.0000000180025095e-35 1.0000000180025095e-35 2.6314814814814818 1.0000000180025095e-35 1.5000000000000002 29420.142673091959 1.0000000180025095e-35 507132.84790528234
decision_type=8 8 8 2 10 2 2 10 8 8
left_child=1 3 -2 4 -1 8 7 -3 -4 -5
right_child=2 6 5 9 -6 -7 -8 -9 -10 -11
leaf_value=0.0022604641900182726 -0.0017211266344348505 -0.00030884662278515894 -0.00024772839655081726 0.000447698782897891 0.00051706568841999249 0.00017367737200897547 0.00010517309694224171 -0.0013125448947134974 -0.0010297594604160775 -0.00014811252044012515
leaf_weight=48 41 24 38 26 34 78 37 38 81 38
leaf_count=48 41 24 38 26 34 78 37 38 81 38
internal_value=-0.000129551 0.000342247 -0.000648328 0.000859024 0.00145766 -0.000355738 -0.000231578 -0.000705428 -0.000751388 0.000194165
internal_weight=483 245 238 146 82 197 99 62 119 64
internal_count=483 245 238 146 82 197 99 62 119 64
is_linear=0
shrinkage=0.0167612


Tree=34
num_leaves=10
num_cat=0
split_feature=76 200 172 12 17 33 82 175 16
split_gain=0.546439 0.310802 0.308032 0.217721 0.158901 0.108045 0.0627858 0.0580041 0.0537142
threshold=6.5000000000000009 35.269480519480524 1.0000000180025095e-35 1.0000000180025095e-35 1.0000000180025095e-35 1.0000000180025095e-35 184295.25000000003 354915.27247899165 1.0000000180025095e-35
decision_type=8 8 8 2 10 10 10 10 10
left_child=1 5 -2 8 6 -1 -3 -6 -4
right_child=2 4 3 -5 7 -7 -8 -9 -10
leaf_value=-4.5417462049080707e-05 -0.0015790260855728458 0.00066792025903047699 -0.0010134642906415641 0.00017249791809944423 0.0021743918317415315 -0.00082467570591264884 0.00015148563405832272 0.00095354345222427761 -0.00024373261661216557
leaf_weight=42 52 71 81 78 24 34 39 24 38
leaf_count=42 52 71 81 78 24 34 39 24 38
internal_value=-0.000127082 0.000391852 -0.000649651 -0.000349692 0.000828575 -0.000228148 0.000467578 0.00151613 -0.000739268
internal_weight=483 234 249 197 158 76 110 48 119
internal_count=483 234 249 197 158 76 110 48 119
is_linear=0
shrinkage=0.0167612


Tree=35
num_leaves=10
num_cat=0
split_feature=10 134 175 121 40 194 76 76 200
split_gain=0.512806 0.37826 0.550322 0.223077 0.139002 0.0789082 0.0344475 0.0266379 0.0181582
threshold=0.25000000000000011 1.0000000180025095e-35 413308.91675589996 1.0000000180025095e-35 1.0000000180025095e-35 4.5000000000000009 17.500000000000004 4.5000000000000009 27.083333333333339
decision_type=2 10 10 10 10 10 8 8 10
left_child=1 5 -3 6 -5 7 -2 -1 -4
right_child=3 2 8 4 -6 -7 -8 -9 -10
leaf_value=-0.00012689034677846562 -7.1602073526620868e-06 0.0021306610852696302 -6.0363405583386915e-05 -0.0017108530390033377 -0.00049606657645311959 0.00033785059176930885 -0.00038046475461667124 -0.00044320777097453756 0.0003306940504199109
leaf_weight=27 41 45 34 69 29 30 70 111 27
leaf_count=27 41 45 34 69 29 30 70 111 27
internal_value=-0.000124946 0.000302215 0.00100751 -0.000712506 -0.00126576 -7.91962e-05 -0.000231826 -0.000310194 0.0002363
internal_weight=483 274 106 209 98 168 111 138 61
internal_count=483 274 106 209 98 168 111 138 61
is_linear=0
shrinkage=0.0167612


Tree=36
num_leaves=10
num_cat=1
split_feature=0 6 103 156 42 43 216 22 201
split_gain=0.425649 0.458162 0.25308 0.214575 0.0861918 0.0330676 0.0314441 0.0200262 0.000254449
threshold=0 1.5000000000000002 1.0000000180025095e-35 1.0000000180025095e-35 1850796.9524312897 1.0000000180025095e-35 219204.50000000003 1.0000000180025095e-35 325698.09615384619
decision_type=9 2 10 10 8 10 10 8 10
left_child=4 3 5 8 7 -3 -4 -1 -2
right_child=1 2 6 -5 -6 -7 -8 -9 -10
leaf_value=0.00042865276717593315 -0.0010995388373212891 -0.0003790076291506464 0.0016340667154110527 -0.00010818924334801123 0.0012027265118794445 2.9867845350941348e-05 0.00064728871771797163 0.00010999109748873689 -0.00050081939328587251
leaf_weight=25 197 47 24 34 50 27 27 28 24
leaf_count=25 197 47 24 34 50 27 27 28 24
internal_value=-0.000121507 -0.000383945 0.000282159 -0.000798077 0.000635424 -7.30564e-05 0.00105885 0.000274767 -0.00101857
internal_weight=483 380 125 255 103 74 51 53 221
internal_count=483 380 125 255 103 74 51 53 221
cat_boundaries=0 1
cat_threshold=2880
is_linear=0
shrinkage=0.0167612


Tree=37
num_leaves=10
num_cat=0
split_feature=10 169 115 220 50 15 119 13 124
split_gain=0.48749 0.366665 0.239456 0.210615 0.181291 0.129253 0.04713 0.0198948 0.0196087
threshold=0.25000000000000011 116.04047185 33177.237610925666 630.00000000000011 1.0000000180025095e-35 1.0000000180025095e-35 608187.50000000012 698348.21428571444 -0.1097871756060157
decision_type=2 10 10 10 8 2 8 2 10
left_child=1 5 3 -3 6 -1 -2 -6 -4
right_child=4 2 8 -5 7 -7 -8 -9 -10
leaf_value=-0.00065771774142801549 -0.00056651178101743758 0.00062680680679885726 0.00037407874774190232 0.002178487766793647 -4.6964782509143067e-05 0.00012455973634013174 -0.0014363755557207888 -0.0003397746025819154 8.7318273596690178e-05
leaf_weight=73 34 26 35 44 56 59 80 39 37
leaf_count=73 34 26 35 44 56 59 80 39 37
internal_value=-0.000117389 0.000298698 0.000862645 0.00149874 -0.000690713 -0.000192962 -0.00113645 -0.000187679 0.000260174
internal_weight=483 274 142 70 209 132 114 95 72
internal_count=483 274 142 70 209 132 114 95 72
is_linear=0
shrinkage=0.0167612


Tree=38
num_leaves=10
num_cat=0
split_feature=6 76 161 17 63 43 17 13 145
split_gain=0.383842 0.597492 0.260339 0.196769 0.179907 0.0950711 0.0413207 0.0860613 0.00302134
threshold=1.5000000000000002 12.500000000000002 1.0668045946238334 1.0000000180025095e-35 527239.47465277801 1.0000000180025095e-35 1.0000000180025095e-35 510944.7410714287 1.0000000180025095e-35
decision_type=2 8 10 8 8 10 10 2 10
left_child=3 2 -2 4 8 -6 7 -5 -1
right_child=1 -3 -4 6 5 -7 -8 -9 -10
leaf_value=-0.00019396035420880234 0.0019389391310209877 -0.00035063182402366664 0.00048541067246625394 -4.1808749600720827e-05 -0.0019127933716788846 -0.00085853324385172633 0.00026387401236458759 -0.0007278965891790633 -1.5539009736225618e-05
leaf_weight=24 61 71 31 64 25 96 53 28 30
leaf_count=24 61 71 31 64 25 96 53 28 30
internal_value=-0.000115229 0.000458707 0.00129051 -0.000448977 -0.000810419 -0.00116311 -5.12652e-05 -0.000200233 -0.000208379
internal_weight=483 163 92 320 175 121 145 92 54
internal_count=483 163 92 320 175 121 145 92 54
is_linear=0
shrinkage=0.0167612


Tree=39
num_leaves=9
num_cat=0
split_feature=3 101 106 17 12 43 11 109
split_gain=0.387725 0.302987 0.240297 0.184843 0.109674 0.0731935 0.0663109 0.0202281
threshold=6.5000000000000009 1.0000000180025095e-35 16486.457722871277 1.0000000180025095e-35 1.0000000180025095e-35 1.0000000180025095e-35 -0.5 1095129.5018820863
decision_type=2 10 10 10 2 8 2 8
left_child=3 4 -3 5 -2 -1 -7 -4
right_child=1 2 7 -5 -6 6 -8 -9
leaf_value=-0.001357370299800939 -0.00067248459874862424 0.0014508564845327541 0.00034756924456156207 7.1342130371797175e-05 8.2982544081514366e-05 -0.00016058744594722298 -0.00075670544503680134 1.717062426897947e-05
leaf_weight=43 57 67 32 35 48 49 115 37
leaf_count=43 57 67 32 35 48 49 115 37
internal_value=-0.000113979 0.000307558 0.000814227 -0.00056749 -0.000191608 -0.000795832 -0.000581591 0.000200184
internal_weight=483 241 136 242 105 207 164 69
internal_count=483 241 136 242 105 207 164 69
is_linear=0
shrinkage=0.0167612


Tree=40
num_leaves=9
num_cat=0
split_feature=169 26 6 142 3 101 26 148
split_gain=0.587922 0.242184 0.132513 0.264775 0.10828 0.130281 0.110008 0.0519876
threshold=116.05845900000001 1.9100000000000004 1.5000000000000002 2.6180344478216822 5.5000000000000009 1.0000000180025095e-35 1.9100000000000004 1.0000000180025095e-35
decision_type=10 10 2 10 2 10 10 10
left_child=4 -2 7 -4 6 -6 -1 -3
right_child=1 2 3 -5 5 -7 -8 -9
leaf_value=-0.00031055532218592563 0.0016466674721038995 0.00019291675152946074 0.0016508007875025107 0.00033639501576466 -0.00042985195977619919 0.00033152763432347067 -0.001268824857978568 -0.00040165595190742273
leaf_weight=59 32 66 32 25 135 50 65 26
leaf_count=59 32 66 32 25 135 50 65 26
internal_value=-6.38591e-06 0.000666696 0.000393191 0.000857642 -0.000443285 -0.000177613 -0.000818358 6.6392e-05
internal_weight=490 181 149 57 309 185 124 92
internal_count=490 181 149 57 309 185 124 92
is_linear=0
shrinkage=0.0167612


Tree=41
num_leaves=8
num_cat=0
split_feature=17 161 10 120 10 181 10
split_gain=0.530601 0.297181 0.243912 0.256272 0.183563 0.0923334 0.0328532
threshold=1.0000000180025095e-35 0.91478900589462186 0.25000000000000011 1.0000000180025095e-35 -0.24999999999999994 1.0000000180025095e-35 -0.5
decision_type=10 10 2 10 2 10 2
left_child=2 -2 3 6 -5 -4 -1
right_child=1 -3 5 4 -6 -7 -8
leaf_value=-0.00014055557281403267 0.0017491229928770233 0.0002629129358027689 -0.00029669913689975692 0.0010083031395581061 3.0889589668298207e-05 -0.0011164479219322716 -0.0007297505077732935
leaf_weight=68 49 47 71 79 31 91 54
leaf_count=68 49 47 71 79 31 91 54
internal_value=-5.49546e-06 0.000924044 -0.000285056 -6.99194e-06 0.000548856 -0.000748213 -0.000416247
internal_weight=490 96 394 232 110 162 122
internal_count=490 96 394 232 110 162 122
is_linear=0
shrinkage=0.0167612


Tree=42
num_leaves=8
num_cat=0
split_feature=110 106 36 11 200 119 5
split_gain=0.692986 0.232289 0.11435 0.0981367 0.0776661 0.0747162 0.0381978
threshold=1.0000000180025095e-35 184093.14535234761 4.5000000000000009 -0.24999999999999994 130.14444444444447 919756.52302631584 2.5000000000000004
decision_type=10 8 8 2 8 10 2
left_child=2 5 -1 4 -4 -2 -5
right_child=1 -3 3 6 -6 -7 -8
leaf_value=4.6624546952602363e-05 0.00058920778050273732 0.0015790412117027404 -0.00065323877017862996 -0.0011752561968236231 -1.5885694520903114e-05 -4.1410738103862608e-05 -0.00052283187786996018
leaf_weight=46 61 59 31 71 100 27 95
leaf_count=46 61 59 31 71 100 27 95
internal_value=-5.73664e-06 0.000836119 -0.000415613 -0.000562344 -0.00019299 0.000360463 -0.00082912
internal_weight=490 147 343 297 131 88 166
internal_count=490 147 343 297 131 88 166
is_linear=0
shrinkage=0.0167612


Tree=43
num_leaves=10
num_cat=0
split_feature=83 46 110 171 124 99 6 161 6
split_gain=0.37674 0.254413 0.265243 0.127575 0.120925 0.0913351 0.147401 0.0570719 0.0530563
threshold=1.0000000180025095e-35 1.5000000000000002 1.0000000180025095e-35 1.0000000180025095e-35 -0.32831065231821799 20.500000000000004 1.5000000000000002 1.0898970863733399 1.0000000180025095e-35
decision_type=8 10 10 10 10 8 2 10 2
left_child=1 2 -1 4 -3 6 -2 -5 -7
right_child=5 3 -4 7 -6 8 -8 -9 -10
leaf_value=0.0002827318871642644 -0.0004968361406340314 -0.00019196173075037572 0.0016505130570821833 0.00066580900291926819 -0.0011266024238796607 -0.0011474292054047936 0.0005946934253897218 0.00011346332116516176 -0.00044874997482036866
leaf_weight=46 35 29 58 48 26 40 28 36 144
leaf_count=46 35 29 58 48 26 40 28 36 144
internal_value=-4.88767e-06 0.000414211 0.000978574 4.90952e-05 -0.000489807 -0.000450639 -0.000103105 0.000332006 -0.000656213
internal_weight=490 243 104 139 55 247 63 84 184
internal_count=490 243 104 139 55 247 63 84 184
is_linear=0
shrinkage=0.0167612


Tree=44
num_leaves=8
num_cat=0
split_feature=150 58 5 28 126 26 76
split_gain=0.431541 0.209392 0.894956 0.196238 0.106863 0.0671473 0.244754
threshold=1.0000000180025095e-35 16.500000000000004 2.5000000000000004 55.380000000000003 1.0000000180025095e-35 2.6300000000000003 4.5000000000000009
decision_type=10 10 2 8 10 8 10
left_child=5 2 -2 -3 -5 -1 -7
right_child=1 3 -4 4 -6 6 -8
leaf_value=-0.00015704268997203332 -4.9314616634398534e-05 0.00063693214699300305 0.0022748650862311048 7.4157437769834412e-06 -0.00075064340155786373 -0.00035344707061738402 -0.0015895327341473046
leaf_weight=40 48 62 49 28 63 167 33
leaf_count=40 48 62 49 28 63 167 33
internal_value=-4.84201e-06 0.000432683 0.000980162 6.03719e-05 -0.000347377 -0.000493133 -0.000647402
internal_weight=490 250 97 153 91 240 200
internal_count=490 250 97 153 91 240 200
is_linear=0
shrinkage=0.0167612


Tree=45
num_leaves=10
num_cat=0
split_feature=110 106 6 122 28 66 191 24 9
split_gain=0.635881 0.246288 0.349965 0.143851 0.0452011 0.0363689 0.0354891 0.0270505 0.0145093
threshold=1.0000000180025095e-35 37014.608190965511 1.5000000000000002 15.500000000000002 35.498571428571431 28.500000000000004 1.0000000180025095e-35 2.8969938107869146 1.0000000180025095e-35
decision_type=10 10 2 8 8 10 10 8 2
left_child=3 2 -2 6 -3 8 -1 -8 -5
right_child=1 4 -4 5 -6 -7 7 -9 -10
leaf_value=-0.00023219132471168224 0.00074441617817075996 0.0005196234713212176 0.0026368478014255387 -0.00028470345687346053 2.0662517077181372e-05 -0.0010161023408071363 9.5603354389809612e-05 0.00048963615038577154 -0.00076201930744311747
leaf_weight=28 43 33 25 148 46 60 29 44 34
leaf_count=28 43 33 25 148 46 60 29 44 34
internal_value=-4.28604e-06 0.000801476 0.00149011 -0.000397628 0.000254839 -0.000628347 -2.96955e-05 0.00024394 -0.000454129
internal_weight=490 147 68 343 79 242 101 73 182
internal_count=490 147 68 343 79 242 101 73 182
is_linear=0
shrinkage=0.0167612


Tree=46
num_leaves=10
num_cat=0
split_feature=17 10 120 165 58 58 115 6 106
split_gain=0.465499 0.446232 0.265524 0.225072 0.144151 0.130247 0.0584647 0.0255144 0.0203192
threshold=1.0000000180025095e-35 -0.24999999999999994 1.0000000180025095e-35 5.6727272727272737 18.500000000000004 201.00000000000003 128907.46111320579 1.5000000000000002 71759.197347260764
decision_type=10 2 10 10 10 10 8 2 10
left_child=1 2 7 -2 -4 6 -3 -1 -5
right_child=3 5 4 8 -6 -7 -8 -9 -10
leaf_value=-4.8265412907067912e-05 0.0017363846863936725 -0.0003254014621544297 0.0016163807613183464 0.00048001056757362244 0.00038240824975218013 -0.00022325340898775469 -0.0010771989258541175 -0.00038190128184210247 0.00012831081728318622
leaf_weight=32 36 41 36 27 43 25 163 54 33
leaf_count=32 36 41 36 27 43 25 163 54 33
internal_value=-4.45137e-06 -0.000267365 0.000288508 0.000865188 0.000933935 -0.0007348 -0.000913722 -0.0001309 0.000354856
internal_weight=490 394 165 96 79 229 204 86 60
internal_count=490 394 165 96 79 229 204 86 60
is_linear=0
shrinkage=0.0167612


Tree=47
num_leaves=8
num_cat=0
split_feature=110 34 10 67 10 10 109
split_gain=0.602322 0.240366 0.311398 0.126377 0.188395 0.0312619 0.0278635
threshold=1.0000000180025095e-35 81011.666666666672 -0.6830127018922193 13.500000000000002 -0.5 -0.24999999999999994 429369.57520993066
decision_type=10 10 2 8 2 2 10
left_child=3 2 -2 5 -5 -1 -3
right_child=1 6 -4 4 -6 -7 -8
leaf_value=0.00029213694250868879 0.0026605491992867112 9.7938658397149554e-05 0.00071830949835848771 -0.00011647469812208484 -0.00089612638259296254 -0.00012927039401097881 0.00049370929162577404
leaf_weight=47 24 47 27 77 170 49 49
leaf_count=47 24 47 27 77 170 49 49
internal_value=-2.31911e-06 0.000781518 0.00158563 -0.000385617 -0.000596319 -3.63214e-05 0.000344219
internal_weight=490 147 51 343 247 96 96
internal_count=490 147 51 343 247 96 96
is_linear=0
shrinkage=0.0167612


Tree=48
num_leaves=10
num_cat=0
split_feature=134 105 10 86 5 207 6 63 76
split_gain=0.589311 0.491292 0.236117 0.247086 0.197324 0.191507 0.118406 0.0870173 0.0222542
threshold=1.0000000180025095e-35 36718.437481242989 -0.24999999999999994 0.99999999996433253 2.5000000000000004 493175.9652597403 1.5000000000000002 1214732.0243286674 8.5000000000000018
decision_type=10 10 2 8 2 10 2 8 8
left_child=2 4 8 -4 -2 -3 -7 -5 -1
right_child=1 5 3 7 -6 6 -8 -9 -10
leaf_value=0.00029161854710156072 0.00089605999468063608 -0.00058380992059422414 -0.00010603649272618179 -0.00044462464850965696 0.0024253994119567048 0.00012943870773659587 0.0010586097210399104 -0.0014080213186547156 -2.6422704448719161e-05
leaf_weight=35 36 43 31 30 37 49 32 112 80
leaf_count=35 36 43 31 30 37 49 32 112 80
internal_value=0 0.000653614 -0.000448409 -0.000833879 0.00158874 8.56147e-05 0.000468781 -0.00115829 -2.38897e-05
internal_weight=485 197 288 173 73 124 81 142 115
internal_count=485 197 288 173 73 124 81 142 115
is_linear=0
shrinkage=0.0167612


Tree=49
num_leaves=7
num_cat=0
split_feature=3 150 161 121 134 164
split_gain=0.959513 0.527579 0.383674 0.248964 0.20292 0.0297762
threshold=4.5000000000000009 1.0000000180025095e-35 1.0668045946238334 1.0000000180025095e-35 1.0000000180025095e-35 3.5000000000000004
decision_type=2 10 10 8 10 10
left_child=3 5 4 -1 -3 -2
right_child=1 2 -4 -5 -6 -7
leaf_value=-0.00028720821909746994 -0.00027339687322084711 0.00070868075051821371 0.00026637751613052709 -0.0013995547497679013 0.0021210388126546085 7.8287194569049123e-05
leaf_weight=43 118 30 59 117 85 33
leaf_count=43 118 30 59 117 85 33
internal_value=0 0.000504352 0.00110724 -0.000947967 0.0016595 -7.31133e-05
internal_weight=485 325 174 160 115 151
internal_count=485 325 174 160 115 151
is_linear=0
shrinkage=0.0167612


Tree=50
num_leaves=9
num_cat=0
split_feature=150 6 58 14 10 11 11 153
split_gain=0.612288 0.689258 0.461616 0.226641 0.229243 0.174204 0.0837055 0.0400401
threshold=1.0000000180025095e-35 1.5000000000000002 1.0000000180025095e-35 18.000000000000004 -0.24999999999999994 -1.0000000180025095e-35 -0.5 19.500000000000004
decision_type=10 2 10 2 2 2 2 10
left_child=3 6 -3 4 -1 -6 -2 -8
right_child=1 2 -4 -5 5 -7 7 -9
leaf_value=-0.00022182425635924787 0.00041819078002198437 0.0027530764207756167 0.00076742154945976253 -3.4769534425418821e-05 -0.00059281236610545397 -0.0018953495718530633 -6.7217960228105556e-05 -0.00046680348518161505
leaf_weight=60 44 37 51 60 37 67 48 81
leaf_count=60 44 37 51 60 37 67 48 81
internal_value=0 0.000523371 0.00156419 -0.000587699 -0.000933919 -0.00138466 4.07548e-05 -0.000239843
internal_weight=485 261 88 224 164 104 173 129
internal_count=485 261 88 224 164 104 173 129
is_linear=0
shrinkage=0.0167612


Tree=51
num_leaves=9
num_cat=0
split_feature=3 110 13 9 52 204 10 169
split_gain=0.630228 0.401665 0.375516 0.243377 0.164788 0.163218 0.0910477 0.0193131
threshold=3.5000000000000004 1.0000000180025095e-35 594221.79050711205 1.0000000180025095e-35 1.0000000180025095e-35 1.0000000180025095e-35 -0.5 116.05845900000001
decision_type=2 10 2 2 10 8 2 10
left_child=5 3 -3 4 -2 7 -4 -1
right_child=1 2 6 -5 -6 -7 -8 -9
leaf_value=-0.00057732820028769984 1.6760090543890297e-06 0.0020370427992748895 -1.8807889985873464e-06 -0.00087968611354730043 0.00082842091915712862 -0.0016196194523117413 0.00072734485098175327 -0.00016738967030850702
leaf_weight=34 158 45 33 39 51 50 42 33
leaf_count=34 158 45 33 39 51 50 42 33
internal_value=0 0.000335471 0.00104482 2.29118e-05 0.000187515 -0.00092266 0.000418233 -0.000462932
internal_weight=485 368 120 248 209 117 75 67
internal_count=485 368 120 248 209 117 75 67
is_linear=0
shrinkage=0.0167612


Tree=52
num_leaves=9
num_cat=0
split_feature=6 110 215 57 85 26 9 66
split_gain=0.589161 0.579035 0.56497 0.167204 0.140425 0.0908991 0.0422665 0.0385612
threshold=1.0000000180025095e-35 1.0000000180025095e-35 29.500000000000004 1.0000000180025095e-35 0.096302003081664103 2.7950000000000004 1.0000000180025095e-35 30.500000000000004
decision_type=2 10 10 10 8 10 2 10
left_child=4 3 -3 6 -1 -5 -2 -4
right_child=1 2 7 5 -6 -7 -8 -9
leaf_value=-0.0004076817533559486 -0.00019196523974077923 0.002270051327249016 3.5852153918610105e-05 0.00017783697621461588 -0.0013431901254264236 0.00093277153293634869 -0.00076772630693147962 0.00048407809914285369
leaf_weight=24 149 52 28 28 84 37 41 42
leaf_count=24 149 52 28 28 84 37 41 42
internal_value=0 0.000308555 0.00115624 -7.41479e-05 -0.000931174 0.000444251 -0.00035829 0.000348274
internal_weight=485 377 122 255 108 65 190 70
internal_count=485 377 122 255 108 65 190 70
is_linear=0
shrinkage=0.0167612


Tree=53
num_leaves=10
num_cat=1
split_feature=5 110 106 204 1 112 216 109 29
split_gain=0.598404 0.378663 0.247003 0.156395 0.151305 0.130327 0.0648989 0.0595614 0.00666886
threshold=1.5000000000000002 1.0000000180025095e-35 224108.33973693851 1.0000000180025095e-35 0 1.0000000180025095e-35 409484.29639628774 879774.28667027422 1.0000000180025095e-35
decision_type=2 10 8 8 1 10 10 8 10
left_child=3 4 7 6 5 -2 -1 -3 -6
right_child=1 2 -4 -5 8 -7 -8 -9 -10
leaf_value=-0.00013467418571797362 5.046541709936063e-05 0.00070816396751886964 0.0017583263440096224 -0.0015815684358667936 -0.00058079713283701242 0.00096581335508216879 -0.00070413179121001969 0.00013280259439487111 -0.00012269043403463417
leaf_weight=28 96 26 55 50 78 34 39 39 40
leaf_count=28 96 26 55 50 78 34 39 39 40
internal_value=0 0.000326453 0.00101518 -0.000899482 2.28789e-05 0.00030967 -0.000446622 0.000409911 -0.000385262
internal_weight=485 368 120 117 248 130 67 65 118
internal_count=485 368 120 117 248 130 67 65 118
cat_boundaries=0 1
cat_threshold=132
is_linear=0
shrinkage=0.0167612


Tree=54
num_leaves=9
num_cat=0
split_feature=6 134 200 85 45 137 20 87
split_gain=0.559646 0.599365 0.435029 0.57891 0.147339 0.0722591 0.0741218 0.0139744
threshold=1.0000000180025095e-35 1.0000000180025095e-35 42.87377450980393 0.40394736842105267 3.4087557603686638 1.0000000180025095e-35 1.0000000180025095e-35 757273.17613636388
decision_type=2 10 8 8 8 8 8 10
left_child=4 5 7 -4 -1 -2 -7 -3
right_child=1 2 3 -5 -6 6 -8 -9
leaf_value=-0.00037939495387290608 0.0001610046377463355 0.00024789766500054233 0.0006321240805462477 0.002573559113882165 -0.0013345859820468211 -0.0008507077960638351 -0.00014458908935169351 -9.6002472635279269e-05
leaf_weight=26 43 36 32 63 82 44 133 26
leaf_count=26 43 36 32 63 82 44 133 26
internal_value=0 0.000301136 0.00103334 0.00171438 -0.000907162 -0.000177552 -0.000374757 0.000239354
internal_weight=485 377 157 95 108 220 177 62
internal_count=485 377 157 95 108 220 177 62
is_linear=0
shrinkage=0.0167612


Tree=55
num_leaves=9
num_cat=0
split_feature=10 134 11 39 86 159 20 18
split_gain=0.757489 0.561763 0.500216 0.650115 0.243178 0.0600131 0.0496042 0.0214378
threshold=0.25000000000000011 1.0000000180025095e-35 0.6830127018922193 -168435.4166666666 0.97463695979102261 28.500000000000004 1.0000000180025095e-35 1.0000000180025095e-35
decision_type=2 10 2 10 8 10 8 10
left_child=1 5 3 -3 -2 6 -1 -6
right_child=4 2 -4 -5 7 -7 -8 -9
leaf_value=-0.00059943134074791186 -1.1605297378965286e-05 0.0031699454929351861 0.00034699099513321599 0.00084859777690131128 -0.0012215446442579276 0.00039050646215787609 -2.9398543156447738e-05 -0.00054353430062869677
leaf_weight=32 34 45 28 43 126 35 102 40
leaf_count=32 34 45 28 43 126 35 102 40
internal_value=0 0.000529757 0.00134058 0.0019995 -0.000717858 4.72821e-05 -0.000189835 -0.00103941
internal_weight=485 285 116 88 200 169 134 166
internal_count=485 285 116 88 200 169 134 166
is_linear=0
shrinkage=0.0167612


Tree=56
num_leaves=11
num_cat=0
split_feature=5 105 162 11 152 169 121 17 6 150
split_gain=0.329386 0.398372 0.473781 0.200392 0.167441 0.139137 0.124491 0.0196827 0.0129529 0.0120843
threshold=2.5000000000000004 148276.56885255393 58794425.966729723 -0.5 138.50000000000003 116.07848305 1.0000000180025095e-35 1.0000000180025095e-35 1.5000000000000002 1.0000000180025095e-35
decision_type=2 10 8 2 8 10 8 8 2 10
left_child=3 2 4 9 -2 -3 -5 -8 -4 -1
right_child=1 5 8 6 -6 -7 7 -9 -10 -11
leaf_value=-1.5403158097678711e-06 0.00069514948093476689 -0.0013211710640266688 1.4256079315144759e-05 -0.00030709934885708723 0.0019206229370273018 -0.00025043071414742436 -0.0013469101448424831 -0.00063239926243805432 -0.00021036206490479884 0.00023039179030210689
leaf_weight=41 51 26 27 31 67 24 74 46 61 40
leaf_count=41 51 26 27 31 67 24 74 46 61 40
internal_value=-1.2941e-05 0.000356865 0.000710585 -0.000453083 0.00135042 -0.000572002 -0.000816452 -0.00107785 3.48501e-05 -4.91919e-06
internal_weight=488 256 206 232 118 50 151 120 88 81
internal_count=488 256 206 232 118 50 151 120 88 81
is_linear=0
shrinkage=0.0167612


Tree=57
num_leaves=9
num_cat=0
split_feature=176 161 6 101 3 42 52 165
split_gain=0.362266 0.202962 0.25499 0.457891 0.177225 0.044983 0.0337371 0.189451
threshold=1.0000000180025095e-35 0.70865542607030607 1.5000000000000002 1.0000000180025095e-35 4.5000000000000009 727776.59075276589 1.0000000180025095e-35 35.269480519480524
decision_type=8 10 2 10 2 10 10 10
left_child=5 2 4 -4 -2 -1 7 -3
right_child=1 6 3 -5 -6 -7 -8 -9
leaf_value=0.0013093489461789751 -0.00079809624502789119 -0.0015018982734802283 0.00013381494396739031 0.0018661204245493249 5.1213067255929578e-05 0.00039199037505024476 -0.00034269070756027961 -0.00036825171626590482
leaf_weight=45 84 49 69 28 82 28 73 30
leaf_count=45 84 49 69 28 82 28 73 30
internal_value=-1.23295e-05 -0.000215692 1.07233e-05 0.00062782 -0.000305509 0.000853989 -0.000662904 -0.000959328
internal_weight=488 415 263 97 166 73 152 79
internal_count=488 415 263 97 166 73 152 79
is_linear=0
shrinkage=0.0167612


Tree=58
num_leaves=9
num_cat=0
split_feature=3 215 144 201 121 205 123 191
split_gain=0.504034 0.239787 0.287604 0.425586 0.120997 0.0765406 0.0281046 0.0191119
threshold=4.5000000000000009 81.500000000000014 -8.3580425999999992 882611.2681818183 1.0000000180025095e-35 1.0000000180025095e-35 46.000000000000007 1.0000000180025095e-35
decision_type=2 8 10 8 8 8 8 10
left_child=4 5 7 -4 -1 -2 -6 -3
right_child=1 2 3 -5 6 -7 -8 -9
leaf_value=-0.00028041660737119681 -0.0010166988638364727 -6.2094915030830951e-05 0.00024267746179787057 0.00173967697286845 -0.0015995278031653805 -0.00018886804779292369 -0.0008074490009964886 0.00027459423053007395
leaf_weight=31 24 117 60 80 24 24 96 32
leaf_count=31 24 117 60 80 24 24 96 32
internal_value=-1.09174e-05 0.000314926 0.000524952 0.00102172 -0.000745513 -0.000431388 -0.00104272 5.85105e-05
internal_weight=488 337 289 140 151 48 120 149
internal_count=488 337 289 140 151 48 120 149
is_linear=0
shrinkage=0.0167612


Tree=59
num_leaves=11
num_cat=0
split_feature=110 82 10 105 126 91 79 6 85 33
split_gain=0.323579 0.222766 0.171817 0.136078 0.198835 0.0497032 0.0405752 0.0151046 0.0499059 0.00350433
threshold=1.0000000180025095e-35 1328958.0736185384 0.68301270189221941 219774.42019715314 1.0000000180025095e-35 4.5000000000000009 1.0000000180025095e-35 1.5000000000000002 1.0000000180025095e-35 1.0000000180025095e-35
decision_type=10 8 2 8 10 10 10 2 10 10
left_child=2 7 3 6 -5 -4 -1 8 -2 -7
right_child=1 -3 5 4 -6 9 -8 -9 -10 -11
leaf_value=-0.00089445603524843185 -0.00042592818494708819 0.0013214893771581137 -0.00034230801880139381 3.6956546326942631e-06 0.0010369982608976086 -0.0015921424962532082 -0.00022354275596811964 0.00028606394609449 0.0001949362782679106 -0.00076556059671083762
leaf_weight=45 25 50 36 160 25 27 28 32 30 30
leaf_count=45 25 50 36 160 25 27 28 32 30 30
internal_value=-1.09767e-05 0.00058321 -0.000284907 -5.47309e-05 0.000150147 -0.000822512 -0.000558428 0.000125545 1.78628e-05 -0.0011865
internal_weight=488 137 351 258 185 93 73 87 55 57
internal_count=488 137 351 258 185 93 73 87 55 57
is_linear=0
shrinkage=0.0167612


Tree=60
num_leaves=10
num_cat=0
split_feature=101 3 64 200 12 202 86 7 50
split_gain=0.242094 0.388865 0.415833 0.196258 0.152353 0.0964377 0.0958155 0.0711698 0.0595125
threshold=1.0000000180025095e-35 6.5000000000000009 946494.84375000012 104.26923076923077 1.0000000180025095e-35 23.500000000000004 0.99999999996433253 1.0000000180025095e-35 1.0000000180025095e-35
decision_type=10 2 8 8 2 10 10 2 10
left_child=4 6 -3 -4 5 -1 8 -6 -2
right_child=1 2 3 -5 7 -7 -8 -9 -10
leaf_value=-0.0009764449171153905 -0.00023224243658827 -3.4721311950063378e-05 0.00073141901518764864 0.0020789386648622519 -0.00015913901429021765 -0.00032748858285922293 -0.00076785882459834019 0.00052818891588824889 0.00041297655867391042
leaf_weight=113 64 35 49 55 57 24 40 24 27
leaf_count=113 64 35 49 55 57 24 40 24 27
internal_value=-1.00204e-05 0.000287014 0.000867692 0.00142243 -0.00040931 -0.000748007 -0.000229118 -4.30434e-05 -3.90402e-05
internal_weight=488 270 139 104 218 137 131 81 91
internal_count=488 270 139 104 218 137 131 81 91
is_linear=0
shrinkage=0.0167612


Tree=61
num_leaves=9
num_cat=0
split_feature=2 12 18 55 196 12 28 215
split_gain=0.729764 0.301472 0.24897 0.136771 0.119889 0.234279 0.0683805 0.0493298
threshold=2023.5000000000002 1.0000000180025095e-35 1.0000000180025095e-35 904509.25925925933 10.500000000000002 1.0000000180025095e-35 17.761627906976745 234.00000000000003
decision_type=2 2 10 8 8 2 10 8
left_child=1 -1 4 -4 6 -6 -2 -5
right_child=2 -3 3 7 5 -7 -8 -9
leaf_value=0.002024718450630918 -0.0012857813136520951 0.0003962533525998148 -3.5369309993357433e-05 0.00038543017908299602 -0.00062708702087531344 0.00030314715751340637 -0.00039985152639834533 0.0013842988419934899
leaf_weight=47 74 36 25 24 156 73 27 26
leaf_count=47 74 36 25 24 156 73 27 26
internal_value=-1.00185e-05 0.00115948 -0.000311398 0.000338366 -0.00052726 -0.000290619 -0.000977469 0.00088035
internal_weight=488 83 405 75 330 229 101 50
internal_count=488 83 405 75 330 229 101 50
is_linear=0
shrinkage=0.0167612


Tree=62
num_leaves=11
num_cat=0
split_feature=10 76 124 105 176 11 121 24 12 121
split_gain=0.281271 0.362495 0.370506 0.201441 0.109516 0.212925 0.0693059 0.0446986 0.0234544 0.00472157
threshold=1.0000000180025095e-35 3.5000000000000004 -0.84935068157973814 25214.10706899346 1.0000000180025095e-35 -0.5 1.0000000180025095e-35 2.7550000000000003 1.0000000180025095e-35 1.0000000180025095e-35
decision_type=2 8 10 10 8 2 10 10 2 10
left_child=1 2 -1 8 -2 9 -7 -4 -3 -6
right_child=4 3 7 -5 5 6 -8 -9 -10 -11
leaf_value=0.0017230356751116434 6.7861081043568212e-05 1.5809466047852271e-05 -0.00018785836262584342 -0.00097366720321704757 -3.2205786638662969e-05 -0.00050277874631468817 -0.0013418778833656777 0.0004182722514270713 0.00035438653720543985 0.00012048850336695352
leaf_weight=63 30 68 29 32 37 61 73 31 33 31
leaf_count=63 30 68 29 32 37 61 73 31 33 31
internal_value=-9.06179e-06 0.000331427 0.000938094 -0.000135578 -0.00041708 -0.000598316 -0.000963056 0.000222816 7.33275e-05 -9.59607e-05
internal_weight=488 256 123 133 232 202 134 60 101 68
internal_count=488 256 123 133 232 202 134 60 101 68
is_linear=0
shrinkage=0.0167612


Tree=63
num_leaves=8
num_cat=0
split_feature=2 15 18 28 202 133 92
split_gain=0.696622 0.288715 0.237909 0.141214 0.191492 0.070012 0.0419786
threshold=2023.5000000000002 1.0000000180025095e-35 1.0000000180025095e-35 15.2404181184669 69.000000000000014 4.5000000000000009 12.500000000000002
decision_type=2 2 10 10 8 10 10
left_child=1 -1 3 4 -2 -4 -5
right_child=2 -3 5 6 -6 -7 -8
leaf_value=0.0019804984454151425 -0.0011775670811500249 0.00038760824871904016 0.00086241548546663147 -0.00020723463621670187 -0.00028709173332795175 9.4219171311765352e-05 0.00033804968603406521
leaf_weight=47 113 36 28 29 149 47 39
leaf_count=47 113 36 28 29 149 47 39
internal_value=-8.15626e-06 0.00113418 -0.000303017 -0.000514338 -0.000696676 0.000331146 -7.05293e-05
internal_weight=488 83 405 330 262 75 68
internal_count=488 83 405 330 262 75 68
is_linear=0
shrinkage=0.0167612


Tree=64
num_leaves=9
num_cat=0
split_feature=10 142 212 137 195 159 134 87
split_gain=0.289626 0.349598 0.394598 0.115441 0.0552606 0.0352715 0.0312467 0.00989337
threshold=-0.24999999999999994 1.9795918367346943 1.0000000180025095e-35 0.63333333333333341 1.0000000180025095e-35 39.500000000000007 1.0000000180025095e-35 1198090.6301264262
decision_type=2 10 8 8 10 10 10 8
left_child=1 2 -1 5 -3 -2 -5 -7
right_child=3 4 -4 6 -6 7 -8 -9
leaf_value=0.0017765847154553366 0.0003576457273399396 -5.4682456999477692e-05 0.00021441004669197483 -0.00069531026372129305 -0.00056679144344341 -2.440507946027168e-05 -0.00015229146007605699 -0.00025196546820201865
leaf_weight=66 44 32 70 135 46 31 48 24
leaf_count=66 44 32 70 135 46 31 48 24
internal_value=2.49433e-05 0.000468382 0.000973565 -0.000289091 -0.000163557 2.2446e-05 -0.000543398 -6.48831e-05
internal_weight=496 214 136 282 78 99 183 55
internal_count=496 214 136 282 78 99 183 55
is_linear=0
shrinkage=0.0167612


Tree=65
num_leaves=9
num_cat=1
split_feature=0 134 65 6 24 20 6 152
split_gain=0.445108 0.141236 0.219812 0.102738 0.133365 0.104418 0.0974706 0.0155471
threshold=0 1.0000000180025095e-35 182905.30769230772 1.0000000180025095e-35 2.7550000000000003 1.0000000180025095e-35 1.5000000000000002 23.500000000000004
decision_type=9 10 10 2 8 8 2 10
left_child=3 6 -3 -1 -5 -6 -2 -4
right_child=1 2 7 4 5 -7 -8 -9
leaf_value=0.00013400578779124205 -0.0010086679192309006 0.00076459570041827131 -0.00017993270161563337 0.00026305147766494149 0.0013178966350958961 0.00041506962293116548 -0.00018852568059530509 -0.00077778172806697516
leaf_weight=53 108 34 29 31 91 63 62 25
leaf_count=53 108 34 29 31 91 63 62 25
internal_value=2.45311e-05 -0.00040222 -6.49528e-05 0.000514 0.000743597 0.000957426 -0.000704549 -0.000459114
internal_weight=496 258 88 238 185 154 170 54
internal_count=496 258 88 238 185 154 170 54
cat_boundaries=0 1
cat_threshold=395599
is_linear=0
shrinkage=0.0167612


Tree=66
num_leaves=10
num_cat=0
split_feature=2 99 144 164 7 12 125 46 15
split_gain=0.353215 0.344306 0.194125 0.134754 0.0515554 0.0792561 0.0449292 0.0555638 0.000581272
threshold=2023.5000000000002 7.5000000000000009 -8.3530716999999992 4.5000000000000009 1.0000000180025095e-35 1.0000000180025095e-35 9.5000000000000018 51.500000000000007 1.0000000180025095e-35
decision_type=2 8 8 8 2 2 10 8 2
left_child=1 -1 6 -3 5 -4 -2 -8 -6
right_child=2 3 4 -5 8 -7 7 -9 -10
leaf_value=0.00021583053318995893 0.00059780888709669235 0.00092134010470803097 -0.00089770390553798479 0.0023930472600672257 -7.6817532128632912e-05 -0.00016406514196027 0.00031747273282168583 -0.00021168764635090082 -3.9020734984070786e-05
leaf_weight=35 34 25 110 29 41 55 74 64 29
leaf_count=35 34 25 110 29 41 55 74 64 29
internal_value=2.31104e-05 0.00083635 -0.000162061 0.00162419 -0.000472455 -0.000646853 0.000186809 3.42995e-05 -9.95647e-05
internal_weight=496 89 407 54 235 165 172 138 70
internal_count=496 89 407 54 235 165 172 138 70
is_linear=0
shrinkage=0.0167612


Tree=67
num_leaves=11
num_cat=1
split_feature=0 159 58 51 66 76 36 11 17 17
split_gain=0.433701 0.164512 0.325152 0.240452 0.0895585 0.0778992 0.0379833 0.0235153 0.0202037 0.0170964
threshold=0 28.500000000000004 178.00000000000003 1.0000000180025095e-35 40.500000000000007 1.5000000000000002 16.500000000000004 -0.68301270189221952 1.0000000180025095e-35 1.0000000180025095e-35
decision_type=9 8 8 10 8 10 10 2 8 8
left_child=4 2 5 -4 6 -2 -1 -3 -6 -9
right_child=1 7 3 -5 8 -7 -8 9 -10 -11
leaf_value=0.00047425863026383897 -0.00027443296511494382 -0.00031760776819217184 0.00016689792652230568 0.0015482669284379331 6.1589784101989523e-05 -0.0012795528873071507 0.0012501690467896453 -0.0014724727278708249 0.00034300579977059726 -0.00072072240046989892
leaf_weight=46 39 31 49 24 50 29 60 24 70 74
leaf_count=46 39 31 49 24 50 29 60 24 70 74
internal_value=2.24952e-05 -0.000379868 -4.44607e-05 0.000604445 0.000526443 -0.000696765 0.000911066 -0.000798558 0.000226352 -0.000995362
internal_weight=496 270 141 73 226 68 106 129 120 98
internal_count=496 270 141 73 226 68 106 129 120 98
cat_boundaries=0 1
cat_threshold=396107
is_linear=0
shrinkage=0.0167612


Tree=68
num_leaves=10
num_cat=0
split_feature=13 172 11 110 29 192 6 90 122
split_gain=0.355784 0.337581 0.332069 0.432083 0.135879 0.152467 0.0685906 0.0594592 0.0079437
threshold=316388.47742346948 1.0000000180025095e-35 -0.5 1.0000000180025095e-35 1.0000000180025095e-35 435135.7500072596 1.0000000180025095e-35 26.500000000000004 7.5000000000000009
decision_type=2 8 2 10 10 10 2 8 10
left_child=1 8 4 7 -2 -6 -5 -4 -1
right_child=2 -3 3 6 5 -7 -8 -9 -10
leaf_value=-6.9240831965594257e-05 7.9335180418597581e-05 0.0016895503922539864 -0.00055200402586259368 -1.0483194650654062e-05 0.0014443674548012225 0.00027249828704428215 0.00058669787535167782 -0.0013142949494461865 0.00022209173507111324
leaf_weight=25 66 46 65 27 38 38 60 107 24
leaf_count=25 66 46 65 27 38 38 60 107 24
internal_value=2.17205e-05 0.000814044 -0.000172057 -0.000529508 0.000368614 0.000826518 0.000188964 -0.00100868 0.000224772
internal_weight=496 95 401 259 142 76 87 172 49
internal_count=496 95 401 259 142 76 87 172 49
is_linear=0
shrinkage=0.0167612


Tree=69
num_leaves=10
num_cat=0
split_feature=110 6 124 11 185 13 52 82 92
split_gain=0.267192 0.232236 0.366087 0.217687 0.0376515 0.276998 0.0319318 0.00981107 0.0326059
threshold=1.0000000180025095e-35 1.5000000000000002 -0.73765657653983141 -0.68301270189221952 33.500000000000007 376263.59140184143 1.0000000180025095e-35 697094.13043478271 2.5000000000000004
decision_type=10 2 10 2 10 2 8 8 10
left_child=3 7 -3 6 5 -5 -1 -2 -9
right_child=1 2 -4 4 -6 -7 -8 8 -10
leaf_value=0.00010814481072893295 -1.5522340793053735e-05 0.0023817151442249501 0.00050625595152107899 0.00035104934567942376 -0.00093508452329143447 -0.00070332129694622122 0.00059790601456602909 5.5595807409116412e-05 0.00046699437775004748
leaf_weight=37 24 25 29 59 35 157 57 41 32
leaf_count=37 24 25 29 59 35 157 57 41 32
internal_value=2.13757e-05 0.000561019 0.00129176 -0.000206337 -0.000475458 -0.000354397 0.000322229 0.000113316 0.000177552
internal_weight=496 151 54 345 251 216 94 97 73
internal_count=496 151 54 345 251 216 94 97 73
is_linear=0
shrinkage=0.0167612


Tree=70
num_leaves=11
num_cat=1
split_feature=0 6 11 103 82 82 134 94 105 55
split_gain=0.389674 0.237367 0.178354 0.210961 0.136238 0.0804258 0.165882 0.0725963 0.0320327 0.00261687
threshold=0 1.5000000000000002 0.25000000000000017 1.0000000180025095e-35 208863.50000000003 955858.98410087731 1.0000000180025095e-35 53.500000000000007 72569.198400997382 633232.58219954662
decision_type=9 2 2 10 10 8 8 8 10 10
left_child=4 5 3 -3 7 8 -7 -1 -2 -6
right_child=1 2 -4 -5 9 6 -8 -9 -10 -11
leaf_value=0.0019526601367315579 0.0002056460745397153 0.00014339337462598693 -0.0003428597648526917 0.0014021529638195548 0.00011598973096394298 -0.0013913432777124446 -0.00037265359240662281 0.00079414698858423208 -0.0002891307160098647 0.00025040874957508671
leaf_weight=29 26 64 36 36 25 52 123 32 42 31
leaf_count=29 26 64 36 36 25 52 123 32 42 31
internal_value=2.11486e-05 -0.000215648 0.000227813 0.000634399 0.000733954 -0.000536852 -0.00073551 0.00133135 -0.000115746 0.000271135
internal_weight=496 379 136 100 117 243 175 61 68 56
internal_count=496 379 136 100 117 243 175 61 68 56
cat_boundaries=0 1
cat_threshold=2370
is_linear=0
shrinkage=0.0167612


Tree=71
num_leaves=10
num_cat=0
split_feature=110 152 6 2 10 165 12 48 201
split_gain=0.253247 0.246443 0.250015 0.0919044 0.0760136 0.051816 0.0303962 0.0155652 0.0047571
threshold=1.0000000180025095e-35 6.5000000000000009 1.5000000000000002 2023.5000000000002 0.25000000000000011 7.1872852233676978 1.0000000180025095e-35 1.0000000180025095e-35 249463.05596669752
decision_type=10 10 2 2 2 10 2 8 10
left_child=3 2 -2 6 5 -5 -1 -6 -3
right_child=1 8 -4 4 7 -7 -8 -9 -10
leaf_value=0.00057193203302178522 0.00053454322743552089 -8.8943045296601816e-05 0.0021250486056693346 5.8676494045929674e-05 -0.00086327215983670518 -0.00043513803482246447 9.9464760166441006e-05 -0.00031388495314964738 9.9193270112126741e-05
leaf_weight=27 46 45 27 121 68 44 24 61 33
leaf_count=27 46 45 27 121 68 44 24 61 33
internal_value=2.06407e-05 0.000546379 0.00116722 -0.000200584 -0.000337159 -7.52214e-05 0.000227185 -0.000620914 0.000105617
internal_weight=496 151 73 345 294 165 51 129 78
internal_count=496 151 73 345 294 165 51 129 78
is_linear=0
shrinkage=0.0167612


Tree=72
num_leaves=9
num_cat=1
split_feature=0 76 110 13 11 206 3 115
split_gain=0.428788 0.26201 0.143655 0.177512 0.122987 0.0948875 0.0753592 0.0250862
threshold=0 2.5000000000000004 1.0000000180025095e-35 627951.31071428582 -0.5 1.0000000180025095e-35 5.5000000000000009 199351.14515458787
decision_type=9 8 10 2 2 10 2 8
left_child=6 4 3 -3 -2 -6 -1 -8
right_child=1 2 -4 -5 5 -7 7 -9
leaf_value=0.00020126112931189146 0.00070636055752527481 -0.0005921756251692456 -0.00022371781276203393 -0.0016207491102564163 0.00021908330124694505 -0.00053247560391861241 0.00059813769749651432 0.0014721980224718827
leaf_weight=49 36 155 36 55 42 53 30 35
leaf_count=49 36 155 36 55 42 53 30 35
internal_value=-0.000130193 -0.000403315 -0.000732888 -0.000919881 5.90065e-05 -9.94084e-05 0.000595795 0.00105776
internal_weight=491 377 246 210 131 95 114 65
internal_count=491 377 246 210 131 95 114 65
cat_boundaries=0 1
cat_threshold=2372
is_linear=0
shrinkage=0.0167612


Tree=73
num_leaves=9
num_cat=0
split_feature=50 13 51 134 161 125 5 13
split_gain=0.275308 0.29657 0.245013 0.154092 0.124479 0.0760922 0.0671137 0.0613172
threshold=1.0000000180025095e-35 486610.38424908434 1.0000000180025095e-35 1.0000000180025095e-35 1.3760896577711945 12.500000000000002 1.5000000000000002 1021534.403215832
decision_type=10 2 10 10 8 10 2 2
left_child=1 3 -3 6 7 -4 -1 -2
right_child=4 2 5 -5 -6 -7 -8 -9
leaf_value=-0.00054205995195553492 0.00053015799307005583 -0.0013933108194786048 4.0266199702996927e-05 0.00070134925807766588 0.0012991935175482264 -0.00058482423189945814 -1.1777437457687299e-05 -0.00011189726163350971
leaf_weight=47 35 83 55 47 25 50 121 28
leaf_count=47 35 83 55 47 25 50 121 28
internal_value=-0.000126669 -0.000320401 -0.000776102 2.96902e-05 0.000556938 -0.000266683 -0.000124711 0.000209062
internal_weight=491 403 188 215 88 105 168 63
internal_count=491 403 188 215 88 105 168 63
is_linear=0
shrinkage=0.0167612


Tree=74
num_leaves=11
num_cat=1
split_feature=0 36 200 40 150 11 11 54 58 10
split_gain=0.458664 0.194592 0.124653 0.118106 0.108499 0.139455 0.0907097 0.050989 0.0337173 0.0249038
threshold=0 25.500000000000004 40.009294696555507 1.0000000180025095e-35 1.0000000180025095e-35 -1.0000000180025095e-35 -1.0000000180025095e-35 1.0000000180025095e-35 92.500000000000014 -0.6830127018922193
decision_type=9 8 8 10 10 2 2 10 8 2
left_child=2 4 8 -4 6 -6 -2 9 -1 -3
right_child=1 7 3 -5 5 -7 -8 -9 -10 -11
leaf_value=-0.00033895130796821369 -0.00016871558522079587 -0.0004724223979174052 0.00091634095899682778 0.00023588217400630776 0.0010558768167921711 0.00010076999656254138 -0.00099047612571700355 -0.00039301598836974307 0.00013583786089193479 -0.0012253628734745598
leaf_weight=35 31 24 127 25 24 29 25 25 27 119
leaf_count=35 31 24 127 25 24 29 25 25 27 119
internal_value=-0.00012364 -0.000548714 0.000385232 0.000683665 -8.03174e-05 0.000363331 -0.000448546 -0.000918704 3.35758e-05 -0.00107905
internal_weight=491 277 214 152 109 53 56 168 62 143
internal_count=491 277 214 152 109 53 56 168 62 143
cat_boundaries=0 1
cat_threshold=134092
is_linear=0
shrinkage=0.0167612


Tree=75
num_leaves=11
num_cat=0
split_feature=150 63 6 157 3 5 203 220 215 153
split_gain=0.212151 0.303042 0.234859 0.138578 0.166734 0.0994752 0.100068 0.0876117 0.0385719 0.00814422
threshold=1.0000000180025095e-35 339065.8963531233 1.5000000000000002 1.0000000180025095e-35 5.5000000000000009 1.5000000000000002 0.20377358490566039 690.00000000000011 121.50000000000001 41.500000000000007
decision_type=10 10 2 10 2 2 8 10 10 8
left_child=5 2 7 8 -5 -1 -7 -2 -3 -8
right_child=1 3 -4 4 -6 6 9 -9 -10 -11
leaf_value=-0.0009791354749426977 -0.00010447755918493957 6.7359087449333694e-05 0.0017119827944638826 -0.0012617230021374018 -0.00016345875005010298 -0.00077845419233018524 0.00012721330374585081 0.00070391571643284604 0.00049164633055029437 -8.4481173762672809e-05
leaf_weight=60 31 30 35 37 50 36 37 25 42 108
leaf_count=60 31 30 35 37 50 36 37 25 42 108
internal_value=-0.000121775 0.000174528 0.00085538 -0.000165338 -0.000600735 -0.000462067 -0.000246276 0.000292636 0.000175476 -2.81204e-05
internal_weight=491 250 91 159 87 241 181 56 72 145
internal_count=491 250 91 159 87 241 181 56 72 145
is_linear=0
shrinkage=0.0167612


Tree=76
num_leaves=7
num_cat=0
split_feature=50 46 63 123 51 110
split_gain=0.253798 0.186191 0.184034 0.166438 0.10436 0.0542347
threshold=1.0000000180025095e-35 1.5000000000000002 859297.48855828354 46.000000000000007 1.0000000180025095e-35 1.0000000180025095e-35
decision_type=10 10 10 10 10 10
left_child=2 -2 3 5 -5 -1
right_child=1 -3 -4 4 -6 -7
leaf_value=-0.00054342842343971698 0.0013455335522009337 0.00012878470607854435 -0.0011692772828860046 -0.00012254104006666818 0.00061376765001839423 -0.00010920426217950201
leaf_weight=206 29 59 31 34 80 52
leaf_count=206 29 59 31 34 80 52
internal_value=-0.000120099 0.000535316 -0.000306699 -0.000183477 0.000246541 -0.000413027
internal_weight=491 88 403 372 114 258
internal_count=491 88 403 372 114 258
is_linear=0
shrinkage=0.0167612


Tree=77
num_leaves=8
num_cat=0
split_feature=110 5 87 192 51 108 192
split_gain=0.240151 0.204039 0.1319 0.119545 0.210165 0.0474408 0.00060766
threshold=1.0000000180025095e-35 1.5000000000000002 718229.16666666686 783301.54060511733 1.0000000180025095e-35 5.5000000000000009 948449.99628771038
decision_type=10 2 8 10 10 10 8
left_child=1 5 -2 4 -3 -1 -4
right_child=2 3 6 -5 -6 -7 -8
leaf_value=-0.00056411433919435544 -3.6577459327952694e-06 -0.00024184228734926556 0.00042591734897065131 -0.00078395060194899873 0.00068602827247897719 -0.0014553877387277949 0.0010016926113088831
leaf_weight=45 46 178 40 27 61 40 54
leaf_count=45 46 178 40 27 61 40 54
internal_value=-0.000117972 -0.000354605 0.000378101 -0.000115482 -8.37604e-06 -0.000969279 0.00075723
internal_weight=491 351 140 266 239 85 94
internal_count=491 351 140 266 239 85 94
is_linear=0
shrinkage=0.0167612


Tree=78
num_leaves=7
num_cat=0
split_feature=196 202 3 52 87 30
split_gain=0.240818 0.162922 0.249594 0.144162 0.108328 0.0994236
threshold=24.000000000000004 4.5000000000000009 5.5000000000000009 1.0000000180025095e-35 1079100.7241568628 69.000000000000014
decision_type=10 8 2 10 8 8
left_child=1 -1 5 -4 -2 -3
right_child=4 2 3 -5 -6 -7
leaf_value=0.00027516144697162839 0.00017484939510483343 -0.0013402328120606941 -0.00030324503427951011 0.00051584643021816516 0.0010033207881566426 -0.00043910689562921975
leaf_weight=58 37 82 149 49 51 65
leaf_count=58 37 82 149 49 51 65
internal_value=-0.000116777 -0.00029891 -0.000453408 -6.15868e-05 0.000520983 -0.000930384
internal_weight=491 403 345 198 88 147
internal_count=491 403 345 198 88 147
is_linear=0
shrinkage=0.0167612


Tree=79
num_leaves=11
num_cat=0
split_feature=171 207 215 10 5 86 64 112 17 57
split_gain=0.255957 0.224098 0.129959 0.141636 0.117696 0.112366 0.0615939 0.0608427 0.00520075 0.00016296
threshold=1.0000000180025095e-35 940157.77604166686 139.00000000000003 0.25000000000000011 1.5000000000000002 1.5013673607608045 1052744.4791666667 1.0000000180025095e-35 1.0000000180025095e-35 1.0000000180025095e-35
decision_type=10 8 8 2 2 8 8 8 8 10
left_child=4 6 -3 -4 8 -6 -2 -7 -1 -8
right_child=1 2 3 -5 5 7 9 -9 -10 -11
leaf_value=-0.0013763686347646909 -0.00056465796472376126 0.0003003133208724417 0.0017383812825048307 0.00047942941762846357 -0.00074798658865568828 0.00039614571886465843 2.7725166485669316e-05 -0.00016389120232580283 -0.00063382727663752387 -4.2257871861799642e-06
leaf_weight=29 35 31 44 28 47 41 34 134 39 29
leaf_count=29 35 31 44 28 47 41 34 134 39 29
internal_value=-0.000113884 0.000285188 0.00079841 0.00119765 -0.000426268 -0.000222381 -0.000111074 -2.14591e-05 -0.000958614 -1.07825e-05
internal_weight=491 201 103 72 290 222 98 175 68 63
internal_count=491 201 103 72 290 222 98 175 68 63
is_linear=0
shrinkage=0.0167612


Tree=80
num_leaves=9
num_cat=0
split_feature=13 110 11 156 26 202 152 106
split_gain=0.325378 0.277276 0.321145 0.239465 0.107867 0.104504 0.0462076 0.0058308
threshold=365234.80931372562 1.0000000180025095e-35 -0.68301270189221952 1.0000000180025095e-35 2.2050000000000005 10.500000000000002 165.50000000000003 163440.02929656481
decision_type=2 10 2 8 10 8 8 8
left_child=3 2 -2 7 -3 -4 -6 -1
right_child=1 4 5 -5 6 -7 -8 -9
leaf_value=6.1837349162521945e-05 0.00031640340491816279 0.0010985258912484504 -0.00021697767693021634 0.0014284169465334309 -8.6356626994473364e-06 -0.00099815001235241873 0.00048232323033861574 0.00020600831476610216
leaf_weight=33 66 31 47 65 57 146 37 33
leaf_count=33 66 31 47 65 57 146 37 33
internal_value=0.000133465 -8.3239e-05 -0.000404465 0.000774912 0.000448405 -0.000762598 0.000172139 0.000171017
internal_weight=515 384 259 131 125 193 94 66
internal_count=515 384 259 131 125 193 94 66
is_linear=0
shrinkage=0.0167612


Tree=81
num_leaves=8
num_cat=0
split_feature=5 63 204 110 187 105 28
split_gain=0.224377 0.396294 0.148892 0.128827 0.102093 0.0854949 0.00440711
threshold=1.5000000000000002 1032522.7075228986 1.0000000180025095e-35 1.0000000180025095e-35 0.17902930402930403 227165.88621587018 100.5585106382979
decision_type=2 10 8 10 8 8 8
left_child=2 3 6 5 -5 -2 -1
right_child=1 -3 -4 4 -6 -7 -8
leaf_value=9.9829356710584691e-05 -1.8837465409708188e-05 -0.0007687817168473591 -0.00097707423356977819 0.00037675715688899656 0.0014145890024473921 0.00048338647466274307 -7.8986010315503896e-05
leaf_weight=27 77 37 50 38 65 176 45
leaf_count=27 77 37 50 38 65 176 45
internal_value=0.000132878 0.000332724 -0.000389653 0.000529802 0.000995838 0.000302368 -8.03042e-05
internal_weight=515 393 122 356 103 253 72
internal_count=515 393 122 356 103 253 72
is_linear=0
shrinkage=0.0167612


Tree=82
num_leaves=10
num_cat=0
split_feature=3 42 123 150 119 225 141 20 106
split_gain=0.275596 0.21738 0.133637 0.122642 0.158863 0.0866354 0.0373795 0.0254062 0.000250696
threshold=4.5000000000000009 673818.75000000012 46.000000000000007 1.0000000180025095e-35 940157.77604166686 24.500000000000004 1.0000000180025095e-35 1.0000000180025095e-35 326027.4719911064
decision_type=2 10 8 10 8 8 8 8 8
left_child=2 3 -1 7 -5 -3 -4 -2 -8
right_child=1 5 6 4 -6 -7 8 -9 -10
leaf_value=-0.0010619865737899012 8.7183861678256249e-05 -0.00072593918053928468 0.00015243284559678908 0.00033778387582041963 0.0014615587408199871 -1.4760777839146228e-05 -0.00046358108425010886 0.00036072583271068285 -0.00011631839366900672
leaf_weight=33 41 40 33 51 74 26 27 120 70
leaf_count=33 41 40 33 51 74 26 27 120 70
internal_value=0.000129242 0.000392958 -0.000360594 0.000608963 0.000989423 -0.00022254 -0.00011939 0.000278432 -0.000277576
internal_weight=515 352 163 286 125 66 130 161 97
internal_count=515 352 163 286 125 66 130 161 97
is_linear=0
shrinkage=0.0167612


Tree=83
num_leaves=9
num_cat=1
split_feature=0 6 106 150 85 36 13 207
split_gain=0.371542 0.299201 0.325982 0.358252 0.172059 0.0700175 0.0461274 0.0117402
threshold=0 1.0000000180025095e-35 29712.771373472271 1.0000000180025095e-35 0.20714285714285713 13.500000000000002 808703.34455555561 758428.57142857148
decision_type=9 2 10 10 8 8 2 8
left_child=5 4 3 -3 -2 -1 -7 -4
right_child=1 2 7 -5 -6 6 -8 -9
leaf_value=0.0003680578885123463 -0.00034097306828412738 5.0912132512931404e-05 -0.0002939791320411928 0.0011611234461979586 -0.0012606547194568718 0.0016008667135354734 0.00066193074718243932 -0.00095276480217294259
leaf_weight=24 24 144 32 90 72 52 33 44
leaf_count=24 24 144 32 90 72 52 33 44
internal_value=0.000126243 -8.83191e-05 0.000118474 0.000443161 -0.000800816 0.00084067 0.00121822 -0.000614645
internal_weight=515 406 310 234 96 109 85 76
internal_count=515 406 310 234 96 109 85 76
cat_boundaries=0 1
cat_threshold=2880
is_linear=0
shrinkage=0.0167612


Tree=84
num_leaves=8
num_cat=1
split_feature=0 106 187 43 105 110 10
split_gain=0.407259 0.220522 0.16911 0.131239 0.154395 0.147509 0.012587
threshold=0 110119.6170412065 0.085230024213075059 1.0000000180025095e-35 219774.42019715314 1.0000000180025095e-35 -0.5
decision_type=9 10 8 10 8 8 2
left_child=2 3 -1 5 -5 -2 -4
right_child=1 -3 6 4 -6 -7 -8
leaf_value=0.00016868331682523012 -0.00095523601514115551 -0.0010852923766058787 0.0013217086445770105 -5.6997421816025143e-06 0.00090688738115192111 -4.239895225828945e-05 0.00071557741652819628
leaf_weight=52 44 40 55 46 50 124 104
leaf_count=52 44 40 55 46 50 124 104
internal_value=0.000123786 -0.000228516 0.000637986 -5.17724e-05 0.000343285 -0.000323689 0.000957267
internal_weight=515 304 211 264 96 168 159
internal_count=515 304 211 264 96 168 159
cat_boundaries=0 1
cat_threshold=5507916
is_linear=0
shrinkage=0.0167612


Tree=85
num_leaves=9
num_cat=0
split_feature=2 83 12 11 97 176 11 101
split_gain=0.259715 0.243593 0.339084 0.165151 0.162474 0.128448 0.0923407 0.00502084
threshold=2023.5000000000002 1.0000000180025095e-35 1.0000000180025095e-35 1.0000000180025095e-35 1.0000000180025095e-35 5.5000000000000009 -1.0000000180025095e-35 1.0000000180025095e-35
decision_type=2 10 2 2 10 8 2 10
left_child=4 2 5 -3 6 -2 -1 -4
right_child=1 3 7 -5 -6 -7 -8 -9
leaf_value=0.0017764976429158819 0.00023563443535297698 -0.00025267482743967753 0.00065234806019959658 -0.0015316381811652665 0.00034130832357320422 -0.00043594674032368001 0.00063306255392942901 0.0013012935003660709
leaf_weight=38 74 39 75 31 24 173 35 26
leaf_count=38 74 39 75 31 24 173 35 26
internal_value=0.000120197 -3.63337e-05 0.000111665 -0.00077991 0.000786706 -0.000167883 0.00122543 0.000828458
internal_weight=515 418 348 70 97 247 73 101
internal_count=515 418 348 70 97 247 73 101
is_linear=0
shrinkage=0.0167612


Tree=86
num_leaves=8
num_cat=0
split_feature=120 46 110 26 38 26 43
split_gain=0.21831 0.139813 0.259484 0.100366 0.153974 0.0830269 0.0363748
threshold=1.0000000180025095e-35 2.5000000000000004 1.0000000180025095e-35 2.1250000000000004 1.0000000180025095e-35 3.3750000000000004 1.0000000180025095e-35
decision_type=8 10 10 8 10 10 10
left_child=6 2 5 -3 -5 -2 -1
right_child=1 3 -4 4 -6 -7 -8
leaf_value=-0.0011252413593572839 1.7450204268838187e-05 0.00039965899128722841 0.0012483150987358822 -0.00075610271950149184 9.6450747443043398e-05 0.00067089166429971437 -0.00026000706722998919
leaf_weight=26 188 38 63 80 52 40 28
leaf_count=26 188 38 63 80 52 40 28
internal_value=0.000118072 0.0002492 0.000469653 -5.32244e-05 -0.000319244 0.000192974 -0.000626703
internal_weight=515 461 291 170 132 228 54
internal_count=515 461 291 170 132 228 54
is_linear=0
shrinkage=0.0167612


Tree=87
num_leaves=9
num_cat=0
split_feature=120 10 3 34 203 12 218 20
split_gain=0.213172 0.184706 0.251176 0.233575 0.121079 0.117842 0.103177 0.0353968
threshold=1.0000000180025095e-35 0.25000000000000011 10.500000000000002 771797.38333333342 0.053693693693693659 1.0000000180025095e-35 -0.044042094120502924 1.0000000180025095e-35
decision_type=8 2 2 8 10 2 10 10
left_child=7 2 3 -2 5 -3 -4 -1
right_child=1 4 6 -5 -6 -7 -8 -9
leaf_value=-0.001110860234488461 0.00018371850994691757 -0.00063122412221346667 -0.00065461304580731244 0.0012197551233203161 0.0004843793544075278 6.7473870700612056e-05 0.00017096551592984122 -0.00025412909197312472
leaf_weight=26 66 109 38 133 31 52 32 28
leaf_count=26 66 109 38 133 31 52 32 28
internal_value=0.000117033 0.000246766 0.000523282 0.000832464 -7.77359e-05 -0.000315691 -7.85922e-05 -0.000618547
internal_weight=515 461 269 199 192 161 70 54
internal_count=515 461 269 199 192 161 70 54
is_linear=0
shrinkage=0.0167612


Tree=88
num_leaves=11
num_cat=0
split_feature=11 181 55 17 134 10 115 39 200 114
split_gain=0.336361 0.159175 0.211492 0.205793 0.14496 0.313092 0.230876 0.105403 0.0522326 0.0438507
threshold=1.0000000180025095e-35 1.0000000180025095e-35 739012.59931746044 1.0000000180025095e-35 1.0000000180025095e-35 0.25000000000000011 145847.0534851572 -6162.4766921313703 78.218750000000014 1.0000000180025095e-35
decision_type=2 8 8 8 10 2 8 8 8 8
left_child=4 7 -3 -4 8 6 -6 -2 -1 -10
right_child=1 2 3 -5 5 -7 -8 -9 9 -11
leaf_value=-0.0002545347770142728 -9.269982814816364e-05 0.00012400114200773651 -0.0015251041452480072 -0.0003736390939903165 0.00069952513087866836 0.00023704060425329025 0.0022982841048449394 0.00076128512599934518 9.7658788425369675e-05 0.00049152938530794927
leaf_weight=28 26 25 63 87 33 36 38 29 32 78
leaf_count=28 26 25 63 87 33 36 38 29 32 78
internal_value=6.11715e-05 -0.000345861 -0.000619981 -0.000894974 0.000478261 0.000912869 0.00151314 0.000152557 0.000123474 0.000277158
internal_weight=475 230 175 150 245 107 71 55 138 110
internal_count=475 230 175 150 245 107 71 55 138 110
is_linear=0
shrinkage=0.0167612


Tree=89
num_leaves=11
num_cat=0
split_feature=5 144 124 58 156 11 215 26 13 20
split_gain=0.309006 0.162622 0.315387 0.101936 0.12294 0.0850736 0.0202684 0.0202293 0.0805553 0.00987632
threshold=1.5000000000000002 -8.5191404499999983 -0.59395280910697967 93.500000000000014 1.0000000180025095e-35 -1.0000000180025095e-35 99.500000000000014 0.89500000000000013 627951.31071428582 1.0000000180025095e-35
decision_type=2 10 10 10 8 2 10 10 2 10
left_child=3 7 5 4 -1 -3 -4 8 -2 -9
right_child=1 2 6 -5 -6 -7 -8 9 -10 -11
leaf_value=-0.0014959764417517905 0.00034108680628925015 0.0014232819304663949 -0.00022725823535029634 -0.00021880217825517506 -0.00035137645642829162 0.00047108684027724737 0.00011116546983589537 -0.00047437536851810023 -0.00037355744178580016 -0.0001116472641459331
leaf_weight=40 73 92 52 31 42 26 36 25 33 25
leaf_count=40 73 92 52 31 42 26 36 25 33 25
internal_value=5.94965e-05 0.000304316 0.000604247 -0.000581706 -0.000932561 0.0011264 6.98621e-05 -5.14298e-06 1.91889e-05 -0.000260984
internal_weight=475 362 206 113 82 118 88 156 106 50
internal_count=475 362 206 113 82 118 88 156 106 50
is_linear=0
shrinkage=0.0167612


Tree=90
num_leaves=9
num_cat=0
split_feature=2 6 3 83 202 6 175 43
split_gain=0.222742 0.44585 0.158388 0.174108 0.049164 0.0779051 0.0458258 0.0214186
threshold=2023.5000000000002 1.5000000000000002 4.5000000000000009 1.0000000180025095e-35 45.500000000000007 1.5000000000000002 972139.27330874547 1.0000000180025095e-35
decision_type=2 2 2 10 8 2 10 10
left_child=1 -1 3 7 6 -6 -4 -2
right_child=2 -3 4 -5 5 -7 -8 -9
leaf_value=0.00010082941015033441 -0.00032716253157801981 0.0017422773796581593 0.00052080557299335865 -0.0013091153175310208 0.00021874125317663672 -0.00042538685741146771 0.0001347995648269278 -5.388973312678565e-05
leaf_weight=48 59 40 101 31 59 62 28 47
leaf_count=48 59 40 101 31 59 62 28 47
internal_value=5.76645e-05 0.000703174 -9.05181e-05 -0.000513412 0.000111631 -3.6638e-05 0.00033674 -0.000189403
internal_weight=475 88 387 137 250 121 129 106
internal_count=475 88 387 137 250 121 129 106
is_linear=0
shrinkage=0.0167612


Tree=91
num_leaves=11
num_cat=1
split_feature=0 122 76 115 10 12 17 162 11 51
split_gain=0.251666 0.125413 0.138925 0.127849 0.108887 0.0938381 0.0873833 0.0640782 0.271025 0.000160995
threshold=0 55.500000000000007 4.5000000000000009 136280.04725171431 1.0000000180025095e-35 1.0000000180025095e-35 1.0000000180025095e-35 52818079.106123857 -1.0000000180025095e-35 1.0000000180025095e-35
decision_type=9 8 10 8 2 2 8 10 2 10
left_child=1 2 3 -1 7 -3 9 -2 -9 -6
right_child=4 5 -4 -5 6 -7 -8 8 -10 -11
leaf_value=0.00048485871082726138 -0.00032857304723614514 -0.00031493385957399942 0.00022776353757030692 0.0016653669808137323 -0.0012329737258618815 0.00050175296099403885 -0.00016096166888089134 0.00099619145023623393 -0.00034436593073240772 -0.00054914095047751564
leaf_weight=38 48 55 45 50 43 33 51 47 35 30
leaf_count=38 48 55 45 50 43 33 51 47 35 30
internal_value=5.57231e-05 0.000440769 0.000776135 0.00114631 -0.000257676 7.72159e-05 -0.00060017 -3.23901e-05 0.000272248 -0.000951253
internal_weight=475 221 133 88 254 88 124 130 82 73
internal_count=475 221 133 88 254 88 124 130 82 73
cat_boundaries=0 1
cat_threshold=4516194
is_linear=0
shrinkage=0.0167612


Tree=92
num_leaves=9
num_cat=0
split_feature=10 122 11 124 55 36 159 218
split_gain=0.298463 0.198511 0.178649 0.302691 0.140761 0.160137 0.05215 0.0147293
threshold=0.25000000000000011 41.500000000000007 0.25000000000000017 -0.54382999199427873 348918.82846159302 4.5000000000000009 55.500000000000007 -1.0000000180025095e-35
decision_type=2 8 2 10 10 10 10 10
left_child=1 2 3 -1 5 -2 -7 -4
right_child=4 -3 7 -5 -6 6 -8 -9
leaf_value=0.00170255270026126 -0.00015418777212657442 -1.6977114562330736e-05 -1.6697428073114709e-05 0.00041314796318767029 9.784809253797254e-05 -0.0014415086904251853 -0.00049739774917005283 0.00028744879602188907
leaf_weight=73 63 109 42 33 39 59 27 30
leaf_count=73 63 109 42 33 39 59 27 30
internal_value=5.38714e-05 0.000389319 0.000729477 0.0011426 -0.000399873 -0.000673906 -0.00109856 0.000150339
internal_weight=475 287 178 106 188 149 86 72
internal_count=475 287 178 106 188 149 86 72
is_linear=0
shrinkage=0.0167612


Tree=93
num_leaves=11
num_cat=0
split_feature=3 94 188 44 167 39 106 13 83 126
split_gain=0.286314 0.209214 0.140581 0.12808 0.358213 0.124009 0.0340405 0.0326116 0.0115737 0.0107556
threshold=5.5000000000000009 40.500000000000007 0.48040745644450505 0.69739416423868883 1.0000000180025095e-35 -36113.125372860195 53629.134767324118 676691.97786023514 1.0000000180025095e-35 1.0000000180025095e-35
decision_type=2 8 8 10 10 10 8 2 10 10
left_child=2 3 5 4 -2 8 -5 -3 -1 -4
right_child=1 7 9 6 -6 -7 -8 -9 -10 -11
leaf_value=-0.00080291032743937173 0.00034680657130523111 -5.9034732709415975e-06 -8.1763191488873338e-05 0.00048837232091819311 0.0020670685082696699 -0.00032152358657479518 7.4204689731334109e-05 -0.00039326530531735902 -0.0016309537917289629 0.00017822376570162423
leaf_weight=42 49 80 61 35 41 28 50 32 28 29
leaf_count=42 49 80 61 35 41 28 50 32 28 29
internal_value=5.24736e-05 0.000381338 -0.000391536 0.000736615 0.00115966 -0.000803193 0.000272713 -3.11717e-05 -0.00117915 -6.7329e-05
internal_weight=475 287 188 175 90 98 85 112 70 90
internal_count=475 287 188 175 90 98 85 112 70 90
is_linear=0
shrinkage=0.0167612


Tree=94
num_leaves=9
num_cat=0
split_feature=119 10 40 156 162 115 17 56
split_gain=0.202041 0.265418 0.313464 0.089512 0.115095 0.0500718 0.0486426 0.0185233
threshold=940157.77604166686 0.25000000000000011 1.0000000180025095e-35 1.0000000180025095e-35 56329668.944401011 93014.33783612361 1.0000000180025095e-35 3.5000000000000004
decision_type=10 2 8 8 10 8 10 8
left_child=1 2 5 4 -3 -1 -4 -5
right_child=-2 3 6 7 -6 -7 -8 -9
leaf_value=0.00049215362377536312 -0.00073039319816826161 -0.0012221300851421957 -8.9628665301843093e-05 0.00027497751089980595 -0.00018613133029881244 0.0014022814857697812 0.00046195299395977149 -4.5959740760508751e-05
leaf_weight=26 42 31 128 25 61 85 24 53
leaf_count=26 42 31 128 25 61 85 24 53
internal_value=5.17227e-05 0.000176212 0.000505642 -0.000256841 -0.000601908 0.00111095 5.53676e-05 -3.60736e-05
internal_weight=475 433 263 170 92 111 152 78
internal_count=475 433 263 170 92 111 152 78
is_linear=0
shrinkage=0.0167612


Tree=95
num_leaves=8
num_cat=0
split_feature=11 113 76 181 97 63 157
split_gain=0.196033 0.196315 0.233956 0.176487 0.125052 0.0780787 0.0170024
threshold=0.6830127018922193 1.0000000180025095e-35 6.5000000000000009 1.0000000180025095e-35 1.0000000180025095e-35 639995.68350685562 1.0000000180025095e-35
decision_type=2 10 10 8 8 8 10
left_child=1 2 4 -2 -1 -4 -5
right_child=3 -3 5 6 -6 -7 -8
leaf_value=0.00069877802262555795 0.00013276149055367763 0.0011829846457792211 -0.0001932944890973517 -0.0005063029661398537 4.2912003277227338e-05 -0.0010184550962485865 -0.0012136286264712943
leaf_weight=129 25 24 33 46 136 39 43
leaf_count=129 25 24 33 46 136 39 43
internal_value=4.97422e-05 0.000248841 0.000122533 -0.000453957 0.000355157 -0.000534575 -0.000860745
internal_weight=475 361 337 114 265 72 89
internal_count=475 361 337 114 265 72 89
is_linear=0
shrinkage=0.0167612


Tree=96
num_leaves=11
num_cat=0
split_feature=76 6 40 9 12 12 217 82 215 137
split_gain=0.119992 0.24079 0.109807 0.0596154 0.149589 0.0495954 0.0359905 0.026625 0.158564 0.0120279
threshold=8.5000000000000018 1.5000000000000002 1.0000000180025095e-35 1.0000000180025095e-35 1.0000000180025095e-35 1.0000000180025095e-35 1.0000000180025095e-35 258492.09090909097 99.500000000000014 0.63333333333333341
decision_type=8 2 8 2 2 2 10 10 10 10
left_child=1 7 -2 4 -4 6 -3 9 -9 -1
right_child=2 5 3 -5 -6 -7 -8 8 -10 -11
leaf_value=0.00021168323565788483 -0.00093164185428857649 0.00022175296591894728 -0.00031513960472322324 -0.00054454900188350395 0.00053490696624640226 0.0014166359228614104 0.00072104879248818452 -0.00089913591863548107 6.1806729081050995e-05 -5.241583549113759e-05
leaf_weight=30 39 25 104 39 60 24 29 43 45 44
leaf_count=30 39 25 104 39 60 24 29 43 45 44
internal_value=-5.90944e-05 0.000166647 -0.000316696 -0.000138854 -1.42057e-05 0.000820738 0.000518364 -0.000111573 -0.000311393 -2.2498e-05
internal_weight=482 240 242 203 164 78 54 162 88 74
internal_count=482 240 242 203 164 78 54 162 88 74
is_linear=0
shrinkage=0.0167612


Tree=97
num_leaves=10
num_cat=0
split_feature=10 39 167 204 176 109 175 17 18
split_gain=0.140363 0.122258 0.282093 0.112113 0.0452494 0.11854 0.0264448 0.00976415 0.00650735
threshold=-0.24999999999999994 -179404.94480519477 1.0000000180025095e-35 1.0000000180025095e-35 1.0000000180025095e-35 429369.57520993066 831612.15263157908 1.0000000180025095e-35 1.0000000180025095e-35
decision_type=2 10 10 8 10 10 10 8 10
left_child=1 2 8 4 -2 -6 -3 -5 -1
right_child=3 6 -4 7 5 -7 -8 -9 -10
leaf_value=2.2910976656197636e-05 0.00028250747565770613 -6.5941205831460814e-05 0.0014965206447717916 -0.0010695110992441077 -0.00051964390744239724 0.00028813433658757677 -0.00048688652564770696 -0.00047625067971994358 0.00020843713060829651
leaf_weight=76 49 29 31 26 91 33 29 87 31
leaf_count=76 49 29 31 26 91 33 29 87 31
internal_value=-5.80639e-05 0.000236942 0.000526342 -0.000294674 -2.87318e-05 -0.000188171 -0.000168255 -0.000664832 0.000116072
internal_weight=482 196 138 286 173 124 58 113 107
internal_count=482 196 138 286 173 124 58 113 107
is_linear=0
shrinkage=0.0167612


Tree=98
num_leaves=11
num_cat=0
split_feature=13 123 46 45 91 150 12 23 76 145
split_gain=0.443521 0.614338 0.156586 0.163427 0.1163 0.281974 0.085022 0.0311073 0.0198189 0.0103837
threshold=433391.55702811241 26.000000000000004 182.00000000000003 3.0560606060606066 30.500000000000004 1.0000000180025095e-35 1.0000000180025095e-35 1.0000000180025095e-35 17.500000000000004 1.0000000180025095e-35
decision_type=2 10 8 8 8 10 2 10 10 10
left_child=4 7 3 -3 5 -1 8 -2 -6 -4
right_child=1 2 9 -5 6 -7 -8 -9 -10 -11
leaf_value=0.00038720891047315992 -0.0010676519187176954 0.00027772740273114858 0.001022010288650121 -0.00064032689637863948 -0.0002513434689167963 0.0019418174151668644 0.00063796902597267166 -0.0019438072874777396 7.1855066202995027e-05 0.00032906508613401281
leaf_weight=32 72 49 28 80 50 29 44 36 31 31
leaf_count=32 72 49 28 80 50 29 44 36 31 31
internal_value=-5.61648e-05 -0.00045181 1.63189e-05 -0.000190912 0.000509309 0.00105015 0.000221931 -0.00134299 -5.76117e-06 0.00063557
internal_weight=482 296 188 129 186 61 125 108 81 59
internal_count=482 296 188 129 186 61 125 108 81 59
is_linear=0
shrinkage=0.0167612


Tree=99
num_leaves=10
num_cat=0
split_feature=108 13 115 6 115 200 171 15 65
split_gain=0.116439 0.18543 0.158342 0.102801 0.101225 0.0850817 0.0552403 0.0501605 0.00213557
threshold=28.500000000000004 341961.51332199556 30024.183201233151 1.5000000000000002 147893.82524635483 42.87377450980393 1.0000000180025095e-35 1.0000000180025095e-35 264990.00000000006
decision_type=8 2 10 2 10 8 10 2 8
left_child=2 7 3 6 8 -4 -1 -2 -3
right_child=1 4 5 -5 -6 -7 -8 -9 -10
leaf_value=-2.9676250791536008e-05 9.7360624344795986e-05 -0.00029474939084208414 -0.00060457104496746284 0.0011856333712119984 -8.1434651267307831e-05 8.4278843831728039e-05 0.00054350079968218769 0.00073130649174003555 -0.00076042570521477721
leaf_weight=36 36 25 47 39 30 42 35 28 164
leaf_count=36 36 25 47 39 30 42 35 28 164
internal_value=-5.41057e-05 -0.000273148 0.000209228 0.000617122 -0.000521359 -0.000151192 0.000238739 0.000284888 -0.000688998
internal_weight=482 283 199 110 219 89 71 64 189
internal_count=482 283 199 110 219 89 71 64 189
is_linear=0
shrinkage=0.0167612


Tree=100
num_leaves=8
num_cat=0
split_feature=2 19 18 28 103 159 207
split_gain=0.313803 0.286313 0.136819 0.170154 0.194222 0.132804 0.000798635
threshold=2023.5000000000002 2.5000000000000004 1.0000000180025095e-35 4.2708333333333339 1.0000000180025095e-35 13.500000000000002 737527.77777777787
decision_type=2 8 10 10 8 10 10
left_child=1 -1 3 4 -2 -4 -5
right_child=2 -3 5 6 -6 -7 -8
leaf_value=4.5864700017147594e-05 -0.001297394509593161 0.0013787661894531158 0.00088339276514088152 1.9100282880001721e-05 -0.00032990567659364317 -2.0306293039054697e-05 0.00017218295083691129
leaf_weight=25 68 58 29 31 175 46 50
leaf_count=25 68 58 29 31 175 46 50
internal_value=-5.1629e-05 0.000704825 -0.000256772 -0.000420589 -0.000645321 0.000208012 5.07799e-05
internal_weight=482 83 399 324 243 75 81
internal_count=482 83 399 324 243 75 81
is_linear=0
shrinkage=0.0167612


Tree=101
num_leaves=8
num_cat=0
split_feature=204 13 7 39 9 12 108
split_gain=0.109383 0.227086 0.142727 0.0816659 0.0788435 0.0515382 0.0380615
threshold=1.0000000180025095e-35 964400.41217732907 1.0000000180025095e-35 1.0000000180025095e-35 1.0000000180025095e-35 1.0000000180025095e-35 23.500000000000004
decision_type=8 2 2 10 2 2 10
left_child=1 2 6 -3 5 -2 -1
right_child=4 3 -4 -5 -6 -7 -8
leaf_value=0.00036539614912272684 -0.00038150369772896851 -0.00021826577802401087 0.0010794595545427163 -0.0011130864568780663 -0.00087670889785096211 7.41800252292651e-05 2.7458675490293417e-05
leaf_weight=95 88 29 38 29 38 66 99
leaf_count=95 88 29 38 29 38 66 99
internal_value=-5.05526e-05 0.000122702 0.000378476 -0.000556924 -0.000345956 -0.000152947 0.000172902
internal_weight=482 290 232 58 192 154 194
internal_count=482 290 232 58 192 154 194
is_linear=0
shrinkage=0.0167612


Tree=102
num_leaves=10
num_cat=0
split_feature=204 192 26 9 15 42 6 85 10
split_gain=0.106154 0.153569 0.0806021 0.0768931 0.050232 0.0456458 0.156694 0.00499958 0.00135826
threshold=1.0000000180025095e-35 273453.4122354447 3.1750000000000003 1.0000000180025095e-35 1.0000000180025095e-35 928457.15277777787 1.5000000000000002 0.15894736842105264 -1.0000000180025095e-35
decision_type=8 10 10 2 2 10 2 8 2
left_child=1 2 -1 4 8 6 -3 -7 -2
right_child=3 5 -4 -5 -6 7 -8 -9 -10
leaf_value=0.00020218042227179462 -0.00013291786714555209 -0.00026118372501553649 0.00094555887787767321 -0.00086521215572501098 7.3944825694152125e-05 -0.00017856648490854548 0.0006800641103263961 -0.00069530380110105255 -0.00054604396566346745
leaf_weight=36 44 101 65 38 66 27 37 24 44
leaf_count=36 44 101 65 38 66 27 37 24 44
internal_value=-4.97823e-05 0.000120585 0.000591601 -0.000340956 -0.000149623 -9.33715e-05 -1.11377e-05 -0.00043652 -0.000375647
internal_weight=482 290 101 192 154 189 138 51 88
internal_count=482 290 101 192 154 189 138 51 88
is_linear=0
shrinkage=0.0167612


Tree=103
num_leaves=10
num_cat=0
split_feature=10 103 6 17 66 58 204 42 161
split_gain=0.114887 0.133901 0.188145 0.0927061 0.0657983 0.0648242 0.146486 0.0294448 0.00774624
threshold=0.68301270189221941 1.0000000180025095e-35 1.5000000000000002 1.0000000180025095e-35 24.500000000000004 302.50000000000006 1.0000000180025095e-35 736164.14141414152 1.053502569004366
decision_type=2 10 2 8 10 8 8 10 8
left_child=1 5 8 4 -2 7 -7 -1 -3
right_child=3 2 -4 -5 -6 6 -8 -9 -10
leaf_value=-0.00018205769066546631 -0.00032908523163606153 0.00016334588033836526 0.001078319726232644 -0.00011456050123815214 -0.001227620068682958 0.00075375947216809109 -0.00016928621407540683 -0.00079313220797710103 -8.9716697489954959e-05
leaf_weight=31 28 26 56 54 41 26 132 37 51
leaf_count=31 28 26 56 54 41 26 132 37 51
internal_value=-4.937e-05 7.60732e-05 0.000467209 -0.000445544 -0.000822082 -0.000121038 -1.28035e-05 -0.000484017 9.12566e-05
internal_weight=482 359 133 123 69 226 158 68 77
internal_count=482 359 133 123 69 226 158 68 77
is_linear=0
shrinkage=0.0167612


Tree=104
num_leaves=9
num_cat=0
split_feature=49 196 67 13 50 52 55 11
split_gain=0.260131 0.0985829 0.116692 0.05635 0.115575 0.0325903 0.0120119 0.00560798
threshold=1.0000000180025095e-35 10.500000000000002 13.500000000000002 900858.57142857148 1.0000000180025095e-35 1.0000000180025095e-35 449946.55172413803 -0.68301270189221952
decision_type=10 8 10 2 10 10 10 2
left_child=1 2 7 4 -3 -4 -5 -1
right_child=-2 3 5 6 -6 -7 -8 -9
leaf_value=0.00013360102742735467 0.0010819898588010296 5.3496007690306505e-05 -0.0011573083373808506 -0.00038762321363550666 0.00081618418159623237 -0.00036195021107512894 -5.6336684955204308e-05 -5.3314527737974514e-05
leaf_weight=24 29 188 36 26 52 37 34 75
leaf_count=24 29 188 36 26 52 37 34 75
internal_value=6.55729e-05 -1.53866e-05 -0.000322152 0.000135944 0.000270397 -0.000761081 -0.000158819 -5.11612e-05
internal_weight=501 472 172 300 240 73 60 99
internal_count=501 472 172 300 240 73 60 99
is_linear=0
shrinkage=0.0167612


Tree=105
num_leaves=8
num_cat=1
split_feature=49 1 26 65 10 121 26
split_gain=0.254681 0.139177 0.213375 0.184256 0.146133 0.0738699 0.0598622
threshold=1.0000000180025095e-35 0 2.2950000000000004 415145.42380952387 0.25000000000000011 1.0000000180025095e-35 2.7950000000000004
decision_type=10 1 10 10 2 8 10
left_child=1 4 5 -4 6 -3 -1
right_child=-2 2 3 -5 -6 -7 -8
leaf_value=-0.00019761979016342265 0.0010707540491488152 0.001227675419873562 0.00011139273439519363 -0.00083182224202509318 -0.00079416851452890097 0.00038541546226896373 0.0004224054061122636
leaf_weight=69 29 36 110 46 91 89 31
leaf_count=69 29 36 110 46 91 89 31
internal_value=6.50364e-05 -1.48829e-05 0.000185262 -0.000128544 -0.000341476 0.000667554 -5.37732e-05
internal_weight=501 472 281 156 191 125 100
internal_count=501 472 281 156 191 125 100
cat_boundaries=0 1
cat_threshold=70
is_linear=0
shrinkage=0.0167612


Tree=106
num_leaves=8
num_cat=0
split_feature=49 195 204 44 67 187 187
split_gain=0.249303 0.111769 0.0946809 0.0792833 0.0545837 0.112366 0.0171617
threshold=1.0000000180025095e-35 1.5000000000000002 1.0000000180025095e-35 0.78978452936008914 42.500000000000007 0.071858864027538702 0.14550264550264549
decision_type=10 10 10 10 8 8 8
left_child=1 4 3 -3 5 -1 -6
right_child=-2 2 -4 -5 6 -7 -8
leaf_value=0.00011620330473122085 0.0010597023478998713 0.0001316277322973001 -0.0010042542522531548 -0.00047979829691195225 -0.0002411157844843837 0.00085230381675386777 5.5180354773996039e-05
leaf_weight=48 29 64 25 70 33 56 176
leaf_count=48 29 64 25 70 33 56 176
internal_value=6.46775e-05 -1.42024e-05 -0.000356468 -0.000155602 0.000138309 0.00041463 1.13535e-05
internal_weight=501 472 159 134 313 104 209
internal_count=501 472 159 134 313 104 209
is_linear=0
shrinkage=0.0167612


Tree=107
num_leaves=8
num_cat=0
split_feature=49 194 204 200 110 187 165
split_gain=0.244236 0.0868575 0.102672 0.0582199 0.0429974 0.061887 0.00933914
threshold=1.0000000180025095e-35 1.5000000000000002 1.0000000180025095e-35 65.468085106382986 1.0000000180025095e-35 0.071858864027538702 35.269480519480524
decision_type=10 8 10 8 10 8 10
left_child=1 2 3 -1 5 -3 -6
right_child=-2 4 -4 -5 6 -7 -8
leaf_value=-0.00041034734193656937 0.0010484381140082484 -0.00041541965527561468 -0.00097907225024521202 0.0001172875339581859 0.00055947197749161301 0.00012649866282885274 0.00014314763938448675
leaf_weight=63 29 42 25 69 54 187 32
leaf_count=63 29 42 25 69 54 187 32
internal_value=6.3489e-05 -1.44114e-05 -0.000320112 -0.000108806 0.000115938 8.74858e-06 0.00038823
internal_weight=501 472 157 132 315 229 86
internal_count=501 472 157 132 315 229 86
is_linear=0
shrinkage=0.0167612


Tree=108
num_leaves=7
num_cat=0
split_feature=49 61 24 212 17 121
split_gain=0.239226 0.0985149 0.0879733 0.0846255 0.0727682 0.0577954
threshold=1.0000000180025095e-35 0.71666666666666667 2.7795138888888893 1.0000000180025095e-35 1.0000000180025095e-35 1.0000000180025095e-35
decision_type=10 8 8 8 10 8
left_child=1 4 5 -4 -1 -3
right_child=-2 2 3 -5 -6 -7
leaf_value=-0.001042223524166224 0.0010373719910893799 -7.9145640103273597e-05 0.00044105324475034847 -8.2303988493855486e-06 -0.00022072799017000959 -0.00057889830845819551
leaf_weight=28 29 25 171 151 27 70
leaf_count=28 29 25 171 151 27 70
internal_value=6.25131e-05 -1.44064e-05 5.10288e-05 0.000196959 -0.000539587 -0.000298471
internal_weight=501 472 417 322 55 95
internal_count=501 472 417 322 55 95
is_linear=0
shrinkage=0.0167612


Tree=109
num_leaves=7
num_cat=0
split_feature=107 196 94 200 142 194
split_gain=0.234303 0.118945 0.107907 0.0732248 0.0468587 0.0428733
threshold=1.0000000180025095e-35 1.0000000180025095e-35 11.500000000000002 41.31071428571429 2.9920634920634925 3.5000000000000004
decision_type=10 8 10 8 8 8
left_child=1 2 -1 4 -3 -5
right_child=-2 3 -4 5 -6 -7
leaf_value=-0.00013697082241753084 0.0010264521134960996 -0.0004769327779336485 -0.0010416158736277154 0.00050619612519101542 -3.944260679778506e-05 6.3365141366081277e-05
leaf_weight=49 29 65 38 95 41 184
leaf_count=49 29 65 38 95 41 184
internal_value=6.16227e-05 -1.43219e-05 -0.00049606 8.65995e-05 -0.000196793 0.000241058
internal_weight=501 472 87 385 106 279
internal_count=501 472 87 385 106 279
is_linear=0
shrinkage=0.0167612


Tree=110
num_leaves=11
num_cat=1
split_feature=0 26 83 137 51 24 13 23 129 134
split_gain=0.252309 0.119385 0.167351 0.131147 0.0780293 0.0724061 0.174452 0.152932 0.0592319 0.0101441
threshold=0 2.3400000000000003 1.0000000180025095e-35 1.0000000180025095e-35 1.0000000180025095e-35 3.3926218708827407 520784.99864864867 900.00000000000011 1.5000000000000002 1.0000000180025095e-35
decision_type=9 10 8 10 10 8 2 8 8 8
left_child=5 2 -2 -3 -5 9 7 -7 -8 -1
right_child=1 3 -4 4 -6 6 8 -9 -10 -11
leaf_value=0.00022847992095351299 0.00074414172228946763 -0.00016581486075819624 -0.00022029977427474206 -0.0013460029390969235 -0.0003523030210502787 0.0019658610629025566 0.00042325336975290929 0.0006656277142376327 -0.0002773560016304051 -1.0314726455405154e-05
leaf_weight=30 34 47 112 54 32 26 32 56 28 50
leaf_count=30 34 47 112 54 32 26 32 56 28 50
internal_value=6.12679e-05 -0.000233285 -1.33333e-05 -0.000582779 -0.00095271 0.00045231 0.000708258 0.00115576 0.000168225 8.56609e-05
internal_weight=501 279 146 133 86 222 142 82 60 80
internal_count=501 279 146 133 86 222 142 82 60 80
cat_boundaries=0 1
cat_threshold=4459335
is_linear=0
shrinkage=0.0167612


Tree=111
num_leaves=7
num_cat=0
split_feature=3 13 95 105 83 24
split_gain=0.233969 0.372989 0.218152 0.298373 0.139707 0.0433378
threshold=4.5000000000000009 203181.85000000003 1.0000000180025095e-35 12780.606496916191 1.0000000180025095e-35 3.2344322344322349
decision_type=2 2 8 10 10 8
left_child=4 -2 3 -3 5 -1
right_child=1 2 -4 -5 -6 -7
leaf_value=0.00016322686733504787 0.0014801748992404867 0.0011210337446403834 -0.0004177464815704448 4.7683673989698312e-05 -0.0010640334273235136 -0.00031395479896664043
leaf_weight=39 33 74 99 139 40 77
leaf_count=39 33 74 99 139 40 77
internal_value=6.09541e-05 0.000307387 0.000111476 0.000402303 -0.000401958 -0.000112633
internal_weight=501 345 312 213 156 116
internal_count=501 345 312 213 156 116
is_linear=0
shrinkage=0.0167612


Tree=112
num_leaves=7
num_cat=0
split_feature=107 43 10 46 108 159
split_gain=0.247287 0.154384 0.209844 0.0860526 0.185679 0.109675
threshold=1.0000000180025095e-35 1.0000000180025095e-35 1.0000000180025095e-35 30.500000000000004 28.500000000000004 33.500000000000007
decision_type=10 8 2 10 8 10
left_child=1 2 -1 4 -3 -5
right_child=-2 3 -4 5 -6 -7
leaf_value=-0.00015034895929342832 0.0010352305797675433 0.00074144111306538596 -0.0012648854713434073 -0.00081963864004208392 1.8895618860459387e-05 1.2881906092747061e-05
leaf_weight=33 35 107 42 37 221 25
leaf_count=33 35 107 42 37 221 25
internal_value=9.43772e-05 3.64688e-06 -0.000577677 0.000116529 0.00024232 -0.000289234
internal_weight=500 465 75 390 328 62
internal_count=500 465 75 390 328 62
is_linear=0
shrinkage=0.0167612


Tree=113
num_leaves=9
num_cat=0
split_feature=17 165 43 3 115 36 187 11
split_gain=0.290425 0.305493 0.118434 0.205502 0.0818578 0.159013 0.0842561 0.00705509
threshold=1.0000000180025095e-35 88.952380952380963 1.0000000180025095e-35 6.5000000000000009 76842.951108669833 36.500000000000007 0.11269841269841267 -0.24999999999999994
decision_type=10 8 8 2 10 8 8 2
left_child=2 7 3 -1 5 -4 -6 -2
right_child=1 -3 4 -5 6 -7 -8 -9
leaf_value=-0.0012524695144240209 0.00023535608479634815 0.0016222764468452749 0.00078124538861754945 -0.00015138654612354194 -0.00068351844026877113 1.2853905976099834e-05 -1.477990924040409e-05 -1.3729487217556669e-05
leaf_weight=42 25 46 62 33 60 177 24 31
leaf_count=42 25 46 62 33 60 177 24 31
internal_value=9.33162e-05 0.000781913 -8.51228e-05 -0.000584995 1.65602e-05 0.000193549 -0.000323772 0.000195666
internal_weight=500 102 398 75 323 239 84 56
internal_count=500 102 398 75 323 239 84 56
is_linear=0
shrinkage=0.0167612


Tree=114
num_leaves=9
num_cat=0
split_feature=17 13 65 3 121 171 46 189
split_gain=0.281803 0.298569 0.156222 0.141941 0.0870027 0.0647141 0.220876 0.00320155
threshold=1.0000000180025095e-35 1021534.403215832 88713.547619047647 3.5000000000000004 1.0000000180025095e-35 1.0000000180025095e-35 15.500000000000002 92.500000000000014
decision_type=10 2 10 2 10 10 10 10
left_child=3 2 -2 4 -1 6 -5 -7
right_child=1 -3 -4 5 -6 7 -8 -9
leaf_value=-0.0001537071370699921 0.0020622897972129351 3.2979942343022107e-05 0.00071049159626750634 0.00010653291251850123 -0.0010512451297778978 0.00047743946754489665 -0.00096811867447741317 0.00016059295518852697
leaf_weight=51 36 26 40 169 45 79 30 24
leaf_count=51 36 26 40 169 45 79 30 24
internal_value=9.22492e-05 0.000770626 0.00134515 -8.32297e-05 -0.00057312 5.44466e-05 -6.81215e-05 0.000366806
internal_weight=500 102 76 398 96 302 199 103
internal_count=500 102 76 398 96 302 199 103
is_linear=0
shrinkage=0.0167612


Tree=115
num_leaves=10
num_cat=0
split_feature=163 10 46 24 69 162 152 204 115
split_gain=0.232649 0.198801 0.174103 0.15967 0.131224 0.118551 0.0858871 0.0637797 0.0145052
threshold=1.0000000180025095e-35 -0.24999999999999994 182.00000000000003 2.2066666666666674 1.0000000180025095e-35 58603738.501794003 32.500000000000007 1.0000000180025095e-35 110908.35961507687
decision_type=10 2 8 10 10 8 8 10 10
left_child=1 2 8 -2 6 -4 -3 -6 -1
right_child=3 4 5 -5 7 -7 -8 -9 -10
leaf_value=-4.9813586412016743e-05 0.0013720128235657524 0.00046763881457720146 0.0012653469551410221 0.00022704643892797804 -0.00046312777816102273 0.00026265855786780531 -0.00025076639520370264 -0.0013261228062339783 -0.00040957504913746311
leaf_weight=34 45 32 46 43 78 65 99 30 28
leaf_count=34 45 32 46 43 78 65 99 30 28
internal_value=8.96041e-05 -5.35158e-05 0.000309089 0.000749396 -0.000367616 0.000708547 -4.5901e-05 -0.000761778 -0.00014043
internal_weight=500 412 173 88 239 111 131 108 62
internal_count=500 412 173 88 239 111 131 108 62
is_linear=0
shrinkage=0.0167612


Tree=116
num_leaves=7
num_cat=0
split_feature=156 204 119 181 44 17
split_gain=0.225642 0.144529 0.162071 0.185096 0.105311 0.0642722
threshold=1.0000000180025095e-35 1.0000000180025095e-35 933322.69444444461 1.0000000180025095e-35 0.76036323944642825 1.0000000180025095e-35
decision_type=10 10 10 8 10 10
left_child=1 2 3 -1 5 -2
right_child=4 -3 -4 -5 -6 -7
leaf_value=0.00090107398442740305 0.00065387422474246805 -0.00070930348635530325 -0.00062669676855006684 1.234229770778269e-05 0.00024764392049972839 0.0017969669862234786
leaf_weight=50 25 48 46 268 37 26
leaf_count=50 25 48 46 268 37 26
internal_value=8.8e-05 -5.2665e-05 3.20253e-05 0.000189316 0.000737882 0.00122751
internal_weight=500 412 364 318 88 51
internal_count=500 412 364 318 88 51
is_linear=0
shrinkage=0.0167612


Tree=117
num_leaves=11
num_cat=1
split_feature=0 11 202 69 3 142 17 7 110 110
split_gain=0.372724 0.223078 0.109741 0.106543 0.0925906 0.0733294 0.0607424 0.0244147 0.0172598 0.0096395
threshold=0 -1.0000000180025095e-35 21.500000000000004 1.0000000180025095e-35 8.5000000000000018 3.4821428571428577 1.0000000180025095e-35 1.0000000180025095e-35 1.0000000180025095e-35 1.0000000180025095e-35
decision_type=9 2 8 8 2 8 10 2 8 8
left_child=5 2 -2 -3 -5 9 8 -4 -7 -1
right_child=1 3 7 4 -6 6 -8 -9 -10 -11
leaf_value=0.0002877616601605608 0.00059418303714577005 -0.00027441576475664464 -0.00033274600471649101 -0.0015391211031584016 -0.00054232278820407691 0.00022347130225703455 0.0014323368064284774 -3.9686400853036934e-05 0.00069212701099369137 5.031312650316583e-05
leaf_weight=34 50 32 67 47 57 31 30 26 74 52
leaf_count=34 50 32 67 47 57 31 30 26 74 52
internal_value=8.60652e-05 -0.000275609 5.82363e-05 -0.000744242 -0.00102972 0.000559294 0.000850196 -0.000137127 0.000594119 0.000190292
internal_weight=500 279 143 136 104 221 135 93 105 86
internal_count=500 279 143 136 104 221 135 93 105 86
cat_boundaries=0 1
cat_threshold=6556494
is_linear=0
shrinkage=0.0167612


Tree=118
num_leaves=10
num_cat=0
split_feature=156 10 43 13 105 167 185 46 92
split_gain=0.214456 0.186879 0.177863 0.169577 0.153603 0.201474 0.0953735 0.0820982 0.0773896
threshold=1.0000000180025095e-35 0.25000000000000011 1.0000000180025095e-35 667242.50000000012 136028.75973246901 1.0000000180025095e-35 33.500000000000007 21.500000000000004 10.500000000000002
decision_type=10 2 8 2 10 10 10 8 10
left_child=1 4 -3 6 5 -1 -2 -6 -4
right_child=3 2 8 -5 7 -7 -8 -9 -10
leaf_value=6.9689786580144175e-05 0.0017908727911956749 -0.0012525169522857324 -0.00038495011973916163 0.00029320442560531112 -0.00014069672981274536 0.0010926667908663654 0.00058076869904454204 -0.00084386347655840595 0.00025450455707234725
leaf_weight=128 34 34 103 27 25 61 27 30 31
leaf_count=128 34 34 103 27 25 61 27 30 31
internal_value=8.58015e-05 -5.08546e-05 -0.000459915 0.000719502 0.000196802 0.000447785 0.0012224 -0.000328889 -0.000179065
internal_weight=500 412 168 88 244 189 61 55 134
internal_count=500 412 168 88 244 189 61 55 134
is_linear=0
shrinkage=0.0167612


Tree=119
num_leaves=8
num_cat=0
split_feature=17 58 13 13 181 19 36
split_gain=0.251827 0.28935 0.17286 0.161141 0.263206 0.199177 0.00783536
threshold=1.0000000180025095e-35 300.00000000000006 1134512.5269868083 238015.73506944449 1.0000000180025095e-35 3.5000000000000004 27.500000000000004
decision_type=10 8 2 2 8 8 10
left_child=2 6 3 5 -5 -1 -2
right_child=1 -3 -4 4 -6 -7 -8
leaf_value=0.00027995794544754301 8.7358339882106125e-06 0.0016156029732055355 -0.00086627623350426966 0.00079512518783891037 -0.00031685599175902766 0.0014635505421799803 0.00021536472123870841
leaf_weight=26 25 39 35 34 276 27 38
leaf_count=26 25 39 35 34 276 27 38
internal_value=8.38948e-05 0.000725812 -8.10233e-05 -1.56643e-06 -0.000116763 0.000669401 0.000166064
internal_weight=500 102 398 363 310 53 63
internal_count=500 102 398 363 310 53 63
is_linear=0
shrinkage=0.0167612


Tree=120
num_leaves=8
num_cat=0
split_feature=5 9 218 108 45 66 204
split_gain=0.207512 0.202008 0.113338 0.157017 0.0842092 0.0785919 0.0208164
threshold=1.5000000000000002 1.0000000180025095e-35 0.010924771589916216 43.500000000000007 2.3303030303030305 23.500000000000004 1.0000000180025095e-35
decision_type=2 2 10 8 10 10 8
left_child=4 2 3 -2 6 -4 -1
right_child=1 -3 5 -5 -6 -7 -8
leaf_value=-0.00041996400588773636 0.00094957505459245233 -0.00043907954517723613 -0.00048015755708606927 0.00012108663011263024 -0.00022390120559511207 0.00025955106250588676 -0.001119643422234508
leaf_weight=44 130 58 38 112 24 35 45
leaf_count=44 130 58 38 112 24 35 45
internal_value=1.43399e-05 0.00021379 0.000401261 0.00058133 -0.000512368 2.30174e-05 -0.000799444
internal_weight=486 373 315 242 113 73 89
internal_count=486 373 315 242 113 73 89
is_linear=0
shrinkage=0.0167612


Tree=121
num_leaves=9
num_cat=0
split_feature=11 41 145 187 10 30 187 33
split_gain=0.287633 0.116517 0.123574 0.0900316 0.0699066 0.0604944 0.0413833 0.0197117
threshold=-0.68301270189221952 1.0000000180025095e-35 1.0000000180025095e-35 0.25820105820105821 -0.5 55.500000000000007 0.075498575498575457 1.0000000180025095e-35
decision_type=2 8 8 8 2 8 10 10
left_child=5 3 -3 6 -5 -1 -2 -4
right_child=1 2 7 4 -6 -7 -8 -9
leaf_value=0.001019216503177114 -0.00046943483771274408 -0.001152848634331338 -0.00033711041534542331 0.0008144839672506129 0.00019174487464338451 0.00024558896002299012 -3.8879327037862725e-05 -6.4200015443140773e-05
leaf_weight=67 49 32 121 50 26 55 32 54
leaf_count=67 49 32 121 50 26 55 32 54
internal_value=1.33694e-05 -0.000195116 -0.000453157 6.43398e-05 0.000458477 0.000642694 -0.00017355 -0.000249684
internal_weight=486 364 207 157 76 122 81 175
internal_count=486 364 207 157 76 122 81 175
is_linear=0
shrinkage=0.0167612


Tree=122
num_leaves=10
num_cat=0
split_feature=10 11 99 176 203 13 196 92 50
split_gain=0.205932 0.20744 0.28204 0.277019 0.108574 0.0523632 0.0142974 0.0135291 0.0016007
threshold=0.25000000000000011 1.0000000180025095e-35 1.5000000000000002 22.000000000000004 0.039480519480519456 427905.18238993717 10.500000000000002 13.500000000000002 1.0000000180025095e-35
decision_type=2 2 10 10 10 2 10 10 8
left_child=1 2 -1 -4 7 8 -7 -2 -3
right_child=4 5 3 -5 -6 6 -8 -9 -10
leaf_value=7.8719480022544977e-05 -0.00064545111997628012 3.9574238030776111e-05 0.00045372827590723296 0.0019299768511954315 0.00012968553547751648 -0.00060423885405884014 -0.00016317104750902375 -0.00023833989325634659 0.00020236466694107042
leaf_weight=56 144 26 56 51 31 46 27 25 24
leaf_count=56 144 26 56 51 31 46 27 25 24
internal_value=1.26069e-05 0.000300225 0.000680533 0.00116437 -0.000348069 -8.77082e-05 -0.000398885 -0.000557137 9.4625e-05
internal_weight=486 286 163 107 200 123 73 169 50
internal_count=486 286 163 107 200 123 73 169 50
is_linear=0
shrinkage=0.0167612


Tree=123
num_leaves=8
num_cat=0
split_feature=11 41 145 13 187 176 169
split_gain=0.275975 0.111684 0.120761 0.0894913 0.0744127 0.0956987 0.0739925
threshold=-0.68301270189221952 1.0000000180025095e-35 1.0000000180025095e-35 683200.60470085486 0.071858864027538702 23.500000000000004 115.74135015000002
decision_type=2 8 8 2 8 10 10
left_child=6 4 -3 -4 -2 -6 -1
right_child=1 2 3 -5 5 -7 -8
leaf_value=0.00017844103610218653 -0.00026601687404519375 -0.0011355558985439143 -3.1533776787289641e-05 -0.00067594114715831168 6.1326183111434424e-05 0.00092038309395074246 0.0010010113438281179
leaf_weight=50 47 32 125 50 83 27 72
leaf_count=50 47 32 125 50 83 27 72
internal_value=1.23638e-05 -0.000191506 -0.000444225 -0.000242428 6.16054e-05 0.00033366 0.000629133
internal_weight=486 364 207 175 157 110 122
internal_count=486 364 207 175 157 110 122
is_linear=0
shrinkage=0.0167612


Tree=124
num_leaves=9
num_cat=0
split_feature=11 94 124 76 48 41 156 10
split_gain=0.280683 0.12731 0.166077 0.0776218 0.0830267 0.029547 0.012204 0.00208047
threshold=1.0000000180025095e-35 45.500000000000007 -0.40717424114102335 1.0000000180025095e-35 1.0000000180025095e-35 1.0000000180025095e-35 1.0000000180025095e-35 0.25000000000000011
decision_type=2 8 10 8 8 10 10 2
left_child=1 2 -1 5 6 -2 -5 -6
right_child=3 -3 -4 4 7 -7 -8 -9
leaf_value=0.0010272922379526875 0.00024369448195271353 6.0288213325329856e-05 0.00019475000772110098 -0.0012604576612172849 -5.6462223354384734e-05 -0.00021675500284860309 -0.00051700739869834007 -0.00019193540624176076
leaf_weight=111 39 103 36 44 43 41 31 38
leaf_count=111 39 103 36 44 43 41 31 38
internal_value=1.15238e-05 0.000392525 0.000701533 -0.000356035 -0.000579248 -6.74279e-05 -0.000948314 -0.000186361
internal_weight=486 250 147 236 156 80 75 81
internal_count=486 250 147 236 156 80 75 81
is_linear=0
shrinkage=0.0167612


Tree=125
num_leaves=9
num_cat=0
split_feature=187 176 11 26 126 18 92 141
split_gain=0.107699 0.357061 0.169532 0.162796 0.145748 0.0475989 0.127879 0.0149802
threshold=0.085230024213075059 23.500000000000004 -1.0000000180025095e-35 2.6850000000000005 1.0000000180025095e-35 1.0000000180025095e-35 3.5000000000000004 1.0000000180025095e-35
decision_type=8 10 2 8 8 10 10 10
left_child=5 3 -3 7 -5 6 -1 -2
right_child=1 2 -4 4 -6 -7 -8 -9
leaf_value=-0.00099527160238759124 0.00091746950553196402 0.0020695866550763942 0.0005322462478302085 -0.00087512878007128261 -1.9386325278048712e-05 -0.00010481440202230851 -0.00017471069838218288 0.00023767739012011364
leaf_weight=54 32 24 25 44 197 40 40 30
leaf_count=54 32 24 25 44 197 40 40 30
internal_value=9.91471e-06 0.000173199 0.00117642 -1.21619e-06 -0.00022372 -0.00032913 -0.000548612 0.000565904
internal_weight=486 352 49 303 241 134 94 62
internal_count=486 352 49 303 241 134 94 62
is_linear=0
shrinkage=0.0167612


Tree=126
num_leaves=8
num_cat=0
split_feature=10 119 29 24 17 13 11
split_gain=0.193436 0.151582 0.202945 0.128467 0.092186 0.0585782 0.0168398
threshold=0.25000000000000011 902296.73076923087 1.0000000180025095e-35 3.0427272727272734 1.0000000180025095e-35 376263.59140184143 -0.5
decision_type=2 10 10 8 10 2 2
left_child=1 2 6 -4 5 -2 -1
right_child=4 -3 3 -5 -6 -7 -8
leaf_value=0.00018678803041836375 -0.00014772608919075891 -0.00037701310371853977 0.00027337564092842222 0.0012690050436602088 8.1688529447535097e-05 -0.00073419640487232133 -0.00012034048371835547
leaf_weight=55 49 29 42 84 32 119 76
leaf_count=55 49 29 42 84 32 119 76
internal_value=1.01832e-05 0.000289506 0.000455523 0.000887685 -0.000338936 -0.000535011 5.68772e-05
internal_weight=486 286 257 126 200 168 131
internal_count=486 286 257 126 200 168 131
is_linear=0
shrinkage=0.0167612


Tree=127
num_leaves=11
num_cat=0
split_feature=11 66 142 17 10 28 110 167 165 10
split_gain=0.264657 0.132681 0.101721 0.0630014 0.0646558 0.109398 0.0565395 0.00100178 0.000968993 0.000201091
threshold=1.0000000180025095e-35 39.500000000000007 4.0833333333333339 1.0000000180025095e-35 -0.6830127018922193 65.468085106382986 1.0000000180025095e-35 1.0000000180025095e-35 19.719696969696976 1.0000000180025095e-35
decision_type=2 8 8 10 2 8 10 8 10 2
left_child=1 2 8 4 -2 -6 -4 -3 -1 -9
right_child=3 7 6 -5 5 -7 -8 9 -10 -11
leaf_value=7.2641975441973543e-05 -0.00017947985163207367 4.5408144553784364e-05 0.00067534476317272795 -7.8443116573923292e-05 -0.00024039608549840703 -0.00087487458280661112 0.0016316937901259686 -7.5553387767114886e-05 0.00014682482021203351 -1.1005718265613972e-05
leaf_weight=30 34 29 54 47 29 126 29 38 27 43
leaf_count=30 34 29 54 47 29 126 29 38 27 43
internal_value=9.62178e-06 0.000380102 0.000709379 -0.000346838 -0.000505972 -0.000657365 0.00107091 5.52047e-05 0.000189239 -3.63258e-05
internal_weight=486 250 140 236 189 155 83 110 57 81
internal_count=486 250 140 236 189 155 83 110 57 81
is_linear=0
shrinkage=0.0167612


Tree=128
num_leaves=10
num_cat=0
split_feature=204 106 97 6 109 46 9 225 141
split_gain=0.113248 0.175711 0.137073 0.102719 0.070757 0.0458429 0.0349773 0.0382543 0.00670742
threshold=1.0000000180025095e-35 31325.358453939178 1.0000000180025095e-35 1.0000000180025095e-35 224358.07418699187 30.500000000000004 1.0000000180025095e-35 16.500000000000004 1.0000000180025095e-35
decision_type=8 10 10 2 10 10 2 8 10
left_child=1 2 3 -1 5 -3 7 -2 -6
right_child=6 4 -4 -5 8 -7 -8 -9 -10
leaf_value=0.0003571462913044443 -0.00051889111692868283 -0.00023744806810761652 0.00012060965348164837 0.0011218462632179265 0.00016211042780038524 -0.00089919740823897639 -0.00068135123886107704 -1.8045471750344508e-05 4.8333587739414606e-06
leaf_weight=26 24 24 42 94 45 35 35 136 26
leaf_count=26 24 24 42 94 45 35 35 136 26
internal_value=0 0.000196261 0.000553344 0.000853964 -0.000154109 -0.000542348 -0.000286898 -0.000149352 1.15569e-05
internal_weight=487 292 162 120 130 59 195 160 71
internal_count=487 292 162 120 130 59 195 160 71
is_linear=0
shrinkage=0.0167612


Tree=129
num_leaves=9
num_cat=0
split_feature=67 13 220 4 92 90 7 39
split_gain=0.0954544 0.392393 0.294555 0.230916 0.225177 0.143526 0.0322219 0.0234393
threshold=6.5000000000000009 493175.9652597403 630.00000000000011 132.00000000000003 14.500000000000002 40.500000000000007 1.0000000180025095e-35 113463.28294213973
decision_type=8 2 10 2 10 8 2 8
left_child=2 5 -1 4 -3 -2 -5 -7
right_child=1 3 -4 6 -6 7 -8 -9
leaf_value=-0.00019480892271373862 0.0010718618732594991 -0.0012389790720044654 0.0012291210631476133 -6.9214055857121153e-05 -0.00024328161018790902 -6.3796843341292603e-05 0.00035320112648829166 0.00024820750016934042
leaf_weight=28 46 126 43 54 30 26 30 104
leaf_count=28 46 126 43 54 30 26 30 104
internal_value=0 -9.68829e-05 0.00045623 -0.000527274 -0.000906356 0.000420705 -4.60017e-05 0.00014353
internal_weight=487 416 71 240 156 176 84 130
internal_count=487 416 71 240 156 176 84 130
is_linear=0
shrinkage=0.0167612


Tree=130
num_leaves=8
num_cat=0
split_feature=152 137 185 7 6 162 6
split_gain=0.14908 0.191713 0.164095 0.138571 0.0281231 0.0130212 0.00495534
threshold=38.500000000000007 0.63333333333333341 42.500000000000007 1.0000000180025095e-35 1.5000000000000002 56675169.900530793 1.0000000180025095e-35
decision_type=10 8 8 2 2 10 2
left_child=2 -2 3 5 6 -1 -4
right_child=1 -3 4 -5 -6 -7 -8
leaf_value=5.0067966742075085e-05 -0.0001608795740998037 -0.001240310403123075 -0.00012666938568562459 0.0010371706771909498 -0.00041547903263749298 0.00023983609012384328 3.0981229619185055e-05
leaf_weight=47 44 38 48 54 68 117 71
leaf_count=47 44 38 48 54 68 117 71
internal_value=0 -0.000539611 0.000126847 0.000433008 -0.000171357 0.000175971 -2.32605e-05
internal_weight=487 82 405 218 187 164 119
internal_count=487 82 405 218 187 164 119
is_linear=0
shrinkage=0.0167612


Tree=131
num_leaves=8
num_cat=0
split_feature=13 123 153 13 181 51 153
split_gain=0.119082 0.496188 0.340596 0.197449 0.229829 0.0519101 0.0311131
threshold=232620.91666666669 46.000000000000007 7.5000000000000009 941923.35459183692 1.0000000180025095e-35 1.0000000180025095e-35 24.500000000000004
decision_type=2 10 8 2 8 10 8
left_child=1 -1 5 4 -4 -2 -5
right_child=2 -3 3 6 -6 -7 -8
leaf_value=0.0017873187099218481 0.00042058750199627657 -0.00019329809250378114 0.00065858878981566241 -0.001475575981304465 -0.00030490588870385466 0.00140674409608386 -0.00061226737214665073
leaf_weight=26 31 27 51 28 253 27 44
leaf_count=26 31 27 51 28 253 27 44
internal_value=0 0.000571128 -9.17698e-05 -0.000293238 -9.34852e-05 0.000808459 -0.00094888
internal_weight=487 53 434 376 304 58 72
internal_count=487 53 434 376 304 58 72
is_linear=0
shrinkage=0.0167612


Tree=132
num_leaves=10
num_cat=0
split_feature=10 159 28 13 13 203 145 171 103
split_gain=0.110131 0.167409 0.140349 0.120054 0.165978 0.113135 0.0502718 0.0284023 0.0252113
threshold=-0.24999999999999994 7.5000000000000009 45.41076923076924 221493.83333333334 583996.57073643419 0.25198412698412703 1.0000000180025095e-35 1.0000000180025095e-35 1.0000000180025095e-35
decision_type=2 8 8 2 2 8 10 10 10
left_child=1 -1 8 -4 -5 7 -7 -3 -2
right_child=2 5 3 4 -6 6 -8 -9 -10
leaf_value=0.00093705342829441185 0.00062124421300121559 -0.00083270274690640592 0.00012022294012633261 -0.00012569798069378028 -0.0010530272669034215 6.2004203843842736e-05 0.00075037414703915456 -0.00016295912759636992 0.00011404161003667943
leaf_weight=47 30 24 27 98 93 80 27 32 29
leaf_count=47 30 24 27 98 93 80 27 32 29
internal_value=0 0.000266053 -0.000206674 -0.000423351 -0.000602881 2.7369e-05 0.000304639 -0.000441961 0.000290987
internal_weight=487 210 277 218 191 163 107 56 59
internal_count=487 210 277 218 191 163 107 56 59
is_linear=0
shrinkage=0.0167612


Tree=133
num_leaves=7
num_cat=0
split_feature=3 124 107 119 51 45
split_gain=0.136305 0.24254 0.236584 0.136423 0.204332 0.100013
threshold=10.500000000000002 1.1335106002137469 1.0000000180025095e-35 757750.00000000012 1.0000000180025095e-35 2.8708425720620849
decision_type=2 8 10 10 10 10
left_child=2 -2 3 4 -1 -5
right_child=1 -3 -4 5 -6 -7
leaf_value=-7.355481924433277e-06 6.2129722170412474e-05 -0.0011683976094277043 0.0011198855929835932 -0.0011862010451743192 0.00085083315784616512 -0.00018680716972717691
leaf_weight=261 29 52 25 24 59 37
leaf_count=261 29 52 25 24 59 37
internal_value=0 -0.000517073 0.000122372 5.72245e-06 0.00014731 -0.000556612
internal_weight=487 81 406 381 320 61
internal_count=487 81 406 381 320 61
is_linear=0
shrinkage=0.0167612


Tree=134
num_leaves=7
num_cat=0
split_feature=3 49 39 7 40 79
split_gain=0.131407 0.231973 0.223792 0.0593341 0.0613926 0.0542626
threshold=10.500000000000002 1.0000000180025095e-35 -34546.589418973184 1.0000000180025095e-35 1.0000000180025095e-35 1.0000000180025095e-35
decision_type=2 10 10 2 8 10
left_child=1 3 -2 5 -5 -1
right_child=2 -3 -4 4 -6 -7
leaf_value=-0.00020401131629588665 -0.0011775936007090621 0.0011084571857019742 -1.7362527979747749e-05 0.00073506160206231392 0.00010119311949419865 0.00027058435901071871
leaf_weight=260 47 25 34 39 44 38
leaf_count=260 47 25 34 39 44 38
internal_value=0 0.000120758 -0.000507161 5.64698e-06 0.000339415 -9.2216e-05
internal_weight=487 406 81 381 83 298
internal_count=487 406 81 381 83 298
is_linear=0
shrinkage=0.0167612


Tree=135
num_leaves=11
num_cat=1
split_feature=0 10 112 13 123 90 173 39 11 7
split_gain=0.184688 0.207055 0.125344 0.11317 0.0700952 0.0563298 0.0814447 0.0269882 0.0165135 6.4053e-05
threshold=0 -0.24999999999999994 1.0000000180025095e-35 533738.73843640031 46.000000000000007 49.500000000000007 1.0000000180025095e-35 340107.21730939712 0.25000000000000017 1.0000000180025095e-35
decision_type=9 2 8 2 10 10 8 8 2 2
left_child=1 8 -3 5 9 6 -2 -6 -1 -5
right_child=3 2 -4 4 7 -7 -8 -9 -10 -11
leaf_value=0.00023169062763601719 0.0010040877141330739 -0.00047827192644422586 -0.0017878791559922953 -0.00069051465965341786 1.3842727991842455e-05 0.00017714330505135201 0.00024897384877870465 0.00036654202792341475 -0.00010584240963204156 -0.00018722816000852412
leaf_weight=25 65 27 32 32 91 29 98 37 24 27
leaf_count=25 65 27 32 32 91 29 98 37 24 27
internal_value=0 -0.000497113 -0.00113438 0.00017191 -4.80236e-05 0.000451996 0.000594763 8.12398e-05 -0.000118419 -0.000457694
internal_weight=487 108 59 379 187 192 163 128 49 59
internal_count=487 108 59 379 187 192 163 128 49 59
cat_boundaries=0 1
cat_threshold=34709632
is_linear=0
shrinkage=0.0167612


Tree=136
num_leaves=7
num_cat=0
split_feature=215 17 4 181 14 42
split_gain=0.266084 0.239616 0.146357 0.0789442 0.0915832 0.0210259
threshold=81.500000000000014 1.0000000180025095e-35 74.500000000000014 1.0000000180025095e-35 18.000000000000004 928457.15277777787
decision_type=8 10 2 8 2 10
left_child=2 3 -1 -2 -5 -3
right_child=1 5 -4 4 -6 -7
leaf_value=-0.00025653410550290529 0.0004509820777516731 0.0011202120853283624 -0.0014017648592520632 -0.00030762219578328511 0.00025438516929010677 0.00036189605523662122
leaf_weight=36 44 62 38 227 65 24
leaf_count=36 44 62 38 227 65 24
internal_value=0 0.00016154 -0.000750646 -1.56911e-06 -0.000130895 0.000826596
internal_weight=496 422 74 336 292 86
internal_count=496 422 74 336 292 86
is_linear=0
shrinkage=0.0167612


Tree=137
num_leaves=8
num_cat=0
split_feature=19 134 108 9 215 105 71
split_gain=0.122011 0.13286 0.118132 0.0659856 0.123055 0.0628135 0.00734297
threshold=9.0000000000000018 1.0000000180025095e-35 52.000000000000007 1.0000000180025095e-35 80.500000000000014 78778.723221784909 870563.55411255418
decision_type=10 8 10 2 8 8 8
left_child=1 5 -2 4 -3 -1 -5
right_child=2 3 -4 6 -6 -7 -8
leaf_value=-0.00019756061802222712 0.0011575662986951557 -0.00038803169536645457 0.00018036617005012443 -0.00013326823716420312 0.00034840654639157982 -0.00083553522255736532 -0.00053001390160459401
leaf_weight=33 29 37 37 26 227 74 33
leaf_count=33 29 37 37 26 227 74 33
internal_value=0 -9.7201e-05 0.000537421 3.70878e-05 0.00017472 -0.000546373 -0.000318655
internal_weight=496 430 66 323 264 107 59
internal_count=496 430 66 323 264 107 59
is_linear=0
shrinkage=0.0167612


Tree=138
num_leaves=6
num_cat=0
split_feature=13 17 14 156 124
split_gain=0.464034 0.262117 0.161334 0.079459 0.0327381
threshold=941923.35459183692 1.0000000180025095e-35 10.000000000000002 1.0000000180025095e-35 -0.86124835908102371
decision_type=2 10 2 10 10
left_child=1 2 -1 -4 -2
right_child=4 -3 3 -5 -6
leaf_value=-0.00060639732574284877 -0.00050546537117952199 0.0010113548931912329 6.6013691636367569e-05 0.0007244374078116759 -0.001358558347699562
leaf_weight=51 32 66 257 37 53
leaf_count=51 32 66 257 37 53
internal_value=0 0.000229255 3.4816e-05 0.000194124 -0.000934133
internal_weight=496 411 345 294 85
internal_count=496 411 345 294 85
is_linear=0
shrinkage=0.0167612


Tree=139
num_leaves=8
num_cat=0
split_feature=4 108 134 200 13 106 138
split_gain=0.118275 0.139342 0.11863 0.0816314 0.190625 0.0533704 0.0355388
threshold=205.00000000000003 63.500000000000007 1.0000000180025095e-35 20.48925672449467 470435.03323503438 111426.32887624866 1.0000000180025095e-35
decision_type=2 10 8 8 2 8 8
left_child=2 6 5 -4 -5 -1 -2
right_child=1 -3 3 4 -6 -7 -8
leaf_value=-0.00020565506920290709 0.0012505287370534856 2.0405550746719016e-06 -0.00042641181976623983 0.00075491697275766891 -6.4865028388052579e-05 -0.00079233963713301147 0.00038818421325193691
leaf_weight=30 41 24 46 76 175 77 27
leaf_count=30 41 24 46 76 175 77 27
internal_value=0 0.00045921 -0.000116035 1.64706e-05 0.000164371 -0.00053575 0.000884365
internal_weight=496 92 404 297 251 107 68
internal_count=496 92 404 297 251 107 68
is_linear=0
shrinkage=0.0167612


Tree=140
num_leaves=10
num_cat=0
split_feature=13 110 6 64 43 11 175 225 187
split_gain=0.362406 0.231574 0.300454 0.0971509 0.0874002 0.112845 0.050367 0.0297209 0.00250051
threshold=900858.57142857148 1.0000000180025095e-35 1.5000000000000002 790509.35000000021 1.0000000180025095e-35 -0.5 314665.71679347422 25.500000000000004 0.059714795008912656
decision_type=2 10 2 10 8 2 10 8 8
left_child=1 4 6 8 5 -1 -3 -6 -2
right_child=3 2 -4 -5 7 -7 -8 -9 -10
leaf_value=-0.00018720740734588082 -0.001631772028798396 5.4523287932987111e-05 0.0018771860510448559 -0.00031755654660560006 0.00031532726471799976 -0.0010656023337110266 0.00056047688545784698 1.4498186160635986e-05 -0.00084407714974686133
leaf_weight=28 24 35 27 27 103 27 40 139 46
leaf_count=28 24 35 27 27 103 27 40 139 46
internal_value=0 0.000218458 0.000815205 -0.000776292 1.29339e-05 -0.00046766 0.00032275 0.00012232 -0.00117029
internal_weight=496 399 102 97 297 55 75 242 70
internal_count=496 399 102 97 297 55 75 242 70
is_linear=0
shrinkage=0.0167612


Tree=141
num_leaves=9
num_cat=0
split_feature=13 10 110 11 13 45 43 43
split_gain=0.280841 0.175065 0.250086 0.197617 0.0614329 0.130692 0.10716 0.0254791
threshold=1193104.0175177308 0.25000000000000011 1.0000000180025095e-35 -1.0000000180025095e-35 627951.31071428582 2.2066666666666674 1.0000000180025095e-35 1.0000000180025095e-35
decision_type=2 2 10 2 2 10 8 8
left_child=1 2 7 -4 6 -6 -3 -1
right_child=-2 4 3 -5 5 -7 -8 -9
leaf_value=-0.00016262801219260373 -0.00092012271650548287 -0.00042193904498824233 0.0019059655443039272 0.00044271197325586542 -0.00091738986380088846 -0.00010043926136394415 0.00038351194232000827 0.00018009388606827839
leaf_weight=31 46 44 35 35 57 35 69 144
leaf_count=31 46 44 35 35 57 35 69 144
internal_value=0 0.000130469 0.000427992 0.00113321 -0.000170207 -0.000467724 -2.41571e-05 8.85401e-05
internal_weight=496 450 245 70 205 92 113 175
internal_count=496 450 245 70 205 92 113 175
is_linear=0
shrinkage=0.0167612


Tree=142
num_leaves=6
num_cat=0
split_feature=150 13 138 161 99
split_gain=0.14133 0.286672 0.181922 0.119557 0.032415
threshold=1.0000000180025095e-35 238015.73506944449 1.0000000180025095e-35 0.93239214371426249 11.500000000000002
decision_type=8 2 8 10 10
left_child=4 -2 3 -3 -1
right_child=1 2 -4 -5 -6
leaf_value=-0.00014587837906734213 0.0011055923193045267 0.00062288864849880559 -0.00046445371639206474 1.3034102331018268e-05 -0.00078035110353775312
leaf_weight=43 40 106 124 128 55
leaf_count=43 40 106 124 128 55
internal_value=0 0.000138212 6.85779e-06 0.000244606 -0.00048149
internal_weight=496 398 358 234 98
internal_count=496 398 358 234 98
is_linear=0
shrinkage=0.0167612


Tree=143
num_leaves=9
num_cat=0
split_feature=150 13 206 196 215 14 58 79
split_gain=0.137146 0.189544 0.137918 0.104798 0.123902 0.0931774 0.0562234 0.0242078
threshold=1.0000000180025095e-35 451273.17209450837 1.0000000180025095e-35 1.0000000180025095e-35 83.500000000000014 18.000000000000004 82.500000000000014 1.0000000180025095e-35
decision_type=8 2 8 10 8 2 8 8
left_child=6 2 -2 5 -5 -3 -1 -4
right_child=1 3 7 4 -6 -7 -8 -9
leaf_value=-0.00097942452949756733 0.0012914720797579959 -0.00092069619923792275 0.00010634172336068035 -0.00042737225241197395 0.00034085582519764463 -0.00023029442693823189 -0.00020096794656042786 0.00037984776056938834
leaf_weight=29 37 53 29 45 143 24 69 67
leaf_count=29 37 53 29 45 143 24 69 67
internal_value=0 0.000136027 0.000604799 -7.48042e-05 7.26654e-05 -0.000526009 -0.000474425 0.00027134
internal_weight=496 398 133 265 188 77 98 96
internal_count=496 398 133 265 188 77 98 96
is_linear=0
shrinkage=0.0167612


Tree=144
num_leaves=10
num_cat=0
split_feature=13 6 176 120 126 12 7 77 153
split_gain=0.39209 0.254811 0.203242 0.156019 0.136933 0.166563 0.0793281 0.157691 0.0671382
threshold=658660.83353494632 1.5000000000000002 25.500000000000004 1.0000000180025095e-35 1.0000000180025095e-35 1.0000000180025095e-35 1.0000000180025095e-35 1.2282085957073632 52.000000000000007
decision_type=2 2 8 10 8 2 2 8 8
left_child=1 4 6 -3 5 -1 7 -2 -6
right_child=2 3 -4 -5 8 -7 -8 -9 -10
leaf_value=-0.00011009423720030323 0.00010420142676472783 0.00030599020034736691 -0.0012783284949722 0.0015182849226511638 0.00082933592541831181 -0.0010772416909046439 0.00012176167691341854 -0.00082582595453736959 7.0877831486383129e-05
leaf_weight=53 25 38 65 49 28 39 41 86 70
leaf_count=53 25 38 65 49 28 39 41 86 70
internal_value=-9.31123e-05 0.000279669 -0.000597945 0.000928103 2.50475e-05 -0.000422284 -0.000268281 -0.000467819 0.00033633
internal_weight=494 277 217 87 190 92 152 111 98
internal_count=494 277 217 87 190 92 152 111 98
is_linear=0
shrinkage=0.0167612


Tree=145
num_leaves=9
num_cat=1
split_feature=0 6 110 82 112 101 125 18
split_gain=0.131844 0.0537328 0.0990334 0.220086 0.0565289 0.052863 0.0305603 0.000840029
threshold=0 1.0000000180025095e-35 1.0000000180025095e-35 208863.50000000003 1.0000000180025095e-35 1.0000000180025095e-35 27.500000000000004 1.0000000180025095e-35
decision_type=9 2 10 10 8 10 10 8
left_child=5 4 6 -4 -2 7 -3 -1
right_child=1 2 3 -5 -6 -7 -8 -9
leaf_value=-0.0011329966853664431 -0.00060239117492599879 4.4702288203646549e-05 0.0013188916471300052 0.00010398242207730467 -8.5809084467680034e-05 -0.00020091251517633112 -0.00031277506481557337 -0.0004937935280167864
leaf_weight=36 45 153 34 74 36 30 48 38
leaf_count=36 45 153 34 74 36 30 48 38
internal_value=-9.03926e-05 3.19601e-05 0.000152931 0.000515672 -0.000251087 -0.000523395 -6.10851e-06 -0.000834173
internal_weight=494 390 309 108 81 104 201 74
internal_count=494 390 309 108 81 104 201 74
cat_boundaries=0 1
cat_threshold=91137
is_linear=0
shrinkage=0.0167612


Tree=146
num_leaves=9
num_cat=0
split_feature=2 13 171 79 15 85 133 105
split_gain=0.170976 0.39527 0.27483 0.177718 0.158104 0.129779 0.0859512 0.00389806
threshold=2023.5000000000002 476277.68684210529 1.0000000180025095e-35 1.0000000180025095e-35 1.0000000180025095e-35 0.40394736842105267 4.5000000000000009 109947.03907431527
decision_type=2 2 8 8 2 8 8 8
left_child=3 6 -3 4 -1 -4 -2 -8
right_child=1 2 5 -5 -6 -7 7 -9
leaf_value=0.00063937230078457718 0.00084010157516376785 -0.0015938346884028602 -4.0652202901595133e-05 0.0012647356453997904 -0.00050388495658494788 -0.0007070741180731008 0.00016350382605253734 1.4287884687329292e-05
leaf_weight=30 37 45 88 25 31 107 39 92
leaf_count=30 37 45 88 25 31 107 39 92
internal_value=-8.86482e-05 -0.000241775 -0.000666322 0.000451779 0.00010596 -0.000385978 0.000284266 8.46167e-05
internal_weight=494 408 240 86 61 195 168 131
internal_count=494 408 240 86 61 195 168 131
is_linear=0
shrinkage=0.0167612


Tree=147
num_leaves=11
num_cat=1
split_feature=1 13 134 6 45 10 12 115 10 176
split_gain=0.114453 0.153056 0.254689 0.207393 0.0978752 0.276261 0.03701 0.0825113 0.0171281 0.0167412
threshold=0 715945.07575757592 1.0000000180025095e-35 1.5000000000000002 2.3303030303030305 -1.0000000180025095e-35 1.0000000180025095e-35 31396.266253591406 1.0000000180025095e-35 8.5000000000000018
decision_type=1 2 10 2 10 2 2 10 2 10
left_child=6 2 9 -4 5 -3 7 -1 -6 -2
right_child=1 4 3 -5 8 -7 -8 -9 -10 -11
leaf_value=1.5369328338611702e-05 1.8170709674832314e-06 -0.00019863541545337993 0.00044825369396340228 0.0018627956964050738 -0.00012022547152243174 -0.0015604141329877105 -0.00094890541142479169 -0.00070979191810670208 0.00022339525532124419 -0.00025693005219577173
leaf_weight=40 126 47 58 25 36 32 35 27 32 36
leaf_count=40 126 47 58 25 36 32 35 27 32 36
internal_value=-8.60356e-05 2.52893e-05 0.000289088 0.000934305 -0.000327272 -0.000698132 -0.000492913 -0.000259914 -7.05601e-05 1.69659e-06
internal_weight=494 392 245 83 147 79 102 67 68 162
internal_count=494 392 245 83 147 79 102 67 68 162
cat_boundaries=0 1
cat_threshold=97
is_linear=0
shrinkage=0.0167612


Tree=148
num_leaves=10
num_cat=1
split_feature=13 49 0 171 7 11 173 7 156
split_gain=0.28968 0.20452 0.188977 0.228167 0.0331652 0.0289991 0.0247177 0.0133876 0.00498917
threshold=356883.9378531074 1.0000000180025095e-35 0 1.0000000180025095e-35 1.0000000180025095e-35 -1.0000000180025095e-35 1.0000000180025095e-35 1.0000000180025095e-35 1.0000000180025095e-35
decision_type=2 8 9 10 2 2 10 2 10
left_child=1 6 4 5 8 -4 -1 -5 -2
right_child=2 -3 3 7 -6 -7 -8 -9 -10
leaf_value=0.00022418753491489817 0.0001199202252929202 0.0011848374412387502 -0.000660333524806775 -0.00014479468353198647 0.00051132063752488879 -0.0013489384441900535 -0.00020514174527626086 0.00013454063579670318 -6.4346650098074287e-05
leaf_weight=46 41 51 76 82 27 69 29 33 40
leaf_count=46 41 51 76 82 27 69 29 33 40
internal_value=-8.45203e-05 0.000501739 -0.000326538 -0.000564559 0.000122348 -0.000995328 0.000100093 -7.89279e-05 2.29385e-05
internal_weight=494 126 368 260 108 145 75 115 81
internal_count=494 126 368 260 108 145 75 115 81
cat_boundaries=0 1
cat_threshold=295232
is_linear=0
shrinkage=0.0167612


Tree=149
num_leaves=8
num_cat=0
split_feature=191 7 200 137 77 176 192
split_gain=0.0909371 0.088752 0.113684 0.0770112 0.0472636 0.0732625 0.0134566
threshold=1.0000000180025095e-35 1.0000000180025095e-35 37.357777777777784 1.0000000180025095e-35 1.214389001769359 1.0000000180025095e-35 992311.35801750666
decision_type=10 2 8 10 8 10 8
left_child=3 4 -3 6 -2 -6 -1
right_child=1 2 -4 -5 5 -7 -8
leaf_value=-8.982727800970906e-06 0.00034308176111222345 0.0002203571154613961 0.0010831251652066388 -0.00076082516033367355 0.00020563188854292924 -0.00038543518255934801 -0.00018674401939688072
leaf_weight=36 28 28 35 56 34 126 151
leaf_count=36 28 28 35 56 34 126 151
internal_value=-8.21535e-05 0.000103501 0.00055047 -0.000306947 -1.40113e-05 -0.000168634 -0.000119963
internal_weight=494 251 63 243 188 160 187
internal_count=494 251 63 243 188 160 187
is_linear=0
shrinkage=0.0167612


Tree=150
num_leaves=10
num_cat=1
split_feature=0 112 145 69 11 79 125 189 106
split_gain=0.132316 0.0917118 0.11345 0.0496494 0.0342444 0.0325324 0.0185436 0.0110564 0.00490656
threshold=0 1.0000000180025095e-35 1.0000000180025095e-35 1.0000000180025095e-35 -1.0000000180025095e-35 1.0000000180025095e-35 10.500000000000002 287.50000000000006 152157.35363681652
decision_type=9 10 8 8 2 10 10 8 8
left_child=5 3 -3 7 -5 8 -4 -2 -1
right_child=1 2 6 4 -6 -7 -8 -9 -10
leaf_value=0.00023443209296174162 0.00013134064147874561 -0.00028051480419946201 0.00024303475831149058 -0.0002305838590618706 -0.00072314513410691407 0.00010308952346446951 0.00087521930284860719 -0.00017653555933033153 0.00076925638921863341
leaf_weight=27 32 38 24 109 120 39 32 28 45
leaf_count=27 32 38 24 109 120 39 32 28 45
internal_value=-8.01511e-05 -0.000234144 8.27971e-05 -0.000395893 -0.000511789 0.000318198 0.000555109 -9.40323e-05 0.000573088
internal_weight=494 383 94 289 229 111 56 60 72
internal_count=494 383 94 289 229 111 56 60 72
cat_boundaries=0 1
cat_threshold=264260
is_linear=0
shrinkage=0.0167612


Tree=151
num_leaves=9
num_cat=1
split_feature=0 2 41 76 66 141 41 108
split_gain=0.117021 0.12045 0.118954 0.0850243 0.0586927 0.086304 0.0534139 0.00909543
threshold=0 2023.5000000000002 1.0000000180025095e-35 9.5000000000000018 8.5000000000000018 1.0000000180025095e-35 1.0000000180025095e-35 69.000000000000014
decision_type=9 2 10 10 8 10 10 8
left_child=3 2 -2 7 6 -6 -3 -1
right_child=1 4 -4 -5 5 -7 -8 -9
leaf_value=-6.8532187637165287e-05 0.00020198657642247524 0.00069072224350007943 0.0011125197227850093 -0.0010595672679392992 -1.6622263918644969e-05 -0.00060550664915156585 0.00011506022788024736 -0.0002571486669922865
leaf_weight=30 33 27 37 36 197 70 26 38
leaf_count=30 33 27 37 36 197 70 26 38
internal_value=-7.86412e-05 3.54298e-05 0.000558614 -0.00048758 -6.82233e-05 -0.000191822 0.000275118 -0.000178532
internal_weight=494 390 70 104 320 267 53 68
internal_count=494 390 70 104 320 267 53 68
cat_boundaries=0 1
cat_threshold=91137
is_linear=0
shrinkage=0.0167612


Tree=152
num_leaves=10
num_cat=1
split_feature=0 19 165 215 123 13 46 132 103
split_gain=0.285412 0.183636 0.204378 0.124436 0.0990855 0.133071 0.0736744 0.0719166 0.0676282
threshold=0 11.000000000000002 15.514285714285716 185.50000000000003 46.000000000000007 649062.32638888899 35.500000000000007 485000.00000000006 1.0000000180025095e-35
decision_type=9 8 8 8 10 2 8 10 8
left_child=1 2 -1 6 8 -6 7 -2 -5
right_child=3 -3 -4 4 5 -7 -8 -9 -10
leaf_value=-0.00054045925104775948 0.00041563209971676125 -0.00013902645245400481 -0.0019993099894869562 -0.00014660507830857746 0.0015717561257176792 0.00042599699297399978 -0.00051791853044053028 -0.00025479625739179668 0.00039671148781089926
leaf_weight=24 63 59 31 48 31 62 45 30 107
leaf_count=24 63 59 31 48 31 62 45 30 107
internal_value=1.41147e-05 -0.000577888 -0.00123445 0.000240337 0.0004728 0.000872589 -5.64114e-05 7.8718e-05 0.00019029
internal_weight=500 114 55 386 248 93 138 93 155
internal_count=500 114 55 386 248 93 138 93 155
cat_boundaries=0 1
cat_threshold=33621507
is_linear=0
shrinkage=0.0167612


Tree=153
num_leaves=6
num_cat=0
split_feature=152 77 3 134 3
split_gain=0.125035 0.0487078 0.215203 0.0950175 0.0500879
threshold=60.500000000000007 1.3454032328971834 4.5000000000000009 1.0000000180025095e-35 1.5000000000000002
decision_type=10 8 2 10 2
left_child=1 -1 4 -4 -3
right_child=-2 2 3 -5 -6
leaf_value=0.00047498300960164142 -0.00057712525665093385 -0.00016547660505861065 6.4442655350231457e-05 0.00070108328866348626 -0.00067615886947688096
leaf_weight=60 48 32 177 88 95
leaf_count=60 48 32 177 88 95
internal_value=1.33561e-05 0.000115635 3.01045e-05 0.000301283 -0.000448788
internal_weight=500 452 392 265 127
internal_count=500 452 392 265 127
is_linear=0
shrinkage=0.0167612


Tree=154
num_leaves=7
num_cat=0
split_feature=56 215 181 191 207 137
split_gain=0.100787 0.103113 0.0612172 0.113657 0.0769949 0.0601565
threshold=3.5000000000000004 111.50000000000001 1.0000000180025095e-35 1.0000000180025095e-35 902296.73076923087 0.63333333333333341
decision_type=10 8 8 8 8 8
left_child=1 5 4 -4 -3 -1
right_child=-2 2 3 -5 -6 -7
leaf_value=-0.00010589239911974025 -0.00058489682286598174 0.00024028773680584824 -0.00043761344707187122 0.00024790240584348554 0.00089267972547450562 -0.00061155029436178721
leaf_weight=33 32 26 47 239 62 61
leaf_count=33 32 26 47 239 62 61
internal_value=1.32097e-05 9.35099e-05 0.000230513 8.9697e-05 0.000574546 -0.000292856
internal_weight=500 468 374 286 88 94
internal_count=500 468 374 286 88 94
is_linear=0
shrinkage=0.0167612


Tree=155
num_leaves=7
num_cat=0
split_feature=13 56 3 83 144 189
split_gain=0.162715 0.151664 0.117108 0.0741681 0.072223 0.0227638
threshold=1001400.8989583334 2.5000000000000004 4.5000000000000009 1.0000000180025095e-35 -8.3580425999999992 219.50000000000003
decision_type=2 10 2 10 10 8
left_child=1 2 3 -1 -4 -2
right_child=5 -3 4 -5 -6 -7
leaf_value=9.0845316262952054e-05 -0.00023598724101893859 -0.00053614680135240819 0.00016445206120383789 -0.0005228920213118664 0.00075350496831564208 -0.00086393130470847099
leaf_weight=98 26 35 127 39 128 47
leaf_count=98 26 35 127 39 128 47
internal_value=1.18433e-05 0.000150022 0.000267351 -3.01134e-05 0.000476573 -0.000564264
internal_weight=500 427 392 137 255 73
internal_count=500 427 392 137 255 73
is_linear=0
shrinkage=0.0167612


Tree=156
num_leaves=11
num_cat=1
split_feature=0 200 92 54 192 67 13 30 225 115
split_gain=0.271149 0.162241 0.117114 0.0898509 0.0719235 0.0636336 0.0738963 0.0563482 0.016351 0.00568624
threshold=0 78.218750000000014 7.5000000000000009 1.0000000180025095e-35 631805.00307305867 27.500000000000004 707484.67359307373 28.500000000000004 1.5000000000000002 162755.72065220209
decision_type=9 8 10 8 10 8 2 10 10 10
left_child=3 2 4 -1 -2 6 -3 -5 -7 -4
right_child=1 5 9 7 -6 8 -8 -9 -10 -11
leaf_value=-0.0012359711440946312 -0.00014902957930632016 0.0011867384724387358 7.7235749332779815e-05 -0.00055644018086887929 -0.00094780138817573739 0.00032434601416726121 0.0002920578760695385 -3.5693163278621511e-05 7.3325657310038708e-05 0.00043862358310157659
leaf_weight=31 45 62 37 56 40 96 35 27 44 27
leaf_count=31 45 62 37 56 40 96 35 27 44 27
internal_value=1.04911e-05 0.000231567 -0.000100176 -0.000566205 -0.000507838 0.000509019 0.000838966 -0.000323703 0.000245944 0.000230132
internal_weight=500 386 149 114 85 237 97 83 140 64
internal_count=500 386 149 114 85 237 97 83 140 64
cat_boundaries=0 1
cat_threshold=33621507
is_linear=0
shrinkage=0.0167612


Tree=157
num_leaves=6
num_cat=0
split_feature=56 215 162 134 41
split_gain=0.101015 0.156226 0.0751616 0.1004 0.0391898
threshold=2.5000000000000004 66.000000000000014 56919997.112321027 1.0000000180025095e-35 1.0000000180025095e-35
decision_type=10 8 10 8 10
left_child=1 -1 3 -3 -4
right_child=-2 2 4 -5 -6
leaf_value=-0.00056600537696627456 -0.00057473579923045335 -0.00045594583211717505 0.0006747448172709753 0.00019313504406772301 0.00013804454383046426
leaf_weight=45 35 52 106 215 47
leaf_count=45 35 52 106 215 47
internal_value=9.89423e-06 9.29056e-05 0.000212079 2.50911e-05 0.000485177
internal_weight=500 465 420 267 153
internal_count=500 465 420 267 153
is_linear=0
shrinkage=0.0167612


Tree=158
num_leaves=11
num_cat=0
split_feature=13 10 134 112 64 87 103 205 194 20
split_gain=0.0986623 0.250296 0.202983 0.130468 0.0587386 0.10572 0.0354041 0.0223487 0.0213282 0.00303269
threshold=673583.42023809534 0.68301270189221941 1.0000000180025095e-35 1.0000000180025095e-35 344501.51241242775 356883.9378531074 1.0000000180025095e-35 1.0000000180025095e-35 2.5000000000000004 1.0000000180025095e-35
decision_type=2 2 10 10 10 10 10 8 10 8
left_child=1 2 3 -1 5 9 -6 -3 -7 -2
right_child=4 7 -4 -5 6 8 -8 -9 -10 -11
leaf_value=0.00042338841184260951 -0.00013476121178196079 -0.00083438300583275221 0.0011624133278694971 -0.00037807750799013676 0.0003105537082680251 -0.0013007901773553585 -0.00018009268940814558 -0.00015861714005697993 -0.00045703609620856213 -1.8454604663235789e-05
leaf_weight=123 34 32 63 41 42 30 31 35 25 44
leaf_count=123 34 32 63 41 42 30 31 35 25 44
internal_value=8.21008e-06 0.000209478 0.00049123 0.000171963 -0.000232907 -0.000446086 -2.48787e-05 -0.00045223 -0.000903952 -8.62297e-05
internal_weight=500 294 227 164 206 133 73 67 55 78
internal_count=500 294 227 164 206 133 73 67 55 78
is_linear=0
shrinkage=0.0167612


Tree=159
num_leaves=10
num_cat=1
split_feature=0 225 187 105 194 122 114 198 34
split_gain=0.187606 0.141231 0.121999 0.083104 0.0766139 0.0715523 0.02087 0.0118806 0.00248814
threshold=0 4.5000000000000009 0.047247023809523808 168452.35230421208 1.5000000000000002 46.500000000000007 1.0000000180025095e-35 1.0000000180025095e-35 472965.54190476198
decision_type=9 8 8 8 8 8 10 10 10
left_child=2 -2 6 7 -4 -5 -1 -3 -6
right_child=1 3 4 5 8 -7 -8 -9 -10
leaf_value=-1.3352226216083977e-05 -0.0008237133516476523 -0.0008025472438771184 0.0012497643352547395 0.00052751186163504048 0.00043800504124818227 -2.7960868200188669e-05 -0.00035429067811945506 -0.00020375207838452676 0.00017239973671764314
leaf_weight=37 64 26 24 53 118 101 25 26 26
leaf_count=37 64 26 24 53 118 101 25 26 26
internal_value=7.23216e-06 -0.000252937 0.000340572 -3.7584e-05 0.000604941 0.000119072 -3.97844e-05 -0.000487187 0.000412221
internal_weight=500 270 230 206 168 154 62 52 144
internal_count=500 270 230 206 168 154 62 52 144
cat_boundaries=0 1
cat_threshold=4598116
is_linear=0
shrinkage=0.0167612


Tree=160
num_leaves=9
num_cat=0
split_feature=6 85 9 134 85 181 196 196
split_gain=0.189065 0.11697 0.0996267 0.127243 0.0941671 0.0721299 0.0184547 0.0109235
threshold=1.0000000180025095e-35 0.34313725490196084 1.0000000180025095e-35 1.0000000180025095e-35 0.24264705882352941 1.0000000180025095e-35 24.000000000000004 15.000000000000002
decision_type=2 8 2 10 8 10 8 10
left_child=1 -1 3 5 -5 -2 -3 -4
right_child=2 6 7 4 -6 -7 -8 -9
leaf_value=-0.00021022648747719486 0.00018600164556396666 -0.0013309655092896471 -0.00045163358301053704 0.00023801311966009702 0.00090998764882184978 -0.00039132113362451074 -0.00056795801026268428 -0.00012693671386507807
leaf_weight=35 112 41 66 30 88 60 40 25
leaf_count=35 112 41 66 30 88 60 40 25
internal_value=-8.2103e-05 -0.000603897 7.18319e-05 0.00024049 0.000620045 2.35717e-05 -0.000969054 -0.000296724
internal_weight=497 116 381 290 118 172 81 91
internal_count=497 116 381 290 118 172 81 91
is_linear=0
shrinkage=0.0167612


Tree=161
num_leaves=10
num_cat=0
split_feature=10 189 196 165 11 11 107 181 92
split_gain=0.129023 0.134879 0.109621 0.115723 0.0603951 0.139554 0.029781 0.0862633 0.00319773
threshold=0.25000000000000011 87.000000000000014 1.0000000180025095e-35 3.9603174603174609 -0.68301270189221952 0.6830127018922193 1.0000000180025095e-35 1.0000000180025095e-35 82.500000000000014
decision_type=2 10 10 10 2 2 8 10 8
left_child=2 6 4 -4 -1 -6 7 -2 -5
right_child=1 -3 3 8 5 -7 -8 -9 -10
leaf_value=0.00017910024870756858 -0.00030876130443493446 0.00016659849161603554 0.00098970637311472155 2.493543643875705e-05 -7.5245133213526881e-05 -0.00090390236170292352 -0.00023016407259794747 -0.0010452551936189181 0.00013554638872609521
leaf_weight=43 29 33 47 49 64 46 62 86 38
leaf_count=43 29 33 47 49 64 46 62 86 38
internal_value=-8.09882e-05 -0.000381518 0.000115196 0.000449695 -0.000109928 -0.000349232 -0.000599764 -0.000787831 9.03073e-05
internal_weight=497 210 287 134 153 110 177 115 87
internal_count=497 210 287 134 153 110 177 115 87
is_linear=0
shrinkage=0.0167612


Tree=162
num_leaves=9
num_cat=0
split_feature=6 28 9 134 28 181 26 152
split_gain=0.17923 0.148054 0.0940439 0.122168 0.0923215 0.0696166 0.0447921 0.0385795
threshold=1.0000000180025095e-35 14.805555555555555 1.0000000180025095e-35 1.0000000180025095e-35 122.39743589743591 1.0000000180025095e-35 3.1750000000000003 24.500000000000004
decision_type=2 10 2 10 8 10 8 8
left_child=1 6 3 5 -5 -2 -1 -4
right_child=2 -3 7 4 -6 -7 -8 -9
leaf_value=-0.0015136573302181402 0.00018294751761842366 -8.4422917497244316e-05 -0.0001220606929917289 0.00020767346839401115 0.00091879186077012658 -0.00038429470944515158 -0.00064075239521317357 -0.000525047963729841
leaf_weight=24 112 24 25 36 82 60 68 66
leaf_count=24 112 24 25 36 82 60 68 66
internal_value=-7.78376e-05 -0.000586244 7.15856e-05 0.000235833 0.000607675 2.31152e-05 -0.000944747 -0.000285326
internal_weight=497 116 381 290 118 172 92 91
internal_count=497 116 381 290 118 172 92 91
is_linear=0
shrinkage=0.0167612


Tree=163
num_leaves=10
num_cat=0
split_feature=13 40 144 13 52 61 142 225 7
split_gain=0.0987441 0.166695 0.126605 0.62811 0.136288 0.0408603 0.0779265 0.00737966 0.00609694
threshold=427905.18238993717 1.0000000180025095e-35 -8.6934013499999985 238015.73506944449 1.0000000180025095e-35 0.71666666666666667 2.2066666666666674 60.500000000000007 1.0000000180025095e-35
decision_type=2 8 8 2 8 10 10 8 2
left_child=2 5 -1 -4 -5 -2 -7 -3 -9
right_child=1 7 3 4 -6 6 -8 8 -10
leaf_value=-0.00038251231371256217 -0.00032139347224110663 -0.0011485103023023784 0.0017975046050825508 0.00034385830015662861 -0.00054775994274968841 0.00049028138445547295 -7.0809641971980423e-05 -0.00064765527098913013 -0.00019369747858374395
leaf_weight=27 49 27 36 45 64 70 101 45 33
leaf_count=27 49 27 36 45 64 70 101 45 33
internal_value=-7.65095e-05 -0.000251802 0.000193501 0.000438634 -3.9004e-05 -1.97172e-05 0.000113991 -0.000730998 -0.000535689
internal_weight=497 325 172 145 109 220 171 105 78
internal_count=497 325 172 145 109 220 171 105 78
is_linear=0
shrinkage=0.0167612


Tree=164
num_leaves=9
num_cat=1
split_feature=0 6 45 92 134 112 112 26
split_gain=0.144771 0.146608 0.237979 0.0840352 0.0729127 0.0906461 0.0256789 0.00597189
threshold=0 1.0000000180025095e-35 1.8962585034013608 70.500000000000014 1.0000000180025095e-35 1.0000000180025095e-35 1.0000000180025095e-35 3.7750000000000004
decision_type=9 2 10 8 10 10 10 8
left_child=3 2 -2 -1 6 -6 -3 -5
right_child=1 4 -4 7 5 -7 -8 -9
leaf_value=4.0098417352216068e-05 -0.0012662731331056201 -0.0001033178018872473 -0.00010247112612586153 0.00037288965763835328 4.3049216650491506e-05 0.00071692935689571257 -0.00057709878804778985 0.00095414768626887097
leaf_weight=29 69 134 25 49 76 39 38 38
leaf_count=29 69 134 25 49 76 39 38 38
internal_value=-7.5824e-05 -0.000239561 -0.000741234 0.000333735 -4.40723e-05 0.000218097 -0.000254642 0.000659331
internal_weight=497 381 94 116 287 115 172 87
internal_count=497 381 94 116 287 115 172 87
cat_boundaries=0 1
cat_threshold=2372
is_linear=0
shrinkage=0.0167612


Tree=165
num_leaves=10
num_cat=1
split_feature=1 7 6 6 106 169 77 137 203
split_gain=0.136829 0.16413 0.126774 0.105484 0.0709348 0.0509477 0.0486731 0.111576 0.00996288
threshold=0 1.0000000180025095e-35 1.0000000180025095e-35 1.5000000000000002 47392.88083095583 116.03826205000001 1.4130593830121967 1.0000000180025095e-35 0.041241496598639411
decision_type=1 2 2 2 10 10 8 10 10
left_child=2 6 -1 5 -3 -4 8 -8 -2
right_child=1 4 3 -5 -6 -7 7 -9 -10
leaf_value=-0.0012035105746170884 6.0700921104881481e-05 0.00091642814263047541 0.00058113287399231043 -0.00065509398831579144 0.00024259397448906771 4.8908437807070795e-05 -2.1269300156466301e-05 -0.00062808102113499366 0.00035622386152672146
leaf_weight=31 32 67 25 41 27 25 126 91 32
leaf_count=31 32 67 25 41 27 25 126 91 32
internal_value=-7.4516e-05 6.26838e-05 -0.000486541 -0.000202156 0.00059304 0.000141363 -9.66543e-05 -0.000238119 0.000164627
internal_weight=497 375 122 91 94 50 281 217 64
internal_count=497 375 122 91 94 50 281 217 64
cat_boundaries=0 1
cat_threshold=18
is_linear=0
shrinkage=0.0167612


Tree=166
num_leaves=8
num_cat=1
split_feature=6 28 1 13 49 161 7
split_gain=0.164012 0.140618 0.0583042 0.207785 0.152487 0.0562947 0.0150141
threshold=1.0000000180025095e-35 14.805555555555555 0 455886.70000000007 1.0000000180025095e-35 0.81902172625538261 1.0000000180025095e-35
decision_type=2 10 1 2 8 10 2
left_child=1 -1 5 4 -4 -2 -5
right_child=2 -3 3 6 -6 -7 -8
leaf_value=-0.00090969803370101357 0.00056677543835206997 -7.2701917177563058e-05 -7.2204851742306678e-05 -0.0009872913646409799 0.00077913903333438851 5.2932089921591882e-05 -0.00031806508944574397
leaf_weight=92 88 24 71 45 60 82 35
leaf_count=92 88 24 71 45 60 82 35
internal_value=-7.36068e-05 -0.00056033 6.85089e-05 -6.96654e-05 0.000239364 0.000285158 -0.00066157
internal_weight=497 116 381 211 131 170 80
internal_count=497 116 381 211 131 170 80
cat_boundaries=0 1
cat_threshold=12
is_linear=0
shrinkage=0.0167612


Tree=167
num_leaves=8
num_cat=1
split_feature=0 82 11 55 167 42 91
split_gain=0.137302 0.132656 0.227386 0.0813966 0.07658 0.0733497 0.0059033
threshold=0 341961.51332199556 -0.5 217761.07344950971 1.0000000180025095e-35 1278717.3388347765 22.500000000000004
decision_type=9 8 2 10 10 8 10
left_child=5 -2 4 -4 -3 6 -1
right_child=1 2 3 -5 -6 -7 -8
leaf_value=-9.9018541529056562e-05 0.00041242492049462848 2.2554322032102334e-05 -0.00082282449758315371 -0.00015800143177221548 0.00063085554939037623 0.00072908608625774996 0.00012475614304802328
leaf_weight=24 29 75 183 57 37 58 34
leaf_count=24 29 75 183 57 37 58 34
internal_value=-7.20839e-05 -0.000231996 -0.000353073 -0.000639853 0.000130261 0.00032624 7.95092e-05
internal_weight=497 381 352 240 112 116 58
internal_count=497 381 352 240 112 116 58
cat_boundaries=0 1
cat_threshold=2372
is_linear=0
shrinkage=0.0167612


Tree=168
num_leaves=10
num_cat=1
split_feature=0 105 13 167 11 105 103 105 76
split_gain=0.166846 0.142506 0.0998815 0.0606051 0.0441529 0.0438804 0.0271145 0.0128191 0.0119736
threshold=0 172859.83465208931 497982.12994350289 1.0000000180025095e-35 0.25000000000000017 115102.3498091876 1.0000000180025095e-35 120715.67693758577 38.500000000000007
decision_type=9 10 2 8 2 8 8 10 8
left_child=1 2 6 5 7 -2 -1 -5 -4
right_child=3 -3 8 4 -6 -7 -8 -9 -10
leaf_value=0.00055890791215565221 -0.00020531568556719727 -0.00014213419516337752 0.00032551127038944218 0.00024095061992400569 -0.00028704548032872302 -0.00086567459642800148 0.0014430743317784755 4.8536050266463901e-05 0.00010357057901142388
leaf_weight=25 31 40 74 90 87 45 43 29 31
leaf_count=25 31 40 74 90 87 45 43 29 31
internal_value=4.03381e-05 0.00037006 0.000625535 -0.000191007 -3.09048e-05 -0.000545851 0.00107918 0.000123844 0.000275352
internal_weight=495 213 173 282 206 76 68 119 105
internal_count=495 213 173 282 206 76 68 119 105
cat_boundaries=0 1
cat_threshold=4565344
is_linear=0
shrinkage=0.0167612


Tree=169
num_leaves=8
num_cat=0
split_feature=124 55 167 13 10 196 119
split_gain=0.0752977 0.166051 0.114412 0.458367 0.274974 0.0308218 0.00169037
threshold=-0.4807644051808056 772863.63636363647 1.0000000180025095e-35 196057.87539472021 -1.0000000180025095e-35 1.0000000180025095e-35 879774.28667027422
decision_type=10 8 10 2 2 10 8
left_child=2 -2 3 -1 -4 -5 -6
right_child=1 -3 4 5 6 -7 -8
leaf_value=0.0013045866590505697 0.00029314386333700626 -0.00068258539386107427 0.0013484816561529253 -0.00036418509680660738 5.3973795810764658e-05 -6.8843239850122326e-05 -5.5172381214972058e-05
leaf_weight=28 31 83 45 192 24 50 42
leaf_count=28 31 83 45 192 24 50 42
internal_value=3.86303e-05 -0.000266742 0.000161923 1.04833e-05 0.000558606 -0.000253009 0.00012328
internal_weight=495 114 381 270 111 242 66
internal_count=495 114 381 270 111 242 66
is_linear=0
shrinkage=0.0167612


Tree=170
num_leaves=10
num_cat=0
split_feature=124 92 181 207 75 15 76 124 64
split_gain=0.0829409 0.11634 0.0976922 0.0833193 0.0539856 0.143949 0.0317511 0.0062721 0.00435622
threshold=-0.59395280910697967 5.5000000000000009 1.0000000180025095e-35 940157.77604166686 1.0000000180025095e-35 1.0000000180025095e-35 17.500000000000004 0.26807884580619196 449946.55172413803
decision_type=10 10 8 8 8 2 8 8 10
left_child=2 3 7 -2 5 -4 -6 -1 -3
right_child=1 8 4 -5 6 -7 -8 -9 -10
leaf_value=0.00034346684086988014 -0.00027315658280591338 0.00016468459223925667 9.0783399287652219e-05 -0.0012016457423275587 0.00048122950347309927 -0.00082375336922843123 3.6254976091216035e-05 0.00099471499636836114 5.0268066557943585e-06
leaf_weight=32 30 31 50 34 52 41 160 31 34
leaf_count=32 30 31 50 34 52 41 160 31 34
internal_value=3.94681e-05 -0.000260244 0.000177302 -0.000711597 3.48009e-05 -0.000227983 0.000186172 0.000662739 1.41711e-05
internal_weight=495 129 366 64 303 91 212 63 65
internal_count=495 129 366 64 303 91 212 63 65
is_linear=0
shrinkage=0.0167612


Tree=171
num_leaves=9
num_cat=0
split_feature=216 3 13 91 37 218 137 64
split_gain=0.0598895 0.143744 0.243713 0.193955 0.186507 0.10167 0.0753902 0.0279879
threshold=936415.6317545987 5.5000000000000009 396531.29017857148 2.5000000000000004 6.5000000000000009 0.0056426731205167857 1.0000000180025095e-35 908519.26964285725
decision_type=10 2 2 10 8 10 8 8
left_child=1 2 4 -3 -1 -5 -4 -2
right_child=7 3 6 5 -6 -7 -8 -9
leaf_value=5.5194818227016971e-05 -0.00067916215059294011 -6.736464027468753e-06 -0.00027833548273740349 0.0010784548256651094 0.0011613836722194758 0.00019920130842072047 -0.00094495867523304404 -0.00011692083681005876
leaf_weight=34 24 117 26 95 28 54 83 34
leaf_count=34 24 117 26 95 28 54 83 34
internal_value=3.94802e-05 0.00012082 -0.000190855 0.000364593 0.00037956 0.000744445 -0.000665522 -0.000329612
internal_weight=495 437 171 266 62 149 109 58
internal_count=495 437 171 266 62 149 109 58
is_linear=0
shrinkage=0.0167612


Tree=172
num_leaves=9
num_cat=0
split_feature=124 201 167 91 192 14 12 28
split_gain=0.0609995 0.107529 0.0846918 0.102455 0.0440554 0.0408694 0.109606 0.00643025
threshold=-0.18365502072588386 389414.00000000006 1.0000000180025095e-35 20.500000000000004 381921.19200273888 18.000000000000004 1.0000000180025095e-35 16.877551020408166
decision_type=10 8 10 10 10 2 2 10
left_child=2 -2 5 4 -4 6 -1 -3
right_child=1 7 3 -5 -6 -7 -8 -9
leaf_value=-1.4210920592567568e-05 0.00010118960313132588 -0.0010146481688329866 0.0012484624440197557 0.00010183141047764903 0.00035697587426737566 0.00024865038266617934 -0.00071609345498330104 -0.00034896618977056111
leaf_weight=163 28 29 38 64 29 75 39 30
leaf_count=163 28 29 38 64 29 75 39 30
internal_value=3.80962e-05 -0.000274912 0.000136156 0.000450521 0.000853014 8.60641e-06 -0.000138144 -0.000688961
internal_weight=495 87 408 131 67 277 202 59
internal_count=495 87 408 131 67 277 202 59
is_linear=0
shrinkage=0.0167612


Tree=173
num_leaves=7
num_cat=1
split_feature=0 66 13 40 216 10
split_gain=0.133821 0.0962183 0.0894646 0.090374 0.0336756 0.0296905
threshold=0 29.500000000000004 1273885.3874458878 1.0000000180025095e-35 700855.84415584418 -1.0000000180025095e-35
decision_type=9 10 2 10 8 2
left_child=1 -1 3 5 -5 -2
right_child=2 -3 -4 4 -6 -7
leaf_value=0.00083077741862555262 0.00029339150068389137 0.00018238091890831546 -0.00066694724735613024 -0.00011917475372845718 -0.00075957224319958235 1.4972361052633967e-05
leaf_weight=81 134 26 32 46 37 139
leaf_count=81 134 26 32 46 37 139
internal_value=3.75661e-05 0.000474684 -8.72563e-05 -4.35258e-06 -0.00041248 0.00012632
internal_weight=495 107 388 356 83 273
internal_count=495 107 388 356 83 273
cat_boundaries=0 1
cat_threshold=4261984
is_linear=0
shrinkage=0.0167612


Tree=174
num_leaves=8
num_cat=0
split_feature=10 124 40 105 201 181 13
split_gain=0.0634134 0.118175 0.255152 0.229095 0.0882406 0.060111 0.019077
threshold=0.68301270189221941 -0.26772637428292823 1.0000000180025095e-35 13120.374717943858 628116.46031746047 1.0000000180025095e-35 326305.73834558134
decision_type=2 10 8 10 8 10 2
left_child=1 2 3 -1 -3 -2 -4
right_child=5 4 6 -5 -6 -7 -8
leaf_value=0.0014924299798520012 -6.0853146743626272e-05 -7.4522675885526612e-05 0.00012194120009181855 0.00021125191035700915 -0.00077918562003954721 -0.00060612898799601795 -0.00015747567682643549
leaf_weight=61 58 49 61 57 35 51 123
leaf_count=61 58 49 61 57 35 51 123
internal_value=3.55852e-05 0.000147241 0.000314635 0.0008555 -0.000269895 -0.000249691 8.51059e-06
internal_weight=495 386 302 118 84 109 184
internal_count=495 386 302 118 84 109 184
is_linear=0
shrinkage=0.0167612


Tree=175
num_leaves=8
num_cat=0
split_feature=64 42 167 200 91 187 124
split_gain=0.073553 0.103064 0.101187 0.240387 0.0475572 0.0212017 0.0147447
threshold=1180293.5555555557 939536.7430654763 1.0000000180025095e-35 55.875000000000007 6.5000000000000009 0.042261904761904709 -0.52611992766770632
decision_type=8 8 10 8 8 8 10
left_child=1 -1 4 6 -2 -6 -4
right_child=2 -3 3 -5 5 -7 -8
leaf_value=-5.9643721662731856e-05 -0.00042078198322524846 -0.00082010800581829165 1.0332418722592186e-05 0.0010711419271936496 -0.0002016887044934215 0.0001193485931519092 -0.00024493816698964498
leaf_weight=29 37 43 33 70 25 222 36
leaf_count=29 37 43 33 70 25 222 36
internal_value=3.47122e-05 -0.000343821 0.000132267 0.000467645 -7.50248e-06 3.63426e-05 2.85753e-05
internal_weight=495 72 423 139 284 247 69
internal_count=495 72 423 139 284 247 69
is_linear=0
shrinkage=0.0167612


Tree=176
num_leaves=9
num_cat=0
split_feature=137 13 162 122 11 203 13 109
split_gain=0.062515 0.13432 0.132305 0.0818004 0.0461333 0.0242875 0.0354154 0.00651349
threshold=0.63333333333333341 510944.7410714287 56787917.054320298 20.500000000000004 0.25000000000000017 0.053693693693693659 667242.50000000012 329473.56754098367
decision_type=10 2 10 8 2 10 2 10
left_child=3 4 -3 -1 -2 6 -5 -4
right_child=1 2 7 5 -6 -7 -8 -9
leaf_value=0.00066799612557253069 0.00047320951063079312 -0.0012935960264355015 -0.00025900234604574939 5.5916383473779686e-05 -2.3591185442437178e-05 0.00029752723228310113 -0.00030162338191455824 -7.9068190604527911e-05
leaf_weight=36 46 30 39 170 25 40 69 33
leaf_count=36 46 30 39 170 25 40 69 33
internal_value=0 -0.000230492 -0.000606625 0.000134614 0.000129984 1.56392e-05 -2.3216e-05 -0.000218671
internal_weight=488 173 102 315 71 279 239 72
internal_count=488 173 102 315 71 279 239 72
is_linear=0
shrinkage=0.0167612


Tree=177
num_leaves=8
num_cat=0
split_feature=4 191 13 55 20 18 65
split_gain=0.100772 0.0872166 0.0348204 0.0735433 0.0278966 0.0257167 0.00293646
threshold=285.00000000000006 1.0000000180025095e-35 883492.68135281396 1371961.0642361112 1.0000000180025095e-35 1.0000000180025095e-35 663549.48333333351
decision_type=2 8 2 8 8 8 8
left_child=1 6 5 -4 -2 -3 -1
right_child=4 2 3 -5 -6 -7 -8
leaf_value=-0.00022150416610122983 0.00082220233912255302 0.00028546354350820612 -5.7974155772325592e-05 -0.00069787385465471538 0.00021316014037504134 8.2306375329374535e-06 -0.0007217847452625671
leaf_weight=25 37 98 28 35 25 191 49
leaf_count=25 37 98 28 35 25 191 49
internal_value=0 -8.85527e-05 -4.46491e-06 -0.000264588 0.000498278 9.23401e-05 -0.000517782
internal_weight=488 426 352 63 62 289 74
internal_count=488 426 352 63 62 289 74
is_linear=0
shrinkage=0.0167612


Tree=178
num_leaves=9
num_cat=1
split_feature=0 50 112 71 64 167 52 40
split_gain=0.143382 0.088165 0.083512 0.0699817 0.0518292 0.038663 0.0264502 0.00846805
threshold=0 1.0000000180025095e-35 1.0000000180025095e-35 1048024.2616282677 712677.20458049898 1.0000000180025095e-35 1.0000000180025095e-35 1.0000000180025095e-35
decision_type=9 8 10 8 10 8 10 10
left_child=1 3 4 6 5 -2 -1 -4
right_child=2 -3 7 -5 -6 -7 -8 -9
leaf_value=0.00059541275059268167 -0.00019949739393253094 0.0005743572412590563 0.00028698343349417446 -0.0003640341413843116 -0.00017972891148362942 -0.00067348722584856062 0.00013222882869137135 3.6302062245450336e-05
leaf_weight=26 33 126 31 50 25 145 24 28
leaf_count=26 33 126 31 50 25 145 24 28
internal_value=0 0.000281496 -0.000243883 4.4328e-05 -0.000432983 -0.00055173 0.00030202 9.06856e-05
internal_weight=488 226 262 100 203 178 50 59
internal_count=488 226 262 100 203 178 50 59
cat_boundaries=0 1
cat_threshold=871272
is_linear=0
shrinkage=0.0167612


Tree=179
num_leaves=6
num_cat=0
split_feature=204 4 152 41 20
split_gain=0.0957787 0.0740319 0.11153 0.0494297 0.0272167
threshold=1.0000000180025095e-35 285.00000000000006 43.500000000000007 1.0000000180025095e-35 1.0000000180025095e-35
decision_type=10 2 10 8 8
left_child=1 2 3 -1 -3
right_child=-2 4 -4 -5 -6
leaf_value=0.00034838322263783651 -0.00053626556023307289 0.00080947452317483041 -0.00057277884464578151 -1.4014547833253562e-06 0.00021542786255250679
leaf_weight=117 46 37 47 216 25
leaf_count=117 46 37 47 216 25
internal_value=0 7.81223e-05 3.66236e-06 9.83259e-05 0.000503579
internal_weight=488 442 380 333 62
internal_count=488 442 380 333 62
is_linear=0
shrinkage=0.0167612


Tree=180
num_leaves=6
num_cat=0
split_feature=46 13 187 137 10
split_gain=0.0633563 0.407953 0.186681 0.125505 0.117386
threshold=43.500000000000007 187568.13750000004 0.071858864027538702 1.0000000180025095e-35 -0.24999999999999994
decision_type=10 2 10 10 2
left_child=1 -1 4 -2 -3
right_child=3 2 -4 -5 -6
leaf_value=0.001356078637784358 -7.4011036375624281e-05 6.7403313321295685e-05 0.00066836042930901716 -0.00093442137054712202 -0.00046269021553691121
leaf_weight=28 31 149 46 37 197
leaf_count=28 31 149 46 37 197
internal_value=0 7.68301e-05 -4.38156e-05 -0.000378509 -0.000200356
internal_weight=488 420 392 68 346
internal_count=488 420 392 68 346
is_linear=0
shrinkage=0.0167612


Tree=181
num_leaves=9
num_cat=0
split_feature=119 13 181 7 23 86 187 66
split_gain=0.0791273 0.12776 0.222322 0.10812 0.084447 0.0253842 0.0247329 0.00878454
threshold=978221.85528926493 510944.7410714287 1.0000000180025095e-35 1.0000000180025095e-35 900.00000000000011 1.284017058891868 0.44602272727272729 12.500000000000002
decision_type=10 2 8 2 10 8 8 10
left_child=1 4 5 -4 7 -3 -6 -1
right_child=-2 2 3 -5 6 -7 -8 -9
leaf_value=0.0006801671893047331 -0.00051632232904301099 0.00011540526673740373 -0.00088343675492449057 -0.00014431843716247985 3.9693728943001454e-05 0.00071943063334950041 -0.00033217030984876146 0.00023796535646481177
leaf_weight=112 38 41 95 53 26 33 28 62
leaf_count=112 38 41 95 53 26 33 28 62
internal_value=0 6.61195e-05 -0.000173036 -0.000553556 0.000339966 0.000368561 1.24837e-05 0.000535514
internal_weight=488 450 222 148 228 74 54 174
internal_count=488 450 222 148 228 74 54 174
is_linear=0
shrinkage=0.0167612


Tree=182
num_leaves=9
num_cat=0
split_feature=13 123 23 137 66 30 187 171
split_gain=0.216165 0.207637 0.135954 0.08426 0.0399362 0.0283783 0.0283151 0.021515
threshold=427905.18238993717 46.000000000000007 900.00000000000011 0.63333333333333341 20.500000000000004 43.500000000000007 0.12599206349206346 1.0000000180025095e-35
decision_type=2 8 10 8 10 8 8 10
left_child=2 -2 5 4 -3 -1 -5 -4
right_child=1 3 7 6 -6 -7 -8 -9
leaf_value=0.0012093794613572558 -0.0010300042301166644 0.00065124663697230202 2.9371492375515936e-05 -0.00059907997467442328 4.6564137377981458e-05 0.0005162116168238505 -0.00010695142040830805 -0.0003070460815214846
leaf_weight=33 46 25 26 43 79 87 122 27
leaf_count=33 46 25 26 43 79 87 122 27
internal_value=0 -0.000244361 0.000434321 -5.31101e-05 0.000243378 0.000760796 -0.000279358 3.81065e-05
internal_weight=488 315 173 269 104 120 165 53
internal_count=488 315 173 269 104 120 165 53
is_linear=0
shrinkage=0.0167612


Tree=183
num_leaves=10
num_cat=0
split_feature=13 172 171 61 96 61 55 192 7
split_gain=0.117611 0.240486 0.108062 0.0677904 0.0300477 0.0277315 0.0623023 0.0237589 0.0127265
threshold=316388.47742346948 1.0000000180025095e-35 1.0000000180025095e-35 0.71666666666666667 1.0000000180025095e-35 0.95000000000000007 639277.77777777787 825288.60080160445 1.0000000180025095e-35
decision_type=2 8 10 8 10 10 10 8 2
left_child=1 4 3 -2 -1 6 -4 -7 -5
right_child=2 -3 5 8 -6 7 -8 -9 -10
leaf_value=-0.00038275508664867004 -0.00083834760402827014 0.0011940547483107545 -0.00048033283083330296 -0.00025645428108447534 3.3229000839634999e-05 5.7931794714582626e-05 0.00022030121088956775 0.00050997276459015858 -4.6013474800643153e-05
leaf_weight=24 46 44 27 116 24 72 24 55 56
leaf_count=24 46 44 27 116 24 72 24 55 56
internal_value=0 0.000456678 -0.000118215 -0.00036585 2.27599e-05 0.000124026 -1.37117e-05 0.000281097 -0.000183877
internal_weight=488 92 396 218 48 178 51 127 172
internal_count=488 92 396 218 48 178 51 127 172
is_linear=0
shrinkage=0.0167612


Tree=184
num_leaves=7
num_cat=0
split_feature=152 145 11 204 94 9
split_gain=0.137045 0.206733 0.131545 0.118542 0.0517048 0.0348564
threshold=38.500000000000007 1.0000000180025095e-35 -0.68301270189221952 1.0000000180025095e-35 40.500000000000007 1.0000000180025095e-35
decision_type=10 10 2 10 8 2
left_child=2 -2 4 5 -1 -4
right_child=1 -3 3 -5 -6 -7
leaf_value=0.0010474837226505578 -0.0011769981597466283 -8.4723941626562701e-05 0.00022559072574606195 -0.00069254670462612702 0.00026270497932743495 -0.00011183865808459917
leaf_weight=45 39 45 212 24 52 55
leaf_count=45 39 45 212 24 52 55
internal_value=3.22576e-05 -0.0004565 0.000177211 1.06951e-05 0.000636038 0.000109084
internal_weight=472 84 388 291 97 267
internal_count=472 84 388 291 97 267
is_linear=0
shrinkage=0.0167612


Tree=185
num_leaves=10
num_cat=1
split_feature=0 119 13 145 162 170 51 162 187
split_gain=0.360618 0.144919 0.169551 0.0554736 0.271069 0.0314908 0.0127558 0.00274564 0.000265122
threshold=0 258492.09090909097 232620.91666666669 1.0000000180025095e-35 56675169.900530793 1.0000000180025095e-35 1.0000000180025095e-35 56766108.714603528 0.064866760168302909
decision_type=9 10 2 10 8 10 8 10 10
left_child=1 2 -1 4 -2 8 -6 -5 -3
right_child=3 5 -4 7 6 -7 -8 -9 -10
leaf_value=0.001678954843778911 -0.0013917196045545148 7.1283780242080243e-05 0.00049602664572660532 4.727407646066064e-05 -3.9806728657447156e-05 -0.00023003072310978412 -0.0002259532828847352 -0.00010349939492184542 0.00033078208700912772
leaf_weight=32 45 39 92 38 51 28 81 32 34
leaf_count=32 45 39 92 38 51 28 81 32 34
internal_value=3.09745e-05 0.000484166 0.000876483 -0.000356836 -0.000542498 7.5606e-05 -0.000148425 -7.51993e-05 0.000220026
internal_weight=472 225 124 247 177 101 132 70 73
internal_count=472 225 124 247 177 101 132 70 73
cat_boundaries=0 1
cat_threshold=273229
is_linear=0
shrinkage=0.0167612


Tree=186
num_leaves=8
num_cat=1
split_feature=0 76 13 216 17 83 192
split_gain=0.33398 0.240449 0.135494 0.0887959 0.0645035 0.0575897 0.00429262
threshold=0 5.5000000000000009 633459.43405139854 724525.56818181823 1.0000000180025095e-35 1.0000000180025095e-35 557535.16883894906
decision_type=9 10 2 8 10 8 10
left_child=4 2 -2 -3 -1 -4 -6
right_child=1 3 5 -5 6 -7 -8
leaf_value=-0.0011819297199014015 0.00090035852181984089 -9.3825199219048353e-05 0.00047151222258168301 -0.00076588698721967159 -0.00012734630724757471 -2.8818736746816096e-05 -0.0003943058114645967
leaf_weight=44 135 41 57 47 31 88 29
leaf_count=44 135 41 57 47 31 88 29
internal_value=3.01765e-05 0.000275436 0.000535159 -0.000299642 -0.000633521 0.000168405 -0.000338562
internal_weight=472 368 280 88 104 145 60
internal_count=472 368 280 88 104 145 60
cat_boundaries=0 1
cat_threshold=34604162
is_linear=0
shrinkage=0.0167612


Tree=187
num_leaves=8
num_cat=0
split_feature=13 43 159 181 6 5 46
split_gain=0.185443 0.0896612 0.102145 0.0636511 0.0634722 0.0206159 0.0170834
threshold=900858.57142857148 1.0000000180025095e-35 29.500000000000004 1.0000000180025095e-35 1.5000000000000002 1.5000000000000002 8.5000000000000018
decision_type=2 8 8 10 2 2 10
left_child=1 4 -3 -4 5 -1 -2
right_child=6 2 3 -5 -6 -7 -8
leaf_value=-0.0007907634295840684 -0.00020580189436010657 0.00077552901631897499 0.00028618366428170703 -0.00023510374774533908 0.00013640802714274869 -0.0001548776812205508 -0.00084438041489210986
leaf_weight=25 33 88 151 47 37 42 49
leaf_count=25 33 88 151 47 37 42 49
internal_value=2.88038e-05 0.000192978 0.000355335 0.000122017 -0.000113828 -0.00044557 -0.000550553
internal_weight=472 390 286 198 104 67 82
internal_count=472 390 286 198 104 67 82
is_linear=0
shrinkage=0.0167612


Tree=188
num_leaves=9
num_cat=0
split_feature=46 145 123 30 202 9 86 22
split_gain=0.111183 0.136728 0.107672 0.0717409 0.058135 0.0258148 0.0160889 0.0088979
threshold=31.500000000000004 1.0000000180025095e-35 26.000000000000004 13.500000000000002 36.500000000000007 1.0000000180025095e-35 0.83426929241382264 1.0000000180025095e-35
decision_type=10 10 8 10 8 2 10 10
left_child=2 -2 3 -1 6 -6 -4 -3
right_child=1 7 4 -5 5 -7 -8 -9
leaf_value=-2.0725264153050137e-05 -0.0010005474351361793 -0.00010988405019268208 0.00076992924910398118 -0.0006295734134705612 0.00017811802871782047 -0.00018392957338865496 0.00026450568792418626 0.00015659276021694522
leaf_weight=31 38 25 77 50 129 28 70 24
leaf_count=31 38 25 77 50 129 28 70 24
internal_value=2.77023e-05 -0.000403281 0.000162238 -0.000237012 0.000320516 7.01652e-05 0.000550964 -0.000111353
internal_weight=472 87 385 81 304 157 147 49
internal_count=472 87 385 81 304 157 147 49
is_linear=0
shrinkage=0.0167612


Tree=189
num_leaves=9
num_cat=0
split_feature=13 171 51 56 29 215 52 30
split_gain=0.390475 0.197792 0.229918 0.116565 0.0848275 0.041975 0.0331476 0.0131568
threshold=420529.6768292684 1.0000000180025095e-35 1.0000000180025095e-35 3.5000000000000004 1.0000000180025095e-35 111.50000000000001 1.0000000180025095e-35 9.5000000000000018
decision_type=2 8 10 10 10 10 10 10
left_child=3 2 -2 4 7 6 -3 -1
right_child=1 5 -4 -5 -6 -7 -8 -9
leaf_value=0.00070848842118194073 -0.0015118365200282925 -0.00032175380243028079 -0.00037705576382633129 0.00024418710293869222 0.0015823500436197989 0.00027571416046309527 -1.0784031217772601e-05 0.00025856999044938895
leaf_weight=77 52 120 25 27 27 47 70 27
leaf_count=77 52 120 25 27 27 47 70 27
internal_value=2.67614e-05 -0.000278984 -0.00090032 0.000652001 0.000913046 -3.45328e-05 -0.00015227 0.000632095
internal_weight=472 314 77 158 131 237 190 104
internal_count=472 314 77 158 131 237 190 104
is_linear=0
shrinkage=0.0167612


Tree=190
num_leaves=8
num_cat=0
split_feature=152 145 167 9 13 101 133
split_gain=0.105061 0.174728 0.0616614 0.116549 0.126777 0.105508 0.0281253
threshold=39.500000000000007 1.0000000180025095e-35 1.0000000180025095e-35 1.0000000180025095e-35 350297.35862248793 1.0000000180025095e-35 3.5000000000000004
decision_type=10 10 8 2 2 10 10
left_child=2 -2 5 4 -4 -1 -7
right_child=1 -3 3 -5 -6 6 -8
leaf_value=-0.00063426091746248173 -0.0010696678348360463 -6.8696775865662767e-05 0.0011402975604993069 -0.00017983046129137477 0.00026203356647817324 0.00041080950758548719 3.8621921161605702e-05
leaf_weight=39 38 45 39 47 187 35 42
leaf_count=39 38 45 39 47 187 35 42
internal_value=2.68892e-05 -0.000400946 0.000155091 0.000299663 0.000475228 -7.51876e-05 0.00012541
internal_weight=472 83 389 273 226 116 77
internal_count=472 83 389 273 226 116 77
is_linear=0
shrinkage=0.0167612


Tree=191
num_leaves=8
num_cat=1
split_feature=0 13 187 82 52 30 13
split_gain=0.340821 0.16153 0.151038 0.0960091 0.0783867 0.000955611 0.022166
threshold=0 345732.0991471216 0.11269841269841267 625055.86428571434 1.0000000180025095e-35 41.500000000000007 644410.68376068387
decision_type=9 2 8 8 10 10 2
left_child=2 -2 3 -1 -3 6 -4
right_child=1 4 5 -5 -6 -7 -8
leaf_value=0.0004904491715088373 0.00017439571331366366 -0.00078716996171840858 0.0012626004976438324 -0.00033878789330293559 -0.00019388036747517614 0.00037994967446653311 0.00056656695178978111
leaf_weight=33 50 157 57 54 40 25 56
leaf_count=33 50 157 57 54 40 25 56
internal_value=2.57334e-05 -0.000350751 0.000467035 8.25915e-05 -0.000608807 0.000826188 0.000958699
internal_weight=472 247 225 87 197 138 113
internal_count=472 247 225 87 197 138 113
cat_boundaries=0 1
cat_threshold=273229
is_linear=0
shrinkage=0.0167612


Tree=192
num_leaves=9
num_cat=0
split_feature=110 152 207 7 111 119 123 26
split_gain=0.173312 0.124608 0.0160495 0.0401999 0.016893 0.0142432 0.00447252 0.00253451
threshold=1.0000000180025095e-35 16.500000000000004 642938.46153846162 1.0000000180025095e-35 1.0000000180025095e-35 720721.94354838727 46.000000000000007 2.5350000000000006
decision_type=10 10 8 2 10 10 10 10
left_child=2 6 -1 4 -4 -3 -2 -5
right_child=1 5 3 7 -6 -7 -8 -9
leaf_value=-7.0523905146053625e-05 0.0011112828621391035 4.7544061430079303e-05 -0.00015841639925934638 -4.9031531125606547e-05 -0.00054461080094942718 -0.00023042876933127414 0.00049882570267541736 7.8777757516636002e-05
leaf_weight=44 33 41 104 49 131 26 57 33
leaf_count=44 33 41 104 49 131 26 57 33
internal_value=-2.87441e-05 0.00037049 -0.000236546 -0.00028779 -0.000395427 6.67897e-05 0.000759128 -5.34207e-05
internal_weight=518 157 361 317 235 67 90 82
internal_count=518 157 361 317 235 67 90 82
is_linear=0
shrinkage=0.0167612


Tree=193
num_leaves=9
num_cat=0
split_feature=17 161 4 82 134 137 10 203
split_gain=0.12029 0.170767 0.0449828 0.0344641 0.0151421 0.00740351 0.00431449 0.00414567
threshold=1.0000000180025095e-35 0.70865542607030607 161.50000000000003 842848.81264311739 1.0000000180025095e-35 1.0000000180025095e-35 -0.5 0.19574468085106383
decision_type=10 10 2 10 10 8 2 10
left_child=2 -2 3 4 -1 6 -4 -3
right_child=1 7 5 -5 -6 -7 -8 -9
leaf_value=-0.00025321903132393873 0.0010748886373519464 4.7444977731128856e-05 0.00029379496161198627 -0.00071817100037117865 -3.8696523156924598e-05 8.8646755787777873e-06 4.042574946677884e-05 -0.00010949048880138217
leaf_weight=206 38 37 26 25 73 36 51 26
leaf_count=206 38 37 26 25 73 36 51 26
internal_value=-2.77843e-05 0.000395894 -0.00016428 -0.000276954 -0.000189834 2.5939e-05 0.000150734 9.05793e-05
internal_weight=518 101 417 304 279 113 77 63
internal_count=518 101 417 304 279 113 77 63
is_linear=0
shrinkage=0.0167612


Tree=194
num_leaves=10
num_cat=1
split_feature=0 56 10 63 172 105 213 46 207
split_gain=0.228107 0.215922 0.133512 0.0780824 0.0471162 0.0469444 0.0464389 0.0338117 0.0320837
threshold=0 3.5000000000000004 0.68301270189221941 1214732.0243286674 1.0000000180025095e-35 162673.5240641679 1.0000000180025095e-35 105.00000000000001 758428.57142857148
decision_type=9 8 2 8 8 10 8 8 8
left_child=1 5 3 8 7 -1 -5 -4 -2
right_child=2 -3 4 6 -6 -7 -8 -9 -10
leaf_value=0.00013773254765688013 -0.00014955860988442827 -0.0013260183188327044 -0.00024945489958727829 0.00017143527077915753 -8.8151034590464028e-05 -0.0004443772603449641 0.00080329607055914382 -0.00096371446851536806 0.00024799284641402035
leaf_weight=45 71 48 26 61 40 28 101 26 72
leaf_count=45 71 48 26 61 40 28 101 26 72
internal_value=-2.70347e-05 -0.000568668 0.000145904 0.00033226 -0.000276805 -0.000115919 0.00057219 -0.000596466 3.84074e-05
internal_weight=518 121 397 305 92 73 162 52 143
internal_count=518 121 397 305 92 73 162 52 143
cat_boundaries=0 1
cat_threshold=34612264
is_linear=0
shrinkage=0.0167612


Tree=195
num_leaves=8
num_cat=0
split_feature=110 46 10 216 28 152 7
split_gain=0.16298 0.128834 0.106381 0.0512448 0.03276 0.0148055 0.00915673
threshold=1.0000000180025095e-35 8.5000000000000018 1.0000000180025095e-35 914692.66566190217 7.3241899852724606 42.500000000000007 1.0000000180025095e-35
decision_type=10 10 2 10 10 10 2
left_child=3 2 -2 4 6 -3 -1
right_child=1 5 -4 -5 -6 -7 -8
leaf_value=-0.0002782606579417728 0.001278528024735222 0.00013908103675776287 0.00030996247892043721 -0.00074392296253448587 0.00011761938758198182 -0.00017920152310352359 -3.9683179941849316e-05
leaf_weight=221 45 40 30 24 32 42 84
leaf_count=221 45 40 30 24 32 42 84
internal_value=-2.68362e-05 0.00035983 0.00080748 -0.000228823 -0.000152974 6.6793e-05 -0.000218029
internal_weight=518 157 75 361 337 82 305
internal_count=518 157 75 361 337 82 305
is_linear=0
shrinkage=0.0167612


Tree=196
num_leaves=11
num_cat=1
split_feature=0 212 46 28 83 17 6 15 191 15
split_gain=0.230711 0.183492 0.131622 0.198868 0.118824 0.0587732 0.0772717 0.0690211 0.0459308 0.0254796
threshold=0 1.0000000180025095e-35 7.5000000000000009 1.0540540540540542 1.0000000180025095e-35 1.0000000180025095e-35 1.5000000000000002 1.0000000180025095e-35 1.0000000180025095e-35 1.0000000180025095e-35
decision_type=9 8 10 10 10 8 2 2 10 2
left_child=1 2 4 -4 -1 6 9 -7 -8 -2
right_child=5 -3 3 -5 -6 7 8 -9 -10 -11
leaf_value=0.00074732204059797845 -3.0372542420953961e-05 -0.001010070399983117 -0.0011606286581762593 -8.204082768685267e-05 -0.00010063643908751564 0.00015201302795751767 0.00018430404916064616 0.00091380317989543658 0.00086242535680163554 -0.00046074744039194683
leaf_weight=52 80 72 42 38 28 69 27 55 26 29
leaf_count=52 80 72 42 38 28 69 27 55 26 29
internal_value=-2.63815e-05 -0.000395066 -9.62301e-05 -0.000500733 0.00027614 0.000253251 3.57668e-05 0.000522921 0.000450546 -0.000160374
internal_weight=518 232 160 80 80 286 162 124 53 109
internal_count=518 232 160 80 80 286 162 124 53 109
cat_boundaries=0 1
cat_threshold=34890922
is_linear=0
shrinkage=0.0167612


Tree=197
num_leaves=10
num_cat=0
split_feature=152 10 95 109 196 83 206 6 18
split_gain=0.125923 0.181926 0.175904 0.109144 0.0955689 0.0796188 0.0396161 0.00498923 0.00245511
threshold=16.500000000000004 0.25000000000000011 1.0000000180025095e-35 421295.6938932981 10.500000000000002 1.0000000180025095e-35 1.0000000180025095e-35 1.5000000000000002 1.0000000180025095e-35
decision_type=10 2 8 10 10 10 8 2 10
left_child=1 2 3 -1 -2 6 -3 -4 -6
right_child=4 5 7 -5 8 -7 -8 -9 -10
leaf_value=0.0011028410046493695 -0.00082681902367138789 0.00026073207363549767 1.4807495463025336e-05 0.00026506241857395674 -0.00011053639823571788 -0.00074307425047885785 -0.0002361716049899029 -0.0001135058235404366 1.2421816633357e-05
leaf_weight=93 67 36 36 37 42 42 72 62 31
leaf_count=93 67 36 36 37 42 42 72 62 31
internal_value=-2.58577e-05 0.000109153 0.000407552 0.000789782 -0.000418529 -0.000260346 -3.84086e-05 4.33283e-05 -8.53147e-05
internal_weight=518 378 228 130 140 150 108 98 73
internal_count=518 378 228 130 140 150 108 98 73
is_linear=0
shrinkage=0.0167612


Tree=198
num_leaves=8
num_cat=0
split_feature=17 86 13 171 18 18 5
split_gain=0.108967 0.187938 0.121813 0.118379 0.0928698 0.00752799 0.000710181
threshold=1.0000000180025095e-35 0.99999999994559441 386989.03273809532 1.0000000180025095e-35 1.0000000180025095e-35 1.0000000180025095e-35 2.5000000000000004
decision_type=10 10 2 10 10 10 2
left_child=2 6 4 -4 -1 -5 -2
right_child=1 -3 3 5 -6 -7 -8
leaf_value=0.00052615293894694515 0.00062111197512975086 -1.9820077983159386e-05 -0.00063044805892757433 -4.9273705679953919e-05 -0.00013539160875335678 0.00015106505741112366 0.0014091005539503233
leaf_weight=83 26 49 167 83 50 34 26
leaf_count=83 26 49 167 83 50 34 26
internal_value=-2.60967e-05 0.000376238 -0.000156729 -0.000358463 0.00017199 -4.93762e-05 0.000985703
internal_weight=518 101 417 284 133 117 52
internal_count=518 101 417 284 133 117 52
is_linear=0
shrinkage=0.0167612


Tree=199
num_leaves=11
num_cat=0
split_feature=13 169 71 181 44 5 45 26 15 154
split_gain=0.160333 0.146566 0.127852 0.11806 0.0882357 0.0828476 0.0690992 0.0550276 0.0560177 0.030013
threshold=465383.40666666668 116.07631110000001 1048024.2616282677 1.0000000180025095e-35 0.68646042372852734 2.5000000000000004 3.5867709815078244 2.8900000000000001 1.0000000180025095e-35 1.0000000180025095e-35
decision_type=2 10 8 8 10 2 8 10 2 10
left_child=1 7 -3 4 -2 -5 -6 8 -1 -7
right_child=3 2 -4 5 6 9 -8 -9 -10 -11
leaf_value=3.9255766620403954e-05 0.00052072550770850207 0.00040070078525264235 0.0016111782199044035 -0.00089384686081236898 -1.335129287058507e-05 -0.0003504747101955085 -0.00063256439785899169 -0.00032950483647716932 0.00057929565007371422 1.4770083164203496e-05
leaf_weight=81 44 24 24 86 49 60 30 38 44 38
leaf_count=81 44 24 24 86 49 60 30 38 44 38
internal_value=-2.55944e-05 0.000284282 0.000915229 -0.000271023 1.34431e-05 -0.00053571 -0.00016805 3.63352e-05 0.00020938 -0.000181719
internal_weight=518 211 48 307 123 184 79 163 125 98
internal_count=518 211 48 307 123 184 79 163 125 98
is_linear=0
shrinkage=0.0167612


Tree=200
num_leaves=7
num_cat=0
split_feature=119 181 159 13 47 105
split_gain=0.105138 0.0925517 0.0513051 0.136623 0.0407168 0.022721
threshold=940157.77604166686 1.0000000180025095e-35 33.500000000000007 644410.68376068387 0.21666666666666662 195169.09421216763
decision_type=10 8 10 2 10 10
left_child=1 4 3 -3 -1 -2
right_child=5 2 -4 -5 -6 -7
leaf_value=0.00090351518417848466 -0.00090807493030842766 0.00034572838349869445 -0.00035000885411489579 -0.00028954581623783898 0.00017937382367525379 -0.0001939756578144715
leaf_weight=37 25 194 65 114 50 31
leaf_count=37 25 194 65 114 50 31
internal_value=0 9.72066e-05 4.63847e-06 7.2628e-05 0.000511748 -0.000515702
internal_weight=516 460 373 308 87 56
internal_count=516 460 373 308 87 56
is_linear=0
shrinkage=0.0167612


Tree=201
num_leaves=9
num_cat=1
split_feature=0 3 12 204 20 11 124 41
split_gain=0.116395 0.0905373 0.116378 0.132978 0.0809636 0.0440608 0.027145 0.0215076
threshold=0 6.5000000000000009 1.0000000180025095e-35 1.0000000180025095e-35 1.0000000180025095e-35 -0.9330127018922193 -0.077496066457889382 1.0000000180025095e-35
decision_type=9 2 2 8 8 2 8 8
left_child=7 5 4 -4 -3 -2 -7 -1
right_child=1 2 3 -5 -6 6 -8 -9
leaf_value=-0.00071756144605954436 0.00022432888764905014 0.0003669594875740273 0.0014878369225432289 0.0002967894849066393 -0.00025419421221758737 -6.4886830986395623e-05 -0.00037937538861655787 -0.00014331869390204539
leaf_weight=49 34 88 31 44 63 48 108 51
leaf_count=49 34 88 31 44 63 48 108 51
internal_value=0 0.00013463 0.000361406 0.000824406 7.91185e-05 -7.05073e-05 -0.000231525 -0.000400858
internal_weight=516 416 226 75 151 190 156 100
internal_count=516 416 226 75 151 190 156 100
cat_boundaries=0 1
cat_threshold=33554594
is_linear=0
shrinkage=0.0167612


Tree=202
num_leaves=10
num_cat=0
split_feature=37 206 152 176 109 11 176 172 34
split_gain=0.0604933 0.0884501 0.0935495 0.161097 0.0424308 0.0306634 0.0606932 0.0234235 0.00679232
threshold=5.5000000000000009 1.0000000180025095e-35 16.500000000000004 20.000000000000004 329473.56754098367 -0.24999999999999994 5.5000000000000009 1.0000000180025095e-35 491993.82167832175
decision_type=10 8 10 10 10 2 8 10 8
left_child=1 2 3 -1 7 8 -7 -2 -3
right_child=4 5 -4 -5 -6 6 -8 -9 -10
leaf_value=0.00027517519195036924 -0.00088613744924971507 4.8659689448597344e-05 0.00016715848355267781 0.001598425604495263 -0.00011053498024464236 0.00021428793371514222 -0.00032349875147118706 -0.00021061848280382739 0.00021525476408743282
leaf_weight=39 27 34 35 24 32 28 155 42 100
leaf_count=39 27 34 35 24 32 28 155 42 100
internal_value=0 0.000100375 0.00048018 0.00084936 -0.000299781 1.95013e-08 -0.000156537 -0.000540771 0.000137177
internal_weight=516 415 98 63 101 317 183 69 134
internal_count=516 415 98 63 101 317 183 69 134
is_linear=0
shrinkage=0.0167612


Tree=203
num_leaves=7
num_cat=0
split_feature=14 212 142 130 6 45
split_gain=0.0875116 0.160636 0.110583 0.185709 0.0524547 0.0403894
threshold=18.000000000000004 1.0000000180025095e-35 2.2066666666666674 33.500000000000007 1.5000000000000002 4.4832535885167477
decision_type=2 8 10 10 2 8
left_child=1 2 3 -1 -2 -4
right_child=4 -3 5 -5 -6 -7
leaf_value=0.000707466984303265 0.00075514774519376451 -0.00062791320303831849 -3.0446779284049376e-05 -0.00024495550464453687 0.00013409905652873999 -0.00039298343781488251
leaf_weight=122 49 87 86 36 39 97
leaf_count=122 49 87 86 36 39 97
internal_value=0 -8.16556e-05 5.02748e-05 0.000365849 0.000413912 -0.00017054
internal_weight=516 428 341 158 88 183
internal_count=516 428 341 158 88 183
is_linear=0
shrinkage=0.0167612


Tree=204
num_leaves=8
num_cat=0
split_feature=14 76 215 206 132 4 176
split_gain=0.0848993 0.11311 0.101058 0.130936 0.0772796 0.0725158 0.0247338
threshold=18.000000000000004 12.500000000000002 81.500000000000014 1.0000000180025095e-35 1.0000000180025095e-35 132.00000000000003 22.000000000000004
decision_type=2 8 8 10 10 2 8
left_child=1 2 4 -4 -1 -3 -7
right_child=-2 5 3 -5 -6 6 -8
leaf_value=-0.00085311735427083502 0.00040727794278197163 -0.00075317276695671524 0.00066659471915621229 6.004723424352916e-06 -0.00010627306144928395 -0.00027095624239536326 0.00014559767716969992
leaf_weight=25 88 78 104 107 39 42 33
leaf_count=25 88 78 104 107 39 42 33
internal_value=0 -8.09849e-05 8.27297e-05 0.000282061 -0.000328024 -0.000420847 -8.39557e-05
internal_weight=516 428 275 211 64 153 75
internal_count=516 428 275 211 64 153 75
is_linear=0
shrinkage=0.0167612


Tree=205
num_leaves=7
num_cat=0
split_feature=14 212 125 200 86 3
split_gain=0.0826579 0.152003 0.049614 0.244673 0.0472328 0.0135837
threshold=18.000000000000004 1.0000000180025095e-35 28.500000000000004 1.0000000180025095e-35 0.99999999998352695 8.5000000000000018
decision_type=2 8 10 10 8 2
left_child=1 2 3 -1 -4 -2
right_child=5 -3 4 -5 -6 -7
leaf_value=0.00077296647334072701 0.00066992991860812911 -0.00061168596002275394 7.1166257506618895e-05 -0.00018825843505563869 -0.00037535635261442619 0.00013879825864544996
leaf_weight=97 41 87 50 106 88 47
leaf_count=97 41 87 50 106 88 47
internal_value=0 -8.02034e-05 4.74607e-05 0.000224195 -0.00013147 0.000401648
internal_weight=516 428 341 203 138 88
internal_count=516 428 341 203 138 88
is_linear=0
shrinkage=0.0167612


Tree=206
num_leaves=10
num_cat=0
split_feature=5 192 12 206 13 111 44 17 47
split_gain=0.0740117 0.0523501 0.0344094 0.139481 0.134481 0.0509251 0.0472775 0.0299033 0.0268721
threshold=1.5000000000000002 582471.08147721458 1.0000000180025095e-35 1.0000000180025095e-35 345732.0991471216 1.0000000180025095e-35 0.83850710517831206 1.0000000180025095e-35 0.75000000000000011
decision_type=2 8 2 10 2 10 10 8 8
left_child=1 -1 5 4 -4 8 -7 -3 -2
right_child=2 7 3 -5 -6 6 -8 -9 -10
leaf_value=-8.4265964773823582e-05 -6.9084319497222412e-05 -0.00083352740811705505 0.0013036401273099462 -0.00024390504806899542 0.00022826740591771493 0.0004512864643000844 3.928545996851714e-05 -0.00017891818041630131 -0.00040186655593058912
leaf_weight=24 40 44 31 27 74 79 73 47 77
leaf_count=24 40 44 31 27 74 79 73 47 77
internal_value=0 -0.000312559 0.000116062 0.000316541 0.000624679 7.54026e-06 0.000192723 -0.0005345 -0.000216933
internal_weight=516 115 401 132 105 269 152 91 117
internal_count=516 115 401 132 105 269 152 91 117
is_linear=0
shrinkage=0.0167612


Tree=207
num_leaves=9
num_cat=0
split_feature=13 10 212 181 82 142 200 71
split_gain=0.120411 0.103636 0.0609813 0.0270268 0.0505902 0.0139564 0.0126602 0.0062744
threshold=1134512.5269868083 -0.24999999999999994 1.0000000180025095e-35 1.0000000180025095e-35 1134512.5269868083 2.5916666666666672 1.0000000180025095e-35 902296.73076923087
decision_type=2 2 8 10 8 8 10 8
left_child=1 2 5 6 -5 -1 -3 -2
right_child=7 3 -4 4 -6 -7 -8 -9
leaf_value=0.00024267058618066787 -0.00081075030687923215 5.7796021910338641e-06 9.5202032117063594e-05 -5.7425679184819639e-05 -0.00048822678572866071 0.00073660350487127224 0.00022204545471968856 -0.00022199367225681592
leaf_weight=28 37 87 59 57 78 98 46 26
leaf_count=28 37 87 59 57 78 98 46 26
internal_value=0 0.000106312 0.000395724 -6.18382e-05 -0.000232555 0.000606211 3.26822e-05 -0.000530804
internal_weight=516 453 185 268 135 126 133 63
internal_count=516 453 185 268 135 126 133 63
is_linear=0
shrinkage=0.0167612


Tree=208
num_leaves=10
num_cat=0
split_feature=63 17 51 121 23 13 109 204 196
split_gain=0.107008 0.128271 0.129564 0.0576337 0.0529963 0.045163 0.0214789 0.0179949 0.000428249
threshold=169329.45486111115 1.0000000180025095e-35 1.0000000180025095e-35 1.0000000180025095e-35 900.00000000000011 486610.38424908434 421295.6938932981 1.0000000180025095e-35 1.0000000180025095e-35
decision_type=10 10 8 8 8 2 10 10 10
left_child=1 2 7 6 -4 8 -2 -1 -5
right_child=3 -3 4 5 -6 -7 -8 -9 -10
leaf_value=-0.00054703617970489559 2.2832281273187827e-05 0.0010654325205741713 0.00088511874677316832 -6.0231221801345262e-05 0.00022288654957282471 -0.00056427879713703334 0.00030599273892017 -0.00012216139656088599 1.2527308311381678e-05
leaf_weight=40 43 26 32 29 144 90 50 26 25
leaf_count=40 43 26 32 29 144 90 50 26 25
internal_value=9.04889e-05 0.000315392 0.000169308 -0.000127433 0.000400983 -0.000345772 7.57323e-05 -0.000292097 -8.89065e-05
internal_weight=505 268 242 237 176 144 93 66 54
internal_count=505 268 242 237 176 144 93 66 54
is_linear=0
shrinkage=0.0167612


Tree=209
num_leaves=10
num_cat=0
split_feature=105 10 167 152 129 111 144 92 134
split_gain=0.0945167 0.0783953 0.16132 0.0736569 0.0380576 0.0342456 0.0298025 0.0244355 0.0206791
threshold=72569.198400997382 1.0000000180025095e-35 1.0000000180025095e-35 17.500000000000004 1.5000000000000002 1.0000000180025095e-35 -8.3580425999999992 15.500000000000002 1.0000000180025095e-35
decision_type=10 2 10 8 8 10 8 10 10
left_child=1 2 4 7 -1 -5 -3 -2 -8
right_child=3 6 -4 5 -6 -7 8 -9 -10
leaf_value=-3.2162226240047456e-05 2.4939427190558779e-05 -0.00024695056900373368 0.0012447118658897439 -0.00019866702904668718 0.00035015662410210925 -0.00065394832774496366 2.6257614219609689e-05 0.00038309195556966816 0.00038752182691096444
leaf_weight=36 36 52 33 25 107 78 79 26 33
leaf_count=36 36 52 33 25 107 78 79 26 33
internal_value=8.95886e-05 0.000252993 0.000484298 -0.000181811 0.000213726 -0.000464399 2.5883e-05 7.29754e-05 0.000137242
internal_weight=505 340 176 165 143 103 164 62 112
internal_count=505 340 176 165 143 103 164 62 112
is_linear=0
shrinkage=0.0167612


Tree=210
num_leaves=10
num_cat=0
split_feature=13 56 200 43 6 144 61 3 191
split_gain=0.231547 0.197257 0.127743 0.137231 0.132445 0.0435834 0.0134091 0.00846567 0.00764851
threshold=433391.55702811241 3.5000000000000004 35.269480519480524 1.0000000180025095e-35 1.5000000000000002 -8.3580425999999992 2.2500000000000004 9.5000000000000018 1.0000000180025095e-35
decision_type=2 10 8 10 2 8 8 2 10
left_child=1 5 -2 7 -5 8 -7 -4 -1
right_child=2 -3 3 4 -6 6 -8 -9 -10
leaf_value=0.00014309317102403937 -0.000644665167863957 -0.00014859414211497625 -0.00049683768095389654 5.4071465636580012e-05 0.00092513076479377912 0.0015155577978151326 0.00077655945447356969 -0.00016055228906811689 0.0004143011424854637
leaf_weight=29 78 29 81 96 43 29 72 24 24
leaf_count=29 78 29 81 96 43 29 72 24 24
internal_value=8.84505e-05 0.000531919 -0.000148385 -1.05577e-05 0.000331798 0.000818572 0.00106175 -0.000366713 0.000365114
internal_weight=505 183 322 244 139 154 101 105 53
internal_count=505 183 322 244 139 154 101 105 53
is_linear=0
shrinkage=0.0167612


Tree=211
num_leaves=9
num_cat=0
split_feature=105 144 6 94 85 105 41 189
split_gain=0.0919138 0.140394 0.107434 0.216738 0.0984427 0.0519658 0.0206669 0.0225348
threshold=81445.159370124384 -8.5191404499999983 1.0000000180025095e-35 33.500000000000007 0.046536796536796508 140119.4115951368 1.0000000180025095e-35 291.00000000000006
decision_type=10 8 2 8 10 8 10 8
left_child=1 5 -3 -4 6 -1 7 -2
right_child=4 2 3 -5 -6 -7 -8 -9
leaf_value=-7.0936977685802556e-05 -8.7760778949963871e-05 1.5061464577321444e-05 0.0011746259337293489 0.00018330012870828921 0.00018292868013183389 -0.00063694547072639318 -0.00078300711712894864 -0.00038576311511288956
leaf_weight=41 27 53 85 141 43 34 47 34
leaf_count=41 27 53 85 141 43 34 47 34
internal_value=8.64512e-05 0.000239187 0.000424776 0.000594782 -0.000197388 -0.000226546 -0.000493582 -0.000214538
internal_weight=505 354 279 226 151 75 108 61
internal_count=505 354 279 226 151 75 108 61
is_linear=0
shrinkage=0.0167612


Tree=212
num_leaves=9
num_cat=0
split_feature=124 28 167 192 207 110 192 50
split_gain=0.102286 0.155414 0.141534 0.106444 0.0987801 0.0609023 0.0583073 0.0268051
threshold=-0.84935068157973814 91.277209302325602 1.0000000180025095e-35 1076816.4355576204 758428.57142857148 1.0000000180025095e-35 1322996.7198494221 1.0000000180025095e-35
decision_type=10 8 10 8 8 8 8 10
left_child=2 7 5 -4 -3 6 -1 -2
right_child=1 4 3 -5 -6 -7 -8 -9
leaf_value=-8.6417084204581414e-05 3.7402570471732128e-05 -0.00027000010122569639 0.00026346326686776234 0.0011806986859425235 -0.0011591668420808943 0.00020279199019667931 -0.00060865145798811389 0.000399261762846157
leaf_weight=28 40 30 34 55 46 184 48 40
leaf_count=28 40 30 34 55 46 184 48 40
internal_value=8.45428e-05 -0.000210666 0.000248617 0.000742729 -0.000703374 3.7249e-05 -0.000266329 0.000117448
internal_weight=505 156 349 89 76 260 76 80
internal_count=505 156 349 89 76 260 76 80
is_linear=0
shrinkage=0.0167612


Tree=213
num_leaves=9
num_cat=0
split_feature=115 110 47 192 167 5 87 18
split_gain=0.073909 0.108848 0.0587043 0.0386436 0.135522 0.0142097 0.00713104 0.00285757
threshold=158783.51951314512 1.0000000180025095e-35 0.75000000000000011 631805.00307305867 1.0000000180025095e-35 2.5000000000000004 639777.77777777787 1.0000000180025095e-35
decision_type=8 10 8 10 8 2 10 10
left_child=2 3 6 4 -2 -3 7 -1
right_child=1 5 -4 -5 -6 -7 -8 -9
leaf_value=1.8434281528947768e-05 -0.00036054190250676163 0.00033644251556022559 -0.00060454793515048427 -0.00028763413130357461 0.00037350632380336472 0.001003573864268628 -0.00014111918429811769 0.00016268670272780937
leaf_weight=48 57 36 34 33 183 42 41 31
leaf_count=48 57 36 34 33 183 42 41 31
internal_value=8.33605e-05 0.000222802 -0.000164437 4.75158e-05 0.000135683 0.000687937 -2.21602e-05 6.57761e-05
internal_weight=505 351 154 273 240 78 120 79
internal_count=505 351 154 273 240 78 120 79
is_linear=0
shrinkage=0.0167612


Tree=214
num_leaves=8
num_cat=0
split_feature=13 23 40 150 165 167 91
split_gain=0.278342 0.249681 0.205593 0.131318 0.0609987 0.173805 0.0462
threshold=413877.09027777787 900.00000000000011 1.0000000180025095e-35 1.0000000180025095e-35 38.886309523809537 1.0000000180025095e-35 23.500000000000004
decision_type=2 10 10 10 8 10 10
left_child=1 3 4 -1 6 -6 -2
right_child=2 -3 -4 -5 5 -7 -8
leaf_value=0.00072272868775516907 -0.00067043172604194486 5.289094790816812e-05 -0.00099529713044780622 0.0018944038897345577 -0.00020089953638620001 0.00057801741436199925 -0.00011245469718831475
leaf_weight=79 43 51 36 26 128 104 38
leaf_count=79 43 51 36 26 128 104 38
internal_value=8.09656e-05 0.000619113 -0.000150898 0.00109024 -8.50303e-06 0.000112932 -0.000341088
internal_weight=505 156 349 105 313 232 81
internal_count=505 156 349 105 313 232 81
is_linear=0
shrinkage=0.0167612


Tree=215
num_leaves=9
num_cat=0
split_feature=203 97 20 11 9 114 133 112
split_gain=0.0992338 0.111591 0.0965083 0.0891306 0.0667969 0.017127 0.0160282 0.012161
threshold=0.039480519480519456 1.0000000180025095e-35 1.0000000180025095e-35 0.25000000000000017 1.0000000180025095e-35 1.0000000180025095e-35 1.5000000000000002 1.0000000180025095e-35
decision_type=8 10 8 2 2 8 10 10
left_child=2 3 6 4 -2 -5 -1 -8
right_child=1 -3 -4 5 -6 -7 7 -9
leaf_value=0.00017674532688038001 0.00069161550099279382 -0.0002936072496916431 -0.00085596949355181762 -0.00017486319989565692 0.00019875376470525119 0.00013455336187930873 -0.00030789600005277679 -6.042495637019139e-05
leaf_weight=27 174 45 27 47 33 82 42 28
leaf_count=27 174 45 27 47 33 82 42 28
internal_value=7.84925e-05 0.000220034 -0.000256598 0.000344424 0.000549673 4.35875e-05 -4.1455e-05 -0.000150947
internal_weight=505 381 124 336 207 129 97 70
internal_count=505 381 124 336 207 129 97 70
is_linear=0
shrinkage=0.0167612


Tree=216
num_leaves=9
num_cat=1
split_feature=0 12 9 36 44 55 145 5
split_gain=0.127243 0.104535 0.0719421 0.0640976 0.102798 0.0369746 0.124548 0.00277042
threshold=0 1.0000000180025095e-35 1.0000000180025095e-35 61.500000000000007 0.93080952827511332 1371961.0642361112 1.0000000180025095e-35 2.5000000000000004
decision_type=9 2 2 8 10 8 10 2
left_child=1 3 5 4 -1 -2 -7 -4
right_child=2 -3 7 -5 -6 6 -8 -9
leaf_value=0.00065193677086180786 -0.00035693177846998466 0.00083074613478484837 -0.00029894638454444877 -0.00025173754943275052 -6.6407916556212413e-05 -0.00017471731271977552 0.00055881045558241974 -0.00092622289805648842
leaf_weight=75 44 59 28 47 36 127 62 26
leaf_count=75 44 59 28 47 36 127 62 26
internal_value=3.00776e-05 0.000317746 -0.000168347 9.2406e-05 0.000301779 -2.76184e-05 4.22937e-05 -0.000611044
internal_weight=504 217 287 158 111 233 189 54
internal_count=504 217 287 158 111 233 189 54
cat_boundaries=0 1
cat_threshold=420680
is_linear=0
shrinkage=0.0167612


Tree=217
num_leaves=10
num_cat=0
split_feature=13 43 165 124 188 122 148 67 145
split_gain=0.286545 0.103582 0.091927 0.0650951 0.0629349 0.0611137 0.180135 0.0298584 0.0167422
threshold=420529.6768292684 1.0000000180025095e-35 64.050649350649365 1.0000000180025095e-35 1.0000000180025095e-35 48.500000000000007 1.0000000180025095e-35 66.500000000000014 1.0000000180025095e-35
decision_type=2 10 8 10 10 10 8 8 8
left_child=5 7 3 -3 -4 6 -1 -2 -8
right_child=1 2 4 -5 -6 -7 8 -9 -10
leaf_value=0.0014589954436371095 -0.0010256732438915438 -6.0314900595293211e-05 0.00060440726941594718 -0.00077327003895771016 8.7437422038616792e-05 0.0002322567485392655 0.0001377867925113737 -0.00036532175982485553 0.00039015828733062992
leaf_weight=39 31 78 62 33 42 25 27 85 82
leaf_count=39 31 78 62 33 42 25 27 85 82
internal_value=2.84817e-05 -0.000228479 -1.82737e-05 -0.000312023 0.00028392 0.000542917 0.000715895 -0.000592083 0.000336831
internal_weight=504 331 215 111 104 173 148 116 109
internal_count=504 331 215 111 104 173 148 116 109
is_linear=0
shrinkage=0.0167612


Tree=218
num_leaves=9
num_cat=1
split_feature=0 64 134 218 90 192 217 49
split_gain=0.177514 0.123577 0.117764 0.0881057 0.055491 0.0225593 0.00900965 0.00716821
threshold=0 1090171.2385487531 1.0000000180025095e-35 0.042231041998322831 33.500000000000007 294260.16407118365 6.5000000000000009 1.0000000180025095e-35
decision_type=9 8 10 8 8 10 8 8
left_child=1 -1 7 -2 -5 -4 -6 -3
right_child=3 2 5 4 6 -7 -8 -9
leaf_value=-0.00099019394221323701 -3.6109354814325737e-05 -0.000825052972927062 0.00045262790055931325 0.0008004969559639684 7.7576197603152446e-05 4.1814874337291556e-05 0.00026621184213618026 -0.00029297953733379997
leaf_weight=29 61 27 38 88 35 64 97 65
leaf_count=29 61 27 38 88 35 64 97 65
internal_value=2.69355e-05 -0.000275604 -0.000114899 0.000299587 0.000483015 0.000184997 0.000222846 -0.000493859
internal_weight=504 223 194 281 220 102 132 92
internal_count=504 223 194 281 220 102 132 92
cat_boundaries=0 1
cat_threshold=38895798
is_linear=0
shrinkage=0.0167612


Tree=219
num_leaves=7
num_cat=0
split_feature=2 6 162 41 38 79
split_gain=0.0945572 0.140549 0.0614766 0.0924626 0.144192 0.0778168
threshold=2023.5000000000002 1.5000000000000002 55880125.682613216 1.0000000180025095e-35 1.0000000180025095e-35 1.0000000180025095e-35
decision_type=2 2 8 10 10 10
left_child=1 -1 -2 4 -4 -5
right_child=2 -3 3 5 -6 -7
leaf_value=0.00011114642923179947 -0.00050989490739230213 0.0010338387631661169 1.068852963828945e-06 -0.0001497170111318587 0.0007355002178074106 -0.00090924865070371333
leaf_weight=55 41 40 244 36 54 34
leaf_count=55 41 40 244 36 54 34
internal_value=2.53851e-05 0.000438213 -6.38839e-05 -3.08781e-06 0.000126907 -0.000438088
internal_weight=504 95 409 368 298 70
internal_count=504 95 409 368 298 70
is_linear=0
shrinkage=0.0167612


Tree=220
num_leaves=10
num_cat=0
split_feature=11 13 108 123 165 134 94 216 86
split_gain=0.076453 0.294944 0.161373 0.148708 0.109468 0.0771618 0.0782084 0.0191137 0.0090375
threshold=-0.68301270189221952 486610.38424908434 33.500000000000007 46.000000000000007 80.731944444444466 1.0000000180025095e-35 39.500000000000007 757604.80059967737 1.0000000180025095e-35
decision_type=2 2 8 10 8 8 8 8 10
left_child=2 5 -1 -3 -5 7 -7 -2 -4
right_child=1 3 8 4 -6 6 -8 -9 -10
leaf_value=0.00095174472862312963 0.00015701862530854453 -0.0010527411912930218 1.9832917067514558e-05 -0.0005065236060073445 0.00019178207622768962 0.0012196655322367978 0.00034287558379145775 -0.00023354334876638503 -0.00018728277616616678
leaf_weight=50 30 63 39 89 66 28 90 25 24
leaf_count=50 30 63 39 89 66 28 90 25 24
internal_value=2.43796e-05 -6.44371e-05 0.000367176 -0.000464964 -0.000181167 0.000375769 0.00063194 9.53083e-05 6.12166e-05
internal_weight=504 391 113 218 155 173 118 55 63
internal_count=504 391 113 218 155 173 118 55 63
is_linear=0
shrinkage=0.0167612


Tree=221
num_leaves=7
num_cat=0
split_feature=200 181 94 124 201 134
split_gain=0.0543623 0.139959 0.0997781 0.107808 0.0563828 0.139456
threshold=71.433395872420277 1.0000000180025095e-35 7.5000000000000009 0.20484512541569619 610448.20508274238 1.0000000180025095e-35
decision_type=8 8 8 8 8 10
left_child=2 -2 -1 -4 -3 -6
right_child=1 4 3 -5 5 -7
leaf_value=0.00033199394231145179 0.00076067435366326656 -0.00047129973136094235 -7.7376530991065353e-05 -0.0009308092224476792 -6.763564234117977e-05 0.00067833649579541317
leaf_weight=27 54 24 103 43 199 54
leaf_count=27 54 24 103 43 199 54
internal_value=2.40803e-05 0.000157779 -0.00017413 -0.000390234 9.97317e-06 8.41815e-05
internal_weight=504 331 173 146 277 253
internal_count=504 331 173 146 277 253
is_linear=0
shrinkage=0.0167612


Tree=222
num_leaves=8
num_cat=0
split_feature=216 66 11 47 99 55 212
split_gain=0.0655967 0.0856826 0.0795705 0.0358248 0.0302195 0.0460304 0.010077
threshold=1082395.4752694182 24.500000000000004 -0.68301270189221952 1.0000000180025095e-35 33.500000000000007 339166.72736787028 1.0000000180025095e-35
decision_type=10 8 2 10 10 10 8
left_child=1 2 -1 -4 6 -6 -3
right_child=-2 4 3 -5 5 -7 -8
leaf_value=0.00093064824437370363 -0.00041884192200092877 0.00021072514867110173 0.00037266404813199295 7.4388608334860874e-06 -0.00050118452175475247 -7.8122948275840238e-05 3.3317861666545617e-06
leaf_weight=33 41 38 72 65 71 30 154
leaf_count=33 41 38 72 65 71 30 154
internal_value=2.36179e-05 9.66353e-05 0.000376163 0.000169337 -4.0114e-05 -0.000259428 3.07839e-05
internal_weight=504 463 170 137 293 101 192
internal_count=504 463 170 137 293 101 192
is_linear=0
shrinkage=0.0167612


Tree=223
num_leaves=6
num_cat=0
split_feature=13 161 24 66 41
split_gain=0.12212 0.13925 0.12462 0.0630544 0.0757943
threshold=900858.57142857148 0.99999999997942679 2.7795138888888893 36.500000000000007 1.0000000180025095e-35
decision_type=2 10 10 10 8
left_child=2 -2 3 4 -1
right_child=1 -3 -4 -5 -6
leaf_value=0.00050450582852960368 -0.00011669017288013724 -0.00099588229627234999 0.00076805905011747199 -0.00034363814038473498 1.0738423476040978e-05
leaf_weight=83 49 43 48 55 226
leaf_count=83 49 43 48 55 226
internal_value=2.32372e-05 -0.00042261 0.000158163 3.55685e-05 0.000140584
internal_weight=504 92 412 364 309
internal_count=504 92 412 364 309
is_linear=0
shrinkage=0.0167612


Tree=224
num_leaves=9
num_cat=0
split_feature=5 162 64 6 225 109 82 217
split_gain=0.0885711 0.148418 0.0540047 0.101003 0.165808 0.0511029 0.0895503 0.0137397
threshold=2.5000000000000004 57648316.346589044 1122095.9332368083 1.0000000180025095e-35 2.5000000000000004 372490.58377896622 661000.00000000012 2.5000000000000004
decision_type=2 8 8 2 10 10 8 8
left_child=1 5 -2 -4 -5 6 -1 -3
right_child=2 7 3 4 -6 -7 -8 -9
leaf_value=-0.00031379711077827554 -0.00021860982891336569 0.00030870062902831904 -0.00023829671321114033 6.8621124463920404e-05 0.00092286277865986661 -0.00027112478864054385 -0.001022295725730105 1.0129329058458124e-05
leaf_weight=28 39 24 32 100 79 24 95 80
leaf_count=28 39 24 32 100 79 24 95 80
internal_value=-7.06758e-05 -0.000288563 0.000115431 0.000252609 0.000435764 -0.000619268 -0.000783891 5.34853e-05
internal_weight=501 251 250 211 179 147 123 104
internal_count=501 251 250 211 179 147 123 104
is_linear=0
shrinkage=0.0167612


Tree=225
num_leaves=9
num_cat=0
split_feature=181 10 203 9 162 105 134 6
split_gain=0.103271 0.197438 0.0827959 0.0552753 0.0917984 0.0552565 0.0416394 0.0559024
threshold=1.0000000180025095e-35 0.25000000000000011 0.049193548387096754 1.0000000180025095e-35 59122740.706445239 102065.28508919368 1.0000000180025095e-35 1.5000000000000002
decision_type=10 2 8 2 8 8 10 2
left_child=2 6 -1 4 -4 -3 -2 -8
right_child=1 5 3 -5 -6 -7 7 -9
leaf_value=-0.00035618224113779579 -0.00020026742588903729 -0.00032374841814472387 0.00083717851536306087 -2.3508750070321056e-05 0.00011455616100175359 -0.0011628645075013569 8.6305128674582038e-05 0.00058664829484069109
leaf_weight=31 52 39 64 42 128 63 31 51
leaf_count=31 52 39 64 42 128 63 31 51
internal_value=-6.93184e-05 -0.000316743 0.000121946 0.000264785 0.000402068 -0.000811992 -1.29061e-05 0.000262007
internal_weight=501 236 265 234 192 102 134 82
internal_count=501 236 265 234 192 102 134 82
is_linear=0
shrinkage=0.0167612


Tree=226
num_leaves=9
num_cat=0
split_feature=14 13 165 79 28 202 20 218
split_gain=0.111312 0.157365 0.0610739 0.0595832 0.0542236 0.042845 0.0238714 0.00124356
threshold=10.000000000000002 676691.97786023514 85.253333333333345 1.0000000180025095e-35 61.959359605911338 17.500000000000004 1.0000000180025095e-35 -0.040579558962862923
decision_type=2 2 8 8 8 10 8 10
left_child=5 2 7 4 -3 -1 -4 -2
right_child=1 3 6 -5 -6 -7 -8 -9
leaf_value=-0.00022494673437860395 3.3352925668305152e-05 0.0002062599386105585 0.00086313675385068741 -0.00063786219965389314 -0.00033338358954079056 -0.001017597008637473 0.00030889938098429095 -5.0980087373574951e-05
leaf_weight=44 34 57 39 69 66 29 114 49
leaf_count=44 34 57 39 69 66 29 114 49
internal_value=-6.90677e-05 1.27504e-05 0.000303103 -0.000289413 -5.17934e-05 -0.000563135 0.000503228 5.57098e-05
internal_weight=501 428 236 192 123 73 153 83
internal_count=501 428 236 192 123 73 153 83
is_linear=0
shrinkage=0.0167612


Tree=227
num_leaves=11
num_cat=0
split_feature=10 111 207 28 2 171 216 202 17 105
split_gain=0.102449 0.110854 0.111152 0.0991917 0.0715795 0.0379838 0.0291853 0.0231969 0.00700396 0.00521541
threshold=-0.24999999999999994 1.0000000180025095e-35 707484.67359307373 78.575000000000017 2023.5000000000002 1.0000000180025095e-35 1165326.7890872357 13.500000000000002 1.0000000180025095e-35 21554.639606939138
decision_type=2 10 8 8 2 8 8 10 8 10
left_child=4 3 -3 -2 -1 6 -6 -5 -7 -4
right_child=1 2 9 7 5 8 -8 -9 -10 -11
leaf_value=0.00063273521196251757 0.00062341121308441799 -0.00016049304627107589 -0.0010492833466475521 -2.5872274888011488e-05 -0.00010088851834814971 0.00037743965900803741 -0.00052740420691568368 -0.00043766877560805288 3.553463715446908e-05 -0.00048108673767372677
leaf_weight=42 25 34 67 86 26 31 32 25 79 54
leaf_count=42 25 34 67 86 26 31 32 25 79 54
internal_value=-6.81927e-05 -0.000271895 -0.00056138 -2.80674e-05 0.000169364 1.69559e-05 -0.000241232 -0.000144917 0.00018573 -0.000814011
internal_weight=501 291 155 136 210 168 58 111 110 121
internal_count=501 291 155 136 210 168 58 111 110 121
is_linear=0
shrinkage=0.0167612


Tree=228
num_leaves=10
num_cat=0
split_feature=11 204 77 110 19 165 10 66 7
split_gain=0.157698 0.148364 0.0505545 0.0688809 0.0406719 0.0155479 0.00442114 0.00111111 0.000651196
threshold=-0.5 1.0000000180025095e-35 1.7044138100441548 1.0000000180025095e-35 1.5000000000000002 23.218750000000004 -0.24999999999999994 49.500000000000007 1.0000000180025095e-35
decision_type=2 10 8 8 10 8 2 8 2
left_child=4 2 6 -4 7 -6 -2 -1 -7
right_child=1 -3 3 -5 5 8 -8 -9 -10
leaf_value=2.4513078505210996e-05 6.3100592271418394e-05 -0.001001650174882534 -0.00056662365674593881 -2.9045560680179822e-05 0.00019716765352292308 0.00039621766311609484 0.00028297472757891169 7.0587804588269321e-05 0.0010493593735661712
leaf_weight=24 25 38 89 143 33 28 41 56 24
leaf_count=24 25 38 89 143 33 28 41 56 24
internal_value=-6.55921e-05 -0.000277363 -0.00013253 -0.000251271 0.000295638 0.000545286 0.000147502 5.59896e-05 0.000761073
internal_weight=501 336 298 232 165 85 66 80 52
internal_count=501 336 298 232 165 85 66 80 52
is_linear=0
shrinkage=0.0167612


Tree=229
num_leaves=10
num_cat=0
split_feature=14 4 10 189 19 44 107 191 13
split_gain=0.0646209 0.140313 0.120751 0.103979 0.0949725 0.105739 0.0593199 0.0198405 0.0157279
threshold=18.000000000000004 74.500000000000014 0.68301270189221941 327.50000000000006 1.5000000000000002 0.77409245706238017 1.0000000180025095e-35 1.0000000180025095e-35 583996.57073643419
decision_type=2 2 2 8 10 10 8 10 2
left_child=2 -2 4 -4 7 -6 -5 -1 -3
right_child=1 8 3 6 5 -7 -8 -9 -10
leaf_value=-0.00050022239660290171 0.00087976363445721201 -1.0935689736481195e-05 -0.00020149533102914921 -0.0012177465961747123 0.00059167186406965577 -2.1615511551258065e-05 -0.00039525104427141553 -0.00012246315613585726 -0.00030044961414888051
leaf_weight=77 36 25 34 56 91 102 24 32 24
leaf_count=77 36 25 34 56 91 102 24 32 24
internal_value=-6.45168e-05 0.000258205 -0.000161649 -0.000568036 -9.42125e-06 0.000214238 -0.000902781 -0.000332132 -2.5563e-05
internal_weight=501 85 416 114 302 193 80 109 49
internal_count=501 85 416 114 302 193 80 109 49
is_linear=0
shrinkage=0.0167612


Tree=230
num_leaves=11
num_cat=0
split_feature=10 17 14 152 181 129 189 106 9 51
split_gain=0.0754445 0.145689 0.167524 0.0484626 0.134779 0.0202099 0.0194644 0.00725734 0.00554728 0.00209789
threshold=-1.0000000180025095e-35 1.0000000180025095e-35 10.000000000000002 5.5000000000000009 1.0000000180025095e-35 1.5000000000000002 56.500000000000007 59009.84807811278 1.0000000180025095e-35 1.0000000180025095e-35
decision_type=2 8 2 10 8 8 10 10 2 10
left_child=3 2 -2 4 -1 9 -4 -3 -6 -5
right_child=1 7 6 5 8 -7 -8 -9 -10 -11
leaf_value=0.0010000579886185633 -0.0013241510298664084 0.000164312668545556 -0.00032340666437487558 7.2132211358688682e-05 0.0001059414955183297 -0.00038090710999273187 -9.4061253265008567e-05 2.1071233440563821e-05 -2.825588870912388e-05 -5.6468904456986379e-05
leaf_weight=27 40 91 68 34 111 24 28 24 28 26
leaf_count=27 40 91 68 34 111 24 28 24 28 26
internal_value=-6.28059e-05 -0.000264836 -0.000616328 0.000107385 0.000287135 -9.96435e-05 -0.000234973 4.81282e-05 4.6288e-05 -2.36673e-05
internal_weight=501 251 136 250 166 84 96 115 139 60
internal_count=501 251 136 250 166 84 96 115 139 60
is_linear=0
shrinkage=0.0167612


Tree=231
num_leaves=9
num_cat=0
split_feature=7 50 6 115 159 77 13 152
split_gain=0.0617954 0.117879 0.114371 0.0999308 0.0894245 0.0440391 0.0895105 0.00346104
threshold=1.0000000180025095e-35 1.0000000180025095e-35 1.5000000000000002 176219.84254560329 41.500000000000007 1.3454032328971834 673583.42023809534 47.500000000000007
decision_type=2 8 2 8 8 8 2 8
left_child=1 2 3 -1 7 -3 -7 -2
right_child=4 5 -4 -5 -6 6 -8 -9
leaf_value=-0.00020420800136822625 0.00024306514511699659 0.00048555091233655267 3.8197288849352884e-05 -0.001008101812581705 -6.4643493933429365e-05 0.00025906738712603482 -0.00041439612500991126 0.00081892534205975961
leaf_weight=80 28 27 31 89 57 90 59 40
leaf_count=80 28 27 31 89 57 90 59 40
internal_value=-6.17246e-05 -0.000177524 -0.000446205 -0.00064787 0.000195401 6.81843e-05 7.59973e-06 0.000578888
internal_weight=501 376 200 169 125 176 149 68
internal_count=501 376 200 169 125 176 149 68
is_linear=0
shrinkage=0.0167612


Tree=232
num_leaves=7
num_cat=0
split_feature=77 6 49 157 125 176
split_gain=0.0286438 0.174524 0.148514 0.0692067 0.0543015 0.0221743
threshold=1.7044138100441548 1.0000000180025095e-35 1.0000000180025095e-35 1.0000000180025095e-35 26.500000000000004 5.5000000000000009
decision_type=8 2 10 10 10 10
left_child=4 3 5 -2 -1 -3
right_child=1 2 -4 -5 -6 -7
leaf_value=-2.3264269295233078e-05 -0.00025124634395471118 4.7674522195796774e-05 0.00084951715805092764 -0.0011476620956606981 0.00048536762157805287 -0.00019984508389886933
leaf_weight=40 46 180 24 40 59 114
leaf_count=40 46 180 24 40 59 114
internal_value=-1.98983e-05 -9.50244e-05 5.13126e-05 -0.000662681 0.0001755 -2.09363e-05
internal_weight=503 404 318 86 99 294
internal_count=503 404 318 86 99 294
is_linear=0
shrinkage=0.0167612


Tree=233
num_leaves=8
num_cat=1
split_feature=87 0 26 69 7 44 26
split_gain=0.064208 0.110274 0.0940724 0.108497 0.0779955 0.0331775 0.0026405
threshold=1508929.2695995674 0 2.4400000000000004 1.0000000180025095e-35 1.0000000180025095e-35 0.73244492805275685 3.1750000000000003
decision_type=10 9 8 10 2 10 10
left_child=1 5 3 -3 -4 6 -1
right_child=-2 2 4 -5 -6 -7 -8
leaf_value=0.00034691682210180467 -0.00051210847718717275 0.00086110294011864513 -0.00044808903653397906 7.4132064897829191e-05 2.0021587636059448e-05 0.00013550017117404709 0.00090107624098008268
leaf_weight=46 33 30 202 43 77 36 36
leaf_count=46 33 30 202 43 77 36 36
internal_value=-1.91129e-05 1.51218e-05 -0.000109356 0.000276624 -0.000269375 0.000396488 0.000636586
internal_weight=503 470 352 73 279 118 82
internal_count=503 470 352 73 279 118 82
cat_boundaries=0 1
cat_threshold=10508
is_linear=0
shrinkage=0.0167612


Tree=234
num_leaves=7
num_cat=0
split_feature=6 92 206 49 23 125
split_gain=0.0712899 0.162288 0.15039 0.143312 0.0284355 0.0796135
threshold=1.0000000180025095e-35 82.500000000000014 1.0000000180025095e-35 1.0000000180025095e-35 900.00000000000011 5.5000000000000009
decision_type=2 8 8 10 10 8
left_child=1 -1 -3 4 5 -2
right_child=3 2 -4 -5 -6 -7
leaf_value=0.00015058513904727194 0.00056935273599686888 -0.0015224269643799966 -0.00028896012000003882 0.00085026951657104675 -0.00031269772347636992 -2.8456953018673716e-05
leaf_weight=35 34 27 51 24 40 292
leaf_count=35 34 27 51 24 40 292
internal_value=-1.83273e-05 -0.000350345 -0.000783253 6.72332e-05 3.26659e-06 3.26287e-05
internal_weight=503 113 78 390 366 326
internal_count=503 113 78 390 366 326
is_linear=0
shrinkage=0.0167612


Tree=235
num_leaves=8
num_cat=1
split_feature=4 0 13 181 105 122 3
split_gain=0.0566336 0.0929533 0.172459 0.235157 0.040696 0.0186351 0.000478552
threshold=264.00000000000006 0 1021534.403215832 1.0000000180025095e-35 8447.0080601744321 43.500000000000007 5.5000000000000009
decision_type=2 9 2 8 10 10 2
left_child=1 4 3 -3 -1 -2 -6
right_child=5 2 -4 -5 6 -7 -8
leaf_value=0.00051742359262782966 0.00061177177875472888 0.00084960110469720551 -0.00096974789674742358 -0.00025700474685612406 -3.2377913352771309e-05 0.00011487382808098935 2.4666399783841523e-05
leaf_weight=57 30 27 47 252 29 35 26
leaf_count=57 30 27 47 252 29 35 26
internal_value=-1.72735e-05 -0.000100092 -0.000249781 -7.95436e-05 0.000215129 0.000329987 5.45643e-05
internal_weight=503 438 326 279 112 65 55
internal_count=503 438 326 279 112 65 55
cat_boundaries=0 1
cat_threshold=2124
is_linear=0
shrinkage=0.0167612


Tree=236
num_leaves=8
num_cat=0
split_feature=6 189 206 107 152 103 18
split_gain=0.0692141 0.150994 0.142531 0.140408 0.0149325 0.0630153 0.0617283
threshold=1.0000000180025095e-35 294.00000000000006 1.0000000180025095e-35 1.0000000180025095e-35 16.500000000000004 1.0000000180025095e-35 1.0000000180025095e-35
decision_type=2 8 8 10 10 10 10
left_child=1 -1 -3 4 6 -6 -2
right_child=3 2 -4 -5 5 -7 -8
leaf_value=0.00012583592670922743 0.00016904452083892047 -0.0014861855019746516 -0.00027716176984111024 0.00084289593804741142 -0.00054348339720833424 1.9097002998683591e-05 -0.00036603829108657645
leaf_weight=36 234 27 50 24 46 50 36
leaf_count=36 234 27 50 24 46 50 36
internal_value=-1.60794e-05 -0.00034366 -0.000767492 6.80514e-05 3.30634e-06 -0.00016459 4.29305e-05
internal_weight=503 113 77 390 366 96 270
internal_count=503 113 77 390 366 96 270
is_linear=0
shrinkage=0.0167612


Tree=237
num_leaves=10
num_cat=0
split_feature=11 176 201 50 123 40 112 112 165
split_gain=0.0911664 0.100072 0.0953986 0.0823352 0.127368 0.0342445 0.0503185 0.017983 0.00631952
threshold=1.0000000180025095e-35 25.500000000000004 312911.64165931166 1.0000000180025095e-35 46.000000000000007 1.0000000180025095e-35 1.0000000180025095e-35 1.0000000180025095e-35 133.00603864734302
decision_type=2 10 8 8 10 8 10 10 8
left_child=1 5 -2 4 -4 6 -1 -7 -5
right_child=2 -3 3 8 -6 7 -8 -9 -10
leaf_value=4.4219229855160301e-05 0.00022408663403839462 0.00076007776136119269 -0.0013114772305518546 -3.2110580350337952e-05 -0.00023272737339477607 -2.6482529077126055e-05 0.00059087632350850888 -0.00039567128313318687 -0.00014215950846355221
leaf_weight=73 36 36 41 34 54 79 37 27 86
leaf_count=73 36 36 41 34 54 79 37 27 86
internal_value=-1.51834e-05 0.000177042 -0.000240594 -0.000404855 -0.000738257 1.91454e-05 0.000216927 -0.000138417 -9.0523e-05
internal_weight=503 252 251 215 95 216 110 106 120
internal_count=503 252 251 215 95 216 110 106 120
is_linear=0
shrinkage=0.0167612


Tree=238
num_leaves=8
num_cat=0
split_feature=11 198 39 114 45 162 165
split_gain=0.0617149 0.0508156 0.0492549 0.0360637 0.0288538 0.0208211 0.0300538
threshold=0.25000000000000017 1.0000000180025095e-35 -117180.00892857141 1.0000000180025095e-35 2.9183333333333334 55697250.407157354 18.952380952380956
decision_type=2 10 10 8 8 8 8
left_child=1 5 3 -2 -4 -1 -7
right_child=2 -3 4 -5 -6 6 -8
leaf_value=-0.00020717772210040287 -0.00073895661762384273 0.00055882760801115512 0.00030162745906163908 -0.00015135250693057136 -0.00014165332106879749 -0.00014182527744551553 0.00020490290547935214
leaf_weight=40 52 30 31 81 42 34 193
leaf_count=40 52 30 31 81 42 34 193
internal_value=-1.412e-05 0.000113705 -0.000232687 -0.000425423 -4.74319e-05 1.5534e-05 9.69181e-05
internal_weight=503 297 206 133 73 267 227
internal_count=503 297 206 133 73 267 227
is_linear=0
shrinkage=0.0167612


Tree=239
num_leaves=8
num_cat=1
split_feature=0 13 176 28 159 162 112
split_gain=0.117376 0.152086 0.0996346 0.0832006 0.0780824 0.0357624 0.0322747
threshold=0 910684.76337551349 25.500000000000004 54.363526570048315 26.500000000000004 56973490.34883941 1.0000000180025095e-35
decision_type=9 2 10 8 10 10 10
left_child=3 2 5 -1 -3 -2 -5
right_child=1 4 -4 6 -6 -7 -8
leaf_value=-8.8077157504391844e-05 1.580267487373217e-05 -0.00087128903012375193 0.00093297423442248147 -0.00088384852579059749 -0.00018761649233881077 0.00037409301054637935 -0.00027694217912759
leaf_weight=29 177 40 31 75 24 100 27
leaf_count=29 177 40 31 75 24 100 27
internal_value=-1.3984e-05 0.000115934 0.000291743 -0.000390096 -0.000428529 0.000165454 -0.000677007
internal_weight=503 372 308 131 64 277 102
internal_count=503 372 308 131 64 277 102
cat_boundaries=0 1
cat_threshold=37749921
is_linear=0
shrinkage=0.0167612


Tree=240
num_leaves=7
num_cat=0
split_feature=3 43 49 167 187 192
split_gain=0.0681271 0.123239 0.0970379 0.0203075 0.0580771 0.0176274
threshold=10.500000000000002 1.0000000180025095e-35 1.0000000180025095e-35 1.0000000180025095e-35 0.042261904761904709 346217.3303864178
decision_type=2 10 10 10 8 8
left_child=2 -2 3 5 -5 -1
right_child=1 -3 -4 4 -6 -7
leaf_value=4.9436737390886517e-05 -0.00097931902086834392 -0.00014428706042017846 0.00068324516008408604 -0.00010426429058714998 0.00038300288194418773 -0.00018408209326175484
leaf_weight=31 34 34 28 64 95 202
leaf_count=31 34 34 28 64 95 202
internal_value=0 -0.00040676 6.10041e-05 2.7763e-06 0.000121899 -0.000101562
internal_weight=488 68 420 392 159 233
internal_count=488 68 420 392 159 233
is_linear=0
shrinkage=0.0167612


Tree=241
num_leaves=11
num_cat=1
split_feature=1 212 10 76 41 161 3 46 14 26
split_gain=0.0499563 0.163662 0.13906 0.0754623 0.0806624 0.0741323 0.0457799 0.0427328 0.0260407 0.00175791
threshold=0 1.0000000180025095e-35 0.68301270189221941 6.5000000000000009 1.0000000180025095e-35 1.0584451584441041 7.5000000000000009 91.000000000000014 10.000000000000002 3.0250000000000004
decision_type=1 8 2 10 10 8 2 8 2 10
left_child=1 8 3 4 -2 -4 -3 -5 -1 -7
right_child=2 6 5 7 -6 9 -8 -9 -10 -11
leaf_value=4.6160889360649489e-05 0.0006654439303161782 -0.00039281736863955188 -0.00012710605073157051 -0.00042350994799051261 0.00011049678611992238 -0.00037221632087364051 -0.0012723548284241971 9.9748626678001153e-05 0.00041449402329565865 -0.0010092119587217108
leaf_weight=28 145 41 33 31 59 30 28 30 34 29
leaf_count=28 145 41 33 31 59 30 28 30 34 29
internal_value=0 -0.000249066 8.29752e-05 0.000291929 0.000459299 -0.000351524 -0.000769743 -1.68784e-05 0.000115314 -0.000708989
internal_weight=488 131 357 265 204 92 69 61 62 59
internal_count=488 131 357 265 204 92 69 61 62 59
cat_boundaries=0 1
cat_threshold=18
is_linear=0
shrinkage=0.0167612


Tree=242
num_leaves=11
num_cat=0
split_feature=13 181 95 159 86 185 44 159 3 161
split_gain=0.137501 0.211315 0.119711 0.0954416 0.0571986 0.0554296 0.048905 0.0153427 0.00662732 0.00498287
threshold=423825.22398589068 1.0000000180025095e-35 1.0000000180025095e-35 45.500000000000007 0.99999999996433253 26.500000000000004 0.81499676548666367 5.5000000000000009 4.5000000000000009 1.1395121203710581
decision_type=2 8 8 10 10 10 10 8 2 10
left_child=2 4 3 -1 8 6 -3 -4 -2 -6
right_child=1 5 7 -5 9 -7 -8 -9 -10 -11
leaf_value=0.0011602529002707025 0.00025251453089814881 -0.00049339329125034053 -0.00021294506232572382 0.00030749792589307488 -0.00012973690256088156 -0.0010303922108542264 -9.7877505652063147e-05 9.7611591372688243e-05 0.00083482838139588213 5.0148023654376751e-05
leaf_weight=51 24 120 30 27 25 44 31 71 32 33
leaf_count=51 24 120 30 27 25 44 31 71 32 33
internal_value=0 -0.000218224 0.000319823 0.000751703 0.000223843 -0.000552793 -0.000361554 4.99426e-05 0.000576761 5.45537e-05
internal_weight=488 309 179 78 114 195 151 101 56 58
internal_count=488 309 179 78 114 195 151 101 56 58
is_linear=0
shrinkage=0.0167612


Tree=243
num_leaves=8
num_cat=0
split_feature=181 6 110 86 30 189 44
split_gain=0.0560074 0.141061 0.133673 0.104985 0.0623853 0.0577941 0.0584912
threshold=1.0000000180025095e-35 1.0000000180025095e-35 1.0000000180025095e-35 1.8173113088616926 22.500000000000004 151.00000000000003 0.65205566750866495
decision_type=8 2 10 8 10 8 10
left_child=5 3 4 -2 -3 -1 -7
right_child=1 2 -4 -5 -6 6 -8
leaf_value=0.00065227496414233422 -0.00022057549892877816 -7.9413154593934069e-06 0.00065938991405009551 -0.0011201480227689279 -0.00049243405760353905 0.00034912444109716929 -0.00031749956762105438
leaf_weight=42 35 196 45 45 52 38 35
leaf_count=42 35 196 45 45 52 38 35
internal_value=0 -0.000111103 1.95961e-05 -0.000633626 -9.12185e-05 0.000264594 5.39359e-05
internal_weight=488 373 293 80 248 115 73
internal_count=488 373 293 80 248 115 73
is_linear=0
shrinkage=0.0167612


Tree=244
num_leaves=11
num_cat=0
split_feature=36 206 165 187 6 165 10 156 203 6
split_gain=0.0551487 0.0646442 0.115712 0.0530638 0.0463263 0.137745 0.0399135 0.0163534 0.0108239 0.00475964
threshold=41.500000000000007 1.0000000180025095e-35 5.1466666666666674 0.090097402597402565 1.5000000000000002 2.0071428571428576 -0.24999999999999994 1.0000000180025095e-35 1.0000000180025095e-35 1.5000000000000002
decision_type=8 10 8 8 2 10 2 10 10 2
left_child=1 4 -3 -2 8 -6 -4 9 -1 -5
right_child=3 2 6 7 5 -7 -8 -9 -10 -11
leaf_value=2.8835699989721773e-05 -0.00062510526872988864 0.00050792550960840485 -0.00010081607066221702 -2.2902051975756204e-05 0.0013590831792587774 0.00030409831974118312 -0.00058036400780138843 0.0001291708831466519 0.00024229826961371837 -0.00027036766353677986
leaf_weight=51 38 27 43 97 25 26 66 32 35 48
leaf_count=51 38 27 43 97 25 26 66 32 35 48
internal_value=0 0.000133047 -4.18304e-05 -0.000199041 0.000379016 0.000727122 -0.000332756 -4.98499e-05 0.000107518 -0.000141759
internal_weight=488 273 136 215 137 51 109 177 86 145
internal_count=488 273 136 215 137 51 109 177 86 145
is_linear=0
shrinkage=0.0167612


Tree=245
num_leaves=9
num_cat=0
split_feature=11 103 176 187 162 87 44 83
split_gain=0.128068 0.159117 0.107053 0.247361 0.0485959 0.0419529 0.0366488 0.0196213
threshold=0.6830127018922193 1.0000000180025095e-35 27.500000000000004 0.11269841269841267 57105465.525628507 1967115.1515151518 0.93080952827511332 1.0000000180025095e-35
decision_type=2 8 10 8 8 8 8 10
left_child=2 -2 4 -4 7 -3 -6 -1
right_child=1 5 3 -5 6 -7 -8 -9
leaf_value=-0.00042302845849722585 1.5299050146078018e-05 -0.0004168166843911744 0.00016253639980414708 0.001452661673804272 0.00048391651319087172 -0.0012979157629263453 1.2086344637161365e-05 -9.3691402383273994e-05
leaf_weight=69 31 31 27 31 37 42 188 32
leaf_count=69 31 31 27 31 37 42 188 32
internal_value=0 -0.000458999 0.000121212 0.000641033 6.57262e-06 -0.000905104 0.000133658 -0.0002541
internal_weight=488 104 384 58 326 73 225 101
internal_count=488 104 384 58 326 73 225 101
is_linear=0
shrinkage=0.0167612


Tree=246
num_leaves=9
num_cat=1
split_feature=0 11 207 11 187 205 41 112
split_gain=0.0951601 0.165743 0.115242 0.0775534 0.0645932 0.061442 0.0442092 0.0193157
threshold=0 -0.5 220699.33333333334 0.6830127018922193 0.1188235294117647 1.0000000180025095e-35 1.0000000180025095e-35 1.0000000180025095e-35
decision_type=9 2 10 2 8 10 10 10
left_child=4 6 3 -3 -1 -4 7 -2
right_child=1 2 5 -5 -6 -7 -8 -9
leaf_value=0.0001249812760486574 0.00021705568489732791 -0.00034194304805583393 0.00036445840938204699 -0.0010977492468364953 0.00067654414681587993 -0.00029364043906813196 0.00067058923105724243 -9.7498195214777253e-05
leaf_weight=34 71 111 45 58 70 34 30 35
leaf_count=34 71 111 45 58 70 34 30 35
internal_value=0 -0.000131657 -0.000396169 -0.000642913 0.000352335 -6.23463e-05 0.000242922 6.17999e-05
internal_weight=488 384 248 169 104 79 136 106
internal_count=488 384 248 169 104 79 136 106
cat_boundaries=0 1
cat_threshold=73796
is_linear=0
shrinkage=0.0167612


Tree=247
num_leaves=10
num_cat=0
split_feature=6 110 189 10 13 30 86 29 216
split_gain=0.104313 0.0989075 0.0960114 0.072409 0.369718 0.0507753 0.0370044 0.0263035 0.0177619
threshold=1.0000000180025095e-35 1.0000000180025095e-35 302.00000000000006 -1.0000000180025095e-35 627951.31071428582 31.500000000000004 0.99999999999144673 1.0000000180025095e-35 705665.58441558445
decision_type=2 10 8 2 2 10 8 10 8
left_child=2 5 -1 4 -3 7 -5 -2 -4
right_child=1 3 8 6 -6 -7 -8 -9 -10
leaf_value=-8.1048281298859478e-05 -6.5612381235482414e-05 0.0018092408575113021 -0.0003153999423725524 0.00035943351365578797 0.0002436811282193934 -0.00043373182501952283 -0.00020784992319752539 0.00023409198545739474 -0.0010269605677964125
leaf_weight=26 130 28 27 26 42 43 28 90 48
leaf_count=26 130 28 27 26 42 43 28 90 48
internal_value=0 0.000107162 -0.000420173 0.00045933 0.000791263 -3.30372e-05 0.000118105 2.28691e-05 -0.00075922
internal_weight=488 387 101 124 70 263 54 220 75
internal_count=488 387 101 124 70 263 54 220 75
is_linear=0
shrinkage=0.0167612


Tree=248
num_leaves=8
num_cat=0
split_feature=212 15 105 15 41 11 7
split_gain=0.0739473 0.0888551 0.195768 0.083843 0.0453442 0.0268524 0.000517491
threshold=1.0000000180025095e-35 1.0000000180025095e-35 57011.609113450453 1.0000000180025095e-35 1.0000000180025095e-35 -0.68301270189221952 1.0000000180025095e-35
decision_type=8 2 10 2 10 2 2
left_child=1 2 -1 -2 -3 -4 -5
right_child=3 4 5 6 -6 -7 -8
leaf_value=0.00080026670271107466 -0.00057565539385333558 -5.7530669285444726e-05 0.00021857940386814883 -1.5484198750755846e-06 -0.00053375047738498467 -0.00017342218246408383 8.1772668511013327e-05
leaf_weight=108 88 42 31 40 41 108 24
leaf_count=108 88 42 31 40 41 108 24
internal_value=1.26473e-06 0.000151785 0.000324932 -0.00025491 -0.000186809 1.90813e-05 -4.86222e-06
internal_weight=482 330 247 152 83 139 64
internal_count=482 330 247 152 83 139 64
is_linear=0
shrinkage=0.0167612


Tree=249
num_leaves=7
num_cat=1
split_feature=0 46 171 56 75 161
split_gain=0.220341 0.0740934 0.0792997 0.0445026 0.0148251 0.00297051
threshold=0 40.500000000000007 1.0000000180025095e-35 2.5000000000000004 1.0000000180025095e-35 1.0522229878341864
decision_type=9 10 8 8 8 10
left_child=3 2 -2 -1 -4 -3
right_child=1 5 4 -5 -6 -7
leaf_value=-0.00017364335047817214 0.00072125641707500852 -5.5103579117839747e-05 0.00030810944312410619 -0.00091553086604406763 1.384735657395961e-05 -0.00032938285370503231
leaf_weight=42 82 33 65 61 173 26
leaf_count=42 82 33 65 61 173 26
internal_value=1.21542e-06 0.000199547 0.000323262 -0.000539733 0.000142019 -0.000152394
internal_weight=482 379 320 103 238 59
internal_count=482 379 320 103 238 59
cat_boundaries=0 1
cat_threshold=38831618
is_linear=0
shrinkage=0.0167612


Tree=250
num_leaves=10
num_cat=0
split_feature=56 12 215 43 15 36 77 112 7
split_gain=0.0572254 0.064326 0.12162 0.0516786 0.037592 0.032204 0.0190963 0.00421669 0.00141656
threshold=2.5000000000000004 1.0000000180025095e-35 216.50000000000003 1.0000000180025095e-35 1.0000000180025095e-35 10.500000000000002 1.2085255206978338 1.0000000180025095e-35 1.0000000180025095e-35
decision_type=8 2 8 10 2 10 8 10 2
left_child=1 2 6 -3 5 -2 -1 -4 -6
right_child=4 3 7 -5 8 -7 -8 -9 -10
leaf_value=0.00025598417600164328 -0.00054638147266845773 -0.00054012003434821042 0.0004570918089764304 -2.2992569623710091e-05 -1.1595463169237237e-05 -0.00016888840454182117 -0.00010326357712624097 0.0010343836022817833 6.9170763954343867e-05
leaf_weight=25 86 32 62 44 47 24 103 35 24
leaf_count=25 86 32 62 44 47 24 103 35 24
internal_value=9.35742e-07 0.000151073 0.000307959 -0.000130554 -0.000195566 -0.000385753 3.92386e-05 0.000698617 -4.07539e-05
internal_weight=482 301 225 76 181 110 128 97 71
internal_count=482 301 225 76 181 110 128 97 71
is_linear=0
shrinkage=0.0167612


Tree=251
num_leaves=9
num_cat=1
split_feature=1 125 10 83 11 106 125 77
split_gain=0.102566 0.13051 0.0457751 0.0365849 0.0520526 0.0404516 0.0103955 0.00795003
threshold=0 8.5000000000000018 -0.24999999999999994 1.0000000180025095e-35 -0.24999999999999994 33284.291108248304 17.500000000000004 1.0208319552474066
decision_type=1 8 2 10 2 10 10 10
left_child=1 -1 -3 5 -5 -2 -6 -7
right_child=3 2 -4 4 6 7 -8 -9
leaf_value=9.3808707092713246e-05 0.00041685722746013034 -0.0011524179007908373 -0.0003554299991451093 0.00021902692414834968 -0.00013038059032786543 -0.00011140404971987967 -0.00059010404382218822 0.00012726957618772232
leaf_weight=36 172 36 54 43 30 46 27 38
leaf_count=36 172 36 54 43 30 46 27 38
internal_value=1.21101e-06 -0.00032692 -0.000710172 0.000156917 -3.24638e-06 0.000274606 -0.000339653 4.99807e-05
internal_weight=482 126 90 356 100 256 57 84
internal_count=482 126 90 356 100 256 57 84
cat_boundaries=0 1
cat_threshold=18
is_linear=0
shrinkage=0.0167612


Tree=252
num_leaves=9
num_cat=0
split_feature=4 125 121 189 206 154 138 145
split_gain=0.0673706 0.116224 0.0348924 0.0367407 0.0301078 0.0151667 0.0107721 0.000158672
threshold=183.00000000000003 10.500000000000002 1.0000000180025095e-35 1.0000000180025095e-35 1.0000000180025095e-35 1.0000000180025095e-35 1.0000000180025095e-35 1.0000000180025095e-35
decision_type=2 8 8 10 10 8 10 10
left_child=1 4 3 -3 -1 -4 -2 -6
right_child=6 2 5 -5 7 -7 -8 -9
leaf_value=0.00065311406314160023 0.00047893721224360195 -0.0002571694030854492 -0.00064705480473671248 0.00028630630777967572 4.7856159072942221e-05 -0.00023107627875362994 0.00014220791758369204 2.9671085036956813e-05
leaf_weight=34 77 29 52 34 39 166 26 25
leaf_count=34 77 29 52 34 39 166 26 25
internal_value=1.08298e-06 -8.06159e-05 -0.000265807 -6.08159e-05 0.000306854 -0.000372704 0.00034003 6.93584e-05
internal_weight=482 379 281 63 98 218 103 64
internal_count=482 379 281 63 98 218 103 64
is_linear=0
shrinkage=0.0167612


Tree=253
num_leaves=9
num_cat=1
split_feature=0 215 106 123 202 41 44 13
split_gain=0.159924 0.113974 0.0904425 0.0387815 0.0259942 0.0240534 0.0141381 0.00478285
threshold=0 115.50000000000001 84499.674284238979 46.000000000000007 33.500000000000007 1.0000000180025095e-35 0.92679978492540616 316388.47742346948
decision_type=9 8 8 8 8 10 8 2
left_child=1 6 4 -4 -2 -3 -1 -5
right_child=2 5 3 7 -6 -7 -8 -9
leaf_value=-4.3761820573669353e-05 0.00040899985121451452 0.00065013275698550313 -0.00011385860261675236 -0.00023667964955000954 4.843346969351807e-05 0.00024108305906705827 -0.00036670242158435315 -0.00068305668449395536
leaf_weight=24 34 151 54 28 24 24 26 117
leaf_count=24 34 151 54 28 24 24 26 117
internal_value=1.23388e-06 0.00031194 -0.000244382 -0.000442814 0.000110625 0.000550651 -9.99551e-05 -0.000591245
internal_weight=482 225 257 199 58 175 50 145
internal_count=482 225 257 199 58 175 50 145
cat_boundaries=0 1
cat_threshold=469324
is_linear=0
shrinkage=0.0167612


Tree=254
num_leaves=8
num_cat=0
split_feature=216 41 63 37 167 46 39
split_gain=0.0588043 0.0874706 0.0405226 0.0556985 0.0838052 0.0214213 0.000354296
threshold=783647.01770763204 1.0000000180025095e-35 925977.13985688391 5.5000000000000009 1.0000000180025095e-35 38.500000000000007 -6949.8464606181651
decision_type=8 8 8 10 8 10 10
left_child=1 5 -2 4 -4 -1 -3
right_child=2 6 3 -5 -6 -7 -8
leaf_value=0.00084308260074972101 -0.00047991772917860498 4.9765242702306359e-06 -0.00059252869875344068 0.00037175656033775612 -1.0048914059164331e-05 0.00023654168961021154 -6.5599976790447131e-05
leaf_weight=54 35 29 50 43 209 29 33
leaf_count=54 35 29 50 43 209 29 33
internal_value=6.86291e-07 0.000266858 -9.71891e-05 -1.1496e-05 -0.000122417 0.000603556 1.2698e-05
internal_weight=482 145 337 302 259 83 62
internal_count=482 145 337 302 259 83 62
is_linear=0
shrinkage=0.0167612


Tree=255
num_leaves=8
num_cat=0
split_feature=192 11 181 161 162 86 169
split_gain=0.0747122 0.207814 0.112575 0.110514 0.0734424 0.0599935 0.0244187
threshold=521331.47135730885 -0.5 1.0000000180025095e-35 0.97830855510933701 57607725.92279242 0.99999999998504796 116.05845900000001
decision_type=8 2 8 8 8 10 10
left_child=3 6 5 -1 -5 -3 -2
right_child=1 2 -4 4 -6 -7 -8
leaf_value=3.5049112445855127e-05 0.00056130432033091944 0.00046128086322178035 -0.0005817427817110686 0.00032777734664136081 0.0012771402456533251 -0.00016445310093751803 0.00010981469736896798
leaf_weight=29 89 35 188 27 32 38 44
leaf_count=29 89 35 188 27 32 38 44
internal_value=6.63708e-08 -7.76963e-05 -0.000356113 0.000382924 0.000801278 2.48846e-07 0.000368333
internal_weight=482 394 261 88 59 73 133
internal_count=482 394 261 88 59 73 133
is_linear=0
shrinkage=0.0167612


Tree=256
num_leaves=9
num_cat=1
split_feature=0 39 192 92 137 121 154 207
split_gain=0.216922 0.104765 0.0597109 0.0637781 0.0662276 0.0459248 0.0242309 0.0224915
threshold=0 -1.0000000180025095e-35 589380.79772079794 4.5000000000000009 1.0000000180025095e-35 1.0000000180025095e-35 1.0000000180025095e-35 959281.21281464526
decision_type=9 10 8 10 10 8 8 8
left_child=2 5 -1 4 -4 -2 -7 -3
right_child=1 7 3 -5 -6 6 -8 -9
leaf_value=3.2818581258777658e-05 0.00021777941170479133 9.1792053755128351e-06 -0.00033890075423294904 -0.00010816509749148698 -0.0011226795374027138 0.0009524657548845069 0.00041739733687599044 -0.00032247071493746019
leaf_weight=36 30 41 101 55 36 78 110 26
leaf_count=36 30 41 101 55 36 78 110 26
internal_value=6.80847e-05 0.000363983 -0.000264401 -0.000426458 -0.000614788 0.000567335 0.00067675 1.37671e-05
internal_weight=513 285 228 192 137 218 188 67
internal_count=513 285 228 192 137 218 188 67
cat_boundaries=0 1
cat_threshold=34670513
is_linear=0
shrinkage=0.0167612


Tree=257
num_leaves=8
num_cat=0
split_feature=175 13 49 22 13 152 13
split_gain=0.0795454 0.225035 0.21098 0.113722 0.163564 0.0535345 0.0124482
threshold=842848.81264311739 238015.73506944449 1.0000000180025095e-35 1.0000000180025095e-35 345732.0991471216 16.500000000000004 707484.67359307373
decision_type=10 2 8 8 2 10 2
left_child=1 2 -1 4 -3 -2 -5
right_child=5 3 -4 6 -6 -7 -8
leaf_value=0.00035260366503560184 -9.5048980106344881e-05 0.0010431968674437953 0.0017306063463383961 -0.00041893907776009649 4.5175224893735315e-05 -0.00065380565870654128 -9.7936602607219501e-05
leaf_weight=30 40 27 30 111 192 44 39
leaf_count=30 40 27 30 111 192 44 39
internal_value=6.68001e-05 0.00017015 0.000918564 8.20292e-06 0.000240307 -0.000298465 -0.000302293
internal_weight=513 429 60 369 219 84 150
internal_count=513 429 60 369 219 84 150
is_linear=0
shrinkage=0.0167612


Tree=258
num_leaves=10
num_cat=0
split_feature=63 201 121 6 39 6 100 142 86
split_gain=0.0344224 0.144527 0.0517342 0.109205 0.0212442 0.014708 0.0126031 0.0266874 0.0121182
threshold=889737.04512085777 344274.31081081083 1.0000000180025095e-35 1.5000000000000002 340107.21730939712 1.0000000180025095e-35 1380.0000000000002 3.9741379310344827 1.1028974409132812
decision_type=10 10 10 2 8 2 10 8 10
left_child=2 -2 6 5 -5 -4 -1 -8 -3
right_child=1 8 3 4 -6 -7 7 -9 -10
leaf_value=2.7201411623044981e-05 -0.00089458118872179446 0.00031153990543988946 -0.00016727225666637185 0.00028543226357518529 0.00098595547195430588 0.00012401004007227476 -7.2560614982109979e-05 -0.00048118737631241298 3.4035062908500608e-05
leaf_weight=172 24 24 40 30 54 86 30 26 27
leaf_count=172 24 24 40 30 54 86 30 26 27
internal_value=6.62628e-05 -0.000170915 0.000134099 0.000313734 0.000715283 4.05269e-05 8.20657e-06 -0.000189027 8.32014e-05
internal_weight=513 75 438 210 84 126 228 56 51
internal_count=513 75 438 210 84 126 228 56 51
is_linear=0
shrinkage=0.0167612


Tree=259
num_leaves=9
num_cat=0
split_feature=13 10 202 201 13 45 57 216
split_gain=0.1122 0.0568034 0.0810158 0.178661 0.0701942 0.0653661 0.0324321 0.0124425
threshold=1134512.5269868083 0.25000000000000011 1.5000000000000002 469636.99818181823 533738.73843640031 2.4821200510855688 1.0000000180025095e-35 936415.6317545987
decision_type=2 2 10 8 2 10 8 10
left_child=1 2 -1 -4 6 -6 -3 -2
right_child=7 4 3 -5 5 -7 -8 -9
leaf_value=5.5889123437850835e-05 -0.00018133027172940818 5.0452609148505743e-05 -3.027653141934596e-05 0.00084288756886548668 -0.00065850170299368716 -0.00012322640660887986 0.00048426399153205386 -0.00073691387246777821
leaf_weight=90 27 59 41 130 57 31 45 33
leaf_count=90 27 59 41 130 57 31 45 33
internal_value=6.48678e-05 0.000168213 0.00032501 0.000532164 1.07957e-05 -0.000327609 0.000209715 -0.000443276
internal_weight=513 453 261 171 192 88 104 60
internal_count=513 453 261 171 192 88 104 60
is_linear=0
shrinkage=0.0167612


Tree=260
num_leaves=7
num_cat=0
split_feature=13 11 137 28 85 95
split_gain=0.244642 0.0985859 0.0674789 0.112454 0.0658656 0.0501707
threshold=985391.87307098776 -1.0000000180025095e-35 1.0000000180025095e-35 3.0544217687074835 0.15894736842105264 1.0000000180025095e-35
decision_type=2 2 8 10 8 8
left_child=1 4 -3 -4 -1 -6
right_child=-2 2 3 -5 5 -7
leaf_value=0.00017923511969880003 -0.00059240251356267037 -0.00038443050633047945 1.8483870053955249e-05 0.00079583730776715874 0.00084957463659000203 0.00021309222679050159
leaf_weight=24 87 55 141 28 112 66
leaf_count=24 87 55 141 28 112 66
internal_value=6.26603e-05 0.000238052 1.83333e-05 0.000157925 0.000491691 0.000628133
internal_weight=513 426 224 169 202 178
internal_count=513 426 224 169 202 178
is_linear=0
shrinkage=0.0167612


Tree=261
num_leaves=9
num_cat=0
split_feature=64 13 134 28 162 24 11 213
split_gain=0.0718921 0.139024 0.153784 0.115693 0.0726815 0.0504709 0.0450028 0.0275306
threshold=972139.27330874547 627951.31071428582 1.0000000180025095e-35 7.3241899852724606 55123766.932537854 2.6693989071038255 1.0000000180025095e-35 1.0000000180025095e-35
decision_type=8 2 10 10 10 10 2 8
left_child=5 2 7 4 -3 -1 -4 -2
right_child=1 3 6 -5 -6 -7 -8 -9
leaf_value=-0.00076679973372189127 -1.8060022726636955e-05 -0.00071391555821226555 0.0015298749219390102 0.00038807173213118492 -6.3707240909020399e-05 -9.756002964915216e-05 0.00055513451798535739 0.00027039133533932844
leaf_weight=24 58 70 30 36 88 43 31 133
leaf_count=24 58 70 30 36 88 43 31 133
internal_value=6.05129e-05 0.000149902 0.000405084 -0.00012584 -0.000363658 -0.000322009 0.00101143 0.000155602
internal_weight=513 446 252 194 158 67 61 191
internal_count=513 446 252 194 158 67 61 191
is_linear=0
shrinkage=0.0167612


Tree=262
num_leaves=10
num_cat=0
split_feature=216 85 6 153 83 202 87 6 206
split_gain=0.0497427 0.0762283 0.0672952 0.151493 0.0522075 0.0228127 0.0278476 0.018552 0.0170169
threshold=757604.80059967737 0.34313725490196084 1.5000000000000002 39.500000000000007 1.0000000180025095e-35 10.500000000000002 457315.0301496968 1.5000000000000002 1.0000000180025095e-35
decision_type=10 8 2 8 10 10 10 2 10
left_child=2 7 5 4 -4 8 -7 -2 -1
right_child=1 -3 3 -5 -6 6 -8 -9 -10
leaf_value=0.00024536053317342183 0.00017625938450014316 -0.00072792520901567069 0.0012035106699494998 3.612996121446894e-05 0.00035220038632045739 -0.00034049504117315767 -3.4331756274290371e-05 -0.00019983641075779085 3.6731697794931169e-05
leaf_weight=103 46 25 49 67 40 83 36 29 35
leaf_count=103 46 25 49 67 40 83 36 29 35
internal_value=5.94082e-05 -0.000199027 0.000150753 0.000401022 0.000816106 1.02203e-05 -0.000157393 -3.97044e-05 0.000119875
internal_weight=513 100 413 156 89 257 119 75 138
internal_count=513 100 413 156 89 257 119 75 138
is_linear=0
shrinkage=0.0167612


Tree=263
num_leaves=7
num_cat=1
split_feature=0 64 225 187 55 175
split_gain=0.206612 0.0858493 0.0737379 0.055111 0.0131831 0.0164428
threshold=0 1052744.4791666667 2.5000000000000004 0.075498575498575457 987115.97800925933 456574.94791666669
decision_type=9 8 10 8 8 10
left_child=2 -2 -1 -3 -4 -6
right_child=1 3 4 -5 5 -7
leaf_value=-0.00061088531668209128 -7.3577550248883665e-05 0.00011382765767987262 -0.0002012560526506306 0.00063365212719756385 0.00025656045586091393 -4.8839092454012079e-07
leaf_weight=92 32 62 50 191 47 39
leaf_count=92 32 62 50 191 47 39
internal_value=5.75571e-05 0.000347251 -0.000266538 0.000491415 -3.22045e-05 5.25599e-05
internal_weight=513 285 228 253 136 86
internal_count=513 285 228 253 136 86
cat_boundaries=0 1
cat_threshold=34670513
is_linear=0
shrinkage=0.0167612


Tree=264
num_leaves=11
num_cat=0
split_feature=13 56 134 11 42 63 161 167 106 7
split_gain=0.118087 0.123434 0.137053 0.119077 0.129089 0.053744 0.0495987 0.0229749 0.0243733 0.0125488
threshold=455886.70000000007 3.5000000000000004 1.0000000180025095e-35 1.0000000180025095e-35 939536.7430654763 870592.39018988132 1.2559619363611418 1.0000000180025095e-35 43557.278392353015 1.0000000180025095e-35
decision_type=2 8 10 2 8 8 8 10 10 2
left_child=1 2 5 7 -5 -1 -6 9 -9 -2
right_child=3 -3 -4 4 6 -7 -8 8 -10 -11
leaf_value=0.00053599301909414739 -0.00028138428781910208 1.49344637561869e-06 0.0013902347143288022 -0.00016883105242553154 -0.00038126101166164217 -4.5072297944893317e-05 -0.0011373300732768147 0.00044076892292411378 6.1270970960452165e-05 -4.0004466220562013e-05
leaf_weight=34 43 109 26 39 25 29 76 42 42 36
leaf_count=34 43 109 26 39 25 29 76 42 42 36
internal_value=-2.86633e-05 0.000244152 0.000660524 -0.000239657 -0.000571907 0.00024928 -0.000891226 -1.93593e-05 0.000198954 -0.000117057
internal_weight=501 198 89 303 140 63 101 163 84 79
internal_count=501 198 89 303 140 63 101 163 84 79
is_linear=0
shrinkage=0.0167612


Tree=265
num_leaves=9
num_cat=1
split_feature=63 0 164 24 99 10 91 52
split_gain=0.0731427 0.121701 0.0824814 0.0515717 0.0609343 0.0449928 0.0214042 0.012155
threshold=788121.29059523821 0 3.5000000000000004 2.5447713463383441 16.500000000000004 -0.24999999999999994 19.500000000000004 1.0000000180025095e-35
decision_type=8 9 8 8 10 2 10 8
left_child=3 6 -3 7 -5 -4 -2 -1
right_child=1 2 5 4 -6 -7 -8 -9
leaf_value=5.1860770587737718e-05 -0.00079173001442292795 -0.00047583921083271341 0.00041819451844923871 0.000922187996873127 0.00013385477126615355 2.1914465244199635e-05 -0.00022737333129790364 -0.00021033495960380338
leaf_weight=24 80 36 88 32 63 121 27 30
leaf_count=24 80 36 88 32 63 121 27 30
internal_value=-2.72655e-05 -0.00016759 -2.41425e-06 0.000230701 0.000468353 0.000163786 -0.000555832 4.57925e-05
internal_weight=501 352 245 149 95 209 107 54
internal_count=501 352 245 149 95 209 107 54
cat_boundaries=0 1
cat_threshold=3861
is_linear=0
shrinkage=0.0167612


Tree=266
num_leaves=9
num_cat=0
split_feature=14 212 105 215 161 167 15 4
split_gain=0.0640126 0.0637205 0.131344 0.0813277 0.076696 0.0183551 0.0181196 0.162367
threshold=10.000000000000002 1.0000000180025095e-35 134521.40511256538 4.5000000000000009 0.99999999997449274 1.0000000180025095e-35 1.0000000180025095e-35 59.000000000000007
decision_type=2 8 10 10 8 10 2 2
left_child=5 2 3 -2 -4 -1 7 -3
right_child=1 6 4 -5 -6 -7 -8 -9
leaf_value=-0.00065309981132731238 0.0008611911480684159 -0.0010383386227573771 0.00015684058308024505 0.00014872160910752358 -0.00049284033800110305 -0.00017754647590077216 -4.6630075354231643e-05 -7.4052505390260025e-05
leaf_weight=44 72 29 31 103 73 25 58 66
leaf_count=44 72 29 31 103 73 25 58 66
internal_value=-2.67879e-05 2.93263e-05 0.000189532 0.000469567 -0.000156775 -0.000415028 -0.000191331 -0.000335546
internal_weight=501 432 279 175 104 69 153 95
internal_count=501 432 279 175 104 69 153 95
is_linear=0
shrinkage=0.0167612


Tree=267
num_leaves=9
num_cat=0
split_feature=164 112 44 134 92 42 18 162
split_gain=0.0682044 0.0782858 0.0535974 0.0758452 0.0424975 0.0993274 0.0334983 0.000208012
threshold=3.5000000000000004 1.0000000180025095e-35 1.4190736748093535 1.0000000180025095e-35 12.500000000000002 727776.59075276589 1.0000000180025095e-35 54803978.025080442
decision_type=10 10 8 8 10 10 10 10
left_child=2 4 -1 -4 5 -2 -6 -5
right_child=1 -3 3 7 6 -7 -8 -9
leaf_value=9.8182667131807089e-05 -2.6409200446250365e-05 0.00061838233471245524 -0.00088032990928016116 -0.00016704353588628128 0.00045170274836936068 -0.0007618791971029064 0.00010546253641782752 -7.2805153730842067e-05
leaf_weight=31 99 42 36 150 67 27 24 25
leaf_count=31 99 42 36 150 67 27 24 25
internal_value=-2.59625e-05 0.000131658 -0.000227454 -0.000352431 1.04406e-05 -0.000166293 0.000240884 -0.000170187
internal_weight=501 259 242 211 217 126 91 175
internal_count=501 259 242 211 217 126 91 175
is_linear=0
shrinkage=0.0167612


Tree=268
num_leaves=8
num_cat=0
split_feature=14 212 216 24 10 132 12
split_gain=0.0614221 0.0604876 0.121084 0.0827507 0.0192891 0.015783 0.00190207
threshold=10.000000000000002 1.0000000180025095e-35 1070918.4660583322 2.7550000000000003 1.0000000180025095e-35 1.0000000180025095e-35 1.0000000180025095e-35
decision_type=2 8 10 8 2 10 2
left_child=5 2 3 -2 6 -1 -3
right_child=1 4 -4 -5 -6 -7 -8
leaf_value=-0.00068912540036628295 6.3913849908767722e-05 -0.00046288825566996746 -0.0003387191406927467 0.00059076259174599757 -4.1799309227524254e-05 -0.00013871740251663486 -0.00011657551265657563
leaf_weight=33 87 53 44 148 64 36 36
leaf_count=33 87 53 44 148 64 36 36
internal_value=-2.52954e-05 2.93334e-05 0.000185757 0.000361417 -0.000184928 -0.000405902 -0.000341112
internal_weight=501 432 279 235 153 69 89
internal_count=501 432 279 235 153 69 89
is_linear=0
shrinkage=0.0167612


Tree=269
num_leaves=7
num_cat=0
split_feature=13 204 13 7 161 185
split_gain=0.0958438 0.101308 0.0822603 0.080622 0.0790729 0.0159602
threshold=196057.87539472021 1.0000000180025095e-35 964400.41217732907 1.0000000180025095e-35 0.96532710403722188 12.500000000000002
decision_type=2 8 2 2 10 10
left_child=-1 2 3 -2 -4 -3
right_child=1 5 4 -5 -6 -7
leaf_value=0.00059736502725533892 7.4669419124423454e-05 -0.00048838945903951797 -9.1733408406621602e-05 0.00077843244245964338 -0.00074383938593144234 -0.00013249608527715601
leaf_weight=24 195 148 25 33 40 36
leaf_count=24 195 148 25 33 40 36
internal_value=-2.59293e-05 -9.72899e-05 5.91888e-05 0.000232559 -0.000312237 -0.000387698
internal_weight=501 477 293 228 65 184
internal_count=501 477 293 228 65 184
is_linear=0
shrinkage=0.0167612


Tree=270
num_leaves=10
num_cat=0
split_feature=216 152 181 12 83 79 215 66 195
split_gain=0.13386 0.0813462 0.0670616 0.169656 0.0510094 0.0224975 0.0209474 0.0446061 0.00149962
threshold=1082395.4752694182 59.500000000000007 1.0000000180025095e-35 1.0000000180025095e-35 1.0000000180025095e-35 1.0000000180025095e-35 278.50000000000006 69.000000000000014 1.0000000180025095e-35
decision_type=8 10 10 2 8 10 8 8 10
left_child=1 4 6 -4 8 -6 -2 -8 -1
right_child=2 -3 3 -5 5 -7 7 -9 -10
leaf_value=0.00037204321579241721 -0.00031412309891717195 -5.6080574890406342e-05 -0.00015580363275273344 -0.0010561876509285412 -8.7765643574432107e-05 0.00033603816600678648 0.00042206996550781304 -6.7169940980334999e-05 0.00094246396878472729
leaf_weight=35 29 46 47 61 30 24 28 146 55
leaf_count=35 29 46 47 61 30 24 28 146 55
internal_value=-2.41056e-05 0.000277593 -0.000241643 -0.000549549 0.000498762 0.000128244 -4.45074e-05 -4.0911e-06 0.000735997
internal_weight=501 190 311 108 144 54 203 174 90
internal_count=501 190 311 108 144 54 203 174 90
is_linear=0
shrinkage=0.0167612


Tree=271
num_leaves=8
num_cat=0
split_feature=11 216 79 167 15 10 196
split_gain=0.116427 0.13477 0.101607 0.0716829 0.174757 0.0512784 0.0304704
threshold=0.6830127018922193 1130323.2609938907 1.0000000180025095e-35 1.0000000180025095e-35 1.0000000180025095e-35 -1.0000000180025095e-35 10.500000000000002
decision_type=2 8 10 8 2 2 8
left_child=2 -2 3 4 -1 -4 -5
right_child=1 -3 5 6 -6 -7 -8
leaf_value=-7.5786643398725501e-05 -6.5824980557544949e-05 -0.00084876126317804724 0.0010435907625766171 0.00042674154537959436 -0.0011259782675872468 0.00019888654504641 1.2372182291999915e-05
leaf_weight=67 45 76 29 45 26 36 177
leaf_count=67 45 76 29 45 26 36 177
internal_value=-2.37329e-05 -0.000430618 9.68683e-05 5.42575e-06 -0.000347459 0.000581963 0.000129537
internal_weight=501 121 380 315 93 65 222
internal_count=501 121 380 315 93 65 222
is_linear=0
shrinkage=0.0167612


Tree=272
num_leaves=9
num_cat=0
split_feature=13 181 124 26 77 44 204 20
split_gain=0.168328 0.0721419 0.0871379 0.0695298 0.0649015 0.0835418 0.0432196 0.0479239
threshold=667242.50000000012 1.0000000180025095e-35 0.50361259038196782 1.9100000000000004 1.3091255936207242 0.82412158458258866 1.0000000180025095e-35 1.0000000180025095e-35
decision_type=2 10 8 8 8 10 10 8
left_child=3 4 -3 -1 -2 -6 7 -5
right_child=1 2 -4 6 5 -7 -8 -9
leaf_value=0.00083859011993700071 0.00034636625500346536 -0.00023193626097258173 -0.0012306264905857451 0.00050450900001881664 -5.5496585063192539e-05 -0.00079022163877256948 -0.00012480305075546582 3.3701510831956415e-05
leaf_weight=28 33 46 29 103 71 28 41 128
leaf_count=28 33 46 29 103 71 28 41 128
internal_value=1.76367e-05 -0.00030298 -0.000672299 0.000272173 -5.49891e-05 -0.000266312 0.00016741 0.000264502
internal_weight=507 207 75 300 132 99 272 231
internal_count=507 207 75 300 132 99 272 231
is_linear=0
shrinkage=0.0167612


Tree=273
num_leaves=8
num_cat=1
split_feature=0 15 46 41 9 44 56
split_gain=0.132545 0.187691 0.0915768 0.0784217 0.0243893 0.00582147 0.00415625
threshold=0 1.0000000180025095e-35 47.000000000000007 1.0000000180025095e-35 1.0000000180025095e-35 0.73244492805275685 3.5000000000000004
decision_type=9 2 10 10 2 10 10
left_child=1 6 3 4 -2 -5 -1
right_child=2 -3 -4 5 -6 -7 -8
leaf_value=8.4939837160110651e-05 0.00052769096704028654 -0.0011222433401696283 -0.00029468105099633365 6.0863229707614248e-06 0.00013918212276666157 -0.00013298032027324371 -9.954033620506433e-05
leaf_weight=42 208 40 45 55 41 51 25
leaf_count=42 208 40 45 55 41 51 25
internal_value=1.71855e-05 -0.00039392 0.000168452 0.000283091 0.000444495 2.39963e-05 -8.59205e-05
internal_weight=507 107 400 355 249 106 67
internal_count=507 107 400 355 249 106 67
cat_boundaries=0 1
cat_threshold=34669571
is_linear=0
shrinkage=0.0167612


Tree=274
num_leaves=10
num_cat=1
split_feature=0 13 3 192 165 41 181 169 206
split_gain=0.123824 0.08654 0.0722442 0.0806863 0.0234724 0.0220311 0.0213117 0.0067874 0.00210083
threshold=0 649062.32638888899 10.500000000000002 1170007.1240724863 17.06203703703704 1.0000000180025095e-35 1.0000000180025095e-35 115.74135015000002 1.0000000180025095e-35
decision_type=9 2 2 8 8 10 8 10 10
left_child=1 7 4 -4 -2 8 -6 -1 -3
right_child=2 5 3 -5 6 -7 -8 -9 -10
leaf_value=0.00033406942110041028 -0.00029741081624079974 0.00023887836441033902 -0.00026851104942507192 -0.0011833794357850047 0.00028698923150105089 -0.00021833296253524778 -2.7498184100426964e-05 0.00085074355317437127 6.1091800488824994e-05
leaf_weight=60 46 37 26 24 34 40 156 56 28
leaf_count=60 46 37 26 24 34 40 156 56 28
internal_value=1.54682e-05 0.000297546 -0.00018185 -0.000642031 -4.54626e-05 4.49614e-05 2.89758e-06 0.000605288 0.000152612
internal_weight=507 221 286 50 236 105 190 116 65
internal_count=507 221 286 50 236 105 190 116 65
cat_boundaries=0 1
cat_threshold=4508004
is_linear=0
shrinkage=0.0167612


Tree=275
num_leaves=11
num_cat=1
split_feature=0 13 56 58 122 9 51 82 126 181
split_gain=0.126113 0.253855 0.235614 0.0510486 0.053771 0.0383558 0.0352775 0.0208009 0.015959 0.000569254
threshold=0 356883.9378531074 3.5000000000000004 224.50000000000003 16.500000000000004 1.0000000180025095e-35 1.0000000180025095e-35 717716.34615384624 1.0000000180025095e-35 1.0000000180025095e-35
decision_type=9 2 10 8 10 2 8 8 10 10
left_child=1 2 -1 6 5 -5 8 -8 -2 -6
right_child=3 -3 -4 4 9 -7 7 -9 -10 -11
leaf_value=0.00078807531475402 0.00035747874924672152 -0.0011989315969759883 -0.00057386019947846796 0.00061047850295947671 3.9243284363251367e-05 0.00020929412587745823 -9.0096033312963363e-05 -0.00047604866884236091 4.116692685435583e-05 -2.8455420654306989e-05
leaf_weight=33 33 43 31 137 29 25 34 44 47 51
leaf_count=33 33 43 31 137 29 25 34 44 47 51
internal_value=1.46118e-05 -0.000386095 -3.12455e-05 0.000162668 0.000318825 0.00048924 7.09155e-06 -0.00025399 0.000144687 6.03809e-05
internal_weight=507 107 64 400 242 162 158 78 80 80
internal_count=507 107 64 400 242 162 158 78 80 80
cat_boundaries=0 1
cat_threshold=34669571
is_linear=0
shrinkage=0.0167612


Tree=276
num_leaves=8
num_cat=0
split_feature=176 13 23 90 120 103 71
split_gain=0.0407889 0.0532825 0.0575015 0.147878 0.0287406 0.0168 0.00695217
threshold=1.0000000180025095e-35 683200.60470085486 900.00000000000011 12.500000000000002 1.0000000180025095e-35 1.0000000180025095e-35 471985.76475000003
decision_type=8 2 10 8 10 10 8
left_child=6 2 3 -2 -3 -6 -1
right_child=1 4 -4 -5 5 -7 -8
leaf_value=0.00047352995847551324 0.00085112269777557229 -6.6236823601804114e-05 -0.00029642827204681319 1.7560977211698318e-05 -0.0001767036763713848 -0.00063216787808291985 0.00010854221677357356
leaf_weight=48 43 59 40 193 30 60 34
leaf_count=48 43 59 40 193 30 60 34
internal_value=1.34567e-05 -3.31969e-05 7.19101e-05 0.000198897 -0.000275325 -0.000460329 0.000305991
internal_weight=507 425 276 236 149 90 82
internal_count=507 425 276 236 149 90 82
is_linear=0
shrinkage=0.0167612


Tree=277
num_leaves=7
num_cat=1
split_feature=0 77 6 194 187 225
split_gain=0.0815608 0.0686813 0.0713268 0.11876 0.0543164 0.0482599
threshold=0 1.0911732799354146 1.5000000000000002 2.5000000000000004 0.29398148148148157 3.5000000000000004
decision_type=9 8 2 8 8 10
left_child=4 -2 3 -3 -1 -4
right_child=1 2 5 -5 -6 -7
leaf_value=0.00012198674470234519 0.00038475472001593734 -0.00074320248903074189 -7.9447032911719899e-05 -3.980544554070046e-05 0.00065213872691498602 0.00039088647842244284
leaf_weight=36 31 95 71 142 73 59
leaf_count=36 31 95 71 142 73 59
internal_value=1.32117e-05 -7.90883e-05 -0.000168199 -0.000342224 0.000356946 6.09595e-05
internal_weight=507 398 367 237 109 130
internal_count=507 398 367 237 109 130
cat_boundaries=0 1
cat_threshold=4229188
is_linear=0
shrinkage=0.0167612


Tree=278
num_leaves=10
num_cat=1
split_feature=0 12 82 90 215 9 142 63 77
split_gain=0.119849 0.182609 0.0802645 0.0644567 0.058954 0.0394447 0.0330169 0.0117 0.00436798
threshold=0 1.0000000180025095e-35 692713.06818181823 20.500000000000004 87.000000000000014 1.0000000180025095e-35 3.2409988385598147 231723.32756149149 1.321018880446275
decision_type=9 2 10 10 10 2 8 10 8
left_child=1 7 3 5 -4 -2 -5 -1 -6
right_child=2 -3 4 6 8 -7 -8 -9 -10
leaf_value=0.00014693182702206457 0.0005843281865410085 -0.0010934152586166476 -0.00054389674946107706 0.00020856684894582511 0.00013232241060135168 0.00019622278119910101 -0.00024874717610628701 -0.0001596602719208183 -4.6675117667603073e-06
leaf_weight=42 172 40 41 54 32 27 47 25 27
leaf_count=42 172 40 41 54 32 27 47 25 27
internal_value=1.30434e-05 -0.000377223 0.000157829 0.000309404 -0.000138702 0.000479682 4.83157e-05 -8.22788e-05 -1.14101e-05
internal_weight=507 107 400 300 100 199 101 67 59
internal_count=507 107 400 300 100 199 101 67 59
cat_boundaries=0 1
cat_threshold=34669571
is_linear=0
shrinkage=0.0167612


Tree=279
num_leaves=8
num_cat=0
split_feature=11 204 218 52 92 6 103
split_gain=0.0546869 0.0659251 0.0428305 0.030773 0.0206418 0.0205156 0.0188178
threshold=-0.68301270189221952 1.0000000180025095e-35 -0.24044331069053634 1.0000000180025095e-35 40.500000000000007 1.0000000180025095e-35 1.0000000180025095e-35
decision_type=2 10 10 8 10 2 10
left_child=2 3 6 4 -2 -5 -1
right_child=1 -3 -4 5 -6 -7 -8
leaf_value=0.000717909717055071 0.00025626434124279717 -0.00052763883254745251 8.1594595157435628e-05 -3.7028114182190414e-05 1.6751344838137381e-05 -0.00027359226370281302 0.00020669069943828565
leaf_weight=53 146 41 47 52 27 113 28
leaf_count=53 146 41 47 52 27 113 28
internal_value=1.15351e-05 -6.79714e-05 0.000286776 -3.56169e-06 0.000149061 -0.000140046 0.00051633
internal_weight=507 379 128 338 173 165 81
internal_count=507 379 128 338 173 165 81
is_linear=0
shrinkage=0.0167612


Tree=280
num_leaves=7
num_cat=0
split_feature=11 204 13 13 106 206
split_gain=0.134246 0.149449 0.0711734 0.0920687 0.070985 0.101099
threshold=-0.68301270189221952 1.0000000180025095e-35 1099691.3542424247 641000.00000000012 49913.412948739424 1.0000000180025095e-35
decision_type=2 10 2 2 10 10
left_child=4 2 3 -2 5 -1
right_child=1 -3 -4 -5 -6 -7
leaf_value=0.00097012049422322733 0.00029298141323295257 -0.00086113596734125578 -0.00050437272059309876 -0.00022249362885903395 0.00012951610540762817 0.00025181787991355325
leaf_weight=74 183 37 39 124 24 30
leaf_count=74 183 37 39 124 24 30
internal_value=0 -0.000142856 -1.64584e-05 5.0344e-05 0.000419718 0.000656008
internal_weight=511 383 346 307 128 104
internal_count=511 383 346 307 128 104
is_linear=0
shrinkage=0.0167612


Tree=281
num_leaves=9
num_cat=0
split_feature=13 56 123 106 191 150 45 215
split_gain=0.253569 0.188312 0.123915 0.0586102 0.0508788 0.0531047 0.0454392 0.0310577
threshold=407216.3798844539 3.5000000000000004 46.000000000000007 81629.074052669006 1.0000000180025095e-35 1.0000000180025095e-35 3.477272727272728 132.50000000000003
decision_type=2 10 8 8 8 10 8 8
left_child=1 4 -2 6 -1 -6 -4 -5
right_child=2 -3 3 7 5 -7 -8 -9
leaf_value=0.00032949691083823993 -0.00078030053178425058 -0.0001327979427483755 0.00068294928669582937 -0.00047921935106026616 0.00071112637640203603 0.0016126433452061297 0.00010619153608258281 -4.8853622869086158e-05
leaf_weight=28 65 30 24 58 79 25 30 172
leaf_count=28 65 30 24 58 79 25 30 172
internal_value=0 0.000498964 -0.000236415 -7.16866e-05 0.000823111 0.00102504 0.000276638 -0.000196341
internal_weight=511 162 349 284 132 104 54 230
internal_count=511 162 349 284 132 104 54 230
is_linear=0
shrinkage=0.0167612


Tree=282
num_leaves=8
num_cat=1
split_feature=0 11 43 45 44 196 90
split_gain=0.135555 0.15838 0.125673 0.0493384 0.0240742 0.0505073 0.0219567
threshold=0 -1.0000000180025095e-35 1.0000000180025095e-35 2.2066666666666674 0.85079165506976573 1.0000000180025095e-35 9.5000000000000018
decision_type=9 2 8 10 10 8 8
left_child=6 4 -3 -4 5 -2 -1
right_child=1 2 3 -5 -6 -7 -8
leaf_value=0.00015242393728736895 0.00062994336068197473 -0.0011577742729908616 -0.00040746890008433402 2.0009821036731642e-05 -2.0230206511277138e-05 3.6862331667845451e-05 0.00066698767516351122
leaf_weight=34 41 35 114 43 45 122 77
leaf_count=34 41 35 114 43 45 122 77
internal_value=0 -0.000135369 -0.000471933 -0.000248256 0.000121402 0.000245664 0.000429698
internal_weight=511 400 192 157 208 163 111
internal_count=511 400 192 157 208 163 111
cat_boundaries=0 1
cat_threshold=4197124
is_linear=0
shrinkage=0.0167612


Tree=283
num_leaves=8
num_cat=0
split_feature=204 13 26 34 85 51 169
split_gain=0.0777173 0.209051 0.0760308 0.070801 0.0680313 0.0325847 0.0188438
threshold=1.0000000180025095e-35 510944.7410714287 2.0350000000000006 726232.43073593092 0.040408163265306107 1.0000000180025095e-35 116.04047185
decision_type=10 2 10 8 10 10 10
left_child=1 2 -1 4 -3 -5 -4
right_child=-2 3 6 5 -6 -7 -8
leaf_value=0.00072176467478319445 -0.0004687405908563493 -0.00015261702884399766 -0.00011758682392862766 -0.00063092576886162905 0.00047525655974155879 -0.00016067720036226139 0.0002257937329870143
leaf_weight=122 50 88 31 98 33 35 54
leaf_count=122 50 88 31 98 33 35 54
internal_value=0 7.26722e-05 0.00045188 -0.000204084 -2.41999e-05 -0.000461562 8.14529e-05
internal_weight=511 461 207 254 121 133 85
internal_count=511 461 207 254 121 133 85
is_linear=0
shrinkage=0.0167612


Tree=284
num_leaves=7
num_cat=0
split_feature=204 77 38 63 26 9
split_gain=0.0757791 0.122219 0.0542083 0.108871 0.0428386 0.0141384
threshold=1.0000000180025095e-35 1.1539738918027533 1.0000000180025095e-35 834273.34542175278 2.8900000000000001 1.0000000180025095e-35
decision_type=10 8 8 10 10 2
left_child=1 -1 3 -3 -2 -4
right_child=4 2 5 -5 -6 -7
leaf_value=0.00074870982608741784 -0.00019364597557138577 -2.5782069898894566e-05 0.00021660839329480373 -0.00071718448138270144 -0.00088901063108500953 4.2675020660619063e-05
leaf_weight=32 26 130 203 51 24 45
leaf_count=32 26 130 203 51 24 45
internal_value=0 7.15749e-05 2.98817e-06 -0.000205106 -0.000463022 0.000145421
internal_weight=511 461 429 181 50 248
internal_count=511 461 429 181 50 248
is_linear=0
shrinkage=0.0167612


Tree=285
num_leaves=5
num_cat=0
split_feature=204 13 77 10
split_gain=0.073675 0.099237 0.106256 0.051049
threshold=1.0000000180025095e-35 1193104.0175177308 1.9673334682397117 -0.24999999999999994
decision_type=10 2 8 2
left_child=1 2 -1 -4
right_child=-2 -3 3 -5
leaf_value=0.0006957027626870462 -0.00045658842790122461 -0.0004406511872838473 0.0002635826319172607 -9.3032383160024149e-05
leaf_weight=59 50 47 150 205
leaf_count=59 50 47 150 205
internal_value=0 7.05294e-05 0.000171431 4.40331e-05
internal_weight=511 461 414 355
internal_count=511 461 414 355
is_linear=0
shrinkage=0.0167612


Tree=286
num_leaves=7
num_cat=0
split_feature=6 50 49 106 11 16
split_gain=0.0692934 0.159373 0.0469878 0.0478806 0.0319595 0.00201066
threshold=1.0000000180025095e-35 1.0000000180025095e-35 1.0000000180025095e-35 38579.789119017696 -0.5 1.0000000180025095e-35
decision_type=2 8 10 8 2 10
left_child=1 -1 3 -2 -5 -3
right_child=2 5 -4 4 -6 -7
leaf_value=-0.00087783889206649005 0.00040756289076627811 4.1956641237757533e-06 0.00055152089394598983 0.00011722062349194821 -0.00017638571254526052 0.00014664648902630443
leaf_weight=53 48 38 28 141 178 25
leaf_count=53 48 38 28 141 178 25
internal_value=0 -0.00030882 0.000105782 3.42294e-05 -1.75356e-05 1.27259e-05
internal_weight=511 116 395 367 319 63
internal_count=511 116 395 367 319 63
is_linear=0
shrinkage=0.0167612


Tree=287
num_leaves=8
num_cat=0
split_feature=5 181 19 13 189 9 126
split_gain=0.0620855 0.10456 0.0300008 0.0730318 0.104444 0.015293 0.00573243
threshold=1.5000000000000002 1.0000000180025095e-35 5.5000000000000009 594221.79050711205 98.500000000000014 1.0000000180025095e-35 1.0000000180025095e-35
decision_type=2 10 8 2 8 2 10
left_child=1 -1 3 -2 -5 -4 -3
right_child=2 6 5 4 -6 -7 -8
leaf_value=-5.8713018813466747e-05 0.00031939339461260481 -0.0011407271792743725 0.00031668932759825396 0.0001785933751930188 -0.00056059401669428948 8.7751559114994111e-05 -0.00040859716104861722
leaf_weight=72 66 24 167 31 93 33 25
leaf_count=72 66 24 167 31 93 33 25
internal_value=0 -0.000284888 0.000103599 9.08746e-06 -0.000248848 0.000242685 -0.000767442
internal_weight=511 121 390 190 124 200 49
internal_count=511 121 390 190 124 200 49
is_linear=0
shrinkage=0.0167612


Tree=288
num_leaves=9
num_cat=0
split_feature=77 137 108 6 15 4 145 12
split_gain=0.0663554 0.0472301 0.0546645 0.0569735 0.0372817 0.0893505 0.0312658 0.0296482
threshold=1.3091255936207242 1.0000000180025095e-35 10.500000000000002 1.5000000000000002 1.0000000180025095e-35 236.00000000000003 1.0000000180025095e-35 1.0000000180025095e-35
decision_type=8 10 10 2 2 2 10 2
left_child=6 4 3 -3 5 -2 -1 -4
right_child=1 2 7 -5 -6 -7 -8 -9
leaf_value=0.00074062867133811738 -0.00027581008491774062 -0.00025109256109265862 -0.00025447303257486925 0.00035113967199159717 0.00033340252364921671 0.00041909593885790236 0.00017659749234480633 -0.00090249409371793337
leaf_weight=35 114 59 80 42 80 40 26 24
leaf_count=35 114 59 80 42 80 40 26 24
internal_value=4.19682e-06 -4.94658e-05 -0.000233519 -3.64657e-05 7.48403e-05 -8.76798e-06 0.000422258 -0.000479598
internal_weight=500 439 205 101 234 154 61 104
internal_count=500 439 205 101 234 154 61 104
is_linear=0
shrinkage=0.0167612


Tree=289
num_leaves=9
num_cat=0
split_feature=110 162 154 37 13 82 20 207
split_gain=0.0561741 0.0671119 0.0869499 0.0607951 0.0795999 0.0558076 0.0340829 0.0300524
threshold=1.0000000180025095e-35 57131231.662333488 1.0000000180025095e-35 5.5000000000000009 583996.57073643419 1296603.0521604943 1.0000000180025095e-35 808703.34455555561
decision_type=10 8 10 10 2 8 10 8
left_child=1 2 -1 4 -2 -5 7 -3
right_child=3 6 -4 5 -6 -7 -8 -9
leaf_value=-0.00086006527571010028 0.0009140699623826009 -0.00038924949571667814 -0.0001738290660942878 -0.00041184466846442815 0.00014402253508740071 0.00026071968545527112 0.00033264180997282579 -4.0314727204652578e-06
leaf_weight=47 48 27 30 29 48 24 43 204
leaf_count=47 48 27 30 29 48 24 43 204
internal_value=4.18264e-06 -8.88688e-05 -0.00045284 0.000261542 0.000513893 4.70672e-05 -5.67496e-06 -4.80334e-05
internal_weight=500 351 77 149 96 53 274 231
internal_count=500 351 77 149 96 53 274 231
is_linear=0
shrinkage=0.0167612


Tree=290
num_leaves=8
num_cat=0
split_feature=13 43 95 189 76 110 41
split_gain=0.0638464 0.115955 0.108867 0.0431204 0.047693 0.035119 0.00935302
threshold=451273.17209450837 1.0000000180025095e-35 1.0000000180025095e-35 95.500000000000014 9.5000000000000018 1.0000000180025095e-35 1.0000000180025095e-35
decision_type=2 8 10 8 8 10 10
left_child=2 -2 5 6 -5 -1 -3
right_child=1 3 -4 4 -6 -7 -8
leaf_value=0.00022843712571473643 -0.00077492808854412215 0.00057586716269829481 -0.00024516384884275711 2.0128981613455068e-05 -0.00036529826014572393 0.00080114473914517426 0.00014432174823538439
leaf_weight=105 31 24 35 136 93 52 24
leaf_count=105 31 24 35 136 93 52 24
internal_value=4.101e-06 -0.000119946 0.000238007 -7.58174e-06 -0.000101982 0.000460404 0.000329641
internal_weight=500 308 192 277 229 157 48
internal_count=500 308 192 277 229 157 48
is_linear=0
shrinkage=0.0167612


Tree=291
num_leaves=10
num_cat=0
split_feature=181 161 11 41 205 41 28 54 33
split_gain=0.0423489 0.0882987 0.0509196 0.110108 0.101286 0.0681745 0.0470911 0.03757 0.0365194
threshold=1.0000000180025095e-35 0.98901092073877728 -0.24999999999999994 1.0000000180025095e-35 1.0000000180025095e-35 1.0000000180025095e-35 86.725555555555573 1.0000000180025095e-35 1.0000000180025095e-35
decision_type=8 10 2 8 8 8 8 10 10
left_child=1 -1 5 7 -5 -2 -3 -4 -7
right_child=2 6 3 4 -6 8 -8 -9 -10
leaf_value=0.00066844363374526439 -0.00021546663034572255 0.00019909345845165263 4.0524877052312178e-05 -0.0011468261437799856 -0.00025263269570251386 0.00056111756168789983 -0.00039651317696924745 0.00051177731221005646 0.0001170004813073745
leaf_weight=57 40 28 45 26 132 77 29 28 38
leaf_count=57 40 28 45 26 132 77 29 28 38
internal_value=3.46101e-06 0.000262313 -5.97748e-05 -0.000223297 -0.000477696 0.000118074 3.57676e-05 0.000138094 0.000354876
internal_weight=500 114 386 231 158 155 57 73 115
internal_count=500 114 386 231 158 155 57 73 115
is_linear=0
shrinkage=0.0167612


Tree=292
num_leaves=11
num_cat=1
split_feature=0 10 200 137 109 63 14 10 37 86
split_gain=0.0838472 0.0983144 0.1753 0.0389205 0.0620166 0.0866925 0.0248428 0.0414676 0.0294081 0.00884704
threshold=0 -1.0000000180025095e-35 50.404761904761912 1.0000000180025095e-35 724918.47916666686 353659.73795784055 18.000000000000004 -0.5 1.0000000180025095e-35 1.3363948395949563
decision_type=9 2 8 10 10 8 2 2 10 8
left_child=1 2 -1 6 5 -5 8 -8 -2 -3
right_child=3 9 -4 4 -6 -7 7 -9 -10 -11
leaf_value=0.00032642658247860479 -0.00029872854832920128 0.00011255289541694914 0.0013671124381737045 -8.4765579872492558e-05 5.4192698330292707e-05 -0.00068113150571216493 9.9644518832421494e-05 0.00055763472510101774 4.1843969333278201e-05 -0.00014759704537579063
leaf_weight=25 70 30 38 27 25 112 27 38 76 32
leaf_count=25 70 30 38 27 25 112 27 38 76 32
internal_value=2.64982e-06 0.000330829 0.000763046 -0.00010182 -0.000286821 -0.000458775 -5.95877e-06 0.000243589 -6.87239e-05 7.66308e-05
internal_weight=500 125 63 375 164 139 211 65 146 62
internal_count=500 125 63 375 164 139 211 65 146 62
cat_boundaries=0 1
cat_threshold=4202820
is_linear=0
shrinkage=0.0167612


Tree=293
num_leaves=10
num_cat=0
split_feature=76 12 206 6 12 165 124 4 40
split_gain=0.0562117 0.112658 0.0828712 0.043374 0.0752456 0.0401847 0.0502752 0.0240271 0.0127647
threshold=5.5000000000000009 1.0000000180025095e-35 1.0000000180025095e-35 1.0000000180025095e-35 1.0000000180025095e-35 1.5119047619047621 -0.32831065231821799 152.50000000000003 1.0000000180025095e-35
decision_type=10 2 8 2 2 10 10 2 10
left_child=2 5 3 -1 -5 -2 -7 8 -4
right_child=1 -3 7 4 -6 6 -8 -9 -10
leaf_value=0.00018831392090140939 0.00031732449826191883 -0.00090299291875776131 -2.2540781367371062e-05 0.00024025096049747158 0.0011746871841481115 -7.3460909096250635e-05 -0.0005840192725138604 0.00019725498178610414 -0.0003486819265277401
leaf_weight=27 29 26 195 48 31 25 31 60 28
leaf_count=27 29 26 195 48 31 25 31 60 28
internal_value=3.06236e-06 -0.000266982 0.00011045 0.000460348 0.000679345 -4.81243e-05 -0.000217491 1.50912e-06 -0.000106886
internal_weight=500 111 389 106 79 85 56 283 223
internal_count=500 111 389 106 79 85 56 283 223
is_linear=0
shrinkage=0.0167612


Tree=294
num_leaves=8
num_cat=0
split_feature=10 203 42 29 176 112 111
split_gain=0.0602301 0.090876 0.0883219 0.110485 0.104432 0.0395685 0.0294834
threshold=0.68301270189221941 0.34313725490196084 910684.76337551349 1.0000000180025095e-35 25.500000000000004 1.0000000180025095e-35 1.0000000180025095e-35
decision_type=2 8 10 10 10 10 10
left_child=2 -2 3 5 -5 -1 -3
right_child=1 6 -4 4 -6 -7 -8
leaf_value=3.4023137170673321e-05 7.1408507556358811e-06 -0.00024405185128121562 -0.00039690216354204132 0.00027054338333748268 0.0011365738723956482 -0.00040301462354949257 -0.00098691152341537011
leaf_weight=136 51 35 33 145 33 32 35
leaf_count=136 51 35 33 145 33 32 35
internal_value=2.50952e-06 -0.000264499 0.000118322 0.000221308 0.000495306 -1.01545e-05 -0.000632937
internal_weight=500 121 379 346 178 168 70
internal_count=500 121 379 346 178 168 70
is_linear=0
shrinkage=0.0167612


Tree=295
num_leaves=8
num_cat=0
split_feature=77 134 216 41 6 63 6
split_gain=0.0412701 0.0602736 0.0539363 0.0396127 0.0830858 0.029082 0.0141082
threshold=1.6440144637567806 1.0000000180025095e-35 929066.06881373108 1.0000000180025095e-35 1.5000000000000002 1100256.5602243824 1.5000000000000002
decision_type=8 8 8 8 2 8 2
left_child=6 2 -2 4 -3 -5 -1
right_child=1 3 -4 5 -6 -7 -8
leaf_value=0.00046734394767187072 -9.3236229913280932e-05 0.00011075035248022325 -0.00058558468350499967 -0.00029331090695735245 0.0008853799082029531 4.871190773087283e-05 0.00011529524819429614
leaf_weight=56 47 41 79 53 24 171 29
leaf_count=56 47 41 79 53 24 171 29
internal_value=2.0855e-06 -4.75633e-05 -0.000327692 5.26928e-05 0.000353695 -7.30841e-06 0.000294186
internal_weight=500 415 126 289 65 224 85
internal_count=500 415 126 289 65 224 85
is_linear=0
shrinkage=0.0167612


Tree=296
num_leaves=9
num_cat=0
split_feature=26 51 200 51 55 44 51 176
split_gain=0.0882018 0.195283 0.147827 0.126183 0.100222 0.0434764 0.0427176 0.0107315
threshold=2.3400000000000003 1.0000000180025095e-35 42.015873015873019 1.0000000180025095e-35 827840.01513157913 1.0154435723407926 1.0000000180025095e-35 1.0000000180025095e-35
decision_type=8 10 8 10 8 8 8 10
left_child=3 5 -3 4 -1 7 -7 -2
right_child=1 2 -4 -5 -6 6 -8 -9
leaf_value=0.00028693919196470254 0.00015132004876800752 5.9956203778722154e-05 0.00099833696203532256 -0.00016751190067181219 0.0010992074596916058 -0.00071390906086854164 -0.00022165167477018963 -0.00014596298741080221
leaf_weight=26 25 28 44 26 49 117 142 35
leaf_count=26 25 28 44 26 49 117 142 35
internal_value=-5.32109e-05 -0.000177632 0.000416259 0.000299491 0.000686094 -0.000369956 -0.000470253 -8.78718e-05
internal_weight=492 391 72 101 75 319 259 60
internal_count=492 391 72 101 75 319 259 60
is_linear=0
shrinkage=0.0167612


Tree=297
num_leaves=8
num_cat=1
split_feature=176 1 13 169 162 202 39
split_gain=0.110531 0.0980567 0.261853 0.198871 0.0580475 0.0201152 0.0155024
threshold=1.0000000180025095e-35 0 232620.91666666669 116.07848305 55880125.682613216 31.500000000000004 50742.775513838082
decision_type=8 1 2 8 8 10 8
left_child=6 2 -2 -4 -3 -6 -1
right_child=1 4 3 -5 5 -7 -8
leaf_value=0.00016146290934213175 0.00012593131027963648 -0.00043276361969023046 -0.00036668736288254978 -0.0017391483893161748 0.00017349888327563651 -7.1198325460747577e-05 0.00066392440530267844
leaf_weight=29 34 40 36 44 211 54 44
leaf_count=29 34 40 36 44 211 54 44
internal_value=-5.27423e-05 -0.000170112 -0.000517072 -0.00107297 -9.8226e-06 8.01507e-05 0.000411986
internal_weight=492 419 114 80 305 265 73
internal_count=492 419 114 80 305 265 73
cat_boundaries=0 1
cat_threshold=18
is_linear=0
shrinkage=0.0167612


Tree=298
num_leaves=8
num_cat=0
split_feature=142 181 55 30 165 153 145
split_gain=0.0759609 0.0841069 0.0475269 0.0624003 0.0372656 0.0115838 0.00302966
threshold=2.4924242424242427 1.0000000180025095e-35 904509.25925925933 19.500000000000004 18.952380952380956 30.500000000000004 1.0000000180025095e-35
decision_type=10 8 8 10 10 10 10
left_child=1 -1 -3 -4 6 -6 -2
right_child=4 2 3 -5 5 -7 -8
leaf_value=0.00030916210007114053 -0.0001023874863971071 -0.00077424074604861084 -4.5646816882904998e-05 -0.0006024032915726091 0.00016551314736398153 0.00067808714787966518 2.1063344452783487e-05
leaf_weight=28 24 30 238 52 54 36 30
leaf_count=28 24 30 238 52 54 36 30
internal_value=-5.15127e-05 -0.000192934 -0.000295823 -0.000198201 0.000213405 0.000423526 5.48719e-05
internal_weight=492 348 320 290 144 90 54
internal_count=492 348 320 290 144 90 54
is_linear=0
shrinkage=0.0167612


Tree=299
num_leaves=9
num_cat=1
split_feature=1 76 26 126 105 86 216 23
split_gain=0.119955 0.13744 0.123156 0.0581758 0.0417036 0.0331397 0.0181543 0.00165401
threshold=0 5.5000000000000009 2.9600000000000004 1.0000000180025095e-35 227165.88621587018 0.75653233166625189 697429.48232323246 900.00000000000011
decision_type=1 10 8 8 8 10 8 10
left_child=2 3 7 -2 -5 -3 -4 -1
right_child=1 5 6 4 -6 -7 -8 -9
leaf_value=0.00011083461146000103 0.00075474749361742824 -0.00072854441282018333 -0.00032190344164082635 -4.217594863851688e-06 0.0003431618702973648 -0.0001233549435465902 -0.00091182945470146568 -1.4178022290680729e-05
leaf_weight=25 44 34 24 97 121 38 84 25
leaf_count=25 44 34 24 97 121 38 84 25
internal_value=-5.0653e-05 0.000103145 -0.000389232 0.000302787 0.000161823 -0.000374149 -0.00073525 -3.31422e-05
internal_weight=492 334 158 262 218 72 108 50
internal_count=492 334 158 262 218 72 108 50
cat_boundaries=0 1
cat_threshold=19
is_linear=0
shrinkage=0.0167612


Tree=300
num_leaves=9
num_cat=0
split_feature=181 46 90 192 18 69 161 44
split_gain=0.0763879 0.0986386 0.0731767 0.0495745 0.0622233 0.0219477 0.0274523 0.0193972
threshold=1.0000000180025095e-35 4.5000000000000009 22.500000000000004 600440.4390022154 1.0000000180025095e-35 1.0000000180025095e-35 1.0281268321544113 0.82412158458258866
decision_type=8 10 8 8 10 10 10 10
left_child=1 -1 3 -2 -5 -4 -7 -3
right_child=2 7 5 4 -6 6 -8 -9
leaf_value=0.00077501239784859104 0.00042929479150860143 0.00018144914923717286 -0.00018441125012709045 9.7365292116243413e-05 -0.00050886957350744586 -0.00083033526800281414 -0.00023198330426664633 -0.0002021390753354621
leaf_weight=40 45 28 160 65 31 52 29 42
leaf_count=40 45 28 160 65 31 52 29 42
internal_value=-4.93912e-05 0.000262599 -0.000171453 4.95142e-05 -4.90419e-05 -0.000349838 -0.000591925 5.53399e-05
internal_weight=492 110 382 141 96 241 81 70
internal_count=492 110 382 141 96 241 81 70
is_linear=0
shrinkage=0.0167612


Tree=301
num_leaves=9
num_cat=0
split_feature=181 13 13 76 22 56 122 17
split_gain=0.0741747 0.136046 0.084825 0.0784138 0.0647115 0.0958907 0.0345976 0.00420744
threshold=1.0000000180025095e-35 1161579.9269230773 396531.29017857148 5.5000000000000009 1.0000000180025095e-35 2.5000000000000004 19.500000000000004 1.0000000180025095e-35
decision_type=8 2 2 10 10 8 8 10
left_child=1 7 4 6 5 -2 -4 -1
right_child=2 -3 3 -5 -6 -7 -8 -9
leaf_value=0.00097436705918490878 0.00070372618691726769 -0.00022326168339645118 -2.6745338173078098e-05 -0.00088874493034551071 -0.00033751394882413016 5.6208742167126971e-05 -0.00033996768822142835 0.00038377242551733469
leaf_weight=32 56 31 71 42 24 69 120 47
leaf_count=32 56 31 71 42 24 69 120 47
internal_value=-4.79622e-05 0.000259213 -0.000168478 -0.000367746 6.49545e-05 0.000275859 -0.000192923 0.000653048
internal_weight=492 110 382 233 149 125 191 79
internal_count=492 110 382 233 149 125 191 79
is_linear=0
shrinkage=0.0167612


Tree=302
num_leaves=9
num_cat=0
split_feature=26 51 51 225 165 165 92 18
split_gain=0.0809342 0.183909 0.120847 0.0855915 0.199019 0.0806533 0.0356254 0.0162423
threshold=2.3400000000000003 1.0000000180025095e-35 1.0000000180025095e-35 10.500000000000002 15.514285714285716 3.4469572368421058 19.500000000000004 1.0000000180025095e-35
decision_type=8 10 10 8 8 10 10 10
left_child=2 3 6 4 -2 -3 -1 -5
right_child=1 5 -4 7 -6 -7 -8 -9
leaf_value=0.00097239519106357591 -0.00016591375251431706 0.0008926394719001357 -0.00016664945435627406 -0.00021001935325562729 -0.0011958479276335224 0.00014199877537265815 0.0002672656563342422 -2.3794570773495887e-05
leaf_weight=47 26 37 26 184 71 35 28 38
leaf_count=47 26 37 26 184 71 35 28 38
internal_value=-4.78756e-05 -0.000167782 0.000289371 -0.000354966 -0.000735273 0.000407906 0.000667652 -0.000150303
internal_weight=492 391 101 319 97 72 75 222
internal_count=492 391 101 319 97 72 75 222
is_linear=0
shrinkage=0.0167612


Tree=303
num_leaves=8
num_cat=1
split_feature=0 77 57 96 28 200 43
split_gain=0.254776 0.132755 0.0974515 0.058561 0.0499517 0.0873983 0.077079
threshold=0 1.214389001769359 1.0000000180025095e-35 1.0000000180025095e-35 40.842532467532472 76.101785714285725 1.0000000180025095e-35
decision_type=9 8 10 10 8 8 8
left_child=4 -2 3 -3 -1 -6 -7
right_child=1 2 -4 -5 5 6 -8
leaf_value=9.0910373785449338e-05 0.00022300978382044725 -0.00083331374407330451 -0.0001525206430348148 -0.00027817799814407814 0.00011935669246243724 0.00029357635292892787 0.00088975282178736965
leaf_weight=40 24 176 36 29 54 25 108
leaf_count=40 24 176 36 29 54 25 108
internal_value=-4.64477e-05 -0.000383757 -0.00055721 -0.000709795 0.000310156 0.000464197 0.000686256
internal_weight=492 265 241 205 227 187 133
internal_count=492 265 241 205 227 187 133
cat_boundaries=0 1
cat_threshold=2337124
is_linear=0
shrinkage=0.0167612


Tree=304
num_leaves=7
num_cat=0
split_feature=91 10 82 38 175 201
split_gain=0.0871018 0.107415 0.0747744 0.047922 0.00237451 0.00300869
threshold=12.500000000000002 1.0000000180025095e-35 442287.96043048479 1.0000000180025095e-35 758428.57142857148 596674.56060606067
decision_type=8 2 10 10 10 8
left_child=1 2 -1 4 5 -2
right_child=3 -3 -4 -5 -6 -7
leaf_value=0.0011389103712771064 -4.0949737178823556e-05 7.9061657733667804e-05 0.00031116157475099036 0.00020916702599511119 -0.00033430183716846103 -0.00012394734484436187
leaf_weight=48 30 47 27 70 57 223
leaf_count=48 30 47 27 70 57 223
internal_value=3.32989e-05 0.000383706 0.000760659 -6.83923e-05 -0.000175716 -0.000106678
internal_weight=502 122 75 380 310 253
internal_count=502 122 75 380 310 253
is_linear=0
shrinkage=0.0167612


Tree=305
num_leaves=9
num_cat=0
split_feature=119 91 66 6 200 64 100 156
split_gain=0.0847502 0.0838652 0.0714911 0.171257 0.0258895 0.0172218 0.00440305 0.000922187
threshold=1052744.4791666667 39.500000000000007 16.500000000000004 1.5000000000000002 0.87500000000000011 1122095.9332368083 1.0000000180025095e-35 1.0000000180025095e-35
decision_type=10 8 10 2 10 8 10 10
left_child=1 2 3 -1 6 -4 -3 -6
right_child=-2 4 5 -5 7 -7 -8 -9
leaf_value=0.00011890655285739032 -0.00046118214374293404 -9.8087749134812653e-05 -0.0002040555145012673 0.0011871864469522252 3.3978854881378773e-05 0.00013456692817522323 -0.00041438270572600539 0.00017541228353603561
leaf_weight=74 44 138 24 51 32 81 27 31
leaf_count=74 44 138 24 51 32 81 27 31
internal_value=3.21803e-05 0.000115443 0.000335471 0.000589684 -6.45639e-05 5.06922e-05 -0.000200252 9.21539e-05
internal_weight=502 458 230 125 228 105 165 63
internal_count=502 458 230 125 228 105 165 63
is_linear=0
shrinkage=0.0167612


Tree=306
num_leaves=9
num_cat=0
split_feature=162 5 46 39 46 83 6 115
split_gain=0.105893 0.200148 0.0980587 0.0956899 0.0621186 0.0114233 0.00561082 0.00450216
threshold=59122740.706445239 2.5000000000000004 29.500000000000004 227166.85567673072 1.0000000180025095e-35 1.0000000180025095e-35 1.0000000180025095e-35 106825.42957757076
decision_type=8 2 10 8 10 10 2 8
left_child=1 4 7 -2 -1 -6 -5 -3
right_child=3 2 -4 6 5 -7 -8 -9
leaf_value=-0.00043079176522491168 -0.00088287636390730717 0.00044840890198639385 0.00019916591336708355 -0.0001831746760855096 0.00020542640946634322 2.5460805683838832e-05 -8.9194168067552178e-06 0.0010652640636932835
leaf_weight=77 25 31 40 32 68 25 120 84
leaf_count=77 25 31 40 32 68 25 120 84
internal_value=3.09497e-05 0.000215884 0.000625405 -0.000249094 -9.63604e-05 5.95165e-05 -6.61852e-05 0.000889237
internal_weight=502 325 155 177 170 93 152 115
internal_count=502 325 155 177 170 93 152 115
is_linear=0
shrinkage=0.0167612


Tree=307
num_leaves=6
num_cat=0
split_feature=213 216 90 30 215
split_gain=0.0711133 0.062703 0.0601433 0.0544987 0.0384212
threshold=1.0000000180025095e-35 1082395.4752694182 36.500000000000007 15.500000000000002 135.50000000000003
decision_type=10 10 10 8 10
left_child=1 3 -2 -1 -5
right_child=2 -3 -4 4 -6
leaf_value=0.00033919261643955596 0.00075650320327223298 -0.00048756972498525258 0.00017195945712342661 -0.00017334516013541395 0.00020570730493795804
leaf_weight=83 50 42 27 252 48
leaf_count=83 50 42 27 252 48
internal_value=2.88202e-05 -3.58928e-05 0.000420369 7.5467e-06 -6.82562e-05
internal_weight=502 425 77 383 300
internal_count=502 425 77 383 300
is_linear=0
shrinkage=0.0167612


Tree=308
num_leaves=9
num_cat=0
split_feature=10 92 11 176 45 64 105 153
split_gain=0.0966384 0.10983 0.245404 0.250739 0.0686574 0.0651746 0.0498984 0.0135251
threshold=0.25000000000000011 157.00000000000003 0.6830127018922193 25.500000000000004 2.2066666666666674 1268475.5833333337 131396.98050317727 15.500000000000002
decision_type=2 8 2 10 10 8 8 10
left_child=1 5 3 -3 6 -1 -2 -8
right_child=4 2 -4 -5 -6 -7 7 -9
leaf_value=-0.000557668110555803 -0.00012193822003697277 0.00041426142916987696 -0.00026463109335335622 0.0017088960386191301 0.00012107087099873436 5.5586456575954723e-05 -0.00033922699526306834 -0.00088592951352877911
leaf_weight=47 42 143 50 31 43 26 82 38
leaf_count=47 42 143 50 31 43 26 82 38
internal_value=2.82748e-05 0.000224753 0.000422919 0.000732695 -0.00020986 -0.00016419 -0.000395949 -0.000571038
internal_weight=502 297 224 174 205 73 162 120
internal_count=502 297 224 174 205 73 162 120
is_linear=0
shrinkage=0.0167612


Tree=309
num_leaves=9
num_cat=0
split_feature=10 218 2 106 63 206 63 202
split_gain=0.147489 0.126632 0.141351 0.0893387 0.0442486 0.0381046 0.0254908 0.0190712
threshold=-0.24999999999999994 -0.076356896734270804 2023.5000000000002 43557.278392353015 866397.95131493534 1.0000000180025095e-35 925977.13985688391 20.500000000000004
decision_type=2 10 2 8 8 10 10 8
left_child=1 2 -1 -2 -5 -3 -6 -4
right_child=3 5 7 4 6 -7 -8 -9
leaf_value=0.0012879584786277042 0.00021428491016360016 -0.00035680508225334825 0.00049228627567946286 -9.9859163719446726e-05 -0.00056714105120027108 0.00012701263751859886 -0.00017406520585063254 5.6770940403218412e-05
leaf_weight=43 53 43 24 47 156 31 32 73
leaf_count=43 53 43 24 47 156 31 32 73
internal_value=2.78467e-05 0.00034886 0.000647517 -0.000187158 -0.000350969 -3.25494e-06 -0.000472081 0.000278502
internal_weight=502 214 140 288 235 74 188 97
internal_count=502 214 140 288 235 74 188 97
is_linear=0
shrinkage=0.0167612


Tree=310
num_leaves=9
num_cat=1
split_feature=13 36 134 1 11 161 161 125
split_gain=0.15162 0.170098 0.160234 0.0634205 0.121857 0.0566066 0.0332206 0.00532478
threshold=486610.38424908434 37.500000000000007 1.0000000180025095e-35 0 1.0000000180025095e-35 1.3045149531082034 0.99387711925036915 21.500000000000004
decision_type=2 8 10 1 2 8 10 10
left_child=1 2 -1 5 7 6 -2 -5
right_child=3 -3 -4 4 -6 -7 -8 -9
leaf_value=0.00037131885316044158 -6.4268914961115623e-05 4.6649128216769877e-05 0.0016220179126248773 4.5793846519292902e-05 -0.00083798124582896538 0.00035516875276646911 -0.00047532248864408968 -0.00015841810076257947
leaf_weight=55 34 125 30 62 74 62 35 25
leaf_count=55 34 125 30 62 74 62 35 25
internal_value=2.8763e-05 0.000358632 0.000863452 -0.00018586 -0.000391358 1.3878e-06 -0.000181181 -6.92086e-05
internal_weight=502 210 85 292 161 131 69 87
internal_count=502 210 85 292 161 131 69 87
cat_boundaries=0 1
cat_threshold=40
is_linear=0
shrinkage=0.0167612


Tree=311
num_leaves=11
num_cat=0
split_feature=108 189 6 11 24 196 181 165 87 41
split_gain=0.0709641 0.102271 0.109367 0.0851222 0.0992966 0.0868337 0.0440798 0.0199807 0.0150748 0.0105447
threshold=19.500000000000004 291.00000000000006 1.5000000000000002 -0.5 3.9741379310344827 15.000000000000002 1.0000000180025095e-35 85.253333333333345 1967115.1515151518 1.0000000180025095e-35
decision_type=8 8 2 2 8 8 10 8 8 10
left_child=1 -1 8 5 9 -2 -6 -7 -3 -5
right_child=3 2 -4 4 6 7 -8 -9 -10 -11
leaf_value=-0.00010978216398397608 0.00077669533762541709 0.00030557228175006533 0.0010878215880501202 0.00015363406207265974 -0.00032918518131699464 -0.00023730265948564432 -0.001028654699260359 0.00013254419135545252 5.041153545361158e-05 -7.7114433751926338e-05
leaf_weight=37 24 33 46 72 94 28 34 65 43 26
leaf_count=37 24 33 46 72 94 28 34 65 43 26
internal_value=2.82628e-05 0.000302673 0.000564643 -8.23391e-05 -0.000281451 0.000196942 -0.000572171 3.29567e-05 0.00016639 -2.29178e-05
internal_weight=502 159 122 343 226 117 128 93 76 98
internal_count=502 159 122 343 226 117 128 93 76 98
is_linear=0
shrinkage=0.0167612


Tree=312
num_leaves=9
num_cat=1
split_feature=0 56 213 2 86 152 13 65
split_gain=0.287281 0.280781 0.0994046 0.140711 0.0723961 0.0576648 0.042849 0.0220927
threshold=0 2.5000000000000004 1.0000000180025095e-35 2024.5000000000002 1.0098316497859616 22.500000000000004 326305.73834558134 259731.00000000003
decision_type=9 8 8 2 10 8 2 10
left_child=1 4 5 -4 7 -2 -3 -1
right_child=2 6 3 -5 -6 -7 -8 -9
leaf_value=0.00055675444242637344 0.00053912903545390485 -0.00055647257572057941 0.00032000022692712664 0.00123708843352041 -0.00023249003823634 3.0621066355428636e-05 -0.0014487316312159124 0.00016021909671592983
leaf_weight=66 56 41 32 81 44 116 38 25
leaf_count=66 56 41 32 81 44 116 38 25
internal_value=0.000148336 -0.0002529 0.000477644 0.000867871 6.81526e-05 0.000220666 -0.000953835 0.000374524
internal_weight=499 214 285 113 135 172 79 91
internal_count=499 214 285 113 135 172 79 91
cat_boundaries=0 1
cat_threshold=34743571
is_linear=0
shrinkage=0.0167612


Tree=313
num_leaves=10
num_cat=0
split_feature=13 150 9 175 82 191 66 29 23
split_gain=0.0424607 0.0459631 0.0470291 0.0264199 0.0515081 0.0189497 0.0115701 0.00561207 0.00380963
threshold=759667.18991935498 1.0000000180025095e-35 1.0000000180025095e-35 864805.84544901073 538617.71186722198 1.0000000180025095e-35 45.500000000000007 1.0000000180025095e-35 1.0000000180025095e-35
decision_type=2 8 2 10 10 10 10 10 10
left_child=1 7 6 4 -2 -5 -3 -1 -4
right_child=3 2 8 5 -6 -7 -8 -9 -10
leaf_value=-0.00013913649031225582 -0.00014706163635657562 0.00050376305893843178 -0.00010432083426547225 -0.00055160994220672507 0.00041337475159900969 -0.00011091773431199003 0.00018869879055301918 8.5245265209469709e-06 4.7185604106581256e-05
leaf_weight=43 45 205 28 27 41 30 26 28 26
leaf_count=43 45 205 28 27 41 30 26 28 26
internal_value=0.000145083 0.000244045 0.000344759 -3.00854e-05 4.21615e-05 -0.000288951 0.000451193 2.1295e-05 8.8646e-05
internal_weight=499 356 285 143 86 57 231 71 54
internal_count=499 356 285 143 86 57 231 71 54
is_linear=0
shrinkage=0.0167612


Tree=314
num_leaves=7
num_cat=1
split_feature=0 212 44 95 202 101
split_gain=0.277435 0.340266 0.0995511 0.0653467 0.0525284 0.0209514
threshold=0 1.0000000180025095e-35 0.97948939799809087 1.0000000180025095e-35 35.500000000000007 1.0000000180025095e-35
decision_type=9 8 10 8 10 10
left_child=1 2 4 5 -1 -2
right_child=3 -3 -4 -5 -6 -7
leaf_value=0.00060175369129548376 9.9199472181851843e-05 -0.0011519162961272785 -0.0004232786207822769 0.0008025704546342151 7.857520626686974e-05 0.0003119590463811165
leaf_weight=65 28 57 37 112 55 145
leaf_count=65 28 57 37 112 55 145
internal_value=0.000141964 -0.00025192 2.78057e-05 0.000465982 0.000309796 0.000247808
internal_weight=499 214 157 285 120 173
internal_count=499 214 157 285 120 173
cat_boundaries=0 1
cat_threshold=34743571
is_linear=0
shrinkage=0.0167612


Tree=315
num_leaves=7
num_cat=1
split_feature=0 204 46 29 67 39
split_gain=0.101249 0.0874316 0.0512553 0.0384496 0.0332143 0.00495079
threshold=0 1.0000000180025095e-35 47.000000000000007 1.0000000180025095e-35 28.500000000000004 29908.59927733985
decision_type=9 8 10 10 8 10
left_child=4 2 3 -2 -1 -4
right_child=1 -3 5 -5 -6 -7
leaf_value=0.00015577293727003544 8.1160457750280703e-05 -0.00033481301284639891 -4.5579949309831114e-05 0.00041992236862021241 0.00080724542131178163 -0.00026256928140968721
leaf_weight=45 49 114 27 166 66 32
leaf_count=45 49 114 27 166 66 32
internal_value=0.000138605 6.36994e-06 0.000155706 0.000293934 0.00050276 -0.000111424
internal_weight=499 388 274 215 111 59
internal_count=499 388 274 215 111 59
cat_boundaries=0 1
cat_threshold=4246020
is_linear=0
shrinkage=0.0167612


Tree=316
num_leaves=8
num_cat=0
split_feature=13 13 148 200 150 43 201
split_gain=0.118218 0.122083 0.11335 0.0949218 0.0455063 0.0368014 0.0329455
threshold=1001400.8989583334 497982.12994350289 1.0000000180025095e-35 24.405555555555559 1.0000000180025095e-35 1.0000000180025095e-35 432390.34722222231
decision_type=2 2 10 10 10 10 10
left_child=1 2 4 5 -1 -3 -2
right_child=6 3 -4 -5 -6 -7 -8
leaf_value=0.00044262876505668346 -0.00067627226133656015 -0.00053477469187872013 7.6790474518070672e-05 0.00039861427352854778 0.0010779466772967235 -4.8448477418442718e-05 -0.00014556117134122064
leaf_weight=128 39 60 47 56 61 81 27
leaf_count=128 39 60 47 56 61 81 27
internal_value=0.00013571 0.000247267 0.000492921 7.45912e-06 0.00068881 -0.000258412 -0.000355836
internal_weight=499 433 236 197 189 141 66
internal_count=499 433 236 197 189 141 66
is_linear=0
shrinkage=0.0167612


Tree=317
num_leaves=7
num_cat=0
split_feature=13 9 138 29 161 58
split_gain=0.0975762 0.0540881 0.0486108 0.0417804 0.0115252 0.00746188
threshold=941923.35459183692 1.0000000180025095e-35 1.0000000180025095e-35 1.0000000180025095e-35 0.88318413151846231 92.500000000000014
decision_type=2 2 10 8 10 10
left_child=1 2 3 -1 -3 -2
right_child=5 4 -4 -5 -6 -7
leaf_value=0.00012144179922998664 -0.00046506649728633384 -0.00019985536468782145 6.9866625916905476e-05 0.00050470589065331384 2.6082563881067861e-06 -0.00010995203691132124
leaf_weight=46 48 54 38 259 25 29
leaf_count=46 48 54 38 259 25 29
internal_value=0.000132955 0.000242619 0.000340274 0.000420327 -8.30957e-06 -0.000280552
internal_weight=499 422 343 305 79 77
internal_count=499 422 343 305 79 77
is_linear=0
shrinkage=0.0167612


Tree=318
num_leaves=10
num_cat=0
split_feature=9 13 134 189 65 125 91 218 134
split_gain=0.0523232 0.110221 0.113636 0.046975 0.0300407 0.0293873 0.0225599 0.0216864 0.00528406
threshold=1.0000000180025095e-35 644410.68376068387 1.0000000180025095e-35 119.50000000000001 303970.090909091 36.500000000000007 43.500000000000007 0.12479185904202039 1.0000000180025095e-35
decision_type=2 2 8 8 8 8 8 8 8
left_child=1 2 4 7 -1 -4 -2 -3 -5
right_child=6 3 5 8 -6 -7 -8 -9 -10
leaf_value=0.0002365072884672235 -4.2327954220124814e-05 0.0004659421425695104 0.0010516582295732049 -8.8031586191728958e-05 -0.0002320655766375479 0.00044374965672116422 -0.00037148774187135665 8.3169635985165928e-05 -0.00035064787037075533
leaf_weight=35 42 28 56 35 44 101 47 27 84
leaf_count=35 42 28 56 35 44 101 47 27 84
internal_value=0.000129505 0.000216995 0.000445062 -3.05252e-05 8.51511e-05 0.000698089 -0.000137444 0.000203315 -0.00025288
internal_weight=499 410 236 174 79 157 89 55 119
internal_count=499 410 236 174 79 157 89 55 119
is_linear=0
shrinkage=0.0167612


Tree=319
num_leaves=7
num_cat=1
split_feature=0 212 161 202 22 187
split_gain=0.175903 0.115991 0.0724859 0.0373476 0.0183916 0.014776
threshold=0 1.0000000180025095e-35 0.99999999995938382 5.5000000000000009 1.0000000180025095e-35 0.075498575498575457
decision_type=9 8 10 10 10 8
left_child=3 2 4 -1 -2 -4
right_child=1 -3 5 -5 -6 -7
leaf_value=0.00070174111785857888 0.00044232420572469256 -0.00059717283311736609 -0.00042879060093735746 0.00019974468089916105 0.00011494062254102446 -8.3181604047681329e-05
leaf_weight=114 87 76 47 110 30 35
leaf_count=114 87 76 47 110 30 35
internal_value=0.000127311 -0.000118658 2.19337e-05 0.000447106 0.000299431 -0.000238948
internal_weight=499 275 199 224 117 82
internal_count=499 275 199 224 117 82
cat_boundaries=0 1
cat_threshold=4508268
is_linear=0
shrinkage=0.0167612


Tree=320
num_leaves=9
num_cat=0
split_feature=14 4 6 191 206 7 115 45
split_gain=0.0339526 0.0675038 0.0836034 0.0480773 0.0334889 0.0241784 0.0126651 0.00641646
threshold=10.000000000000002 152.50000000000003 1.5000000000000002 1.0000000180025095e-35 1.0000000180025095e-35 1.0000000180025095e-35 298157.7286252288 4.9000000000000012
decision_type=2 2 2 10 10 2 8 8
left_child=4 2 3 -2 -1 7 -4 -3
right_child=1 5 6 -5 -6 -7 -8 -9
leaf_value=-9.1256375145320307e-05 0.0002914049954060152 3.0796178827100868e-05 -0.00076163389981458358 -0.00015080442752032555 -0.00061943143126334192 0.00059191383143905303 -0.00021567038787175644 0.00017907022722374037
leaf_weight=43 97 43 39 81 33 43 53 54
leaf_count=43 97 43 39 81 33 43 53 54
internal_value=-3.04685e-05 8.90799e-06 -0.000113682 3.33109e-05 -0.000301203 0.000291741 -0.000474676 0.000101647
internal_weight=486 410 270 178 76 140 92 97
internal_count=486 410 270 178 76 140 92 97
is_linear=0
shrinkage=0.0167612


Tree=321
num_leaves=10
num_cat=0
split_feature=13 10 123 103 165 7 189 119 126
split_gain=0.184933 0.137118 0.112446 0.08795 0.103576 0.0512446 0.0218634 0.0279674 0.00179814
threshold=423825.22398589068 -0.6830127018922193 46.000000000000007 1.0000000180025095e-35 18.952380952380956 1.0000000180025095e-35 78.000000000000014 662660.83353494632 1.0000000180025095e-35
decision_type=2 2 10 10 8 2 8 10 8
left_child=1 -1 5 -3 -5 8 -4 -8 -2
right_child=2 3 6 4 -6 -7 7 -9 -10
leaf_value=0.0009847846257428519 -0.0013301950896772723 0.00038043908917250385 0.00023488112577434983 -8.2910051895000508e-05 -0.00089435260257595393 -0.00021250974648396397 -9.6831400745451089e-07 -0.00029568247409560204 -0.00063890592889691202
leaf_weight=43 24 79 26 25 25 39 81 94 50
leaf_count=43 24 79 26 25 25 39 81 94 50
internal_value=-3.00201e-05 0.000350949 -0.000274709 7.5071e-05 -0.000306786 -0.000655936 -2.71289e-05 -0.000108917 -0.000935625
internal_weight=486 172 314 129 50 113 201 175 74
internal_count=486 172 314 129 50 113 201 175 74
is_linear=0
shrinkage=0.0167612


Tree=322
num_leaves=9
num_cat=0
split_feature=4 2 51 176 201 64 44 203
split_gain=0.0172377 0.054219 0.0571824 0.0949213 0.0409338 0.0344507 0.0204558 0.0198846
threshold=244.00000000000003 2024.5000000000002 1.0000000180025095e-35 5.5000000000000009 338892.70000000007 1090171.2385487531 0.78436040848693289 0.12158167036215817
decision_type=2 2 10 10 8 8 10 8
left_child=1 2 3 -1 -3 -6 -4 -2
right_child=7 4 6 -5 5 -7 -8 -9
leaf_value=-9.06810115057569e-05 0.000380891963404966 -0.00025307112852154058 0.00024251583786579479 -0.00089818188800164179 3.6245409026907772e-05 0.00036079591283412618 -0.00012547291272651303 3.3766625214591214e-05
leaf_weight=85 29 24 36 57 41 124 38 52
leaf_count=85 29 24 36 57 41 124 38 52
internal_value=-2.84352e-05 -8.58465e-05 -0.000265889 -0.000460023 7.02712e-05 0.000208991 -5.36151e-05 0.000127711
internal_weight=486 405 216 142 189 165 74 81
internal_count=486 405 216 142 189 165 74 81
is_linear=0
shrinkage=0.0167612


Tree=323
num_leaves=9
num_cat=0
split_feature=64 13 95 123 7 30 66 6
split_gain=0.0150652 0.226698 0.120922 0.102973 0.0944182 0.0684148 0.0472297 0.0179236
threshold=1052744.4791666667 451273.17209450837 1.0000000180025095e-35 26.000000000000004 1.0000000180025095e-35 30.500000000000004 37.500000000000007 1.5000000000000002
decision_type=8 2 10 10 2 10 8 2
left_child=5 2 6 4 -3 -1 -2 -5
right_child=1 3 -4 7 -6 -7 -8 -9
leaf_value=-0.00062974610236892349 0.001071830492565855 -0.0011503312937448393 -9.386940645871344e-05 -0.00015667717073457302 -0.00024731955166465755 -9.4576777923223536e-06 0.00039192577196332849 0.00014616509906653367
leaf_weight=36 44 51 31 100 36 33 114 41
leaf_count=36 44 51 31 100 36 33 114 41
internal_value=-2.83666e-05 -1.21689e-06 0.000401365 -0.000320227 -0.000723683 -0.000213521 0.000632797 -3.74801e-05
internal_weight=486 417 189 228 87 69 158 141
internal_count=486 417 189 228 87 69 158 141
is_linear=0
shrinkage=0.0167612


Tree=324
num_leaves=6
num_cat=0
split_feature=14 95 176 24 189
split_gain=0.0342391 0.0881026 0.011968 0.0339514 0.0204155
threshold=18.000000000000004 1.0000000180025095e-35 22.000000000000004 3.108974358974359 219.50000000000003
decision_type=2 8 10 8 8
left_child=1 2 4 -4 -1
right_child=-2 -3 3 -5 -6
leaf_value=0.00010707884570243802 0.00021035642119626615 -0.00046094679884113858 5.0126918296591739e-06 0.0003540782002471598 -0.00018672107365063948
leaf_weight=46 79 109 61 78 113
leaf_count=46 79 109 61 78 113
internal_value=-2.7977e-05 -0.000103247 8.88995e-06 0.000133517 -4.06307e-05
internal_weight=486 407 298 139 159
internal_count=486 407 298 139 159
is_linear=0
shrinkage=0.0167612


Tree=325
num_leaves=9
num_cat=0
split_feature=13 23 86 112 108 51 181 7
split_gain=0.087044 0.150135 0.057679 0.0446875 0.0204007 0.018652 0.0164187 0.0138683
threshold=356883.9378531074 900.00000000000011 0.99999999998731659 1.0000000180025095e-35 7.5000000000000009 1.0000000180025095e-35 1.0000000180025095e-35 1.0000000180025095e-35
decision_type=2 10 8 10 10 10 10 2
left_child=1 -1 6 7 -3 -5 -2 -4
right_child=2 4 3 5 -6 -7 -8 -9
leaf_value=0.00074448144693880396 0.00036035777060948899 -0.00041715621540673619 -0.00047198813410638085 -0.00011579380013279233 -5.0370824287866398e-05 0.00024450763983312608 4.76225205040997e-05 -9.7428053440975538e-05
leaf_weight=74 34 26 183 28 24 30 31 56
leaf_count=74 34 26 183 28 24 30 31 56
internal_value=-2.72226e-05 0.000287878 -0.000168336 -0.000282625 -0.000115051 -6.60957e-05 0.000126609 -0.000389339
internal_weight=486 124 362 297 50 58 65 239
internal_count=486 124 362 297 50 58 65 239
is_linear=0
shrinkage=0.0167612


Tree=326
num_leaves=7
num_cat=1
split_feature=0 124 97 39 17 17
split_gain=0.0386978 0.0386164 0.0262047 0.0335601 0.0225272 0.0102902
threshold=0 -0.59395280910697967 1.0000000180025095e-35 16880.957842993757 1.0000000180025095e-35 1.0000000180025095e-35
decision_type=9 8 10 10 8 10
left_child=4 5 3 -3 -1 -2
right_child=1 2 -4 -5 -6 -7
leaf_value=4.7854403564357157e-05 0.00029341745415117806 -8.7691535810410192e-06 -0.00052643556230919325 -0.00041666084063748682 0.00042352366498554154 5.3778907008117009e-05
leaf_weight=54 40 227 45 46 50 24
leaf_count=54 40 227 45 46 50 24
internal_value=-2.61544e-05 -0.000115611 -0.000208716 -0.000115272 0.000186113 0.000122835
internal_weight=486 382 318 273 104 64
internal_count=486 382 318 273 104 64
cat_boundaries=0 1
cat_threshold=4474888
is_linear=0
shrinkage=0.0167612


Tree=327
num_leaves=6
num_cat=0
split_feature=64 77 6 110 51
split_gain=0.0400009 0.0508336 0.05926 0.145563 0.126924
threshold=764338.85064935079 1.377416054969044 1.5000000000000002 1.0000000180025095e-35 1.0000000180025095e-35
decision_type=8 8 2 10 8
left_child=-1 -2 4 -4 -3
right_child=1 2 3 -5 -6
leaf_value=-0.00039020954064053823 0.00042532844519275413 -0.00054503661144799417 -1.3131866365492556e-05 0.00084312478007004176 6.3722844357504295e-05
leaf_weight=41 39 127 98 38 143
leaf_count=41 39 127 98 38 143
internal_value=-2.58765e-05 2.14389e-06 -3.34961e-05 0.000192046 -0.000186994
internal_weight=486 445 406 136 270
internal_count=486 445 406 136 270
is_linear=0
shrinkage=0.0167612


Tree=328
num_leaves=8
num_cat=0
split_feature=26 6 54 4 13 154 200
split_gain=0.0550494 0.0909361 0.0837892 0.0494046 0.0410349 0.0692358 0.0356423
threshold=1.9100000000000004 1.0000000180025095e-35 1.0000000180025095e-35 132.00000000000003 413877.09027777787 1.0000000180025095e-35 48.405660377358494
decision_type=8 2 10 2 2 10 10
left_child=3 4 6 -1 -2 -6 -3
right_child=1 2 -4 -5 5 -7 -8
leaf_value=0.00078803888455538512 -0.00014135041732569803 -0.00010740493856751416 0.000598556783817591 0.00016653788626882352 -0.0012422838260704545 -0.00030737010685814663 0.00031233213014576349
leaf_weight=26 43 306 29 24 27 28 26
leaf_count=26 43 306 29 24 27 28 26
internal_value=-1.82362e-06 -7.51233e-05 1.85061e-05 0.000380384 -0.000466545 -0.000767836 -3.04286e-05
internal_weight=509 459 361 50 98 55 332
internal_count=509 459 361 50 98 55 332
is_linear=0
shrinkage=0.0167612


Tree=329
num_leaves=10
num_cat=0
split_feature=11 94 11 176 3 85 181 82 97
split_gain=0.037362 0.0732094 0.0395055 0.112931 0.0575934 0.0678966 0.0482707 0.0426132 0.00300646
threshold=-0.68301270189221952 34.500000000000007 0.6830127018922193 22.000000000000004 6.5000000000000009 0.25320512820512825 1.0000000180025095e-35 451821.55172413803 1.0000000180025095e-35
decision_type=2 8 2 8 2 8 10 10 8
left_child=1 -1 4 -4 7 -6 -5 -2 -3
right_child=2 8 3 6 5 -7 -8 -9 -10
leaf_value=0.00060737847248616651 -0.00044593793322581003 -0.00010566059439650602 8.9273939714874733e-05 -0.00028633563264326235 -0.00013260025666434448 0.00044024416343017435 -0.0010862023766080831 -5.4120047130129067e-05 1.1360607884263999e-05
leaf_weight=50 80 24 37 51 27 114 35 43 48
leaf_count=50 80 24 37 51 27 114 35 43 48
internal_value=-7.9862e-07 0.000205692 -9.39976e-05 -0.000315571 -6.21481e-06 0.000220645 -0.000654136 -0.000216162 4.05363e-05
internal_weight=509 122 387 123 264 141 86 123 72
internal_count=509 122 387 123 264 141 86 123 72
is_linear=0
shrinkage=0.0167612


Tree=330
num_leaves=9
num_cat=0
split_feature=11 46 47 44 92 151 222 38
split_gain=0.088405 0.0600534 0.0750535 0.0517612 0.0906098 0.0604979 0.0176762 0.0145993
threshold=1.0000000180025095e-35 32.500000000000007 0.75000000000000011 0.76036323944642825 5.5000000000000009 1.0000000180025095e-35 1.0000000180025095e-35 1.0000000180025095e-35
decision_type=2 10 10 8 10 8 8 10
left_child=1 2 6 -2 5 -5 -1 -3
right_child=3 7 -4 4 -6 -7 -8 -9
leaf_value=0.00028030408238327391 0.0001232425680886103 -0.00034219296202744529 0.00085300328994519792 -0.00082986746229491814 2.5020477132553354e-05 -0.00018275507467425094 2.7589156208000392e-05 -4.7282629471953659e-05
leaf_weight=81 24 30 38 86 54 89 83 24
leaf_count=81 24 30 38 86 54 89 83 24
internal_value=-3.92502e-07 0.000188057 0.000341216 -0.000223157 -0.000335034 -0.000526169 0.000150106 -0.000107997
internal_weight=509 256 202 253 229 175 164 54
internal_count=509 256 202 253 229 175 164 54
is_linear=0
shrinkage=0.0167612


Tree=331
num_leaves=10
num_cat=0
split_feature=13 123 150 130 109 6 137 66 6
split_gain=0.186966 0.0936348 0.083252 0.035162 0.0380022 0.0369633 0.035097 0.0147199 0.0177593
threshold=465383.40666666668 26.000000000000004 1.0000000180025095e-35 18.500000000000004 224358.07418699187 1.5000000000000002 0.63333333333333341 12.500000000000002 1.5000000000000002
decision_type=2 8 10 10 10 2 10 10 2
left_child=2 -2 7 5 -5 -3 -4 8 -1
right_child=1 3 6 4 -6 -7 -8 -9 -10
leaf_value=0.00033143120722284314 -0.00086369757290625788 -0.00049964097773989088 0.00036487160220100153 -0.000147440716908331 0.00029676424539080867 -6.5983834110929003e-05 0.0011839777619780639 -5.726282334969867e-05 6.2790675343513426e-05
leaf_weight=68 35 85 37 62 60 64 32 30 36
leaf_count=68 35 85 37 62 60 64 32 30 36
internal_value=0 -0.00026236 0.000346668 -0.000137583 7.15067e-07 -0.000291925 0.000764186 9.19426e-05 0.000183732
internal_weight=509 306 203 271 122 149 69 134 104
internal_count=509 306 203 271 122 149 69 134 104
is_linear=0
shrinkage=0.0167612


Tree=332
num_leaves=8
num_cat=0
split_feature=10 28 112 115 58 110 218
split_gain=0.0205107 0.069027 0.0475423 0.0331461 0.0405405 0.125441 0.0144695
threshold=1.0000000180025095e-35 18.425925925925931 1.0000000180025095e-35 85829.896681137732 304.50000000000006 1.0000000180025095e-35 0.10000061110867278
decision_type=2 10 10 8 8 10 10
left_child=3 2 -2 -1 6 -6 -5
right_child=1 -3 -4 4 5 -7 -8
leaf_value=-0.00017536907392796396 -0.00042341282430337558 0.00031967973851174851 -5.3412085237237552e-05 1.0038076451311943e-06 7.1148991649153909e-05 0.0010034441165246452 -0.00025625495821463327
leaf_weight=41 145 29 70 45 123 30 26
leaf_count=41 145 29 70 45 123 30 26
internal_value=0 -0.000117382 -0.000253451 7.89563e-05 0.00018368 0.000340252 3.42061e-06
internal_weight=509 244 215 265 224 153 71
internal_count=509 244 215 265 224 153 71
is_linear=0
shrinkage=0.0167612


Tree=333
num_leaves=7
num_cat=0
split_feature=11 13 121 200 115 115
split_gain=0.0434226 0.0977943 0.0492078 0.0460099 0.0443689 0.0311908
threshold=-0.5 249612.22396605703 1.0000000180025095e-35 34.654471544715456 100885.24688272971 207159.41293975781
decision_type=2 2 10 8 10 10
left_child=2 -2 -1 -4 -3 -6
right_child=1 4 3 -5 5 -7
leaf_value=2.8757801744971536e-05 0.00034966553527586452 -0.00039363905028705939 0.00020623901835710925 0.00079059217333357797 0.00019250172281190428 -0.00028383891460255359
leaf_weight=101 50 201 25 42 63 27
leaf_count=101 50 201 25 42 63 27
internal_value=0 -0.000117604 0.000184159 0.000482099 -0.00025663 -4.41304e-05
internal_weight=509 341 168 67 291 90
internal_count=509 341 168 67 291 90
is_linear=0
shrinkage=0.0167612


Tree=334
num_leaves=8
num_cat=1
split_feature=0 17 105 187 24 13 189
split_gain=0.168303 0.0932458 0.0624337 0.0523788 0.0519931 0.10569 0.0295612
threshold=0 1.0000000180025095e-35 115102.3498091876 0.090097402597402565 4.7666666666666675 238015.73506944449 118.00000000000001
decision_type=9 10 10 10 8 2 8
left_child=1 -1 4 6 -2 -6 -4
right_child=2 -3 3 -5 5 -7 -8
leaf_value=-0.00093977070373174837 5.0497039961095686e-05 -0.00016334045502815032 -0.00012545658422685686 0.000145229711022587 0.0010671222107215793 0.00022556333731643549 -0.00068043384489929911
leaf_weight=63 74 39 39 29 29 199 37
leaf_count=63 74 39 39 29 29 199 37
internal_value=0 -0.000504169 0.00013565 -0.000114535 0.000271786 0.000400745 -0.000387236
internal_weight=509 102 407 105 302 228 76
internal_count=509 102 407 105 302 228 76
cat_boundaries=0 1
cat_threshold=36864128
is_linear=0
shrinkage=0.0167612


Tree=335
num_leaves=8
num_cat=0
split_feature=200 5 204 4 22 64 115
split_gain=0.0452075 0.0955451 0.0785861 0.058152 0.0456705 0.018139 0.00175629
threshold=38.060947204968954 1.5000000000000002 1.0000000180025095e-35 285.00000000000006 1.0000000180025095e-35 1325899.4930303034 108329.44439651161
decision_type=8 2 8 2 10 8 10
left_child=4 2 -2 5 6 -3 -1
right_child=1 3 -4 -5 -6 -7 -8
leaf_value=-0.00022323763196939762 -0.00010088363916135164 -6.9294410961064933e-05 -0.00072656688929684872 0.00068861244588758674 -2.4793512529882292e-05 0.00017297734042379985 -0.00065693410634333656
leaf_weight=62 38 29 45 40 28 226 41
leaf_count=62 38 29 45 40 28 226 41
internal_value=0 7.48656e-05 -0.000305991 0.000230713 -0.000248188 0.000111148 -0.000443983
internal_weight=509 378 83 295 131 255 103
internal_count=509 378 83 295 131 255 103
is_linear=0
shrinkage=0.0167612


Tree=336
num_leaves=8
num_cat=0
split_feature=200 51 119 17 109 56 205
split_gain=0.0435532 0.133153 0.11606 0.0609806 0.035421 0.0321209 0.0311322
threshold=63.20000000000001 1.0000000180025095e-35 940157.77604166686 1.0000000180025095e-35 224358.07418699187 1.5000000000000002 1.0000000180025095e-35
decision_type=8 10 10 10 10 10 10
left_child=2 3 4 5 6 -2 -1
right_child=1 -3 -4 -5 -6 -7 -8
leaf_value=-0.00039119545672115796 -1.4182581790921461e-05 0.00072802848787487627 -0.00083794927421408563 0.00039761265151401541 0.0002891154363629821 -0.00035668922809248233 -4.2185737708695024e-05
leaf_weight=54 145 51 26 46 44 79 47
leaf_count=54 145 51 26 46 44 79 47
internal_value=3.5966e-06 0.000128572 -0.000174033 8.32405e-06 -1.98715e-05 -0.00012421 -0.000148268
internal_weight=492 321 171 270 145 224 101
internal_count=492 321 171 270 145 224 101
is_linear=0
shrinkage=0.0167612


Tree=337
num_leaves=10
num_cat=0
split_feature=9 11 76 165 97 12 29 171 82
split_gain=0.0562753 0.0616274 0.067176 0.0572802 0.0475436 0.0343659 0.0196972 0.0124538 0.00886493
threshold=1.0000000180025095e-35 -0.24999999999999994 2.5000000000000004 34.654471544715456 1.0000000180025095e-35 1.0000000180025095e-35 1.0000000180025095e-35 1.0000000180025095e-35 636923.58478669252
decision_type=2 2 8 8 8 2 10 10 10
left_child=1 3 5 8 -5 -3 -4 -2 -1
right_child=7 2 6 4 -6 -7 -8 -9 -10
leaf_value=4.8278196293887429e-05 -8.2713271701933107e-05 3.4517952393341202e-05 -0.00010180749907073448 0.00083764265968497363 0.00018484407041193765 0.00049498499846018374 -0.00059661959701747935 -0.00056652149840362952 -0.0001767842844045401
leaf_weight=29 51 72 74 57 78 33 42 32 24
leaf_count=29 51 72 74 57 78 33 42 32 24
internal_value=3.83467e-06 9.85566e-05 -4.29462e-05 0.000313583 0.000501887 0.000167488 -0.000320847 -0.000308409 8.17547e-05
internal_weight=492 409 221 188 135 105 116 83 53
internal_count=492 409 221 188 135 105 116 83 53
is_linear=0
shrinkage=0.0167612


Tree=338
num_leaves=9
num_cat=0
split_feature=11 46 96 216 86 216 204 82
split_gain=0.0974865 0.0883788 0.109196 0.0318918 0.0347802 0.0470418 0.0214126 0.00364775
threshold=-0.5 3.5000000000000004 1.0000000180025095e-35 205562.19058877704 0.9498930148642134 992828.36704595655 1.0000000180025095e-35 712677.20458049898
decision_type=2 10 8 10 10 10 8 10
left_child=1 2 -1 6 -5 -6 -2 -3
right_child=3 7 -4 4 5 -7 -8 -9
leaf_value=0.0011420523486310933 -6.531092048659337e-05 1.4189316631647834e-05 0.00017561224216630281 0.00031244217159385486 -1.9493671254766599e-05 -0.00052715993080289659 -0.00043076858661564738 -0.00012469906384165002
leaf_weight=42 64 33 64 42 89 25 108 25
leaf_count=42 64 33 64 42 89 25 108 25
internal_value=3.04425e-06 0.000318676 0.000608077 -0.000138023 -1.47674e-05 -0.000112318 -0.000288948 3.92419e-05
internal_weight=492 164 106 328 156 114 172 58
internal_count=492 164 106 328 156 114 172 58
is_linear=0
shrinkage=0.0167612


Tree=339
num_leaves=9
num_cat=1
split_feature=0 11 10 200 124 12 6 105
split_gain=0.136544 0.0778404 0.11733 0.084072 0.0721333 0.0430514 0.0177888 0.00528349
threshold=0 -0.5 -0.6830127018922193 0.87500000000000011 -0.18365502072588386 1.0000000180025095e-35 1.5000000000000002 223905.01755796268
decision_type=9 2 2 10 10 2 2 8
left_child=4 6 -3 -4 5 7 -2 -1
right_child=1 2 3 -5 -6 -7 -8 -9
leaf_value=5.1640352621595436e-05 1.1769026807330515e-05 -3.9428679468579236e-05 -0.0010079150171594324 -0.00020673863507103982 -6.8131162549891653e-05 0.00080093133153170525 0.00028745071873721457 0.00030964373016500823
leaf_weight=67 44 48 84 45 35 61 38 70
leaf_count=67 44 48 84 45 35 61 38 70
internal_value=2.90587e-06 -0.000223884 -0.000438079 -0.000704489 0.00028523 0.000451763 3.94748e-05 0.000236755
internal_weight=492 259 177 129 233 198 82 137
internal_count=492 259 177 129 233 198 82 137
cat_boundaries=0 1
cat_threshold=191092
is_linear=0
shrinkage=0.0167612


Tree=340
num_leaves=9
num_cat=0
split_feature=9 152 17 130 115 181 78 46
split_gain=0.052794 0.0717653 0.0639033 0.0483064 0.0382459 0.0282913 0.0263724 0.0216357
threshold=1.0000000180025095e-35 56.500000000000007 1.0000000180025095e-35 21.500000000000004 179328.99260916823 1.0000000180025095e-35 1.0000000180025095e-35 60.500000000000007
decision_type=2 10 10 10 8 8 8 10
left_child=1 2 5 -4 -2 -1 -6 -3
right_child=4 7 3 -5 6 -7 -8 -9
leaf_value=0.00038239509201901941 -0.0001170113678950991 -0.00013723531390819353 0.00023481898947211275 0.0010440744113634573 -0.00089720910282239323 4.9317910507228303e-06 -0.00021891965133289561 -0.0006279008456552351
leaf_weight=34 29 24 30 28 25 268 29 25
leaf_count=34 29 24 30 28 25 268 29 25
internal_value=3.34236e-06 9.56065e-05 0.000196412 0.000611724 -0.000298565 7.56477e-05 -0.000558592 -0.000313455
internal_weight=492 409 360 58 83 302 54 49
internal_count=492 409 360 58 83 302 54 49
is_linear=0
shrinkage=0.0167612


Tree=341
num_leaves=10
num_cat=1
split_feature=0 24 17 216 175 5 205 15 45
split_gain=0.132296 0.0870845 0.0523895 0.0866029 0.0277492 0.0205908 0.0125585 0.00831163 0.000348729
threshold=0 3.2565789473684217 1.0000000180025095e-35 921222.02706128766 473154.20581395359 1.5000000000000002 1.0000000180025095e-35 1.0000000180025095e-35 3.2440476190476195
decision_type=9 8 10 8 10 2 10 2 8
left_child=1 8 3 6 -4 -5 -2 -3 -1
right_child=2 7 4 5 -6 -7 -8 -9 -10
leaf_value=8.0948169157013675e-06 -4.7716990854886837e-05 0.00031303795184510843 0.00033638636749583572 -0.0009816286771974997 -6.8900058400288492e-05 -0.00039411273884269016 0.00021523075564835315 0.00076972275056613748 -4.5823828813842595e-05
leaf_weight=28 37 90 33 36 29 100 24 63 52
leaf_count=28 37 90 33 36 29 100 24 63 52
internal_value=3.36149e-06 0.000281441 -0.000219596 -0.000376531 1.05191e-05 -0.000605317 -7.91129e-05 0.000530559 2.02215e-05
internal_weight=492 233 259 197 62 136 61 153 80
internal_count=492 233 259 197 62 136 61 153 80
cat_boundaries=0 1
cat_threshold=191096
is_linear=0
shrinkage=0.0167612


Tree=342
num_leaves=10
num_cat=1
split_feature=1 75 224 86 87 130 145 152 5
split_gain=0.0661155 0.173864 0.0553313 0.0433627 0.0410225 0.0531373 0.0201152 0.0131234 0.00730618
threshold=0 1.0000000180025095e-35 3.0000000000000004 0.619193434042278 639777.77777777787 19.500000000000004 1.0000000180025095e-35 37.500000000000007 1.5000000000000002
decision_type=1 8 10 10 8 10 10 10 2
left_child=1 3 8 -1 5 -4 -6 -5 -2
right_child=2 -3 4 7 6 -7 -8 -9 -10
leaf_value=0.00041607567789780475 0.00013842563740369039 -0.00083172454343899698 0.00066385591619054854 -1.831242651651203e-05 -0.00039612800758344677 9.2238010269569531e-05 -4.5011270386728042e-05 -0.00024972537704440374 0.00046503273841111582
leaf_weight=37 32 58 25 37 55 32 61 37 118
leaf_count=37 32 58 25 37 55 32 61 37 118
internal_value=2.94374e-06 -0.000215226 0.000150759 3.19406e-05 1.46996e-05 0.000250158 -0.000191914 -5.45639e-05 0.000375423
internal_weight=492 169 323 111 173 57 116 74 150
internal_count=492 169 323 111 173 57 116 74 150
cat_boundaries=0 1
cat_threshold=11
is_linear=0
shrinkage=0.0167612


Tree=343
num_leaves=7
num_cat=0
split_feature=216 56 159 6 99 3
split_gain=0.0450956 0.0825547 0.0728756 0.08639 0.0491333 0.0175252
threshold=838189.79857625149 2.5000000000000004 39.500000000000007 1.5000000000000002 22.500000000000004 4.5000000000000009
decision_type=10 10 8 2 10 2
left_child=1 2 3 -1 -2 -4
right_child=4 -3 5 -5 -6 -7
leaf_value=0.00010217449007954994 -0.00067291494331603633 -0.00042571921609618865 -0.00018931203050959002 0.0008106098614159813 -9.3560159260273174e-05 6.8110132101789831e-05
leaf_weight=116 32 33 77 68 40 126
leaf_count=116 32 33 77 68 40 126
internal_value=2.55006e-06 8.37799e-05 0.000174036 0.000400081 -0.00029379 1.44712e-05
internal_weight=492 420 387 184 72 203
internal_count=492 420 387 184 72 203
is_linear=0
shrinkage=0.0167612


Tree=344
num_leaves=8
num_cat=0
split_feature=13 43 156 203 82 161 112
split_gain=0.121749 0.0817555 0.0773135 0.0517447 0.0335721 0.0258569 0.0108739
threshold=356883.9378531074 1.0000000180025095e-35 1.0000000180025095e-35 0.060661764705882353 940157.77604166686 1.3045149531082034 1.0000000180025095e-35
decision_type=2 10 8 8 8 8 10
left_child=2 -2 6 4 -3 -5 -1
right_child=1 3 -4 5 -6 -7 -8
leaf_value=0.00012884271266503297 -0.00049761674227819343 -6.9318031478417803e-05 0.00067680577430730409 4.5667364302449591e-05 -0.00057415312328120294 0.00035126179002595786 -0.00016501729330207704
leaf_weight=27 152 55 65 50 40 80 31
leaf_count=27 152 55 65 50 40 80 31
internal_value=-6.38338e-05 -0.000221092 0.000313514 -1.69573e-05 -0.000273298 0.000167834 7.64077e-05
internal_weight=500 377 123 225 95 130 58
internal_count=500 377 123 225 95 130 58
is_linear=0
shrinkage=0.0167612


Tree=345
num_leaves=8
num_cat=0
split_feature=77 13 226 217 195 216 203
split_gain=0.0527041 0.103108 0.0758962 0.060341 0.0685358 0.0414156 0.0207624
threshold=1.0792101401999441 350297.35862248793 1.0000000180025095e-35 1.0000000180025095e-35 1.5000000000000002 893238.68230093701 0.47727272727272729
decision_type=8 2 8 10 8 8 8
left_child=-1 2 5 4 -3 -2 -5
right_child=1 3 -4 6 -6 -7 -8
leaf_value=0.00037681860062448202 0.00017583895777053453 -7.0850387864522253e-05 0.00061293499090513787 -0.00013035709571996562 -0.00055719053474433914 -0.00037472736597225976 0.00020835202242315228
leaf_weight=25 33 24 57 87 200 28 46
leaf_count=25 33 24 57 87 200 28 46
internal_value=-6.28389e-05 -0.000119495 0.000220901 -0.000269476 -0.000432587 3.82426e-05 -3.32035e-05
internal_weight=500 475 118 357 224 61 133
internal_count=500 475 118 357 224 61 133
is_linear=0
shrinkage=0.0167612


Tree=346
num_leaves=9
num_cat=0
split_feature=194 46 105 176 165 83 39 87
split_gain=0.0234743 0.0510391 0.0758695 0.0626189 0.0501722 0.0385295 0.013522 0.000814811
threshold=2.5000000000000004 40.500000000000007 131396.98050317727 27.500000000000004 31.490000000000006 1.0000000180025095e-35 28689.717663139312 457315.0301496968
decision_type=10 8 10 10 10 8 8 10
left_child=1 5 3 -3 7 -1 -6 -2
right_child=4 2 -4 -5 6 -7 -8 -9
leaf_value=0.00048413688704751641 0.00012410516854293358 -0.00024759804659285346 -0.00080260075609861535 0.00025642109226913786 -0.00038113885870604447 5.9709631568892962e-05 -6.7860915428171056e-05 0.00050375381542882007
leaf_weight=35 55 221 31 42 27 26 26 37
leaf_count=35 55 221 31 42 27 26 26 37
internal_value=-6.03172e-05 -0.000140234 -0.00024639 -0.000124205 6.86227e-05 0.000147652 -0.000162261 0.000319047
internal_weight=500 355 294 263 145 61 53 92
internal_count=500 355 294 263 145 61 53 92
is_linear=0
shrinkage=0.0167612


Tree=347
num_leaves=8
num_cat=0
split_feature=26 55 41 34 20 195 216
split_gain=0.0631539 0.0598088 0.0233845 0.0338869 0.0944738 0.0067568 0.00625022
threshold=2.0350000000000006 658660.83353494632 1.0000000180025095e-35 337070.70967741945 1.0000000180025095e-35 1.0000000180025095e-35 757604.80059967737
decision_type=8 10 10 8 8 10 8
left_child=1 -1 3 -2 -5 -4 -7
right_child=2 -3 5 4 -6 6 -8
leaf_value=0.00078088750355694546 -1.2525603762842432e-05 0.00010957688246130547 0.00014838484836117604 -0.00067676578939372851 -4.9586106531447166e-05 -0.0001637317976595261 -7.4209120820088176e-06
leaf_weight=24 46 35 41 93 175 37 49
leaf_count=24 46 35 41 93 175 37 49
internal_value=-5.90794e-05 0.000314771 -0.000141319 -0.00022009 -0.000302609 -1.81297e-05 -2.68759e-05
internal_weight=500 59 441 314 268 127 86
internal_count=500 59 441 314 268 127 86
is_linear=0
shrinkage=0.0167612


Tree=348
num_leaves=9
num_cat=0
split_feature=26 196 51 119 19 145 42 192
split_gain=0.0648085 0.0621724 0.0477422 0.0310134 0.0891417 0.00284247 0.00112254 0.0414058
threshold=2.1250000000000004 10.500000000000002 1.0000000180025095e-35 725892.85714285728 11.000000000000002 1.0000000180025095e-35 662660.83353494632 329867.41600723699
decision_type=8 10 10 8 8 10 10 10
left_child=1 -1 3 5 -5 -2 7 -4
right_child=2 -3 6 4 -6 -7 -8 -9
leaf_value=0.00012507095283291272 -2.365969128378885e-05 0.00071973432082925897 0.00048636043574576654 -0.00061301327256335506 -3.5834755562826683e-05 9.1143198382613117e-05 3.2215026941729117e-05 1.8533619986405483e-05
leaf_weight=28 26 35 33 130 150 36 32 30
leaf_count=28 26 35 33 130 150 36 32 30
internal_value=-5.74049e-05 0.000312438 -0.000142929 -0.000244232 -0.000323425 -5.65721e-05 8.73702e-05 0.000158901
internal_weight=500 63 437 342 280 62 95 63
internal_count=500 63 437 342 280 62 95 63
is_linear=0
shrinkage=0.0167612


Tree=349
num_leaves=8
num_cat=0
split_feature=194 13 92 13 192 54 28
split_gain=0.029292 0.149765 0.0751277 0.123975 0.0547498 0.0211311 0.00844122
threshold=1.5000000000000002 400286.61722370778 70.500000000000014 465383.40666666668 765527.89599173993 1.0000000180025095e-35 10.867105263157898
decision_type=10 2 8 2 8 8 10
left_child=1 5 -3 -4 -2 -1 -6
right_child=4 2 3 -5 6 -7 -8
leaf_value=8.2458166997957999e-05 0.00036475185079655616 -8.2335010216718249e-05 -9.4658115133287887e-05 -0.00078697921425265364 -3.2971988584342832e-05 0.00041740100826192426 -0.00027661355959920095
leaf_weight=35 86 42 34 149 43 78 33
leaf_count=35 86 42 34 149 43 78 33
internal_value=-5.61957e-05 -0.000151201 -0.000404141 -0.000567833 8.28813e-05 0.00023687 -0.000108828
internal_weight=500 338 225 183 162 113 76
internal_count=500 338 225 183 162 113 76
is_linear=0
shrinkage=0.0167612


Tree=350
num_leaves=11
num_cat=1
split_feature=0 13 105 112 165 153 26 18 33 52
split_gain=0.178209 0.106168 0.101799 0.0502619 0.040513 0.0222098 0.0145792 0.0050797 0.00243982 0.00184796
threshold=0 707484.67359307373 176315.655771755 1.0000000180025095e-35 38.886309523809537 45.500000000000007 2.7950000000000004 1.0000000180025095e-35 1.0000000180025095e-35 1.0000000180025095e-35
decision_type=9 2 10 10 10 10 8 8 8 8
left_child=2 5 3 9 8 6 -2 -5 -3 -1
right_child=1 4 -4 7 -6 -7 -8 -9 -10 -11
leaf_value=-0.0012390125979385418 0.00087465448027451058 9.2223222846107887e-05 4.0146105128466565e-05 -0.00024812897508421196 -0.0004759313961583743 0.00019173754387718988 0.00035457485500121915 -7.3090006488500987e-05 -6.064646274830068e-06 -0.00062723537074563175
leaf_weight=26 34 35 29 34 33 24 123 36 44 82
leaf_count=26 34 35 29 34 33 24 123 36 44 82
internal_value=-5.39272e-05 0.00017725 -0.000401329 -0.000607912 -0.00010632 0.000437942 0.000531625 -0.000213869 -2.03416e-05 -0.000845096
internal_weight=500 293 207 178 112 181 157 70 79 108
internal_count=500 293 207 178 112 181 157 70 79 108
cat_boundaries=0 1
cat_threshold=34718859
is_linear=0
shrinkage=0.0167612


Tree=351
num_leaves=9
num_cat=0
split_feature=13 123 23 90 90 34 195 23
split_gain=0.131942 0.122812 0.0588552 0.0439897 0.0242139 0.0171741 0.00960399 0.00476396
threshold=400286.61722370778 26.000000000000004 900.00000000000011 13.500000000000002 63.500000000000007 549160.58851674653 2.5000000000000004 1.0000000180025095e-35
decision_type=2 10 10 8 8 10 10 10
left_child=2 3 7 -2 -5 6 -3 -1
right_child=1 5 -4 4 -6 -7 -8 -9
leaf_value=0.00029288387062424752 -0.0002544507962349497 0.00017911561745353373 8.3357427780629748e-05 -0.0011498873862806453 -0.00048603383929096461 -0.00020224901639589966 2.7263864387447459e-05 0.00078510313581338907
leaf_weight=64 24 117 47 33 87 45 42 41
leaf_count=64 24 117 47 33 87 45 42 41
internal_value=-5.29771e-05 -0.000238592 0.000294461 -0.000581184 -0.000740803 -2.00251e-05 8.85292e-05 0.000529868
internal_weight=500 348 152 144 120 204 159 105
internal_count=500 348 152 144 120 204 159 105
is_linear=0
shrinkage=0.0167612


Tree=352
num_leaves=9
num_cat=0
split_feature=10 42 92 110 14 11 201 51
split_gain=0.0556228 0.060976 0.0603763 0.0640759 0.0473589 0.0624694 0.0133577 0.00261464
threshold=1.0000000180025095e-35 939536.7430654763 10.500000000000002 1.0000000180025095e-35 10.000000000000002 0.25000000000000017 485318.74867724872 1.0000000180025095e-35
decision_type=2 10 10 10 2 2 8 8
left_child=1 2 3 -1 -2 6 -6 -7
right_child=4 -3 -4 -5 5 7 -8 -9
leaf_value=0.00021914029906640005 -0.00049644049364273239 -0.00021663195407102439 -1.7548113745106902e-05 0.00087592853527523613 7.9512161185264958e-05 -0.00012354640522255472 0.00028974613438975428 -0.00050920125389026377
leaf_weight=149 48 24 35 50 24 32 97 41
leaf_count=149 48 24 35 50 24 32 97 41
internal_value=1.61973e-05 0.000190312 0.000306609 0.000436776 -0.00013501 -1.18643e-05 0.000181611 -0.00033507
internal_weight=500 258 234 199 242 194 121 73
internal_count=500 258 234 199 242 194 121 73
is_linear=0
shrinkage=0.0167612


Tree=353
num_leaves=10
num_cat=0
split_feature=10 13 40 28 110 28 189 105 196
split_gain=0.100759 0.0869625 0.0486251 0.0653989 0.0517616 0.0221993 0.0138005 0.0133676 0.00376914
threshold=0.25000000000000011 721890.42271505389 1.0000000180025095e-35 4.2708333333333339 1.0000000180025095e-35 32.509957325746804 11.500000000000002 10854.588870673631 10.500000000000002
decision_type=2 2 8 10 8 10 10 10 10
left_child=2 8 3 7 -4 -5 -3 -1 -2
right_child=1 6 4 5 -6 -7 -8 -9 -10
leaf_value=0.00099051733492871281 2.6592471414323277e-05 -0.00097587788870590758 -0.00034863912283174757 0.00030125549169833461 0.00018137185536181978 -0.00013189043414371838 -0.00028726212541390375 0.00033471624705614598 -0.0001188420430751413
leaf_weight=44 104 34 39 24 118 36 29 35 37
leaf_count=44 104 34 39 24 118 36 29 35 37
internal_value=1.44545e-05 -0.000230863 0.000215884 0.000430474 2.29664e-05 0.000102246 -0.000656701 0.000717201 -2.70207e-05
internal_weight=500 204 296 139 157 60 63 79 141
internal_count=500 204 296 139 157 60 63 79 141
is_linear=0
shrinkage=0.0167612


Tree=354
num_leaves=8
num_cat=0
split_feature=151 110 216 40 11 112 26
split_gain=0.0327612 0.0463471 0.0616233 0.0235349 0.0154843 0.0150078 0.0440935
threshold=1.0000000180025095e-35 1.0000000180025095e-35 992828.36704595655 1.0000000180025095e-35 -1.0000000180025095e-35 1.0000000180025095e-35 2.4400000000000004
decision_type=10 8 8 10 2 10 8
left_child=1 2 4 -4 -1 6 -3
right_child=-2 5 3 -5 -6 -7 -8
leaf_value=0.00019887401970716283 0.00039008808171239507 0.00039524061021423124 -0.00022635315965823891 -0.00085543524943625083 -0.00010586262824199609 0.00036931335240741268 -2.935793048573467e-05
leaf_weight=46 25 45 58 30 45 27 224
leaf_count=46 25 45 58 30 45 27 224
internal_value=1.37022e-05 -1.8761e-06 -0.000211103 -0.000497795 -3.59706e-05 0.000100809 3.43852e-05
internal_weight=500 475 179 88 91 296 269
internal_count=500 475 179 88 91 296 269
is_linear=0
shrinkage=0.0167612


Tree=355
num_leaves=8
num_cat=0
split_feature=144 176 112 34 6 13 90
split_gain=0.08995 0.074054 0.0619542 0.106331 0.0413446 0.0741272 0.0310886
threshold=-8.5191404499999983 8.5000000000000018 1.0000000180025095e-35 345345.00000000006 1.5000000000000002 627951.31071428582 45.500000000000007
decision_type=8 10 10 8 2 2 8
left_child=1 -1 4 -4 6 -6 -2
right_child=2 -3 3 -5 5 -7 -8
leaf_value=-0.00015164536517904152 -0.00029671164366998885 -0.00086543312555374923 0.00011171346385398085 0.0008533475530717123 0.00066171219565329528 4.4203914887889517e-05 -3.9524187015123588e-06
leaf_weight=33 108 36 24 59 44 80 116
leaf_count=33 108 36 24 59 44 80 116
internal_value=1.38186e-05 -0.00041939 0.000117776 0.000463872 6.00316e-06 0.000233407 -0.000104453
internal_weight=500 69 431 83 348 124 224
internal_count=500 69 431 83 348 124 224
is_linear=0
shrinkage=0.0167612


Tree=356
num_leaves=8
num_cat=0
split_feature=144 13 41 6 115 36 58
split_gain=0.0864817 0.355157 0.0929251 0.114439 0.0689449 0.0655155 0.0183691
threshold=-8.3580425999999992 465383.40666666668 1.0000000180025095e-35 1.0000000180025095e-35 197089.15169003746 60.500000000000007 99.500000000000014
decision_type=8 2 8 2 8 8 8
left_child=4 5 6 -4 -1 -2 -3
right_child=1 2 3 -5 -6 -7 -8
leaf_value=-9.7961524615467664e-05 0.0013530935448296132 8.3171385555439863e-06 -0.0011274192162173636 -0.00019850862439584519 -0.00080112922982103669 0.00051653720335661396 0.00025116374901441244
leaf_weight=51 40 28 24 141 38 85 93
leaf_count=51 40 28 24 141 38 85 93
internal_value=1.32482e-05 0.000128499 -0.000150511 -0.000413485 -0.000365264 0.000796042 9.52762e-05
internal_weight=500 411 286 165 89 125 121
internal_count=500 411 286 165 89 125 121
is_linear=0
shrinkage=0.0167612


Tree=357
num_leaves=11
num_cat=0
split_feature=13 220 36 11 43 65 216 79 51 162
split_gain=0.109457 0.164748 0.136103 0.0955072 0.0955434 0.0528593 0.0481857 0.0383723 0.0333367 0.00200325
threshold=451273.17209450837 630.00000000000011 22.500000000000004 -0.5 1.0000000180025095e-35 527754.26428571448 765799.87981621781 1.0000000180025095e-35 1.0000000180025095e-35 59452037.284733169
decision_type=2 8 8 2 10 8 8 10 10 8
left_child=1 5 -3 8 -5 -1 -4 -6 9 -2
right_child=3 2 6 4 7 -7 -8 -9 -10 -11
leaf_value=-7.8453541411151645e-05 7.4025465767246627e-05 0.0014203586260149201 8.2701817950763348e-05 -0.00088595109652669099 -1.9368145059583318e-05 -0.00065027590604430096 0.00050379516657541787 -0.00045574834358284025 0.00048952827839742928 -5.0181894693155621e-05
leaf_weight=27 32 24 25 51 116 26 91 35 29 44
leaf_count=27 32 24 25 51 116 26 91 35 29 44
internal_value=1.22045e-05 0.00031253 0.000630922 -0.000156113 -0.00037628 -0.000191786 0.000359792 -0.000139573 0.000140478 2.77282e-05
internal_weight=500 193 140 307 202 53 116 151 105 76
internal_count=500 193 140 307 202 53 116 151 105 76
is_linear=0
shrinkage=0.0167612


Tree=358
num_leaves=10
num_cat=0
split_feature=144 192 11 126 181 105 115 42 122
split_gain=0.0826466 0.09013 0.0526954 0.156503 0.0474943 0.0624571 0.0229384 0.0167736 0.0033982
threshold=-8.3580425999999992 625930.77787475369 1.0000000180025095e-35 1.0000000180025095e-35 1.0000000180025095e-35 229600.34245298375 340703.87479190005 887146.21863636374 10.500000000000002
decision_type=8 8 2 8 10 8 8 10 10
left_child=1 -1 3 6 7 -6 -2 -4 -5
right_child=2 -3 4 8 5 -7 -8 -9 -10
leaf_value=-9.0810384502194887e-05 0.0005142245926438579 -0.00087235689142017663 0.00022620170409309368 -2.5287587571369276e-06 -0.00071836765254578805 -0.00013511758534430018 0.001394149684320532 1.8577717402976429e-07 0.00010716502530356353
leaf_weight=55 27 34 104 95 39 28 26 35 57
leaf_count=55 27 34 104 95 39 28 26 35 57
internal_value=1.17368e-05 -0.000358035 0.000124796 0.000308796 -1.00078e-05 -0.000337535 0.0009199 9.64699e-05 3.38131e-05
internal_weight=500 89 411 205 206 67 53 139 152
internal_count=500 89 411 205 206 67 53 139 152
is_linear=0
shrinkage=0.0167612


Tree=359
num_leaves=9
num_cat=0
split_feature=13 123 97 200 2 47 142 138
split_gain=0.0961711 0.146314 0.128252 0.0804839 0.045175 0.0434535 0.0201059 0.00362363
threshold=420529.6768292684 46.000000000000007 1.0000000180025095e-35 32.925045045045053 2023.5000000000002 1.0000000180025095e-35 2.4396135265700489 1.0000000180025095e-35
decision_type=2 10 10 8 2 10 10 8
left_child=2 7 3 -1 -3 -5 -6 -2
right_child=1 4 -4 5 6 -7 -8 -9
leaf_value=0.00025464126379513879 -0.00082812632183715685 0.00041611837605353981 -0.00019511649775914343 0.00052168802652762729 -0.00027811675666082164 0.0013109184808438763 4.2052601936087654e-05 -0.00034980744515514961
leaf_weight=24 45 56 33 87 31 26 119 79
leaf_count=24 45 56 33 87 31 26 119 79
internal_value=1.12985e-05 -0.000129625 0.000318125 0.000581619 8.33375e-05 0.000788778 9.23362e-06 -0.00054479
internal_weight=500 330 170 137 206 113 150 124
internal_count=500 330 170 137 206 113 150 124
is_linear=0
shrinkage=0.0167612


Tree=360
num_leaves=6
num_cat=0
split_feature=64 26 157 7 37
split_gain=0.0377957 0.115009 0.0484488 0.04027 0.00104274
threshold=719397.64583333349 2.1250000000000004 1.0000000180025095e-35 1.0000000180025095e-35 4.5000000000000009
decision_type=8 8 10 2 8
left_child=-1 -2 4 -4 -3
right_child=1 2 3 -5 -6
leaf_value=-0.00036930230516402584 0.00060042204906629387 -9.3742406688815394e-05 1.3880618648824595e-05 0.0004318187162900642 -0.00024415753019887314
leaf_weight=37 53 24 132 49 199
leaf_count=37 53 24 132 49 199
internal_value=0 3.0902e-05 -4.36168e-05 0.000111911 -0.000214114
internal_weight=494 457 404 181 223
internal_count=494 457 404 181 223
is_linear=0
shrinkage=0.0167612


Tree=361
num_leaves=8
num_cat=1
split_feature=1 36 130 46 137 41 4
split_gain=0.0454462 0.08214 0.0559792 0.0312276 0.0978444 0.0430138 0.0210508
threshold=0 13.500000000000002 5.5000000000000009 16.500000000000004 1.0000000180025095e-35 1.0000000180025095e-35 91.500000000000014
decision_type=1 8 8 10 10 10 2
left_child=1 -1 -2 5 -5 -4 -3
right_child=2 6 3 4 -6 -7 -8
leaf_value=3.4510928354520841e-05 0.0005521130317120179 -0.00080407365616926214 0.0002760438576916052 8.3667711636394422e-05 -0.00063043425895947542 -0.00010618234814279317 -0.00021744297235173126
leaf_weight=47 29 53 169 54 52 60 30
leaf_count=47 29 53 169 54 52 60 30
internal_value=0 -0.000235837 8.15292e-05 4.30836e-06 -0.000182932 0.000121997 -0.000566458
internal_weight=494 130 364 335 106 229 83
internal_count=494 130 364 335 106 229 83
cat_boundaries=0 1
cat_threshold=18
is_linear=0
shrinkage=0.0167612


Tree=362
num_leaves=9
num_cat=1
split_feature=1 191 218 182 45 82 96 7
split_gain=0.0436729 0.071153 0.0270717 0.0330566 0.0142432 0.0429478 0.00495311 0.00475638
threshold=0 1.0000000180025095e-35 0.4226218301533316 1.0000000180025095e-35 2.8908730158730163 729443.25741943263 1.0000000180025095e-35 1.0000000180025095e-35
decision_type=1 10 8 8 8 8 10 2
left_child=1 -1 4 7 -2 -6 -3 -4
right_child=2 6 3 -5 5 -7 -8 -9
leaf_value=-0.00057050295738672737 0.00011920103550304638 -1.3943132492815332e-05 -1.509307141545528e-05 0.0004389669009265417 4.8320980654595497e-05 -0.00037414566999774922 0.00013572059124728318 0.00014815106207498498
leaf_weight=72 35 27 85 83 51 81 31 29
leaf_count=72 35 27 85 83 51 81 31 29
internal_value=0 -0.000230864 8.03345e-05 0.000215499 -1.68732e-05 -0.000135533 -3.40851e-05 3.03548e-05
internal_weight=494 130 364 197 167 132 58 114
internal_count=494 130 364 197 167 132 58 114
cat_boundaries=0 1
cat_threshold=18
is_linear=0
shrinkage=0.0167612


Tree=363
num_leaves=8
num_cat=0
split_feature=39 216 29 200 3 7 6
split_gain=0.0332097 0.052118 0.0568057 0.0680221 0.0399441 0.0926884 0.068932
threshold=-70427.891414141384 1075292.6108708682 1.0000000180025095e-35 18.259259259259263 7.5000000000000009 1.0000000180025095e-35 1.0000000180025095e-35
decision_type=8 8 10 8 2 2 2
left_child=-1 2 -2 -4 5 -3 -6
right_child=1 4 3 -5 6 -7 -8
leaf_value=-0.0003536178272954655 -3.2136365564930376e-05 -6.8112086160622624e-05 0.00011199526105474611 0.00072836869454287532 -0.00079856450693203767 0.0006407637859775667 -6.7406810338474285e-05
leaf_weight=34 32 117 55 77 25 29 125
leaf_count=34 32 117 55 77 25 29 125
internal_value=0 2.84407e-05 0.000257569 0.00044156 -7.5062e-05 5.52322e-05 -0.000265645
internal_weight=494 460 164 132 296 146 150
internal_count=494 460 164 132 296 146 150
is_linear=0
shrinkage=0.0167612


Tree=364
num_leaves=10
num_cat=0
split_feature=162 192 13 41 19 110 145 12 17
split_gain=0.0449022 0.0785366 0.103365 0.102022 0.0577201 0.0249169 0.0230148 0.00700911 0.00214829
threshold=55251914.678700574 241882.08921747823 941923.35459183692 1.0000000180025095e-35 7.0000000000000009 1.0000000180025095e-35 1.0000000180025095e-35 1.0000000180025095e-35 1.0000000180025095e-35
decision_type=10 10 2 10 10 10 8 2 10
left_child=4 5 3 -3 6 7 -1 -2 -4
right_child=1 2 8 -5 -6 -7 -8 -9 -10
leaf_value=-0.0006580740072605868 0.00093899634206883538 0.00056853202772575503 -0.00075431626650489258 -0.00011584187176931915 0.00019293727684372919 0.00020965084349372387 -0.00017643383983362212 0.00030485727842389089 -0.00020959308697793589
leaf_weight=36 34 73 33 64 24 24 146 29 31
leaf_count=36 34 73 33 64 24 24 146 29 31
internal_value=0 0.000116423 -8.18346e-06 0.000174241 -0.000183599 0.000478857 -0.000324443 0.000686354 -0.000485698
internal_weight=494 288 201 137 206 87 182 63 64
internal_count=494 288 201 137 206 87 182 63 64
is_linear=0
shrinkage=0.0167612


Tree=365
num_leaves=9
num_cat=1
split_feature=0 218 191 191 192 94 192 64
split_gain=0.0984266 0.103223 0.0863162 0.0466375 0.0333687 0.0195905 0.0173991 0.00615951
threshold=0 0.45861494764568606 1.0000000180025095e-35 1.0000000180025095e-35 693481.90326888172 37.500000000000007 441382.20699758502 683200.60470085486
decision_type=9 8 10 10 10 8 10 10
left_child=1 4 -2 5 -1 -3 -4 -8
right_child=2 3 6 -5 -6 -7 7 -9
leaf_value=6.9860137007071228e-05 -0.00051911300069391636 0.0012015973998206087 0.00016181820230578236 0.00015233981427303304 -0.00033706950071103482 0.00047876919024628957 -0.00025575463759484982 -5.8278458215589061e-05
leaf_weight=52 123 26 83 47 50 54 35 24
leaf_count=52 123 26 83 47 50 54 35 24
internal_value=0 0.000220254 -0.000212458 0.000535419 -3.37965e-05 0.00078836 -2.47118e-05 -0.000133112
internal_weight=494 229 265 127 102 80 142 59
internal_count=494 229 265 127 102 80 142 59
cat_boundaries=0 1
cat_threshold=352604
is_linear=0
shrinkage=0.0167612


Tree=366
num_leaves=7
num_cat=0
split_feature=225 13 220 115 105 33
split_gain=0.0241597 0.0796731 0.0864991 0.0583929 0.0578177 0.00544855
threshold=33.500000000000007 350297.35862248793 690.00000000000011 190870.03293598772 81445.159370124384 1.0000000180025095e-35
decision_type=8 2 10 8 10 8
left_child=1 3 -3 -1 -4 -2
right_child=5 2 4 -5 -6 -7
leaf_value=0.00098966797446132658 -3.2536736242422559e-05 -0.00049914508618412352 0.00042748460847476878 0.0001792529720289271 -4.2853101801701649e-05 -0.000198257135570577
leaf_weight=26 60 52 72 35 103 146
leaf_count=26 60 52 72 35 103 146
internal_value=0 8.26025e-05 -1.57063e-05 0.000514923 0.000106048 -0.000136985
internal_weight=494 288 227 61 175 206
internal_count=494 288 227 61 175 206
is_linear=0
shrinkage=0.0167612


Tree=367
num_leaves=9
num_cat=0
split_feature=11 200 130 176 162 4 46 82
split_gain=0.0496244 0.123887 0.0712894 0.0208943 0.01882 0.0147211 0.0220804 0.0205702
threshold=0.6830127018922193 40.009294696555507 13.500000000000002 15.000000000000002 57105465.525628507 205.00000000000003 4.5000000000000009 757750.00000000012
decision_type=2 10 8 10 10 2 10 8
left_child=2 3 4 -2 -1 7 -7 -4
right_child=1 -3 5 -5 -6 6 -8 -9
leaf_value=0.00015408228426151251 -0.00029923040685543535 0.00021461877644437185 -0.00036233422754964451 -0.00093104636198052188 0.00060493255911814661 0.00035301280192852851 4.2306362075472318e-05 -1.1801219415165222e-05
leaf_weight=32 55 32 42 39 68 35 29 162
leaf_count=32 55 32 42 39 68 35 29 162
internal_value=0 -0.000260853 8.34583e-05 -0.000595716 0.000417886 -1.90147e-05 0.000107948 -0.000114088
internal_weight=494 126 368 94 100 268 64 204
internal_count=494 126 368 94 100 268 64 204
is_linear=0
shrinkage=0.0167612


Tree=368
num_leaves=6
num_cat=0
split_feature=152 13 206 181 159
split_gain=0.0658624 0.150167 0.148696 0.105574 0.0305893
threshold=38.500000000000007 292907.42592592601 1.0000000180025095e-35 1.0000000180025095e-35 12.500000000000002
decision_type=10 2 10 8 10
left_child=1 -1 -2 -3 -5
right_child=2 3 -4 4 -6
leaf_value=0.00083895601906214441 -0.00076544057627770626 0.00053737458910405099 0.000197505901561334 2.5379906189350201e-05 -0.00027887138036497138
leaf_weight=67 42 77 43 191 84
leaf_count=67 42 77 43 191 84
internal_value=0.000150322 0.000244076 -0.000160955 8.76484e-05 -3.90283e-05
internal_weight=504 419 85 352 275
internal_count=504 419 85 352 275
is_linear=0
shrinkage=0.0167612


Tree=369
num_leaves=9
num_cat=0
split_feature=13 169 13 159 201 20 114 159
split_gain=0.0877172 0.127468 0.0662071 0.0424283 0.0356464 0.0319162 0.0232192 0.0171714
threshold=658660.83353494632 116.04047185 423825.22398589068 39.500000000000007 262487.62500000006 1.0000000180025095e-35 1.0000000180025095e-35 20.500000000000004
decision_type=2 8 2 8 10 8 8 10
left_child=1 -1 3 -3 6 -4 -2 -6
right_child=4 2 5 -5 7 -7 -8 -9
leaf_value=-0.0001335024191649357 -0.00042962561376431042 0.001122234790217061 0.00033964124880972891 0.00044053607653805188 3.9553546319898228e-05 -6.1372954328000503e-05 -6.9283468864876822e-05 0.00030447693170427664
leaf_weight=61 79 54 55 92 27 43 51 42
leaf_count=61 79 54 55 92 27 43 51 42
internal_value=0.000148481 0.000323908 0.000508491 0.000735413 -7.21375e-05 0.000142723 -0.000258334 9.66918e-05
internal_weight=504 305 244 146 199 98 130 69
internal_count=504 305 244 146 199 98 130 69
is_linear=0
shrinkage=0.0167612


Tree=370
num_leaves=7
num_cat=0
split_feature=13 123 185 225 58 58
split_gain=0.230174 0.195845 0.020923 0.01779 0.0780186 0.0122985
threshold=407216.3798844539 26.000000000000004 23.500000000000004 20.500000000000004 224.50000000000003 127.50000000000001
decision_type=2 8 10 8 8 10
left_child=2 -2 -1 4 -3 -5
right_child=1 3 -4 5 -6 -7
leaf_value=0.00080935042190676541 -0.0008004982714775959 3.3297316681403163e-05 0.00025252466268690146 -8.1890483452096149e-05 0.00065018350144551297 0.00017845509984101566
leaf_weight=113 53 58 50 156 43 31
leaf_count=113 53 58 50 156 43 31
internal_value=0.000145641 -6.86795e-05 0.000618115 6.07886e-05 0.000223119 5.5237e-06
internal_weight=504 341 163 288 101 187
internal_count=504 341 163 288 101 187
is_linear=0
shrinkage=0.0167612


Tree=371
num_leaves=8
num_cat=0
split_feature=13 152 205 181 218 134 181
split_gain=0.381174 0.0417368 0.113206 0.101483 0.0614268 0.0437392 0.0125017
threshold=196057.87539472021 41.500000000000007 1.0000000180025095e-35 1.0000000180025095e-35 0.070243615476135599 1.0000000180025095e-35 1.0000000180025095e-35
decision_type=2 10 10 8 8 10 10
left_child=-1 3 6 4 -2 -5 -3
right_child=1 2 -4 5 -6 -7 -8
leaf_value=0.0013704596691723255 0.00016828594004871132 -0.0010815432468516187 0.0001295061359060575 -0.00016961022314075048 0.00097316328323731683 0.00019006983962190468 -0.00034924537803107485
leaf_weight=29 41 25 25 212 37 107 28
leaf_count=29 41 25 25 212 37 107 28
internal_value=0.000142838 6.48433e-06 -0.000270955 8.59581e-05 0.000537442 -1.29916e-05 -0.000709492
internal_weight=504 475 78 397 78 319 53
internal_count=504 475 78 397 78 319 53
is_linear=0
shrinkage=0.0167612


Tree=372
num_leaves=7
num_cat=0
split_feature=153 7 173 85 22 7
split_gain=0.0562315 0.0642793 0.0422701 0.00811987 0.00810617 0.0335479
threshold=12.500000000000002 1.0000000180025095e-35 1.0000000180025095e-35 0.34313725490196084 1.0000000180025095e-35 1.0000000180025095e-35
decision_type=10 2 10 8 8 2
left_child=4 2 3 -2 -1 -6
right_child=1 -3 -4 -5 5 -7
leaf_value=0.00044988645034681321 -8.3157778084689348e-05 0.00035374616232505444 5.9919206826490274e-05 -0.00046277693963419725 0.00030903289821001455 -3.7450972005671829e-05
leaf_weight=112 57 49 37 89 108 52
leaf_count=112 57 49 37 89 108 52
internal_value=0.000141725 -4.52435e-06 -0.00018175 -0.000336761 0.000297974 0.000154191
internal_weight=504 232 183 146 272 160
internal_count=504 232 183 146 272 160
is_linear=0
shrinkage=0.0167612


Tree=373
num_leaves=10
num_cat=0
split_feature=67 216 22 6 6 122 11 85 171
split_gain=0.054135 0.0780301 0.0393571 0.0632262 0.0293274 0.029324 0.0287866 0.0259322 0.00267999
threshold=12.500000000000002 553301.8368717148 1.0000000180025095e-35 1.5000000000000002 1.5000000000000002 14.500000000000002 -1.0000000180025095e-35 0.34313725490196084 1.0000000180025095e-35
decision_type=10 8 10 2 2 8 2 8 10
left_child=1 -1 3 7 6 -6 -3 -2 -5
right_child=2 4 -4 8 5 -7 -8 -9 -10
leaf_value=0.00090484521861434466 -0.00010214476588258264 8.9226632668625038e-05 0.00026116105898954311 5.6454522437636276e-05 0.00020875713661301924 -0.00022105235434882758 0.00045494843919210098 -0.00055738396776266021 0.00027711238690010547
leaf_weight=24 49 45 51 25 41 61 101 79 28
leaf_count=24 49 45 51 25 41 61 101 79 28
internal_value=0.000139881 0.000293138 -2.89831e-06 -0.00015228 0.000173092 2.68057e-05 0.000304052 -0.000369932 0.000131967
internal_weight=504 272 232 181 248 102 146 128 53
internal_count=504 272 232 181 248 102 146 128 53
is_linear=0
shrinkage=0.0167612


Tree=374
num_leaves=8
num_cat=1
split_feature=0 45 134 207 153 39 36
split_gain=0.140259 0.0532709 0.0409623 0.0778943 0.0463979 0.0221373 0.00755511
threshold=0 2.8708425720620849 1.0000000180025095e-35 717716.34615384624 28.500000000000004 50742.775513838082 18.500000000000004
decision_type=9 10 8 8 8 10 10
left_child=2 5 3 -1 -4 -2 -6
right_child=1 -3 4 -5 6 -7 -8
leaf_value=-0.00019173764178809631 0.00053602455987051883 0.00010909471426653678 0.00028933383831066385 -0.00081373668391048946 -5.1668926389511096e-05 0.00020388581127434941 -0.00041481149250695895
leaf_weight=24 230 43 52 45 58 25 27
leaf_count=24 230 43 52 45 58 25 27
internal_value=0.000138544 0.000360081 -0.000143829 -0.000437942 -1.72665e-05 0.000476598 -0.000212006
internal_weight=504 298 206 69 137 255 85
internal_count=504 298 206 69 137 255 85
cat_boundaries=0 1
cat_threshold=35095728
is_linear=0
shrinkage=0.0167612


Tree=375
num_leaves=9
num_cat=0
split_feature=13 153 134 46 181 91 119 119
split_gain=0.142798 0.150123 0.160796 0.0670817 0.0908345 0.0422032 0.0185489 0.0143252
threshold=510944.7410714287 33.500000000000007 1.0000000180025095e-35 25.500000000000004 1.0000000180025095e-35 71.500000000000014 959281.21281464526 839975.74511732243
decision_type=2 8 10 8 10 8 10 10
left_child=1 2 -1 6 7 -3 -2 -5
right_child=3 5 -4 4 -6 -7 -8 -9
leaf_value=0.00036099757292154023 0.00039376799524579306 -0.00015426486735521238 0.0016359551418256449 4.5829500227074706e-05 -0.00070320336059071095 0.00027896468360722148 8.4361327217354436e-05 -0.00024893788371012137
leaf_weight=45 51 49 35 103 63 106 25 27
leaf_count=45 51 49 35 103 63 106 25 27
internal_value=0.000135461 0.000422896 0.000936977 -8.75667e-05 -0.000276009 0.000111281 0.000197201 -3.46947e-05
internal_weight=504 235 80 269 193 155 76 130
internal_count=504 235 80 269 193 155 76 130
is_linear=0
shrinkage=0.0167612


Tree=376
num_leaves=8
num_cat=0
split_feature=15 210 13 222 46 201 61
split_gain=0.0513171 0.259644 0.213695 0.0676363 0.0664269 0.0590977 0.0486922
threshold=1.0000000180025095e-35 1.0000000180025095e-35 633459.43405139854 1.0000000180025095e-35 12.500000000000002 378832.19516129041 0.95000000000000007
decision_type=2 8 2 8 10 10 10
left_child=2 -2 3 4 -1 6 -4
right_child=1 -3 5 -5 -6 -7 -8
leaf_value=0.0014320607782604188 -0.00071257811512993147 0.00040039678992348098 -0.00066239859710620782 0.00023436581771857072 0.00045884249709535912 0.00014381379443963852 -6.9086493224835251e-05
leaf_weight=40 85 67 57 70 38 50 75
leaf_count=40 85 67 57 70 38 50 75
internal_value=5.92196e-05 -0.000142804 0.000183231 0.000622613 0.000973063 -0.000126536 -0.000346311
internal_weight=482 152 330 148 78 182 132
internal_count=482 152 330 148 78 182 132
is_linear=0
shrinkage=0.0167612


Tree=377
num_leaves=9
num_cat=0
split_feature=15 210 192 69 42 94 38 6
split_gain=0.0495685 0.252817 0.10574 0.0997442 0.0622644 0.0299269 0.00955878 0.00520969
threshold=1.0000000180025095e-35 1.0000000180025095e-35 769033.44943448028 1.0000000180025095e-35 203832.26942355893 18.500000000000004 1.0000000180025095e-35 1.5000000000000002
decision_type=2 8 10 10 10 10 10 2
left_child=2 6 3 7 -5 -4 -2 -1
right_child=1 -3 5 4 -6 -7 -8 -9
leaf_value=8.5116618361250716e-05 -0.0004559044205924409 0.00039585467222802803 -0.00055664324877180448 0.0010152400817284896 0.00027738488509980479 -5.3151388026450042e-05 -0.0010977833788052116 -9.1221801066840167e-05
leaf_weight=71 54 67 26 63 75 53 31 42
leaf_count=71 54 67 26 63 75 53 31 42
internal_value=5.84673e-05 -0.000139574 0.000180529 0.000360705 0.000641141 -0.00020387 -0.000702206 5.11941e-05
internal_weight=482 152 330 251 138 79 85 113
internal_count=482 152 330 251 138 79 85 113
is_linear=0
shrinkage=0.0167612


Tree=378
num_leaves=7
num_cat=0
split_feature=14 192 67 129 87 46
split_gain=0.118203 0.0862022 0.0708843 0.068529 0.0651352 0.0152593
threshold=10.000000000000002 368810.66657293733 41.500000000000007 1.0000000180025095e-35 1764567.9694767443 8.5000000000000018
decision_type=2 10 8 10 8 10
left_child=3 2 -2 -1 5 -3
right_child=1 4 -4 -5 -6 -7
leaf_value=-0.00090565411109894578 0.00080598518075993095 0.00028746155394558751 0.00017741854166979532 -0.00014578491107768927 -0.00046579388094142722 1.2078146043597765e-05
leaf_weight=32 63 37 170 37 47 96
leaf_count=32 63 37 170 37 47 96
internal_value=5.71612e-05 0.000177303 0.000385352 -0.000434382 -3.08685e-05 7.41149e-05
internal_weight=482 413 233 69 180 133
internal_count=482 413 233 69 180 133
is_linear=0
shrinkage=0.0167612


Tree=379
num_leaves=8
num_cat=0
split_feature=13 172 167 13 6 19 218
split_gain=0.0492503 0.0866888 0.0517713 0.101933 0.0570803 0.036995 0.0320275
threshold=326305.73834558134 1.0000000180025095e-35 1.0000000180025095e-35 889430.40208333347 1.5000000000000002 7.0000000000000009 0.016943578467181031
decision_type=2 8 8 2 2 10 10
left_child=1 -1 5 4 -4 -2 -5
right_child=2 -3 3 6 -6 -7 -8
leaf_value=0.00010508201470191932 -0.00056295610442356559 0.00074451374966655315 8.5268984930982378e-05 -8.1875450680852336e-05 0.00066860254075411002 -7.3304654037051285e-05 -0.00064583952870392997
leaf_weight=43 55 53 139 48 60 55 29
leaf_count=43 55 53 139 48 60 55 29
internal_value=5.58932e-05 0.000346837 -4.92576e-06 8.55647e-05 0.000299598 -0.000289016 -0.000292143
internal_weight=482 96 386 276 199 110 77
internal_count=482 96 386 276 199 110 77
is_linear=0
shrinkage=0.0167612


Tree=380
num_leaves=8
num_cat=0
split_feature=13 15 126 112 24 200 112
split_gain=0.155866 0.122007 0.200415 0.0406525 0.0507223 0.032664 0.0158144
threshold=900858.57142857148 1.0000000180025095e-35 1.0000000180025095e-35 1.0000000180025095e-35 3.2031746031746038 61.321428571428577 1.0000000180025095e-35
decision_type=2 2 8 10 8 8 8
left_child=1 3 -3 6 -5 -2 -1
right_child=5 2 -4 4 -6 -7 -8
leaf_value=0.00034827707546493554 -0.00074996911519760749 -0.00073648556635793163 0.00025628832668420624 0.00032639793953413612 0.0011245765320634605 -0.00013630874521427931 6.1232387242974706e-05
leaf_weight=113 51 58 87 26 44 42 61
leaf_count=113 51 58 87 26 44 42 61
internal_value=5.45616e-05 0.000212254 -8.2918e-05 0.00044074 0.000780443 -0.000442611 0.000261075
internal_weight=482 389 145 244 70 93 174
internal_count=482 389 145 244 70 93 174
is_linear=0
shrinkage=0.0167612


Tree=381
num_leaves=9
num_cat=0
split_feature=12 17 112 46 43 67 26 58
split_gain=0.044977 0.199986 0.0755695 0.0848997 0.0210866 0.0209134 0.0206856 0.0336009
threshold=1.0000000180025095e-35 1.0000000180025095e-35 1.0000000180025095e-35 85.000000000000014 1.0000000180025095e-35 1.5000000000000002 1.9100000000000004 302.50000000000006
decision_type=2 8 10 8 10 10 8 8
left_child=2 4 6 -4 -2 -3 -1 -8
right_child=1 5 3 -5 -6 -7 7 -9
leaf_value=0.00028321861571740497 -0.0011890344279464461 0.00041532439957343116 0.00021518957383333896 0.00093635079068090851 -0.00041451410302150425 9.8035898996165805e-05 -0.00023438233638468713 0.00010806860200046445
leaf_weight=34 28 64 29 50 36 24 110 107
leaf_count=34 28 64 29 50 36 24 110 107
internal_value=5.32866e-05 -0.000134421 0.00017029 0.000549075 -0.00074507 0.000223921 1.18017e-05 -2.78386e-05
internal_weight=482 152 330 79 64 88 251 217
internal_count=482 152 330 79 64 88 251 217
is_linear=0
shrinkage=0.0167612


Tree=382
num_leaves=8
num_cat=0
split_feature=12 69 112 200 125 200 20
split_gain=0.0437946 0.36028 0.0726658 0.109591 0.0164193 0.0361085 0.00485562
threshold=1.0000000180025095e-35 1.0000000180025095e-35 1.0000000180025095e-35 32.925045045045053 16.500000000000004 36.5781124497992 1.0000000180025095e-35
decision_type=2 10 10 8 10 8 8
left_child=2 -2 4 -4 6 -6 -1
right_child=1 -3 3 -5 5 -7 -8
leaf_value=-0.00021341188356748761 0.00046033930413509703 -0.00085458603960259665 0.00019892957465383757 0.00099265612377003043 3.0449364866415553e-05 0.00039655553263839778 -1.479263038998588e-05
leaf_weight=36 76 76 32 47 62 63 90
leaf_count=36 76 76 32 47 62 63 90
internal_value=5.22716e-05 -0.000132639 0.000167905 0.000539516 1.16365e-05 0.000145321 -8.60231e-05
internal_weight=482 152 330 79 251 125 126
internal_count=482 152 330 79 251 125 126
is_linear=0
shrinkage=0.0167612


Tree=383
num_leaves=9
num_cat=0
split_feature=13 15 19 201 94 150 47 77
split_gain=0.155355 0.131843 0.155058 0.064118 0.0514804 0.0456959 0.0343275 0.0155391
threshold=594221.79050711205 1.0000000180025095e-35 2.5000000000000004 549160.58851674653 43.500000000000007 1.0000000180025095e-35 0.75000000000000011 1.1711530827239474
decision_type=2 2 10 10 8 10 10 10
left_child=1 4 -3 6 5 -1 7 -2
right_child=3 2 -4 -5 -6 -7 -8 -9
leaf_value=0.00055278901989002152 -0.00026596872526523654 0.00030425870837357129 -0.00069179561589431551 0.00019672715012879083 0.0003483001118229687 0.0015416204414202979 -0.00076006262669291852 -8.2176779277254604e-05
leaf_weight=29 161 68 32 25 81 28 29 29
leaf_count=29 161 68 32 25 81 28 29 29
internal_value=5.08489e-05 0.000347503 4.20132e-05 -0.000205693 0.000670171 0.00105801 -0.00033669 -0.000209681
internal_weight=482 238 100 244 138 57 219 190
internal_count=482 238 100 244 138 57 219 190
is_linear=0
shrinkage=0.0167612


Tree=384
num_leaves=9
num_cat=0
split_feature=168 14 99 115 200 87 161 165
split_gain=0.0367158 0.0532465 0.0396561 0.0333046 0.0417959 0.0134399 0.0311447 0.00327114
threshold=1.0000000180025095e-35 18.000000000000004 41.500000000000007 87753.876632578336 51.937158469945366 468331.12248062022 1.0002176972990104 25.8366935483871
decision_type=8 2 8 10 8 10 10 10
left_child=3 2 -2 5 7 6 -1 -5
right_child=1 -3 -4 4 -6 -7 -8 -9
leaf_value=-0.00041393922396507966 0.00030830102247967868 0.00046094386682943745 -0.00021505286393328575 -3.9915086981126369e-05 0.0003605963641732035 -8.3736744749850344e-05 -0.00012050131765729244 -0.0002306593793031872
leaf_weight=156 24 67 79 34 47 37 30 26
leaf_count=156 24 67 79 34 47 37 30 26
internal_value=-1.42654e-05 0.000147281 2.2621e-05 -0.000126801 2.27338e-05 -0.000249503 -0.000313917 -0.000112525
internal_weight=500 170 103 330 107 223 186 60
internal_count=500 170 103 330 107 223 186 60
is_linear=0
shrinkage=0.0167612


Tree=385
num_leaves=8
num_cat=0
split_feature=182 12 142 61 6 6 85
split_gain=0.0388835 0.147268 0.0563548 0.0461082 0.0450933 0.0194766 0.00699297
threshold=1.0000000180025095e-35 1.0000000180025095e-35 2.4138388123011674 2.7500000000000004 1.5000000000000002 1.5000000000000002 0.28136363636363643
decision_type=8 2 10 10 2 2 8
left_child=2 5 4 6 -1 -2 -4
right_child=1 -3 3 -5 -6 -7 -8
leaf_value=-0.00050840456254931947 -2.9807788380824621e-05 0.00065996120731553988 -1.3567996333792825e-05 0.00040820507511292399 -7.1636958565398447e-05 -0.00040073643033855148 -0.00017680208267319492
leaf_weight=119 65 71 52 45 65 31 52
leaf_count=119 65 71 52 45 65 31 52
internal_value=-1.29111e-05 0.000156399 -0.000127209 4.17909e-05 -0.000320768 -0.00013347 -5.13162e-05
internal_weight=500 167 333 149 184 96 104
internal_count=500 167 333 149 184 96 104
is_linear=0
shrinkage=0.0167612


Tree=386
num_leaves=8
num_cat=0
split_feature=182 15 175 142 17 3 28
split_gain=0.0373626 0.143365 0.0512389 0.0411013 0.0316788 0.0280044 0.0264608
threshold=1.0000000180025095e-35 1.0000000180025095e-35 1420371.2906378603 2.5270467836257313 1.0000000180025095e-35 4.5000000000000009 86.725555555555573
decision_type=8 2 8 10 10 2 8
left_child=2 5 3 -1 -4 -2 -5
right_child=1 -3 4 6 -6 -7 -8
leaf_value=-0.00022753142583874141 -4.4246160399808198e-05 0.00065061113974589839 -0.00050202120014615384 0.00039390618162744439 -0.00011645499472963181 -0.00036896346015533504 4.9910377376710889e-05
leaf_weight=63 37 71 106 72 37 59 55
leaf_count=63 37 71 106 72 37 59 55
internal_value=-1.21002e-05 0.000153547 -0.000124464 -4.07487e-06 -0.00034699 -0.000131836 0.00019678
internal_weight=500 167 333 190 143 96 127
internal_count=500 167 333 190 143 96 127
is_linear=0
shrinkage=0.0167612


Tree=387
num_leaves=8
num_cat=0
split_feature=81 12 119 12 55 44 13
split_gain=0.0362997 0.139194 0.0466076 0.0254906 0.0226804 0.00442535 0.00328009
threshold=1.0000000180025095e-35 1.0000000180025095e-35 940157.77604166686 1.0000000180025095e-35 666541.25000000012 0.77409245706238017 455886.70000000007
decision_type=8 2 8 2 10 10 2
left_child=2 -2 4 6 5 -1 -4
right_child=1 -3 3 -5 -6 -7 -8
leaf_value=3.3595160204303917e-05 -0.00012874119561333681 0.00064156340038393992 -2.6547222024282838e-05 -0.00051393194332617685 0.00033323684734956589 -0.00010031146024070253 -0.00011624292537992143
leaf_weight=45 96 71 36 81 26 76 69
leaf_count=45 96 71 36 81 26 76 69
internal_value=-1.1498e-05 0.000151551 -0.00012249 -0.000296984 2.77055e-05 3.70698e-06 -7.768e-05
internal_weight=500 167 333 186 147 121 105
internal_count=500 167 333 186 147 121 105
is_linear=0
shrinkage=0.0167612


Tree=388
num_leaves=8
num_cat=0
split_feature=181 215 15 201 67 207 154
split_gain=0.0501155 0.0368109 0.0897805 0.0341191 0.0234664 0.0281313 0.00580525
threshold=1.0000000180025095e-35 143.00000000000003 1.0000000180025095e-35 505732.50000000006 24.500000000000004 846931.50982343697 1.0000000180025095e-35
decision_type=10 8 2 10 10 8 8
left_child=1 3 6 -1 5 -2 -3
right_child=4 2 -4 -5 -6 -7 -8
leaf_value=-0.00036790354042041018 0.00021888509131646669 0.00011877986066764832 0.00061589131823812241 7.2178674686818132e-05 -0.00037980791761470754 -0.00017566571726522281 -7.9913259410368354e-05
leaf_weight=46 37 24 81 24 96 102 90
leaf_count=46 37 24 81 24 96 102 90
internal_value=-1.09999e-05 0.000118795 0.000252505 -7.72696e-05 -0.000190663 -2.25987e-05 3.55675e-05
internal_weight=500 265 195 70 235 139 114
internal_count=500 265 195 70 235 139 114
is_linear=0
shrinkage=0.0167612


Tree=389
num_leaves=10
num_cat=1
split_feature=0 124 13 83 15 95 28 47 11
split_gain=0.14054 0.0577121 0.050325 0.0436257 0.0948679 0.0359408 0.0211934 0.0102929 0.00149754
threshold=0 -0.69390698625646074 476277.68684210529 1.0000000180025095e-35 1.0000000180025095e-35 1.0000000180025095e-35 54.363526570048315 0.75000000000000011 -0.24999999999999994
decision_type=9 10 2 10 2 8 8 8 2
left_child=1 2 5 4 7 -1 -3 -2 -5
right_child=3 6 -4 8 -6 -7 -8 -9 -10
leaf_value=-6.1210105770085715e-05 0.0001412197445253291 0.00020034639826186634 -0.00090720378639896058 -1.0820653401689128e-05 0.00070956499647138033 -0.00046353612136022017 -0.00019657101172631164 -6.3829003565274732e-05 -0.0001227123775925799
leaf_weight=43 97 34 54 24 84 39 42 50 33
leaf_count=43 97 34 54 24 84 39 42 50 33
internal_value=-1.0466e-05 -0.00031857 -0.000540971 0.00019714 0.000323442 -0.000230848 -6.28811e-05 4.55071e-05 -2.47151e-05
internal_weight=500 212 136 288 231 82 76 147 57
internal_count=500 212 136 288 231 82 76 147 57
cat_boundaries=0 1
cat_threshold=34734771
is_linear=0
shrinkage=0.0167612


Tree=390
num_leaves=8
num_cat=0
split_feature=81 115 3 12 163 189 16
split_gain=0.0332419 0.0254464 0.0523024 0.0335713 0.0226504 0.0409857 0.0058471
threshold=1.0000000180025095e-35 76842.951108669833 2.5000000000000004 1.0000000180025095e-35 1.0000000180025095e-35 100.00000000000001 1.0000000180025095e-35
decision_type=8 10 2 2 10 8 10
left_child=1 2 -1 -4 5 -3 -2
right_child=6 4 3 -5 -6 -7 -8
leaf_value=0.00011294432480925799 5.3239969902175043e-05 0.00019970080818076716 -0.00013545426875755117 -0.00062920601365120267 0.00030975393058526858 -0.0003071719789479711 0.00035522466396725261
leaf_weight=25 143 31 123 68 27 59 24
leaf_count=25 143 31 123 68 27 59 24
internal_value=-1.02869e-05 -0.00011717 -0.000228382 -0.000351185 -4.07691e-06 -3.60073e-05 0.000144981
internal_weight=500 333 216 191 117 90 167
internal_count=500 333 216 191 117 90 167
is_linear=0
shrinkage=0.0167612


Tree=391
num_leaves=8
num_cat=1
split_feature=0 2 75 86 108 185 58
split_gain=0.129362 0.0565696 0.0758655 0.0921918 0.06049 0.0475246 0.0182157
threshold=0 2024.5000000000002 1.0000000180025095e-35 0.99959566647437537 1.5000000000000002 4.5000000000000009 178.00000000000003
decision_type=9 2 10 10 10 10 8
left_child=5 4 3 -3 -2 -1 -6
right_child=1 2 -4 -5 6 -7 -8
leaf_value=-0.00094524217248275757 -0.0004856132448364825 0.00068020720029864589 -0.00010492672903055734 0.00010311902333668466 -3.9007205781112081e-05 -0.00021629486623999194 0.00021290419237275659
leaf_weight=33 37 134 25 38 76 69 88
leaf_count=33 37 134 25 38 76 69 88
internal_value=-8.81016e-06 0.000108555 0.000307818 0.000467851 -3.20437e-05 -0.000451848 4.39196e-05
internal_weight=500 398 197 172 201 102 164
internal_count=500 398 197 172 201 102 164
cat_boundaries=0 1
cat_threshold=34734083
is_linear=0
shrinkage=0.0167612


Tree=392
num_leaves=8
num_cat=1
split_feature=1 192 176 109 6 123 22
split_gain=0.0462426 0.0426025 0.0461601 0.0399485 0.0482996 0.0516028 0.0323876
threshold=0 348204.86290621263 25.500000000000004 658317.87718573993 1.0000000180025095e-35 46.000000000000007 1.0000000180025095e-35
decision_type=1 8 8 8 2 10 8
left_child=1 -1 -3 -2 5 -5 -6
right_child=3 2 -4 4 6 -7 -8
leaf_value=-9.2932313586841048e-05 -0.00028067376399072198 -0.00080833135909660014 -0.00013744399104113016 -0.00046545452455838248 0.00039750176899241388 6.6058068574366858e-05 3.774296325353504e-05
leaf_weight=30 27 43 46 43 170 41 109
leaf_count=30 27 43 46 43 170 41 109
internal_value=0 -0.00025181 -0.000475712 7.15115e-05 0.000142087 -9.53783e-05 0.000257853
internal_weight=509 119 89 390 363 84 279
internal_count=509 119 89 390 363 84 279
cat_boundaries=0 1
cat_threshold=144
is_linear=0
shrinkage=0.0167612


Tree=393
num_leaves=8
num_cat=0
split_feature=56 122 203 6 201 215 97
split_gain=0.0362413 0.0460989 0.0647754 0.0611002 0.0610547 0.0259492 0.000344696
threshold=3.5000000000000004 39.500000000000007 0.053693693693693659 1.5000000000000002 793626.62535014015 73.500000000000014 1.0000000180025095e-35
decision_type=10 8 8 2 8 10 8
left_child=1 3 -3 5 -5 -1 -4
right_child=-2 2 6 4 -6 -7 -8
leaf_value=-0.00016263491144351922 -0.00038077388059204866 -0.00061089267662233079 -4.0947952830747353e-05 0.00015398222455837525 0.00071868272498109285 0.00020720717306344481 -1.0845552108054567e-06
leaf_weight=96 31 29 30 36 73 51 163
leaf_count=96 31 29 30 36 73 51 163
internal_value=0 2.26781e-05 -0.00011941 0.000180604 0.000450568 2.03728e-05 -1.05429e-05
internal_weight=509 478 222 256 109 147 193
internal_count=509 478 222 256 109 147 193
is_linear=0
shrinkage=0.0167612


Tree=394
num_leaves=9
num_cat=1
split_feature=165 1 63 130 15 113 69 195
split_gain=0.0473178 0.0350654 0.0836315 0.0564307 0.0420237 0.0672289 0.0221109 0.00833317
threshold=73.166666666666671 0 1390334.5051029583 26.500000000000004 1.0000000180025095e-35 1.0000000180025095e-35 1.0000000180025095e-35 2.5000000000000004
decision_type=10 1 8 8 2 8 10 10
left_child=1 2 7 -4 6 -6 -3 -1
right_child=-2 4 3 -5 5 -7 -8 -9
leaf_value=-0.00027475010672658822 0.0004306035566658948 -0.00015554375202922206 0.00093199862072963844 0.00016802615669752284 -0.00077159586066718599 -7.979359381586234e-05 0.00012983524468448027 -4.6810284675224183e-05
leaf_weight=41 26 122 31 37 49 71 103 29
leaf_count=41 26 122 31 37 49 71 103 29
internal_value=0 -5.43722e-05 0.000111781 0.000500652 -0.000152194 -0.000382906 -1.16729e-05 -0.00011944
internal_weight=509 483 138 68 345 120 225 70
internal_count=509 483 138 68 345 120 225 70
cat_boundaries=0 1
cat_threshold=36
is_linear=0
shrinkage=0.0167612


Tree=395
num_leaves=9
num_cat=1
split_feature=1 2 6 39 181 6 26 46
split_gain=0.0433569 0.0495037 0.0679249 0.0542445 0.0817247 0.0407286 0.049047 0.0334013
threshold=0 2023.5000000000002 1.5000000000000002 -77916.044996782468 1.0000000180025095e-35 1.5000000000000002 2.2050000000000005 49.500000000000007
decision_type=1 2 2 10 10 2 10 10
left_child=5 2 -2 4 -3 6 -1 -5
right_child=1 3 -4 7 -6 -7 -8 -9
leaf_value=0.00027662009892436587 0.00011317089148099784 -2.2189173851127332e-05 0.00083281861962239173 0.00042713511309904406 -0.00058451509744068602 -0.00057297571402139581 -0.00033571422384242916 7.1750320712526803e-05
leaf_weight=33 45 131 32 79 63 48 38 40
leaf_count=33 45 131 32 79 63 48 38 40
internal_value=0 6.84832e-05 0.000385645 3.85899e-06 -0.000177711 -0.000244381 -5.09264e-05 0.000225304
internal_weight=509 390 77 313 194 119 71 119
internal_count=509 390 77 313 194 119 71 119
cat_boundaries=0 1
cat_threshold=144
is_linear=0
shrinkage=0.0167612


Tree=396
num_leaves=10
num_cat=0
split_feature=220 49 142 77 29 11 36 187 26
split_gain=0.0207305 0.0270403 0.0635183 0.0218013 0.00669425 0.00624227 0.0055101 0.00836928 0.000865489
threshold=690.00000000000011 1.0000000180025095e-35 3.8875000000000006 1.1242457703722171 1.0000000180025095e-35 0.6830127018922193 16.500000000000004 0.20377358490566039 3.0250000000000004
decision_type=10 8 8 8 8 2 10 8 10
left_child=1 2 -1 -2 -3 -6 7 -5 -8
right_child=3 4 -4 6 5 -7 8 -9 -10
leaf_value=-8.4635889691574934e-05 0.00039382401550839711 0.00016067768076732307 -0.00067166063896325874 3.5990455945544963e-05 -4.9662728747636746e-06 -0.00016039625024337915 -5.7691867378316731e-06 0.00023142669719346923 -7.1986925397463531e-05
leaf_weight=49 26 25 45 37 109 47 70 52 49
leaf_count=49 26 25 45 37 109 47 70 52 49
internal_value=0 -0.000105891 -0.000306521 9.24825e-05 -9.91115e-06 -3.39287e-05 7.62515e-06 0.000107237 -2.7376e-05
internal_weight=509 275 94 234 181 156 208 89 119
internal_count=509 275 94 234 181 156 208 89 119
is_linear=0
shrinkage=0.0167612


Tree=397
num_leaves=8
num_cat=1
split_feature=1 14 12 13 6 213 112
split_gain=0.0576123 0.0685951 0.04185 0.0448719 0.0394673 0.00843488 0.00467136
threshold=0 10.000000000000002 1.0000000180025095e-35 1193104.0175177308 1.0000000180025095e-35 1.0000000180025095e-35 1.0000000180025095e-35
decision_type=1 2 2 2 2 10 8
left_child=2 -2 3 4 -1 6 -3
right_child=1 5 -4 -5 -6 -7 -8
leaf_value=-1.6374831260833519e-05 -0.00061725947203589756 -0.00022994880680521349 0.00052005301332954865 -0.00028851776916107171 0.00035966179278411575 7.4126700684082493e-05 -1.2352701016373767e-05
leaf_weight=45 48 39 45 41 111 51 129
leaf_count=45 48 39 45 41 111 51 129
internal_value=0 -0.000168886 0.000157078 3.07351e-05 0.000176446 -2.71041e-05 -9.76096e-05
internal_weight=509 267 242 197 156 219 168
internal_count=509 267 242 197 156 219 168
cat_boundaries=0 1
cat_threshold=44
is_linear=0
shrinkage=0.0167612


Tree=398
num_leaves=7
num_cat=1
split_feature=0 216 215 176 19 13
split_gain=0.118776 0.0573211 0.0412571 0.0746088 0.0597243 0.0533189
threshold=0 624233.69505603926 80.500000000000014 27.500000000000004 2.5000000000000004 476277.68684210529
decision_type=9 8 8 10 8 2
left_child=1 -1 4 5 -2 -4
right_child=2 -3 3 -5 -6 -7
leaf_value=-0.00013272648313854781 3.7252584580690768e-06 -0.00068362843984266016 0.00035355933969977632 0.00072830356142340909 -0.00059792615664826373 -3.1304394013000595e-05
leaf_weight=37 30 83 109 39 26 185
leaf_count=37 30 83 109 39 26 185
internal_value=0 -0.000395473 0.00012379 0.000214572 -0.00013806 9.7192e-05
internal_weight=509 120 389 333 56 294
internal_count=509 120 389 333 56 294
cat_boundaries=0 1
cat_threshold=39060497
is_linear=0
shrinkage=0.0167612


Tree=399
num_leaves=8
num_cat=1
split_feature=0 105 66 203 85 139 46
split_gain=0.0807147 0.068799 0.0391183 0.025097 0.0266635 0.057184 0.0026801
threshold=0 182113.7000193127 14.500000000000002 0.073181615350290011 0.40394736842105267 1.0000000180025095e-35 20.500000000000004
decision_type=9 10 8 10 8 10 10
left_child=1 2 -1 4 -2 -6 -5
right_child=3 -3 -4 6 5 -7 -8
leaf_value=0.001020946143595291 -0.00053786645158598976 6.0771699949583142e-05 0.00027535325538433845 0.00017442862902076122 -0.00020513306405980952 0.00030827414038927885 2.3159385270155361e-05
leaf_weight=30 37 33 56 25 274 27 27
leaf_count=30 37 33 56 25 274 27 27
internal_value=0 0.000304438 0.000596386 -0.000126037 -0.000197097 -0.000114482 5.6615e-05
internal_weight=509 119 86 390 338 301 52
internal_count=509 119 86 390 338 301 52
cat_boundaries=0 1
cat_threshold=8292
is_linear=0
shrinkage=0.0167612


Tree=400
num_leaves=9
num_cat=0
split_feature=13 56 44 6 49 144 30 152
split_gain=0.0521206 0.0706892 0.0569529 0.0405166 0.0880479 0.0534166 0.0186292 0.00194411
threshold=883492.68135281396 2.5000000000000004 0.86916786979444505 1.0000000180025095e-35 1.0000000180025095e-35 -8.3580425999999992 54.500000000000007 14.500000000000002
decision_type=2 10 10 2 8 10 8 10
left_child=1 3 6 4 -1 -5 -2 -4
right_child=2 -3 7 5 -6 -7 -8 -9
leaf_value=0.00029350884321227669 0.00019695365487990758 -0.00035825693950740351 -0.00027375195922898804 4.5299016647286273e-05 -0.00045467201887451478 0.00054008043679665654 -0.00019994545551506632 -0.00088930457958235883
leaf_weight=47 32 33 25 134 47 122 26 26
leaf_count=47 32 33 25 134 47 122 26 26
internal_value=0 9.97678e-05 -0.000267285 0.000192803 1.18152e-05 0.000305263 -6.51411e-05 -0.000611363
internal_weight=492 383 109 350 94 256 58 51
internal_count=492 383 109 350 94 256 58 51
is_linear=0
shrinkage=0.0167612


Tree=401
num_leaves=8
num_cat=0
split_feature=64 207 11 24 112 200 123
split_gain=0.0290974 0.0971218 0.0736364 0.05262 0.0287745 0.0248499 0.022977
threshold=1052744.4791666667 707484.67359307373 -0.68301270189221952 2.7795138888888893 1.0000000180025095e-35 37.357777777777784 46.000000000000007
decision_type=8 8 2 10 10 8 10
left_child=3 5 6 -1 -4 -2 -3
right_child=1 2 4 -5 -6 -7 -8
leaf_value=-0.00065322033837804589 0.00024138901058681073 0.00051262966752257336 -0.00028832285772416826 -8.0693412640113181e-05 -3.195806317782525e-05 0.00092404420888576378 0.00010908611186448635
leaf_weight=28 48 54 205 39 60 26 32
leaf_count=28 48 54 205 39 60 26 32
internal_value=0 6.06097e-05 -2.71557e-05 -0.00024907 -0.000183013 0.000517326 0.000295852
internal_weight=492 425 351 67 265 74 86
internal_count=492 425 351 67 265 74 86
is_linear=0
shrinkage=0.0167612


Tree=402
num_leaves=10
num_cat=0
split_feature=11 41 82 41 19 28 213 225 42
split_gain=0.0579357 0.0568622 0.0389216 0.0243472 0.0209915 0.0084238 0.00621943 0.0030118 0.00253266
threshold=-0.24999999999999994 1.0000000180025095e-35 1087864.4206349209 1.0000000180025095e-35 2.5000000000000004 48.100000000000009 1.0000000180025095e-35 24.500000000000004 673818.75000000012
decision_type=2 8 8 10 8 8 10 8 10
left_child=1 6 3 5 -4 -2 8 -3 -1
right_child=2 7 4 -5 -6 -7 -8 -9 -10
leaf_value=9.6942847231226128e-05 0.00010449824406035624 0.00068012916144099969 -0.00010528050484820947 -9.4502851743395199e-05 -0.00036653056940405028 0.00045029461763145293 -0.00015546956092918273 0.00024374520769405278 2.7193550690054296e-06
leaf_weight=41 29 41 31 28 161 32 27 73 29
leaf_count=41 29 41 31 28 161 32 27 73 29
internal_value=0 0.000203801 -0.000136813 3.80616e-05 -0.000279898 0.000266636 3.29254e-05 0.000444027 6.93867e-06
internal_weight=492 211 281 89 192 61 97 114 70
internal_count=492 211 281 89 192 61 97 114 70
is_linear=0
shrinkage=0.0167612


Tree=403
num_leaves=7
num_cat=0
split_feature=11 42 13 47 23 30
split_gain=0.0383802 0.0609346 0.0417995 0.0947597 0.0784834 0.035172
threshold=-0.9330127018922193 887146.21863636374 583996.57073643419 0.21666666666666662 900.00000000000011 25.500000000000004
decision_type=2 10 2 8 8 10
left_child=-1 2 4 -4 -2 -3
right_child=1 5 3 -5 -6 -7
leaf_value=0.00036393110423507425 0.00051537662701180978 -0.00082669371616086236 0.00012327630582004899 -0.00049331874294537847 1.5779804929131997e-05 -0.00018813217308422562
leaf_weight=40 88 26 84 89 139 26
leaf_count=40 88 26 84 89 139 26
internal_value=0 -3.29719e-05 1.503e-05 -0.000137203 0.0001731 -0.000449838
internal_weight=492 452 400 173 227 52
internal_count=492 452 400 173 227 52
is_linear=0
shrinkage=0.0167612


Tree=404
num_leaves=7
num_cat=0
split_feature=42 13 148 3 3 176
split_gain=0.0687069 0.0601218 0.0588044 0.0409169 0.152465 0.0303202
threshold=875538.31817460328 1021534.403215832 1.0000000180025095e-35 5.5000000000000009 8.5000000000000018 20.000000000000004
decision_type=10 2 8 2 2 10
left_child=2 -2 3 -1 -5 -4
right_child=1 -3 5 4 -6 -7
leaf_value=4.5831263703306752e-05 -0.00017986243620457415 -0.00081320610169862914 -8.6525506393956975e-06 0.00093918652374365278 7.1610735255032734e-05 -0.00041503404751095605
leaf_weight=87 24 34 163 62 91 31
leaf_count=87 24 34 163 62 91 31
internal_value=0 -0.000410819 8.243e-05 0.000259165 0.000420267 -8.41113e-05
internal_weight=492 58 434 240 153 194
internal_count=492 58 434 240 153 194
is_linear=0
shrinkage=0.0167612


Tree=405
num_leaves=7
num_cat=0
split_feature=56 119 162 41 41 111
split_gain=0.0395211 0.0993386 0.0677483 0.0754561 0.0484285 0.0272833
threshold=3.5000000000000004 933322.69444444461 57105465.525628507 1.0000000180025095e-35 1.0000000180025095e-35 1.0000000180025095e-35
decision_type=10 10 10 10 10 10
left_child=1 2 4 -4 -1 -3
right_child=-2 5 3 -5 -6 -7
leaf_value=-9.4684205344368303e-05 -0.0003790575488312358 -0.00017743939234219391 0.00074213759508943143 0.00012412191713040969 0.00034019739125099236 -0.00082323790821038927
leaf_weight=220 31 28 79 48 61 25
leaf_count=220 31 28 79 48 61 25
internal_value=0 5.05921e-05 0.000156315 0.000442885 9.74876e-06 -0.000443258
internal_weight=492 461 408 127 281 53
internal_count=492 461 408 127 281 53
is_linear=0
shrinkage=0.0167612


Tree=406
num_leaves=5
num_cat=0
split_feature=11 119 224 200
split_gain=0.0362809 0.0455916 0.043115 0.0433873
threshold=-0.9330127018922193 978221.85528926493 3.0000000000000004 25.569444444444446
decision_type=2 10 8 10
left_child=-1 2 -2 -4
right_child=1 -3 3 -5
leaf_value=0.00035301711641876505 0.0004334563332753635 -0.00040774226969770384 -0.0001172375803702084 0.00027856158412182722
leaf_weight=40 26 46 323 57
leaf_count=40 26 46 323 57
internal_value=0 -3.34578e-05 1.4684e-06 -2.33622e-05
internal_weight=492 452 406 380
internal_count=492 452 406 380
is_linear=0
shrinkage=0.0167612


Tree=407
num_leaves=6
num_cat=0
split_feature=42 26 11 141 42
split_gain=0.0984553 0.0801876 0.0895831 0.0546855 0.0311848
threshold=939536.7430654763 1.9100000000000004 -0.5 1.0000000180025095e-35 1386319.7925204427
decision_type=10 8 2 8 8
left_child=1 -1 3 -3 -4
right_child=-2 2 4 -5 -6
leaf_value=0.00058827535053170986 -0.00052970832393100934 2.8758397199982897e-05 -3.3660016007050658e-05 0.00048356366888478199 -0.00030377767476072996
leaf_weight=44 48 28 76 125 171
leaf_count=44 48 28 76 125 171
internal_value=0 8.76642e-05 3.91338e-06 0.000297228 -0.000171514
internal_weight=492 444 400 153 247
internal_count=492 444 400 153 247
is_linear=0
shrinkage=0.0167612


Tree=408
num_leaves=9
num_cat=0
split_feature=13 55 145 173 191 137 162 187
split_gain=0.0626118 0.0771153 0.0470112 0.0411816 0.0252037 0.039332 0.0105157 0.00844774
threshold=583996.57073643419 613397.55162601639 1.0000000180025095e-35 1.0000000180025095e-35 1.0000000180025095e-35 0.63333333333333341 56766108.714603528 0.21825396825396823
decision_type=2 10 10 10 10 10 8 8
left_child=2 4 6 -4 -2 -6 -1 -3
right_child=1 7 3 -5 5 -7 -8 -9
leaf_value=-0.00019323898170366553 -0.00014667944841415299 0.00023946289841767879 0.00072107851527794943 0.00016457161976875695 -0.00022375160041443617 -0.00095930148065596541 4.9093627063484009e-05 3.0641529028734814e-05
leaf_weight=28 83 45 45 30 44 44 146 28
leaf_count=28 83 45 45 30 44 44 146 28
internal_value=-2.13002e-05 -0.000212794 0.000133902 0.000428724 -0.000417686 -0.000629782 1.29882e-05 7.65451e-05
internal_weight=493 244 249 75 171 88 174 73
internal_count=493 244 249 75 171 88 174 73
is_linear=0
shrinkage=0.0167612


Tree=409
num_leaves=7
num_cat=0
split_feature=13 39 42 107 120 157
split_gain=0.0746453 0.0573088 0.0768651 0.0362814 0.0250992 0.00781028
threshold=1231887.3938008135 -77916.044996782468 693620.99514563114 1.0000000180025095e-35 1.0000000180025095e-35 1.0000000180025095e-35
decision_type=2 10 8 8 10 8
left_child=1 3 5 4 -1 -3
right_child=-2 2 -4 -5 -6 -7
leaf_value=-9.0685006023641536e-05 -0.00051413933286977508 0.00014114941011298039 0.00066604725141559149 5.1632117055108861e-05 -0.00036508040466612005 -0.00010987417743456574
leaf_weight=32 43 24 62 156 128 48
leaf_count=32 43 24 62 156 128 48
internal_value=-2.08429e-05 2.54099e-05 0.000295501 -6.9064e-05 -0.000245946 6.09002e-05
internal_weight=493 450 134 316 160 72
internal_count=493 450 134 316 160 72
is_linear=0
shrinkage=0.0167612


Tree=410
num_leaves=9
num_cat=0
split_feature=4 13 26 77 205 44 12 162
split_gain=0.0248715 0.0513272 0.100395 0.0353551 0.0278791 0.0245025 0.03016 0.0184146
threshold=132.00000000000003 262159.16666666669 1.5600000000000003 1.321018880446275 1.0000000180025095e-35 0.86370840873568955 1.0000000180025095e-35 59528781.005260639
decision_type=2 2 10 8 10 10 2 8
left_child=1 2 -1 -3 -5 6 7 -2
right_child=5 3 -4 4 -6 -7 -8 -9
leaf_value=0.0006744398782951767 0.00029922363012574704 -3.3114553446772435e-05 -0.00013608448887967429 -0.00047327892851683009 -7.3152646437705713e-05 0.00038045031026999481 -0.00027835955937805364 4.9394184679436093e-05
leaf_weight=36 69 35 33 144 69 37 36 34
leaf_count=36 69 35 33 144 69 37 36 34
internal_value=-2.00175e-05 -0.000117722 0.00015108 -0.000245795 -0.000343211 0.000103464 1.22632e-05 0.000139247
internal_weight=493 317 69 248 213 176 139 103
internal_count=493 317 69 248 213 176 139 103
is_linear=0
shrinkage=0.0167612


Tree=411
num_leaves=7
num_cat=0
split_feature=58 9 200 161 152 216
split_gain=0.0256868 0.0102698 0.0262091 0.0322021 0.0222092 0.00681735
threshold=205.50000000000003 1.0000000180025095e-35 40.009294696555507 1.0898970863733399 41.500000000000007 374479.39930055535
decision_type=10 2 8 8 8 10
left_child=1 2 5 -4 -3 -1
right_child=-2 4 3 -5 -6 -7
leaf_value=-7.6474323906418844e-05 0.00027555203202154647 -9.2780339057301444e-05 0.00038690083161114916 3.4074500538439815e-06 -0.0003982042483681058 -0.00033531698882832684
leaf_weight=35 29 25 33 249 56 66
leaf_count=35 29 25 33 249 56 66
internal_value=-1.90592e-05 -6.63161e-05 -9.34306e-06 4.88023e-05 -0.000216881 -0.00021968
internal_weight=493 464 383 282 81 101
internal_count=493 464 383 282 81 101
is_linear=0
shrinkage=0.0167612


Tree=412
num_leaves=9
num_cat=0
split_feature=4 2 169 189 188 124 137 87
split_gain=0.0859753 0.0621761 0.068327 0.0221461 0.0335579 0.0200909 0.0387383 0.0137996
threshold=152.50000000000003 2024.5000000000002 116.07631110000001 75.500000000000014 0.48040745644450505 -1.182115586378788 0.63333333333333341 1252798.9307773111
decision_type=2 2 8 10 8 10 8 8
left_child=1 2 7 4 -3 6 -2 -1
right_child=5 3 -4 -5 -6 -7 -8 -9
leaf_value=-3.4792228720418928e-05 -0.00015230190414388848 0.00049257692389627621 -0.0007942671743637464 -0.00019711517214290267 2.4973043396079508e-05 0.00047080139031140512 0.0003461976951093167 -0.00023878654498636631
leaf_weight=54 46 28 55 33 93 68 40 76
leaf_count=54 46 28 55 33 93 68 40 76
internal_value=-1.81134e-05 -0.000175531 -0.000376204 -6.57832e-06 0.000149233 0.000257225 4.59227e-05 -0.000135313
internal_weight=493 339 185 154 121 154 86 130
internal_count=493 339 185 154 121 154 86 130
is_linear=0
shrinkage=0.0167612


Tree=413
num_leaves=7
num_cat=1
split_feature=0 4 189 145 172 5
split_gain=0.0890908 0.0815448 0.0550798 0.118652 0.0549192 0.0149057
threshold=0 264.00000000000006 115.00000000000001 1.0000000180025095e-35 1.0000000180025095e-35 2.5000000000000004
decision_type=9 2 8 10 10 2
left_child=2 4 -1 -4 5 -2
right_child=1 -3 3 -5 -6 -7
leaf_value=-0.00014550306007704399 0.00018991893480900646 0.00053403250429986168 -0.0010778600082168746 -0.00019758054387794495 -0.00041141755569408718 8.7888217579279564e-06
leaf_weight=28 137 61 49 40 44 134
leaf_count=28 137 61 49 40 44 134
internal_value=-1.75951e-05 8.73948e-05 -0.000363479 -0.000620426 4.89513e-06 7.17994e-05
internal_weight=493 376 117 89 315 271
internal_count=493 376 117 89 315 271
cat_boundaries=0 1
cat_threshold=34603169
is_linear=0
shrinkage=0.0167612


Tree=414
num_leaves=8
num_cat=0
split_feature=2 4 41 191 29 87 156
split_gain=0.0393469 0.0467689 0.0457481 0.0449888 0.0438964 0.0172023 0.0170904
threshold=2024.5000000000002 177.00000000000003 1.0000000180025095e-35 1.0000000180025095e-35 1.0000000180025095e-35 356883.9378531074 1.0000000180025095e-35
decision_type=2 2 8 10 10 10 10
left_child=1 4 3 -2 -1 -6 -3
right_child=2 6 -4 -5 5 -7 -8
leaf_value=-0.00062853274925786854 0.00011855562858812516 3.3014046373082897e-05 5.3676135123390122e-06 0.00068456217919649119 -1.8479671273037793e-05 -0.00026319566979634022 0.00031214917209628303
leaf_weight=60 41 26 140 47 84 59 36
leaf_count=60 41 26 140 47 84 59 36
internal_value=-1.6809e-05 -0.000160794 0.000113271 0.000378622 -0.000299695 -0.000101532 7.89391e-05
internal_weight=493 265 228 88 203 143 62
internal_count=493 265 228 88 203 143 62
is_linear=0
shrinkage=0.0167612


Tree=415
num_leaves=10
num_cat=0
split_feature=19 13 201 187 20 15 15 210 114
split_gain=0.0257752 0.0571148 0.0590861 0.0367219 0.0231206 0.0189163 0.0156599 0.0195585 0.00024739
threshold=4.5000000000000009 577665.66250000009 272848.67757988482 0.050641025641025607 1.0000000180025095e-35 1.0000000180025095e-35 1.0000000180025095e-35 1.0000000180025095e-35 1.0000000180025095e-35
decision_type=10 2 10 10 8 2 2 8 8
left_child=1 6 4 5 -3 -2 8 -8 -1
right_child=3 2 -4 -5 -6 -7 7 -9 -10
leaf_value=3.4945137618002962e-06 8.7720661453840153e-05 -0.00068196217880386314 -4.3581927794513826e-05 0.00041891851570789062 -0.00015766480358696716 -0.00026136814948902326 0.00010296053023091033 0.00042248718098575956 -2.5218022897119396e-05
leaf_weight=36 62 82 46 52 60 27 24 47 57
leaf_count=36 62 82 46 52 60 27 24 47 57
internal_value=-1.6642e-05 -0.000104386 -0.000300963 0.000132195 -0.000481939 2.29436e-05 6.11042e-05 0.000235169 1.02253e-05
internal_weight=493 352 188 141 142 89 164 71 93
internal_count=493 352 188 141 142 89 164 71 93
is_linear=0
shrinkage=0.0167612


Tree=416
num_leaves=9
num_cat=0
split_feature=13 13 43 95 99 11 201 29
split_gain=0.0875423 0.232418 0.0915171 0.0908694 0.0566391 0.0432565 0.0507265 0.00836816
threshold=451273.17209450837 187568.13750000004 1.0000000180025095e-35 1.0000000180025095e-35 39.500000000000007 1.0000000180025095e-35 396638.28571428574 1.0000000180025095e-35
decision_type=2 2 8 8 10 2 10 10
left_child=1 -1 -2 4 -3 7 -7 -4
right_child=2 3 5 -5 -6 6 -8 -9
leaf_value=0.0012488397049637422 -0.00073856347627543556 0.00068629383272145617 3.8631519913573711e-05 -0.00027380972781560782 0.00010772127620661031 -0.00045060102672074922 1.9230909372873357e-05 0.000213828988008868
leaf_weight=24 30 52 42 82 43 98 25 104
leaf_count=24 30 52 42 82 43 98 25 104
internal_value=9.54665e-06 0.000272181 -0.000144507 3.93965e-05 0.000355548 -2.35114e-05 -0.000242486 0.000125441
internal_weight=500 201 299 177 95 269 123 146
internal_count=500 201 299 177 95 269 123 146
is_linear=0
shrinkage=0.0167612


Tree=417
num_leaves=8
num_cat=1
split_feature=1 13 168 76 43 185 26
split_gain=0.0535319 0.11427 0.190151 0.0380178 0.0338643 0.0316743 3.63766e-05
threshold=0 1001400.8989583334 1.0000000180025095e-35 10.500000000000002 1.0000000180025095e-35 27.500000000000004 3.1750000000000003
decision_type=1 2 8 10 8 8 10
left_child=4 2 3 -2 6 -3 -1
right_child=1 5 -4 -5 -6 -7 -8
leaf_value=-1.119472262103371e-05 0.00018260719369960428 -0.00059973988186792348 0.00095418934931237669 -0.0002272202068933016 -0.0004273435760037388 -9.4990619427202494e-05 6.0393476402021545e-06
leaf_weight=50 148 37 66 50 78 37 34
leaf_count=50 148 37 66 50 78 37 34
internal_value=9.35005e-06 0.000137531 0.000320004 4.74409e-05 -0.000191346 -0.000283035 -3.48266e-05
internal_weight=500 338 264 198 162 74 84
internal_count=500 338 264 198 162 74 84
cat_boundaries=0 1
cat_threshold=19
is_linear=0
shrinkage=0.0167612


Tree=418
num_leaves=7
num_cat=0
split_feature=182 13 171 30 95 207
split_gain=0.0284225 0.158107 0.129939 0.0351121 0.0834813 0.0234087
threshold=1.0000000180025095e-35 465383.40666666668 1.0000000180025095e-35 35.500000000000007 1.0000000180025095e-35 366290.89460784319
decision_type=10 2 8 10 8 10
left_child=1 3 -3 4 -1 -4
right_child=-2 2 5 -5 -6 -7
leaf_value=0.00086676158229813773 0.00036390441590292339 -0.00094654087141846717 -0.00023893202358219067 8.2075147647552377e-05 0.00012574714094494452 1.0019372646502535e-05
leaf_weight=54 24 38 128 48 109 99
leaf_count=54 24 38 128 48 109 99
internal_value=8.70479e-06 -4.25248e-06 -0.000276532 0.000292856 0.000425877 -0.000106975
internal_weight=500 476 265 211 163 227
internal_count=500 476 265 211 163 227
is_linear=0
shrinkage=0.0167612


Tree=419
num_leaves=9
num_cat=1
split_feature=4 0 13 154 200 162 114 161
split_gain=0.0445767 0.146654 0.105733 0.0929172 0.0494678 0.0181476 0.00520226 0.00457583
threshold=285.00000000000006 0 493175.9652597403 1.0000000180025095e-35 53.845849802371546 55858470.486561753 1.0000000180025095e-35 1.2559619363611418
decision_type=2 9 2 10 8 10 8 8
left_child=1 4 7 -4 -1 -2 -6 -3
right_child=5 2 3 -5 6 -7 -8 -9
leaf_value=0.00014734157356128909 0.00062571245783418273 -6.571236294918195e-05 -0.001029895246436555 -0.00021160746308066647 0.00028023968987972539 0.00012572354275043848 0.00085262122122278957 7.4119176251694622e-05
leaf_weight=29 30 52 51 97 32 33 51 125
leaf_count=29 30 52 51 97 32 33 51 125
internal_value=8.44918e-06 -3.31546e-05 -0.000222601 -0.000534999 0.000375955 0.000347701 0.000642917 -2.12608e-05
internal_weight=500 437 325 148 112 63 83 177
internal_count=500 437 325 148 112 63 83 177
cat_boundaries=0 1
cat_threshold=41996
is_linear=0
shrinkage=0.0167612


Tree=420
num_leaves=7
num_cat=0
split_feature=81 64 85 134 58 119
split_gain=0.0272443 0.0304807 0.0431646 0.0250813 0.101454 0.0169261
threshold=1.0000000180025095e-35 861829.61913690495 1.0000000180025095e-35 1.0000000180025095e-35 287.50000000000006 649062.32638888899
decision_type=10 8 10 8 8 8
left_child=1 2 -1 4 -3 -5
right_child=-2 3 -4 5 -6 -7
leaf_value=-0.00068685773809305393 0.00035602537249836412 0.00022175612173590227 -0.00011008600062405906 -1.7964058631979537e-05 -0.00051560942128534427 0.00018322949026814103
leaf_weight=24 24 46 32 39 70 265
leaf_count=24 24 46 32 39 70 265
internal_value=8.03211e-06 -4.30311e-06 -0.000298564 2.53134e-05 -0.000128748 0.000118475
internal_weight=500 476 56 420 116 304
internal_count=500 476 56 420 116 304
is_linear=0
shrinkage=0.0167612


Tree=421
num_leaves=9
num_cat=0
split_feature=124 218 164 20 121 92 41 69
split_gain=0.0287681 0.0510594 0.0694918 0.0468711 0.0462553 0.0182932 0.00691922 0.0151925
threshold=-0.51035009728682057 0.10486232285978962 4.5000000000000009 1.0000000180025095e-35 1.0000000180025095e-35 98.500000000000014 1.0000000180025095e-35 1.0000000180025095e-35
decision_type=8 8 8 8 10 8 10 10
left_child=6 2 -2 5 -5 -3 7 -1
right_child=1 3 -4 4 -6 -7 -8 -9
leaf_value=0.00014823300707245753 -0.00011969915402271161 -0.00038250666180741542 -0.0007828201762345242 6.8980509938345084e-05 0.00065689476098756429 -1.6998698983884962e-05 9.6625336610430519e-05 0.00062229953756737341
leaf_weight=30 38 34 37 155 28 123 30 25
leaf_count=30 38 34 37 155 28 123 30 25
internal_value=7.68011e-06 -3.04768e-05 -0.000363061 2.99972e-05 0.000217404 -0.000128865 0.000251718 0.00038616
internal_weight=500 415 75 340 183 157 85 55
internal_count=500 415 75 340 183 157 85 55
is_linear=0
shrinkage=0.0167612


Tree=422
num_leaves=9
num_cat=0
split_feature=13 37 181 6 124 47 91 24
split_gain=0.0471382 0.0580129 0.0373185 0.0467956 0.0426849 0.0348868 0.0227031 0.00399205
threshold=378702.76988636371 5.5000000000000009 1.0000000180025095e-35 1.0000000180025095e-35 -0.26133906408550689 0.21666666666666662 26.500000000000004 3.1530214424951271
decision_type=2 10 8 2 10 8 10 8
left_child=5 2 4 -4 -2 7 -3 -1
right_child=1 6 3 -5 -6 -7 -8 -9
leaf_value=0.00011952092906104115 0.00053273377208363105 -0.000743547910515756 -0.00044622437209152708 -8.7952225025447732e-06 0.00010745481965968617 0.00049144991130281764 -0.0001323347170414093 -5.5550305837393546e-05
leaf_weight=33 57 31 44 158 28 70 41 38
leaf_count=33 57 31 44 158 28 70 41 38
internal_value=7.56682e-06 -7.22434e-05 -1.81353e-06 -8.31453e-05 0.000268431 0.000251163 -0.000422627 5.23398e-05
internal_weight=500 359 287 202 85 141 72 71
internal_count=500 359 287 202 85 141 72 71
is_linear=0
shrinkage=0.0167612


Tree=423
num_leaves=6
num_cat=0
split_feature=162 82 11 3 112
split_gain=0.0429174 0.0203863 0.102423 0.0527983 0.0215413
threshold=59622272.968991943 776672.97245370375 1.0000000180025095e-35 5.5000000000000009 1.0000000180025095e-35
decision_type=10 10 2 2 8
left_child=1 2 3 -1 -4
right_child=-2 -3 4 -5 -6
leaf_value=3.2313165270510358e-05 -0.00039468491564602934 0.00030809532194656206 -0.00041716256238739403 0.00042544542040338966 -3.6508174340040712e-05
leaf_weight=58 27 51 89 160 115
leaf_count=58 27 51 89 160 115
internal_value=6.89271e-06 6.20287e-05 5.57682e-06 0.000254855 -0.000224785
internal_weight=500 473 422 218 204
internal_count=500 473 422 218 204
is_linear=0
shrinkage=0.0167612


Tree=424
num_leaves=9
num_cat=0
split_feature=26 45 69 6 11 192 34 6
split_gain=0.049989 0.07929 0.0572172 0.0264728 0.0400084 0.0225123 0.00497495 0.00321002
threshold=2.2050000000000005 3.0385185185185191 1.0000000180025095e-35 1.0000000180025095e-35 -0.5 1322996.7198494221 145116.31786941583 1.0000000180025095e-35
decision_type=8 8 10 2 2 8 10 2
left_child=1 -1 5 6 -5 -2 -4 -7
right_child=2 -3 3 4 -6 7 -8 -9
leaf_value=0.00011954636876325813 -0.00058031489000877432 0.00078167861121747166 -4.1752125398221947e-05 0.00045155386364726692 3.5072332909470254e-05 -4.7023564584017721e-05 -0.00024429775882601703 -0.00015586652015398832
leaf_weight=34 40 37 25 76 92 34 24 121
leaf_count=34 40 37 25 76 92 34 24 121
internal_value=0 0.000337013 -6.20993e-05 8.14876e-05 0.000207708 -0.00026688 -9.75987e-05 -0.000132564
internal_weight=483 71 412 217 168 195 49 155
internal_count=483 71 412 217 168 195 49 155
is_linear=0
shrinkage=0.0167612


Tree=425
num_leaves=8
num_cat=0
split_feature=13 138 172 106 47 41 162
split_gain=0.179333 0.137341 0.034493 0.0229148 0.0230442 0.0104231 0.00473903
threshold=396531.29017857148 1.0000000180025095e-35 1.0000000180025095e-35 77740.354719090028 1.0000000180025095e-35 1.0000000180025095e-35 55546275.652575858
decision_type=2 8 8 8 10 10 10
left_child=1 -1 3 5 -5 -2 -3
right_child=2 6 -4 4 -6 -7 -8
leaf_value=0.0011125788226036928 0.00030662620085207391 3.1353715477760733e-05 -0.00041594987105335134 -2.9060060395933178e-05 -0.00034079703081274 5.3860842635465868e-05 0.00020355712448659477
leaf_weight=38 33 65 117 84 78 27 41
leaf_count=38 33 65 117 84 78 27 41
internal_value=0 0.000446552 -0.000194309 -4.80537e-05 -0.000159663 0.000131667 0.000140392
internal_weight=483 144 339 222 162 60 106
internal_count=483 144 339 222 162 60 106
is_linear=0
shrinkage=0.0167612


Tree=426
num_leaves=9
num_cat=0
split_feature=13 69 92 71 11 196 4 91
split_gain=0.12852 0.0469518 0.0699212 0.0356434 0.0339308 0.0461052 0.0320494 0.0146794
threshold=262159.16666666669 1.0000000180025095e-35 10.500000000000002 570177.50000000012 1.0000000180025095e-35 1.0000000180025095e-35 142.50000000000003 15.500000000000002
decision_type=2 10 10 8 2 10 2 10
left_child=3 2 6 -1 5 -3 -2 -6
right_child=1 4 -4 -5 7 -7 -8 -9
leaf_value=0.00023507169519605459 -0.00064240311405918988 0.00056918997157134508 0.0001013086771266251 0.00088844543906513198 -3.6660911479105806e-05 4.0456251921108574e-05 -0.0001047824753055961 -0.00027769253842434787
leaf_weight=25 99 40 24 42 45 81 62 65
leaf_count=25 99 40 24 42 45 81 62 65
internal_value=0 -0.000100568 -0.000290707 0.000549497 1.19449e-05 0.000215783 -0.000452365 -0.000124927
internal_weight=483 416 185 67 231 121 161 110
internal_count=483 416 185 67 231 121 161 110
is_linear=0
shrinkage=0.0167612


Tree=427
num_leaves=9
num_cat=0
split_feature=13 75 122 11 217 87 112 3
split_gain=0.116556 0.0744791 0.0273362 0.0349299 0.01547 0.0209496 0.0113662 0.00212158
threshold=316388.47742346948 1.0000000180025095e-35 30.500000000000004 0.25000000000000017 1.0000000180025095e-35 436866.07871720125 1.0000000180025095e-35 6.5000000000000009
decision_type=2 8 8 2 10 8 10 2
left_child=1 -1 4 7 6 -6 -2 -4
right_child=2 -3 3 -5 5 -7 -8 -9
leaf_value=0.00092109449342509463 -0.00023653485337807778 0.00011284074918332266 -7.397747198528866e-06 -0.00050004276518986711 5.8003674855007197e-05 0.00032772959497174881 -4.0949221518586423e-05 -9.8086499077198062e-05
leaf_weight=39 64 56 85 75 29 63 30 42
leaf_count=39 64 56 85 75 29 63 30 42
internal_value=0 0.00045093 -0.000117019 -0.000247123 -1.06852e-05 0.000148001 -0.000106676 -4.10409e-05
internal_weight=483 95 388 202 186 92 94 127
internal_count=483 95 388 202 186 92 94 127
is_linear=0
shrinkage=0.0167612


Tree=428
num_leaves=8
num_cat=0
split_feature=26 111 112 105 110 26 103
split_gain=0.0693895 0.0339344 0.027163 0.0225171 0.019475 0.0188713 0.0171649
threshold=2.0350000000000006 1.0000000180025095e-35 1.0000000180025095e-35 193479.1216710869 1.0000000180025095e-35 2.9600000000000004 1.0000000180025095e-35
decision_type=8 10 10 8 10 10 10
left_child=4 3 5 -2 -1 -3 -4
right_child=1 2 6 -5 -6 -7 -8
leaf_value=0.00017296971326253148 -0.00056201618370342675 -0.00028792746204781255 8.8901725061474071e-05 -0.00010795683529547064 0.00071488857693116192 -1.5591437895833679e-05 0.00035607272710219473
leaf_weight=27 29 48 28 166 33 70 82
leaf_count=27 29 48 28 166 33 70 82
internal_value=0 -6.72365e-05 2.97582e-05 -0.00022607 0.000422838 -7.39846e-05 0.000222084
internal_weight=483 423 228 195 60 118 110
internal_count=483 423 228 195 60 118 110
is_linear=0
shrinkage=0.0167612


Tree=429
num_leaves=11
num_cat=0
split_feature=185 6 192 83 6 225 109 33 6 205
split_gain=0.0331602 0.114113 0.0321103 0.0220654 0.0352913 0.0173349 0.0153728 0.0221795 0.00493599 0.000540363
threshold=42.500000000000007 1.5000000000000002 582471.08147721458 1.0000000180025095e-35 1.0000000180025095e-35 34.500000000000007 429369.57520993066 1.0000000180025095e-35 1.0000000180025095e-35 1.0000000180025095e-35
decision_type=8 2 10 10 2 8 10 10 2 10
left_child=2 5 3 4 -1 -2 7 -4 -7 -8
right_child=1 -3 6 -5 -6 8 9 -9 -10 -11
leaf_value=0.00016652425864280109 -0.00011671161176120991 -0.000637111837522501 -0.00048922489014638999 7.72298888343198e-05 0.00057549422989487935 5.1071154573828617e-05 9.0508859388817482e-05 -8.3375474659084329e-05 0.00025655507969470597 2.0924064459066636e-05
leaf_weight=27 29 61 24 48 82 43 38 29 75 27
leaf_count=27 29 61 24 48 82 43 38 29 75 27
internal_value=0 -0.000140282 0.000119847 0.000275567 0.000407082 3.00157e-05 1.48628e-07 -0.00021274 0.000168567 5.11505e-05
internal_weight=483 208 275 157 109 147 118 53 118 65
internal_count=483 208 275 157 109 147 118 53 118 65
is_linear=0
shrinkage=0.0167612


Tree=430
num_leaves=10
num_cat=0
split_feature=126 45 6 142 28 6 112 196 67
split_gain=0.0307371 0.054213 0.0395101 0.0301346 0.0263524 0.0571134 0.062006 0.0140646 0.000914412
threshold=1.0000000180025095e-35 2.7646153846153849 1.5000000000000002 3.5751879699248126 12.590909090909092 1.5000000000000002 1.0000000180025095e-35 1.0000000180025095e-35 24.500000000000004
decision_type=8 10 2 8 10 2 8 10 10
left_child=1 2 3 -1 5 6 -2 -7 -6
right_child=4 -3 -4 -5 8 7 -8 -9 -10
leaf_value=0.00032919146233065228 -0.00038081963692273343 -0.0001799877488737918 0.00063066147612104019 -6.6577648688049738e-05 4.0635028650957095e-05 -0.00069984200872379295 0.00019203351271636463 -0.00016814814834439242 0.00018044749702400938
leaf_weight=46 47 29 54 58 24 51 107 35 32
leaf_count=46 47 29 54 58 24 51 107 35 32
internal_value=0 0.000158906 0.000316759 8.34256e-05 -9.43719e-05 -0.000189091 -2.04656e-05 -0.000483023 9.28133e-05
internal_weight=483 187 158 104 296 240 154 86 56
internal_count=483 187 158 104 296 240 154 86 56
is_linear=0
shrinkage=0.0167612


Tree=431
num_leaves=7
num_cat=1
split_feature=0 129 119 181 192 110
split_gain=0.097906 0.261824 0.0424766 0.0477625 0.0193632 0.00565998
threshold=0 6.5000000000000009 870638.92008928582 1.0000000180025095e-35 612624.12728366686 1.0000000180025095e-35
decision_type=9 8 10 10 10 10
left_child=1 4 3 -2 -1 -5
right_child=2 -3 -4 5 -6 -7
leaf_value=0.00026550065926765425 0.00041809531390006859 -0.0012332087665732272 -0.00016810004739007501 -1.9602438553018807e-05 -5.6925910841646221e-05 0.00013061905307329427
leaf_weight=35 152 37 41 125 36 57
leaf_count=35 152 37 41 125 36 57
internal_value=0 -0.000358182 0.000129733 0.000215711 -3.39091e-05 2.00894e-05
internal_weight=483 108 375 334 71 182
internal_count=483 108 375 334 71 182
cat_boundaries=0 1
cat_threshold=1051792
is_linear=0
shrinkage=0.0167612


Tree=432
num_leaves=9
num_cat=1
split_feature=0 26 162 121 47 115 41 115
split_gain=0.120289 0.145706 0.0769406 0.065114 0.0427444 0.0390168 0.0490647 0.0258305
threshold=0 3.3750000000000004 56034648.179733731 1.0000000180025095e-35 0.21666666666666662 298157.7286252288 1.0000000180025095e-35 65882.445072806455
decision_type=9 8 10 8 10 8 10 8
left_child=2 5 -1 -3 7 6 -2 -4
right_child=1 3 4 -5 -6 -7 -8 -9
leaf_value=-0.00054880714100478847 0.00029349480971291048 0.00023231558651219612 -6.0592773964031162e-05 0.00077782359142708436 0.00033591661085366047 -0.00039639197274196218 -0.00026814020738131415 -0.00038542717334740922
leaf_weight=95 70 29 32 128 39 39 28 49
leaf_count=95 70 29 32 128 39 39 28 49
internal_value=3.526e-05 0.000252352 -0.000218825 0.000592773 -2.94898e-05 -3.24037e-05 2.69119e-05 -0.000164333
internal_weight=509 294 215 157 120 137 98 81
internal_count=509 294 215 157 120 137 98 81
cat_boundaries=0 1
cat_threshold=38962353
is_linear=0
shrinkage=0.0167612


Tree=433
num_leaves=9
num_cat=0
split_feature=13 14 201 101 115 10 67 101
split_gain=0.10788 0.104175 0.0807064 0.0223508 0.0293247 0.0145794 0.0125614 0.000254852
threshold=644410.68376068387 10.000000000000002 505732.50000000006 1.0000000180025095e-35 253057.2377091753 0.25000000000000011 48.500000000000007 1.0000000180025095e-35
decision_type=2 2 10 10 8 2 10 8
left_child=1 5 3 7 -5 -1 -3 -2
right_child=2 6 -4 4 -6 -7 -8 -9
leaf_value=-6.7976764037229223e-05 -3.3034591751608166e-05 0.00049541593877423459 0.00022763584640235848 -0.00029422591537605177 -0.00092403994117158379 -0.00043758263832469529 0.00016199475170052463 -5.3326414330062539e-05
leaf_weight=28 25 197 33 96 27 27 31 45
leaf_count=28 25 197 33 96 27 27 31 45
internal_value=3.38106e-05 0.000252466 -0.000199989 -0.000366429 -0.000511399 -0.000169812 0.000430678 -7.72208e-05
internal_weight=509 283 226 193 123 55 228 70
internal_count=509 283 226 193 123 55 228 70
is_linear=0
shrinkage=0.0167612


Tree=434
num_leaves=10
num_cat=0
split_feature=156 124 105 105 15 26 15 112 94
split_gain=0.0269526 0.0312797 0.0597438 0.0495487 0.0471883 0.0209521 0.0838785 0.00913967 0.00141103
threshold=1.0000000180025095e-35 0.26807884580619196 168452.35230421208 158606.37727271012 1.0000000180025095e-35 1.7750000000000001 1.0000000180025095e-35 1.0000000180025095e-35 63.500000000000007
decision_type=8 8 10 8 2 10 2 8 10
left_child=1 3 4 7 -3 6 -2 -1 -7
right_child=5 2 -4 -5 -6 8 -8 -9 -10
leaf_value=-0.00020157861269331359 4.3912991088151695e-05 0.00023040849827685094 -0.00064804932629880356 0.00042945454386362868 -0.00031878113444743162 7.613844421629536e-06 0.00063778508742144777 -2.4098085375226459e-05 -7.1679484184929932e-05
leaf_weight=53 96 53 38 45 47 56 69 28 24
leaf_count=53 96 53 38 45 47 56 69 28 24
internal_value=3.24937e-05 -5.60778e-05 -0.00023288 6.34235e-05 -3.66723e-05 0.000160657 0.000269463 -6.0199e-05 3.04262e-05
internal_weight=509 264 138 126 100 245 165 81 80
internal_count=509 264 138 126 100 245 165 81 80
is_linear=0
shrinkage=0.0167612


Tree=435
num_leaves=9
num_cat=0
split_feature=14 13 94 10 103 87 42 171
split_gain=0.0365226 0.194874 0.0808196 0.0476113 0.0441345 0.0250692 0.0209629 0.0193847
threshold=10.000000000000002 667242.50000000012 23.500000000000004 -1.0000000180025095e-35 1.0000000180025095e-35 1079100.7241568628 701058.44155844173 1.0000000180025095e-35
decision_type=2 2 8 2 8 8 8 10
left_child=3 6 5 -1 -4 -3 -2 -8
right_child=1 2 4 -5 -6 -7 7 -9
leaf_value=-8.6532242413387396e-05 0.00010563110042953096 -0.00024899951559088939 0.00028874308126828171 -0.00055192703767237836 -0.00020678461095251661 -0.00097811143296297584 0.00037084930921582647 0.00090506908749980102
leaf_weight=25 55 33 47 44 86 34 152 33
leaf_count=25 55 33 47 44 86 34 152 33
internal_value=3.15881e-05 0.000101104 -0.000225956 -0.00023215 -2.78411e-05 -0.000628837 0.000416468 0.000525286
internal_weight=509 440 200 69 133 67 240 185
internal_count=509 440 200 69 133 67 240 185
is_linear=0
shrinkage=0.0167612


Tree=436
num_leaves=7
num_cat=0
split_feature=13 123 176 42 112 200
split_gain=0.055913 0.185288 0.018018 0.0289707 0.0841071 0.0165534
threshold=304898.19133459841 26.000000000000004 29.000000000000004 298605.91382915183 1.0000000180025095e-35 86.725555555555573
decision_type=2 10 10 10 8 8
left_child=1 -1 3 4 -2 -5
right_child=2 -3 -4 5 -6 -7
leaf_value=0.0010442988389483467 -0.00058415790143838268 1.5837951677719229e-05 0.00020150349913658746 5.7438077592943243e-06 -1.9894743807409141e-05 0.00030440564891340977
leaf_weight=38 75 53 27 125 167 24
leaf_count=38 75 53 27 125 167 24
internal_value=3.09324e-05 0.000354678 -3.03382e-05 -8.03707e-05 -0.000197654 4.41576e-05
internal_weight=509 91 418 391 242 149
internal_count=509 91 418 391 242 149
is_linear=0
shrinkage=0.0167612


Tree=437
num_leaves=7
num_cat=0
split_feature=13 23 172 161 13 65
split_gain=0.0736782 0.156346 0.0384926 0.00881969 0.137775 0.00640422
threshold=345732.0991471216 900.00000000000011 1.0000000180025095e-35 0.98901092073877728 427905.18238993717 36958.666666666679
decision_type=2 10 10 8 2 10
left_child=1 -1 3 -2 -5 -4
right_child=2 -3 5 4 -6 -7
leaf_value=0.00087349422290429522 0.00016994252738472134 9.4539069848387203e-07 -0.00059347337642982954 0.00059480599144895137 -0.00019154247895890783 -0.00016553815567737454
leaf_weight=62 41 54 30 41 257 24
leaf_count=62 41 54 30 41 257 24
internal_value=3.07068e-05 0.000362469 -5.65665e-05 -2.95579e-06 -2.42757e-05 -0.000378101
internal_weight=509 116 393 339 298 54
internal_count=509 116 393 339 298 54
is_linear=0
shrinkage=0.0167612


Tree=438
num_leaves=6
num_cat=0
split_feature=75 13 216 55 79
split_gain=0.0277002 0.173979 0.0858443 0.025777 0.0153216
threshold=1.0000000180025095e-35 203181.85000000003 992828.36704595655 801684.29519047623 1.0000000180025095e-35
decision_type=10 2 8 10 10
left_child=1 -1 -2 4 -3
right_child=2 3 -4 -5 -6
leaf_value=0.00085656127266664603 1.8014639415067776e-05 -0.00012821756892197997 -0.00066157845881665363 0.00026835117980761829 8.6196165229511916e-05
leaf_weight=40 64 280 35 44 46
leaf_count=40 64 280 35 44 46
internal_value=3.02273e-05 0.000102707 -0.000159361 4.93875e-06 -6.24772e-05
internal_weight=509 410 99 370 326
internal_count=509 410 99 370 326
is_linear=0
shrinkage=0.0167612


Tree=439
num_leaves=8
num_cat=0
split_feature=52 162 26 124 13 22 79
split_gain=0.027 0.109774 0.0743031 0.042669 0.00831675 0.000831109 0.00941792
threshold=1.0000000180025095e-35 56652640.293106452 1.8550000000000002 1.0326805323289356 649062.32638888899 1.0000000180025095e-35 1.0000000180025095e-35
decision_type=10 8 8 8 2 10 10
left_child=1 5 -3 -2 -4 6 -1
right_child=3 2 4 -5 -6 -7 -8
leaf_value=-0.00049025499333168934 -3.8064733093555655e-05 0.0008141071599059921 0.00021268760001746958 -0.00048625733901125546 2.3235316363854154e-05 -0.00011628215901229917 -0.00015251231393662132
leaf_weight=54 58 35 167 41 104 24 26
leaf_count=54 58 35 167 41 104 24 26
internal_value=3.04864e-05 0.000102165 0.000272233 -0.000156186 0.000152524 -0.000265597 -0.000364669
internal_weight=509 410 306 99 271 104 80
internal_count=509 410 306 99 271 104 80
is_linear=0
shrinkage=0.0167612


Tree=440
num_leaves=8
num_cat=0
split_feature=81 7 96 216 13 48 190
split_gain=0.042656 0.0257725 0.0616318 0.107293 0.0315156 0.0525591 0.0116068
threshold=1.0000000180025095e-35 1.0000000180025095e-35 1.0000000180025095e-35 1112936.9496761838 910684.76337551349 1.0000000180025095e-35 1.0000000180025095e-35
decision_type=10 2 8 8 2 8 10
left_child=1 2 3 -1 5 -3 -4
right_child=-2 4 6 -5 -6 -7 -8
leaf_value=-4.3408347416001432e-05 0.00034112830654937676 0.00055183434458826424 3.9810998767965962e-06 -0.00070705549649859218 -0.00017018512247337684 6.7527278999269467e-05 0.0002499005843176411
leaf_weight=130 24 52 100 101 33 33 25
leaf_count=130 24 52 100 101 33 33 25
internal_value=-5.49658e-05 -0.000107069 -0.000184039 -0.00034533 3.27231e-05 0.000243536 2.52812e-05
internal_weight=498 474 356 231 118 85 125
internal_count=498 474 356 231 118 85 125
is_linear=0
shrinkage=0.0167612


Tree=441
num_leaves=7
num_cat=0
split_feature=81 7 26 41 79 92
split_gain=0.0418405 0.0246428 0.0781418 0.0962839 0.0146466 0.0121513
threshold=1.0000000180025095e-35 1.0000000180025095e-35 1.8550000000000002 1.0000000180025095e-35 1.0000000180025095e-35 40.500000000000007
decision_type=10 2 10 8 8 10
left_child=1 2 3 -1 -3 -4
right_child=-2 4 5 -5 -6 -7
leaf_value=0.00062388395185771623 0.00033845866767338672 0.00022458201324165045 -0.00044535914097991214 -9.1605456777004622e-05 -7.686764309615725e-06 -0.0001453734706238275
leaf_weight=33 24 55 184 109 63 30
leaf_count=33 24 55 184 109 63 30
internal_value=-5.37233e-05 -0.000105488 -0.00018081 4.25066e-05 2.98363e-05 -0.000378711
internal_weight=498 474 356 142 118 214
internal_count=498 474 356 142 118 214
is_linear=0
shrinkage=0.0167612


Tree=442
num_leaves=8
num_cat=1
split_feature=0 96 142 152 42 20 42
split_gain=0.128207 0.0838234 0.070514 0.0401648 0.0286788 0.0356447 0.000756667
threshold=0 1.0000000180025095e-35 2.5270467836257313 24.500000000000004 715945.07575757592 1.0000000180025095e-35 407893.72472075257
decision_type=9 10 8 8 10 8 8
left_child=2 3 -1 -2 5 -4 -5
right_child=1 -3 4 6 -6 -7 -8
leaf_value=-0.00022022610905119721 -0.00014224417304398762 0.00012173299806024267 0.00015145343379493087 -0.00024220466968485999 9.6770783900233202e-05 0.00070600284534136284 -0.00060474318286077603
leaf_weight=27 40 34 80 24 48 77 168
leaf_count=27 40 34 80 24 48 77 168
internal_value=-5.18482e-05 -0.000293913 0.00019207 -0.000446664 0.000345292 0.000458618 -0.000553213
internal_weight=498 266 232 232 205 157 192
internal_count=498 266 232 232 205 157 192
cat_boundaries=0 1
cat_threshold=319864
is_linear=0
shrinkage=0.0167612


Tree=443
num_leaves=7
num_cat=0
split_feature=182 24 112 13 4 129
split_gain=0.0401197 0.0666435 0.049228 0.0946611 0.0359148 0.0282818
threshold=1.0000000180025095e-35 2.7703296703296707 1.0000000180025095e-35 396531.29017857148 91.500000000000014 1.0000000180025095e-35
decision_type=10 10 8 2 2 10
left_child=1 2 3 -1 -4 -3
right_child=-2 5 4 -5 -6 -7
leaf_value=-0.00013284960649977495 0.00033367252088663615 0.00050373859480810912 -0.00022443897707297904 -0.00073701039296964713 0.00011245307256724387 5.7672479696429015e-05
leaf_weight=43 24 37 133 93 118 50
leaf_count=43 24 37 133 93 118 50
internal_value=-5.03746e-05 -0.000101434 -0.00020702 -0.000445803 -4.48954e-05 0.000211955
internal_weight=498 474 387 136 251 87
internal_count=498 474 387 136 251 87
is_linear=0
shrinkage=0.0167612


Tree=444
num_leaves=7
num_cat=0
split_feature=24 20 42 96 206 202
split_gain=0.0607173 0.0358422 0.0595327 0.0926691 0.0286524 0.0115321
threshold=2.7029411764705888 1.0000000180025095e-35 1330114.7285067877 1.0000000180025095e-35 1.0000000180025095e-35 37.500000000000007
decision_type=8 10 8 8 10 10
left_child=4 2 5 -4 -1 -2
right_child=1 -3 3 -5 -6 -7
leaf_value=-0.00073547794310091117 0.00044430696320269777 0.00034541470328125105 -0.00048884218986255089 2.6311331721968717e-05 -0.00011840994857908146 0.00012534198621617858
leaf_weight=32 57 49 111 168 57 24
leaf_count=32 57 49 111 168 57 24
internal_value=-4.83113e-05 1.60908e-05 -1.64777e-05 -0.000149337 -0.000385383 0.00028629
internal_weight=498 409 360 279 89 81
internal_count=498 409 360 279 89 81
is_linear=0
shrinkage=0.0167612


Tree=445
num_leaves=8
num_cat=1
split_feature=1 81 96 76 137 28 82
split_gain=0.0366582 0.093619 0.0777575 0.0541401 0.0293647 0.0327767 0.005502
threshold=0 1.0000000180025095e-35 1.0000000180025095e-35 4.5000000000000009 0.63333333333333341 86.725555555555573 575798.67500000016
decision_type=1 8 10 10 10 8 10
left_child=2 4 3 -1 6 -6 -2
right_child=1 -3 -4 -5 5 -7 -8
leaf_value=-0.00067023808081741296 0.00010618914061371658 0.00041899046036886369 0.00013693210393455455 -0.0001637525467955207 -0.00011857675595768314 -0.00049177258699875637 -5.001287674184546e-05
leaf_weight=94 75 98 31 34 29 74 63
leaf_count=94 75 98 31 34 29 74 63
internal_value=-4.71378e-05 2.78204e-05 -0.00023466 -0.000461635 -0.000107609 -0.000302559 -1.28359e-05
internal_weight=498 339 159 128 241 103 138
internal_count=498 339 159 128 241 103 138
cat_boundaries=0 1
cat_threshold=19
is_linear=0
shrinkage=0.0167612


Tree=446
num_leaves=10
num_cat=0
split_feature=13 123 134 18 86 7 171 141 171
split_gain=0.0615375 0.0787664 0.0534349 0.0387664 0.0306547 0.0297403 0.00921762 0.0053939 0.00223907
threshold=455886.70000000007 26.000000000000004 1.0000000180025095e-35 1.0000000180025095e-35 0.99999999997278366 1.0000000180025095e-35 1.0000000180025095e-35 1.0000000180025095e-35 1.0000000180025095e-35
decision_type=2 8 8 8 10 2 8 10 10
left_child=3 -2 4 7 -3 -4 -5 -1 -8
right_child=1 2 5 6 -6 -7 8 -9 -10
leaf_value=0.00020232815271141029 -0.00073401802401373535 0.00056212513077767918 -0.00035145747180348013 0.00016167827331580058 0.00010837399967698113 -4.3954976210524384e-05 -1.0141731880204849e-05 0.00071517536147837422 -0.00014582423083700467
leaf_weight=24 37 29 134 48 24 70 80 24 28
leaf_count=24 37 29 134 48 24 70 80 24 28
internal_value=-4.51763e-05 -0.00020397 -7.58779e-05 0.000138467 0.000247534 -0.000208575 1.48149e-05 0.000462132 -5.35507e-05
internal_weight=498 294 257 204 53 204 156 48 108
internal_count=498 294 257 204 53 204 156 48 108
is_linear=0
shrinkage=0.0167612


Tree=447
num_leaves=7
num_cat=0
split_feature=26 81 7 65 148 7
split_gain=0.059174 0.032889 0.0772817 0.00687126 0.00289866 0.000197372
threshold=1.9100000000000004 1.0000000180025095e-35 1.0000000180025095e-35 73402.368421052655 1.0000000180025095e-35 1.0000000180025095e-35
decision_type=8 8 2 10 10 2
left_child=-1 2 4 -4 -2 -3
right_child=1 5 3 -5 -6 -7
leaf_value=0.00032941460330200974 -0.00045979884860318613 2.6421744234946853e-05 0.00025217931286464261 2.7088167125428753e-05 -0.00014594763498367047 7.9452351005393358e-07
leaf_weight=55 176 115 34 36 33 49
leaf_count=55 176 115 34 36 33 49
internal_value=-4.40474e-05 -0.00012263 -0.000234003 7.92629e-05 -0.000403632 2.87748e-06
internal_weight=498 443 279 70 209 164
internal_count=498 443 279 70 209 164
is_linear=0
shrinkage=0.0167612


Tree=448
num_leaves=8
num_cat=1
split_feature=0 67 13 6 77 138 167
split_gain=0.0879736 0.147933 0.0584418 0.0680971 0.115809 0.0609994 0.0281499
threshold=0 42.500000000000007 365234.80931372562 1.5000000000000002 1.4130593830121967 1.0000000180025095e-35 1.0000000180025095e-35
decision_type=9 8 2 2 8 10 8
left_child=1 -1 5 4 -4 -2 -5
right_child=2 -3 3 6 -6 -7 -8
leaf_value=-5.1161691397883262e-05 0.00074249374638281384 -0.00090644073338812291 0.00034738347845855266 0.00014601967429362544 -0.00039252290589281743 0.00013815506688964264 0.00052379708720252526
leaf_weight=66 67 46 41 24 143 42 72
leaf_count=66 67 46 41 24 143 42 72
internal_value=2.38238e-05 -0.000298949 0.000153513 1.14961e-05 -0.000140613 0.000448607 0.000333519
internal_weight=501 112 389 280 184 109 96
internal_count=501 112 389 280 184 109 96
cat_boundaries=0 1
cat_threshold=1147928
is_linear=0
shrinkage=0.0167612


Tree=449
num_leaves=6
num_cat=0
split_feature=99 162 77 4 190
split_gain=0.04093 0.0597604 0.0619076 0.0160171 0.00768331
threshold=53.500000000000007 58937432.440812625 0.94823275228918769 122.00000000000001 16.000000000000004
decision_type=8 10 10 2 10
left_child=1 2 4 -2 -1
right_child=3 -3 -4 -5 -6
leaf_value=0.00015135712299327357 -0.00028503137246533206 -0.00023753737654814793 0.00070680475876467696 -2.0897381793198303e-05 4.1090844896385285e-05
leaf_weight=200 88 34 44 101 34
leaf_count=200 88 34 44 101 34
internal_value=2.34958e-05 0.000148783 0.00025481 -0.000133823 0.000115839
internal_weight=501 312 278 189 234
internal_count=501 312 278 189 234
is_linear=0
shrinkage=0.0167612


Tree=450
num_leaves=8
num_cat=0
split_feature=125 13 13 119 77 6 216
split_gain=0.0667254 0.0781428 0.070105 0.027072 0.0654587 0.0141798 0.0136764
threshold=40.500000000000007 326305.73834558134 691484.81818181823 714215.90909090929 1.6440144637567806 1.0000000180025095e-35 1034511.4367056844
decision_type=8 2 2 10 8 2 8
left_child=2 -2 6 -4 -5 -3 -1
right_child=1 5 3 4 -6 -7 -8
leaf_value=0.00064906897786004222 0.00018240884080239039 -0.00067152936694883463 0.00012588753858797533 -7.7622196510952553e-05 -0.00065893739580657454 -0.00021850445240132168 0.00020808008394106981
leaf_weight=67 57 34 47 34 35 134 93
leaf_count=67 57 34 47 34 35 134 93
internal_value=2.25758e-05 -0.000156653 0.000200505 -4.78233e-06 -0.000246289 -0.000358977 0.000422858
internal_weight=501 225 276 116 69 168 160
internal_count=501 225 276 116 69 168 160
is_linear=0
shrinkage=0.0167612


Tree=451
num_leaves=10
num_cat=0
split_feature=11 176 142 123 92 119 29 26 43
split_gain=0.0472039 0.117748 0.0364916 0.036163 0.0208268 0.0225693 0.00653647 0.0132089 0.00227072
threshold=-1.0000000180025095e-35 23.500000000000004 4.9687500000000009 46.000000000000007 42.500000000000007 366290.89460784319 1.0000000180025095e-35 2.2950000000000004 1.0000000180025095e-35
decision_type=2 10 8 8 8 10 10 10 10
left_child=1 6 4 -4 -2 -6 -1 -8 -5
right_child=2 -3 3 8 5 -7 7 -9 -10
leaf_value=-6.6949494712481347e-05 0.00026776578207170036 0.00075669486592065281 -0.0006950619410916642 -0.00011839303152728683 7.3395783040290836e-05 -0.00028049249400862331 0.00030043668251329058 1.6889866595331861e-05 -4.5496032965774966e-05
leaf_weight=94 44 47 28 77 29 46 29 83 24
leaf_count=94 44 47 28 77 29 46 29 83 24
internal_value=2.2531e-05 0.000186033 -0.000111199 -0.000301132 1.07793e-05 -4.33869e-05 1.54749e-05 9.18935e-05 -0.000103916
internal_weight=501 253 248 129 119 75 206 112 101
internal_count=501 253 248 129 119 75 206 112 101
is_linear=0
shrinkage=0.0167612


Tree=452
num_leaves=8
num_cat=1
split_feature=0 225 90 3 152 46 192
split_gain=0.0847089 0.122579 0.0183401 0.0375836 0.0622617 0.0606944 0.00437667
threshold=0 45.500000000000007 57.000000000000007 6.5000000000000009 52.500000000000007 -1.0000000180025095e-35 1080010.6978243287
decision_type=9 8 10 2 8 10 8
left_child=1 6 3 4 -2 -5 -1
right_child=2 -3 -4 5 -6 -7 -8
leaf_value=0.00011334730375543068 0.00038345931181751468 -0.00082553208775392524 1.9108203303658065e-05 0.00057855785681256463 -0.00018649670094215176 6.8174915665919689e-05 -2.6952223396158819e-05
leaf_weight=37 49 50 40 115 105 78 27
leaf_count=37 49 50 40 115 105 78 27
internal_value=2.21722e-05 -0.000291496 0.000150934 0.000206918 2.23951e-05 0.000352685 -6.58869e-05
internal_weight=501 114 387 347 154 193 64
internal_count=501 114 387 347 154 193 64
cat_boundaries=0 1
cat_threshold=1082904
is_linear=0
shrinkage=0.0167612


Tree=453
num_leaves=8
num_cat=0
split_feature=13 159 23 58 83 11 11
split_gain=0.077823 0.153985 0.0896967 0.05051 0.0454183 0.031109 0.00984464
threshold=292907.42592592601 41.500000000000007 900.00000000000011 78.500000000000014 1.0000000180025095e-35 -0.68301270189221952 0.25000000000000017
decision_type=2 8 10 8 10 2 2
left_child=2 3 -1 -2 -5 -3 -7
right_child=1 5 -4 4 -6 6 -8
leaf_value=0.00090127644862537286 -7.830097835198812e-05 -0.00011011119301540111 0.00011814643827578916 0.00052083301878223407 6.7579799385804117e-05 -0.00028330919299988347 -0.00079587190971163943
leaf_weight=38 55 52 47 116 72 57 64
leaf_count=38 55 52 47 116 72 57 64
internal_value=2.10343e-05 -5.28585e-05 0.000415242 0.000174742 0.000327912 -0.000416457 -0.000586198
internal_weight=501 416 85 243 188 173 121
internal_count=501 416 85 243 188 173 121
is_linear=0
shrinkage=0.0167612


Tree=454
num_leaves=8
num_cat=0
split_feature=195 125 13 6 46 42 10
split_gain=0.0386581 0.0590016 0.0480335 0.0200848 0.0400738 0.0101879 0.000919158
threshold=2.5000000000000004 37.500000000000007 510944.7410714287 1.0000000180025095e-35 27.500000000000004 527136.30157418072 -1.0000000180025095e-35
decision_type=8 10 2 2 10 10 2
left_child=1 3 6 -1 -5 -3 -2
right_child=2 5 -4 4 -6 -7 -8
leaf_value=7.975216021456532e-05 2.4520753104942863e-06 -0.00023549744039836105 -0.00039327608632061929 0.00053948669277620255 0.00010911574885206714 -4.344264235476461e-05 7.0830843699295728e-05
leaf_weight=51 48 69 90 125 48 25 45
leaf_count=51 48 69 90 125 48 25 45
internal_value=2.00987e-05 0.000139927 -0.000136513 0.000297368 0.00038934 -0.00010155 8.74935e-06
internal_weight=501 318 183 224 173 94 93
internal_count=501 318 183 224 173 94 93
is_linear=0
shrinkage=0.0167612


Tree=455
num_leaves=7
num_cat=0
split_feature=13 17 130 82 41 64
split_gain=0.0829489 0.0843202 0.0482207 0.0160766 0.0140885 0.0125295
threshold=1001400.8989583334 1.0000000180025095e-35 40.500000000000007 1.0000000180025095e-35 1.0000000180025095e-35 271029.22297297302
decision_type=2 10 8 10 10 10
left_child=1 2 4 -4 -1 -2
right_child=5 -3 3 -5 -6 -7
leaf_value=0.00037249600263371778 -0.00066094116910673595 0.00056871620866070095 -0.00023906179587659867 -4.6603651518454943e-05 2.9818253316315767e-05 -0.00016699898076567084
leaf_weight=74 37 63 154 40 106 27
leaf_count=74 37 63 154 40 106 27
internal_value=1.91848e-05 0.000115971 5.51978e-06 -0.000146341 0.000198927 -0.000408242
internal_weight=501 437 374 194 180 64
internal_count=501 437 374 194 180 64
is_linear=0
shrinkage=0.0167612


Tree=456
num_leaves=9
num_cat=1
split_feature=1 151 103 12 15 56 105 38
split_gain=0.0520432 0.0579464 0.023793 0.0171345 0.0158746 0.0289701 0.0112129 0.0070198
threshold=0 1.0000000180025095e-35 1.0000000180025095e-35 1.0000000180025095e-35 1.0000000180025095e-35 2.5000000000000004 204336.1670229731 1.0000000180025095e-35
decision_type=1 8 10 2 2 8 8 10
left_child=4 2 6 -3 5 -1 -2 -4
right_child=1 3 7 -5 -6 -7 -8 -9
leaf_value=0.00011662415393831961 -0.0003733809440425976 0.0001114229939258317 8.970918598009919e-07 0.00059886579407628722 -0.00053590808309188535 -0.00032207881706047185 -5.1161661373620949e-05 0.00015363848490617697
leaf_weight=27 73 75 85 36 63 39 66 49
leaf_count=27 73 75 85 36 63 39 66 49
internal_value=-6.20358e-05 1.5291e-05 -8.1301e-05 0.000312668 -0.000310026 -8.42956e-05 -0.000231823 4.97684e-06
internal_weight=513 384 273 111 129 66 139 134
internal_count=513 384 273 111 129 66 139 134
cat_boundaries=0 1
cat_threshold=18
is_linear=0
shrinkage=0.0167612


Tree=457
num_leaves=8
num_cat=0
split_feature=181 2 28 105 200 12 161
split_gain=0.0392278 0.049888 0.0275387 0.0317809 0.018341 0.0772249 0.0131708
threshold=1.0000000180025095e-35 2023.5000000000002 86.725555555555573 84866.74865303612 25.569444444444446 1.0000000180025095e-35 1.5247097299731933
decision_type=10 2 8 10 10 2 8
left_child=1 -1 -3 -4 5 6 -2
right_child=4 2 3 -5 -6 -7 -8
leaf_value=0.00049552271996806604 -0.00015130179821559999 0.00021829932661456445 -1.3325167233171184e-05 -0.00041904802738048611 -7.4605589960328943e-05 -0.00065165453705611084 0.00010868328871706012
leaf_weight=26 81 60 146 42 35 72 51
leaf_count=26 81 60 146 42 35 72 51
internal_value=-6.08502e-05 4.43418e-05 3.10762e-06 -0.000117414 -0.000214312 -0.000287039 -3.56022e-05
internal_weight=513 274 248 188 239 204 132
internal_count=513 274 248 188 239 204 132
is_linear=0
shrinkage=0.0167612


Tree=458
num_leaves=8
num_cat=1
split_feature=37 0 161 105 154 15 6
split_gain=0.0567196 0.0796992 0.0838519 0.0417779 0.0234097 0.0554347 0.00477241
threshold=5.5000000000000009 0 0.97830855510933701 219774.42019715314 1.0000000180025095e-35 1.0000000180025095e-35 1.0000000180025095e-35
decision_type=10 9 10 8 8 2 2
left_child=1 2 -1 -2 5 -3 -6
right_child=3 4 -4 -5 6 -7 -8
leaf_value=0.00068852960651297483 -0.00063554872496789062 -0.00014464846583494989 7.2173083153236075e-05 -0.00011040683651112995 -0.00012643045556726582 -0.00076891547924573208 -1.1251511109497354e-06
leaf_weight=76 59 28 31 43 51 26 199
leaf_count=76 59 28 31 43 51 26 199
internal_value=-5.92229e-05 6.12156e-06 0.000344087 -0.000364412 -0.00010367 -0.000361344 -1.31047e-05
internal_weight=513 411 107 102 304 54 250
internal_count=513 411 107 102 304 54 250
cat_boundaries=0 1
cat_threshold=4301056
is_linear=0
shrinkage=0.0167612


Tree=459
num_leaves=6
num_cat=0
split_feature=162 77 176 87 79
split_gain=0.0484435 0.0828816 0.0511943 0.0388287 0.0143273
threshold=58875130.810638651 1.7044138100441548 25.500000000000004 1454718.1664855073 1.0000000180025095e-35
decision_type=10 8 8 8 8
left_child=1 -1 3 -3 -4
right_child=-2 2 4 -5 -6
leaf_value=0.0004794838549856302 -0.00042964334245012469 -4.7323773429906838e-05 0.00026945148511029864 -0.00046665654383345377 5.1898151738205443e-06
leaf_weight=51 51 88 38 111 174
leaf_count=51 51 88 38 111 174
internal_value=-5.86219e-05 -2.27938e-06 -8.08204e-05 -0.000270136 5.35045e-05
internal_weight=513 462 411 199 212
internal_count=513 462 411 199 212
is_linear=0
shrinkage=0.0167612


Tree=460
num_leaves=11
num_cat=1
split_feature=1 200 217 91 142 12 206 76 94 76
split_gain=0.0492268 0.0819298 0.0500627 0.0504324 0.02857 0.0149097 0.0141982 0.00718266 0.00155136 9.70571e-06
threshold=0 55.875000000000007 1.0000000180025095e-35 36.500000000000007 2.5080645161290325 1.0000000180025095e-35 1.0000000180025095e-35 11.500000000000002 26.500000000000004 26.500000000000004
decision_type=1 8 8 8 8 2 10 8 10 8
left_child=5 4 8 -4 -2 9 -6 -7 -3 -1
right_child=1 2 3 -5 6 7 -8 -9 -10 -11
leaf_value=-3.303229626043548e-05 -0.00056894716725909762 -7.6819262501795783e-05 0.00074429853061683629 0.00013899017450735 -0.00020924441363398384 -0.00076347127982511918 3.5609014195035871e-05 -0.00019634530328706818 5.6669641543793618e-06 -4.5519379965592568e-05
leaf_weight=25 35 47 55 112 64 30 45 33 26 41
leaf_count=25 35 47 55 112 64 30 45 33 26 41
internal_value=-5.72405e-05 1.7459e-05 0.000217039 0.000384765 -0.000236178 -0.000299013 -6.47719e-05 -0.000517937 1.35501e-05 -7.72154e-05
internal_weight=513 384 240 167 144 129 109 63 73 66
internal_count=513 384 240 167 144 129 109 63 73 66
cat_boundaries=0 1
cat_threshold=18
is_linear=0
shrinkage=0.0167612


Tree=461
num_leaves=10
num_cat=1
split_feature=0 165 181 142 19 7 119 154 200
split_gain=0.0918048 0.0475177 0.0402192 0.0450248 0.0309115 0.018295 0.0178422 0.00894465 0.00799073
threshold=0 34.654471544715456 1.0000000180025095e-35 2.5916666666666672 9.0000000000000018 1.0000000180025095e-35 870638.92008928582 1.0000000180025095e-35 37.357777777777784
decision_type=9 10 10 10 10 2 10 10 8
left_child=1 4 3 -2 5 -1 -5 -4 -9
right_child=2 -3 7 6 -6 -7 -8 8 -10
leaf_value=-0.00070590495370652958 0.00046593233937738759 -8.2324810964081797e-05 -0.00022049027784821728 0.00017169629855742007 -0.00016316869003297013 -0.00017362518335307917 -0.0001968691384482165 -0.00010593112756095983 0.00013070111994645375
leaf_weight=102 112 37 35 34 33 42 36 38 44
leaf_count=102 112 37 35 34 33 42 36 38 44
internal_value=-5.68897e-05 -0.000303432 0.000102804 0.000268835 -0.000451259 -0.000563783 5.6654e-05 -4.79149e-05 -8.89414e-06
internal_weight=513 214 299 182 177 144 70 117 82
internal_count=513 214 299 182 177 144 70 117 82
cat_boundaries=0 1
cat_threshold=35014306
is_linear=0
shrinkage=0.0167612


Tree=462
num_leaves=8
num_cat=1
split_feature=0 13 49 142 176 165 176
split_gain=0.138566 0.10724 0.11784 0.0896752 0.0881999 0.0759528 0.00455379
threshold=0 304898.19133459841 1.0000000180025095e-35 3.1374586679263112 25.500000000000004 32.878378378378386 22.000000000000004
decision_type=9 2 8 8 10 10 10
left_child=3 2 -2 6 -5 -3 -1
right_child=1 5 -4 4 -6 -7 -8
leaf_value=-4.1423912149154548e-05 -0.00018705525239844672 -0.00063063505028625763 0.00075072253276064474 0.00021537932651776565 0.0010333973234695343 -0.00015059508845083396 -0.00024848760598186878
leaf_weight=29 24 190 29 128 32 41 40
leaf_count=29 24 190 29 128 32 41 40
internal_value=-5.54919e-05 -0.000295095 0.000124198 0.000205359 0.000446983 -0.000480944 -0.000105697
internal_weight=513 284 53 229 160 231 69
internal_count=513 284 53 229 160 231 69
cat_boundaries=0 1
cat_threshold=4237653
is_linear=0
shrinkage=0.0167612


Tree=463
num_leaves=8
num_cat=1
split_feature=1 108 200 124 12 217 123
split_gain=0.0471489 0.0766823 0.0610882 0.0700231 0.0398119 0.0278507 0.00512086
threshold=0 5.5000000000000009 63.20000000000001 -0.49964174297922992 1.0000000180025095e-35 1.0000000180025095e-35 26.000000000000004
decision_type=1 10 8 8 2 8 10
left_child=5 6 3 -3 -4 -1 -2
right_child=1 2 4 -5 -6 -7 -8
leaf_value=-0.00010932687015119437 0.00020508668357141626 -6.8047393242915059e-05 0.00031839162926692411 -0.00068600656091108512 -0.000121577254840157 -0.00046314406146332772 0.0006273819054670852
leaf_weight=31 97 75 82 65 39 98 26
leaf_count=31 97 75 82 65 39 98 26
internal_value=-5.35572e-05 1.91638e-05 -0.000106393 -0.000341103 8.07536e-05 -0.000290656 0.00034
internal_weight=513 384 261 140 121 129 123
internal_count=513 384 261 140 121 129 123
cat_boundaries=0 1
cat_threshold=18
is_linear=0
shrinkage=0.0167612


Tree=464
num_leaves=9
num_cat=0
split_feature=51 216 15 115 15 218 159 137
split_gain=0.0564637 0.152715 0.221448 0.0708443 0.023965 0.0167767 0.00567548 0.00363266
threshold=1.0000000180025095e-35 1300437.9662549871 1.0000000180025095e-35 168104.39237479019 1.0000000180025095e-35 0.046092973093857924 48.500000000000007 1.0000000180025095e-35
decision_type=8 8 2 8 2 8 8 10
left_child=1 3 -3 5 6 -1 7 -2
right_child=4 2 -4 -5 -6 -7 -8 -9
leaf_value=-0.00025465225711724504 0.0001878679855872438 -0.00019630077686175383 -0.0012520604776061262 0.0005370141291999417 0.00030404395188277664 -1.4877063011377632e-05 -8.1691368606507257e-05 2.451943127124659e-05
leaf_weight=56 31 44 59 34 86 56 83 45
leaf_count=56 31 44 59 34 86 56 83 45
internal_value=-4.00059e-05 -0.000217712 -0.000659421 3.53407e-05 0.000107186 -6.37496e-05 1.12744e-05 8.35532e-05
internal_weight=494 249 103 146 245 112 159 76
internal_count=494 249 103 146 245 112 159 76
is_linear=0
shrinkage=0.0167612


Tree=465
num_leaves=7
num_cat=0
split_feature=56 13 43 36 3 85
split_gain=0.0751183 0.116004 0.0927828 0.0328707 0.101496 0.0283574
threshold=3.5000000000000004 451273.17209450837 1.0000000180025095e-35 3.5000000000000004 6.5000000000000009 0.070598006644518263
decision_type=10 2 8 8 2 8
left_child=1 3 -3 -1 -5 -4
right_child=-2 2 5 4 -6 -7
leaf_value=0.00013835793119315357 -0.00059812266092136536 -0.00078956774393058328 0.00017334668580234515 0.00083538447520504794 0.00010841305440092432 -0.00014824447826145001
leaf_weight=27 26 27 54 73 63 224
leaf_count=27 26 27 54 73 63 224
internal_value=-3.8206e-05 -1.46724e-06 -0.000167939 0.000338227 0.000473839 -5.31536e-05
internal_weight=494 468 305 163 136 278
internal_count=494 468 305 163 136 278
is_linear=0
shrinkage=0.0167612


Tree=466
num_leaves=9
num_cat=0
split_feature=51 12 42 58 162 189 12 40
split_gain=0.0534954 0.150538 0.0562794 0.0425311 0.0428274 0.0349488 0.0156495 0.0123855
threshold=1.0000000180025095e-35 1.0000000180025095e-35 258492.09090909097 112.50000000000001 58794425.966729723 109.50000000000001 1.0000000180025095e-35 1.0000000180025095e-35
decision_type=8 2 10 8 8 8 2 10
left_child=1 2 7 -2 -5 -4 -6 -1
right_child=3 -3 5 4 6 -7 -8 -9
leaf_value=0.00055256206148138708 -0.00011989183414955207 -0.00075690179137960999 -1.6356043915509318e-06 0.00064996218618878772 1.6385113112433851e-05 -0.00038143760565816483 0.00023940442853554527 9.9040529690034619e-05
leaf_weight=34 65 69 24 36 80 82 64 40
leaf_count=34 65 69 24 36 80 82 64 40
internal_value=-3.85735e-05 -0.000211875 -1.99308e-05 0.000104147 0.000256018 -0.000185672 8.71802e-05 0.000310999
internal_weight=494 249 180 245 180 106 144 74
internal_count=494 249 180 245 180 106 144 74
is_linear=0
shrinkage=0.0167612


Tree=467
num_leaves=8
num_cat=0
split_feature=76 220 65 12 6 66 18
split_gain=0.0602267 0.0900875 0.0389271 0.170899 0.0194641 0.0323823 0.0104746
threshold=2.5000000000000004 690.00000000000011 513252.49313501146 1.0000000180025095e-35 1.0000000180025095e-35 30.500000000000004 1.0000000180025095e-35
decision_type=10 8 8 2 2 8 10
left_child=1 -1 -2 -4 5 -3 -6
right_child=2 4 3 -5 6 -7 -8
leaf_value=-0.00044234889052001755 -7.4712599547641282e-05 0.00025474391234581737 -0.00015841627894812771 -0.0012701062638515554 0.00028477519172415914 -0.00025217263279047805 0.00010685016856052221
leaf_weight=42 60 24 47 27 227 43 24
leaf_count=42 60 24 47 27 227 43 24
internal_value=-3.76046e-05 5.09408e-05 -0.000314553 -0.000556776 0.000170796 3.72535e-05 0.000244053
internal_weight=494 360 134 74 318 67 251
internal_count=494 360 134 74 318 67 251
is_linear=0
shrinkage=0.0167612


end of trees

feature_importances:
dynamic_anchor_price=198
season_strength=115
month_cos=109
month_sin=99
roomId=76
prop_group_keywords_count_lag_8=65
is_recent_lag_missing=56
inflation_rate_lag_8=49
ch_price_per_day_ratio_lag_8=49
month=47
room_fc_beach_front_lag_8=47
range_booking_arrival_lag_9_lag_8=46
price_roll_std_12_lag_8=45
is_peak_season=43
ch_publish_ratio_lag_8=43
leftover_rooms_lag_9_lag_8=42
room_fc_safe_lag_8=40
room_cfg_feature_count_lag_8=38
is_fallback_anchor=37
mask_flag_lag_8=37
masterId_lag_8=36
price_roll_mean_3_lag_8=36
range_booking_arrival_lag_19_lag_8=35
price_roll_mean_12_lag_8=35
status_new_lag_8=34
price_zscore_property_lag_8=34
is_major_holiday_month=33
price_to_mean_ratio_lag_8=33
range_booking_arrival_lag_8_lag_8=33
price_roll_std_6_lag_8=32
leftover_rooms_lag_8_lag_8=32
numChild_lag_9_lag_8=32
room_fc_desk_lag_8=31
room_fc_refrigerator_lag_8=30
price_lag_12_lag_8=30
total_capacity_nights=29
quarter=29
ch_connect_limited_ratio_lag_8=29
year=28
price_lag_10_lag_8=28
price_yoy_historical_lag_8=28
price_lag_9_lag_8=28
used_room_nights_lag_8_lag_8=27
used_room_nights_lag_9_lag_8=27
anchor_age_months=26
price_vs_property_avg_lag_8=26
leftover_rooms_lag_19_lag_8=26
room_cfg_room_size_lag_8=26
cal_low_avail_rate_lag_8=26
price_lag_24_lag_8=25
price_roll_std_3_lag_8=25
used_room_nights_lag_19_lag_8=25
num_of_nights_lag_9_lag_8=24
commission_lag_19_lag_8=24
propertyId=23
price_base_vs_anchor_lag_8=23
room_fc_tv_lag_8=23
price_diff_1_lag_8=22
num_of_nights_lag_19_lag_8=22
room_cfg_max_people_lag_8=22
num_of_nights_lag_8_lag_8=22
room_fc_deck_patio_uncovered_lag_8=22
room_fc_separate_toilet_area_lag_8=21
price_lag_19_lag_8=21
room_fc_air_conditioning_lag_8=21
room_fc_baggage_storage_lag_8=20
price_roll_mean_6_lag_8=20
title_RO_lag_8=20
prop_type_hotel_lag_8=20
room_fc_shampoo_lag_8=20
room_fc_breakfast_possible_lag_8=20
custom1_Paid_OTA_lag_8=19
numChild_lag_19_lag_8=19
season_price_interaction_lag_8=19
referer_Booking_com_lag_8=19
prop_feature_codes_count_lag_8=19
numChild_lag_8_lag_8=19
price_growth_1_lag_8=19
room_fc_beach_view_lag_8=18
channel_booking_lag_8=18
reference_45867993_marie_lag_8=18
room_fc_bath_toilet_lag_8=18
price_lag_13_lag_8=18
qty_lag_8=17
ch_connect_inventory_ratio_lag_8=17
room_fc_kettle_lag_8=17
room_fc_wifi_lag_8=17
cancelTime_2024_08_05T03_15_10Z_lag_8=17
prop_checkin_start_min_lag_8=16
room_fc_linens_lag_8=16
price_lag_20_lag_8=16
refererEditable_Booking_com_lag_8=16
room_cfg_roomType_double_lag_8=15
arrivalTime_16_3_lag_8=15
commission_lag_9_lag_8=15
apiSource_Booking_com_lag_8=15
voucher_geniuscm_lag_8=15
room_fc_garden_lag_8=15
prop_longitude_lag_8=15
status_confirmed_lag_8=15
room_fc_balcony_lag_8=14
allowChannelUpdate_all_lag_8=14
allowReview_default_lag_8=14
cal_soldout_rate_lag_8=13
room_fc_hangers_lag_8=13
prop_latitude_lag_8=13
subStatus_none_lag_8=13
groupNote_Room_Only__lag_8=13
room_cfg_roomType_quadruple_lag_8=13
prop_type_resort_lag_8=12
room_fc_bed_double_lag_8=12
room_fc_towels_lag_8=12
room_fc_toiletries_lag_8=12
commission_lag_8_lag_8=11
prop_type_guesthouse_lag_8=11
price_lag_8_lag_8=11
room_fc_car_available_lag_8=10
room_fc_reception_24_hour_lag_8=10
allowCancellation__type_propertyDefault__lag_8=10
prop_type_bungalow_lag_8=10
cal_numAvail_low_days_lag_8=10
allowAutoAction_enable_lag_8=9
room_fc_hair_dryer_lag_8=9
room_fc_laptop_friendly_lag_8=9
room_cfg_control_priority_lag_8=8
room_fc_airport_shuttle_lag_8=8
cal_numAvail_mean_lag_8=8
room_fc_bed_single_lag_8=8
cal_numAvail_max_lag_8=8
ch_enabled_ratio_lag_8=7
room_fc_minibar_lag_8=7
room_fc_beach_lag_8=7
room_fc_bedroom_lag_8=7
room_fc_tables_and_chairs_lag_8=7
room_fc_cleaning_included_lag_8=7
room_fc_breakfast_included_lag_8=7
cal_numAvail_min_lag_8=7
prop_checkout_end_min_lag_8=7
room_fc_bicycle_lag_8=6
peak_price_interaction_lag_8=6
room_fc_satellite_lag_8=6
cal_numAvail_zero_days_lag_8=6
room_fc_bathroom_lag_8=6
room_fc_bath_shower_lag_8=6
room_fc_coffee_maker_lag_8=5
room_cfg_rack_rate_lag_8=5
room_cfg_units_count_lag_8=5
room_fc_breakfast_in_room_lag_8=5
room_cfg_qty_raw_lag_8=5
prop_type_villa_lag_8=5
room_fc_cleaning_possible_lag_8=4
room_cfg_unitAllocation_perbooking_lag_8=3
room_cfg_roomType_twin_lag_8=3
room_fc_restaurant_lag_8=3
room_fc_closets_in_room_lag_8=3
cal_numAvail_std_lag_8=3
room_cfg_roomType_single_lag_8=3
room_cfg_max_adult_lag_8=3
prop_checkin_end_min_lag_8=2
room_fc_sitting_area_lag_8=2
room_fc_tv_hd_32_plus_lag_8=2
cal_days_covered_lag_8=2
room_fc_scuba_or_snorkeling_lag_8=2
room_cfg_roomType_twindouble_lag_8=2
reference_PAM228132_lag_8=1
room_cfg_roomType_triple_lag_8=1
room_fc_cycling_lag_8=1
room_fc_bar_lag_8=1
room_fc_private_bathroom_lag_8=1
room_fc_dining_area_lag_8=1

parameters:
[boosting: gbdt]
[objective: regression]
[metric: rmse]
[tree_learner: serial]
[device_type: cpu]
[data_sample_strategy: bagging]
[data: ]
[valid: ]
[num_iterations: 468]
[learning_rate: 0.0167612]
[num_leaves: 11]
[num_threads: 0]
[seed: 222]
[deterministic: 0]
[force_col_wise: 0]
[force_row_wise: 0]
[histogram_pool_size: -1]
[max_depth: 4]
[min_data_in_leaf: 24]
[min_sum_hessian_in_leaf: 4.17241]
[bagging_fraction: 0.714996]
[pos_bagging_fraction: 1]
[neg_bagging_fraction: 1]
[bagging_freq: 8]
[bagging_seed: 1801]
[bagging_by_query: 0]
[feature_fraction: 0.894054]
[feature_fraction_bynode: 0.54124]
[feature_fraction_seed: 3308]
[extra_trees: 1]
[extra_seed: 31563]
[early_stopping_round: 0]
[early_stopping_min_delta: 0]
[first_metric_only: 0]
[max_delta_step: 0]
[lambda_l1: 0.522501]
[lambda_l2: 0.00621722]
[linear_lambda: 0]
[min_gain_to_split: 9.41755e-06]
[drop_rate: 0.152798]
[max_drop: 36]
[skip_drop: 0.83427]
[xgboost_dart_mode: 0]
[uniform_drop: 0]
[drop_seed: 22156]
[top_rate: 0.2]
[other_rate: 0.1]
[min_data_per_group: 100]
[max_cat_threshold: 32]
[cat_l2: 10]
[cat_smooth: 10]
[max_cat_to_onehot: 4]
[top_k: 20]
[monotone_constraints: ]
[monotone_constraints_method: basic]
[monotone_penalty: 0]
[feature_contri: ]
[forcedsplits_filename: ]
[refit_decay_rate: 0.9]
[cegb_tradeoff: 1]
[cegb_penalty_split: 0]
[cegb_penalty_feature_lazy: ]
[cegb_penalty_feature_coupled: ]
[path_smooth: 18.6906]
[interaction_constraints: ]
[verbosity: -1]
[saved_feature_importance_type: 0]
[use_quantized_grad: 0]
[num_grad_quant_bins: 4]
[quant_train_renew_leaf: 0]
[stochastic_rounding: 1]
[linear_tree: 0]
[max_bin: 111]
[max_bin_by_feature: ]
[min_data_in_bin: 3]
[bin_construct_sample_cnt: 200000]
[data_random_seed: 763]
[is_enable_sparse: 1]
[enable_bundle: 1]
[use_missing: 1]
[zero_as_missing: 0]
[feature_pre_filter: 1]
[pre_partition: 0]
[two_round: 0]
[header: 0]
[label_column: ]
[weight_column: ]
[group_column: ]
[ignore_column: ]
[categorical_feature: 0,1]
[forcedbins_filename: ]
[precise_float_parser: 0]
[parser_config_file: ]
[objective_seed: 4930]
[num_class: 1]
[is_unbalance: 0]
[scale_pos_weight: 1]
[sigmoid: 1]
[boost_from_average: 1]
[reg_sqrt: 0]
[alpha: 0.723463]
[fair_c: 1]
[poisson_max_delta_step: 0.7]
[tweedie_variance_power: 1.5]
[lambdarank_truncation_level: 30]
[lambdarank_norm: 1]
[label_gain: ]
[lambdarank_position_bias_regularization: 0]
[eval_at: ]
[multi_error_top_k: 1]
[auc_mu_weights: ]
[num_machines: 1]
[local_listen_port: 12400]
[time_out: 120]
[machine_list_filename: ]
[machines: ]
[gpu_platform_id: -1]
[gpu_device_id: -1]
[gpu_use_dp: 0]
[num_gpu: 1]

end of parameters

pandas_categorical:[[350455, 350464, 354680, 354681, 354682, 354683, 359135, 359136, 359142, 370147, 370148, 370149, 370150, 381255, 416397, 416398, 416400, 431070, 431071, 431095, 462631, 462632, 462634, 500275, 502851, 9370150], [158986.0, 158990.0, 161014.0, 163277.0, 169082.0, 174792.0, 193394.0, 201589.0]]
