tree
version=v4
num_class=1
num_tree_per_iteration=1
label_index=0
max_feature_idx=224
objective=regression
feature_names=roomId propertyId year month total_capacity_nights quarter season_strength is_peak_season is_eid_month is_major_holiday_month month_sin month_cos is_recent_lag_missing dynamic_anchor_price anchor_age_months is_fallback_anchor room_cfg_unitAllocation_perbooking_lag_12 room_fc_beach_front_lag_12 room_fc_baggage_storage_lag_12 qty_lag_12 room_fc_separate_toilet_area_lag_12 price_lag_14_lag_12 room_cfg_include_in_reports_lag_12 room_fc_car_available_lag_12 prop_checkin_start_min_lag_12 num_of_nights_lag_13_lag_12 reference_PAM228132_lag_12 inflation_rate_lag_12 room_cfg_roomType_villa_lag_12 used_room_nights_lag_12_lag_12 leftover_rooms_lag_13_lag_12 room_cfg_roomType_double_lag_12 arrivalTime_16_3_lag_12 arrivalTime___lag_12 custom1_Paid_by_OTA_Auto_Adjusted_lag_12 price_lag_17_lag_12 ch_enabled_ratio_lag_12 room_fc_dining_room_seats_lag_12 custom1_Paid_OTA_lag_12 room_cfg_control_priority_lag_12 room_fc_airport_shuttle_lag_12 price_diff_1_lag_12 ch_connect_inventory_ratio_lag_12 ch_publish_ratio_lag_12 used_room_nights_lag_23_lag_12 room_fc_desk_lag_12 price_vs_property_avg_lag_12 cal_soldout_rate_lag_12 room_cfg_roomType_twin_lag_12 room_fc_beach_view_lag_12 prop_type_resort_lag_12 room_fc_refrigerator_lag_12 room_fc_kettle_lag_12 title_Honeymoon_decor_lag_12 room_fc_bicycle_lag_12 leftover_rooms_lag_23_lag_12 room_cfg_max_people_lag_12 room_fc_coffee_maker_lag_12 title_Teman_kim_kasih_breakfast_lag_12 room_cfg_tax_percentage_lag_12 cal_numAvail_mean_lag_12 room_cfg_block_after_checkout_days_lag_12 price_roll_mean_6_lag_12 price_lag_24_lag_12 title_RO_lag_12 channel_booking_lag_12 allowAutoAction_disable_lag_12 room_fc_bed_double_lag_12 room_cfg_overbookingProtection_room_lag_12 peak_price_interaction_lag_12 room_fc_iron_lag_12 cal_override_days_lag_12 room_cfg_overbookingProtection_property_lag_12 room_fc_satellite_lag_12 status_new_lag_12 price_yoy_historical_lag_12 room_cfg_roomType_triple_lag_12 room_fc_balcony_lag_12 ch_channel_count_lag_12 room_fc_minibar_lag_12 price_lag_12_lag_12 prop_type_hotel_lag_12 title_Twin_bed_lag_12 used_room_nights_lag_13_lag_12 price_base_vs_anchor_lag_12 season_price_interaction_lag_12 room_cfg_cleaning_fee_lag_12 room_cfg_max_stay_lag_12 reference_45867993_marie_lag_12 apiSource_Booking_com_lag_12 subStatus_noShow_lag_12 voucher_geniuscm_lag_12 prop_type_guesthouse_lag_12 room_fc_bed_single_lag_12 room_fc_reception_24_hour_lag_12 reference_PAL643451_LUCAS_lag_12 allowCancellation__type_propertyDefault__lag_12 prop_checkin_end_min_lag_12 room_fc_towels_lag_12 room_cfg_restrictionStrategy_staythrough_lag_12 room_fc_linens_lag_12 price_lag_36_lag_12 price_roll_std_12_lag_12 price_roll_std_3_lag_12 room_fc_beach_lag_12 allowChannelUpdate_all_lag_12 commission_lag_23_lag_12 prop_group_keywords_count_lag_12 room_fc_bedroom_lag_12 commission_lag_13_lag_12 mask_flag_lag_12 room_fc_restaurant_lag_12 room_fc_tables_and_chairs_lag_12 price_roll_std_6_lag_12 room_cfg_max_children_lag_12 subStatus_walkin_lag_12 prop_type_bedAndBreakfast_lag_12 room_fc_toiletries_lag_12 leftover_rooms_lag_12_lag_12 room_fc_bath_toilet_lag_12 allowReview_default_lag_12 room_cfg_room_size_lag_12 price_zscore_property_lag_12 refererEditable_Booking_com_lag_12 room_fc_hangers_lag_12 cal_minStay_mean_lag_12 reference_YB7740043_lag_12 cal_numAvail_zero_days_lag_12 allowAutoAction_enable_lag_12 prop_vat_rate_lag_12 room_cfg_rack_rate_lag_12 room_cfg_units_count_lag_12 room_fc_safe_lag_12 room_cfg_min_stay_lag_12 price_lag_23_lag_12 cal_minStay_max_lag_12 cal_low_avail_rate_lag_12 room_fc_cleaning_included_lag_12 room_fc_cycling_lag_12 room_fc_wakeupcall_lag_12 room_fc_bathroom_lag_12 cal_restrict_rate_lag_12 prop_latitude_lag_12 room_fc_deck_patio_uncovered_lag_12 num_of_nights_lag_12_lag_12 prop_country_ID_lag_12 room_fc_bar_lag_12 room_fc_breakfast_in_room_lag_12 range_booking_arrival_lag_13_lag_12 room_fc_room_soundproofed_lag_12 room_fc_air_conditioning_lag_12 room_fc_closets_in_room_lag_12 subStatus_none_lag_12 room_fc_hair_dryer_lag_12 room_fc_cable_lag_12 room_fc_garden_lag_12 room_fc_bath_shower_lag_12 room_fc_mountain_biking_lag_12 referer_Booking_com_lag_12 cal_maxStay_mean_lag_12 price_to_mean_ratio_lag_12 masterId_lag_12 room_fc_sitting_area_lag_12 room_cfg_qty_raw_lag_12 cal_override_rate_lag_12 room_fc_tv_lag_12 range_booking_arrival_lag_23_lag_12 room_fc_tv_hd_32_plus_lag_12 prop_longitude_lag_12 room_fc_private_bathroom_lag_12 room_fc_shampoo_lag_12 prop_type_bungalow_lag_12 room_fc_cleaning_possible_lag_12 cal_minStay_restrict_days_lag_12 range_booking_arrival_lag_12_lag_12 room_cfg_feature_count_lag_12 arrivalTime_16_30_lag_12 room_cfg_has_unallocated_unit_lag_12 cal_multiplier_mean_lag_12 prop_booking_cutoff_hour_lag_12 ch_price_per_day_ratio_lag_12 prop_type_villa_lag_12 room_fc_luxory_linen_lag_12 room_fc_bath_or_shower_lag_12 groupNote_Room_Only__lag_12 numChild_lag_23_lag_12 room_cfg_tax_person_lag_12 cal_numAvail_std_lag_12 cal_days_covered_lag_12 room_fc_wifi_lag_12 price_roll_mean_12_lag_12 room_cfg_security_deposit_lag_12 cal_numAvail_max_lag_12 cal_numAvail_low_days_lag_12 prop_feature_codes_count_lag_12 room_cfg_roomType_family_lag_12 room_fc_scuba_or_snorkeling_lag_12 cal_multiplier_max_lag_12 cancelTime_2024_08_05T03_15_10Z_lag_12 ch_connect_limited_ratio_lag_12 room_fc_laptop_friendly_lag_12 num_of_nights_lag_23_lag_12 room_fc_breakfast_possible_lag_12 price_lag_13_lag_12 room_cfg_min_price_lag_12 reference_E5593226_ANNA_HUBER_lag_12 room_cfg_roomType_single_lag_12 room_fc_bathrobe_lag_12 room_cfg_roomType_quadruple_lag_12 numChild_lag_13_lag_12 room_fc_breakfast_included_lag_12 room_cfg_sell_priority_lag_12 price_roll_mean_3_lag_12 cal_numAvail_min_lag_12 commission_lag_12_lag_12 price_growth_1_lag_12 reference_EJ4657377__lag_12 prop_checkout_end_min_lag_12 room_cfg_roomType_bungalow_lag_12 room_cfg_roomType_twindouble_lag_12 subStatus_nonPayment_lag_12 room_cfg_max_adult_lag_12 status_confirmed_lag_12 room_fc_dining_area_lag_12 numChild_lag_12_lag_12
feature_infos=-1:7:6:8:4:5:13:0:1:2:3:17:18:11:9:14:15:16:10:25:20:19:22:21:24 -1:2:3:4:7:1:6:5:0 [2023:2026] [1:12] [28:372] [1:4] [0:3] [0:1] [0:1] [0:1] [-1:1] [-1:1] [0:1] [157090.63636363635:2305317.951388889] [3:36] [0:1] [1:1] [0:1] [0:1] [1:12] [0:1] [157636:2305317.951388889] [1:1] [0:1] [840:960] [1:8] [0:1] [-0.089999999999999997:5.4699999999999998] [0:0] [1:323] [-11:330] [0:1] [1:124] [0:0] [0:0] [207146.4912280702:2305317.951388889] [0:0.33333333333333331] [0:1] [1:124] [1:10] [0:1] [-498545.01124401903:492439.66666666663] [0:0.33333333333333331] [0:0.33333333333333331] [4:306] [0:1] [0.39769468741759251:1.8284153863762189] [0:1] [0:1] [0:1] [0:1] [0:1] [0:1] [0:0] [0:1] [1:299] [1:4] [0:1] [0:0] [0:0] [0:9] [0:0] [157636:1669315.3717281821] [195752.08412277375:2305317.951388889] [1:124] [1:124] [0:0] [0:1] [0:1] [0:2305317.951388889] [0:1] [0:0] [0:1] [0:1] [0:117] [0.69811320753838857:2.0212338102622898] [0:1] [0:1] [3:3] [0:1] [157636:2305317.951388889] [0:1] [0:0] [1:321] [0.99999999993656274:0.99999999999566214] [0:4610635.902777778] [0:0] [365:365] [1:124] [1:124] [0:2] [1:124] [0:1] [0:1] [0:1] [0:1] [1:124] [1320:1440] [0:1] [1:1] [0:1] [200518.0476190476:1099916.5266666666] [1874.3633839908255:440476.44248384162] [0:491841.03085042705] [0:1] [1:124] [40930.785714285717:3742200] [0:1] [0:1] [27271:930204] [0:1] [0:1] [0:1] [1874.3633839908255:446570.6805695474] [1:1] [0:1] [0:1] [0:1] [-14:330] [0:1] [1:124] [16:56] [-2.1446224890516077:2.9049632413840958] [1:124] [0:1] [1:1] [0:1] [0:2] [1:124] [0:0] [0:750000] [1:10] [0:1] [1:1] [216838.06818181815:1926054.0909090908] [1:1] [0:1] [0:1] [0:1] [0:1] [0:1] [0:0] [-8.7094237000000003:-8.3455556000000009] [0:1] [1:6.2000000000000002] [1:1] [0:1] [0:1] [0:137.19480519480518] [0:1] [0:1] [0:1] [1:124] [0:1] [0:1] [0:1] [0:1] [0:1] [1:124] [365:365] [0.60835807521540042:1.8854772685639876] [35385839:64064406.667237625] [0:1] [1:10] [0:0] [0:1] [0.5:104.5] [0:1] [115.446422:116.0865429] [0:1] [0:1] [0:1] [0:1] [0:0] [0:137.19480519480518] [0:33] [0:1] [0:0] [1:1] [24:24] [0:0.33333333333333331] [0:1] [0:1] [0:1] [1:124] [0:0.55555555555555558] [0:0] [0:2.8284271247461903] [2:30] [0:1] [157636:1448582.0390717632] [0:0] [0:9] [0:30] [0:29] [0:1] [0:1] [1:1] [1:124] [0:0.33333333333333331] [0:1] [1.8333333333333333:33] [0:1] [157636:1926054.0909090908] [0:250000] [0:1] [0:1] [0:1] [0:1] [0:0.55555555555555558] [0:1] [5:5] [157636:1853676.2690012874] [0:9] [27271:1196943.4583333333] [-0.55109535958165878:0.5841584158287314] [0:1] [600:720] [0:1] [0:1] [0:0] [2:4] [0:103] [0:1] [0:0.55555555555555558]
tree_sizes=734 1044 962 880 979 887 1041 1147 868 1044 1057 967 1164 1050 782 958 963 719 953 959 1078 1069 1053 966 1056 1055 782 796 963 977 889 792 793 797 1061 1063 711 879 875 896 960 869 869 868 785 795 962 964 883 877 803 789 976 687 949 978 862 992 1145 878 960 1050 956 977 882 695 879 955 684 982 776 783 975 977 885 777 785 885 970 795 774 797 698 869 954 877 800 607 867 1055 953 1055 959 957 777 783 890 957 873 778 887 978 890 1058 703 978 784 874 969 1045 877 1046 978 969 789 676 792 793 903 877 1060 958 972 881 949 781 882 885 903 887 781 693 776 801 804 863 988 978 875 974 886 970 793 989 891 884 880 987 891 792 697 814 790 876 689 880 797 800 975 884 1054 880 782 706 898 873 700 1082 692 973 881 880 612 879 802 893 876 1046 896 881 884 873 705 968 881 888 982 953 980 1075 788 883 881 894 820 885 881 988 882 891 953 800 783 698 968 899 693 700 794 808 902 796 893 1091 1168 698 973 973 885 790 887 982 796 884 991 961 975 792 860 973 886 1069 600 896 700 895 691 815 793 984 964 966 786 806 794 958 963 865 793 704 799 883 608 982 621 873 780 693 950 869 957 712 689 867 814 975 1068 1051 880 1090 704 808 799 889 713 1062 787 810 979 980 797 885 797 979 886 907 798 875 884 788 878 871 695 697 873 1056 867 885 778 794 686 787 605 968 889 979 790 882 701 800 892 984 1080 887 815 800 812 888 969 976 872 816 693 704 617 709 706 698 708 975 1067 1070 892 979 886 790 809 891 995 967 712 971 970 890 779 520 697 879 790 787 797 787 879 972 905 795 818 904 887 992 885 802 998 608 882 794 702 816 867 709 892 792 908 797 790 976 699 967 966 872 785 958 972 790 877 875 782 881 959 886 695 695 801 788 697 707 883 880 884 886 972 791 974 879 701 701 698 789 1073 704 606 795 791 893 885 793 884 889 905 880 980 801 703 978 957 782 676 875 864 959 966 900 883 877 864 966 884 898 968 902 702 708 811 889 714 816 707 897 883 892 784 797 791 874 871 703 696 797 708 963 697 882 710 785 785 868 606 713

Tree=0
num_leaves=7
num_cat=0
split_feature=98 4 54 187 134 38
split_gain=0.319708 0.208561 0.222715 0.113109 0.0909533 0.0470802
threshold=1.0000000180025095e-35 205.00000000000003 1.0000000180025095e-35 1.4142135623730951 1.0000000180025095e-35 30.500000000000004
decision_type=8 2 10 10 10 10
left_child=5 2 3 -2 -3 -1
right_child=1 4 -4 -5 -6 -7
leaf_value=0.12550776401880789 0.12680859114315218 0.12796272171062067 0.12585811522792015 0.12756027579125126 0.12711872731601498 0.1264199138105902
leaf_weight=49 221 58 32 27 26 24
leaf_count=49 221 58 32 27 26 24
internal_value=0.126763 0.12694 0.126767 0.126895 0.12756 0.12593
internal_weight=437 364 280 248 84 73
internal_count=437 364 280 248 84 73
is_linear=0
shrinkage=1


Tree=1
num_leaves=10
num_cat=0
split_feature=5 170 2 13 142 49 144 69 152
split_gain=0.546651 0.465263 0.780293 0.3697 0.233261 0.147586 0.143754 0.129023 0.0236327
threshold=1.5000000000000002 1.0000000180025095e-35 2023.5000000000002 520784.99864864867 -8.3580425999999992 1.0000000180025095e-35 2.1742424242424243 1085703.6653333337 28.500000000000004
decision_type=2 10 2 2 10 8 10 8 8
left_child=4 3 -3 5 -1 -2 -6 -4 -5
right_child=1 2 7 8 6 -7 -8 -9 -10
leaf_value=-0.00035567752814162179 -0.0001206493639025591 0.0023088487333178002 0.00047396391619650889 -0.0017172391204834739 -0.0022654846715607514 0.00077610390533887732 -0.00089060032098704734 -0.00038873038196873767 -0.0007956487403714133
leaf_weight=32 61 44 89 24 34 46 37 31 39
leaf_count=32 61 44 89 24 34 46 37 31 39
internal_value=-3.77944e-05 0.00025718 0.000859075 -0.000249956 -0.000964631 0.000166589 -0.00154058 0.000221625 -0.00111403
internal_weight=437 334 164 170 103 107 71 120 63
internal_count=437 334 164 170 103 107 71 120 63
is_linear=0
shrinkage=0.0167612


Tree=2
num_leaves=9
num_cat=0
split_feature=2 198 110 50 11 118 43 30
split_gain=1.7097 0.521007 0.137899 0.0926685 0.0689121 0.0592501 0.0456241 0.0330114
threshold=2023.5000000000002 23.500000000000004 1.0000000180025095e-35 1.0000000180025095e-35 0.25000000000000017 12.500000000000002 1.0000000180025095e-35 10.500000000000002
decision_type=2 8 10 8 2 10 10 10
left_child=4 2 7 6 -1 -5 -3 -2
right_child=1 3 -4 5 -6 -7 -8 -9
leaf_value=0.0032257514595859117 -0.0021130818159060074 -6.9475857302333556e-05 -0.00060266629336604019 4.7441613574322239e-05 0.0017285402666146229 0.00070222276382538788 -0.00061977638717529632 -0.0011110279812458349
leaf_weight=26 46 60 64 93 25 41 46 36
leaf_count=26 46 60 64 93 25 41 46 36
internal_value=-3.65079e-05 -0.000430808 -0.00115178 -3.11262e-05 0.00212729 0.0002835 -0.000292506 -0.00164953
internal_weight=437 386 146 240 51 134 106 82
internal_count=437 386 146 240 51 134 106 82
is_linear=0
shrinkage=0.0167612


Tree=3
num_leaves=8
num_cat=0
split_feature=2 156 62 198 109 23 105
split_gain=1.65996 0.465573 0.445298 0.0856448 0.0775416 0.0795766 0.000428869
threshold=2023.5000000000002 1.0000000180025095e-35 757205.9010006421 26.500000000000004 345345.00000000006 1.0000000180025095e-35 33.500000000000007
decision_type=2 10 8 10 10 8 10
left_child=-1 4 6 -4 5 -2 -3
right_child=1 2 3 -5 -6 -7 -8
leaf_value=0.0020972254892937759 -0.00052527721751106872 -4.2846828765681546e-05 -0.0019363494705697385 -0.00086105933493397645 0.00054528090970963421 0.00014544880351967496 -0.00010753792659647295
leaf_weight=51 35 54 87 34 55 88 33
leaf_count=51 35 54 87 34 55 88 33
internal_value=-3.46607e-05 -0.000423465 -0.000942298 -0.00156094 9.30437e-05 -1.22371e-05 -0.000166638
internal_weight=437 386 208 121 178 123 87
internal_count=437 386 208 121 178 123 87
is_linear=0
shrinkage=0.0167612


Tree=4
num_leaves=9
num_cat=1
split_feature=1 5 153 64 160 152 80 110
split_gain=0.557145 0.516859 0.362118 0.352071 0.129395 0.0959401 0.0623349 0.0521738
threshold=0 1.5000000000000002 1.0000000180025095e-35 24.500000000000004 1.0000000180025095e-35 53.500000000000007 910684.76337551349 1.0000000180025095e-35
decision_type=1 2 10 8 10 10 8 10
left_child=3 6 5 -1 -5 -3 -2 -4
right_child=1 2 7 4 -6 -7 -8 -9
leaf_value=7.7798321553160227e-05 -0.0010304073053173019 -0.00083085825471813023 0.0002448306628617571 0.0020514975709889265 0.00083926415655567375 -0.00021468057928440224 -0.0021773568875149991 0.0010797867949882529
leaf_weight=60 35 107 41 36 57 24 35 42
leaf_count=60 35 107 41 36 57 24 35 42
internal_value=-3.18901e-05 -0.00045832 -7.73944e-05 0.000654228 0.00131962 -0.000568155 -0.00150359 0.000628896
internal_weight=437 284 214 153 93 131 70 83
internal_count=437 284 214 153 93 131 70 83
cat_boundaries=0 1
cat_threshold=24
is_linear=0
shrinkage=0.0167612


Tree=5
num_leaves=8
num_cat=1
split_feature=1 3 55 42 52 13 120
split_gain=0.717802 0.394138 0.443458 0.365079 0.251564 0.165935 0.0146966
threshold=0 3.5000000000000004 32.500000000000007 1.0000000180025095e-35 1.0000000180025095e-35 611891.66666666686 28.500000000000004
decision_type=1 2 8 10 10 2 8
left_child=5 4 -3 -4 -2 6 -1
right_child=1 2 3 -5 -6 -7 -8
leaf_value=-0.00081920615331771394 -0.00013643513480696609 -0.0004125069769885803 0.0013882113116849657 0.00022294839799790009 -0.0014330151867874906 -0.0018659970304047196 -0.00022464655864193119
leaf_weight=37 46 36 162 54 26 40 36
leaf_count=37 46 36 162 54 26 40 36
internal_value=-3.09475e-05 0.000335781 0.000677358 0.000995869 -0.000472221 -0.000991481 -0.00065734
internal_weight=437 324 252 216 72 113 73
internal_count=437 324 252 216 72 113 73
cat_boundaries=0 1
cat_threshold=98
is_linear=0
shrinkage=0.0167612


Tree=6
num_leaves=10
num_cat=0
split_feature=170 19 110 27 10 21 55 5 38
split_gain=0.433871 0.240441 0.267527 0.192831 0.284041 0.178913 0.136955 0.0907697 0.0815574
threshold=1.0000000180025095e-35 4.5000000000000009 1.0000000180025095e-35 1.6550000000000002 -0.24999999999999994 674353.63636363647 6.5000000000000009 1.5000000000000002 28.500000000000004
decision_type=8 10 8 10 2 10 10 2 8
left_child=3 2 5 -1 -5 -2 -3 -6 -4
right_child=1 6 8 4 7 -7 -8 -9 -10
leaf_value=-4.902348153839072e-05 -0.0011964539702709258 0.0015050800317507728 0.00097400880406370055 -0.00028435453741354873 -0.0024272736044251872 -0.00019927725994646516 0.00034725375436570082 -0.0011632159644318584 0.0001472907562795815
leaf_weight=24 47 50 41 62 26 36 33 42 76
leaf_count=24 47 50 41 62 26 36 33 42 76
internal_value=-3.346e-05 0.000313747 2.68146e-05 -0.00069073 -0.0010165 -0.000583106 0.000960364 -0.00166712 0.000470034
internal_weight=437 283 200 154 130 83 83 68 117
internal_count=437 283 200 154 130 83 83 68 117
is_linear=0
shrinkage=0.0167612


Tree=7
num_leaves=11
num_cat=0
split_feature=10 119 150 27 122 46 83 208 210 214
split_gain=0.535697 0.536156 0.348553 0.443665 0.289459 0.206138 0.0597052 0.0449166 0.0320376 0.0300771
threshold=0.25000000000000011 1.0000000180025095e-35 1.0000000180025095e-35 2.7950000000000004 -0.35992137909657834 1.4534207669057058 179.50000000000003 1.0000000180025095e-35 1.0000000180025095e-35 212213.30823863641
decision_type=2 10 10 10 10 8 8 8 10 10
left_child=2 9 7 6 8 -5 -4 -1 -3 -2
right_child=1 4 3 5 -6 -7 -8 -9 -10 -11
leaf_value=-0.00048147583167574583 1.6495462333069775e-05 -0.0025410850861506667 0.00032663645462257856 0.0007488475957479633 -0.00059536839555912797 0.0022631975574677046 -0.00035222170121578905 -3.3683001714309842e-05 -0.0014254806945074013 0.00047533981010107191
leaf_weight=54 44 43 41 29 27 55 28 60 31 25
leaf_count=54 44 43 41 29 27 55 28 60 31 25
internal_value=-3.12992e-05 -0.000712958 0.00038827 0.000894615 -0.00145543 0.00162755 0.00019068 -0.000141811 -0.0020263 5.53279e-05
internal_weight=437 170 267 153 101 84 69 114 74 69
internal_count=437 170 267 153 101 84 69 114 74 69
is_linear=0
shrinkage=0.0167612


Tree=8
num_leaves=8
num_cat=0
split_feature=2 158 198 103 30 43 35
split_gain=1.27087 0.326489 0.143109 0.106409 0.0784403 0.0764425 0.0345581
threshold=2023.5000000000002 23.500000000000004 16.500000000000004 13790.10882217425 36.500000000000007 1.0000000180025095e-35 450576.62037037039
decision_type=2 8 10 10 10 10 10
left_child=2 3 -1 -2 -5 6 -3
right_child=1 5 -4 4 -6 -7 -8
leaf_value=0.0014004246980009779 -0.0013108328516383994 2.5624433557238061e-05 0.0029888136806627817 -3.1676593729427032e-05 -0.00072847792277476659 -0.00041689234519002921 0.00049303004571545875
leaf_weight=31 81 153 24 31 31 43 48
leaf_count=31 81 153 24 31 31 43 48
internal_value=9.14492e-06 -0.000304731 0.0018558 -0.000885494 -0.000385938 -2.91705e-06 0.000178883
internal_weight=442 387 55 143 62 244 201
internal_count=442 387 55 143 62 244 201
is_linear=0
shrinkage=0.0167612


Tree=9
num_leaves=10
num_cat=0
split_feature=2 3 119 5 11 85 144 40 47
split_gain=1.23464 0.62314 0.318583 0.125853 0.0990951 0.051192 0.0385152 0.0292133 0.0158057
threshold=2023.5000000000002 9.5000000000000018 1.0000000180025095e-35 2.5000000000000004 -0.68301270189221952 1453133.1492236026 3.5683229813664608 1.0000000180025095e-35 0.28333333333333338
decision_type=2 2 10 2 2 8 8 8 10
left_child=1 -1 5 4 -4 8 -5 -7 -2
right_child=2 -3 3 6 -6 7 -8 -9 -10
leaf_value=0.0033832864795052221 0.00018767338113033491 0.00079470434899062993 -0.00041965010512304881 -5.016938203331291e-05 -0.0014526558396657824 -0.00031120247763112324 -0.00048883397716816413 8.8869401623984049e-05 0.00075092763426881128
leaf_weight=28 27 27 33 44 83 35 35 102 28
leaf_count=28 27 27 33 44 83 35 35 102 28
internal_value=9.33217e-06 0.00182966 -0.000299761 -0.00075701 -0.00111769 9.50223e-05 -0.000257529 1.14074e-05 0.000458783
internal_weight=442 55 387 195 116 192 79 137 55
internal_count=442 55 387 195 116 192 79 137 55
is_linear=0
shrinkage=0.0167612


Tree=10
num_leaves=10
num_cat=0
split_feature=5 107 19 41 51 160 9 50 113
split_gain=0.379024 0.231667 0.238035 0.254351 0.211202 0.0737382 0.155912 0.0257203 0.0178444
threshold=1.5000000000000002 1.0000000180025095e-35 4.5000000000000009 158995.8333333334 1.0000000180025095e-35 0.98381968108622353 1.0000000180025095e-35 1.0000000180025095e-35 138264.12691098588
decision_type=2 10 10 8 10 10 2 8 8
left_child=4 5 -3 -4 7 6 -2 -1 -7
right_child=1 2 3 -5 -6 8 -8 -9 -10
leaf_value=-0.00042125121667560057 0.00044400035251076716 0.00024269947033188938 0.00062213148113011442 0.0022180255991302985 -0.0015985910332114463 -0.0001382978221948503 -0.00045720306895813726 -0.00011789795230739132 -0.00069880174914584397
leaf_weight=46 143 25 42 35 32 33 32 28 26
leaf_count=46 143 25 42 35 32 33 32 28 26
internal_value=9.83579e-06 0.000291594 0.000873858 0.00136727 -0.000721381 2.15681e-05 0.000174218 -0.000294519 -0.000382476
internal_weight=442 336 102 77 106 234 175 74 59
internal_count=442 336 102 77 106 234 175 74 59
is_linear=0
shrinkage=0.0167612


Tree=11
num_leaves=9
num_cat=0
split_feature=11 32 107 160 103 10 110 150
split_gain=0.261811 0.22899 0.176409 0.172971 0.109775 0.0787254 0.0527265 0.0127239
threshold=-0.68301270189221952 12.500000000000002 1.0000000180025095e-35 0.88820167393300486 89523.740660805706 1.0000000180025095e-35 1.0000000180025095e-35 1.0000000180025095e-35
decision_type=2 8 10 10 8 2 8 10
left_child=4 5 6 -4 -1 -2 -3 -6
right_child=1 2 3 -5 7 -7 -8 -9
leaf_value=0.00025943734135942126 -0.00034534845614222126 -0.00060390675054794842 0.001146763375882275 0.00014302141096642453 0.00060627194936780195 -0.0012992026042946848 -4.6868016293367784e-05 0.0013403060473015083
leaf_weight=27 44 57 46 50 43 47 88 40
leaf_count=27 44 57 46 50 43 47 88 40
internal_value=7.48004e-06 -0.000197545 1.361e-05 0.000525625 0.000634215 -0.000812187 -0.000267535 0.000982814
internal_weight=442 332 241 96 110 91 145 83
internal_count=442 332 241 96 110 91 145 83
is_linear=0
shrinkage=0.0167612


Tree=12
num_leaves=11
num_cat=1
split_feature=0 160 5 52 51 9 13 209 174 23
split_gain=0.554453 0.355044 0.191691 0.293277 0.163903 0.11906 0.106594 0.00546959 0.00522528 0.00119816
threshold=0 0.77114737870734973 2.5000000000000004 1.0000000180025095e-35 1.0000000180025095e-35 1.0000000180025095e-35 682061.72530840815 0.29679679679679688 26.22666666666667 1.0000000180025095e-35
decision_type=9 10 2 10 10 2 2 8 10 8
left_child=1 -1 4 5 9 -4 -5 -6 -3 -2
right_child=2 8 3 6 7 -7 -8 -9 -10 -11
leaf_value=0.0018485159892374947 -0.00027098768820164626 9.6624887052886767e-05 -8.9466877173468139e-05 0.0014617620327398969 -0.0016841824311729702 -0.0010611079340677766 0.0003134845835922392 -0.00081442155042736792 0.00024201834924269944 -8.331501263653575e-05
leaf_weight=51 53 27 99 29 38 24 29 25 25 42
leaf_count=51 53 27 99 29 38 24 29 25 25 42
internal_value=6.27476e-06 0.000893372 -0.000291911 -1.78888e-05 -0.000700147 -0.000362583 0.000799883 -0.00128418 0.000236207 -0.000270534
internal_weight=442 103 339 181 158 123 58 63 52 95
internal_count=442 103 339 181 158 123 58 63 52 95
cat_boundaries=0 1
cat_threshold=2370
is_linear=0
shrinkage=0.0167612


Tree=13
num_leaves=10
num_cat=0
split_feature=10 140 4 144 153 62 51 9 83
split_gain=0.404412 0.387925 0.281656 0.40415 0.179978 0.167673 0.111828 0.099031 0.0407438
threshold=0.25000000000000011 1.0000000180025095e-35 205.00000000000003 3.5683229813664608 1.0000000180025095e-35 757205.9010006421 1.0000000180025095e-35 1.0000000180025095e-35 50.000000000000007
decision_type=2 10 2 8 10 10 10 2 10
left_child=2 8 4 -4 7 -6 -3 -1 -2
right_child=1 6 3 -5 5 -7 -8 -9 -10
leaf_value=-3.0775122059460971e-05 2.5400725225617892e-05 -0.00064641102783795465 0.00051698247400281587 0.0023793616908402084 0.0011296663734499987 0.00019040738679637682 -0.0017501770895678517 -0.00082028371987387925 0.00052257262631032089
leaf_weight=103 44 49 27 27 58 30 52 25 27
leaf_count=103 44 49 27 27 58 30 52 25 27
internal_value=5.59709e-06 -0.000550894 0.000403519 0.0012638 0.000131405 0.000621962 -0.0011876 -0.000200371 8.51973e-05
internal_weight=442 172 270 54 216 88 101 128 71
internal_count=442 172 270 54 216 88 101 128 71
is_linear=0
shrinkage=0.0167612


Tree=14
num_leaves=7
num_cat=0
split_feature=19 55 10 124 144 119
split_gain=0.292531 0.202897 0.299301 0.228576 0.155239 0.064928
threshold=7.0000000000000009 36.500000000000007 0.68301270189221941 1.0000000180025095e-35 3.431677018633541 1.0000000180025095e-35
decision_type=10 8 2 10 8 10
left_child=1 -1 3 -3 -2 -4
right_child=4 2 5 -5 -6 -7
leaf_value=-0.0010187949230247987 0.00024578556946654054 -4.7544570388386436e-05 -0.00031945180845432936 0.00083907199925286203 0.0013810655317314359 -0.0012658879329961788
leaf_weight=36 39 160 35 84 45 43
leaf_count=36 39 160 35 84 45 43
internal_value=4.90309e-06 -0.00017734 -2.65306e-05 0.00022801 0.000758645 -0.00077945
internal_weight=442 358 322 244 84 78
internal_count=442 358 322 244 84 78
is_linear=0
shrinkage=0.0167612


Tree=15
num_leaves=9
num_cat=0
split_feature=5 13 142 13 194 63 81 18
split_gain=0.340852 0.375786 0.209661 0.214203 0.178432 0.172274 0.0751468 0.0140025
threshold=1.5000000000000002 978221.85528926493 -8.5191404499999983 238015.73506944449 10.500000000000002 348964.17126421136 1.0000000180025095e-35 1.0000000180025095e-35
decision_type=2 2 10 2 8 10 10 10
left_child=4 2 3 -2 7 -3 -4 -1
right_child=1 5 6 -5 -6 -7 -8 -9
leaf_value=-0.0016400748687217513 0.00094531143627377405 -0.0013048564395463267 0.0014549568072102653 -0.00021776817871522138 -0.00020878736662735707 -0.0001577066661283643 0.00059307394810089635 -0.00074771800088016798
leaf_weight=38 26 30 65 99 43 44 72 25
leaf_count=38 26 30 65 99 43 44 72 25
internal_value=3.67758e-06 0.000271932 0.000585481 0.000103883 -0.000689129 -0.000528969 0.00101133 -0.00123697
internal_weight=442 336 262 125 106 74 137 63
internal_count=442 336 262 125 106 74 137 63
is_linear=0
shrinkage=0.0167612


Tree=16
num_leaves=9
num_cat=0
split_feature=11 13 156 17 3 170 185 175
split_gain=0.362519 0.423619 0.43345 0.364065 0.205532 0.126442 0.245723 0.113206
threshold=-1.0000000180025095e-35 336536.49603174604 1.0000000180025095e-35 1.0000000180025095e-35 2.5000000000000004 1.0000000180025095e-35 0.34814814814814821 20.000000000000004
decision_type=2 2 8 10 2 8 8 10
left_child=3 7 -3 5 -4 -1 -7 -2
right_child=1 2 4 -5 -6 6 -8 -9
leaf_value=-0.00047501215656867212 0.00098903467660927443 -0.00018667159776135475 -0.002554671616334255 0.0014107878913726386 -0.0011420157933071092 -0.0004767376868070892 0.00074080951043777824 0.0001226704453711536
leaf_weight=58 26 45 29 35 84 27 92 26
leaf_count=58 26 45 29 35 84 27 92 26
internal_value=-0.000118305 -0.00058706 -0.00103844 0.000308429 -0.00158093 2.94583e-05 0.000297066 0.000293314
internal_weight=422 210 158 212 113 177 119 52
internal_count=422 210 158 212 113 177 119 52
is_linear=0
shrinkage=0.0167612


Tree=17
num_leaves=6
num_cat=1
split_feature=1 110 107 38 158
split_gain=0.48366 0.84785 0.264756 0.0668371 0.0124981
threshold=0 1.0000000180025095e-35 1.0000000180025095e-35 24.500000000000004 5.5000000000000009
decision_type=1 10 8 8 10
left_child=1 -1 4 -4 -2
right_child=2 -3 3 -5 -6
leaf_value=-0.0015691273953099582 -0.00046399519636407071 0.00041106087779452564 0.00025983932357433192 0.00094605247280642299 -4.767762166112227e-05
leaf_weight=115 35 55 34 123 60
leaf_count=115 35 55 34 123 60
internal_value=-0.000115429 -0.000729488 0.000297587 0.000732513 -0.000200731
internal_weight=422 170 252 157 95
internal_count=422 170 252 157 95
cat_boundaries=0 1
cat_threshold=38
is_linear=0
shrinkage=0.0167612


Tree=18
num_leaves=9
num_cat=0
split_feature=5 150 55 13 9 30 143 91
split_gain=0.493625 0.358251 0.357399 0.30074 0.186105 0.14102 0.164439 0.0728541
threshold=1.5000000000000002 1.0000000180025095e-35 28.500000000000004 494611.4652597403 1.0000000180025095e-35 91.500000000000014 1.0000000180025095e-35 67.500000000000014
decision_type=2 10 8 2 2 8 10 8
left_child=5 3 -3 7 -4 -1 -7 -2
right_child=1 2 4 -5 -6 6 -8 -9
leaf_value=-0.00038403359866456799 -0.00017087994658602839 -0.00031410284086542619 0.0013242577890487681 -0.0011456364604869999 0.0004306587420183594 -0.00083098826789732201 -0.0023540076263219717 0.00047726297830229562
leaf_weight=33 50 30 123 56 26 26 31 47
leaf_count=33 50 30 123 56 26 26 31 47
internal_value=-0.000113374 0.000150853 0.000644238 -0.00033748 0.00102974 -0.00104642 -0.00161343 2.97268e-05
internal_weight=422 332 179 153 149 90 57 97
internal_count=422 332 179 153 149 90 57 97
is_linear=0
shrinkage=0.0167612


Tree=19
num_leaves=9
num_cat=1
split_feature=1 13 110 11 6 187 184 7
split_gain=0.532582 0.576379 0.354881 0.402903 0.158673 0.127247 0.0908352 0.00486993
threshold=0 407216.3798844539 1.0000000180025095e-35 -0.5 1.0000000180025095e-35 1.4142135623730951 21.500000000000004 1.0000000180025095e-35
decision_type=1 2 10 2 2 8 10 2
left_child=5 4 3 -3 -2 6 -1 -4
right_child=1 2 7 -5 -6 -7 -8 -9
leaf_value=-8.9242178117688795e-05 0.00014883867118627395 -0.00052117103238709221 3.8481727765817611e-06 -0.0021484243218329083 0.0011113164957324792 0.0011944643360400462 0.00062593265569149388 -0.000219034643142696
leaf_weight=44 30 55 41 85 40 54 48 25
leaf_count=44 30 55 41 85 40 54 48 25
internal_value=-0.000113657 -0.000529298 -0.00100511 -0.00147256 0.000426937 0.00057076 0.000257047 -0.000221821
internal_weight=422 276 206 140 70 146 92 66
internal_count=422 276 206 140 70 146 92 66
cat_boundaries=0 1
cat_threshold=24
is_linear=0
shrinkage=0.0167612


Tree=20
num_leaves=10
num_cat=1
split_feature=10 0 62 175 27 128 124 20 132
split_gain=0.437717 0.568926 0.47463 0.445294 0.592984 0.116106 0.0915708 0.0167519 0.00775987
threshold=0.25000000000000011 0 1556058.5350208373 1.0000000180025095e-35 1.9100000000000004 22.500000000000004 1.0000000180025095e-35 1.0000000180025095e-35 1.0000000180025095e-35
decision_type=2 9 8 10 10 10 8 10 10
left_child=1 2 -1 -2 -5 6 -3 -7 -4
right_child=3 5 8 4 -6 7 -8 -9 -10
leaf_value=0.00028231855162071443 8.4703309356749953e-05 -0.0011685259130215513 0.0016230301013867459 -0.0002284326981948521 -0.0020806228779781375 0.00029251134354976027 -0.00023803984138530491 1.6906758961072388e-05 0.0027772272961235256
leaf_weight=51 47 40 28 27 81 35 61 25 27
leaf_count=51 47 40 28 27 81 35 61 25 27
internal_value=-0.000110597 0.000252832 0.00105267 -0.000758779 -0.00136088 -0.000264064 -0.000644605 3.95208e-05 0.00208081
internal_weight=422 267 106 155 108 161 101 60 55
internal_count=422 267 106 155 108 161 101 60 55
cat_boundaries=0 1
cat_threshold=2383
is_linear=0
shrinkage=0.0167612


Tree=21
num_leaves=10
num_cat=1
split_feature=0 224 6 155 110 153 21 6 134
split_gain=1.00814 0.3537 0.275764 0.245871 0.245303 0.170753 0.162099 0.0157 0.0132096
threshold=0 0.5277777777777779 1.5000000000000002 1.0000000180025095e-35 1.0000000180025095e-35 1.0000000180025095e-35 527136.30157418072 1.0000000180025095e-35 714215.90909090929
decision_type=9 8 2 8 10 8 10 2 10
left_child=1 6 3 -3 7 -6 -1 -2 -8
right_child=4 2 -4 -5 5 -7 8 -9 -10
leaf_value=-0.00049826696179025858 -0.0018546871740119509 3.2266731751745575e-05 0.0022285521844102978 0.0013249439356502885 -0.00062045804504372401 0.00048957175267996106 0.00078835702493592664 -0.0010890479107195934 0.00022355079446761017
leaf_weight=47 36 32 39 33 51 26 33 101 24
leaf_count=47 36 32 39 33 51 26 33 101 24
internal_value=-0.000107161 0.000623794 0.00130081 0.000707701 -0.00084734 -0.000213709 9.50282e-05 -0.00132795 0.000510606
internal_weight=422 208 104 65 214 77 104 137 57
internal_count=422 208 104 65 214 77 104 137 57
cat_boundaries=0 1
cat_threshold=134091
is_linear=0
shrinkage=0.0167612


Tree=22
num_leaves=10
num_cat=0
split_feature=10 2 156 105 170 107 80 80 27
split_gain=0.411576 1.23121 0.417698 0.177438 0.148627 0.14473 0.0271673 0.0247786 0.0200678
threshold=0.25000000000000011 2023.5000000000002 1.0000000180025095e-35 22.500000000000004 1.0000000180025095e-35 1.0000000180025095e-35 773214.2857142858 667242.50000000012 2.0350000000000006
decision_type=2 2 10 8 10 10 8 8 10
left_child=1 5 8 4 -3 -1 -4 -5 -2
right_child=2 3 6 7 -6 -7 -8 -9 -10
leaf_value=0.0014736568580724354 0.00032944406502092151 -0.0014750812883641236 -0.00088862916572565709 0.00027253838041818416 -0.00037050426372673231 0.0031004473146907423 -0.0017779786609964082 -8.5892408697053072e-05 -8.9773175836643368e-06
leaf_weight=28 34 37 37 39 25 26 60 112 24
leaf_count=28 34 37 37 39 25 26 60 112 24
internal_value=-0.000104935 0.000246843 -0.000733955 -0.000238808 -0.000866081 0.00200554 -0.00138419 -2.63035e-05 -2.05048e-05
internal_weight=422 267 155 213 62 54 97 151 58
internal_count=422 267 155 213 62 54 97 151 58
is_linear=0
shrinkage=0.0167612


Tree=23
num_leaves=9
num_cat=0
split_feature=13 50 3 132 27 107 11 46
split_gain=0.387673 0.577469 0.342372 0.37385 0.367577 0.0893295 0.0491113 0.018401
threshold=673048.53387445898 1.0000000180025095e-35 5.5000000000000009 1.0000000180025095e-35 0.89500000000000013 1.0000000180025095e-35 -1.0000000180025095e-35 0.91083558426141176
decision_type=2 10 2 10 10 8 2 8
left_child=2 7 4 5 -1 -4 -3 -2
right_child=1 6 3 -5 -6 -7 -8 -9
leaf_value=0.00043618660705832107 -0.00077072472180227439 0.00060875010955489459 -5.3145134283783319e-05 0.0017598587952562571 -0.0011582053062966459 0.00063763032398435956 6.097198088539466e-05 -0.0016222903225146525
leaf_weight=28 25 40 61 46 52 45 36 89
leaf_count=28 25 40 61 46 52 45 36 89
internal_value=-0.000102174 -0.000629291 0.000301703 0.000771858 -0.000346226 0.000259438 0.000178411 -0.00134591
internal_weight=422 190 232 152 80 106 76 114
internal_count=422 190 232 152 80 106 76 114
is_linear=0
shrinkage=0.0167612


Tree=24
num_leaves=10
num_cat=0
split_feature=10 119 132 13 113 88 217 151 18
split_gain=0.444004 0.39449 0.33658 0.512452 0.213097 0.0420612 0.0264846 0.0132786 0.000909267
threshold=0.25000000000000011 1.0000000180025095e-35 1.0000000180025095e-35 1098847.237734488 13287.926854034335 35.500000000000007 690.00000000000011 1.0000000180025095e-35 1.0000000180025095e-35
decision_type=2 10 10 2 10 8 10 8 10
left_child=2 -2 5 4 -4 8 -3 -7 -1
right_child=1 6 3 -5 -6 7 -8 -9 -10
leaf_value=-0.00049767503375796381 8.1083676359990038e-05 -0.00079155624609047472 0.002429747121890322 2.0070279285031573e-05 0.00087359869793551684 0.00031715523164411292 -0.0016364012762058746 3.0602407829815765e-05 -0.00012504007986820893
leaf_weight=28 61 41 51 27 30 44 57 67 27
leaf_count=28 61 41 51 27 30 44 57 67 27
internal_value=1.28335e-05 -0.000601121 0.000415488 0.00106585 0.00175494 4.20471e-05 -0.00124038 0.000140303 -0.00030567
internal_weight=433 159 274 108 81 166 98 111 55
internal_count=433 159 274 108 81 166 98 111 55
is_linear=0
shrinkage=0.0167612


Tree=25
num_leaves=10
num_cat=0
split_feature=27 2 50 18 13 196 5 103 10
split_gain=0.564146 1.28136 0.288419 0.203026 0.102201 0.0930949 0.0856821 0.0149082 0.00940046
threshold=3.1750000000000003 2023.5000000000002 1.0000000180025095e-35 1.0000000180025095e-35 611891.66666666686 1.0000000180025095e-35 2.5000000000000004 101491.22926657023 -0.6830127018922193
decision_type=10 2 8 10 2 10 2 8 2
left_child=2 -2 4 -3 5 -1 -4 -6 -8
right_child=1 3 6 -5 7 -7 8 -9 -10
leaf_value=-8.7873552079952003e-05 0.0025877590799781728 -0.00081087317796332673 0.00058045518333213063 0.00039323254914644515 -0.00078638629068629581 -0.00090135296991536624 -0.00020260232382244585 -0.0016882107884975948 -1.2097305965143522e-05
leaf_weight=74 47 46 51 28 26 32 46 38 45
leaf_count=74 47 46 51 28 26 32 46 38 45
internal_value=1.17273e-05 0.000875763 -0.000326788 -6.8962e-05 -0.000775601 -0.000435784 0.000106366 -0.00128348 -4.12232e-05
internal_weight=433 121 312 74 170 106 142 64 91
internal_count=433 121 312 74 170 106 142 64 91
is_linear=0
shrinkage=0.0167612


Tree=26
num_leaves=7
num_cat=0
split_feature=2 119 3 13 121 192
split_gain=1.77987 0.283536 0.199986 0.112071 0.0264156 0.019439
threshold=2023.5000000000002 1.0000000180025095e-35 4.5000000000000009 1098847.237734488 46.000000000000007 1.5000000000000002
decision_type=2 10 2 2 10 10
left_child=-1 3 -3 4 -2 -4
right_child=1 2 5 -5 -6 -7
leaf_value=0.0022357869235516033 6.8206866282453259e-05 -0.001358948623518968 -0.00040925048056428688 -0.00052585964459780053 0.00054030090215520001 -0.00010537599176915569
leaf_weight=52 106 84 70 32 49 40
leaf_count=52 106 84 70 32 49 40
internal_value=1.19158e-05 -0.000359535 -0.000790243 9.51249e-06 0.000255913 -0.000330893
internal_weight=433 381 194 187 155 110
internal_count=433 381 194 187 155 110
is_linear=0
shrinkage=0.0167612


Tree=27
num_leaves=7
num_cat=1
split_feature=0 2 160 10 13 46
split_gain=0.439384 0.771727 0.504537 0.190702 0.283732 0.0833154
threshold=0 2023.5000000000002 0.92429804778753477 0.68301270189221941 533738.73843640031 0.7380501162342229
decision_type=9 2 10 2 2 10
left_child=2 -2 -1 4 -3 -5
right_child=1 3 -4 5 -6 -7
leaf_value=0.0016830358401192153 0.0012961411076741446 0.00021841018280135461 1.1884328101008051e-05 -0.0017876912130814708 -0.0007956982408549232 -0.00064922387902303631
leaf_weight=68 35 93 42 42 123 30
leaf_count=68 35 93 42 42 123 30
internal_value=1.24529e-05 -0.000268092 0.000776984 -0.000596894 -0.000333546 -0.00124951
internal_weight=433 323 110 288 216 72
internal_count=433 323 110 288 216 72
cat_boundaries=0 1
cat_threshold=2882
is_linear=0
shrinkage=0.0167612


Tree=28
num_leaves=9
num_cat=0
split_feature=3 13 119 150 122 2 20 113
split_gain=0.571526 0.297531 0.250589 0.229553 0.409863 0.760371 0.0605364 0.0174989
threshold=4.5000000000000009 363197.91666666674 1.0000000180025095e-35 1.0000000180025095e-35 -0.78101919556285127 2023.5000000000002 1.0000000180025095e-35 129589.47061670049
decision_type=2 2 8 10 10 2 10 8
left_child=1 -1 -3 6 5 -5 -2 -6
right_child=3 2 -4 4 7 -7 -8 -9
leaf_value=-5.9636154314391543e-05 0.00012355591845398536 -0.00051398495876445573 -0.0017999157254567494 0.0027158997554024649 0.00011694800531899804 0.00042224349365685377 -0.00046078887247121025 -0.00021880947512193673
leaf_weight=33 113 28 72 46 35 47 29 30
leaf_count=33 113 28 72 46 35 47 29 30
internal_value=1.291e-05 -0.000774735 -0.00128398 0.000415303 0.000834144 0.00148403 4.83056e-05 0.000164954
internal_weight=433 133 100 300 158 93 142 65
internal_count=433 133 100 300 158 93 142 65
is_linear=0
shrinkage=0.0167612


Tree=29
num_leaves=9
num_cat=1
split_feature=0 69 128 153 10 147 3 102
split_gain=0.41886 0.393128 0.141813 0.0879519 0.422761 0.0966524 0.0570949 0.0549203
threshold=0 389425.77107614611 25.500000000000004 1.0000000180025095e-35 0.25000000000000011 1.0000000180025095e-35 4.5000000000000009 134379.19178848184
decision_type=9 8 10 10 2 8 2 8
left_child=1 -1 3 5 -5 -2 -4 -8
right_child=2 -3 6 4 -6 -7 7 -9
leaf_value=8.4933352340788335e-05 -0.0012438380606373438 0.0015459037963432764 -0.00020908445572886711 0.00074658204605656804 -0.0010071752289035922 -0.00035742597166432276 0.0001406101674027645 0.00066570481991135965
leaf_weight=39 59 71 25 42 37 76 30 54
leaf_count=39 59 71 25 42 37 76 30 54
internal_value=1.3028e-05 0.000759768 -0.000260459 -0.000524243 -0.0001003 -0.000780025 8.99846e-05 0.000366302
internal_weight=433 110 323 214 79 135 109 84
internal_count=433 110 323 214 79 135 109 84
cat_boundaries=0 1
cat_threshold=2882
is_linear=0
shrinkage=0.0167612


Tree=30
num_leaves=8
num_cat=0
split_feature=79 10 32 174 94 108 50
split_gain=0.205456 0.168207 0.288181 0.401462 0.247293 0.161812 0.062609
threshold=1.0000000180025095e-35 -1.0000000180025095e-35 4.5000000000000009 2.3877551020408165 1.0000000180025095e-35 1.0000000180025095e-35 1.0000000180025095e-35
decision_type=10 2 10 10 8 10 8
left_child=1 2 6 -4 5 -3 -1
right_child=-2 4 3 -5 -6 -7 -8
leaf_value=-0.0006252425852428696 -0.00090794087890596069 -7.8504458911408094e-05 0.0016773560637326234 0.00018145820368796161 0.00047969405138186682 -0.00094581430035067977 -2.7806582474905654e-05
leaf_weight=27 24 32 67 72 50 100 61
leaf_count=27 24 32 67 72 50 100 61
internal_value=1.14196e-05 0.000123686 0.000423034 0.000880474 -0.000188694 -0.000590246 -0.000118558
internal_weight=433 409 227 139 182 132 88
internal_count=433 409 227 139 182 132 88
is_linear=0
shrinkage=0.0167612


Tree=31
num_leaves=7
num_cat=0
split_feature=2 119 13 80 122 9
split_gain=1.62851 0.25457 0.239069 0.0899665 0.0247289 0.00575392
threshold=2023.5000000000002 1.0000000180025095e-35 349525.02092191047 616789.21829268301 -0.60081287810544437 1.0000000180025095e-35
decision_type=2 10 2 8 8 2
left_child=-1 4 -3 -4 -2 -6
right_child=1 2 3 -5 5 -7
leaf_value=0.0021388167642766498 0.00032361655878020335 -6.1989186010593286e-05 -0.00039932379866294051 -0.0013225040195076617 -2.2344253392986612e-07 -0.00016153563239610226
leaf_weight=52 32 37 39 118 130 25
leaf_count=52 32 37 39 118 130 25
internal_value=1.09563e-05 -0.000343512 -0.000751694 -0.00106359 3.78618e-06 -1.77757e-06
internal_weight=433 381 194 157 187 155
internal_count=433 381 194 157 187 155
is_linear=0
shrinkage=0.0167612


Tree=32
num_leaves=7
num_cat=0
split_feature=107 21 11 160 163 90
split_gain=0.307088 0.109378 0.0998241 0.0863222 0.257957 0.0160507
threshold=1.0000000180025095e-35 1385220.8975694447 -0.68301270189221952 1.0260313198544129 4.5000000000000009 1.0000000180025095e-35
decision_type=8 8 2 10 10 8
left_child=1 -1 -3 4 5 -2
right_child=3 2 -4 -5 -6 -7
leaf_value=-0.00099855961319256616 -0.00013492744020679337 0.00024020307443637924 -0.00047399463090868282 -8.3037579855358775e-06 0.0012192147022872619 0.00016606141163459976
leaf_weight=65 32 39 93 49 65 83
leaf_count=65 32 39 93 49 65 83
internal_value=-3.06809e-05 -0.000492253 -0.000210161 0.000335905 0.000531732 7.43385e-05
internal_weight=426 197 132 229 180 115
internal_count=426 197 132 229 180 115
is_linear=0
shrinkage=0.0167612


Tree=33
num_leaves=7
num_cat=1
split_feature=0 212 13 32 27 30
split_gain=0.523471 0.397993 0.167009 0.140955 0.07172 0.0074406
threshold=0 1484004.4727712329 993166.66666666686 6.5000000000000009 2.6850000000000005 30.500000000000004
decision_type=9 8 2 8 10 8
left_child=1 5 3 -2 -5 -1
right_child=2 -3 -4 4 -6 -7
leaf_value=-4.2036053404174937e-05 -0.00077252385359697891 0.0017896007875388398 -0.0011035470224530321 -0.00020898017509799748 0.00032443534294752252 0.00022465712468447188
leaf_weight=29 57 49 47 137 81 26
leaf_count=29 57 49 47 137 81 26
internal_value=-3.02358e-05 0.000790381 -0.000367638 -0.000207847 -1.64129e-05 0.000200469
internal_weight=426 104 322 275 218 55
internal_count=426 104 322 275 218 55
cat_boundaries=0 1
cat_threshold=2372
is_linear=0
shrinkage=0.0167612


Tree=34
num_leaves=10
num_cat=0
split_feature=107 27 10 81 60 27 46 7 18
split_gain=0.293864 0.160282 0.227794 0.189516 0.113915 0.102551 0.066756 0.0348303 0.00914765
threshold=1.0000000180025095e-35 2.7950000000000004 0.25000000000000011 1.0000000180025095e-35 1.0000000180025095e-35 2.5650000000000004 0.80009118603048135 1.0000000180025095e-35 1.0000000180025095e-35
decision_type=8 10 2 10 10 10 10 2 10
left_child=1 7 3 -3 5 -2 8 -1 -6
right_child=4 2 -4 -5 6 -7 -8 -9 -10
leaf_value=-0.0012476882317853167 0.00027592737213896393 -9.2271645180984394e-06 -0.00077378377583909761 0.0011037752942097512 0.0015577090092240753 -0.00049849254686800662 0.00025547467704524658 -0.0004101481735727542 0.00070535632261774412
leaf_weight=65 107 29 41 37 24 33 36 25 29
leaf_count=65 107 29 41 37 24 33 36 25 29
internal_value=-3.00021e-05 -0.000481886 -7.16579e-05 0.000417268 0.000328147 3.86491e-05 0.000747546 -0.000958752 0.00112655
internal_weight=426 197 107 66 229 140 89 90 53
internal_count=426 197 107 66 229 140 89 90 53
is_linear=0
shrinkage=0.0167612


Tree=35
num_leaves=10
num_cat=0
split_feature=50 27 10 110 160 60 52 35 16
split_gain=0.253366 0.176924 0.268922 0.129925 0.119558 0.107045 0.0849516 0.0791886 0.00524811
threshold=1.0000000180025095e-35 2.6850000000000005 -0.24999999999999994 1.0000000180025095e-35 1.0138616041627468 1.0000000180025095e-35 1.0000000180025095e-35 330339.98473214294 1.0000000180025095e-35
decision_type=8 10 2 10 8 10 10 10 10
left_child=1 4 6 -4 -1 8 -3 -7 -2
right_child=5 2 3 -5 -6 7 -8 -9 -10
leaf_value=-0.0002345179793634862 0.00014115905574944764 0.00023033619104144814 -0.0010911616039641057 -0.00018072998524969639 -0.0012482890152180515 0.0014752679176754198 0.0012452412247937576 0.00038485795207536809 3.7791791498670639e-05
leaf_weight=46 83 34 41 37 67 27 28 31 32
leaf_count=46 83 34 41 37 67 27 28 31 32
internal_value=-2.99079e-05 -0.000363407 -4.2802e-05 -0.000538505 -0.000811699 0.000397084 0.000649341 0.000900439 0.000102495
internal_weight=426 253 140 78 113 173 62 58 115
internal_count=426 253 140 78 113 173 62 58 115
is_linear=0
shrinkage=0.0167612


Tree=36
num_leaves=6
num_cat=1
split_feature=38 13 1 84 113
split_gain=0.153139 0.356402 0.286216 0.0772462 0.0389601
threshold=4.5000000000000009 314876.21041092119 0 0.99999999998407829 114693.2547228784
decision_type=8 2 1 8 10
left_child=-1 -2 4 -4 -3
right_child=1 2 3 -5 -6
leaf_value=-0.00070454022462079682 0.0010233075929333005 0.00064472326233817206 -0.00014298805996970117 -0.00072982545191954305 0.00011313330830365852
leaf_weight=48 57 82 47 149 43
leaf_count=48 57 82 47 149 43
internal_value=-2.83946e-05 6.32138e-05 -0.000119915 -0.000502551 0.000373411
internal_weight=426 378 321 196 125
internal_count=426 378 321 196 125
cat_boundaries=0 1
cat_threshold=72
is_linear=0
shrinkage=0.0167612


Tree=37
num_leaves=8
num_cat=0
split_feature=107 2 136 27 13 127 158
split_gain=0.273118 0.201475 0.0999332 0.112367 0.0271444 0.0172752 0.0159216
threshold=1.0000000180025095e-35 2024.5000000000002 0.75000000000000011 2.3400000000000003 695121.37558041385 1.0000000180025095e-35 21.500000000000004
decision_type=8 2 8 10 2 10 10
left_child=1 5 4 -4 -2 6 -1
right_child=2 -3 3 -5 -6 -7 -8
leaf_value=-0.00033656176193801288 0.0010694482276488628 -0.0010932290003098776 0.00030330801817690428 -0.00049645970668409903 0.00035203225766355256 9.1589633535033076e-05 -6.7099865347283334e-05
leaf_weight=61 43 68 106 36 44 34 34
leaf_count=61 43 68 106 36 44 34 34
internal_value=-2.70875e-05 -0.000463408 0.000317509 3.95918e-05 0.000718101 -8.96056e-05 -0.000189161
internal_weight=426 197 229 142 87 129 95
internal_count=426 197 229 142 87 129 95
is_linear=0
shrinkage=0.0167612


Tree=38
num_leaves=8
num_cat=0
split_feature=2 50 174 199 13 46 192
split_gain=0.989684 0.28273 0.0610609 0.11469 0.0740883 0.0585036 0.0430832
threshold=2023.5000000000002 1.0000000180025095e-35 50.646969696969705 1.0000000180025095e-35 656898.54166666686 1.010047401311235 4.5000000000000009
decision_type=2 8 8 10 2 8 8
left_child=-1 2 4 -4 -2 -3 -7
right_child=1 5 3 -5 -6 6 -8
leaf_value=0.0016356853450905414 -9.2655471122377641e-05 0.00052500050933178234 -0.0013364801540470511 -0.00044103618771711389 -0.00071590502830914677 -0.00041491185824872319 0.00010226468145850438
leaf_weight=49 60 41 84 25 48 24 95
leaf_count=49 60 41 84 25 48 24 95
internal_value=-2.63682e-05 -0.000332858 -0.000717935 -0.00103095 -0.000390096 9.39944e-05 1.27591e-05
internal_weight=426 377 217 109 108 160 119
internal_count=426 377 217 109 108 160 119
is_linear=0
shrinkage=0.0167612


Tree=39
num_leaves=8
num_cat=1
split_feature=1 190 91 20 160 103 18
split_gain=0.266892 0.211556 0.213348 0.17738 0.117589 0.00785522 0.000294442
threshold=0 642335.67708333349 5.5000000000000009 1.0000000180025095e-35 0.96234286295665183 109890.19678680327 1.0000000180025095e-35
decision_type=1 10 8 10 10 8 10
left_child=4 2 6 -4 -1 -6 -2
right_child=1 -3 3 -5 5 -7 -8
leaf_value=0.0010178487084409793 -0.00047689831324140868 -0.0011309949293996709 0.00036172019661386841 -0.00056065434341221712 0.00021075855833309695 -4.0451079659469785e-05 -0.0012049965017289603
leaf_weight=64 24 40 173 40 28 25 32
leaf_count=64 24 40 173 40 28 25 32
internal_value=-2.39374e-05 -0.000286182 -0.000110901 9.51383e-05 0.00052217 0.000136136 -0.000823358
internal_weight=426 309 269 213 117 53 56
internal_count=426 309 269 213 117 53 56
cat_boundaries=0 1
cat_threshold=9
is_linear=0
shrinkage=0.0167612


Tree=40
num_leaves=9
num_cat=0
split_feature=3 175 122 132 62 88 189 69
split_gain=0.249318 0.286718 0.234783 0.169781 0.28846 0.0778656 0.0109432 0.00855848
threshold=5.5000000000000009 5.5000000000000009 -0.82343834308746666 1.0000000180025095e-35 216136.41666666669 40.500000000000007 1.0000000180025095e-35 280369.20908408408
decision_type=2 10 10 10 10 8 8 10
left_child=1 6 -3 5 -5 -2 -1 -6
right_child=3 2 -4 4 7 -7 -8 -9
leaf_value=5.7910537729735488e-05 -0.00037002748026068781 -0.0016547346083640214 -0.00029087932677976565 0.001694482875725413 0.00025380316761333433 0.00026069936901685812 0.00039904937582321837 8.3319041909268732e-05
leaf_weight=29 54 51 44 39 36 98 35 30
leaf_count=29 54 51 44 39 36 98 35 30
internal_value=3.19645e-05 -0.000415443 -0.000975647 0.000352101 0.000816311 3.85549e-05 0.000147764 0.000217053
internal_weight=416 159 95 257 105 152 64 66
internal_count=416 159 95 257 105 152 64 66
is_linear=0
shrinkage=0.0167612


Tree=41
num_leaves=8
num_cat=0
split_feature=13 65 42 81 74 5 224
split_gain=0.35068 0.237692 0.229729 0.132725 0.129126 0.101664 0.0328942
threshold=955858.98410087731 27.500000000000004 1.0000000180025095e-35 1.0000000180025095e-35 23.500000000000004 1.5000000000000002 0.041241496598639411
decision_type=2 10 10 8 10 2 8
left_child=2 -2 3 6 -4 -5 -1
right_child=1 -3 4 5 -6 -7 -8
leaf_value=0.00051208275150538697 -0.0015834480089646739 -0.00027754407027280164 -0.00075287409583186626 -0.00025265172585303794 7.5440408599960286e-05 0.00045463295797472836 0.0013980750030719289
leaf_weight=24 39 35 57 30 45 131 55
leaf_count=24 39 35 57 30 45 131 55
internal_value=3.18942e-05 -0.000797274 0.000269268 0.000559213 -0.00024288 0.000264635 0.00106683
internal_weight=416 74 342 240 102 161 79
internal_count=416 74 342 240 102 161 79
is_linear=0
shrinkage=0.0167612


Tree=42
num_leaves=8
num_cat=0
split_feature=2 119 46 4 62 62 62
split_gain=1.00747 0.267642 0.222884 0.103682 0.096962 0.0704419 0.0209704
threshold=2023.5000000000002 1.0000000180025095e-35 0.82671912289506444 61.000000000000007 422616.44461094408 638680.24474040337 221686.53032619515
decision_type=2 10 10 2 10 10 10
left_child=-1 3 6 -2 -5 -4 -3
right_child=1 2 5 4 -6 -7 -8
leaf_value=0.0017489753569306062 0.00065720869473045041 -0.0013619517981742625 0.00035185576071035933 -0.00039227666099510473 0.0003202690720035575 -0.00037974725386211768 -0.00058067278680937803
leaf_weight=48 48 84 33 76 59 40 28
leaf_count=48 48 84 33 76 59 40 28
internal_value=3.06785e-05 -0.000243054 -0.000674311 0.000123701 -6.24632e-06 -0.000137454 -0.00112057
internal_weight=416 368 185 183 135 73 112
internal_count=416 368 185 183 135 73 112
is_linear=0
shrinkage=0.0167612


Tree=43
num_leaves=8
num_cat=0
split_feature=64 2 2 160 180 107 5
split_gain=0.258428 0.317647 0.168766 0.152647 0.127553 0.122161 0.101208
threshold=23.500000000000004 2023.5000000000002 2024.5000000000002 0.99667021613079121 1.0000000180025095e-35 1.0000000180025095e-35 2.5000000000000004
decision_type=8 2 2 8 10 8 2
left_child=1 -1 5 -3 6 -2 -4
right_child=2 3 4 -5 -6 -7 -8
leaf_value=0.00049343964474696884 0.00032532141672871474 -0.00030975114964118679 0.00082256647687361476 -0.0011106532229982913 -0.00046385011284622154 0.0013940949842092426 6.7000519131951364e-05
leaf_weight=30 33 26 45 109 48 51 74
leaf_count=30 33 26 45 109 48 51 74
internal_value=3.18736e-05 -0.000411491 0.000366332 -0.000809108 5.78438e-05 0.000899708 0.00033227
internal_weight=416 165 251 135 167 84 119
internal_count=416 165 251 135 167 84 119
is_linear=0
shrinkage=0.0167612


Tree=44
num_leaves=7
num_cat=0
split_feature=10 13 222 140 171 123
split_gain=0.281373 0.353804 0.166345 0.158439 0.0985882 0.035997
threshold=0.68301270189221941 1231887.3938008135 2.5000000000000004 1.0000000180025095e-35 1.0000000180025095e-35 8.5000000000000018
decision_type=2 2 8 10 8 10
left_child=1 2 5 -2 -4 -1
right_child=3 -3 4 -5 -6 -7
leaf_value=-0.00035359440876101439 -0.00019745576469613706 -0.00079282526343816206 0.0010390243277173029 -0.0011994507866881997 0.00029987007537583642 0.00011807828070265508
leaf_weight=43 41 32 123 52 99 26
leaf_count=43 41 32 123 52 99 26
internal_value=3.2388e-05 0.000274743 0.000492413 -0.000630599 0.000720953 1.13816e-05
internal_weight=416 323 291 93 222 69
internal_count=416 323 291 93 222 69
is_linear=0
shrinkage=0.0167612


Tree=45
num_leaves=7
num_cat=1
split_feature=1 55 27 6 19 180
split_gain=0.230384 0.250023 0.131922 0.13437 0.104991 0.0621027
threshold=0 22.000000000000004 3.3750000000000004 1.5000000000000002 4.5000000000000009 1.0000000180025095e-35
decision_type=1 8 8 2 10 10
left_child=4 -2 5 -4 -1 -3
right_child=1 2 3 -5 -6 -7
leaf_value=-0.00089989589197781317 -0.00066409135129821264 0.0004482487171528028 0.0004563701685558128 0.0014925589913338888 -0.00021018061387451865 -9.7401969633442628e-05
leaf_weight=78 26 51 101 37 24 99
leaf_count=78 26 51 101 37 24 99
internal_value=3.0393e-05 0.00026265 0.000449442 0.000798217 -0.000509728 9.42412e-05
internal_weight=416 314 288 138 102 150
internal_count=416 314 288 138 102 150
cat_boundaries=0 1
cat_threshold=98
is_linear=0
shrinkage=0.0167612


Tree=46
num_leaves=9
num_cat=0
split_feature=88 13 107 224 13 42 10 11
split_gain=0.241938 0.306559 0.161749 0.188348 0.147949 0.34225 0.126599 0.0110647
threshold=23.500000000000004 238015.73506944449 1.0000000180025095e-35 0.5277777777777779 238015.73506944449 1.0000000180025095e-35 1.0000000180025095e-35 0.25000000000000017
decision_type=8 2 10 8 2 10 2 2
left_child=4 -2 7 -4 -1 6 -6 -3
right_child=1 2 3 -5 5 -7 -8 -9
leaf_value=0.00015813993121850737 0.001466506568612063 -3.4201288864386797e-05 0.00016886586165350869 0.0014442242420553387 0.00019593410749450802 -0.0018498182396992262 -0.00063102120123096001 -0.00037116045349428058
leaf_weight=30 27 79 70 24 44 24 67 51
leaf_count=30 27 79 70 24 44 24 67 51
internal_value=2.95053e-05 0.000353738 0.000133074 0.000585626 -0.000398846 -0.000684389 -0.000274278 -0.000178761
internal_weight=416 251 224 94 165 135 111 130
internal_count=416 251 224 94 165 135 111 130
is_linear=0
shrinkage=0.0167612


Tree=47
num_leaves=9
num_cat=0
split_feature=198 27 202 168 190 81 27 160
split_gain=0.235191 0.188451 0.465791 0.116054 0.0926014 0.0753846 0.0632251 0.0135683
threshold=23.500000000000004 2.0350000000000006 1.0000000180025095e-35 116.05845900000001 595564.14029697911 1.0000000180025095e-35 3.3750000000000004 1.2040518748239983
decision_type=8 10 10 8 8 8 10 8
left_child=1 -1 -3 7 -5 -6 -4 -2
right_child=3 2 6 4 5 -7 -8 -9
leaf_value=0.00031851181135089717 -9.4315447234141957e-06 -0.0016494559531882041 -0.00034925046330582313 0.00019511024956480612 0.0011662374262175275 0.0003736613751840421 0.00031610263785305669 -0.00026965550360151487
leaf_weight=24 33 54 40 37 69 78 47 34
leaf_count=24 33 54 40 37 69 78 47 34
internal_value=2.98623e-05 -0.000392121 -0.000686351 0.000349757 0.000581352 0.000778177 -0.000121376 -2.60839e-05
internal_weight=416 165 141 251 184 147 87 67
internal_count=416 165 141 251 184 147 87 67
is_linear=0
shrinkage=0.0167612


Tree=48
num_leaves=8
num_cat=0
split_feature=2 62 189 60 73 189 170
split_gain=0.875126 0.205645 0.220184 0.145293 0.128136 0.0402881 0.0143699
threshold=2023.5000000000002 397530.95673695358 1.0000000180025095e-35 0.71666666666666667 1.0000000180025095e-35 1.0000000180025095e-35 1.0000000180025095e-35
decision_type=2 10 10 10 8 10 8
left_child=-1 2 6 -4 5 -3 -2
right_child=1 4 3 -5 -6 -7 -8
leaf_value=0.0015903158847438053 -0.00027354579405317899 0.00018594599247324331 -0.0019855718397849358 -0.00072193077056392069 -0.00026261127786218416 0.00081357061610456494 -2.6786504958974961e-05
leaf_weight=50 57 35 24 65 47 59 87
leaf_count=50 57 35 24 65 47 59 87
internal_value=7.11484e-06 -0.000247552 -0.000553482 -0.00113254 0.000149985 0.000534149 -0.000151471
internal_weight=424 374 233 89 141 94 144
internal_count=424 374 233 89 141 94 144
is_linear=0
shrinkage=0.0167612


Tree=49
num_leaves=8
num_cat=0
split_feature=32 102 9 7 51 187 35
split_gain=0.110905 0.131228 0.0688563 0.0920678 0.0931786 0.045046 0.0217534
threshold=35.500000000000007 326135.08812712604 1.0000000180025095e-35 1.0000000180025095e-35 1.0000000180025095e-35 0.48040745644450505 421295.6938932981
decision_type=10 8 2 2 10 8 10
left_child=2 6 3 4 -1 -4 -2
right_child=1 -3 5 -5 -6 -7 -8
leaf_value=3.2307970692320734e-06 -0.00015874659431208278 0.0010264345501920207 -0.00089218410916073337 0.0005033372720577295 -0.00058537873665848487 -0.00021411244405255593 0.00025936827617221335
leaf_weight=152 33 39 34 44 63 27 32
leaf_count=152 33 39 34 44 63 27 32
internal_value=6.75195e-06 0.000429367 -0.00012049 -8.10981e-06 -0.00014264 -0.000523415 9.58904e-05
internal_weight=424 104 320 259 215 61 65
internal_count=424 104 320 259 215 61 65
is_linear=0
shrinkage=0.0167612


Tree=50
num_leaves=7
num_cat=1
split_feature=2 1 212 109 208 148
split_gain=0.852898 0.329452 0.182938 0.0606721 0.0924007 0.0340268
threshold=2023.5000000000002 0 449946.55172413803 166663.57142857145 1.0000000180025095e-35 15.309523809523812
decision_type=2 1 10 10 8 8
left_child=-1 2 -2 4 -3 -4
right_child=1 3 5 -5 -6 -7
leaf_value=0.0015701888346852204 -0.0013931247496065293 -0.00032359917838691265 -0.00048232891420104139 0.00043747027658025455 0.0003414492082372327 -4.8399758080325912e-05
leaf_weight=50 75 104 28 73 59 35
leaf_count=50 75 104 28 73 59 35
internal_value=7.03909e-06 -0.00024412 -0.000806867 7.98205e-05 -1.33516e-05 -0.000264082
internal_weight=424 374 138 236 163 63
internal_count=424 374 138 236 163 63
cat_boundaries=0 1
cat_threshold=38
is_linear=0
shrinkage=0.0167612


Tree=51
num_leaves=7
num_cat=0
split_feature=2 89 148 165 180 21
split_gain=0.83128 0.135962 0.127741 0.119681 0.067489 0.0655553
threshold=2023.5000000000002 22.500000000000004 11.040151515151518 1.0000000180025095e-35 1.0000000180025095e-35 1385220.8975694447
decision_type=2 8 10 10 8 8
left_child=-1 2 3 -2 -3 -6
right_child=1 4 -4 -5 5 -7
leaf_value=0.0015512788225941643 -0.00043956123270746949 0.0003486483490709429 -0.00021400711681115596 -0.0015180578939157263 -0.00054795638564026803 -2.2848721652204423e-05
leaf_weight=50 57 65 30 43 57 122
leaf_count=50 57 65 30 43 57 122
internal_value=7.93832e-06 -0.000239755 -0.000636175 -0.00094556 -1.70587e-05 -0.000171991
internal_weight=424 374 130 100 244 179
internal_count=424 374 130 100 244 179
is_linear=0
shrinkage=0.0167612


Tree=52
num_leaves=9
num_cat=1
split_feature=1 2 144 55 190 107 103 11
split_gain=0.160163 0.660235 0.145182 0.100173 0.0753865 0.0551179 0.0528352 0.0037938
threshold=0 2023.5000000000002 3.431677018633541 39.500000000000007 336654.25553571555 1.0000000180025095e-35 87523.275657925595 -0.24999999999999994
decision_type=1 2 8 8 8 10 8 2
left_child=1 -1 6 -2 -5 -6 -3 -4
right_child=3 2 7 4 5 -7 -8 -9
leaf_value=0.0011374595467996253 -0.0002507138220625515 -0.00057167577807660001 -0.00081528546804258528 6.1225307816442702e-05 0.00029210088767741866 0.00090788531251890885 -7.7836894905505095e-07 -0.0016502785069759027
leaf_weight=24 27 31 24 34 126 75 31 52
leaf_count=24 27 31 24 34 126 75 31 52
internal_value=9.14584e-06 -0.00033258 -0.000853559 0.000263548 0.000420547 0.000559948 -0.000301884 -0.00133397
internal_weight=424 162 138 262 235 201 62 76
internal_count=424 162 138 262 235 201 62 76
cat_boundaries=0 1
cat_threshold=38
is_linear=0
shrinkage=0.0167612


Tree=53
num_leaves=6
num_cat=0
split_feature=4 187 13 6 31
split_gain=0.151604 0.149639 0.138012 0.120972 0.11674
threshold=183.00000000000003 1.4142135623730951 1087864.4206349209 1.5000000000000002 1.0000000180025095e-35
decision_type=2 10 2 2 8
left_child=1 2 4 -2 -1
right_child=3 -3 -4 -5 -6
leaf_value=-0.00064593686508098965 0.00013195496443728846 0.00058322634684446542 -0.00094520892263779603 0.0010890819240967702 3.5717896896802911e-05
leaf_weight=52 55 27 41 41 208
leaf_count=52 55 27 41 41 208
internal_value=8.9727e-06 -0.000134914 -0.000273377 0.000520254 -0.00010732
internal_weight=424 328 301 96 260
internal_count=424 328 301 96 260
is_linear=0
shrinkage=0.0167612


Tree=54
num_leaves=9
num_cat=0
split_feature=19 11 144 224 107 214 94 144
split_gain=0.176735 0.227743 0.195235 0.160113 0.158298 0.0880479 0.0844011 0.0727805
threshold=4.5000000000000009 -0.5 2.227878787878788 0.062020460358056258 1.0000000180025095e-35 738348.07142857159 1.0000000180025095e-35 3.8764705882352941
decision_type=10 2 10 8 10 8 10 8
left_child=1 5 6 -2 -5 -1 -3 -6
right_child=3 2 -4 4 7 -7 -8 -9
leaf_value=5.8099090005641572e-05 -1.8746530040246777e-05 -0.0010598523826568216 3.0305267649273349e-05 0.00028133474517301336 0.00068456127465516253 0.00072835462280549041 -0.00033754670792115934 0.0018227184438416827
leaf_weight=25 40 118 51 37 27 62 28 36
leaf_count=25 40 118 51 37 27 62 28 36
internal_value=8.86423e-06 -0.000197682 -0.00052039 0.000458012 0.000838268 0.000341498 -0.00084322 0.00130505
internal_weight=424 284 197 140 100 87 146 63
internal_count=424 284 197 140 100 87 146 63
is_linear=0
shrinkage=0.0167612


Tree=55
num_leaves=9
num_cat=1
split_feature=1 77 2 40 43 62 185 27
split_gain=0.148403 0.189833 0.135487 0.0406986 0.0383635 0.0300201 0.0403056 0.0228799
threshold=0 1.0000000180025095e-35 2023.5000000000002 1.0000000180025095e-35 1.0000000180025095e-35 284945.34268264699 0.025166191832858453 2.2050000000000005
decision_type=1 10 2 10 8 10 10 10
left_child=1 4 -2 -3 -1 7 -7 -4
right_child=2 3 5 -5 -6 6 -8 -9
leaf_value=-0.0013009909346884188 0.0010214666806549904 3.2778104708771225e-05 0.00016598595463927866 0.00051286052833108067 -0.00051065623566550541 0.00056672226740514379 0.0001036957704747823 -0.00017440963178266778
leaf_weight=29 26 40 54 26 67 54 37 91
leaf_count=29 26 40 54 26 67 54 37 91
internal_value=8.5716e-06 -0.000319637 0.000254113 0.000102927 -0.00079267 0.00011373 0.000308973 1.29859e-05
internal_weight=424 162 262 66 96 236 91 145
internal_count=424 162 262 66 96 236 91 145
cat_boundaries=0 1
cat_threshold=38
is_linear=0
shrinkage=0.0167612


Tree=56
num_leaves=8
num_cat=0
split_feature=50 13 27 2 212 13 148
split_gain=0.145058 0.277294 0.255603 0.577978 0.267567 0.0802435 0.0050584
threshold=1.0000000180025095e-35 978221.85528926493 2.9600000000000004 2023.5000000000002 410285.9844304389 647581.43939393957 15.309523809523812
decision_type=10 2 8 2 10 2 10
left_child=2 -2 4 -4 -1 -5 -6
right_child=1 -3 3 5 6 -7 -8
leaf_value=-0.001260257931728152 0.0012853475531336654 1.48998968101448e-05 0.001611211138538416 4.1001457058079639e-05 -5.9764985117057622e-05 -0.00052918114069541733 0.00011418820794163769
leaf_weight=73 48 42 32 106 26 63 28
leaf_count=73 48 42 32 106 26 63 28
internal_value=2.21893e-05 0.000535944 -0.000113625 0.000191811 -0.00065172 -0.000114526 -0.000142903
internal_weight=418 90 328 201 127 169 54
internal_count=418 90 328 201 127 169 54
is_linear=0
shrinkage=0.0167612


Tree=57
num_leaves=9
num_cat=1
split_feature=0 170 55 11 9 10 98 31
split_gain=0.252486 0.182483 0.123074 0.112318 0.0695596 0.0594759 0.0402101 0.0343884
threshold=0 1.0000000180025095e-35 59.000000000000007 -0.24999999999999994 1.0000000180025095e-35 -0.24999999999999994 1.0000000180025095e-35 1.0000000180025095e-35
decision_type=9 8 8 2 2 2 10 10
left_child=5 3 -3 -2 -4 6 -1 -5
right_child=1 2 4 7 -6 -7 -8 -9
leaf_value=-0.0004526200628622712 0.00024894830552005487 0.0001338025949443068 0.00095888412944689636 -0.00093689257218970159 0.00029561869903229552 -0.00094045207120273375 4.7931655978856337e-05 -0.00023770055258338129
leaf_weight=33 25 42 138 37 31 56 28 28
leaf_count=33 25 42 138 37 31 56 28 28
internal_value=2.24085e-05 0.000283158 0.000569764 -0.000169558 0.000785929 -0.000505924 -0.00018671 -0.000593796
internal_weight=418 301 211 90 169 117 61 65
internal_count=418 301 211 90 169 117 61 65
cat_boundaries=0 1
cat_threshold=173104
is_linear=0
shrinkage=0.0167612


Tree=58
num_leaves=11
num_cat=0
split_feature=10 132 2 174 189 194 60 38 110 148
split_gain=0.276638 0.286626 0.549039 0.201464 0.170129 0.0604949 0.0543426 0.0835271 0.0297989 0.00821983
threshold=-0.24999999999999994 1.0000000180025095e-35 2023.5000000000002 11.309523809523812 1.0000000180025095e-35 10.500000000000002 6.5000000000000009 26.500000000000004 1.0000000180025095e-35 37.588122605363992
decision_type=2 10 2 10 10 10 8 10 10 8
left_child=1 6 -3 4 -2 -5 7 -1 -6 -4
right_child=3 2 9 5 8 -7 -8 -9 -10 -11
leaf_value=-0.00082288574565433914 -0.00014162439112352498 0.0023554347101958457 0.00028470800918425042 8.9606996355643751e-05 -0.0014821675895041297 0.00064938279591518174 0.00023600247052816363 -0.00013104766138101424 -0.00061794007458902895 8.2664201018620932e-05
leaf_weight=29 71 32 30 24 55 35 61 27 30 24
leaf_count=29 71 32 30 24 55 35 61 27 30 24
internal_value=2.05739e-05 0.000446057 0.00109134 -0.000345587 -0.000679614 0.000204669 6.14416e-05 -0.000320356 -0.00113966 0.00028061
internal_weight=418 203 86 215 156 59 117 56 85 54
internal_count=418 203 86 215 156 59 117 56 85 54
is_linear=0
shrinkage=0.0167612


Tree=59
num_leaves=8
num_cat=0
split_feature=170 13 93 63 10 118 224
split_gain=0.153545 0.269696 0.249894 0.187564 0.382224 0.179863 0.0736514
threshold=1.0000000180025095e-35 322929.25907944521 1.0000000180025095e-35 1843248.3732638892 0.25000000000000011 101.50000000000001 0.047247023809523808
decision_type=10 2 10 8 2 8 10
left_child=1 2 -1 6 -5 -3 -2
right_child=3 5 -4 4 -6 -7 -8
leaf_value=0.0012860850931774666 -0.00070442733685427514 -6.6446940155179097e-05 -3.3356284363876363e-05 0.001332606419930323 -2.6451893586666089e-05 -0.00094507149236849181 -5.1227092113641173e-05
leaf_weight=32 24 38 29 86 50 122 37
leaf_count=32 24 38 29 86 50 122 37
internal_value=2.10687e-05 -0.000238434 0.000430441 0.000350047 0.000705371 -0.000612894 -0.000152637
internal_weight=418 221 61 197 136 160 61
internal_count=418 221 61 197 136 160 61
is_linear=0
shrinkage=0.0167612


Tree=60
num_leaves=9
num_cat=0
split_feature=170 55 3 52 9 120 30 10
split_gain=0.146994 0.199539 0.241574 0.128951 0.0978037 0.0616706 0.0685215 0.0409989
threshold=1.0000000180025095e-35 28.500000000000004 4.5000000000000009 1.0000000180025095e-35 1.0000000180025095e-35 54.500000000000007 19.000000000000004 -0.6830127018922193
decision_type=10 8 2 10 2 8 10 2
left_child=4 -2 3 -3 5 6 -1 -4
right_child=1 2 7 -5 -6 -7 -8 -9
leaf_value=-0.00061356794043526057 -0.00036576577210413398 0.00033399121691137 0.0014928448235655993 -0.00068607294603860555 -0.00079247419366855845 0.00018628466657594821 -4.187208429335483e-05 0.00068510105739862321
leaf_weight=69 32 25 46 27 40 88 24 67
leaf_count=69 32 25 46 27 40 88 24 67
internal_value=2.03933e-05 0.000342647 0.00061862 3.29644e-05 -0.000233058 -4.84815e-05 -0.000320255 0.00103865
internal_weight=418 197 165 52 221 181 93 113
internal_count=418 197 165 52 221 181 93 113
is_linear=0
shrinkage=0.0167612


Tree=61
num_leaves=10
num_cat=0
split_feature=170 10 62 73 27 19 13 184 83
split_gain=0.141263 0.192817 0.40862 0.172732 0.169018 0.165558 0.164919 0.0223224 0.00795039
threshold=1.0000000180025095e-35 -0.24999999999999994 1187162.0243419174 1.0000000180025095e-35 1.5600000000000003 9.0000000000000018 307979.10695084493 10.500000000000002 93.500000000000014
decision_type=10 2 8 10 10 10 2 10 10
left_child=4 2 8 -3 6 7 -1 -6 -2
right_child=1 3 -4 -5 5 -7 -8 -9 -10
leaf_value=0.00090901902878168868 0.00023259687335578012 0.0004138902987367075 0.0018527866705848033 -0.00061811120521444458 -0.0014170099022175681 -9.881528227737401e-05 -8.9407851001978975e-05 -0.0006523800846797602 -4.2809826424674045e-05
leaf_weight=27 25 48 37 53 38 27 74 55 34
leaf_count=27 25 48 37 53 38 27 74 55 34
internal_value=1.90281e-05 0.000335325 0.000824351 -1.07347e-05 -0.000229063 -0.000634378 0.000128694 -0.000999698 0.00019832
internal_weight=418 197 96 101 221 120 101 93 59
internal_count=418 197 96 101 221 120 101 93 59
is_linear=0
shrinkage=0.0167612


Tree=62
num_leaves=9
num_cat=0
split_feature=27 6 30 20 17 103 10 106
split_gain=0.31062 0.239942 0.214791 0.152021 0.101117 0.0755405 0.0246421 0.0121552
threshold=3.1750000000000003 1.5000000000000002 59.500000000000007 1.0000000180025095e-35 1.0000000180025095e-35 129905.7478185073 0.68301270189221941 260275.12500000003
decision_type=10 2 8 8 8 8 2 10
left_child=2 6 4 5 7 -4 -2 -1
right_child=1 -3 3 -5 -6 -7 -8 -9
leaf_value=5.8675698066447203e-06 0.00028249085144255409 0.0013941365963101625 -0.00049369389081122407 -0.0001841145164378685 0.00072133390522916268 -0.0015494582903225189 -0.00012454089155636533 -0.00022792661350297847
leaf_weight=44 46 51 29 104 43 48 27 26
leaf_count=44 46 51 29 104 43 48 27 26
internal_value=1.96074e-05 0.000651563 -0.000240775 -0.000596468 0.000195131 -0.00110308 0.000132817 1.96806e-05
internal_weight=418 124 294 181 113 77 73 70
internal_count=418 124 294 181 113 77 73 70
is_linear=0
shrinkage=0.0167612


Tree=63
num_leaves=9
num_cat=0
split_feature=2 148 142 74 124 57 42 47
split_gain=0.847555 0.196361 0.13745 0.0818987 0.0801173 0.134102 0.00681436 0.000387792
threshold=2023.5000000000002 62.299331103678938 -8.6934013499999985 1.0000000180025095e-35 1.0000000180025095e-35 1.0000000180025095e-35 1.0000000180025095e-35 0.28333333333333338
decision_type=2 8 10 10 8 10 10 8
left_child=-1 4 7 -4 6 -6 -2 -3
right_child=1 2 3 -5 5 -7 -8 -9
leaf_value=0.0015443484428272955 -1.4689916023296334e-05 -4.1357417915033977e-05 -0.0013080020531612312 -0.00043233214049798944 0.0011287655140349005 0.00019813496012466468 -0.00021493616203200179 -5.4549989917188032e-05
leaf_weight=53 39 24 65 63 34 33 27 80
leaf_count=53 39 24 65 63 34 33 27 80
internal_value=1.96779e-05 -0.000242403 -0.000539013 -0.000888903 0.000157765 0.000547962 -4.53421e-05 -9.44633e-05
internal_weight=418 365 232 128 133 67 66 104
internal_count=418 365 232 128 133 67 66 104
is_linear=0
shrinkage=0.0167612


Tree=64
num_leaves=8
num_cat=0
split_feature=150 110 103 52 192 74 198
split_gain=0.123552 0.133182 0.0884176 0.150043 0.0924149 0.0478629 0.00677516
threshold=1.0000000180025095e-35 1.0000000180025095e-35 110999.07988499296 1.0000000180025095e-35 1.5000000000000002 11.500000000000002 17.500000000000004
decision_type=8 10 8 10 8 10 8
left_child=5 2 3 -2 -4 -1 -3
right_child=1 6 4 -5 -6 -7 -8
leaf_value=-0.00083080273496622704 0.00083502517142507301 0.0010287693037888757 -0.00074802689060746695 -0.00012395478309784551 -2.4450281918795151e-05 -0.00014134310633833177 0.00035574612452199937
leaf_weight=48 56 32 39 27 147 44 30
leaf_count=48 56 32 39 27 147 44 30
internal_value=-9.63929e-07 0.00012376 5.66902e-06 0.000345534 -0.00021675 -0.000474083 0.000682167
internal_weight=423 331 269 83 186 92 62
internal_count=423 331 269 83 186 92 62
is_linear=0
shrinkage=0.0167612


Tree=65
num_leaves=6
num_cat=0
split_feature=201 27 200 184 6
split_gain=0.19038 0.220739 0.192495 0.186704 0.0419421
threshold=2.8944444444444448 2.1250000000000004 1.0000000180025095e-35 13.500000000000002 1.5000000000000002
decision_type=8 8 10 8 2
left_child=-1 -2 3 -3 -4
right_child=1 2 4 -5 -6
leaf_value=-0.00080223524678617807 0.00087392808397793469 -0.00099541766393462794 0.00019994144932926214 -4.2915696863226336e-05 0.00092292764331767976
leaf_weight=40 52 51 58 189 33
leaf_count=40 52 51 58 189 33
internal_value=-1.28658e-06 9.39536e-05 -3.36029e-05 -0.000296131 0.000483942
internal_weight=423 383 331 240 91
internal_count=423 383 331 240 91
is_linear=0
shrinkage=0.0167612


Tree=66
num_leaves=8
num_cat=0
split_feature=2 80 23 189 134 74 20
split_gain=0.307484 0.209565 0.255985 0.0843091 0.103078 0.0675677 0.0202483
threshold=2023.5000000000002 189340.75000000003 1.0000000180025095e-35 1.0000000180025095e-35 747040.81757142872 26.500000000000004 1.0000000180025095e-35
decision_type=2 10 8 10 8 10 8
left_child=-1 2 5 6 -5 -2 -3
right_child=1 3 -4 4 -6 -7 -8
leaf_value=0.00094516311517619373 -0.001377106915114545 -7.8680167415805569e-05 -9.3276633560556292e-05 3.2357625796179764e-05 0.00070209185173579665 -0.0004695970306850928 -0.00046309313894094461
leaf_weight=45 78 25 91 36 97 24 27
leaf_count=45 78 25 91 36 97 24 27
internal_value=-1.14911e-06 -0.000175179 -0.000547419 0.000152723 0.000407744 -0.00107259 -0.000183921
internal_weight=423 378 193 185 133 102 52
internal_count=423 378 193 185 133 102 52
is_linear=0
shrinkage=0.0167612


Tree=67
num_leaves=9
num_cat=0
split_feature=170 13 80 122 120 35 85 127
split_gain=0.116796 0.240003 0.160693 0.102155 0.173825 0.0365578 0.0327968 0.0251996
threshold=1.0000000180025095e-35 695121.37558041385 1207924.8610389612 -0.52569723778962774 49.500000000000007 450576.62037037039 2401669.5652173921 1.0000000180025095e-35
decision_type=10 2 8 10 8 10 8 10
left_child=3 6 5 4 7 -3 -2 -1
right_child=1 2 -4 -5 -6 -7 -8 -9
leaf_value=-0.0012926963124928639 0.00041626217673799634 0.00053783272434661006 -0.0007433607093200249 0.00022938840946472801 -6.9020044481263887e-05 4.2733505340274413e-05 0.0012780290621621396 -0.00051530904314180299
leaf_weight=47 26 28 42 30 103 61 47 39
leaf_count=47 26 28 42 30 103 61 47 39
internal_value=0 0.000245559 -6.49513e-05 -0.000266847 -0.000449376 0.000182202 0.000898009 -0.000927755
internal_weight=423 204 131 219 189 89 73 86
internal_count=423 204 131 219 189 89 73 86
is_linear=0
shrinkage=0.0167612


Tree=68
num_leaves=6
num_cat=0
split_feature=160 2 118 23 55
split_gain=0.155923 0.365233 0.126609 0.242054 0.142887
threshold=0.8965505150988492 2023.5000000000002 157.00000000000003 1.0000000180025095e-35 50.000000000000007
decision_type=8 2 8 8 8
left_child=-1 -2 4 -4 -3
right_child=1 2 3 -5 -6
leaf_value=0.00073116274908636395 0.00089575452218720072 -0.00051367702141455062 -0.001077721997091829 -9.4870242438940103e-05 0.00036687120857440428
leaf_weight=34 45 49 106 96 93
leaf_count=34 45 49 106 96 93
internal_value=0 -0.000114982 -0.000322565 -0.000582151 -3.75188e-05
internal_weight=423 389 344 202 142
internal_count=423 389 344 202 142
is_linear=0
shrinkage=0.0167612


Tree=69
num_leaves=9
num_cat=1
split_feature=0 110 132 158 30 52 19 144
split_gain=0.325712 0.127436 0.134138 0.117232 0.114773 0.190531 0.0901538 0.0387407
threshold=0 1.0000000180025095e-35 1.0000000180025095e-35 9.5000000000000018 10.500000000000002 1.0000000180025095e-35 4.5000000000000009 2.2601351351351355
decision_type=9 8 8 10 10 8 10 10
left_child=3 4 -3 -1 6 -6 -2 -5
right_child=1 2 -4 7 5 -7 -8 -9
leaf_value=-0.0013075974653459471 -0.00078413387465536767 0.00022470086357189212 0.00098364597314418395 -8.4092390067056137e-05 0.00088061299087254994 -0.00022122737704912944 -7.2465107965791179e-05 -0.0005236286567586422
leaf_weight=46 44 34 88 30 63 24 63 31
leaf_count=46 44 34 88 30 63 24 63 31
internal_value=0 0.000243169 0.000633454 -0.000665606 2.13689e-05 0.000378373 -0.000316722 -0.000288708
internal_weight=423 316 122 107 194 87 107 61
internal_count=423 316 122 107 194 87 107 61
cat_boundaries=0 1
cat_threshold=33596434
is_linear=0
shrinkage=0.0167612


Tree=70
num_leaves=7
num_cat=0
split_feature=2 160 106 38 215 209
split_gain=0.289097 0.171672 0.172858 0.125259 0.107116 0.00491824
threshold=2023.5000000000002 1.1304142678964786 380985.95766129042 45.500000000000007 0.32615129581189212 0.054804804804804756
decision_type=2 8 8 8 8 8
left_child=-1 2 -2 4 -3 -4
right_child=1 3 5 -5 -6 -7
leaf_value=0.0009187619876685119 -0.00042874977346046199 -0.00027629152104908172 0.00032034000553893412 -6.2016106283496419e-05 -0.0010165131907155106 0.00083742629880047314
leaf_weight=45 25 32 55 111 105 50
leaf_count=45 25 32 55 111 105 50
internal_value=0 -0.000167603 0.000223637 -0.000430319 -0.000749329 0.000584027
internal_weight=423 378 130 248 137 105
internal_count=423 378 130 248 137 105
is_linear=0
shrinkage=0.0167612


Tree=71
num_leaves=7
num_cat=0
split_feature=160 170 89 10 73 119
split_gain=0.131694 0.20427 0.122308 0.082438 0.124056 0.068115
threshold=0.91455593258733492 1.0000000180025095e-35 17.500000000000004 0.25000000000000011 1.0000000180025095e-35 1.0000000180025095e-35
decision_type=8 8 10 2 10 10
left_child=-1 2 -2 4 -3 -5
right_child=1 3 -4 5 -6 -7
leaf_value=0.00063517855265549366 -0.0011704012416757093 4.6318200889677593e-05 -0.00020418628157867566 -4.9420328978628855e-05 0.00084803610656197109 -0.00063793278092691939
leaf_weight=41 51 116 73 51 57 34
leaf_count=41 51 116 73 51 57 34
internal_value=0 -0.000113155 -0.00061734 0.000107571 0.000333785 -0.000186379
internal_weight=423 382 124 258 173 85
internal_count=423 382 124 258 173 85
is_linear=0
shrinkage=0.0167612


Tree=72
num_leaves=9
num_cat=0
split_feature=13 194 77 122 43 42 122 110
split_gain=0.286834 0.247169 0.154857 0.110674 0.036078 0.0291097 0.0103743 0.00979196
threshold=363197.91666666674 10.500000000000002 1.0000000180025095e-35 -0.43503134292898432 1.0000000180025095e-35 1.0000000180025095e-35 -1.1859028702947818 1.0000000180025095e-35
decision_type=2 10 8 8 8 10 10 10
left_child=2 3 7 -2 -5 6 -3 -1
right_child=1 5 -4 4 -6 -7 -8 -9
leaf_value=0.0003260862757908736 -0.00022547729803002332 0.00061142718558914767 0.0013728163100050659 -0.0013830385817086813 -0.0006539264830311925 6.6587068962675053e-05 0.00013678427594527378 6.7334050540754513e-05
leaf_weight=25 29 35 32 28 133 30 60 44
leaf_count=25 29 35 32 28 133 30 60 44
internal_value=-1.94367e-05 -0.000275987 0.000622616 -0.000650387 -0.000850836 0.000173465 0.000367997 0.000225847
internal_weight=416 315 101 190 161 125 95 69
internal_count=416 315 101 190 161 125 95 69
is_linear=0
shrinkage=0.0167612


Tree=73
num_leaves=9
num_cat=1
split_feature=1 3 27 30 88 199 79 11
split_gain=0.125892 0.123245 0.135614 0.0608885 0.053722 0.0400547 0.0245932 0.0214034
threshold=0 6.5000000000000009 1.8550000000000002 28.500000000000004 23.500000000000004 1.0000000180025095e-35 1.0000000180025095e-35 1.0000000180025095e-35
decision_type=1 2 8 8 8 8 8 2
left_child=3 2 -2 -1 -5 -4 7 -3
right_child=1 6 5 4 -6 -7 -8 -9
leaf_value=4.5353371086992031e-05 -0.0001046137497435018 0.00040062228639363521 -0.0011697728282089009 0.0001391275463455017 0.00082275603175307912 -0.00036963929810131284 -0.00015794264173096261 5.6621190671575966e-05
leaf_weight=32 25 51 70 52 65 32 44 45
leaf_count=32 25 51 70 52 65 32 44 45
internal_value=-1.76e-05 -0.000236858 -0.000595067 0.000298584 0.000526202 -0.000900649 -4.8833e-06 0.000192944
internal_weight=416 267 127 149 117 102 140 96
internal_count=416 267 127 149 117 102 140 96
cat_boundaries=0 1
cat_threshold=24
is_linear=0
shrinkage=0.0167612


Tree=74
num_leaves=8
num_cat=1
split_feature=1 2 13 44 144 74 110
split_gain=0.121095 0.23959 0.173581 0.0433937 0.0512351 0.0223127 0.020532
threshold=0 2023.5000000000002 665017.50000000012 72.000000000000014 3.507352941176471 40.500000000000007 1.0000000180025095e-35
decision_type=1 2 2 10 8 8 10
left_child=3 -2 5 4 -1 -3 -6
right_child=1 2 -4 -5 6 -7 -8
leaf_value=0.00020279625241459247 0.00065349365186658762 -0.0002039005981953291 -0.00090963220134426391 0.00011014976965568104 0.00088493571230454976 0.00012589408618279328 0.00025408950884207973
leaf_weight=26 27 82 103 31 61 55 31
leaf_count=26 27 82 103 31 61 55 31
internal_value=-1.68695e-05 -0.000232269 -0.000447719 0.000292843 0.000484901 -5.6271e-05 0.00067552
internal_weight=416 267 240 149 118 137 92
internal_count=416 267 240 149 118 137 92
cat_boundaries=0 1
cat_threshold=24
is_linear=0
shrinkage=0.0167612


Tree=75
num_leaves=7
num_cat=0
split_feature=13 55 13 180 88 10
split_gain=0.207562 0.212626 0.124789 0.303439 0.137689 0.111533
threshold=887146.21863636374 11.500000000000002 314876.21041092119 1.0000000180025095e-35 5.5000000000000009 0.25000000000000011
decision_type=2 10 2 8 8 2
left_child=2 -2 4 -4 -1 -5
right_child=1 -3 3 5 -6 -7
leaf_value=0.00026179686674148236 -0.0012795841915440068 -0.00019549877814116021 0.0009130716310810481 -3.5638796611859878e-05 0.0011375865179180126 -0.00067448871369054839
leaf_weight=27 51 34 43 124 49 88
leaf_count=27 51 34 43 124 49 88
internal_value=-1.62531e-05 -0.000645247 0.000145224 9.91744e-06 0.000639983 -0.00027208
internal_weight=416 85 331 255 76 212
internal_count=416 85 331 255 76 212
is_linear=0
shrinkage=0.0167612


Tree=76
num_leaves=7
num_cat=0
split_feature=13 13 180 44 110 7
split_gain=0.116404 0.183259 0.373823 0.119503 0.111536 0.0718736
threshold=307979.10695084493 937347.0086904763 1.0000000180025095e-35 133.00000000000003 1.0000000180025095e-35 1.0000000180025095e-35
decision_type=2 2 8 8 10 2
left_child=4 2 -2 -3 -1 -4
right_child=1 3 5 -5 -6 -7
leaf_value=0.0010462199768972284 0.0010130903511577556 -0.00033525547646825674 -0.00043907278671063022 -0.0012394812723365068 0.00014740247033302075 5.3321349949482092e-05
leaf_weight=31 50 24 164 50 40 57
leaf_count=31 50 24 164 50 40 57
internal_value=-1.4899e-05 -0.000156808 -1.34075e-06 -0.000765747 0.000462861 -0.000243425
internal_weight=416 345 271 74 71 221
internal_count=416 345 271 74 71 221
is_linear=0
shrinkage=0.0167612


Tree=77
num_leaves=8
num_cat=1
split_feature=1 123 11 215 103 105 160
split_gain=0.108716 0.0549935 0.0637319 0.0655117 0.0507697 0.0931509 0.0409553
threshold=0 49.500000000000007 -0.5 -0.03717435138794381 107150.85507068664 23.500000000000004 0.91455593258733492
decision_type=1 10 2 8 10 8 10
left_child=4 2 6 -4 5 -1 -2
right_child=1 -3 3 -5 -6 -7 -8
leaf_value=0.00012444893019313919 0.00026294789906534087 9.0903048328333923e-05 -0.00021151114604435551 -0.00069523527576356736 4.1693783385212157e-05 0.00082679038467977609 -0.00030652494024997252
leaf_weight=53 43 38 28 131 26 70 27
leaf_count=53 43 38 28 131 26 70 27
internal_value=-1.28842e-05 -0.000218149 -0.000349121 -0.000528372 0.000279597 0.000477343 -7.35734e-05
internal_weight=416 267 229 159 149 123 70
internal_count=416 267 229 159 149 123 70
cat_boundaries=0 1
cat_threshold=24
is_linear=0
shrinkage=0.0167612


Tree=78
num_leaves=9
num_cat=0
split_feature=168 10 215 27 113 9 122 77
split_gain=0.0806263 0.0841161 0.080711 0.0353 0.0349171 0.0299468 0.0149269 0.00135799
threshold=116.07848305 0.68301270189221941 -0.080720623599841779 2.2950000000000004 28876.65354996116 1.0000000180025095e-35 -0.037436138415031135 1.0000000180025095e-35
decision_type=10 2 10 10 10 2 10 8
left_child=1 2 5 -3 -2 -1 -6 -4
right_child=4 3 7 -5 6 -7 -8 -9
leaf_value=0.00025397837872872376 0.00061469578830216905 -0.00023192551118960002 -0.00072863664613691975 -0.00093555918026182855 0.00021361469442338559 -8.9030213078847813e-05 -0.00010830435366938119 -0.00020335038968687645
leaf_weight=157 44 29 27 38 44 29 24 24
leaf_count=157 44 29 27 38 44 29 24 24
internal_value=-1.18787e-05 -0.000164953 -1.20578e-05 -0.000591778 0.000299061 0.00012968 6.44778e-05 -0.000464467
internal_weight=416 304 237 67 112 186 68 51
internal_count=416 304 237 67 112 186 68 51
is_linear=0
shrinkage=0.0167612


Tree=79
num_leaves=7
num_cat=0
split_feature=9 38 215 65 168 50
split_gain=0.069538 0.130309 0.0506061 0.0805193 0.0509195 0.0399208
threshold=1.0000000180025095e-35 26.500000000000004 1.0000000180025095e-35 11.500000000000002 116.07631110000001 1.0000000180025095e-35
decision_type=2 8 10 8 10 10
left_child=2 -2 3 -1 -5 -4
right_child=1 -3 5 4 -6 -7
leaf_value=0.00059192708324225165 -0.00097531477039201821 -0.00012129317689254096 -0.00049673401976277017 -0.00014818914196001816 0.00031999121114819631 -8.7800845786076246e-05
leaf_weight=69 37 37 48 132 67 26
leaf_count=69 37 37 48 132 67 26
internal_value=-1.20523e-05 -0.000403953 6.43855e-05 0.000188612 1.61939e-05 -0.000209939
internal_weight=416 74 342 268 199 74
internal_count=416 74 342 268 199 74
is_linear=0
shrinkage=0.0167612


Tree=80
num_leaves=7
num_cat=0
split_feature=13 31 25 6 13 105
split_gain=0.338746 0.12421 0.193919 0.277803 0.113877 0.0625183
threshold=224358.07418699187 1.0000000180025095e-35 3.1170143415906133 1.5000000000000002 937347.0086904763 46.500000000000007
decision_type=2 10 10 2 2 8
left_child=-1 5 3 -3 -4 -2
right_child=1 2 4 -5 -6 -7
leaf_value=0.0010814267199059633 -0.0011060501292377311 -0.0005938039039840718 0.0014325858801537848 0.00042283009063990987 0.00033672444415960438 -0.00029280735775218808
leaf_weight=40 24 134 26 90 24 88
leaf_count=40 24 134 26 90 24 88
internal_value=1.871e-05 -0.000113793 3.43979e-05 -0.000126074 0.000769103 -0.000531617
internal_weight=426 386 274 224 50 112
internal_count=426 386 274 224 50 112
is_linear=0
shrinkage=0.0167612


Tree=81
num_leaves=7
num_cat=0
split_feature=50 134 52 160 60 9
split_gain=0.0787044 0.109948 0.0966196 0.0538951 0.0508184 0.00250051
threshold=1.0000000180025095e-35 1193793.0428571429 1.0000000180025095e-35 1.1641210638803703 0.71666666666666667 1.0000000180025095e-35
decision_type=8 8 10 8 10 2
left_child=1 -1 3 -3 5 -2
right_child=4 2 -4 -5 -6 -7
leaf_value=-0.00074259503767754303 9.0662566133407346e-05 -3.6278369088915952e-05 0.00036841665034589681 -0.00048416995554387575 0.00065235160515951193 2.9418793964373442e-05
leaf_weight=35 92 45 85 92 53 24
leaf_count=35 92 45 85 92 53 24
internal_value=1.89162e-05 -0.000132851 -1.03164e-05 -0.000245194 0.000288496 6.71946e-05
internal_weight=426 257 222 137 169 116
internal_count=426 257 222 137 169 116
is_linear=0
shrinkage=0.0167612


Tree=82
num_leaves=6
num_cat=0
split_feature=175 185 13 65 118
split_gain=0.0882851 0.0800941 0.243755 0.0912462 0.0297994
threshold=25.500000000000004 0.10396294390118371 1052744.4791666667 7.5000000000000009 30.500000000000004
decision_type=10 8 2 10 10
left_child=1 -1 3 -3 -2
right_child=4 2 -4 -5 -6
leaf_value=-0.00029503598395750979 -0.00012937212844181463 0.00011795609097580391 -0.00068741006702157834 0.00072265616018951239 -0.00072525963875193352
leaf_weight=43 38 150 24 137 34
leaf_count=43 38 150 24 137 34
internal_value=1.88072e-05 0.000142375 0.000257798 0.000425531 -0.0003924
internal_weight=426 354 311 287 72
internal_count=426 354 311 287 72
is_linear=0
shrinkage=0.0167612


Tree=83
num_leaves=8
num_cat=0
split_feature=2 13 118 7 74 50 193
split_gain=0.448962 0.234098 0.215987 0.142077 0.094508 0.0305252 0.0287302
threshold=2023.5000000000002 363197.91666666674 55.500000000000007 1.0000000180025095e-35 18.500000000000004 1.0000000180025095e-35 1.5000000000000002
decision_type=2 2 8 2 8 10 10
left_child=6 4 5 -4 -2 -3 -1
right_child=1 2 3 -5 -6 -7 -8
leaf_value=0.0017683443994493302 0.00012080613000457929 -1.7377551107588055e-05 -0.0010444625944431092 -0.00023171627727307088 0.00091106834024279651 0.00035145256955783219 0.00073587710569358454
leaf_weight=28 46 68 132 43 44 41 24
leaf_count=28 46 68 132 43 44 41 24
internal_value=1.65277e-05 -0.000163188 -0.000411962 -0.000764809 0.000418126 1.82756e-05 0.00113863
internal_weight=426 374 284 175 90 109 52
internal_count=426 374 284 175 90 109 52
is_linear=0
shrinkage=0.0167612


Tree=84
num_leaves=9
num_cat=0
split_feature=13 10 27 27 105 21 60 119
split_gain=0.139256 0.182672 0.220236 0.205299 0.178945 0.0561112 0.0481273 0.0349413
threshold=292907.42592592601 0.25000000000000011 2.2050000000000005 3.0650000000000004 7.5000000000000009 464788.70373062021 0.96666666666666667 1.0000000180025095e-35
decision_type=2 2 8 10 8 10 10 10
left_child=4 3 -3 5 -1 -2 -5 -4
right_child=1 2 7 6 -6 -7 -8 -9
leaf_value=0.0001364670308639981 -0.00036907581110496348 3.4916101940545709e-05 -0.00051510076883729743 0.00032121706589358372 0.0011722090449200336 0.0001278382311602149 0.0011515858406050989 -0.0013362717883807409
leaf_weight=25 99 40 36 26 46 49 47 58
leaf_count=25 99 40 36 26 46 49 47 58
internal_value=1.73849e-05 -9.35858e-05 -0.000543236 0.000147674 0.000577339 -0.000114008 0.000768055 -0.000996628
internal_weight=426 355 134 221 71 148 73 94
internal_count=426 355 134 221 71 148 73 94
is_linear=0
shrinkage=0.0167612


Tree=85
num_leaves=8
num_cat=0
split_feature=13 174 212 7 42 81 55
split_gain=0.0791279 0.171482 0.156242 0.117968 0.230698 0.0751164 0.0150205
threshold=866290.27908113401 2.3877551020408165 368726.40622001531 1.0000000180025095e-35 1.0000000180025095e-35 1.0000000180025095e-35 6.5000000000000009
decision_type=2 10 8 2 8 10 10
left_child=2 -2 -1 5 -5 -4 -3
right_child=1 6 3 4 -6 -7 -8
leaf_value=-0.00045659062806973532 -0.0010932837663990083 -0.00014567879274879811 0.00033412591567850926 0.0016335026743313889 0.00030136488836204618 -0.00019718426483933632 0.00018021211381767549
leaf_weight=46 25 39 137 32 34 73 40
leaf_count=46 25 39 137 32 34 73 40
internal_value=1.75861e-05 -0.000304798 0.000159394 0.000333339 0.000849578 0.000118061 -5.83152e-05
internal_weight=426 104 322 276 66 210 79
internal_count=426 104 322 276 66 210 79
is_linear=0
shrinkage=0.0167612


Tree=86
num_leaves=7
num_cat=0
split_feature=190 107 110 6 189 184
split_gain=0.098277 0.0632386 0.0549316 0.0547566 0.0129431 0.0101969
threshold=370535.86129196815 1.0000000180025095e-35 1.0000000180025095e-35 1.0000000180025095e-35 1.0000000180025095e-35 25.500000000000004
decision_type=8 10 8 2 8 10
left_child=-1 2 5 -3 -4 -2
right_child=1 3 4 -5 -6 -7
leaf_value=-0.00048962300288755718 -0.00047017809100505058 0.00016369869905739781 4.8785979456942907e-05 0.00064684820264747811 0.00023188920218195639 -0.00010293721380608877
leaf_weight=50 52 29 37 84 139 35
leaf_count=50 52 29 37 84 139 35
internal_value=1.57333e-05 0.000125882 8.35241e-06 0.000417691 0.000145363 -0.000295698
internal_weight=426 376 263 113 176 87
internal_count=426 376 263 113 176 87
is_linear=0
shrinkage=0.0167612


Tree=87
num_leaves=5
num_cat=0
split_feature=13 209 3 81
split_gain=0.352552 0.15475 0.274249 0.12078
threshold=232620.91666666669 0.061669829222011356 4.5000000000000009 1.0000000180025095e-35
decision_type=2 10 2 10
left_child=-1 2 -2 -4
right_child=1 -3 3 -5
leaf_value=0.0010520921182111361 -0.00095577608940688476 0.00046888965154607339 -0.00022954493302038844 0.00045580397040102653
leaf_weight=46 90 52 164 74
leaf_count=46 90 52 164 74
internal_value=1.41365e-05 -0.000132334 -0.000288091 -2.09769e-05
internal_weight=426 380 328 238
internal_count=426 380 328 238
is_linear=0
shrinkage=0.0167612


Tree=88
num_leaves=8
num_cat=0
split_feature=55 27 10 156 6 3 124
split_gain=0.157069 0.164057 0.489347 0.140609 0.121809 0.0399638 0.0112396
threshold=28.500000000000004 3.3750000000000004 1.0000000180025095e-35 1.0000000180025095e-35 1.5000000000000002 6.5000000000000009 1.0000000180025095e-35
decision_type=8 10 2 10 2 2 10
left_child=-1 3 -3 4 -2 -5 -4
right_child=1 2 6 5 -6 -7 -8
leaf_value=-0.00073344437404733909 0.00059291028332764291 0.0016690199075040143 -2.3750333897299446e-06 -0.00079089135948186761 -0.000144626463413798 -0.00017137797823374689 -0.00027649660609753928
leaf_weight=39 83 42 31 59 65 73 31
leaf_count=39 83 42 31 59 65 73 31
internal_value=0 8.48176e-05 0.000584862 -8.59636e-05 0.000185359 -0.000465386 -6.31424e-06
internal_weight=423 384 104 280 148 132 62
internal_count=423 384 104 280 148 132 62
is_linear=0
shrinkage=0.0167612


Tree=89
num_leaves=10
num_cat=0
split_feature=11 10 119 64 214 150 161 165 190
split_gain=0.154358 0.267097 0.137549 0.0988891 0.0757482 0.159888 0.0189841 0.0155121 0.00160868
threshold=-0.68301270189221952 -0.24999999999999994 1.0000000180025095e-35 14.500000000000002 1.0000000180025095e-35 1.0000000180025095e-35 57231192.989181958 1.0000000180025095e-35 419056.81773243041
decision_type=2 2 8 10 10 10 10 10 10
left_child=3 4 -3 -1 5 -2 -6 -4 -5
right_child=1 2 7 8 6 -7 -8 -9 -10
leaf_value=0.00095836832120818334 0.00013365633130884956 -0.0002019169561260647 -0.0006441108601859955 4.022391785743775e-05 4.4062244345705927e-05 0.0012217022556978605 -0.00026990342223653111 -0.0013045204129274771 0.000120958947733196
leaf_weight=45 56 41 73 32 30 31 38 49 28
leaf_count=45 56 41 73 32 30 31 38 49 28
internal_value=0 -0.000193656 -0.000644846 0.000459293 0.000207064 0.000534113 -4.26633e-06 -0.000944447 0.000109091
internal_weight=423 318 163 105 155 87 68 122 60
internal_count=423 318 163 105 155 87 68 122 60
is_linear=0
shrinkage=0.0167612


Tree=90
num_leaves=9
num_cat=0
split_feature=4 11 202 124 45 55 175 102
split_gain=0.125348 0.130878 0.113834 0.101676 0.0802823 0.0472699 0.0250657 0.00629033
threshold=183.00000000000003 0.6830127018922193 1.0000000180025095e-35 1.0000000180025095e-35 1.0000000180025095e-35 59.000000000000007 8.5000000000000018 176549.28560521829
decision_type=2 2 8 8 10 8 10 8
left_child=1 3 -3 6 -2 -5 -1 -6
right_child=4 2 -4 5 7 -7 -8 -9
leaf_value=-0.00013977488679497253 0.0009579063976882015 -0.00019195068089874857 -0.0011041243136808102 1.5921526793321132e-05 0.00019983976419442819 0.00042734470989942551 -0.00061923466428735296 3.3034372904974982e-05
leaf_weight=31 34 42 50 33 28 128 48 29
leaf_count=31 34 42 50 33 28 128 48 29
internal_value=0 -0.000161781 -0.000623288 -9.83836e-06 0.00044607 0.000251388 -0.000371604 0.00011015
internal_weight=423 332 92 240 91 161 79 57
internal_count=423 332 92 240 91 161 79 57
is_linear=0
shrinkage=0.0167612


Tree=91
num_leaves=10
num_cat=0
split_feature=10 11 132 29 51 103 9 107 165
split_gain=0.20752 0.142905 0.135243 0.502058 0.0850174 0.0468011 0.0326017 0.0251784 0.0149152
threshold=-0.24999999999999994 0.25000000000000017 1.0000000180025095e-35 1.0000000180025095e-35 1.0000000180025095e-35 109890.19678680327 1.0000000180025095e-35 1.0000000180025095e-35 1.0000000180025095e-35
decision_type=2 2 10 10 8 8 2 8 10
left_child=2 6 7 -4 5 -3 8 -1 -2
right_child=1 4 3 -5 -6 -7 -8 -9 -10
leaf_value=-0.00018415753661386771 0.0003306686202479242 -5.464398020570647e-05 0.0019706277284872176 0.00019611694019962619 -0.001261731851647268 -0.00057294561636192282 -0.00031086876233332679 0.00020331559313277057 3.9793455143201187e-05
leaf_weight=57 45 24 32 52 45 30 33 57 48
leaf_count=57 45 24 32 52 45 30 33 57 48
internal_value=0 -0.000339151 0.000345629 0.000795799 -0.000768197 -0.000325539 -4.38102e-05 4.86846e-05 0.000141989
internal_weight=423 225 198 84 99 54 126 114 93
internal_count=423 225 198 84 99 54 126 114 93
is_linear=0
shrinkage=0.0167612


Tree=92
num_leaves=9
num_cat=0
split_feature=3 2 51 62 161 110 80 143
split_gain=0.198586 0.698587 0.204992 0.216064 0.0707434 0.0595972 0.0292599 0.0139749
threshold=5.5000000000000009 2023.5000000000002 1.0000000180025095e-35 449946.55172413803 57131231.662333488 1.0000000180025095e-35 721168.47916666686 1.0000000180025095e-35
decision_type=2 2 10 10 10 8 8 10
left_child=2 -2 3 5 6 -1 -3 -6
right_child=1 4 -4 -5 7 -7 -8 -9
leaf_value=-0.00083263267710276592 0.0015738264998594654 0.00034095245157542099 -0.0011975069959713389 0.00069959830157673034 -0.00071053360474360432 -0.00018150032723270135 -3.8991583110981192e-05 -0.00019811139475615973
leaf_weight=48 53 33 44 30 47 31 110 27
leaf_count=48 53 33 44 30 47 31 110 27
internal_value=0 0.000239217 -0.00044793 -7.68503e-05 -0.00011065 -0.000482535 8.95747e-06 -0.000484299
internal_weight=423 270 153 109 217 79 143 74
internal_count=423 270 153 109 217 79 143 74
is_linear=0
shrinkage=0.0167612


Tree=93
num_leaves=9
num_cat=0
split_feature=5 150 46 156 27 13 202 65
split_gain=0.231402 0.124088 0.173715 0.11273 0.223348 0.0606802 0.0209811 0.0189822
threshold=1.5000000000000002 1.0000000180025095e-35 0.78860795418125262 1.0000000180025095e-35 2.5350000000000006 675600.00000000012 1.0000000180025095e-35 48.500000000000007
decision_type=2 10 10 10 10 2 10 8
left_child=3 5 -3 -1 -5 7 -4 -2
right_child=1 2 6 4 -6 -7 -8 -9
leaf_value=-0.00024420486717488586 -0.00010281750916580269 0.00088356630101998901 0.00015533983211727669 -0.0004643601920566446 -0.0017145288617771456 -0.00051173647973090544 -0.00022116078786707657 0.00021017956373625221
leaf_weight=30 41 104 32 24 39 42 44 67
leaf_count=30 41 104 32 24 39 42 44 67
internal_value=0 0.000182515 0.000471749 -0.000636175 -0.00106063 -8.60258e-05 8.77071e-05 9.19177e-06
internal_weight=423 330 180 93 63 150 76 108
internal_count=423 330 180 93 63 150 76 108
is_linear=0
shrinkage=0.0167612


Tree=94
num_leaves=7
num_cat=0
split_feature=5 47 190 46 150 9
split_gain=0.222201 0.123269 0.110399 0.0461232 0.0436435 0.0679451
threshold=1.5000000000000002 1.0000000180025095e-35 419056.81773243041 0.60710870244089554 1.0000000180025095e-35 1.0000000180025095e-35
decision_type=2 10 10 10 8 2
left_child=2 4 -1 -3 -2 -6
right_child=1 3 -4 -5 5 -7
leaf_value=-0.0011122448810895616 -0.00033772048529987408 0.00094848146502864552 -0.0001951921465819483 0.00019686163246959381 0.00026587003543289682 -0.00033738141171702461
leaf_weight=52 52 55 41 43 154 26
leaf_count=52 52 55 41 43 154 26
internal_value=0 0.000178886 -0.00062337 0.000611029 1.3337e-05 9.45651e-05
internal_weight=423 330 93 98 232 180
internal_count=423 330 93 98 232 180
is_linear=0
shrinkage=0.0167612


Tree=95
num_leaves=7
num_cat=0
split_feature=2 27 52 118 158 136
split_gain=0.826029 0.247105 0.173677 0.140853 0.0673779 0.00711043
threshold=2023.5000000000002 2.5350000000000006 1.0000000180025095e-35 6.0000000000000009 53.500000000000007 1.0000000180025095e-35
decision_type=2 10 10 10 10 10
left_child=-1 2 3 -2 5 -3
right_child=1 4 -4 -5 -6 -7
leaf_value=0.0014778075269895911 4.8111704412516653e-05 -0.00045318604782497153 -0.00068193570844009028 0.0007960475627802338 -0.00030050669443166199 -0.0010335188974136161
leaf_weight=53 95 39 28 69 26 113
leaf_count=53 95 39 28 69 26 113
internal_value=0 -0.000291659 3.94219e-05 0.000305621 -0.000718535 -0.000886422
internal_weight=423 370 192 164 178 152
internal_count=423 370 192 164 178 152
is_linear=0
shrinkage=0.0167612


Tree=96
num_leaves=8
num_cat=1
split_feature=2 1 144 11 12 21 212
split_gain=0.57126 0.229454 0.199903 0.137962 0.0559485 0.0508832 0.0433645
threshold=2023.5000000000002 0 3.1766233766233771 -1.0000000180025095e-35 1.0000000180025095e-35 628070.51243386255 670806.18888727797
decision_type=2 1 8 2 2 10 10
left_child=-1 2 6 -4 5 -3 -2
right_child=1 4 3 -5 -6 -7 -8
leaf_value=0.0012674089977916538 0.00026490667595849933 -0.00017030454798787985 -0.00042987502674797821 -0.0016477008359099862 0.00047352346768708172 0.00033110242232226028 -0.00032544045122488886
leaf_weight=57 29 131 31 55 60 49 36
leaf_count=57 29 131 31 55 60 49 36
internal_value=4.19931e-05 -0.000163049 -0.00061579 -0.00114286 0.000106321 1.00015e-05 -0.000137524
internal_weight=448 391 151 86 240 180 65
internal_count=448 391 151 86 240 180 65
cat_boundaries=0 1
cat_threshold=38
is_linear=0
shrinkage=0.0167612


Tree=97
num_leaves=9
num_cat=0
split_feature=11 27 5 27 27 43 81 30
split_gain=0.109047 0.124238 0.110504 0.143303 0.142408 0.168349 0.0499281 0.00510244
threshold=0.6830127018922193 1.7750000000000001 1.5000000000000002 2.4400000000000004 3.0250000000000004 1.0000000180025095e-35 1.0000000180025095e-35 26.500000000000004
decision_type=2 10 2 10 8 10 10 10
left_child=2 -2 3 -1 7 -6 -3 -4
right_child=1 6 4 -5 5 -7 -8 -9
leaf_value=0.00020163177790229458 3.1073819085264701e-05 -0.0010686206963390072 -9.9284634602747366e-05 -0.00080325671015622595 0.0002995278450618701 0.0013592440773206229 -0.00030384982242471782 5.9969790384939533e-05
leaf_weight=24 53 47 72 40 101 49 26 36
leaf_count=24 53 47 72 40 101 49 26 36
internal_value=4.2495e-05 -0.00030119 0.000214166 -0.000214676 0.00038558 0.000697961 -0.000726528 5.68843e-05
internal_weight=448 126 322 64 258 150 73 108
internal_count=448 126 322 64 258 150 73 108
is_linear=0
shrinkage=0.0167612


Tree=98
num_leaves=8
num_cat=0
split_feature=13 2 80 172 9 43 30
split_gain=0.135776 0.366162 0.145192 0.277335 0.0912086 0.0517478 0.038575
threshold=400286.61722370778 2023.5000000000002 451821.55172413803 1.0000000180025095e-35 1.0000000180025095e-35 1.0000000180025095e-35 56.500000000000007
decision_type=2 2 10 8 2 8 8
left_child=4 -2 3 -3 5 -1 -4
right_child=1 2 6 -5 -6 -7 -8
leaf_value=0.00031418964974654306 0.00092142634372968093 -0.0012863743363408164 0.0001670071491569488 -0.00017799466930742955 5.3795057206275167e-05 0.0010652017233644987 -0.00030856804182430997
leaf_weight=64 38 81 92 57 24 51 41
leaf_count=64 38 81 92 57 24 51 41
internal_value=4.21921e-05 -0.000122752 -0.00036799 -0.000720819 0.000440482 0.000685151 -4.53419e-05
internal_weight=448 309 271 138 139 115 133
internal_count=448 309 271 138 139 115 133
is_linear=0
shrinkage=0.0167612


Tree=99
num_leaves=7
num_cat=0
split_feature=2 13 27 80 175 190
split_gain=0.543299 0.218194 0.193933 0.152032 0.380312 0.0575822
threshold=2023.5000000000002 314876.21041092119 2.5650000000000004 344501.51241242775 5.5000000000000009 693481.90326888172
decision_type=2 2 10 10 10 10
left_child=-1 2 -2 4 -3 -5
right_child=1 3 -4 5 -6 -7
leaf_value=0.0012374714469451239 0.001153870950394255 -0.00012795052613307083 6.5634251242444548e-05 0.00025817735529094771 -0.0015682185694160299 -0.00027388843444009199
leaf_weight=57 41 105 32 78 59 76
leaf_count=57 41 105 32 78 59 76
internal_value=4.22254e-05 -0.000157242 0.000468807 -0.000364825 -0.000696344 -3.94856e-05
internal_weight=448 391 73 318 164 154
internal_count=448 391 73 318 164 154
is_linear=0
shrinkage=0.0167612


Tree=100
num_leaves=8
num_cat=0
split_feature=170 13 185 192 9 144 43
split_gain=0.0706537 0.145138 0.125295 0.0387254 0.0908773 0.03534 0.109639
threshold=1.0000000180025095e-35 354326.28438375361 0.040833333333333312 1.0000000180025095e-35 1.0000000180025095e-35 3.1766233766233771 1.0000000180025095e-35
decision_type=8 2 8 8 2 8 10
left_child=1 -1 -2 -4 -5 -3 -7
right_child=2 5 3 4 -6 6 -8
leaf_value=0.00025492499345216918 -0.00036332195515642715 -0.00021070665064730571 0.00015035729905116856 0.00060912898175945326 6.5689799599025623e-05 -0.0012928383682975905 -0.00030541007122825218
leaf_weight=51 39 32 26 187 44 38 31
leaf_count=51 39 32 26 187 44 38 31
internal_value=4.17275e-05 -0.000197501 0.000199318 0.000359516 0.000443696 -0.000571456 -0.000811961
internal_weight=448 152 296 257 231 101 69
internal_count=448 152 296 257 231 101 69
is_linear=0
shrinkage=0.0167612


Tree=101
num_leaves=9
num_cat=0
split_feature=13 194 185 93 119 9 194 172
split_gain=0.133195 0.19362 0.108917 0.104633 0.095521 0.0676939 0.0342573 0.0887305
threshold=475345.69545244699 1.0000000180025095e-35 0.15894736842105264 1.0000000180025095e-35 1.0000000180025095e-35 1.0000000180025095e-35 15.000000000000002 1.0000000180025095e-35
decision_type=2 8 8 10 8 2 10 8
left_child=3 -2 4 6 -3 -4 7 -1
right_child=1 2 5 -5 -6 -7 -8 -9
leaf_value=0.0012747807403817304 -0.00089446005406288007 -0.00019535874391532636 0.00043095285157294857 -6.3386037345627912e-05 -0.0010525180822524591 -0.00010924423065133909 0.00023476719086089971 0.00036931099049202827
leaf_weight=39 48 27 133 34 24 34 29 80
leaf_count=39 48 27 133 34 24 34 29 80
internal_value=3.96997e-05 -0.000163598 -1.06971e-05 0.000371721 -0.00047757 0.000227089 0.000599029 0.000742272
internal_weight=448 266 218 182 51 167 148 119
internal_count=448 266 218 182 51 167 148 119
is_linear=0
shrinkage=0.0167612


Tree=102
num_leaves=8
num_cat=1
split_feature=0 69 13 93 110 88 64
split_gain=0.200669 0.168654 0.103425 0.201161 0.103069 0.0898098 0.0424357
threshold=0 696152.24514563114 280369.20908408408 1.0000000180025095e-35 1.0000000180025095e-35 2.5000000000000004 28.500000000000004
decision_type=9 8 2 8 10 10 8
left_child=1 -1 6 4 -4 -3 -2
right_child=2 5 3 -5 -6 -7 -8
leaf_value=0.00016907854177337765 0.00013080835523243936 0.001766196769343477 -0.00025576891663188354 -0.00094467688046252231 0.00040306967975579141 0.00062328275839274364 0.00072430204218772696
leaf_weight=43 27 26 156 67 62 41 26
leaf_count=43 27 26 156 67 62 41 26
internal_value=3.73035e-05 0.000558065 -0.000139965 -0.000293179 -3.23886e-05 0.00109963 0.000319771
internal_weight=448 110 338 285 218 67 53
internal_count=448 110 338 285 218 67 53
cat_boundaries=0 1
cat_threshold=2376
is_linear=0
shrinkage=0.0167612


Tree=103
num_leaves=10
num_cat=0
split_feature=10 2 209 27 171 124 9 102 106
split_gain=0.154722 0.534746 0.143589 0.180234 0.165545 0.0403906 0.0285679 0.016333 0.0122716
threshold=-0.24999999999999994 2023.5000000000002 0.041241496598639411 1.2900000000000003 1.0000000180025095e-35 1.0000000180025095e-35 1.0000000180025095e-35 326135.08812712604 114363.24767390343
decision_type=2 2 10 10 10 8 2 8 10
left_child=1 -1 3 6 -5 7 -2 -3 -7
right_child=2 5 -4 4 -6 8 -8 -9 -10
leaf_value=0.0016073930344796205 0.0004054949421090776 -0.00014115891733326849 0.00043527734513707845 -0.0004110569806890311 -0.0015326314847965803 0.00023331699007519003 3.8050702475069335e-05 -0.00058350082320654376 4.458787959188291e-05
leaf_weight=42 41 24 31 122 29 75 27 29 28
leaf_count=42 41 24 31 122 29 75 27 29 28
internal_value=3.64465e-05 0.00037216 -0.000201705 -0.000390459 -0.000709851 2.90084e-05 9.3018e-05 -0.000322417 0.000111384
internal_weight=448 198 250 219 151 156 68 53 103
internal_count=448 198 250 219 151 156 68 53 103
is_linear=0
shrinkage=0.0167612


Tree=104
num_leaves=6
num_cat=0
split_feature=2 152 103 224 200
split_gain=0.468046 0.18347 0.149352 0.0406505 0.00807398
threshold=2023.5000000000002 22.500000000000004 109890.19678680327 0.11483516483516476 1.0000000180025095e-35
decision_type=2 8 8 10 10
left_child=-1 2 -2 4 -3
right_child=1 3 -4 -5 -6
leaf_value=0.0011681703373451016 -0.00014965784512920369 1.9676703923336585e-05 -0.00096795993583326505 0.00043733131110319958 -0.00017791866058309316
leaf_weight=50 30 155 102 33 31
leaf_count=50 30 155 102 33 31
internal_value=1.07295e-05 -0.000180664 -0.000631305 5.31495e-05 4.85315e-06
internal_weight=401 351 132 219 186
internal_count=401 351 132 219 186
is_linear=0
shrinkage=0.0167612


Tree=105
num_leaves=9
num_cat=1
split_feature=0 11 62 27 27 137 134 52
split_gain=0.25628 0.298531 0.108893 0.0575816 0.0422991 0.0339856 0.0234524 0.116481
threshold=0 -0.24999999999999994 837373.51949446171 2.8900000000000001 2.3400000000000003 1.0000000180025095e-35 1273720.8333333337 1.0000000180025095e-35
decision_type=9 2 8 8 10 8 8 10
left_child=3 6 -3 4 -1 -4 -2 -8
right_child=1 2 5 -5 -6 -7 7 -9
leaf_value=0.00051715983622800036 0.0001214612803552113 -0.00019568675957125979 -0.0012062885806379527 0.0010221123502391727 5.5072600814944497e-06 -0.0004729911111856235 0.0001022881733548313 0.0010146260867425793
leaf_weight=27 24 45 79 59 26 45 63 33
leaf_count=27 24 45 79 59 26 45 63 33
internal_value=1.21024e-05 -0.000218403 -0.000666829 0.000587348 0.000239276 -0.000939585 0.000277426 0.00044707
internal_weight=401 289 169 112 53 124 120 96
internal_count=401 289 169 112 53 124 120 96
cat_boundaries=0 1
cat_threshold=264514
is_linear=0
shrinkage=0.0167612


Tree=106
num_leaves=7
num_cat=0
split_feature=2 65 144 85 30 136
split_gain=0.454449 0.164819 0.0794874 0.029017 0.0448934 0.0117571
threshold=2023.5000000000002 22.500000000000004 3.4486373165618454 356883.9378531074 21.500000000000004 1.0000000180025095e-35
decision_type=2 8 8 10 8 8
left_child=-1 2 -2 5 -5 -3
right_child=1 3 -4 4 -6 -7
leaf_value=0.0011530144159703976 -0.00017219070411709933 -0.00022629760404061471 -0.00091986940621111111 0.00011177584823610251 0.00055431746663165489 -4.0467486252573898e-06
leaf_weight=50 47 35 84 28 53 104
leaf_count=50 47 35 84 28 53 104
internal_value=1.24424e-05 -0.000175816 -0.000605188 4.20357e-05 0.000279225 -2.65641e-05
internal_weight=401 351 131 220 81 139
internal_count=401 351 131 220 81 139
is_linear=0
shrinkage=0.0167612


Tree=107
num_leaves=8
num_cat=0
split_feature=19 13 102 132 88 144 214
split_gain=0.161108 0.120533 0.0986604 0.0957839 0.04548 0.0210058 0.00152138
threshold=4.5000000000000009 919756.52302631584 27359.129809245333 1.0000000180025095e-35 4.5000000000000009 3.5972972972972976 374323.82142857154
decision_type=10 2 10 10 8 8 10
left_child=1 4 3 -2 -1 -6 -4
right_child=2 -3 6 -5 5 -7 -8
leaf_value=-0.00038633936815612931 0.0003387099276405254 -0.00075060107708868943 -3.9733308195484582e-05 0.0013980002154173907 0.00031964771812979554 1.0206478705702025e-05 8.6498009187397937e-05
leaf_weight=39 44 51 27 32 46 135 27
leaf_count=39 44 51 27 32 46 135 27
internal_value=1.25905e-05 -0.000185061 0.000456556 0.000828309 -1.44911e-05 8.39268e-05 0.000117392
internal_weight=401 271 130 76 220 181 54
internal_count=401 271 130 76 220 181 54
is_linear=0
shrinkage=0.0167612


Tree=108
num_leaves=9
num_cat=0
split_feature=88 43 7 25 5 136 81 26
split_gain=0.13991 0.143571 0.0996621 0.0856711 0.049493 0.0436196 0.00961341 0.0027146
threshold=24.500000000000004 1.0000000180025095e-35 1.0000000180025095e-35 2.8631907308377906 2.5000000000000004 1.0000000180025095e-35 1.0000000180025095e-35 1.0000000180025095e-35
decision_type=10 8 2 8 2 10 10 8
left_child=1 4 6 -2 -1 -5 -3 -4
right_child=3 2 7 5 -6 -7 -8 -9
leaf_value=-0.0003065319282493381 9.6622568734102684e-05 -3.7043364605324906e-05 0.0008741849653408284 0.00026055144307800384 -0.0011024802926325149 0.00098658502365026415 -0.00028777148127205078 0.00024451702301149264
leaf_weight=54 43 55 24 51 38 56 56 24
leaf_count=54 43 55 24 51 38 56 56 24
internal_value=1.16026e-05 -0.000193323 2.4169e-05 0.000391131 -0.000656155 0.000661782 -0.000146049 0.00054741
internal_weight=401 251 159 150 92 107 111 48
internal_count=401 251 159 150 92 107 111 48
is_linear=0
shrinkage=0.0167612


Tree=109
num_leaves=10
num_cat=0
split_feature=11 131 46 132 113 94 103 43 107
split_gain=0.268202 0.149931 0.102075 0.172275 0.0733291 0.153496 0.0375516 0.0250772 0.020241
threshold=-0.5 4.5000000000000009 0.95315166245818705 1.0000000180025095e-35 180358.24241372923 1.0000000180025095e-35 34534.55746783111 1.0000000180025095e-35 1.0000000180025095e-35
decision_type=2 10 10 10 8 8 10 8 10
left_child=2 4 3 7 -2 -6 8 -1 -3
right_child=1 6 -4 -5 5 -7 -8 -9 -10
leaf_value=0.00012460537803400467 -0.00015876141711530304 0.00019581007337172293 0.00020504538386052962 0.0015006013072977405 -0.0012000419264185974 -0.0001709843267447807 4.7011380157734252e-05 0.00043753811599272336 0.00071453355129208257
leaf_weight=28 45 24 32 43 73 64 25 36 31
leaf_count=28 45 24 32 43 73 64 25 36 31
internal_value=1.06437e-05 -0.000264599 0.000556102 0.000843007 -0.000541001 -0.000740886 0.000156608 0.000311275 0.000447244
internal_weight=401 262 139 107 182 137 80 64 55
internal_count=401 262 139 107 182 137 80 64 55
is_linear=0
shrinkage=0.0167612


Tree=110
num_leaves=8
num_cat=0
split_feature=38 62 80 43 209 189 21
split_gain=0.135867 0.179753 0.0963078 0.119031 0.0901404 0.0921573 0.0142186
threshold=22.500000000000004 642869.12202380958 926819.40616123646 1.0000000180025095e-35 0.090097402597402565 1.0000000180025095e-35 667242.50000000012
decision_type=10 10 8 8 8 10 8
left_child=1 2 -1 -4 6 -6 -2
right_child=4 -3 3 -5 5 -7 -8
leaf_value=0.00058930725745783854 -0.00018825594887422731 -0.00098142161616492996 -0.00066549896552703706 4.0557436304508071e-05 0.0002238398444509836 0.0010564478681827896 0.00013918765396421401
leaf_weight=25 33 35 57 123 38 59 31
leaf_count=25 33 35 57 123 38 59 31
internal_value=1.01144e-05 -0.000203983 -1.70439e-05 -0.000153301 0.00036707 0.000678931 8.29689e-05
internal_weight=401 240 205 180 161 97 64
internal_count=401 240 205 180 161 97 64
is_linear=0
shrinkage=0.0167612


Tree=111
num_leaves=10
num_cat=0
split_feature=11 132 27 27 36 105 91 190 3
split_gain=0.199762 0.156763 0.146679 0.13176 0.168216 0.073153 0.0188619 0.0102728 0.00500052
threshold=0.25000000000000017 1.0000000180025095e-35 3.1750000000000003 2.0350000000000006 1.0000000180025095e-35 20.500000000000004 27.500000000000004 642335.67708333349 6.5000000000000009
decision_type=2 10 10 10 8 10 8 8 2
left_child=1 6 7 4 -2 -5 -1 -3 -8
right_child=3 2 -4 5 -6 -7 8 -9 -10
leaf_value=-0.00023366849005706833 0.00076516290380538069 0.00030878292579659662 0.0013286997295076384 -0.0011355815089702807 -0.00037467284050121484 -0.00025475397357957149 0.00018096851756855002 8.088780204784757e-05 2.2748977546541137e-05
leaf_weight=41 25 24 49 56 38 45 43 34 46
leaf_count=41 25 24 49 56 38 45 43 34 46
internal_value=9.42993e-06 0.000318374 0.000749005 -0.000375023 -3.0003e-05 -0.000743692 4.002e-05 0.000228031 7.87373e-05
internal_weight=401 237 107 164 63 101 130 58 89
internal_count=401 237 107 164 63 101 130 58 89
is_linear=0
shrinkage=0.0167612


Tree=112
num_leaves=9
num_cat=0
split_feature=123 9 21 20 124 212 121 140
split_gain=0.0980946 0.0950836 0.0385295 0.0981116 0.0682915 0.0174988 0.0412313 0.00897939
threshold=24.500000000000004 1.0000000180025095e-35 1326585.8605882355 1.0000000180025095e-35 1.0000000180025095e-35 684998.88607503625 26.000000000000004 1.0000000180025095e-35
decision_type=8 2 8 8 10 10 10 8
left_child=1 5 4 -4 7 6 -1 -2
right_child=2 -3 3 -5 -6 -7 -8 -9
leaf_value=0.00045511868058272691 -0.00012809010238640778 -0.00073412420916945927 0.00092376599222193038 0.00010485734543795476 0.00039166642226726509 -0.00025506440728651554 -7.373099569669595e-07 -0.00052357563486457777
leaf_weight=29 24 39 49 97 40 28 83 26
leaf_count=29 24 39 49 97 40 28 83 26
internal_value=4.68017e-05 -0.000198022 0.000271219 0.000437926 4.66391e-05 -2.3323e-05 7.40156e-05 -0.000292567
internal_weight=415 179 236 146 90 140 112 50
internal_count=415 179 236 146 90 140 112 50
is_linear=0
shrinkage=0.0167612


Tree=113
num_leaves=9
num_cat=0
split_feature=13 31 27 190 180 110 13 212
split_gain=0.144225 0.115442 0.0961953 0.162161 0.117907 0.0587879 0.0353281 0.0330075
threshold=701923.43341307831 1.0000000180025095e-35 2.2050000000000005 987325.13064520305 1.0000000180025095e-35 1.0000000180025095e-35 439841.40625000006 1331767.4112850144
decision_type=2 10 10 8 8 10 2 8
left_child=1 6 4 -4 -2 -3 7 -1
right_child=2 5 3 -5 -6 -7 -8 -9
leaf_value=-9.7277538252916085e-05 0.00063798787686304833 0.00095372572833049292 -0.00016221745580903113 -0.0011595846694361005 -0.00032738472057194712 0.00022453653028382573 -0.00033782821689890848 0.00032153590769749206
leaf_weight=24 29 68 51 50 27 64 34 68
leaf_count=24 29 68 51 50 27 64 34 68
internal_value=4.55182e-05 0.000290647 -0.000290679 -0.000604852 1.14142e-05 0.000613805 3.75446e-05 0.000105796
internal_weight=415 258 157 101 56 132 126 92
internal_count=415 258 157 101 56 132 126 92
is_linear=0
shrinkage=0.0167612


Tree=114
num_leaves=7
num_cat=0
split_feature=38 9 3 29 20 175
split_gain=0.0868457 0.095853 0.0715307 0.0625742 0.0822223 0.0210064
threshold=22.500000000000004 1.0000000180025095e-35 2.5000000000000004 137.00000000000003 1.0000000180025095e-35 5.5000000000000009
decision_type=8 2 2 10 8 10
left_child=1 5 -2 4 -4 -1
right_child=2 -3 3 -5 -6 -7
leaf_value=0.00022050251667350638 -0.00016737833588228995 -0.00074135905724161339 0.00088812702792368935 0.00010675890547045026 0.00016185467701502598 -0.00012638208508136117
leaf_weight=40 28 37 80 48 91 91
leaf_count=40 28 37 80 48 91 91
internal_value=4.42792e-05 -0.000197023 0.000246795 0.000380931 0.000534124 -2.46005e-05
internal_weight=415 168 247 219 171 131
internal_count=415 168 247 219 171 131
is_linear=0
shrinkage=0.0167612


Tree=115
num_leaves=6
num_cat=0
split_feature=2 13 65 174 11
split_gain=0.187927 0.194313 0.0687523 0.0626124 0.0291083
threshold=2023.5000000000002 1161579.9269230773 11.500000000000002 20.235507246376816 -0.5
decision_type=2 2 10 10 2
left_child=2 3 -1 4 -2
right_child=1 -3 -4 -5 -6
leaf_value=0.00034266235220556358 0.00017108745546985183 -0.00083591862434068934 0.001372946712394816 0.00047512459922935667 -0.00014465231139307059
leaf_weight=24 79 45 25 48 194
leaf_count=24 79 45 25 48 194
internal_value=4.20132e-05 -6.55624e-05 0.000782665 4.71945e-05 -1.34082e-05
internal_weight=415 366 49 321 273
internal_count=415 366 49 321 273
is_linear=0
shrinkage=0.0167612


Tree=116
num_leaves=7
num_cat=0
split_feature=9 136 21 13 222 194
split_gain=0.0723952 0.108367 0.0754226 0.190003 0.0786347 0.0712333
threshold=1.0000000180025095e-35 0.75000000000000011 933322.69444444461 870638.92008928582 1.0000000180025095e-35 15.000000000000002
decision_type=2 10 8 2 10 10
left_child=2 -2 5 4 -4 -1
right_child=1 -3 3 -5 -6 -7
leaf_value=-0.00051456824397402975 -0.00010284938852735795 -0.00088255769079029439 0.00018207173626235651 -0.00032067805396205566 0.00086350083607573177 0.00010480687544956831
leaf_weight=54 40 32 93 45 108 43
leaf_count=54 40 32 93 45 108 43
internal_value=4.14805e-05 -0.000322959 0.000157079 0.000321941 0.000562142 -0.000125736
internal_weight=415 72 343 246 201 97
internal_count=415 72 343 246 201 97
is_linear=0
shrinkage=0.0167612


Tree=117
num_leaves=7
num_cat=0
split_feature=4 9 60 7 132 200
split_gain=0.0827931 0.0646816 0.0850103 0.0381309 0.094324 0.0330701
threshold=285.00000000000006 1.0000000180025095e-35 1.2500000000000002 1.0000000180025095e-35 1.0000000180025095e-35 1.0000000180025095e-35
decision_type=2 2 8 2 10 10
left_child=1 3 -3 5 -5 -1
right_child=-2 2 -4 4 -6 -7
leaf_value=4.9964228010870674e-05 0.00053867428791052002 -0.00090994819599337729 -0.00015894370633357896 0.0001234112536268298 0.00087074675334950847 -0.0003142018532332981
leaf_weight=190 47 32 31 34 29 52
leaf_count=190 47 32 31 34 29 52
internal_value=3.98599e-05 -2.2241e-05 -0.000422566 4.81573e-05 0.000347909 -7.14073e-06
internal_weight=415 368 63 305 63 242
internal_count=415 368 63 305 63 242
is_linear=0
shrinkage=0.0167612


Tree=118
num_leaves=8
num_cat=1
split_feature=0 55 47 38 9 213 98
split_gain=0.211432 0.120957 0.138165 0.0688646 0.0445845 0.0316558 0.013623
threshold=0 86.500000000000014 0.75000000000000011 28.500000000000004 1.0000000180025095e-35 1.0000000180025095e-35 1.0000000180025095e-35
decision_type=9 8 10 10 2 10 10
left_child=3 5 4 -1 -3 -2 -4
right_child=1 2 6 -5 -6 -7 -8
leaf_value=-0.00075561400849143471 -8.5511685951424326e-05 0.00081615576923028878 2.175937210307505e-06 -0.00019361027098698194 0.00023158714333825354 -0.0005660674847596793 -0.00026711129414202849
leaf_weight=87 25 157 29 25 36 26 30
leaf_count=87 25 157 29 25 36 26 30
internal_value=3.92996e-05 0.000274013 0.000455243 -0.000452578 0.000677649 -0.00019989 5.55209e-06
internal_weight=415 303 252 112 193 51 59
internal_count=415 303 252 112 193 51 59
cat_boundaries=0 1
cat_threshold=33564178
is_linear=0
shrinkage=0.0167612


Tree=119
num_leaves=8
num_cat=0
split_feature=38 21 13 107 88 180 5
split_gain=0.0772593 0.057351 0.0640804 0.16164 0.0452946 0.129285 0.0388503
threshold=23.500000000000004 608187.50000000012 1134512.5269868083 1.0000000180025095e-35 5.5000000000000009 1.0000000180025095e-35 2.5000000000000004
decision_type=8 8 2 10 10 10 2
left_child=4 -2 3 -3 6 -6 -1
right_child=1 2 -4 -5 5 -7 -8
leaf_value=-0.00016926013951263001 -6.2478558833293856e-05 0.00016308801864048036 5.3336054034905564e-05 0.0011511971050849308 -0.00054456236984457213 0.00037551416566664221 -0.0007894192351040059
leaf_weight=33 45 118 30 50 37 65 37
leaf_count=33 45 118 30 50 37 65 37
internal_value=3.76401e-05 0.000233038 0.000377169 0.000522967 -0.000184584 -2.85854e-05 -0.000468105
internal_weight=415 243 198 168 172 102 70
internal_count=415 243 198 168 172 102 70
is_linear=0
shrinkage=0.0167612


Tree=120
num_leaves=10
num_cat=0
split_feature=131 150 6 110 134 105 13 122 158
split_gain=0.135534 0.0706002 0.108146 0.0522804 0.190566 0.0433638 0.0204211 0.0122727 0.00556278
threshold=4.5000000000000009 1.0000000180025095e-35 1.5000000000000002 1.0000000180025095e-35 782182.32245370385 5.5000000000000009 741944.44444444461 -0.58821434157881514 69.000000000000014
decision_type=8 10 2 10 10 10 2 10 8
left_child=3 8 7 4 6 -5 -1 -3 -2
right_child=1 2 -4 5 -6 -7 -8 -9 -10
leaf_value=-0.00052931969593489477 -0.00011873600026500828 4.5479106458354633e-05 0.0010865856338904392 -0.00027259541162783814 0.00013143853560398808 0.00027929753239266399 -0.0012709816867520506 0.00028728459019699252 6.6818325414433216e-05
leaf_weight=45 28 46 42 44 26 41 41 29 89
leaf_count=45 28 46 42 44 26 41 41 29 89
internal_value=2.91746e-06 0.000274335 0.000546499 -0.000274457 -0.000503574 -4.94717e-05 -0.000899217 0.000157409 3.7788e-05
internal_weight=431 234 117 197 112 85 86 75 117
internal_count=431 234 117 197 112 85 86 75 117
is_linear=0
shrinkage=0.0167612


Tree=121
num_leaves=9
num_cat=0
split_feature=13 4 4 27 153 213 43 21
split_gain=0.0947407 0.164747 0.163126 0.0956099 0.08781 0.0408498 0.0335957 0.0228955
threshold=701923.43341307831 183.00000000000003 264.00000000000006 2.7350000000000008 1.0000000180025095e-35 1.5000000000000002 1.0000000180025095e-35 667242.50000000012
decision_type=2 2 2 10 10 10 8 10
left_child=1 4 -3 5 6 7 -1 -2
right_child=3 2 -4 -5 -6 -7 -8 -9
leaf_value=-0.00047316861234241597 6.8865538576068602e-05 0.00024301044369290221 0.00143999017640173 -0.00068613828867124629 0.00048026479276598312 -0.00032711858098355049 -3.4716283762867388e-05 0.00042953821700755887
leaf_weight=58 34 40 35 63 36 32 92 41
leaf_count=58 34 40 35 63 36 32 92 41
internal_value=3.4764e-06 0.000209435 0.000763082 -0.000255395 1.7592e-05 -3.79779e-05 -0.000205599 0.000194139
internal_weight=431 261 75 170 186 107 150 75
internal_count=431 261 75 170 186 107 150 75
is_linear=0
shrinkage=0.0167612


Tree=122
num_leaves=9
num_cat=0
split_feature=74 42 98 122 209 10 27 2
split_gain=0.0650366 0.127681 0.0813603 0.0594162 0.0507736 0.0420384 0.00222937 0.0019385
threshold=8.5000000000000018 1.0000000180025095e-35 1.0000000180025095e-35 -0.85454630001262022 0.090097402597402565 -0.6830127018922193 2.7950000000000004 2024.5000000000002
decision_type=8 10 10 10 10 2 10 2
left_child=1 3 7 5 -5 -1 -4 -2
right_child=2 -3 6 4 -6 -7 -8 -9
leaf_value=0.00067462364405737618 -2.950826640698131e-05 -0.00073729334696808369 0.00034254531755256213 -0.0005149281275648415 -4.0131981039614961e-05 5.0298136625363006e-05 0.0010129904004534175 5.9142076770317483e-05
leaf_weight=26 26 47 24 60 32 79 26 111
leaf_count=26 26 47 24 60 32 79 26 111
internal_value=2.96969e-06 -0.000145128 0.000234682 -1.2576e-05 -0.000229843 0.000262895 0.000688605 2.81734e-05
internal_weight=431 244 187 197 92 105 50 137
internal_count=431 244 187 197 92 105 50 137
is_linear=0
shrinkage=0.0167612


Tree=123
num_leaves=8
num_cat=0
split_feature=123 187 7 160 43 212 13
split_gain=0.0571099 0.0913026 0.0545157 0.0642052 0.0571029 0.0250147 0.00199512
threshold=57.000000000000007 1.4142135623730951 1.0000000180025095e-35 0.94065307572949541 1.0000000180025095e-35 968161.9367274181 701923.43341307831
decision_type=10 8 2 8 10 8 2
left_child=1 2 3 -1 -4 -3 -7
right_child=-2 5 4 -5 -6 6 -8
leaf_value=-0.0001013431982062591 0.00043731256063964677 0.00061315700030996204 -0.00018249419748052163 -0.00055106020720605703 0.00043512612971253393 0.0001118241678731294 3.6895184954209742e-05
leaf_weight=39 43 27 39 151 35 69 28
leaf_count=39 43 27 39 151 35 69 28
internal_value=3.16269e-06 -4.11679e-05 -0.000226683 -0.000385401 -1.21821e-06 0.000259177 9.21672e-05
internal_weight=431 388 264 190 74 124 97
internal_count=431 388 264 190 74 124 97
is_linear=0
shrinkage=0.0167612


Tree=124
num_leaves=9
num_cat=0
split_feature=13 11 150 113 18 158 11 55
split_gain=0.0818423 0.196761 0.06757 0.0653798 0.0572218 0.0335399 0.0269707 0.0122692
threshold=727776.59075276589 -0.5 1.0000000180025095e-35 64215.576064565488 1.0000000180025095e-35 28.500000000000004 0.6830127018922193 7.5000000000000009
decision_type=2 2 10 10 8 10 2 10
left_child=1 2 -1 4 -2 6 -3 -5
right_child=3 5 -4 7 -6 -7 -8 -9
leaf_value=0.00037253620399919527 -0.0009493069539433409 -0.00038484943614950273 0.0013288546844625324 -0.00014426111556948364 -0.00023463592842470831 0.00018327700933329515 -4.3064295186401072e-05 0.0001447475958085695
leaf_weight=42 40 78 34 43 28 54 65 47
leaf_count=42 40 78 34 43 28 54 65 47
internal_value=4.52151e-06 0.00018773 0.000794261 -0.000248361 -0.00058614 -2.20848e-05 -0.000192829 -4.27085e-05
internal_weight=431 273 76 158 68 197 143 90
internal_count=431 273 76 158 68 197 143 90
is_linear=0
shrinkage=0.0167612


Tree=125
num_leaves=7
num_cat=0
split_feature=13 2 24 80 189 21
split_gain=0.102378 0.354303 0.12562 0.109926 0.0962139 0.030049
threshold=292907.42592592601 2023.5000000000002 900.00000000000011 964080.48155467724 1.0000000180025095e-35 720721.94354838727
decision_type=2 2 10 8 10 8
left_child=2 -2 -1 5 -5 -3
right_child=1 3 -4 4 -6 -7
leaf_value=0.0011694272132658646 0.00096684319413877027 -0.00010196578731442034 0.00015389256870451052 -0.00025649140635374733 -0.0010255774442616092 0.00028139419109405044
leaf_weight=25 38 81 42 134 59 52
leaf_count=25 38 81 42 134 59 52
internal_value=4.75622e-06 -8.31957e-05 0.000499708 -0.000286093 -0.000533789 -2.31472e-05
internal_weight=431 364 67 326 193 133
internal_count=431 364 67 326 193 133
is_linear=0
shrinkage=0.0167612


Tree=126
num_leaves=8
num_cat=0
split_feature=4 42 23 46 193 209 46
split_gain=0.192449 0.045768 0.0411123 0.0320778 0.0637099 0.0445229 0.0153698
threshold=264.00000000000006 1.0000000180025095e-35 1.0000000180025095e-35 0.78308070690629838 1.5000000000000002 0.12759462759462756 0.75558068328543049
decision_type=2 10 10 10 8 8 10
left_child=1 3 -2 4 -1 -5 -3
right_child=2 6 -4 5 -6 -7 -8
leaf_value=0.00051139366387430542 0.0012409726559814579 -0.00057954289406108488 0.00034528240610341747 -0.00047703661789013485 -1.2343434597672219e-07 -3.8697744362148626e-05 -0.00015991604152263008
leaf_weight=47 26 58 32 67 148 25 28
leaf_count=47 26 58 32 67 148 25 28
internal_value=5.38101e-06 -0.000111666 0.000717317 -6.82749e-06 9.83435e-05 -0.000229208 -0.000399484
internal_weight=431 373 58 287 195 92 86
internal_count=431 373 58 287 195 92 86
is_linear=0
shrinkage=0.0167612


Tree=127
num_leaves=8
num_cat=0
split_feature=2 27 110 100 110 163 81
split_gain=0.419115 0.129217 0.0973892 0.077395 0.069794 0.0614359 0.0192881
threshold=2023.5000000000002 2.2950000000000004 1.0000000180025095e-35 1.0000000180025095e-35 1.0000000180025095e-35 4.5000000000000009 1.0000000180025095e-35
decision_type=2 10 10 10 8 10 10
left_child=-1 3 5 4 -2 -3 -4
right_child=1 2 6 -5 -6 -7 -8
leaf_value=0.0011065128983566539 0.00072084548976831771 -0.0011060479160456365 -0.00018780188992606012 -0.00027912031644190225 5.4610455428059042e-05 -0.00032464570548973822 0.00019289416442251319
leaf_weight=50 50 60 45 44 90 63 29
leaf_count=50 50 60 45 44 90 63 29
internal_value=5.52445e-06 -0.0001618 -0.000451596 8.79518e-05 0.000317574 -0.000730202 -9.1062e-05
internal_weight=431 381 197 184 140 123 74
internal_count=431 381 197 184 140 123 74
is_linear=0
shrinkage=0.0167612


Tree=128
num_leaves=8
num_cat=1
split_feature=0 55 30 215 9 7 31
split_gain=0.199261 0.158738 0.133231 0.0539216 0.188105 0.0460205 0.0176824
threshold=0 36.500000000000007 10.500000000000002 -0.035854751259069027 1.0000000180025095e-35 1.0000000180025095e-35 1.0000000180025095e-35
decision_type=9 8 10 10 2 2 10
left_child=2 -2 5 4 -3 6 -1
right_child=1 3 -4 -5 -6 -7 -8
leaf_value=-0.0014580382766796061 -0.00033484183549256072 0.00086149570253767592 3.0904877341815992e-05 0.00012704169677436617 1.2896113875981619e-05 -0.0003256183466089417 -0.00059431315977725952
leaf_weight=31 30 181 37 55 42 26 25
leaf_count=31 30 181 37 55 42 26 25
internal_value=0.000111187 0.000335455 -0.000351824 0.000500883 0.000621415 -0.000778578 -0.00108619
internal_weight=427 308 119 278 223 82 56
internal_count=427 308 119 278 223 82 56
cat_boundaries=0 1
cat_threshold=33703056
is_linear=0
shrinkage=0.0167612


Tree=129
num_leaves=8
num_cat=0
split_feature=13 55 194 6 93 20 132
split_gain=0.202929 0.147389 0.154391 0.134567 0.110839 0.0290368 0.00180864
threshold=363197.91666666674 32.500000000000007 1.0000000180025095e-35 1.0000000180025095e-35 1.0000000180025095e-35 1.0000000180025095e-35 1.0000000180025095e-35
decision_type=2 8 10 2 10 10 8
left_child=4 -2 5 -4 6 -3 -1
right_child=1 2 3 -5 -6 -7 -8
leaf_value=0.00054755443015895935 -0.00078026668675800111 -0.00050176834842589598 -0.00011496971436631165 0.00067086356752778958 0.00023332796546892385 -0.00014067564369940513 0.0012528997762140234
leaf_weight=25 38 96 37 118 33 26 54
leaf_count=25 38 96 37 118 33 26 54
internal_value=0.00010781 -7.64601e-05 1.72313e-05 0.000364151 0.000645291 -0.000336366 0.00100553
internal_weight=427 315 277 155 112 122 79
internal_count=427 315 277 155 112 122 79
is_linear=0
shrinkage=0.0167612


Tree=130
num_leaves=7
num_cat=0
split_feature=201 11 184 9 132 93
split_gain=0.129956 0.183091 0.0814714 0.0456576 0.035498 0.00325389
threshold=2.5598290598290605 -0.5 5.5000000000000009 1.0000000180025095e-35 1.0000000180025095e-35 1.0000000180025095e-35
decision_type=8 2 10 2 10 8
left_child=-1 4 5 -4 -2 -3
right_child=1 2 3 -5 -6 -7
leaf_value=-0.00056660628424699225 0.00038945292683731538 -0.00011385384331706608 0.00035620439998006474 -7.0482228717290096e-05 0.0010662934154710994 -0.00046539095160024613
leaf_weight=30 74 36 128 36 50 73
leaf_count=30 74 36 128 36 50 73
internal_value=0.000104573 0.00020427 9.37874e-06 0.000180916 0.000677083 -0.000333148
internal_weight=427 397 273 164 124 109
internal_count=427 397 273 164 124 109
is_linear=0
shrinkage=0.0167612


Tree=131
num_leaves=6
num_cat=0
split_feature=2 201 30 35 13
split_gain=0.322012 0.0838593 0.0661525 0.0480259 0.0356526
threshold=2023.5000000000002 2.5598290598290605 8.5000000000000018 316042.78183949261 789628.26807674544
decision_type=2 8 10 10 2
left_child=-1 -2 4 -4 -3
right_child=1 2 3 -5 -6
leaf_value=0.001033749969086244 -0.00061962605292778018 -1.2989060860478172e-05 7.8134574288766736e-05 0.0005553181982921627 -0.00047866671443076182
leaf_weight=54 30 181 51 72 39
leaf_count=54 30 181 51 72 39
internal_value=0.00010182 -4.87887e-05 -2.52118e-06 0.000291337 -0.000138776
internal_weight=427 373 343 123 220
internal_count=427 373 343 123 220
is_linear=0
shrinkage=0.0167612


Tree=132
num_leaves=7
num_cat=0
split_feature=2 11 55 102 30 56
split_gain=0.314264 0.300993 0.153899 0.116825 0.044298 0.0223031
threshold=2023.5000000000002 0.25000000000000017 24.000000000000004 85031.758973617121 38.500000000000007 2.5000000000000004
decision_type=2 2 8 10 10 8
left_child=1 -1 -2 5 -5 -4
right_child=2 -3 3 4 -6 -7
leaf_value=0.0019845443183863602 -0.00080454293255109884 0.00043646633866297613 -0.00025572979122798602 0.00083969151155827658 0.00013840793682921745 -1.7594806308399254e-05
leaf_weight=29 33 25 141 45 46 108
leaf_count=29 33 25 141 45 46 108
internal_value=9.94582e-05 0.00102027 -4.9088e-05 2.76435e-05 0.000479049 -0.000119263
internal_weight=427 54 373 340 91 249
internal_count=427 54 373 340 91 249
is_linear=0
shrinkage=0.0167612


Tree=133
num_leaves=7
num_cat=0
split_feature=201 9 150 48 67 77
split_gain=0.15315 0.142142 0.0485769 0.00650914 0.00531781 0.00484527
threshold=2.8944444444444448 1.0000000180025095e-35 1.0000000180025095e-35 1.0000000180025095e-35 1.0000000180025095e-35 1.0000000180025095e-35
decision_type=8 2 10 8 10 8
left_child=-1 2 3 -2 -4 -3
right_child=1 5 4 -5 -6 -7
leaf_value=-0.00056190506313793652 0.00018829224786623736 -0.00048679559248372272 0.00025163230093682478 2.6353741923843247e-05 0.00070636032364386708 -0.00010056442553950208
leaf_weight=43 74 39 48 70 121 32
leaf_count=43 74 39 48 70 121 32
internal_value=9.75698e-05 0.000220358 0.00038702 0.000125054 0.000584019 -0.00027274
internal_weight=427 384 313 144 169 71
internal_count=427 384 313 144 169 71
is_linear=0
shrinkage=0.0167612


Tree=134
num_leaves=7
num_cat=1
split_feature=9 27 1 201 136 106
split_gain=0.0663197 0.162587 0.0586388 0.124492 0.0322537 0.017052
threshold=1.0000000180025095e-35 3.3750000000000004 0 5.6000000000000005 0.75000000000000011 192684.66415094343
decision_type=2 10 1 8 8 10
left_child=1 2 5 -4 -2 -1
right_child=4 -3 3 -5 -6 -7
leaf_value=5.6913603959770239e-05 -0.00010505337162979584 0.00073409614047998501 -0.00081767156759707076 -2.3191051143505953e-05 -0.00049662798491407448 0.00052320577528145828
leaf_weight=70 24 86 34 125 50 38
leaf_count=70 24 86 34 125 50 38
internal_value=9.49414e-05 0.00020202 1.32167e-05 -0.00017829 -0.000239949 0.000248794
internal_weight=427 353 267 159 74 108
internal_count=427 353 267 159 74 108
cat_boundaries=0 1
cat_threshold=56
is_linear=0
shrinkage=0.0167612


Tree=135
num_leaves=8
num_cat=0
split_feature=11 44 4 113 36 150 84
split_gain=0.102032 0.0964053 0.0961924 0.0749731 0.0633828 0.0428177 0.0259829
threshold=-0.5 26.500000000000004 244.00000000000003 149377.55633744688 1.0000000180025095e-35 1.0000000180025095e-35 0.99999999997836275
decision_type=2 10 2 8 8 8 10
left_child=1 5 3 6 -5 -1 -2
right_child=2 -3 -4 4 -6 -7 -8
leaf_value=0.00028546718583650951 4.3192723761834599e-05 3.7801276570776907e-05 0.0004747394549584359 -8.7524808005057974e-05 -0.00070496025367574688 0.00087808721487553571 0.00039386934048241806
leaf_weight=26 29 29 34 105 80 87 37
leaf_count=26 29 29 34 105 80 87 37
internal_value=9.38052e-05 0.000427558 -5.39608e-05 -0.000199983 -0.00038535 0.000682574 0.00011021
internal_weight=427 142 285 251 185 113 66
internal_count=427 142 285 251 185 113 66
is_linear=0
shrinkage=0.0167612


Tree=136
num_leaves=9
num_cat=1
split_feature=0 13 198 55 30 202 123 54
split_gain=0.168846 0.101377 0.0668279 0.0553737 0.0790131 0.0498763 0.0259203 5.94772e-05
threshold=0 633459.43405139854 23.500000000000004 39.500000000000007 38.500000000000007 1.0000000180025095e-35 15.500000000000002 1.0000000180025095e-35
decision_type=9 2 10 8 8 8 8 10
left_child=2 5 6 -3 -5 7 -1 -2
right_child=1 3 -4 4 -6 -7 -8 -9
leaf_value=-0.00037961615585767691 0.00020892834647250557 -0.00042685992780666551 -0.00011519793803283035 0.00063426847788628372 -6.296716461562488e-06 0.00087997340798053514 -0.0011737524556330438 8.19975612127389e-05
leaf_weight=32 49 34 49 30 102 64 32 32
leaf_count=32 49 34 49 30 102 64 32 32
internal_value=2.06284e-05 0.00022959 -0.000417206 2.32344e-05 0.000115937 0.00053706 -0.000793697 0.000222385
internal_weight=424 311 113 166 132 145 64 81
internal_count=424 311 113 166 132 145 64 81
cat_boundaries=0 1
cat_threshold=33694737
is_linear=0
shrinkage=0.0167612


Tree=137
num_leaves=9
num_cat=0
split_feature=110 150 30 10 36 46 9 13
split_gain=0.0876582 0.0568678 0.0464356 0.187495 0.0651925 0.0183701 0.0093839 0.0430431
threshold=1.0000000180025095e-35 1.0000000180025095e-35 91.500000000000014 -1.0000000180025095e-35 1.0000000180025095e-35 1.0243149140916321 1.0000000180025095e-35 461840.98791666672
decision_type=8 10 8 2 8 10 2 2
left_child=2 6 4 -4 5 -1 7 -2
right_child=1 -3 3 -5 -6 -7 -8 -9
leaf_value=0.0003882777907471015 0.00040479840212946237 0.00060937702099099066 0.00018659921706315916 -0.00086066432361990813 -0.00043195356793361252 7.9490771495514635e-05 -7.664811280195475e-05 -4.8459799223188035e-05
leaf_weight=62 59 69 28 73 29 32 29 43
leaf_count=62 59 69 28 73 29 32 29 43
internal_value=1.99287e-05 0.000270335 -0.000169631 -0.000411371 -2.23761e-05 0.000215586 4.44624e-05 0.000129904
internal_weight=424 200 224 101 123 94 131 102
internal_count=424 200 224 101 123 94 131 102
is_linear=0
shrinkage=0.0167612


Tree=138
num_leaves=8
num_cat=0
split_feature=13 222 6 118 94 98 64
split_gain=0.142218 0.0796149 0.0600848 0.118777 0.056899 0.0342869 0.0489112
threshold=421594.51016260165 19.500000000000004 1.5000000000000002 41.500000000000007 1.0000000180025095e-35 1.0000000180025095e-35 24.500000000000004
decision_type=2 8 2 8 8 10 10
left_child=1 -1 3 -2 -5 -4 -7
right_child=2 -3 5 4 -6 6 -8
leaf_value=0.00072722575475477329 4.9606031975543699e-05 0.0001318848076733375 -0.00011536581496235668 -0.00086271623380469666 -0.00022533551984896125 0.00070729628729906361 8.8615245712199588e-05
leaf_weight=90 51 43 46 91 34 25 44
leaf_count=90 51 43 46 91 34 25 44
internal_value=1.92128e-05 0.000435303 -0.000156321 -0.000353279 -0.000635243 4.04637e-05 0.000297227
internal_weight=424 133 291 176 125 115 69
internal_count=424 133 291 176 125 115 69
is_linear=0
shrinkage=0.0167612


Tree=139
num_leaves=9
num_cat=0
split_feature=110 27 10 50 106 27 102 43
split_gain=0.0833813 0.182115 0.178149 0.0774469 0.0741918 0.0540417 0.0207949 0.00207401
threshold=1.0000000180025095e-35 1.8550000000000002 1.0000000180025095e-35 1.0000000180025095e-35 213290.04285714289 2.5650000000000004 115102.3498091876 1.0000000180025095e-35
decision_type=8 8 2 10 10 10 10 10
left_child=1 4 6 -4 -1 -2 -3 -7
right_child=5 2 3 -5 -6 7 -8 -9
leaf_value=0.00097243068250724705 4.2602365676395844e-05 0.00027696951520959359 -0.0011911729669245251 -0.00031773267812349609 0.00018121695692315272 0.00022888630966649896 -5.2906381646153114e-05 0.00069382829855601418
leaf_weight=25 97 37 71 32 26 45 33 58
leaf_count=25 97 37 71 32 26 45 33 58
internal_value=1.90643e-05 -0.000165295 -0.000446594 -0.000861721 0.000433304 0.0002637 -3.50051e-05 0.000512199
internal_weight=424 224 173 103 51 200 70 103
internal_count=424 224 173 103 51 200 70 103
is_linear=0
shrinkage=0.0167612


Tree=140
num_leaves=8
num_cat=0
split_feature=13 110 140 3 147 170 190
split_gain=0.191556 0.0912796 0.064239 0.102074 0.0491675 0.0394061 0.00064204
threshold=292907.42592592601 1.0000000180025095e-35 1.0000000180025095e-35 4.5000000000000009 1.0000000180025095e-35 1.0000000180025095e-35 577385.1626780628
decision_type=2 10 8 2 10 10 10
left_child=4 2 6 -4 -1 -3 -2
right_child=1 5 3 -5 -6 -7 -8
leaf_value=0.0012035428272551977 -1.286162764533201e-05 6.3389669843453382e-05 -0.00090440544422398599 -0.00011390022201481146 0.00032064783861535399 0.00056614988720184319 3.6365005424708271e-05
leaf_weight=29 45 50 68 98 39 39 56
leaf_count=29 45 50 68 98 39 39 56
internal_value=1.91647e-05 -0.000111578 -0.000280664 -0.000475979 0.000685225 0.000232966 -4.38277e-05
internal_weight=424 356 267 166 68 89 101
internal_count=424 356 267 166 68 89 101
is_linear=0
shrinkage=0.0167612


Tree=141
num_leaves=9
num_cat=0
split_feature=10 13 25 219 156 29 75 193
split_gain=0.0858196 0.12551 0.0568424 0.0423618 0.0237796 0.01606 0.0450588 0.0234455
threshold=0.68301270189221941 452451.62037037039 3.4494949494949503 1.0000000180025095e-35 1.0000000180025095e-35 281.50000000000006 2.0023031353962883 1.0000000180025095e-35
decision_type=2 2 8 8 10 8 8 10
left_child=1 3 -2 -1 -4 6 -3 -7
right_child=2 5 4 -5 -6 7 -8 -9
leaf_value=0.00080701488608614206 -0.00012011461161502103 -0.00014340984047362683 -0.00026281114607787202 0.00019623209665440406 -0.00091491371108024964 -3.9383453940194216e-05 0.00035831977005784611 -0.00038458137931830235
leaf_weight=78 33 44 26 35 37 62 55 54
leaf_count=78 33 44 26 35 37 62 55 54
internal_value=1.91073e-05 0.000160587 -0.000332189 0.000563697 -0.000628402 -1.77961e-05 5.36851e-05 -0.000170026
internal_weight=424 328 96 113 63 215 99 116
internal_count=424 328 96 113 63 215 99 116
is_linear=0
shrinkage=0.0167612


Tree=142
num_leaves=7
num_cat=0
split_feature=30 13 118 165 43 222
split_gain=0.0478714 0.0547102 0.13664 0.0474631 0.0278024 0.0274085
threshold=52.500000000000007 870638.92008928582 1.5000000000000002 1.0000000180025095e-35 1.0000000180025095e-35 14.500000000000002
decision_type=10 2 10 10 8 10
left_child=1 3 -3 4 -1 -2
right_child=5 2 -4 -5 -6 -7
leaf_value=-0.00010038101374112786 -0.00012895042152178624 -0.00073824785575015491 0.00018003950819484214 0.00051916594148280484 0.00022173210262963999 -0.00057888393418209115
leaf_weight=81 25 41 45 89 108 35
leaf_count=81 25 41 45 89 108 35
internal_value=1.85003e-05 0.000107176 -0.000153737 0.000234348 5.59312e-05 -0.000301431
internal_weight=424 364 86 278 189 60
internal_count=424 364 86 278 189 60
is_linear=0
shrinkage=0.0167612


Tree=143
num_leaves=9
num_cat=0
split_feature=110 150 160 119 10 118 9 127
split_gain=0.0751956 0.0530495 0.0408466 0.0463232 0.0611047 0.0175448 0.00821594 0.000948374
threshold=1.0000000180025095e-35 1.0000000180025095e-35 0.8965505150988492 1.0000000180025095e-35 -0.24999999999999994 11.500000000000002 1.0000000180025095e-35 1.0000000180025095e-35
decision_type=8 10 8 8 2 10 2 10
left_child=2 6 -1 5 -5 -4 -2 -3
right_child=1 7 3 4 -6 -7 -8 -9
leaf_value=0.00013351753103585119 0.00011554968776428162 0.00031379787831918051 -0.00018056713690612524 -0.00019885077707725569 -0.0007432071857582294 0.00016042872440752851 -8.5090689333275831e-05 0.00086590859626297278
leaf_weight=28 102 42 52 28 74 42 29 27
leaf_count=28 102 42 52 28 74 42 29 27
internal_value=1.78532e-05 0.00025097 -0.000156127 -0.000275063 -0.000496746 -4.56212e-05 3.13365e-05 0.000576155
internal_weight=424 200 224 196 102 94 131 69
internal_count=424 200 224 196 102 94 131 69
is_linear=0
shrinkage=0.0167612


Tree=144
num_leaves=8
num_cat=1
split_feature=1 11 75 47 26 113 102
split_gain=0.141693 0.209501 0.105502 0.0713436 0.01327 0.00923631 0.00369737
threshold=0 -0.24999999999999994 1.7044138100441548 0.28333333333333338 1.0000000180025095e-35 56321.024979041547 201963.81764179983
decision_type=1 2 8 8 8 10 8
left_child=2 3 -1 6 5 -3 -2
right_child=1 4 -4 -5 -6 -7 -8
leaf_value=9.2136554911572679e-05 -0.00011255447336089765 -0.00086640305217841617 0.00078726215661847811 0.00058237498039080606 -0.00024474400663763345 -0.0002895423167304464 9.1451768608299208e-06
leaf_weight=37 34 99 72 53 53 29 47
leaf_count=37 34 99 72 53 53 29 47
internal_value=-2.63445e-05 -0.00021492 0.000380321 0.000171437 -0.000583168 -0.000735769 3.2142e-05
internal_weight=424 315 109 134 181 128 81
internal_count=424 315 109 134 181 128 81
cat_boundaries=0 1
cat_threshold=9
is_linear=0
shrinkage=0.0167612


Tree=145
num_leaves=8
num_cat=0
split_feature=5 163 29 119 168 123 18
split_gain=0.0952012 0.132558 0.112256 0.0982843 0.0648376 0.0202327 0.00500361
threshold=1.5000000000000002 4.5000000000000009 133.00000000000003 1.0000000180025095e-35 116.05845900000001 10.500000000000002 1.0000000180025095e-35
decision_type=2 10 10 10 10 8 10
left_child=3 4 -3 -1 5 -2 -5
right_child=1 2 -4 6 -6 -7 -8
leaf_value=-0.0001442199984521476 0.00024694272371552397 0.00093557732973715679 0.00015065752039688219 -0.0011910683124923022 -0.00053487713685042868 -6.426801472015366e-05 -0.00045849076523693413
leaf_weight=38 43 63 45 30 44 136 25
leaf_count=38 43 63 45 30 44 136 25
internal_value=-2.55704e-05 8.09416e-05 0.000513386 -0.000437435 -0.000101277 -9.57516e-06 -0.000854967
internal_weight=424 331 108 93 223 179 55
internal_count=424 331 108 93 223 179 55
is_linear=0
shrinkage=0.0167612


Tree=146
num_leaves=8
num_cat=0
split_feature=19 160 20 122 85 43 11
split_gain=0.130303 0.110143 0.138408 0.112333 0.0686997 0.0525176 0.0233139
threshold=4.5000000000000009 1.0768018562449204 1.0000000180025095e-35 -0.35992137909657834 333574.23410256417 1.0000000180025095e-35 -0.24999999999999994
decision_type=8 10 8 8 10 10 2
left_child=4 2 3 -2 5 -1 -4
right_child=1 -3 6 -5 -6 -7 -8
leaf_value=-0.00087168286513961244 0.00035044145130384846 -0.00031829612364642505 0.00025785406796314392 0.0013009753456315702 -7.1829788516479724e-05 -0.00017288868989582176 -0.00010889664335496369
leaf_weight=67 27 33 46 51 68 60 72
leaf_count=67 27 33 46 51 68 60 72
internal_value=-2.523e-05 0.000205077 0.000391943 0.000856682 -0.000333161 -0.000564189 5.35929e-05
internal_weight=424 229 196 78 195 127 118
internal_count=424 229 196 78 195 127 118
is_linear=0
shrinkage=0.0167612


Tree=147
num_leaves=9
num_cat=1
split_feature=1 75 110 43 96 10 160 11
split_gain=0.132368 0.101675 0.0860449 0.121605 0.0762293 0.0535482 0.0202883 0.0134528
threshold=0 0.95069952031594607 1.0000000180025095e-35 1.0000000180025095e-35 21.500000000000004 -0.24999999999999994 1.0739165705014055 -0.24999999999999994
decision_type=1 10 8 10 8 2 8 2
left_child=1 6 5 4 -4 -2 -1 -7
right_child=2 -3 3 -5 -6 7 -8 -9
leaf_value=0.00031639425657379341 -0.00017097045273140775 6.6072563143358958e-05 -0.00078133871307858025 0.00045287299679667515 -4.6118661701953763e-05 -0.00037086186369320354 0.0010433549392164904 -0.0010350208311083126
leaf_weight=28 39 34 32 67 94 35 47 48
leaf_count=28 39 34 32 67 94 35 47 48
internal_value=-2.50588e-05 0.000367303 -0.000207918 -1.83574e-05 -0.000278062 -0.00052772 0.000754824 -0.000773428
internal_weight=424 109 315 193 126 122 75 83
internal_count=424 109 315 193 126 122 75 83
cat_boundaries=0 1
cat_threshold=9
is_linear=0
shrinkage=0.0167612


Tree=148
num_leaves=8
num_cat=1
split_feature=1 185 36 7 6 10 32
split_gain=0.0811776 0.187532 0.141705 0.134361 0.128978 0.0458786 0.0315039
threshold=0 0.13492063492063486 1.0000000180025095e-35 1.0000000180025095e-35 1.5000000000000002 0.68301270189221941 26.500000000000004
decision_type=1 8 8 2 2 2 8
left_child=4 2 -2 5 6 -3 -1
right_child=1 3 -4 -5 -6 -7 -8
leaf_value=-0.0002113394427444462 -0.00019551868493629794 0.00022019228159443499 -0.0012105107719721363 0.00083318618761444837 -0.00090771333175673091 -0.00024963338751072492 0.0002691750407415162
leaf_weight=48 31 122 27 73 47 46 30
leaf_count=48 31 122 27 73 47 46 30
internal_value=-2.47354e-05 9.79287e-05 -0.000519804 0.000326985 -0.000337483 5.43706e-05 -6.52364e-05
internal_weight=424 299 58 241 125 168 78
internal_count=424 299 58 241 125 168 78
cat_boundaries=0 1
cat_threshold=50
is_linear=0
shrinkage=0.0167612


Tree=149
num_leaves=7
num_cat=0
split_feature=2 156 190 110 4 118
split_gain=0.412756 0.0970839 0.143964 0.0912041 0.0488245 0.0701873
threshold=2023.5000000000002 1.0000000180025095e-35 600440.4390022154 1.0000000180025095e-35 43.500000000000007 88.500000000000014
decision_type=2 10 8 10 2 8
left_child=-1 4 -3 -4 -2 -6
right_child=1 2 3 -5 5 -7
leaf_value=0.0010568783419847353 0.00038304335369826958 -1.9246838639046329e-05 -0.0011052532701071726 -0.00025585477082872411 0.00013996353051078515 -0.00042583683140689924
leaf_weight=47 42 50 83 60 66 76
leaf_count=47 42 50 83 60 66 76
internal_value=-2.44479e-05 -0.000226117 -0.000476927 -0.000754512 -2.08508e-05 -0.00010149
internal_weight=424 377 193 143 184 142
internal_count=424 377 193 143 184 142
is_linear=0
shrinkage=0.0167612


Tree=150
num_leaves=6
num_cat=0
split_feature=13 180 65 134 93
split_gain=0.216931 0.193856 0.147719 0.114702 0.120471
threshold=906805.9900284902 1.0000000180025095e-35 24.500000000000004 1030541.5359142446 1.0000000180025095e-35
decision_type=2 8 10 8 10
left_child=1 -1 -2 -3 -5
right_child=2 3 -4 4 -6
leaf_value=0.00091713934992658638 -0.0012720792088488373 -0.00063933844327994469 -0.00018177464931916175 0.0002796591744714518 -0.00047794307476210323
leaf_weight=43 42 32 48 226 33
leaf_count=43 42 32 48 226 33
internal_value=-2.1862e-05 0.000146462 -0.000648598 8.83932e-06 0.000111493
internal_weight=424 334 90 291 259
internal_count=424 334 90 291 259
is_linear=0
shrinkage=0.0167612


Tree=151
num_leaves=7
num_cat=1
split_feature=0 55 11 132 128 50
split_gain=0.187389 0.217123 0.14563 0.118724 0.103024 0.0527425
threshold=0 39.500000000000007 1.0000000180025095e-35 1.0000000180025095e-35 28.500000000000004 1.0000000180025095e-35
decision_type=9 8 2 10 10 8
left_child=4 -2 3 -3 -1 -4
right_child=1 2 5 -5 -6 -7
leaf_value=-0.00088688493131487244 -0.00064131150071378552 0.00029692647943275731 -0.00025460147234210176 0.001244368031270463 -0.00020778000837076715 0.00026738667791763098
leaf_weight=84 35 79 73 55 28 70
leaf_count=84 35 79 73 55 28 70
internal_value=-2.20302e-05 0.000160926 0.000353608 0.000715926 -0.000519052 4.08751e-05
internal_weight=424 312 277 134 112 143
internal_count=424 312 277 134 112 143
cat_boundaries=0 1
cat_threshold=33580080
is_linear=0
shrinkage=0.0167612


Tree=152
num_leaves=7
num_cat=0
split_feature=148 148 54 190 20 136
split_gain=0.146473 0.0905551 0.0678548 0.0448233 0.0411079 0.0339151
threshold=15.91666666666667 39.044642857142868 1.0000000180025095e-35 589380.79772079794 1.0000000180025095e-35 1.0000000180025095e-35
decision_type=8 8 10 10 10 10
left_child=3 5 4 -1 -3 -2
right_child=1 2 -4 -5 -6 -7
leaf_value=-0.0002582737812061918 0.00026262268608422563 -6.5542783998210512e-06 0.00050445162230094715 -0.0010740843457889928 -0.00043403623755379771 0.0010285205726528329
leaf_weight=46 25 217 30 26 42 26
leaf_count=46 25 217 30 26 42 26
internal_value=-3.16003e-06 0.0001168 7.095e-06 -0.000574142 -8.26504e-05 0.0006139
internal_weight=412 340 289 72 259 51
internal_count=412 340 289 72 259 51
is_linear=0
shrinkage=0.0167612


Tree=153
num_leaves=8
num_cat=0
split_feature=55 11 150 2 52 55 158
split_gain=0.106183 0.131365 0.154918 0.400654 0.0637025 0.0179053 0.00948301
threshold=19.500000000000004 1.0000000180025095e-35 1.0000000180025095e-35 2023.5000000000002 1.0000000180025095e-35 267.50000000000006 45.500000000000007
decision_type=8 2 10 2 8 8 8
left_child=-1 2 6 -4 5 -3 -2
right_child=1 4 3 -5 -6 -7 -8
leaf_value=-0.00065206276256809137 -0.00017180876022223533 0.00024515284078329135 0.002010828663625308 0.00020742749663438096 -0.00053892389614750664 -8.8043545051068851e-05 3.6425482772076884e-05
leaf_weight=30 39 26 24 69 70 101 53
leaf_count=30 39 26 24 69 70 101 53
internal_value=-2.7118e-06 5.4354e-05 0.000365406 0.000802522 -0.000193848 -2.48687e-05 5.59559e-05
internal_weight=412 382 185 93 197 127 92
internal_count=412 382 185 93 197 127 92
is_linear=0
shrinkage=0.0167612


Tree=154
num_leaves=6
num_cat=0
split_feature=134 184 13 11 63
split_gain=0.115481 0.036632 0.170693 0.174358 0.100274
threshold=687923.92409168219 49.500000000000007 906805.9900284902 -0.24999999999999994 287898.3356481482
decision_type=8 10 2 2 10
left_child=-1 2 3 -2 -4
right_child=1 -3 4 -5 -6
leaf_value=-0.00063778290215564418 0.00069077615066993024 0.00040444987457355103 -0.0010991946836819981 -5.33812410254891e-05 -0.0002507146411421149
leaf_weight=38 96 43 40 169 26
leaf_count=38 96 43 40 169 26
internal_value=-2.63032e-06 6.67752e-05 3.56906e-06 0.000188489 -0.000599478
internal_weight=412 374 331 265 66
internal_count=412 374 331 265 66
is_linear=0
shrinkage=0.0167612


Tree=155
num_leaves=8
num_cat=0
split_feature=13 64 11 20 46 52 46
split_gain=0.120256 0.149134 0.136172 0.0936393 0.147747 0.0856802 0.0426938
threshold=307979.10695084493 6.5000000000000009 -1.0000000180025095e-35 1.0000000180025095e-35 0.80445880183277962 1.0000000180025095e-35 0.88208048825129415
decision_type=2 8 2 8 10 8 10
left_child=1 -1 3 4 -2 6 -4
right_child=2 -3 5 -5 -6 -7 -8
leaf_value=9.9924461200421726e-05 0.00092433453098947945 0.0010342116658647645 -0.00034618022250810138 -0.00021347001030127597 8.1368075138268435e-05 -0.00094415936723242185 0.00012264967103206857
leaf_weight=27 57 45 85 65 53 56 24
leaf_count=27 57 45 85 65 53 56 24
internal_value=-2.6288e-06 0.000481225 -0.000149389 0.000104054 0.000415408 -0.000479231 -0.000186939
internal_weight=412 72 340 175 110 165 109
internal_count=412 72 340 175 110 165 109
is_linear=0
shrinkage=0.0167612


Tree=156
num_leaves=7
num_cat=0
split_feature=201 11 93 98 52 13
split_gain=0.0829307 0.110312 0.103406 0.0532989 0.0452104 0.0747559
threshold=2.5598290598290605 0.25000000000000017 1.0000000180025095e-35 1.0000000180025095e-35 1.0000000180025095e-35 919756.52302631584
decision_type=8 2 8 10 8 2
left_child=-1 2 3 -2 5 -3
right_child=1 4 -4 -5 -6 -7
leaf_value=-0.00059275565304896846 0.00018251630936676045 0.0001720873341750875 -6.0814578489658639e-05 0.00071373256436006445 -0.00054495825731304035 -0.00053593143137142904
leaf_weight=27 36 82 65 119 58 25
leaf_count=27 36 82 65 119 58 25
internal_value=-3.15794e-06 4.18945e-05 0.000288685 0.000534062 -0.000226529 -3.36856e-05
internal_weight=412 385 220 155 165 107
internal_count=412 385 220 155 165 107
is_linear=0
shrinkage=0.0167612


Tree=157
num_leaves=7
num_cat=0
split_feature=11 73 110 160 89 6
split_gain=0.145809 0.124476 0.0753632 0.0302452 0.0467167 0.0174698
threshold=-0.68301270189221952 1.0000000180025095e-35 1.0000000180025095e-35 0.95584942729595646 43.500000000000007 1.0000000180025095e-35
decision_type=2 8 8 8 10 2
left_child=2 3 -1 -2 -5 -3
right_child=1 5 -4 4 -6 -7
leaf_value=0.00011240947719894735 0.00033443117250750481 -0.00098022196190951025 0.00084859610014107855 -0.00023056490184255105 0.00027179949597951996 -0.00038891308267543118
leaf_weight=54 37 29 51 114 34 93
leaf_count=54 37 29 51 114 34 93
internal_value=-4.81177e-06 -0.000199566 0.000437178 1.12295e-08 -3.68165e-05 -0.000576616
internal_weight=412 307 105 185 148 122
internal_count=412 307 105 185 148 122
is_linear=0
shrinkage=0.0167612


Tree=158
num_leaves=9
num_cat=0
split_feature=209 11 64 165 107 134 21 43
split_gain=0.0708783 0.125418 0.199295 0.0979216 0.0758307 0.0569129 0.0570011 0.0556348
threshold=0.084523809523809515 -0.68301270189221952 19.500000000000004 1.0000000180025095e-35 1.0000000180025095e-35 1329650.6029411766 628070.51243386255 1.0000000180025095e-35
decision_type=8 2 10 8 10 8 8 8
left_child=5 7 3 -3 -4 -1 -7 -2
right_child=1 2 4 -5 -6 6 -8 -9
leaf_value=-0.00072470451825103091 0.00020519889477294562 -0.00013987174728034165 0.00013909945591314562 -0.00077225602720753291 0.00082937809620124844 -0.00041962184069886622 0.00022955808042029164 0.00097752047104621392
leaf_weight=42 35 42 38 90 48 33 40 44
leaf_count=42 35 42 38 90 48 33 40 44
internal_value=-4.00154e-06 0.000104941 -4.94461e-05 -0.000454181 0.000421904 -0.000326747 -6.66055e-05 0.000589455
internal_weight=412 297 218 132 86 115 73 79
internal_count=412 297 218 132 86 115 73 79
is_linear=0
shrinkage=0.0167612


Tree=159
num_leaves=8
num_cat=0
split_feature=209 2 190 174 11 202 134
split_gain=0.0691119 0.159004 0.0699181 0.0470407 0.0951216 0.0245549 0.00220442
threshold=0.041241496598639411 2023.5000000000002 419056.81773243041 61.321428571428577 -0.68301270189221952 1.0000000180025095e-35 351128.0800186742
decision_type=8 2 10 8 2 8 10
left_child=2 -2 -1 5 -5 -3 -4
right_child=1 3 6 4 -6 -7 -8
leaf_value=-0.00085434420012563627 0.00077592736919499948 0.00049521657079578242 -2.1253566412769773e-05 0.00018902372983904645 -0.00042108014212397291 0.00010566439790680001 -0.00011761433074848204
leaf_weight=28 46 38 43 59 143 25 30
leaf_count=28 46 38 43 59 143 25 30
internal_value=-3.38352e-06 9.37654e-05 -0.000344136 -2.45384e-05 -0.000174758 0.000246998 -7.01501e-05
internal_weight=412 311 101 265 202 63 73
internal_count=412 311 101 265 202 63 73
is_linear=0
shrinkage=0.0167612


Tree=160
num_leaves=10
num_cat=0
split_feature=120 13 11 209 209 107 43 124 100
split_gain=0.0913375 0.420264 0.189778 0.173244 0.0446004 0.048817 0.0376687 0.0292768 0.00833435
threshold=24.500000000000004 196057.87539472021 -0.5 0.29679679679679688 0.25320512820512825 1.0000000180025095e-35 1.0000000180025095e-35 1.0000000180025095e-35 1.0000000180025095e-35
decision_type=10 2 2 8 8 10 10 10 10
left_child=1 -1 7 -4 6 -6 8 -3 -2
right_child=4 2 3 -5 5 -7 -8 -9 -10
leaf_value=0.00095327656316596284 0.00026760408467351522 -2.1569427768562871e-05 -0.00023001301211408349 -0.0011626802290189105 0.0001441251278408266 0.00075526044974584322 -0.00037555996356343724 0.00037064971899760225 5.3790856357072363e-05
leaf_weight=25 36 41 49 122 37 43 24 24 26
leaf_count=25 36 41 49 122 37 43 24 24 26
internal_value=-8.24711e-05 -0.000278847 -0.000539047 -0.000833025 0.000167498 0.000429437 2.99037e-05 -3.5463e-05 0.000128618
internal_weight=427 261 236 171 166 80 86 65 62
internal_count=427 261 236 171 166 80 86 65 62
is_linear=0
shrinkage=0.0167612


Tree=161
num_leaves=8
num_cat=0
split_feature=11 203 50 18 55 132 174
split_gain=0.156576 0.212468 0.100803 0.0535746 0.0465448 0.0417357 0.0176359
threshold=-0.24999999999999994 850157.42857142875 1.0000000180025095e-35 1.0000000180025095e-35 40.500000000000007 1.0000000180025095e-35 46.854166666666679
decision_type=2 8 10 10 8 8 8
left_child=4 3 -3 -2 -1 -6 -7
right_child=1 2 -4 -5 5 6 -8
leaf_value=-9.6430191783606181e-06 0.000581199976565649 -0.00086472709842121348 -0.0002385417868798892 7.6491255481096087e-05 0.00010913951853814589 0.00024624040015273679 0.00077107302881006202
leaf_weight=27 44 147 33 29 51 27 69
leaf_count=27 44 147 33 29 51 27 69
internal_value=-7.92741e-05 -0.00034266 -0.000659711 0.000195174 0.000246647 0.000406943 0.000601954
internal_weight=427 253 180 73 174 147 96
internal_count=427 253 180 73 174 147 96
is_linear=0
shrinkage=0.0167612


Tree=162
num_leaves=7
num_cat=0
split_feature=2 113 11 100 110 110
split_gain=0.155211 0.127988 0.136116 0.0616245 0.060632 0.0592605
threshold=2023.5000000000002 150610.09801596377 -0.5 1.0000000180025095e-35 1.0000000180025095e-35 1.0000000180025095e-35
decision_type=2 8 2 10 8 10
left_child=-1 3 4 -2 -3 -4
right_child=1 2 5 -5 -6 -7
leaf_value=0.00057930082689810179 0.00054379315246949622 -0.00031231752990619271 -0.00084957766472519786 2.2444326723176838e-05 0.00032970614292279212 -0.00023159978666437731
leaf_weight=45 48 33 139 70 56 36
leaf_count=45 48 33 139 70 56 36
internal_value=-7.7624e-05 -0.000203911 -0.000413201 0.000147586 -5.51365e-05 -0.000677686
internal_weight=427 382 264 118 89 175
internal_count=427 382 264 118 89 175
is_linear=0
shrinkage=0.0167612


Tree=163
num_leaves=6
num_cat=0
split_feature=2 224 110 148 110
split_gain=0.151227 0.146845 0.141076 0.0455978 0.00815969
threshold=2023.5000000000002 0.062020460358056258 1.0000000180025095e-35 54.534722222222229 1.0000000180025095e-35
decision_type=2 10 8 8 10
left_child=-1 2 -2 -3 -4
right_child=1 3 4 -5 -6
leaf_value=0.00057318476428224276 -0.00070529433590269875 0.00068467976355778221 -0.00013039452249343463 0.00013909368496029675 5.6627862035095377e-05
leaf_weight=45 151 40 80 25 86
leaf_count=45 151 40 80 25 86
internal_value=-7.5091e-05 -0.000200003 -0.000363976 0.000325142 -3.68341e-05
internal_weight=427 382 317 65 166
internal_count=427 382 317 65 166
is_linear=0
shrinkage=0.0167612


Tree=164
num_leaves=8
num_cat=1
split_feature=2 1 4 110 215 190 84
split_gain=0.147456 0.108021 0.129986 0.144092 0.0478177 0.0125775 0.00652861
threshold=2023.5000000000002 0 102.50000000000001 1.0000000180025095e-35 -0.21602213130851936 589380.79772079794 0.99999999998868128
decision_type=2 1 2 8 10 8 10
left_child=-1 4 3 -3 -2 -4 -6
right_child=1 2 5 -5 6 -7 -8
leaf_value=0.00056703596699434887 -4.0666110639069988e-05 -0.00070942834131091834 -0.00034983454135205003 0.00020343739497488968 0.00060410011626819981 -0.00097441765800676311 0.00016129339607978468
leaf_weight=45 54 33 33 107 42 84 29
leaf_count=45 54 33 33 107 42 84 29
internal_value=-7.29163e-05 -0.000196505 -0.000387638 -4.89271e-05 0.000110266 -0.00077512 0.000411554
internal_weight=427 382 257 140 125 117 71
internal_count=427 382 257 140 125 117 71
cat_boundaries=0 1
cat_threshold=136
is_linear=0
shrinkage=0.0167612


Tree=165
num_leaves=8
num_cat=0
split_feature=11 194 13 35 198 83 27
split_gain=0.139824 0.121683 0.389718 0.0903964 0.0531664 0.0157235 0.0437939
threshold=-0.68301270189221952 15.000000000000002 203181.85000000003 330339.98473214294 17.500000000000004 40.500000000000007 2.2950000000000004
decision_type=2 10 2 10 10 10 10
left_child=4 2 -2 -4 -1 -3 -7
right_child=1 5 3 -5 -6 6 -8
leaf_value=0.0007136605536221456 0.00068205984996989432 3.2819717180435385e-05 -0.00094433338620641678 -0.00025005686448370084 8.8940739399534437e-05 0.00063203741427767185 0.00012524608840356265
leaf_weight=50 24 40 162 38 56 31 26
leaf_count=50 24 40 162 38 56 31 26
internal_value=-7.12807e-05 -0.000253697 -0.000473895 -0.000758451 0.000355422 0.000103058 0.000299473
internal_weight=427 321 224 200 106 97 57
internal_count=427 321 224 200 106 97 57
is_linear=0
shrinkage=0.0167612


Tree=166
num_leaves=6
num_cat=0
split_feature=13 122 50 11 123
split_gain=0.113792 0.100348 0.137292 0.281763 0.0954571
threshold=1098847.237734488 -0.29640662619118419 1.0000000180025095e-35 -0.24999999999999994 27.500000000000004
decision_type=2 10 10 2 10
left_child=1 2 3 -1 -2
right_child=4 -3 -4 -5 -6
leaf_value=0.0003008906785330267 -0.0012183706816876092 0.0005823408597027275 0.00049774929469793285 -0.0006400323841655954 -0.0002440441093211485
leaf_weight=105 25 43 54 171 29
leaf_count=105 25 43 54 171 29
internal_value=-6.80899e-05 1.24883e-05 -5.89086e-05 -0.000230475 -0.000622699
internal_weight=427 373 330 276 54
internal_count=427 373 330 276 54
is_linear=0
shrinkage=0.0167612


Tree=167
num_leaves=10
num_cat=1
split_feature=1 11 46 113 27 151 50 110 136
split_gain=0.137284 0.162192 0.137965 0.104449 0.045779 0.0353998 0.0115186 0.0103769 0.00895118
threshold=0 -0.24999999999999994 0.8757430793171942 16066.262536234146 1.7750000000000001 1.0000000180025095e-35 1.0000000180025095e-35 1.0000000180025095e-35 0.75000000000000011
decision_type=1 2 10 10 10 8 10 10 10
left_child=4 3 7 5 -1 -2 -6 -3 -8
right_child=1 2 -4 -5 6 -7 8 -9 -10
leaf_value=0.00075607703381807049 0.00071073857049128565 -0.0010380863287256363 -5.1241455309047964e-05 -0.00035459626362169413 4.4429244905349599e-05 0.00015757631739843356 0.00032773760411654258 -0.00047630969392962612 8.8788288353070145e-05
leaf_weight=28 51 90 25 31 32 33 52 59 26
leaf_count=28 51 90 25 31 32 33 52 59 26
internal_value=-6.55985e-05 -0.00027332 -0.000597219 7.75349e-05 0.000283588 0.000435793 0.000120496 -0.000827802 0.0002123
internal_weight=427 289 174 115 138 84 110 149 78
internal_count=427 289 174 115 138 84 110 149 78
cat_boundaries=0 1
cat_threshold=136
is_linear=0
shrinkage=0.0167612


Tree=168
num_leaves=6
num_cat=0
split_feature=9 2 201 55 212
split_gain=0.165672 0.500907 0.097788 0.0711422 0.0245424
threshold=1.0000000180025095e-35 2023.5000000000002 2.6715686274509807 24.000000000000004 1016310.1645642576
decision_type=2 2 8 10 8
left_child=1 -1 -3 -4 -2
right_child=4 2 3 -5 -6
leaf_value=0.0014292726844270813 -0.00022039146963170409 -0.00062646947776832354 -3.958189444400939e-07 0.00055531302125362688 -0.00075827774586408698
leaf_weight=45 24 29 243 36 57
leaf_count=45 24 29 243 36 57
internal_value=3.83165e-05 0.000207176 5.35557e-06 6.45048e-05 -0.00050339
internal_weight=434 353 308 279 81
internal_count=434 353 308 279 81
is_linear=0
shrinkage=0.0167612


Tree=169
num_leaves=9
num_cat=0
split_feature=9 6 132 46 132 203 194 184
split_gain=0.160599 0.0662811 0.198273 0.388692 0.111786 0.0782989 0.0242704 0.0130153
threshold=1.0000000180025095e-35 1.0000000180025095e-35 1.0000000180025095e-35 0.73188508037779021 1.0000000180025095e-35 268594.95972222224 15.000000000000002 26.500000000000004
decision_type=2 2 10 10 10 10 8 8
left_child=1 4 6 -4 -1 -6 -3 -2
right_child=7 2 3 -5 5 -7 -8 -9
leaf_value=0.00028742865762598476 -0.00078288111819759042 -0.00025776952213024115 0.0017168842530493769 0.00018516713338170417 -0.0010643635316474477 -0.00021310391733360396 8.7559517223641595e-05 -0.00019329033893728052
leaf_weight=47 44 46 49 64 25 28 94 37
leaf_count=47 44 46 49 64 25 28 94 37
internal_value=3.76393e-05 0.000204164 0.000355827 0.000819214 -4.2998e-05 -0.000532351 4.19093e-05 -0.000495361
internal_weight=434 353 253 113 100 53 140 81
internal_count=434 353 253 113 100 53 140 81
is_linear=0
shrinkage=0.0167612


Tree=170
num_leaves=8
num_cat=0
split_feature=2 156 190 175 193 9 174
split_gain=0.392773 0.111147 0.112666 0.10417 0.0167977 0.0223353 0.00636085
threshold=2023.5000000000002 1.0000000180025095e-35 618257.76565364352 15.000000000000002 1.0000000180025095e-35 1.0000000180025095e-35 4.5277777777777786
decision_type=2 10 8 10 8 2 8
left_child=-1 4 6 -4 -2 -6 -3
right_child=1 2 3 -5 5 -7 -8
leaf_value=0.0010655686666775209 -4.449621676568404e-06 0.00016942229630859722 -0.00022641065723022567 -0.00095344997569987147 0.00032308515503331157 8.526944901609671e-05 -1.6820421181669499e-05
leaf_weight=55 42 25 37 99 118 27 31
leaf_count=55 42 25 37 99 118 27 31
internal_value=3.64156e-05 -0.00013228 -0.000408804 -0.000674615 9.30638e-05 0.000208448 -4.47186e-05
internal_weight=434 379 192 136 187 145 56
internal_count=434 379 192 136 187 145 56
is_linear=0
shrinkage=0.0167612


Tree=171
num_leaves=8
num_cat=0
split_feature=93 47 10 144 113 17 3
split_gain=0.0906707 0.0581072 0.110857 0.0735942 0.0608231 0.0125863 0.0131379
threshold=1.0000000180025095e-35 0.28333333333333338 0.25000000000000011 2.3299319727891157 98475.201996896561 1.0000000180025095e-35 6.5000000000000009
decision_type=10 8 2 10 8 10 2
left_child=1 2 3 -1 -4 6 -3
right_child=-2 5 4 -5 -6 -7 -8
leaf_value=0.00056362445991362876 -0.00049640873026893218 0.00029505963352030666 -0.00017763384218547561 -1.6672585942970561e-05 -0.0007676244947078223 0.00050185077276236546 2.7176037826465534e-05
leaf_weight=67 37 36 28 47 56 89 74
leaf_count=67 37 36 28 47 56 89 74
internal_value=3.64237e-05 0.000128886 -1.84032e-05 0.000224036 -0.000443744 0.000323662 0.000134772
internal_weight=434 397 198 114 84 199 110
internal_count=434 397 198 114 84 199 110
is_linear=0
shrinkage=0.0167612


Tree=172
num_leaves=5
num_cat=0
split_feature=13 93 17 64
split_gain=0.435091 0.352684 0.085721 0.0532874
threshold=196057.87539472021 1.0000000180025095e-35 1.0000000180025095e-35 5.5000000000000009
decision_type=2 10 10 8
left_child=-1 2 3 -2
right_child=1 -3 -4 -5
leaf_value=0.0013158331565536439 -0.00057981009846619185 -0.0013281250679118156 0.00040089456483628029 -6.8261942840426015e-06
leaf_weight=32 24 24 92 262
leaf_count=32 24 24 92 262
internal_value=3.53443e-05 -9.81574e-05 5.87464e-06 -0.000102514
internal_weight=434 402 378 286
internal_count=434 402 378 286
is_linear=0
shrinkage=0.0167612


Tree=173
num_leaves=8
num_cat=0
split_feature=2 119 13 62 150 203 17
split_gain=0.379036 0.101722 0.287592 0.118625 0.142749 0.0970708 0.0483263
threshold=2023.5000000000002 1.0000000180025095e-35 249612.22396605703 668682.07343582355 1.0000000180025095e-35 350124.05131310591 1.0000000180025095e-35
decision_type=2 10 2 8 10 10 10
left_child=-1 2 -2 5 -5 -3 -4
right_child=1 3 6 4 -6 -7 -8
leaf_value=0.0010454621587037082 0.0011363987589741236 -0.00034495392352167895 -0.0003412843261690723 -0.00017182571424130262 -0.0011967084057459153 0.00051261668024691536 0.00010101409124683364
leaf_weight=55 27 32 107 64 61 34 54
leaf_count=55 27 32 107 64 61 34 54
internal_value=3.41313e-05 -0.000131262 8.11027e-05 -0.00039709 -0.000694522 -5.4507e-05 -0.00011646
internal_weight=434 379 188 191 125 66 161
internal_count=434 379 188 191 125 66 161
is_linear=0
shrinkage=0.0167612


Tree=174
num_leaves=7
num_cat=1
split_feature=0 218 54 11 161 11
split_gain=0.202581 0.088631 0.0769246 0.0741232 0.028541 0.000449225
threshold=0 1.0000000180025095e-35 1.0000000180025095e-35 -0.5 55260842.399408914 0.25000000000000017
decision_type=9 8 10 2 10 2
left_child=3 2 4 -1 -2 -3
right_child=1 5 -4 -5 -6 -7
leaf_value=-0.00015016866761928313 7.0494369917751954e-05 0.00094952833122168251 -0.00035347431113878775 -0.00082033872595019546 0.00034200936908174661 0.00037750793008258372
leaf_weight=38 42 42 42 72 159 39
leaf_count=38 42 42 42 72 159 39
internal_value=3.49224e-05 0.000252628 8.29139e-05 -0.000455478 0.000228904 0.000677666
internal_weight=434 324 243 110 201 81
internal_count=434 324 243 110 201 81
cat_boundaries=0 1
cat_threshold=33596464
is_linear=0
shrinkage=0.0167612


Tree=175
num_leaves=8
num_cat=1
split_feature=0 2 84 214 49 143 13
split_gain=0.192823 0.135752 0.135384 0.123108 0.0189231 0.0164933 0.0105551
threshold=0 2023.5000000000002 0.99999999998763467 164098.71127995328 1.0000000180025095e-35 1.0000000180025095e-35 887146.21863636374
decision_type=9 2 8 8 8 10 2
left_child=2 -2 -1 -3 6 -5 -4
right_child=1 3 4 5 -6 -7 -8
leaf_value=0.00010276205426281943 0.00044006005438722594 0.00026638109681217058 0.00072581498848243455 -0.00028429023882514106 0.0013147981540481699 -0.00069088946167603354 0.00022807223996562919
leaf_weight=31 37 27 31 145 34 99 30
leaf_count=31 37 27 31 145 34 99 30
internal_value=3.36739e-05 -0.000162533 0.000509183 -0.000327301 0.000892999 -0.000475637 0.000594148
internal_weight=434 308 126 271 95 244 61
internal_count=434 308 126 271 95 244 61
cat_boundaries=0 1
cat_threshold=2754
is_linear=0
shrinkage=0.0167612


Tree=176
num_leaves=8
num_cat=0
split_feature=27 103 214 6 13 47 122
split_gain=0.1215 0.0939616 0.0573716 0.0809568 0.06599 0.0127263 0.0160126
threshold=2.8500000000000001 10613.295747327142 222677.07187500002 1.5000000000000002 673048.53387445898 1.0000000180025095e-35 -0.053447491352379611
decision_type=8 10 10 2 2 10 10
left_child=1 -1 3 4 -2 6 -3
right_child=2 5 -4 -5 -6 -7 -8
leaf_value=-0.00064202630325174963 0.00040511186729906876 -0.00023892968012911487 7.4663757688203154e-05 0.00087378155718813809 -0.00015344665109120553 0.00020313888758566738 4.7009734721557896e-05
leaf_weight=46 101 44 30 81 37 47 33
leaf_count=46 101 44 30 81 37 47 33
internal_value=0.000145279 -0.00013553 0.00037593 0.000492626 0.000208129 -4.03311e-06 -2.90639e-05
internal_weight=419 170 249 219 138 124 77
internal_count=419 170 249 219 138 124 77
is_linear=0
shrinkage=0.0167612


Tree=177
num_leaves=10
num_cat=0
split_feature=13 13 5 44 43 7 100 5 198
split_gain=0.141965 0.126675 0.192881 0.115356 0.0922026 0.0890763 0.0317848 0.0224517 0.0257076
threshold=475345.69545244699 919756.52302631584 2.5000000000000004 28.500000000000004 1.0000000180025095e-35 1.0000000180025095e-35 1.0000000180025095e-35 1.5000000000000002 10.500000000000002
decision_type=2 2 2 10 8 2 8 2 10
left_child=4 2 6 -3 7 -4 -2 -1 -9
right_child=1 3 5 -5 -6 -7 -8 8 -10
leaf_value=-4.7654277814385484e-05 -0.00012104232952825056 -0.0010186823708145517 0.00018627164165439518 -0.00014146744287666646 0.00093266121300299024 0.0011058379712006762 -0.00054519471152151232 0.00011616116431385055 0.00049576434867097815
leaf_weight=24 25 45 45 48 67 46 52 26 41
leaf_count=24 25 45 45 48 67 46 52 26 41
internal_value=0.000142106 -5.57583e-05 0.000146166 -0.000504776 0.000504867 0.000634745 -0.000282945 0.000152612 0.00027775
internal_weight=419 261 168 93 158 91 77 91 67
internal_count=419 261 168 93 158 91 77 91 67
is_linear=0
shrinkage=0.0167612


Tree=178
num_leaves=8
num_cat=0
split_feature=175 160 152 100 63 118 143
split_gain=0.0886849 0.117324 0.0829133 0.0464371 0.0842776 0.0713839 0.0238953
threshold=1.0000000180025095e-35 0.82806104954136839 5.5000000000000009 1.0000000180025095e-35 1.0000000180025095e-35 17.500000000000004 1.0000000180025095e-35
decision_type=10 10 10 10 10 10 8
left_child=1 6 -2 5 -5 -4 -1
right_child=2 -3 3 4 -6 -7 -8
leaf_value=0.0011573720803634306 -0.00052047987158417095 3.1875938279555779e-05 -0.00037936449820672651 0.00061739196389198447 -3.7597521797951059e-05 0.00026152888878320862 0.00048359988885644751
leaf_weight=29 44 45 77 79 25 35 85
leaf_count=29 44 45 77 79 25 35 85
internal_value=0.000139709 0.000423514 -9.82528e-06 7.73727e-05 0.000320851 -7.17289e-05 0.000717467
internal_weight=419 159 260 216 104 112 114
internal_count=419 159 260 216 104 112 114
is_linear=0
shrinkage=0.0167612


Tree=179
num_leaves=8
num_cat=0
split_feature=5 160 98 215 112 124 55
split_gain=0.14313 0.0745469 0.0596723 0.0942322 0.0358897 0.0347801 0.0421516
threshold=1.5000000000000002 0.95584942729595646 1.0000000180025095e-35 -0.22682433960198711 1.0000000180025095e-35 1.0000000180025095e-35 55.500000000000007
decision_type=2 10 10 10 10 8 8
left_child=2 4 -1 -4 -2 -3 -7
right_child=1 5 3 -5 -6 6 -8
leaf_value=-0.0001385987971561367 0.00057149710322545858 -0.0002757797259301164 -0.0011482382209591687 -0.00024329025204366329 0.00021124363031702287 5.2987085735004097e-05 0.00050384467971513166
leaf_weight=26 193 46 31 31 24 33 35
leaf_count=26 193 46 31 31 24 33 35
internal_value=0.000136469 0.000304265 -0.0003314 -0.000646809 0.000482495 4.28582e-05 0.000176001
internal_weight=419 331 88 62 217 114 68
internal_count=419 331 88 62 217 114 68
is_linear=0
shrinkage=0.0167612


Tree=180
num_leaves=8
num_cat=0
split_feature=110 175 29 189 13 160 224
split_gain=0.102086 0.0479478 0.0927617 0.0450769 0.0737483 0.0392993 0.0230261
threshold=1.0000000180025095e-35 8.5000000000000018 27.500000000000004 1.0000000180025095e-35 203181.85000000003 1.0184177045099634 0.024725274725274703
decision_type=8 10 10 8 2 10 10
left_child=1 5 -3 -2 -5 -1 -4
right_child=3 2 6 4 -6 -7 -8
leaf_value=0.0004331718725849657 0.00012818308588701674 -0.00069474845395178081 -0.00012957410609360526 0.0011276457021512447 0.00031930739758943209 -2.8952434548930422e-06 0.00026011216512667471
leaf_weight=49 39 57 54 26 132 30 32
leaf_count=49 39 57 54 26 132 30 32
internal_value=0.000133456 -6.51255e-05 -0.000267506 0.000395652 0.000535673 0.000142201 -4.77583e-05
internal_weight=419 222 143 197 158 79 86
internal_count=419 222 143 197 158 79 86
is_linear=0
shrinkage=0.0167612


Tree=181
num_leaves=8
num_cat=0
split_feature=2 6 120 190 190 143 74
split_gain=0.310378 0.0903222 0.0767269 0.108033 0.0674753 0.036139 0.0223938
threshold=2023.5000000000002 1.5000000000000002 45.500000000000007 419056.81773243041 665416.77102659259 1.0000000180025095e-35 38.500000000000007
decision_type=2 2 8 10 10 10 8
left_child=1 -1 3 5 -5 -2 -4
right_child=2 -3 6 4 -6 -7 -8
leaf_value=0.00054604889823107333 -0.00030251149735462205 0.0017842221964459446 8.1753494539884861e-05 0.00047190426860839707 -0.0001320648363361451 -0.00098390949415441795 0.00036009844420697469
leaf_weight=26 75 25 33 42 74 35 109
leaf_count=26 75 25 33 42 74 35 109
internal_value=0.000131083 0.00106071 -1.38289e-05 -0.000218252 2.07166e-05 -0.000566088 0.000226097
internal_weight=419 51 368 226 116 110 142
internal_count=419 51 368 226 116 110 142
is_linear=0
shrinkage=0.0167612


Tree=182
num_leaves=6
num_cat=0
split_feature=161 168 13 7 92
split_gain=0.0698465 0.0502391 0.0699185 0.0445928 0.0386318
threshold=58651955.216957755 116.03826205000001 520784.99864864867 1.0000000180025095e-35 1.0000000180025095e-35
decision_type=10 8 2 2 10
left_child=1 -1 4 -4 -3
right_child=-2 2 3 -5 -6
leaf_value=-6.7830306475454613e-05 -0.00028768466061684711 0.00073828779011253357 -8.0080310126108827e-05 0.0003478089590399203 0.00021018970680076164
leaf_weight=53 44 108 116 66 32
leaf_count=53 44 108 116 66 32
internal_value=0.000128936 0.000217529 0.000308143 6.58351e-05 0.000570054
internal_weight=419 375 322 182 140
internal_count=419 375 322 182 140
is_linear=0
shrinkage=0.0167612


Tree=183
num_leaves=9
num_cat=0
split_feature=10 46 189 110 144 54 166 74
split_gain=0.0620539 0.143709 0.135374 0.0710424 0.109872 0.0260787 0.0200315 0.0169765
threshold=-0.24999999999999994 0.66020843413944164 1.0000000180025095e-35 1.0000000180025095e-35 2.227878787878788 1.0000000180025095e-35 10.125000000000002 16.500000000000004
decision_type=2 10 8 8 10 8 10 10
left_child=1 2 -1 4 -2 -5 -6 -3
right_child=3 7 -4 5 6 -7 -8 -9
leaf_value=0.00024823501302014299 -0.0007413709674637481 -0.00026324163497700576 0.0010430162205208805 0.00049281748922891887 -9.1798480094915365e-05 6.2500452135704772e-05 0.00025813124220421587 -1.5073511719005742e-05
leaf_weight=33 57 53 83 42 44 51 32 24
leaf_count=33 57 53 83 42 44 51 32 24
internal_value=0.00012558 0.00033229 0.000686518 -1.74656e-05 -0.000277275 0.000233042 -5.00352e-05 -3.4429e-05
internal_weight=419 193 116 226 133 93 76 77
internal_count=419 193 116 226 133 93 76 77
is_linear=0
shrinkage=0.0167612


Tree=184
num_leaves=8
num_cat=0
split_feature=110 55 3 27 189 136 98
split_gain=0.110056 0.118271 0.0792257 0.0842208 0.0489232 0.0330082 0.00530533
threshold=1.0000000180025095e-35 28.500000000000004 3.5000000000000004 1.9100000000000004 1.0000000180025095e-35 0.75000000000000011 1.0000000180025095e-35
decision_type=8 8 2 10 10 10 8
left_child=1 -1 3 -3 6 -6 -2
right_child=4 2 -4 -5 5 -7 -8
leaf_value=-0.00074631915419052879 5.205004351530716e-05 -1.0255787543741288e-05 0.00028187977535671759 -0.00068239447274554964 0.00028529854500454721 0.00094370403821002235 0.00016126644670357338
leaf_weight=34 28 29 115 52 26 53 92
leaf_count=34 28 29 115 52 26 53 92
internal_value=9.84087e-05 -0.0001072 -9.0073e-06 -0.000292842 0.000373521 0.000682171 0.000130025
internal_weight=429 230 196 81 199 79 120
internal_count=429 230 196 81 199 79 120
is_linear=0
shrinkage=0.0167612


Tree=185
num_leaves=8
num_cat=0
split_feature=134 107 43 123 9 7 112
split_gain=0.126859 0.117233 0.0681981 0.0463397 0.0370581 0.0130716 0.0117593
threshold=1030541.5359142446 1.0000000180025095e-35 1.0000000180025095e-35 25.500000000000004 1.0000000180025095e-35 1.0000000180025095e-35 1.0000000180025095e-35
decision_type=8 10 10 8 2 2 10
left_child=1 -1 3 4 -2 -4 -5
right_child=2 -3 5 6 -6 -7 -8
leaf_value=-0.0010077650484264023 -3.1479856333900872e-05 -0.00012989019258838783 0.00034076431489140312 0.00032119005713370115 -0.00051587041709214509 0.0009115560860447295 8.5539603946310262e-05
leaf_weight=30 70 39 74 126 26 31 33
leaf_count=30 70 39 74 126 26 31 33
internal_value=9.6651e-05 -0.000400921 0.000235003 6.60243e-05 -0.000149378 0.000558983 0.000236568
internal_weight=429 69 360 255 96 105 159
internal_count=429 69 360 255 96 105 159
is_linear=0
shrinkage=0.0167612


Tree=186
num_leaves=9
num_cat=0
split_feature=3 122 41 132 100 55 132 100
split_gain=0.0612219 0.0853161 0.0582378 0.0523736 0.0458634 0.0207532 0.0136172 0.00313967
threshold=3.5000000000000004 -0.43503134292898432 -17314.176082059679 1.0000000180025095e-35 1.0000000180025095e-35 75.500000000000014 1.0000000180025095e-35 1.0000000180025095e-35
decision_type=2 8 10 10 10 8 10 10
left_child=1 -1 3 7 -5 -4 -3 -2
right_child=2 6 5 4 -6 -7 -8 -9
leaf_value=-0.00071548464879147005 0.00014852466748742395 0.00021454055590049116 -0.00031613511310705762 0.00027379222696113193 0.00091831035392088173 -1.2047527751549488e-05 -7.5995039776508035e-05 4.9866892710724197e-05
leaf_weight=30 134 32 34 26 60 46 35 32
leaf_count=30 134 32 34 26 60 46 35 32
internal_value=9.48596e-05 -0.000184326 0.000211936 0.000344844 0.000654658 -4.16981e-05 -4.02045e-05 0.000135244
internal_weight=429 97 332 252 86 80 67 166
internal_count=429 97 332 252 86 80 67 166
is_linear=0
shrinkage=0.0167612


Tree=187
num_leaves=9
num_cat=0
split_feature=2 100 100 75 222 10 10 192
split_gain=0.139658 0.152025 0.141796 0.0363941 0.0815519 0.0257688 0.00686748 0.00408383
threshold=2024.5000000000002 1.0000000180025095e-35 1.0000000180025095e-35 1.2687184006517789 10.500000000000002 -0.5 -0.24999999999999994 3.5000000000000004
decision_type=2 10 8 8 8 2 2 10
left_child=2 3 6 -2 -5 -4 -1 -3
right_child=1 7 5 4 -6 -7 -8 -9
leaf_value=1.2323244370299074e-05 0.0004348004548982799 -0.00096960982919257503 0.0010807633447566416 -0.00050553748930325061 0.00018106000474421485 0.00043373410637981177 -0.00016971733636405524 -0.00034500104780171219
leaf_weight=37 29 42 55 34 102 68 31 31
leaf_count=37 29 42 55 34 102 68 31 31
internal_value=9.27048e-05 -0.000134581 0.000412693 6.4939e-05 7.84629e-06 0.000746732 3.67185e-05 -0.000676099
internal_weight=429 238 191 165 136 123 68 73
internal_count=429 238 191 165 136 123 68 73
is_linear=0
shrinkage=0.0167612


Tree=188
num_leaves=9
num_cat=1
split_feature=0 224 13 27 102 212 10 96
split_gain=0.234795 0.211879 0.0927669 0.190372 0.0913002 0.0656068 0.0518608 0.0232949
threshold=0 0.26120857699805072 701923.43341307831 3.1750000000000003 95189.690340383255 211136.25000000003 -1.0000000180025095e-35 6.5000000000000009
decision_type=9 8 2 10 10 10 2 10
left_child=1 -1 3 5 -4 -2 -5 -3
right_child=2 7 4 6 -6 -7 -8 -9
leaf_value=0.00016083493460554817 -0.00048905358689369524 0.0016286911455444034 -0.00091498167505642931 0.0012226202151946926 -0.00013991942110094395 1.3930555839128995e-05 0.0002865882437162251 0.00071347161717206121
leaf_weight=53 94 43 54 27 48 57 27 26
leaf_count=53 94 43 54 27 48 57 27 26
internal_value=9.08841e-05 0.000616908 -0.000126587 1.09195e-05 -0.000499252 -0.000217783 0.000700588 0.00122053
internal_weight=429 122 307 205 102 151 54 69
internal_count=429 122 307 205 102 151 54 69
cat_boundaries=0 1
cat_threshold=2380
is_linear=0
shrinkage=0.0167612


Tree=189
num_leaves=10
num_cat=0
split_feature=10 106 189 46 150 119 43 27 18
split_gain=0.109073 0.0911281 0.0831661 0.0723416 0.138311 0.0656659 0.00401506 0.00109596 0.00035616
threshold=0.25000000000000011 659188.19166666677 1.0000000180025095e-35 0.91777484307721957 1.0000000180025095e-35 1.0000000180025095e-35 1.0000000180025095e-35 3.0250000000000004 1.0000000180025095e-35
decision_type=2 8 10 10 10 10 8 10 8
left_child=1 -1 6 4 8 -6 -3 -4 -2
right_child=3 2 7 -5 5 -7 -8 -9 -10
leaf_value=-9.9176697545662657e-05 -1.0385378512905691e-05 4.4782003340861576e-05 0.00042449472038868076 0.00018410943022266897 -0.00031755705527214184 -0.0011761416982728134 0.00014400891770856026 0.00098964329549355292 0.00010271335543886171
leaf_weight=50 25 34 40 27 29 51 83 65 25
leaf_count=50 25 34 40 27 29 51 83 65 25
internal_value=8.94559e-05 0.000293817 0.00045823 -0.000198824 -0.00041164 -0.000810274 0.000126245 0.000776443 -2.42766e-05
internal_weight=429 272 222 157 130 80 117 105 50
internal_count=429 272 222 157 130 80 117 105 50
is_linear=0
shrinkage=0.0167612


Tree=190
num_leaves=7
num_cat=0
split_feature=13 171 27 134 85 77
split_gain=0.150622 0.139073 0.107924 0.0581128 0.044501 0.0352436
threshold=431083.79528985516 1.0000000180025095e-35 3.0650000000000004 845755.05607461289 1321135.8530303033 1.0000000180025095e-35
decision_type=2 10 10 8 8 8
left_child=2 3 5 -2 -5 -1
right_child=1 -3 -4 4 -6 -7
leaf_value=3.8472070372979979e-05 -0.00040453635898914255 -0.00085201718876386169 0.0010799168053633522 0.00043548975023794312 1.2654164018561627e-05 0.00041894246621503663
leaf_weight=56 41 26 40 58 157 51
leaf_count=56 41 26 40 58 157 51
internal_value=8.83654e-05 -0.000101844 0.000486396 -6.9297e-06 0.000118949 0.000198718
internal_weight=429 282 147 256 215 107
internal_count=429 282 147 256 215 107
is_linear=0
shrinkage=0.0167612


Tree=191
num_leaves=8
num_cat=0
split_feature=2 194 9 100 98 122 60
split_gain=0.128778 0.113055 0.0822086 0.137323 0.0472152 0.23449 0.00198834
threshold=2024.5000000000002 24.000000000000004 1.0000000180025095e-35 1.0000000180025095e-35 1.0000000180025095e-35 -0.22955748365342429 1.2500000000000002
decision_type=2 8 2 8 10 10 10
left_child=2 4 3 -1 -2 -6 -3
right_child=1 6 -4 -5 5 -7 -8
leaf_value=0.00015927573220622115 -0.00017539617457997954 0.00014425639980058058 5.457357991124347e-05 0.00092558910546345567 -0.0015093101472184269 -0.00030937715035489678 3.159004467704665e-05
leaf_weight=51 37 104 39 101 35 29 33
leaf_count=51 37 104 39 101 35 29 33
internal_value=8.62079e-05 -0.000131202 0.000394107 0.000593884 -0.000522612 -0.000806238 8.73653e-05
internal_weight=429 238 191 152 101 64 137
internal_count=429 238 191 152 101 64 137
is_linear=0
shrinkage=0.0167612


Tree=192
num_leaves=8
num_cat=0
split_feature=62 13 132 31 148 213 63
split_gain=0.0703375 0.246326 0.0836764 0.0767201 0.0629127 0.0571402 0.00515874
threshold=397530.95673695358 633459.43405139854 1.0000000180025095e-35 1.0000000180025095e-35 9.7169059011164283 1.5000000000000002 1329650.6029411766
decision_type=8 2 10 8 10 8 8
left_child=-1 2 3 -2 5 -3 -6
right_child=1 4 -4 -5 6 -7 -8
leaf_value=-0.00040554026690204612 -6.4930140832106058e-05 -0.00082052188820662712 0.0010865503722394428 0.00052530109830980012 -2.3952190603789761e-05 -0.00013069221818080325 0.0001257813285460213
leaf_weight=45 34 55 47 96 50 51 42
leaf_count=45 34 55 47 96 50 51 42
internal_value=3.05965e-05 0.000123407 0.000554049 0.000313985 -0.000217086 -0.000487306 -3.66558e-05
internal_weight=420 375 177 130 198 106 92
internal_count=420 375 177 130 198 106 92
is_linear=0
shrinkage=0.0167612


Tree=193
num_leaves=8
num_cat=0
split_feature=77 122 50 13 117 166 193
split_gain=0.0516514 0.0333128 0.0305408 0.0454522 0.0273082 0.00664867 0.000557292
threshold=1.0000000180025095e-35 0.49555994787546909 1.0000000180025095e-35 232620.91666666669 1.0000000180025095e-35 15.311846689895473 1.0000000180025095e-35
decision_type=8 8 10 2 10 10 10
left_child=2 -2 3 -1 -5 -4 -3
right_child=1 6 5 4 -6 -7 -8
leaf_value=3.445710354038508e-05 9.0372791422914001e-05 0.00023807247447766048 0.00019875711499561937 -0.00010739511671026352 -0.00052599783843849837 3.0191574086390686e-05 0.00063816732760185485
leaf_weight=36 35 87 53 46 99 30 34
leaf_count=36 35 87 53 46 99 30 34
internal_value=2.92664e-05 0.000259605 -8.20968e-05 -0.000218236 -0.000371709 7.86517e-05 0.000408877
internal_weight=420 156 264 181 145 83 121
internal_count=420 156 264 181 145 83 121
is_linear=0
shrinkage=0.0167612


Tree=194
num_leaves=7
num_cat=1
split_feature=0 120 77 97 63 110
split_gain=0.105899 0.0833935 0.0775305 0.0333981 0.0425462 0.0327938
threshold=0 5.5000000000000009 1.0000000180025095e-35 1380.0000000000002 1843248.3732638892 1.0000000180025095e-35
decision_type=9 10 8 10 8 10
left_child=1 -1 3 -2 -5 -3
right_child=2 5 -4 4 -6 -7
leaf_value=-0.00087536273398390217 -0.00031542840954719567 -0.00027524853476753995 0.00050248749133815574 -0.00013994993447528708 0.00028930561802863983 0.00021321061199463807
leaf_weight=32 35 48 118 44 117 26
leaf_count=32 35 48 118 44 117 26
internal_value=2.92169e-05 -0.000323377 0.000193184 1.68182e-05 0.000101528 -6.52073e-05
internal_weight=420 106 314 196 161 74
internal_count=420 106 314 196 161 74
cat_boundaries=0 1
cat_threshold=33563696
is_linear=0
shrinkage=0.0167612


Tree=195
num_leaves=8
num_cat=0
split_feature=77 55 9 80 9 108 222
split_gain=0.048355 0.086601 0.063632 0.0316386 0.0401294 0.0278356 0.0188975
threshold=1.0000000180025095e-35 32.500000000000007 1.0000000180025095e-35 575798.67500000016 1.0000000180025095e-35 1.0000000180025095e-35 20.500000000000004
decision_type=8 8 2 10 2 10 8
left_child=1 -1 5 4 6 -3 -2
right_child=3 2 -4 -5 -6 -7 -8
leaf_value=-0.00066838390025501749 0.00086915636424596883 0.00038556162004136502 -0.00041776973483274903 9.0251477098573688e-05 0.00015718877544203052 1.6259630548802277e-05 0.00028214512072742315
leaf_weight=26 33 59 40 25 27 139 71
leaf_count=26 33 59 40 25 27 139 71
internal_value=2.76101e-05 -7.94363e-05 -5.78404e-06 0.000250963 0.000384261 0.000137181 0.000538366
internal_weight=420 264 238 156 131 198 104
internal_count=420 264 238 156 131 198 104
is_linear=0
shrinkage=0.0167612


Tree=196
num_leaves=8
num_cat=0
split_feature=77 46 128 109 109 44 31
split_gain=0.0466129 0.0347587 0.0252271 0.0210295 0.0207576 0.0389884 0.00386279
threshold=1.0000000180025095e-35 1.1133046593954246 22.500000000000004 831593.08333333337 345345.00000000006 77.000000000000014 1.0000000180025095e-35
decision_type=8 8 10 8 8 10 10
left_child=2 -2 3 -1 -4 -6 -5
right_child=1 -3 4 6 5 -7 -8
leaf_value=-8.582666664883195e-05 8.3889244294239212e-05 0.00040025425096762668 -0.00015733088133553072 -0.00062122782190563905 0.00041225576927556023 1.5673300179443707e-06 -0.00018352165616296667
leaf_weight=34 36 120 36 25 67 32 70
leaf_count=34 36 120 36 25 67 32 70
internal_value=2.5769e-05 0.000245469 -7.90196e-05 -0.000241954 7.83398e-06 0.000172795 -0.00037533
internal_weight=420 156 264 129 135 99 95
internal_count=420 156 264 129 135 99 95
is_linear=0
shrinkage=0.0167612


Tree=197
num_leaves=9
num_cat=1
split_feature=0 13 128 118 127 74 109 50
split_gain=0.119779 0.0680001 0.191392 0.066274 0.0414986 0.0245094 0.0611487 0.0381611
threshold=0 891988.17049150576 24.500000000000004 40.500000000000007 1.0000000180025095e-35 1.5000000000000002 474916.76315789478 1.0000000180025095e-35
decision_type=9 2 10 8 8 10 8 8
left_child=3 5 -3 -1 -5 7 -7 -2
right_child=1 2 -4 4 -6 6 -8 -9
leaf_value=0.00013446822660159971 -0.00039596841930450687 -0.0012545517771840873 -0.00016201977168966286 0.00028517311540896369 0.00099231299134810319 -9.2046113740817931e-05 0.00046984997053072918 -1.3504982327912684e-05
leaf_weight=38 64 29 40 28 55 35 66 65
leaf_count=38 64 29 40 28 55 35 66 65
internal_value=2.41024e-05 -0.00012747 -0.000508761 0.000407857 0.000712386 -9.58009e-06 0.000164981 -0.000136684
internal_weight=420 299 69 121 83 230 101 129
internal_count=420 299 69 121 83 230 101 129
cat_boundaries=0 1
cat_threshold=329804
is_linear=0
shrinkage=0.0167612


Tree=198
num_leaves=8
num_cat=0
split_feature=13 9 217 20 55 170 160
split_gain=0.151621 0.0687813 0.0932208 0.0748026 0.0638314 0.139392 0.0256926
threshold=588336.44573643419 1.0000000180025095e-35 630.00000000000011 1.0000000180025095e-35 15.500000000000002 1.0000000180025095e-35 1.0739165705014055
decision_type=2 2 8 8 10 8 10
left_child=1 2 -1 -4 5 -2 -7
right_child=4 -3 3 -5 -6 6 -8
leaf_value=0.00013816178762416674 -0.0011815804844784955 3.3133153731804335e-05 0.001253656490860107 0.00038950545943423941 5.6326250058543061e-05 -0.00030021613855786176 -1.4368203996776208e-05
leaf_weight=51 25 40 43 72 45 102 42
leaf_count=51 25 40 43 72 45 102 42
internal_value=2.30497e-05 0.000338696 0.000515157 0.000766085 -0.00024411 -0.000419324 -0.000180863
internal_weight=420 206 166 115 214 169 144
internal_count=420 206 166 115 214 169 144
is_linear=0
shrinkage=0.0167612


Tree=199
num_leaves=8
num_cat=0
split_feature=19 27 153 170 7 43 119
split_gain=0.0635462 0.0286677 0.120066 0.0792239 0.0172731 0.016543 0.00165927
threshold=9.0000000000000018 2.0350000000000006 1.0000000180025095e-35 1.0000000180025095e-35 1.0000000180025095e-35 1.0000000180025095e-35 1.0000000180025095e-35
decision_type=8 10 10 10 2 10 8
left_child=1 3 5 -1 -4 -3 -2
right_child=6 2 4 -5 -6 -7 -8
leaf_value=0.00064550988003241917 0.00013173635443246303 -0.00075471445750950107 8.5755329601265692e-06 -0.00010351273853874167 0.00027458813970024327 -0.00023367223727103215 0.00038623991693756263
leaf_weight=25 25 76 90 27 46 27 104
leaf_count=25 25 76 90 27 46 27 104
internal_value=2.1769e-05 -8.64325e-05 -0.00018524 0.000121249 4.9869e-05 -0.00057123 0.000307943
internal_weight=420 291 239 52 136 103 129
internal_count=420 291 239 52 136 103 129
is_linear=0
shrinkage=0.0167612


Tree=200
num_leaves=9
num_cat=0
split_feature=11 150 174 4 132 94 65 102
split_gain=0.101323 0.0605525 0.0429992 0.0882787 0.103114 0.0355817 0.031773 0.020277
threshold=-0.5 1.0000000180025095e-35 11.309523809523812 91.500000000000014 1.0000000180025095e-35 1.0000000180025095e-35 31.500000000000004 34186.175567871942
decision_type=2 10 10 2 8 8 10 10
left_child=1 -1 3 4 -2 -5 -4 -3
right_child=2 7 6 5 -6 -7 -8 -9
leaf_value=8.8007163609604678e-05 -0.00022741601504577437 0.00091321294010161596 0.00036193666599496896 -0.00013227163071940999 -0.0010131589279819306 0.00034164528634654095 -4.3188830196026447e-05 0.0002639871736941999
leaf_weight=58 32 46 47 87 56 27 29 40
leaf_count=58 32 46 47 87 56 27 29 40
internal_value=2.51313e-05 0.000361108 -0.000129589 -0.000272212 -0.000616774 -3.83432e-05 7.97875e-05 0.000634043
internal_weight=422 144 278 202 88 114 76 86
internal_count=422 144 278 202 88 114 76 86
is_linear=0
shrinkage=0.0167612


Tree=201
num_leaves=7
num_cat=1
split_feature=27 1 27 55 21 23
split_gain=0.100957 0.113197 0.105855 0.0659799 0.0254731 0.0462131
threshold=2.2050000000000005 0 2.7350000000000008 52.500000000000007 695121.37558041385 1.0000000180025095e-35
decision_type=8 1 10 8 8 8
left_child=3 2 -2 -1 -3 -6
right_child=1 4 -4 -5 5 -7
leaf_value=0.00021689501986617402 -0.00091026870384635283 -7.2653257789382015e-05 -0.00011683798857853298 0.00093017518450661798 2.6138984538945605e-05 0.00050900292287364528
leaf_weight=26 58 49 52 39 132 66
leaf_count=26 58 49 52 39 132 66
internal_value=2.4848e-05 -6.18437e-05 -0.000441899 0.000518613 9.81027e-05 0.000210743
internal_weight=422 357 110 65 247 198
internal_count=422 357 110 65 247 198
cat_boundaries=0 1
cat_threshold=50
is_linear=0
shrinkage=0.0167612


Tree=202
num_leaves=7
num_cat=0
split_feature=55 9 85 214 168 121
split_gain=0.111755 0.0914373 0.0781892 0.0437179 0.115023 0.00820271
threshold=36.500000000000007 1.0000000180025095e-35 276645.8819444445 415145.42380952387 116.03826205000001 26.000000000000004
decision_type=8 2 10 8 10 8
left_child=-1 3 -3 5 -5 -2
right_child=1 2 -4 4 -6 -7
leaf_value=-0.00056198404492700728 0.00013901877405550858 -0.00065853694256615364 5.2403754484679642e-06 6.3177785715769704e-05 0.00069842433065445803 -0.00010769163905790696
leaf_weight=39 26 49 24 98 126 60
leaf_count=39 26 49 24 98 126 60
internal_value=2.41915e-05 0.000130191 -0.000256938 0.00027086 0.000394437 4.83569e-05
internal_weight=422 383 73 310 224 86
internal_count=422 383 73 310 224 86
is_linear=0
shrinkage=0.0167612


Tree=203
num_leaves=6
num_cat=0
split_feature=77 163 118 30 10
split_gain=0.0351185 0.0646053 0.0425673 0.0228574 0.0514673
threshold=1.0000000180025095e-35 1.5000000000000002 77.500000000000014 25.500000000000004 0.68301270189221941
decision_type=10 8 8 8 2
left_child=1 -1 -2 -3 -5
right_child=2 3 -4 4 -6
leaf_value=-0.00048136912379773529 0.00062462225961247455 -0.000185919058964511 7.0461491954586919e-05 0.00026283104327425917 -0.00017512854958641415
leaf_weight=44 36 44 55 192 51
leaf_count=44 36 44 55 192 51
internal_value=2.27106e-05 -3.22681e-05 0.000277806 2.78347e-05 0.000116805
internal_weight=422 331 91 287 243
internal_count=422 331 91 287 243
is_linear=0
shrinkage=0.0167612


Tree=204
num_leaves=9
num_cat=0
split_feature=9 224 67 2 212 102 102 31
split_gain=0.0585462 0.0758358 0.0811454 0.179344 0.0501449 0.0445832 0.0111718 0.00646149
threshold=1.0000000180025095e-35 0.041241496598639411 1.0000000180025095e-35 2023.5000000000002 1143635.9119169868 157290.87486892813 77780.481876497579 1.0000000180025095e-35
decision_type=2 8 10 2 8 8 10 10
left_child=1 5 7 -4 -2 6 -1 -3
right_child=4 2 3 -5 -6 -7 -8 -9
leaf_value=-0.00070527554015616144 -0.00012152533629150583 -8.2295901370734112e-05 0.0012966980463452484 0.00017019261433178171 -0.00062503784070685575 1.8009336960996333e-05 -0.00014491249934043 0.00012054574912961322
leaf_weight=28 28 77 36 97 46 34 38 38
leaf_count=28 28 77 36 97 46 34 38 38
internal_value=2.11801e-05 0.00012716 0.00029412 0.000554653 -0.00030358 -0.000157512 -0.000432934 4.11193e-05
internal_weight=422 348 248 133 74 100 66 115
internal_count=422 348 248 133 74 100 66 115
is_linear=0
shrinkage=0.0167612


Tree=205
num_leaves=8
num_cat=1
split_feature=0 19 123 80 80 214 100
split_gain=0.123939 0.108755 0.0600741 0.0804451 0.0730945 0.0390261 0.00840651
threshold=0 1.5000000000000002 20.500000000000004 736136.36363636376 1341907.3371794873 229293.68269230772 1.0000000180025095e-35
decision_type=9 10 10 8 8 10 10
left_child=5 6 4 -4 -3 -1 -2
right_child=1 2 3 -5 -6 -7 -8
leaf_value=0.00073425509712327943 -0.00032853920728419613 0.00090061763502134891 -0.00052706302336473921 9.5158078599276582e-05 0.00010288989801911767 0.00012102249933214325 -0.00086532388838160361
leaf_weight=66 73 24 53 79 50 47 30
leaf_count=66 73 24 53 79 50 47 30
internal_value=2.09959e-05 -0.000125699 3.29121e-05 -0.000101659 0.000378136 0.00042535 -0.000524096
internal_weight=422 309 206 132 74 113 103
internal_count=422 309 206 132 74 113 103
cat_boundaries=0 1
cat_threshold=262980
is_linear=0
shrinkage=0.0167612


Tree=206
num_leaves=6
num_cat=0
split_feature=55 13 62 19 27
split_gain=0.0784278 0.224232 0.171646 0.0922176 0.0603113
threshold=28.500000000000004 217510.03409090909 422616.44461094408 1.5000000000000002 2.4400000000000004
decision_type=8 2 10 10 10
left_child=-1 -2 3 -3 -4
right_child=1 2 4 -5 -6
leaf_value=-0.00048744860372649769 0.001011101213002985 -0.00059103801818256537 0.0008862592356749453 -2.8865361412197196e-05 0.00013677770708186396
leaf_weight=34 33 103 44 142 66
leaf_count=34 33 103 44 142 66
internal_value=2.0577e-05 0.000107941 5.39878e-06 -0.000248168 0.000457671
internal_weight=422 388 355 245 110
internal_count=422 388 355 245 110
is_linear=0
shrinkage=0.0167612


Tree=207
num_leaves=6
num_cat=0
split_feature=131 64 219 32 32
split_gain=0.0345666 0.0477801 0.0307241 0.0275642 0.0276143
threshold=1.5000000000000002 5.5000000000000009 1.0000000180025095e-35 17.500000000000004 54.500000000000007
decision_type=8 10 8 10 10
left_child=1 -1 3 -2 -5
right_child=2 -3 -4 4 -6
leaf_value=-0.00057740924110357588 0.00046734084700439561 -9.9785067568659456e-05 -6.2192346988254336e-05 7.5356633493510228e-06 0.00034641993313842313
leaf_weight=38 66 26 98 154 40
leaf_count=38 66 26 98 154 40
internal_value=2.05833e-05 -0.000238594 0.00010073 0.000205747 6.96254e-05
internal_weight=422 64 358 260 194
internal_count=422 64 358 260 194
is_linear=0
shrinkage=0.0167612


Tree=208
num_leaves=7
num_cat=0
split_feature=88 27 31 3 18 109
split_gain=0.0935731 0.0831548 0.127786 0.0462219 0.037258 0.0281497
threshold=57.000000000000007 2.7950000000000004 1.0000000180025095e-35 4.5000000000000009 1.0000000180025095e-35 130680.50000000001
decision_type=8 10 10 2 10 10
left_child=1 2 -1 -3 -2 -4
right_child=4 3 5 -5 -6 -7
leaf_value=-0.0011550726582281318 9.7247536129256264e-05 -0.00024722498459520511 -0.00043610559700693244 0.0002199008453947725 0.00070252394341033557 -3.329088618590044e-05
leaf_weight=30 87 58 28 111 31 79
leaf_count=30 87 58 28 111 31 79
internal_value=-1.93287e-05 -0.000184041 -0.000467788 -1.17241e-05 0.000307846 -0.000174003
internal_weight=424 306 137 169 118 107
internal_count=424 306 137 169 118 107
is_linear=0
shrinkage=0.0167612


Tree=209
num_leaves=7
num_cat=1
split_feature=55 0 2 210 88 208
split_gain=0.121371 0.1416 0.218543 0.122714 0.0690519 0.0016496
threshold=32.500000000000007 0 2023.5000000000002 1.0000000180025095e-35 20.500000000000004 1.0000000180025095e-35
decision_type=8 9 2 10 10 8
left_child=-1 4 -3 -4 5 -2
right_child=1 2 3 -5 -6 -7
leaf_value=-0.00066774962635625693 -0.00042333697095087213 0.0010834303052688209 0.00026030272807807858 -0.00045810051027536327 -0.0001082174713212668 -0.001057991135824547
leaf_weight=38 38 42 184 55 42 25
leaf_count=38 38 42 184 55 42 25
internal_value=-1.89656e-05 5.0292e-05 0.000254782 5.08524e-05 -0.000351396 -0.000718506
internal_weight=424 386 281 239 105 63
internal_count=424 386 281 239 105 63
cat_boundaries=0 1
cat_threshold=33564304
is_linear=0
shrinkage=0.0167612


Tree=210
num_leaves=8
num_cat=1
split_feature=0 215 143 120 13 60 93
split_gain=0.242564 0.170285 0.0974706 0.0622489 0.107922 0.0215327 0.0154989
threshold=0 0.084034580009878942 1.0000000180025095e-35 6.5000000000000009 955858.98410087731 1.7500000000000002 1.0000000180025095e-35
decision_type=9 8 10 10 2 10 8
left_child=1 -1 -3 6 5 -5 -2
right_child=3 2 -4 4 -6 -7 -8
leaf_value=5.8539123542487062e-05 -0.00019846863258754139 0.0015142342896253193 0.00042552802707790946 0.00028546082215286924 -0.00064312275030091481 1.1432327461303451e-05 -0.0007655051572519636
leaf_weight=30 38 43 37 63 39 101 73
leaf_count=30 38 43 37 63 39 101 73
internal_value=-1.87975e-05 0.000517649 0.000996163 -0.000262604 -7.67453e-05 7.32103e-05 -0.000569266
internal_weight=424 110 80 314 203 164 111
internal_count=424 110 80 314 203 164 111
cat_boundaries=0 1
cat_threshold=2376
is_linear=0
shrinkage=0.0167612


Tree=211
num_leaves=7
num_cat=0
split_feature=55 38 13 77 170 180
split_gain=0.0953363 0.0795194 0.118131 0.0658817 0.0389552 0.0152341
threshold=55.500000000000007 4.5000000000000009 469266.59217108082 1.0000000180025095e-35 1.0000000180025095e-35 1.0000000180025095e-35
decision_type=8 8 2 10 8 10
left_child=5 -2 3 -3 -4 -1
right_child=1 2 4 -5 -6 -7
leaf_value=-0.00021518723180417951 -0.00036424041928815524 0.00027970753081651512 -0.00039586138388492635 0.0010664091608568109 2.3285986469289082e-05 -0.0009054754725981313
leaf_weight=28 55 95 36 32 153 25
leaf_count=28 55 95 36 32 153 25
internal_value=-1.93211e-05 5.35541e-05 0.000175785 0.000534799 -2.28988e-05 -0.000537556
internal_weight=424 371 316 127 189 53
internal_count=424 371 316 127 189 53
is_linear=0
shrinkage=0.0167612


Tree=212
num_leaves=8
num_cat=1
split_feature=2 0 96 62 212 45 120
split_gain=0.171996 0.0905442 0.153223 0.108781 0.0421721 0.0350843 0.0183318
threshold=2023.5000000000002 0 61.500000000000007 347091.92234319972 803084.16786918067 1.0000000180025095e-35 7.5000000000000009
decision_type=2 9 8 10 10 10 10
left_child=6 4 3 -3 -2 -4 -1
right_child=1 2 5 -5 -6 -7 -8
leaf_value=0.0002648795691199991 -0.00080508144033003288 -0.00057670852173148223 0.00076910515750046131 5.782185230072672e-05 -0.0001941587567798327 0.00021766630439839385 0.00099136713123921128
leaf_weight=25 70 109 57 75 31 24 33
leaf_count=25 70 109 57 75 31 24 33
internal_value=-1.93731e-05 -0.000169448 -1.11639e-05 -0.000248572 -0.000516189 0.000497165 0.000619176
internal_weight=424 366 265 184 101 81 58
internal_count=424 366 265 184 101 81 58
cat_boundaries=0 1
cat_threshold=9362
is_linear=0
shrinkage=0.0167612


Tree=213
num_leaves=10
num_cat=1
split_feature=0 46 118 107 131 18 160 51 117
split_gain=0.304152 0.139504 0.117822 0.113787 0.0632798 0.0584751 0.0184149 0.0139096 0.00145768
threshold=0 0.71109551778221902 13.500000000000002 1.0000000180025095e-35 5.5000000000000009 1.0000000180025095e-35 1.0449552853543549 1.0000000180025095e-35 1.0000000180025095e-35
decision_type=9 10 10 8 10 8 10 10 10
left_child=1 4 3 8 5 -1 -3 -4 -2
right_child=2 6 7 -5 -6 -7 -8 -9 -10
leaf_value=0.00041805441571980039 -0.00013573842739870447 -0.00028924754158616081 0.00018759135292788107 -0.0012295186029433426 0.00023897189047942263 0.0012744306047055686 2.9843155661309529e-06 -0.00012876739430023321 -0.00029889710165289526
leaf_weight=44 25 29 32 61 36 60 42 37 58
leaf_count=44 25 29 32 61 36 60 42 37 58
internal_value=-1.80884e-05 0.000369569 -0.000437174 -0.000735642 0.000699257 0.000926615 9.69044e-06 -9.31802e-05 -0.000317299
internal_weight=424 211 213 144 140 104 71 69 83
internal_count=424 211 213 144 140 104 71 69 83
cat_boundaries=0 1
cat_threshold=280911
is_linear=0
shrinkage=0.0167612


Tree=214
num_leaves=11
num_cat=1
split_feature=0 69 158 67 110 148 31 109 6 131
split_gain=0.294364 0.152754 0.0966452 0.0981209 0.0784553 0.0360098 0.0346128 0.0288114 0.0203069 0.0185622
threshold=0 683200.60470085486 24.500000000000004 1.0000000180025095e-35 1.0000000180025095e-35 32.298245614035096 1.0000000180025095e-35 619593.13553113572 1.5000000000000002 5.5000000000000009
decision_type=9 8 10 10 8 8 10 8 2 10
left_child=1 9 3 -2 8 -5 -6 -4 -3 -1
right_child=2 4 7 5 6 -7 -8 -9 -10 -11
leaf_value=-0.00028889236582733106 -0.0012014248299886433 1.8938814446300336e-05 -0.00024992338274818713 -0.0001228935020336554 0.0013290960211346293 -0.00046960151325172155 0.00048942298154277934 0.00022923603205712853 0.00036348597225108957 -5.5647770943618887e-06
leaf_weight=38 54 24 32 25 57 67 30 35 27 35
leaf_count=38 54 24 32 25 57 67 30 35 27 35
internal_value=-1.81164e-05 0.000362934 -0.000430647 -0.00070013 0.000711318 -0.000337263 0.00102386 -9.39314e-05 0.000205055 -1.59854e-05
internal_weight=424 211 213 146 138 92 87 67 51 73
internal_count=424 211 213 146 138 92 87 67 51 73
cat_boundaries=0 1
cat_threshold=280911
is_linear=0
shrinkage=0.0167612


Tree=215
num_leaves=6
num_cat=0
split_feature=4 196 55 174 152
split_gain=0.133526 0.0560762 0.11136 0.0430113 0.0135525
threshold=244.00000000000003 1.0000000180025095e-35 32.500000000000007 1.5785714285714285 35.500000000000007
decision_type=2 10 8 10 10
left_child=1 2 -1 -2 -4
right_child=3 -3 4 -5 -6
leaf_value=-0.00070582457741096016 0.00091762234300847665 -0.00060774544586813346 1.0854347574604075e-06 0.00017633517795307311 0.00023546143955378843
leaf_weight=31 33 40 249 35 36
leaf_count=31 33 40 249 35 36
internal_value=-1.7727e-05 -0.000162406 -6.62122e-05 0.000506541 1.55459e-05
internal_weight=424 356 316 68 285
internal_count=424 356 316 68 285
is_linear=0
shrinkage=0.0167612


Tree=216
num_leaves=9
num_cat=0
split_feature=13 10 209 93 23 158 123 31
split_gain=0.0327892 0.0949884 0.151168 0.0822488 0.0527043 0.0410412 0.0410423 0.00580911
threshold=414466.66666666669 0.25000000000000011 0.030615432677288303 1.0000000180025095e-35 1.0000000180025095e-35 20.500000000000004 36.500000000000007 1.0000000180025095e-35
decision_type=2 2 10 8 10 10 10 8
left_child=3 5 -3 4 -1 -2 -7 -5
right_child=1 2 -4 7 -6 6 -8 -9
leaf_value=0.0008793243445811683 0.00030348369434745915 -0.0008649002592950681 4.570279963279765e-05 -0.00026771746486849998 0.00020502737357301675 -0.00042354526423344068 3.4176508985680432e-05 -3.6202662813192362e-05
leaf_weight=40 87 81 24 26 29 42 46 32
leaf_count=40 87 81 24 26 29 42 46 32
internal_value=-1.23329e-05 -0.000125891 -0.000483426 0.000160365 0.000523145 4.62692e-05 -9.62992e-05 -9.8185e-05
internal_weight=407 280 105 127 69 175 88 58
internal_count=407 280 105 127 69 175 88 58
is_linear=0
shrinkage=0.0167612


Tree=217
num_leaves=9
num_cat=1
split_feature=1 6 166 4 35 4 11 60
split_gain=0.069491 0.110367 0.0545281 0.0470197 0.0581785 0.0176935 0.0457827 0.00904517
threshold=0 1.5000000000000002 5.1323809523809532 244.00000000000003 848246.03668546386 118.00000000000001 0.25000000000000017 1.2500000000000002
decision_type=1 2 10 2 8 2 2 8
left_child=5 3 7 4 -2 6 -1 -3
right_child=1 2 -4 -5 -6 -7 -8 -9
leaf_value=-0.00042275894680095005 -1.1035191490315585e-06 0.00030324854617130642 0.00020890830945229956 0.00022953069265654725 -0.00046665209842070585 -0.00061477322689886676 0.00011620237637900429 0.0009240563931504739
leaf_weight=39 47 26 25 32 107 42 33 56
leaf_count=39 47 26 25 32 107 42 33 56
internal_value=-1.12715e-05 9.839e-05 0.000488339 -8.31221e-05 -0.000245264 -0.000315281 -0.000121176 0.000725091
internal_weight=407 293 107 186 154 114 72 82
internal_count=407 293 107 186 154 114 72 82
cat_boundaries=0 1
cat_threshold=50
is_linear=0
shrinkage=0.0167612


Tree=218
num_leaves=8
num_cat=0
split_feature=7 13 31 224 132 30 143
split_gain=0.0974923 0.160671 0.152614 0.104604 0.057495 0.0292554 0.0199579
threshold=1.0000000180025095e-35 384964.58110516943 1.0000000180025095e-35 0.090097402597402565 1.0000000180025095e-35 17.500000000000004 1.0000000180025095e-35
decision_type=2 2 8 10 8 8 10
left_child=1 2 -1 5 -2 -3 -4
right_child=4 3 6 -5 -6 -7 -8
leaf_value=-0.00010552254833744776 0.00010628863623639114 -0.00026811916681797104 0.0013093715633470094 3.533017843175213e-05 0.00061755595589857025 -0.00070947610025695574 0.00044867522144205235
leaf_weight=34 40 24 24 30 71 160 24
leaf_count=34 40 24 24 30 71 160 24
internal_value=-1.06019e-05 -0.000180354 0.000285681 -0.000433294 0.000333759 -0.000612403 0.000856657
internal_weight=407 296 82 214 111 184 48
internal_count=407 296 82 214 111 184 48
is_linear=0
shrinkage=0.0167612


Tree=219
num_leaves=7
num_cat=0
split_feature=163 7 35 127 174 65
split_gain=0.0324952 0.0943435 0.0430914 0.0400685 0.0142154 0.00253529
threshold=9.0000000000000018 1.0000000180025095e-35 866290.27908113401 1.5000000000000002 15.309523809523812 69.000000000000014
decision_type=8 2 8 10 10 8
left_child=1 2 -1 -3 -4 -2
right_child=5 3 4 -5 -6 -7
leaf_value=-7.4781800574959408e-05 0.00033905081107198423 7.1425685242466856e-05 -0.00053420934503376643 0.0006535458941324552 -0.00019348123077732245 4.5996309619961117e-05
leaf_weight=58 30 48 135 25 25 86
leaf_count=58 30 48 135 25 25 86
internal_value=-9.27639e-06 -0.00011719 -0.000306843 0.000254857 -0.000452277 0.000173822
internal_weight=407 291 218 73 160 116
internal_count=407 291 218 73 160 116
is_linear=0
shrinkage=0.0167612


Tree=220
num_leaves=8
num_cat=0
split_feature=7 13 144 132 132 210 30
split_gain=0.0909817 0.130097 0.0805407 0.0763455 0.0562705 0.0537772 0.0386931
threshold=1.0000000180025095e-35 363197.91666666674 2.1970149253731353 1.0000000180025095e-35 1.0000000180025095e-35 1.0000000180025095e-35 54.500000000000007
decision_type=2 2 10 10 8 10 10
left_child=1 5 3 -3 -2 -1 -4
right_child=4 2 6 -5 -6 -7 -8
leaf_value=0.00065250650539587149 0.0001034776308639294 -0.0002834831616219978 0.00012029365425241465 -0.001115454633268744 0.00060507236646301381 9.5180040455143948e-05 -0.00037962687581626498
leaf_weight=39 40 71 72 49 71 34 31
leaf_count=39 40 71 72 49 71 34 31
internal_value=-7.32446e-06 -0.000172088 -0.000388148 -0.000664211 0.000324932 0.000268322 -5.9616e-05
internal_weight=407 296 223 120 111 73 103
internal_count=407 296 223 120 111 73 103
is_linear=0
shrinkage=0.0167612


Tree=221
num_leaves=9
num_cat=0
split_feature=7 132 103 43 198 153 46 43
split_gain=0.0878485 0.0556296 0.0399346 0.0373872 0.0330908 0.0315678 0.021826 0.00479299
threshold=1.0000000180025095e-35 1.0000000180025095e-35 161607.43139555803 1.0000000180025095e-35 37.500000000000007 1.0000000180025095e-35 1.0332429521245625 1.0000000180025095e-35
decision_type=2 10 8 10 8 10 8 8
left_child=2 7 3 6 5 -4 -1 -2
right_child=1 -3 4 -5 -6 -7 -8 -9
leaf_value=6.0365317246309283e-05 -3.6006977044797831e-05 0.00069917237005809557 -0.00018886606633304574 -0.0002506648154598586 -7.1796729792168905e-05 -0.0007894523838247869 0.00052990811967239195 0.00014303524709353109
leaf_weight=52 30 44 71 36 65 48 24 37
leaf_count=52 30 44 71 36 65 48 24 37
internal_value=-7.23762e-06 0.000318858 -0.000169462 -2.38926e-05 -0.000321484 -0.000481849 0.000228311 6.95483e-05
internal_weight=407 111 296 112 184 119 76 67
internal_count=407 111 296 112 184 119 76 67
is_linear=0
shrinkage=0.0167612


Tree=222
num_leaves=7
num_cat=0
split_feature=4 199 214 80 12 11
split_gain=0.151735 0.0408621 0.0737538 0.0165272 0.00333387 0.00534836
threshold=264.00000000000006 1.0000000180025095e-35 338442.70000000007 1079100.7241568628 1.0000000180025095e-35 -1.0000000180025095e-35
decision_type=2 8 10 10 2 2
left_child=1 2 -1 -4 -3 -6
right_child=-2 4 3 -5 5 -7
leaf_value=-0.00046160164227620679 0.00063957547203975383 0.00011893796481317287 0.00026444355560928899 5.7336045608090758e-06 -0.00011273366051306028 8.5697577858700888e-05
leaf_weight=172 47 51 40 25 41 31
leaf_count=172 47 51 40 25 41 31
internal_value=-6.65442e-06 -0.000141893 -0.000275097 1.54713e-05 1.88388e-05 3.88252e-06
internal_weight=407 360 237 65 123 72
internal_count=407 360 237 65 123 72
is_linear=0
shrinkage=0.0167612


Tree=223
num_leaves=8
num_cat=1
split_feature=1 55 6 27 39 4 6
split_gain=0.0671484 0.0699214 0.11775 0.0471345 0.00679775 0.00536218 0.0887683
threshold=0 39.500000000000007 1.5000000000000002 3.7750000000000004 4.5000000000000009 102.50000000000001 1.5000000000000002
decision_type=1 8 2 10 10 2 2
left_child=5 -2 3 -3 -4 6 -1
right_child=1 2 4 -5 -6 -7 -8
leaf_value=0.00014683127919424307 -0.00030145325021850165 0.00011528879398827817 0.00095825898282021814 -0.0003929614824639658 0.00036331481319819628 -0.00054159361916887572 -0.00063980651731482523
leaf_weight=42 41 134 42 32 44 45 27
leaf_count=42 41 134 42 32 44 45 27
internal_value=-5.23308e-06 0.000102277 0.000235121 2.3794e-05 0.000662268 -0.000305275 -0.000138111
internal_weight=407 293 252 166 86 114 69
internal_count=407 293 252 166 86 114 69
cat_boundaries=0 1
cat_threshold=50
is_linear=0
shrinkage=0.0167612


Tree=224
num_leaves=9
num_cat=1
split_feature=0 215 67 103 160 43 52 161
split_gain=0.165822 0.175096 0.140019 0.168398 0.0328676 0.067156 0.0473791 0.0217638
threshold=0 0.45861494764568606 1.0000000180025095e-35 20913.166008992132 1.1362289756698924 1.0000000180025095e-35 1.0000000180025095e-35 54637548.371452846
decision_type=9 8 10 10 8 8 10 10
left_child=1 -1 3 -2 6 -6 -4 -3
right_child=2 7 4 -5 5 -7 -8 -9
leaf_value=2.349363175155684e-05 -0.0010695476604760813 0.0013774001549560128 0.00056134692940410663 -0.00014546889941941641 -0.00048693167101731871 4.6932289200610505e-05 7.8488795953975498e-05 0.00055574283008767722
leaf_weight=49 82 33 40 25 65 80 35 35
leaf_count=49 82 33 40 25 65 80 35 35
internal_value=-2.79238e-05 0.000402004 -0.000228686 -0.000671892 -1.79072e-05 -0.000137756 0.000225467 0.000945531
internal_weight=444 117 327 107 220 145 75 68
internal_count=444 117 327 107 220 145 75 68
cat_boundaries=0 1
cat_threshold=133448
is_linear=0
shrinkage=0.0167612


Tree=225
num_leaves=9
num_cat=0
split_feature=9 29 11 27 144 171 17 102
split_gain=0.0640089 0.0846833 0.0582988 0.0619433 0.0593814 0.0408045 0.00247474 0.000977138
threshold=1.0000000180025095e-35 17.500000000000004 -0.5 2.0350000000000006 2.0919117647058827 1.0000000180025095e-35 1.0000000180025095e-35 127587.03592002821
decision_type=2 10 2 8 10 10 8 10
left_child=2 6 4 -4 -1 -5 -2 -6
right_child=1 -3 3 5 7 -7 -8 -9
leaf_value=0.00057188508071929611 -0.00040757046993722775 -0.00013372227068641709 0.00028004515418087063 -9.354158904886965e-05 -4.7602383005217659e-05 -0.00065508502746460147 -0.001100677416058212 3.0984424485498496e-05
leaf_weight=82 25 25 43 160 24 29 27 29
leaf_count=82 25 25 43 160 24 29 27 29
internal_value=-2.68676e-05 -0.000396066 4.20312e-05 -7.80445e-05 0.000303245 -0.00023739 -0.00077968 7.90594e-05
internal_weight=444 77 367 232 135 189 52 53
internal_count=444 77 367 232 135 189 52 53
is_linear=0
shrinkage=0.0167612


Tree=226
num_leaves=9
num_cat=0
split_feature=11 150 103 4 165 27 148 7
split_gain=0.0813848 0.0751131 0.0562453 0.115562 0.0555763 0.0266654 0.0116575 0.0740719
threshold=-0.24999999999999994 1.0000000180025095e-35 24400.648169407974 205.00000000000003 1.0000000180025095e-35 1.6550000000000002 13.205128205128206 1.0000000180025095e-35
decision_type=2 8 10 2 10 10 10 2
left_child=4 -2 3 -3 -1 -4 7 -6
right_child=1 2 5 -5 6 -7 -8 -9
leaf_value=0.00049998678300537279 0.00011242732976605337 -0.00083531140165020597 0.0002381436046593207 -0.00014079831929508021 -0.00061288684256182845 -0.00021007865191939365 0.00014016643267416451 9.611389185299981e-05
leaf_weight=81 64 107 25 30 30 50 31 26
leaf_count=81 64 107 25 30 30 50 31 26
internal_value=-2.61684e-05 -0.000208751 -0.000376634 -0.000570405 0.000215126 -7.51357e-05 3.80434e-05 -0.000143483
internal_weight=444 276 212 137 168 75 87 56
internal_count=444 276 212 137 168 75 87 56
is_linear=0
shrinkage=0.0167612


Tree=227
num_leaves=7
num_cat=0
split_feature=13 35 193 9 43 74
split_gain=0.279149 0.124024 0.0777964 0.0666409 0.0700742 0.0612478
threshold=314876.21041092119 450576.62037037039 1.0000000180025095e-35 1.0000000180025095e-35 1.0000000180025095e-35 8.5000000000000018
decision_type=2 10 10 2 10 8
left_child=5 3 -3 4 -2 -1
right_child=1 2 -4 -5 -6 -7
leaf_value=0.0002689433783752175 -0.00047244446908887807 -0.0001647526397732529 0.000494599819352289 -0.00092890776691659737 -1.1233481556906671e-05 0.0011693325567268807
leaf_weight=38 142 33 68 45 76 42
leaf_count=38 142 33 68 45 76 42
internal_value=-2.38279e-05 -0.000232023 0.000135396 -0.000433044 -0.000278461 0.000694707
internal_weight=444 364 101 263 218 80
internal_count=444 364 101 263 218 80
is_linear=0
shrinkage=0.0167612


Tree=228
num_leaves=8
num_cat=0
split_feature=13 11 35 55 193 54 67
split_gain=0.113331 0.102078 0.0842897 0.133552 0.119939 0.0347833 0.028594
threshold=490249.18397435907 -0.5 662660.83353494632 39.500000000000007 1.5000000000000002 1.0000000180025095e-35 1.0000000180025095e-35
decision_type=2 2 10 8 10 8 10
left_child=1 -1 4 -4 5 -2 -3
right_child=2 6 3 -5 -6 -7 -8
leaf_value=0.00079018618289076895 7.5844147544761552e-05 -0.00019419553447987256 -0.00033975864995267676 0.00062981665805511588 -0.00089481665314504499 -0.00035036803366458397 0.0001943417553679945
leaf_weight=43 68 50 32 42 75 46 88
leaf_count=43 68 50 32 42 75 46 88
internal_value=-2.29893e-05 0.00025003 -0.000247624 5.85563e-05 -0.00044665 -9.22128e-05 2.98244e-05
internal_weight=444 181 263 74 189 114 138
internal_count=444 181 263 74 189 114 138
is_linear=0
shrinkage=0.0167612


Tree=229
num_leaves=9
num_cat=0
split_feature=27 3 4 9 74 171 142 100
split_gain=0.0652438 0.0626348 0.0680832 0.0762223 0.0742563 0.0467405 0.0171194 0.00667913
threshold=1.8550000000000002 4.5000000000000009 161.50000000000003 1.0000000180025095e-35 42.500000000000007 1.0000000180025095e-35 -8.3530716999999992 1.0000000180025095e-35
decision_type=8 2 2 2 8 8 10 10
left_child=7 5 3 -3 -4 6 -2 -1
right_child=1 2 4 -5 -6 -7 -8 -9
leaf_value=0.00063172959914013869 -3.5369300388912183e-05 -1.0610412997470736e-05 0.00012902127192989264 -0.00062028805579238393 0.00090438758253685208 -0.00083320051413703447 -0.00030468126816756986 0.0001623583821671583
leaf_weight=27 35 190 38 35 25 34 35 25
leaf_count=27 35 190 38 35 25 34 35 25
internal_value=-2.2192e-05 -0.000112669 -6.86634e-06 -0.000118471 0.000391336 -0.000418272 -0.000137378 0.000379525
internal_weight=444 392 288 225 63 104 70 52
internal_count=444 392 288 225 63 104 70 52
is_linear=0
shrinkage=0.0167612


Tree=230
num_leaves=8
num_cat=0
split_feature=9 13 144 171 25 137 218
split_gain=0.0574457 0.306224 0.0784333 0.0433521 0.0257482 0.00172514 0.0192245
threshold=1.0000000180025095e-35 363197.91666666674 2.4838035527690705 1.0000000180025095e-35 3.077380952380953 1.0000000180025095e-35 1.0000000180025095e-35
decision_type=2 2 10 8 8 10 8
left_child=1 5 -2 4 -3 6 -1
right_child=2 3 -4 -5 -6 -7 -8
leaf_value=0.00059969970896718333 -0.00074224368685057562 -0.00024826275065686801 -0.00012481085278493291 -0.00046474341652278023 7.1291371623691203e-05 0.00045276489357595577 0.0014797491572379189
leaf_weight=25 52 70 25 87 123 33 29
leaf_count=25 52 70 25 87 123 33 29
internal_value=-2.16133e-05 4.27456e-05 -0.000372515 -0.000186661 -2.66976e-05 0.000785271 0.00109211
internal_weight=444 367 77 280 193 87 54
internal_count=444 367 77 280 193 87 54
is_linear=0
shrinkage=0.0167612


Tree=231
num_leaves=10
num_cat=0
split_feature=13 161 175 11 55 170 23 88 174
split_gain=0.10712 0.0769343 0.149398 0.0419209 0.0359294 0.1061 0.00929708 0.00416586 0.00278566
threshold=490249.18397435907 56231271.688924722 1.0000000180025095e-35 1.0000000180025095e-35 19.500000000000004 1.0000000180025095e-35 1.0000000180025095e-35 8.5000000000000018 62.484113712374587
decision_type=2 10 10 2 10 10 8 10 8
left_child=3 2 7 6 5 -3 -1 -2 -5
right_child=1 4 -4 8 -6 -7 -8 -9 -10
leaf_value=0.00076368085265048633 -0.00015363137920729222 -0.00074769427724052148 -0.0012306614302170797 0.00011382381300457596 0.00027006110087237956 7.0158683798311407e-06 0.00019867556575375717 -5.3798323324107358e-05 7.4782808576494663e-06
leaf_weight=38 43 31 34 35 44 87 36 24 72
leaf_count=38 43 31 34 35 44 87 36 24 72
internal_value=-2.09372e-05 -0.000239855 -0.000563364 0.000244018 -2.48105e-05 -0.000161561 0.000518789 -0.000122879 3.62862e-05
internal_weight=444 263 101 181 162 118 74 67 107
internal_count=444 263 101 181 162 118 74 67 107
is_linear=0
shrinkage=0.0167612


Tree=232
num_leaves=5
num_cat=0
split_feature=161 160 168 13
split_gain=0.0674001 0.0832059 0.071695 0.0685023
threshold=59416253.334090598 0.89939141500078568 116.04047185 354326.28438375361
decision_type=10 8 8 2
left_child=1 -1 -3 -4
right_child=-2 2 3 -5
leaf_value=0.00067025041917093727 -0.00044905001713190044 -0.00033180027035216523 0.00048563495733005283 1.0897691181332811e-05
leaf_weight=33 29 77 87 231
leaf_count=33 29 77 87 231
internal_value=3.94833e-05 0.000111257 2.347e-05 0.000145584
internal_weight=457 428 395 318
internal_count=457 428 395 318
is_linear=0
shrinkage=0.0167612


Tree=233
num_leaves=8
num_cat=1
split_feature=2 1 208 122 198 190 13
split_gain=0.237675 0.119869 0.108787 0.0989755 0.0422002 0.0155423 0.00935932
threshold=2023.5000000000002 0 1.0000000180025095e-35 -0.35992137909657834 7.5000000000000009 588064.93750000012 978221.85528926493
decision_type=2 1 8 10 8 10 2
left_child=-1 2 6 4 -3 -5 -2
right_child=1 3 -4 5 -6 -7 -8
leaf_value=0.00088672539265486196 0.00011540957543519215 -0.0009981713033517677 0.00081061097541517638 0.00035074248969798656 -0.00034963293375795513 2.8299973249549452e-05 -0.00012202852022172256
leaf_weight=47 66 26 38 25 175 34 46
leaf_count=47 66 26 38 25 175 34 46
internal_value=3.84448e-05 -7.11288e-05 0.000227583 -0.000289271 -0.000492085 7.97805e-05 3.25475e-05
internal_weight=457 410 150 260 201 59 112
internal_count=457 410 150 260 201 59 112
cat_boundaries=0 1
cat_threshold=24
is_linear=0
shrinkage=0.0167612


Tree=234
num_leaves=6
num_cat=0
split_feature=13 2 180 103 190
split_gain=0.130628 0.182438 0.0790412 0.0672362 0.0588386
threshold=906805.9900284902 2023.5000000000002 1.0000000180025095e-35 113156.10307980062 235211.23407386043
decision_type=2 2 10 8 10
left_child=1 -1 -3 -2 -4
right_child=3 2 4 -5 -6
leaf_value=0.00094062958990381103 -0.00013830808264317853 0.00034931255330825962 -0.00038320300991676428 -0.00074439731780834599 6.4633615026171677e-05
leaf_weight=45 36 116 111 60 89
leaf_count=45 36 116 111 60 89
internal_value=3.85521e-05 0.000195514 3.63001e-05 -0.000404704 -0.000130051
internal_weight=457 361 316 96 200
internal_count=457 361 316 96 200
is_linear=0
shrinkage=0.0167612


Tree=235
num_leaves=8
num_cat=1
split_feature=0 29 35 212 13 192 193
split_gain=0.129829 0.0745046 0.0543674 0.028331 0.0585013 0.0250869 0.0125673
threshold=0 23.500000000000004 696152.24514563114 696466.98232323246 307979.10695084493 2.5000000000000004 1.0000000180025095e-35
decision_type=9 10 10 8 2 8 10
left_child=1 5 3 6 -5 -1 -2
right_child=2 -3 -4 4 -6 -7 -8
leaf_value=0.00037117601800140925 -0.00011241483942226642 0.00011093399297296441 0.00022509894927163078 -3.7965166295254321e-05 -0.00047245478316919348 0.0011348461588125149 0.00018423358244775339
leaf_weight=33 46 54 45 39 168 40 32
leaf_count=33 46 54 45 39 168 40 32
internal_value=3.86833e-05 0.00043144 -0.000110916 -0.000223367 -0.000326187 0.000795031 -4.31774e-05
internal_weight=457 127 330 285 207 73 78
internal_count=457 127 330 285 207 73 78
cat_boundaries=0 1
cat_threshold=3396
is_linear=0
shrinkage=0.0167612


Tree=236
num_leaves=6
num_cat=0
split_feature=21 190 55 194 168
split_gain=0.0712256 0.0366141 0.0581 0.0721809 0.0170441
threshold=387285.13866342005 644958.33333333337 36.500000000000007 24.000000000000004 116.05845900000001
decision_type=8 8 8 10 10
left_child=-1 4 -3 -4 -2
right_child=1 2 3 -5 -6
leaf_value=-0.0004090709242240374 0.00065684988224049608 -0.00038309633767631614 8.9559161006078347e-06 0.00051708490498927114 0.00016061193034950293
leaf_weight=43 39 37 241 67 30
leaf_count=43 39 37 241 67 30
internal_value=3.89168e-05 0.000123036 3.20538e-05 0.000124435 0.000418408
internal_weight=457 414 345 308 69
internal_count=457 414 345 308 69
is_linear=0
shrinkage=0.0167612


Tree=237
num_leaves=7
num_cat=1
split_feature=0 2 16 35 27 18
split_gain=0.17762 0.108785 0.0835088 0.0294656 0.0250069 0.00104819
threshold=0 2023.5000000000002 1.0000000180025095e-35 633232.58219954662 3.1750000000000003 1.0000000180025095e-35
decision_type=9 2 10 10 10 10
left_child=1 -1 -3 4 -2 -4
right_child=3 2 5 -5 -6 -7
leaf_value=0.0010574444377418558 -0.00047025429181951449 0.00071708828913672612 4.6790577061971352e-05 -9.0239744387777927e-05 -8.5807245979775218e-05 -9.4397383135100889e-07
leaf_weight=27 144 34 113 26 58 55
leaf_count=27 144 34 113 26 58 55
internal_value=3.76157e-05 0.00035009 0.000207404 -0.000244981 -0.000352082 2.07643e-05
internal_weight=457 229 202 228 202 168
internal_count=457 229 202 228 202 168
cat_boundaries=0 1
cat_threshold=266212
is_linear=0
shrinkage=0.0167612


Tree=238
num_leaves=7
num_cat=0
split_feature=2 64 110 30 69 45
split_gain=0.220954 0.0588863 0.0435796 0.0552166 0.0321011 0.012362
threshold=2023.5000000000002 6.5000000000000009 1.0000000180025095e-35 17.500000000000004 851813.55411255418 1.0000000180025095e-35
decision_type=2 8 8 10 8 10
left_child=-1 5 3 -3 -4 -2
right_child=1 2 4 -5 -6 -7
leaf_value=0.0008562970560374594 -0.00069634054395084014 -0.00037129313899008379 0.00059381771269091145 5.0331280969569764e-05 5.2813761510522328e-05 -0.00019723988379875202
leaf_weight=47 36 112 26 102 110 24
leaf_count=47 36 112 26 102 110 24
internal_value=3.82345e-05 -6.67081e-05 -3.38173e-06 -0.000124992 0.000218841 -0.00045051
internal_weight=457 410 350 214 136 60
internal_count=457 410 350 214 136 60
is_linear=0
shrinkage=0.0167612


Tree=239
num_leaves=9
num_cat=1
split_feature=0 224 13 27 62 27 213 127
split_gain=0.12182 0.110616 0.0730562 0.114294 0.0886557 0.0831749 0.0225792 0.00581953
threshold=0 0.5277777777777779 292907.42592592601 2.7350000000000008 449946.55172413803 3.0250000000000004 1.0000000180025095e-35 1.0000000180025095e-35
decision_type=9 8 2 10 10 10 10 8
left_child=1 7 3 -2 5 -4 -6 -1
right_child=2 -3 4 -5 6 -7 -8 -9
leaf_value=-7.5320319114637496e-05 0.00089977940103481003 0.0008864270813623271 -0.00069397669852368997 2.8922991725233709e-05 0.00035298103955351084 -9.6042394821628624e-05 1.4104570161229396e-05 0.00014231106385532595
leaf_weight=29 25 63 122 27 30 68 58 35
leaf_count=29 25 63 122 27 30 68 58 35
internal_value=3.84091e-05 0.00041909 -0.000105892 0.000276682 -0.000239504 -0.000445464 5.78735e-05 9.47269e-05
internal_weight=457 127 330 52 278 190 88 64
internal_count=457 127 330 52 278 190 88 64
cat_boundaries=0 1
cat_threshold=3396
is_linear=0
shrinkage=0.0167612


Tree=240
num_leaves=9
num_cat=0
split_feature=2 143 190 27 131 132 93 64
split_gain=0.132661 0.107527 0.113784 0.0519641 0.0583586 0.0320975 0.0300783 0.000852045
threshold=2023.5000000000002 1.0000000180025095e-35 711065.47937465552 2.9600000000000004 4.5000000000000009 1.0000000180025095e-35 1.0000000180025095e-35 36.500000000000007
decision_type=2 10 8 8 10 10 8 10
left_child=-1 3 7 4 -2 -4 -5 -3
right_child=1 2 5 6 -6 -7 -8 -9
leaf_value=0.00064171297267937369 0.00067044985873866399 -1.3186956510313014e-05 -0.00042731422346280239 -0.00036450071372204075 0.0001241829777913085 -0.0012647833221965227 -5.3745627113398992e-06 -8.1683942110455252e-05
leaf_weight=41 55 38 32 38 35 37 102 39
leaf_count=41 55 38 32 38 35 37 102 39
internal_value=0 -0.00010984 -0.000440544 6.56984e-05 0.000356728 -0.000872244 -5.77822e-05 -8.60483e-05
internal_weight=417 376 146 230 90 69 140 77
internal_count=417 376 146 230 90 69 140 77
is_linear=0
shrinkage=0.0167612


Tree=241
num_leaves=9
num_cat=0
split_feature=143 189 25 46 13 31 60 131
split_gain=0.106348 0.0375315 0.0371926 0.0194545 0.0162233 0.0046289 0.00120926 0.00046451
threshold=1.0000000180025095e-35 1.0000000180025095e-35 2.7550000000000003 1.5685584856462207 414466.66666666669 1.0000000180025095e-35 3.7500000000000004 7.0000000000000009
decision_type=10 10 8 8 2 10 10 10
left_child=1 4 -2 6 -1 -6 -4 -5
right_child=2 -3 3 7 5 -7 -8 -9
leaf_value=0.00020636214913091283 -0.00065249669997963092 0.00042604370835542632 8.2558047250776837e-05 -0.00036057487721594063 -0.00016794712308224505 -2.3138253701347796e-05 3.1232974299679712e-07 -0.00010796687902222831
leaf_weight=55 48 98 26 43 55 41 24 27
leaf_count=55 48 98 26 43 55 41 24 27
internal_value=0 0.000194321 -0.000304653 -0.000115276 2.14035e-05 -7.38948e-05 7.13383e-07 -0.000263934
internal_weight=417 249 168 120 151 96 50 70
internal_count=417 249 168 120 151 96 50 70
is_linear=0
shrinkage=0.0167612


Tree=242
num_leaves=7
num_cat=0
split_feature=13 143 134 165 94 27
split_gain=0.0438737 0.151726 0.0823262 0.06109 0.0522297 0.0675682
threshold=1134512.5269868083 1.0000000180025095e-35 681729.27970085479 1.0000000180025095e-35 1.0000000180025095e-35 2.9600000000000004
decision_type=2 8 10 10 8 10
left_child=1 3 -2 -1 5 -3
right_child=2 4 -4 -5 -6 -7
leaf_value=0.00012502266907618852 -0.00085915045787754397 -0.0006888394135137828 -0.00013986780146647983 0.00085153067263642169 4.202279748638209e-06 -9.6133292409344862e-05
leaf_weight=63 26 69 28 61 115 55
leaf_count=63 26 69 28 61 115 55
internal_value=0 5.40232e-05 -0.000349401 0.000487818 -0.000148285 -0.000379021
internal_weight=417 363 54 124 239 124
internal_count=417 363 54 124 239 124
is_linear=0
shrinkage=0.0167612


Tree=243
num_leaves=7
num_cat=1
split_feature=1 31 203 143 213 122
split_gain=0.129928 0.050462 0.0372467 0.0293409 0.00613647 0.00103032
threshold=0 1.0000000180025095e-35 702581.16883116891 1.0000000180025095e-35 1.5000000000000002 -0.20907841443811059
decision_type=1 8 10 10 8 8
left_child=3 -2 4 5 -3 -1
right_child=1 2 -4 -5 -6 -7
leaf_value=0.00020576158171044638 -0.00067849939107328232 7.3877023698959337e-05 -0.00048556384344554393 0.0001038424572199938 -8.2030908990045437e-05 0.00060237869276390276
leaf_weight=27 34 80 26 40 124 86
leaf_count=27 34 80 26 40 124 86
internal_value=0 -0.00021851 -0.000111646 0.000326078 -9.37051e-06 0.000503001
internal_weight=417 264 230 153 204 113
internal_count=417 264 230 153 204 113
cat_boundaries=0 1
cat_threshold=24
is_linear=0
shrinkage=0.0167612


Tree=244
num_leaves=7
num_cat=0
split_feature=163 163 107 57 108 151
split_gain=0.0438729 0.0644386 0.0574943 0.0315456 0.0236596 0.00987917
threshold=1.5000000000000002 3.5000000000000004 1.0000000180025095e-35 1.0000000180025095e-35 1.0000000180025095e-35 1.0000000180025095e-35
decision_type=8 8 8 10 8 10
left_child=3 -2 5 -1 -4 -3
right_child=1 2 4 -5 -6 -7
leaf_value=-0.00069037863125103024 0.00053055987797816717 -0.00040947426512082271 0.0003623165560862059 -0.00013607310094862111 1.2849175363558102e-05 -0.0001239338499300952
leaf_weight=26 35 82 57 29 163 25
leaf_count=26 35 82 57 29 163 25
internal_value=0 5.45343e-05 2.94852e-06 -0.000347202 0.000124907 -0.000289705
internal_weight=417 362 327 55 220 107
internal_count=417 362 327 55 220 107
is_linear=0
shrinkage=0.0167612


Tree=245
num_leaves=9
num_cat=0
split_feature=13 21 27 27 42 108 143 105
split_gain=0.148973 0.201683 0.11015 0.0668017 0.0587225 0.0367645 0.00240506 0.000379834
threshold=665017.50000000012 667242.50000000012 3.0250000000000004 2.4400000000000004 1.0000000180025095e-35 1.0000000180025095e-35 1.0000000180025095e-35 35.500000000000007
decision_type=2 10 8 10 8 10 10 8
left_child=2 6 3 -1 -4 -3 -2 -6
right_child=1 5 4 -5 7 -7 -8 -9
leaf_value=0.00020303479279122253 -0.00051048835584310826 0.00051361077543976411 0.0010267654984142251 -0.00043022328768120934 0.00012348533003949668 4.4236833083633445e-05 -0.0010589360109602862 0.00028690487230651011
leaf_weight=41 72 31 40 52 25 41 46 69
leaf_count=41 72 31 40 52 25 41 46 69
internal_value=0 -0.000326105 0.000258526 -3.15608e-05 0.000559712 0.000141276 -0.000744852 0.000288656
internal_weight=417 190 227 93 134 72 118 94
internal_count=417 190 227 93 134 72 118 94
is_linear=0
shrinkage=0.0167612


Tree=246
num_leaves=9
num_cat=0
split_feature=143 2 174 9 168 214 11 136
split_gain=0.0957476 0.0766832 0.0944664 0.0468767 0.0339923 0.0273497 0.0179423 0.00035313
threshold=1.0000000180025095e-35 2024.5000000000002 16.65027829313544 1.0000000180025095e-35 116.03826205000001 556888.33701298712 1.0000000180025095e-35 1.0000000180025095e-35
decision_type=10 2 10 2 10 8 2 10
left_child=3 7 -3 4 6 -6 -1 -2
right_child=1 2 -4 -5 5 -7 -8 -9
leaf_value=-4.174000042554239e-05 2.3908232811312609e-05 -0.0010974870387945239 -0.00019878379418923752 -6.543455066222911e-05 0.00020720248358958417 0.00071372576382430926 0.00026689359531627618 -2.3419422109494829e-05
leaf_weight=60 54 40 40 51 29 71 38 34
leaf_count=60 54 40 40 51 29 71 38 34
internal_value=0 -0.000288309 -0.000624205 0.000185236 0.000322249 0.000528695 5.9147e-05 -5.05074e-05
internal_weight=417 168 80 249 198 100 98 88
internal_count=417 168 80 249 198 100 98 88
is_linear=0
shrinkage=0.0167612


Tree=247
num_leaves=8
num_cat=0
split_feature=13 201 30 121 162 187 160
split_gain=0.046371 0.122406 0.105201 0.097315 0.0230387 0.0213282 0.0120847
threshold=738249.55952380958 3.6076555023923444 54.500000000000007 46.000000000000007 1.0000000180025095e-35 0.48040745644450505 1.0768018562449204
decision_type=2 8 8 10 10 8 10
left_child=2 6 -1 4 -4 -3 -2
right_child=1 5 3 -5 -6 -7 -8
leaf_value=-0.00042819898790985843 0.00043453688479187834 -0.00077728576529289889 0.00013704768706754227 0.00068055340170589823 -0.00021476832861169997 -0.00021874568238664438 7.4916112681126541e-05
leaf_weight=34 25 68 120 77 37 30 26
leaf_count=34 25 68 120 77 37 30 26
internal_value=0 -0.00022068 0.000113733 0.000269819 2.87043e-05 -0.000569852 0.00017913
internal_weight=417 149 268 234 157 98 51
internal_count=417 149 268 234 157 98 51
is_linear=0
shrinkage=0.0167612


Tree=248
num_leaves=7
num_cat=0
split_feature=184 190 13 24 134 119
split_gain=0.0450173 0.0319231 0.0757482 0.0721877 0.0445962 0.0931268
threshold=2.5000000000000004 668699.69137560169 249612.22396605703 900.00000000000011 845755.05607461289 1.0000000180025095e-35
decision_type=8 10 2 8 10 10
left_child=-1 2 -2 -4 5 -3
right_child=1 4 3 -5 -6 -7
leaf_value=-0.00046358418899986953 0.00057190425418923285 -0.00019913184123650433 0.00013834098038191165 -0.00036128742473938842 -9.0333789321178558e-05 -0.0010538869054290444
leaf_weight=29 39 30 206 82 28 24
leaf_count=29 39 30 206 82 28 24
internal_value=-4.41762e-05 -1.93055e-06 7.54537e-05 4.59835e-06 -0.000240503 -0.000518756
internal_weight=438 409 327 288 82 54
internal_count=438 409 327 288 82 54
is_linear=0
shrinkage=0.0167612


Tree=249
num_leaves=6
num_cat=0
split_feature=93 134 2 52 120
split_gain=0.0792375 0.0839521 0.124814 0.0917904 0.0369898
threshold=1.0000000180025095e-35 867125.82302476827 2023.5000000000002 1.0000000180025095e-35 13.500000000000002
decision_type=10 8 2 8 10
left_child=1 3 -3 -1 -4
right_child=-2 2 4 -5 -6
leaf_value=-0.00016462777197460347 -0.0006065349387343428 0.00073478106499742953 0.00016955001245424331 -0.00097418998039070154 -0.0001601822450979243
leaf_weight=31 28 43 148 28 160
leaf_count=31 28 43 148 28 160
internal_value=-4.31788e-05 -1.88256e-06 0.000115074 -0.000437678 6.5836e-06
internal_weight=438 410 351 59 308
internal_count=438 410 351 59 308
is_linear=0
shrinkage=0.0167612


Tree=250
num_leaves=7
num_cat=0
split_feature=93 62 7 13 161 132
split_gain=0.0776329 0.0481036 0.0764152 0.13954 0.0714636 0.0412808
threshold=1.0000000180025095e-35 708939.12693116348 1.0000000180025095e-35 431083.79528985516 58374557.908947058 1.0000000180025095e-35
decision_type=10 10 2 2 10 10
left_child=1 2 3 -1 -3 -4
right_child=-2 4 5 -5 -6 -7
leaf_value=0.00036339077167228158 -0.00060015927775420273 -8.4963304959535333e-05 0.00012945274606127177 -0.00034199146106472593 -0.00074370454656352781 0.00081165026979506305
leaf_weight=100 28 45 48 143 32 42
leaf_count=100 28 45 48 143 32 42
internal_value=-4.24783e-05 -1.85202e-06 0.000103117 -4.94976e-06 -0.000289524 0.000461906
internal_weight=438 410 333 243 77 90
internal_count=438 410 333 243 77 90
is_linear=0
shrinkage=0.0167612


Tree=251
num_leaves=8
num_cat=0
split_feature=93 13 24 7 46 209 156
split_gain=0.0760557 0.132341 0.0843034 0.0753198 0.0536248 0.0465809 0.009919
threshold=1.0000000180025095e-35 439841.40625000006 900.00000000000011 1.0000000180025095e-35 0.9592390405523793 0.11269841269841267 1.0000000180025095e-35
decision_type=10 2 10 2 10 10 10
left_child=1 2 6 5 -5 -3 -1
right_child=-2 3 -4 4 -6 -7 -8
leaf_value=0.00041286638933060331 -0.00059387242023488688 -0.00049711540108353033 0.0001166201778309604 0.00040769444022416062 -0.00014660079592332151 -0.00014203197952050687 0.0010203039955702857
leaf_weight=56 28 162 34 63 29 29 37
leaf_count=56 28 162 34 63 29 29 37
internal_value=-4.18397e-05 -1.82418e-06 0.00041165 -0.000170431 9.70504e-05 -0.00036842 0.000698421
internal_weight=438 410 127 283 92 191 93
internal_count=438 410 127 283 92 191 93
is_linear=0
shrinkage=0.0167612


Tree=252
num_leaves=5
num_cat=0
split_feature=93 2 13 63
split_gain=0.074505 0.145264 0.0874184 0.0413596
threshold=1.0000000180025095e-35 2023.5000000000002 1231887.3938008135 949917.07246376819
decision_type=10 2 2 8
left_child=1 -1 3 -3
right_child=-2 2 -4 -5
leaf_value=0.0006846243385012574 -0.00058767447658263994 -0.0003373207831152776 -0.00061926926279889537 7.848220856382879e-05
leaf_weight=43 28 48 40 279
leaf_count=43 28 48 40 279
internal_value=-4.12653e-05 -1.79913e-06 -8.73981e-05 -4.72538e-06
internal_weight=438 410 367 327
internal_count=438 410 367 327
is_linear=0
shrinkage=0.0167612


Tree=253
num_leaves=9
num_cat=0
split_feature=9 13 124 7 137 62 180 92
split_gain=0.0371293 0.0731269 0.0702234 0.0686749 0.0675123 0.0652109 0.0588388 0.0344094
threshold=1.0000000180025095e-35 400286.61722370778 1.0000000180025095e-35 1.0000000180025095e-35 1.0000000180025095e-35 1106078.8153479169 1.0000000180025095e-35 1.0000000180025095e-35
decision_type=2 2 8 2 10 8 8 8
left_child=1 4 -2 6 7 -5 -3 -1
right_child=2 3 -4 5 -6 -7 -8 -9
leaf_value=0.00099937429273822226 -0.00072801543027590241 -6.1909086581269111e-05 -0.00011257868191373958 5.4027993482272668e-05 0.00011922526201910503 0.00064395077270181986 -0.00051805135612424452 0.00023589327953988602
leaf_weight=35 39 71 35 41 35 30 116 36
leaf_count=35 39 71 35 41 35 30 116 36
internal_value=-4.10326e-05 4.47846e-06 -0.000323394 -0.000113125 0.000342487 0.000186598 -0.000297084 0.000643103
internal_weight=438 364 74 258 106 71 187 71
internal_count=438 364 74 258 106 71 187 71
is_linear=0
shrinkage=0.0167612


Tree=254
num_leaves=5
num_cat=0
split_feature=2 208 31 174
split_gain=0.149135 0.0493861 0.0773817 0.0290715
threshold=2023.5000000000002 1.0000000180025095e-35 1.0000000180025095e-35 6.9751640112464868
decision_type=2 8 10 10
left_child=-1 2 -2 -4
right_child=1 -3 3 -5
leaf_value=0.00060514503013945492 -0.00077621656495319635 7.1529661167806633e-05 -0.00028692260177755943 -1.6826546091736709e-05
leaf_weight=46 45 87 129 131
leaf_count=46 45 87 129 131
internal_value=-3.99747e-05 -0.000162927 -0.000273637 -0.000134762
internal_weight=438 392 305 260
internal_count=438 392 305 260
is_linear=0
shrinkage=0.0167612


Tree=255
num_leaves=8
num_cat=0
split_feature=11 185 27 31 100 212 77
split_gain=0.140409 0.0835792 0.0789355 0.0892573 0.0521605 0.0182295 0.0122842
threshold=-0.5 0.10396294390118371 2.1250000000000004 1.0000000180025095e-35 1.0000000180025095e-35 1177400.1894368862 1.0000000180025095e-35
decision_type=2 8 10 10 8 8 8
left_child=1 -1 4 -4 -2 -6 -3
right_child=2 6 3 -5 5 -7 -8
leaf_value=-6.127345747467821e-05 0.00043186012221276416 0.00029314239880285102 -0.0010640530282398815 -0.00025688325634970612 -0.00036876728857562893 -3.3258927748251424e-05 0.00081588050854367467
leaf_weight=29 31 69 33 150 25 50 51
leaf_count=29 31 69 33 150 25 50 51
internal_value=-3.84407e-05 0.000312784 -0.000258322 -0.000468179 -2.2059e-05 -0.000122231 0.00055189
internal_weight=438 149 289 183 106 75 120
internal_count=438 149 289 183 106 75 120
is_linear=0
shrinkage=0.0167612


Tree=256
num_leaves=7
num_cat=0
split_feature=13 2 46 110 117 128
split_gain=0.0917357 0.246257 0.0881905 0.0767668 0.0708236 0.0112709
threshold=280369.20908408408 2023.5000000000002 1.6441246921399155 1.0000000180025095e-35 1.0000000180025095e-35 20.500000000000004
decision_type=2 2 8 10 10 10
left_child=3 -2 5 -1 -4 -3
right_child=1 2 4 -5 -6 -7
leaf_value=0.00093244932220625703 0.00077454423976971 0.00016205159627949439 -0.00019896037168835095 0.0001535762525910524 -0.00090087195841445666 -7.5652677792131896e-05
leaf_weight=34 39 46 98 37 67 118
leaf_count=34 39 46 98 37 67 118
internal_value=0 -8.71008e-05 -0.000259958 0.000457597 -0.00051582 -2.65956e-05
internal_weight=439 368 329 71 165 164
internal_count=439 368 329 71 165 164
is_linear=0
shrinkage=0.0167612


Tree=257
num_leaves=6
num_cat=0
split_feature=4 13 162 84 202
split_gain=0.078877 0.298544 0.0674479 0.096504 0.043211
threshold=305.00000000000006 217510.03409090909 1.0000000180025095e-35 0.99999999999049838 1.0000000180025095e-35
decision_type=2 2 10 8 8
left_child=1 -1 4 -4 -3
right_child=-2 2 3 -5 -6
leaf_value=0.00090894143792920941 0.00054324061539343658 5.0748070874624775e-05 -0.00030145105186992751 -0.0012638744140199862 -0.00027209780310308117
leaf_weight=40 34 136 24 24 181
leaf_count=40 34 136 24 24 181
internal_value=0 -4.96452e-05 -0.000221536 -0.000688536 -0.000112227
internal_weight=439 405 365 48 317
internal_count=439 405 365 48 317
is_linear=0
shrinkage=0.0167612


Tree=258
num_leaves=9
num_cat=0
split_feature=2 143 27 175 144 27 6 13
split_gain=0.199073 0.0457596 0.111557 0.153683 0.0833659 0.283286 0.0531202 0.0093974
threshold=2023.5000000000002 1.0000000180025095e-35 2.8900000000000001 5.5000000000000009 2.2752525252525255 2.9600000000000004 1.5000000000000002 588336.44573643419
decision_type=2 10 10 10 10 10 2 2
left_child=-1 2 6 -4 5 -3 -2 -6
right_child=1 4 3 -5 7 -7 -8 -9
leaf_value=0.00076815022756706328 0.00042427211361502413 -0.0016204371053552377 -0.00018062615589112377 -0.0011712942653730638 0.00015673501543335755 -0.0002270855268311845 1.7065925591866403e-05 -0.0001043967632463835
leaf_weight=49 117 26 31 27 26 39 75 49
leaf_count=49 117 26 31 27 26 39 75 49
internal_value=0 -0.00010763 -7.48695e-06 -0.000480211 -0.000328591 -0.000700926 0.000202652 -6.55514e-05
internal_weight=439 390 250 58 140 65 192 75
internal_count=439 390 250 58 140 65 192 75
is_linear=0
shrinkage=0.0167612


Tree=259
num_leaves=8
num_cat=0
split_feature=13 77 55 7 153 62 212
split_gain=0.171276 0.137365 0.0857392 0.0690071 0.00797554 0.0049415 0.00222875
threshold=377957.68181818194 1.0000000180025095e-35 32.500000000000007 1.0000000180025095e-35 1.0000000180025095e-35 908878.09187901695 684998.88607503625
decision_type=2 8 10 2 8 8 8
left_child=1 6 3 5 -5 -2 -1
right_child=2 -3 -4 4 -6 -7 -8
leaf_value=4.2802972777563662e-05 -0.00020064217496953507 0.0011012852677912517 0.00028667485478374867 -9.7591074985682399e-05 0.00012485261823043533 -0.00059021386452632555 0.0001083445162366025
leaf_weight=24 63 43 38 29 62 129 51
leaf_count=24 63 43 38 29 62 129 51
internal_value=0 0.000490069 -0.000173581 -0.000299858 -5.10938e-05 -0.00047536 9.7765e-05
internal_weight=439 118 321 283 91 192 75
internal_count=439 118 321 283 91 192 75
is_linear=0
shrinkage=0.0167612


Tree=260
num_leaves=9
num_cat=0
split_feature=2 27 200 29 189 200 35 6
split_gain=0.194219 0.142019 0.235063 0.0659105 0.12909 0.0571837 0.0100941 0.00338046
threshold=2023.5000000000002 1.5600000000000003 1.0000000180025095e-35 102.50000000000001 1.0000000180025095e-35 1.0000000180025095e-35 265462.48750000005 1.5000000000000002
decision_type=2 10 8 8 10 10 10 2
left_child=5 2 -2 6 -5 -1 -3 -4
right_child=1 3 7 4 -6 -7 -8 -9
leaf_value=0.0013280008381467221 0.0011717427944596109 -8.1007387107549458e-05 7.2983490185155117e-06 -9.4166985559909148e-05 -0.00082853046352930723 0.00033246724037024435 0.00017122914756824043 -0.00010623186555219146
leaf_weight=25 29 39 56 80 113 24 34 39
leaf_count=25 29 39 56 80 113 24 34 39
internal_value=0 -0.000105367 0.000269218 -0.000330796 -0.000497224 0.000759379 -6.74307e-05 2.91654e-05
internal_weight=439 390 124 266 193 49 73 95
internal_count=439 390 124 266 193 49 73 95
is_linear=0
shrinkage=0.0167612


Tree=261
num_leaves=6
num_cat=0
split_feature=65 161 106 143 118
split_gain=0.0236649 0.0349332 0.0712608 0.0133369 0.00759957
threshold=58.500000000000007 59050345.761370786 265312.22258064518 1.0000000180025095e-35 146.50000000000003
decision_type=8 10 10 10 8
left_child=1 2 3 -1 -2
right_child=4 -3 -4 -5 -6
leaf_value=-1.1365237966207393e-05 8.0826850479287244e-05 -0.00042358268098477848 0.00049788412530691619 -0.00021408814550289665 0.00026434896645952609
leaf_weight=135 24 28 33 116 103
leaf_count=135 24 28 33 116 103
internal_value=9.57002e-08 -5.47164e-05 -3.37863e-06 -9.34552e-05 0.000184614
internal_weight=439 312 284 251 127
internal_count=439 312 284 251 127
is_linear=0
shrinkage=0.0167612


Tree=262
num_leaves=6
num_cat=0
split_feature=13 13 180 106 93
split_gain=0.373811 0.13356 0.177134 0.127851 0.0825891
threshold=203181.85000000003 1087864.4206349209 1.0000000180025095e-35 102234.31818181819 1.0000000180025095e-35
decision_type=2 2 8 10 10
left_child=-1 2 -2 -3 -4
right_child=1 3 4 -5 -6
leaf_value=0.0011536528374906255 0.0006278971060354508 -0.0013732031751836288 -5.7782758478023224e-05 -0.00022228254388539641 -0.00077417081454840867
leaf_weight=36 64 26 249 39 25
leaf_count=36 64 26 249 39 25
internal_value=0 -0.00012907 -6.76328e-06 -0.000686101 -0.000176273
internal_weight=439 403 338 65 274
internal_count=439 403 338 65 274
is_linear=0
shrinkage=0.0167612


Tree=263
num_leaves=8
num_cat=0
split_feature=13 180 13 79 105 93 190
split_gain=0.131739 0.0801839 0.097077 0.0656782 0.0471507 0.0400036 0.0147908
threshold=1161579.9269230773 1.0000000180025095e-35 520784.99864864867 1.0000000180025095e-35 26.500000000000004 1.0000000180025095e-35 870629.3838785768
decision_type=2 8 2 8 10 8 8
left_child=1 6 5 -4 -2 -3 -1
right_child=4 2 3 -5 -6 -7 -8
leaf_value=0.00021299533571575774 -0.0010690349159814415 0.00043886221159492939 -0.00057009694644244414 -5.5438025180401167e-05 -0.0002213575881227721 4.1287073799722348e-05 0.00081472960755367722
leaf_weight=29 24 105 88 36 30 86 41
leaf_count=29 24 105 88 36 30 86 41
internal_value=0 0.000125188 7.012e-06 -0.000305258 -0.000576656 0.000231259 0.000543476
internal_weight=439 385 315 124 54 191 70
internal_count=439 385 315 124 54 191 70
is_linear=0
shrinkage=0.0167612


Tree=264
num_leaves=7
num_cat=0
split_feature=31 93 6 140 122 202
split_gain=0.0664095 0.0350964 0.0212363 0.0229714 0.0200635 0.00966635
threshold=1.0000000180025095e-35 1.0000000180025095e-35 1.0000000180025095e-35 1.0000000180025095e-35 0.15513785982316755 1.0000000180025095e-35
decision_type=10 10 2 10 10 10
left_child=1 -1 3 -2 5 -4
right_child=2 -3 4 -5 -6 -7
leaf_value=-0.00024544207269242376 -9.1821835094028177e-05 -0.00087549325657493749 3.4900222475710822e-05 -0.00043862485641600553 -9.7915313947942703e-05 0.0002750081297630609
leaf_weight=115 25 24 74 41 39 102
leaf_count=115 25 24 74 41 39 102
internal_value=-0.000153856 -0.000419477 -9.59539e-06 -0.00021464 7.04991e-05 0.000173078
internal_weight=420 139 281 66 215 176
internal_count=420 139 281 66 215 176
is_linear=0
shrinkage=0.0167612


Tree=265
num_leaves=9
num_cat=0
split_feature=85 210 9 55 62 120 96 7
split_gain=0.051156 0.0352849 0.0634521 0.017676 0.0085788 0.00752595 0.00464594 0.00104351
threshold=407989.21428571432 1.0000000180025095e-35 1.0000000180025095e-35 42.500000000000007 1253629.4522921671 67.500000000000014 39.500000000000007 1.0000000180025095e-35
decision_type=10 8 2 8 8 8 8 2
left_child=1 4 5 -2 -1 -3 -5 -6
right_child=3 2 -4 6 7 -7 -8 -9
leaf_value=-0.00020705382414480086 -1.1545695484026574e-05 -0.00032935057309637462 -0.00098539051087566214 0.00035933011480011445 -1.4187991569416389e-06 -5.2432955144557524e-05 9.1760570865595696e-05 6.319741341402766e-05
leaf_weight=37 40 50 28 47 93 64 30 31
leaf_count=37 40 50 28 47 93 64 30 31
internal_value=-0.000152152 -0.000269378 -0.000457351 6.12233e-05 -6.47274e-05 -0.000231973 0.000239044 -8.47842e-06
internal_weight=420 303 142 117 161 114 77 124
internal_count=420 303 142 117 161 114 77 124
is_linear=0
shrinkage=0.0167612


Tree=266
num_leaves=10
num_cat=0
split_feature=11 118 49 55 43 136 35 136 194
split_gain=0.109269 0.107474 0.0692492 0.0235871 0.0486022 0.00599226 0.0328075 0.00138458 0.000175443
threshold=-0.24999999999999994 120.00000000000001 1.0000000180025095e-35 52.500000000000007 1.0000000180025095e-35 1.0000000180025095e-35 464788.70373062021 0.75000000000000011 24.000000000000004
decision_type=2 8 8 8 10 10 10 10 8
left_child=3 5 7 -1 8 -2 -7 -3 -5
right_child=1 2 -4 4 -6 6 -8 -9 -10
leaf_value=-3.4875756690888409e-05 0.00014290801647027016 -8.5888893970084078e-05 -0.0010074975755239252 1.4035672582811623e-05 0.00057804585888187091 -0.00035125955268754241 0.00014175176850870269 -0.00030808002944478902 3.5616224928351246e-05
leaf_weight=36 28 43 68 39 49 27 32 49 49
leaf_count=36 28 43 68 39 49 27 32 49 49
internal_value=-0.000150792 -0.000371343 -0.00062212 0.000109217 0.000247297 -6.56692e-05 -1.57985e-05 -0.000283487 4.33227e-05
internal_weight=420 247 160 173 137 87 59 92 88
internal_count=420 247 160 173 137 87 59 92 88
is_linear=0
shrinkage=0.0167612


Tree=267
num_leaves=10
num_cat=0
split_feature=11 45 144 4 44 150 203 193 67
split_gain=0.128411 0.0779359 0.0494173 0.0363783 0.0233013 0.030369 0.0103513 0.0128507 0.00722971
threshold=-0.5 1.0000000180025095e-35 3.2679425837320579 132.00000000000003 62.500000000000007 1.0000000180025095e-35 808703.34455555561 1.5000000000000002 1.0000000180025095e-35
decision_type=2 10 8 2 10 8 8 10 10
left_child=4 2 -2 -4 5 -1 -3 -8 -7
right_child=1 6 3 -5 -6 8 7 -9 -10
leaf_value=0.00013450253416888143 -0.0002734200251002252 7.2134656740208373e-06 -0.0010851761403217603 -0.00032482549430880721 7.3526459463179716e-05 0.00015822655378774526 -4.6460422395176201e-05 -0.00030495581263955936 0.00063754227925005326
leaf_weight=26 26 47 68 30 27 37 47 58 54
leaf_count=26 26 47 68 30 27 37 47 58 54
internal_value=-0.000148442 -0.000359341 -0.000653768 -0.000846199 0.000179741 0.000321606 -8.49844e-05 -0.000163292 0.000471453
internal_weight=420 276 124 98 144 117 152 105 91
internal_count=420 276 124 98 144 117 152 105 91
is_linear=0
shrinkage=0.0167612


Tree=268
num_leaves=8
num_cat=0
split_feature=31 74 30 46 9 65 75
split_gain=0.059501 0.0574955 0.0202265 0.0185312 0.0224971 0.0141902 0.035294
threshold=1.0000000180025095e-35 36.500000000000007 58.000000000000007 0.93308429323698583 1.0000000180025095e-35 41.500000000000007 1.0008537539616087
decision_type=10 8 8 8 2 10 10
left_child=1 -1 5 -4 -5 6 -2
right_child=2 -3 3 4 -6 -7 -8
leaf_value=-0.00081709388559630806 0.00054989169496814656 -0.00013608211545289176 -0.00034551714418086044 7.5243290860358244e-05 -0.00028392673396968472 6.9508300421818091e-05 0.00012215950362548785
leaf_weight=43 43 96 35 120 31 25 27
leaf_count=43 43 96 35 120 31 25 27
internal_value=-0.000145872 -0.000397303 -9.09745e-06 -9.84557e-05 -1.08444e-05 0.000162481 0.000298629
internal_weight=420 139 281 186 151 95 70
internal_count=420 139 281 186 151 95 70
is_linear=0
shrinkage=0.0167612


Tree=269
num_leaves=10
num_cat=1
split_feature=1 13 150 93 110 11 67 166 120
split_gain=0.071735 0.167926 0.0691777 0.0342319 0.0176715 0.0237096 0.012561 0.00484531 0.0192929
threshold=0 475345.69545244699 1.0000000180025095e-35 1.0000000180025095e-35 1.0000000180025095e-35 1.0000000180025095e-35 1.0000000180025095e-35 22.628472222222225 30.500000000000004
decision_type=1 2 8 10 8 2 10 10 10
left_child=4 3 -3 6 7 -6 -2 8 -1
right_child=1 2 -4 -5 5 -7 -8 -9 -10
leaf_value=-5.4225713021484395e-05 1.9444015399659045e-05 -0.00039670526520833762 -0.0013664801264744405 -0.00036897296350616821 0.00055327406712107625 0.00010499297872496776 0.00021592804278601699 -0.00013664026792211615 0.00025796828465468125
leaf_weight=57 54 39 39 29 24 29 75 31 43
leaf_count=57 54 39 39 29 24 29 75 31 43
internal_value=-0.000144619 -0.000323798 -0.000869189 -3.42518e-05 5.05289e-05 0.000267899 7.56209e-05 6.30911e-06 2.03217e-05
internal_weight=420 236 78 158 184 53 129 131 100
internal_count=420 236 78 158 184 53 129 131 100
cat_boundaries=0 1
cat_threshold=12
is_linear=0
shrinkage=0.0167612


Tree=270
num_leaves=6
num_cat=0
split_feature=13 212 9 7 202
split_gain=0.069888 0.104203 0.131363 0.109704 0.0140191
threshold=1193104.0175177308 440029.52287636773 1.0000000180025095e-35 1.0000000180025095e-35 1.0000000180025095e-35
decision_type=2 10 2 2 10
left_child=1 2 3 -1 -3
right_child=-2 4 -4 -5 -6
leaf_value=-0.00022166204321167907 -0.00060529896408296493 0.0005885161293730357 -0.00079446153559646138 0.00047763275840711909 9.6534181602396269e-05
leaf_weight=176 47 45 53 51 48
leaf_count=176 47 45 53 51 48
internal_value=-0.000142938 -4.30254e-05 -0.000210988 -1.78477e-05 0.000344448
internal_weight=420 373 280 227 93
internal_count=420 373 280 227 93
is_linear=0
shrinkage=0.0167612


Tree=271
num_leaves=7
num_cat=1
split_feature=0 203 19 214 51 75
split_gain=0.0953615 0.0826227 0.0792538 0.0399483 0.018096 0.0141896
threshold=0 350124.05131310591 3.5000000000000004 708513.11538461549 1.0000000180025095e-35 1.2687184006517789
decision_type=9 10 10 8 10 8
left_child=3 2 -2 -1 -4 -3
right_child=1 5 4 -5 -6 -7
leaf_value=4.9809392757622137e-05 -0.00073795536217155836 0.00026344632979806535 -0.00022587453507524099 0.00053285745306702885 4.7645720469875845e-05 3.115768124826743e-06
leaf_weight=55 122 29 84 45 33 52
leaf_count=55 122 29 84 45 33 52
internal_value=-0.000140779 -0.000283825 -0.000453882 0.000196382 -0.000118207 1.17843e-05
internal_weight=420 320 239 100 117 81
internal_count=420 320 239 100 117 81
cat_boundaries=0 1
cat_threshold=836
is_linear=0
shrinkage=0.0167612


Tree=272
num_leaves=7
num_cat=0
split_feature=218 160 202 175 40 109
split_gain=0.0518911 0.0429658 0.0630394 0.0538296 0.0977066 0.0145712
threshold=1.0000000180025095e-35 1.0613596674781496 1.0000000180025095e-35 15.000000000000002 1.0000000180025095e-35 96409.342401500966
decision_type=8 8 10 10 10 10
left_child=1 2 -1 5 -5 -3
right_child=-2 3 -4 4 -6 -7
leaf_value=0.00059835154925639829 0.0003927321492093387 0.00021940297760924694 6.8923344956538585e-05 -5.5970765898363605e-05 -0.00087836505370437361 2.5327190688322472e-06
leaf_weight=53 96 80 49 94 36 30
leaf_count=53 96 80 49 94 36 30
internal_value=0.000101342 5.25141e-06 0.000249616 -0.00011092 -0.000337463 6.59124e-05
internal_weight=438 342 102 240 130 110
internal_count=438 342 102 240 130 110
is_linear=0
shrinkage=0.0167612


Tree=273
num_leaves=8
num_cat=0
split_feature=13 142 25 20 62 150 23
split_gain=0.104045 0.177343 0.0762201 0.0380338 0.0363007 0.000921838 0.00018384
threshold=665017.50000000012 -8.3580425999999992 3.1170143415906133 1.0000000180025095e-35 653577.98887619597 1.0000000180025095e-35 1.0000000180025095e-35
decision_type=2 8 10 8 8 10 10
left_child=1 6 3 4 -2 -3 -1
right_child=2 5 -4 -5 -6 -7 -8
leaf_value=-1.5583667992100405e-05 -0.00021896313848739603 0.00045638275549032977 0.00023640191694124769 -0.00010615765786943706 -0.00065745956765695063 0.00093580588972222282 -0.00020359387978493551
leaf_weight=66 24 81 43 41 91 64 28
leaf_count=66 24 81 43 41 91 64 28
internal_value=9.92931e-05 0.000329849 -0.000133399 -0.000339027 -0.000500127 0.00068536 -7.06126e-05
internal_weight=438 239 199 156 115 145 94
internal_count=438 239 199 156 115 145 94
is_linear=0
shrinkage=0.0167612


Tree=274
num_leaves=6
num_cat=0
split_feature=160 175 67 35 110
split_gain=0.0819726 0.0767643 0.0361125 0.0189804 0.017569
threshold=0.92429804778753477 1.0000000180025095e-35 1.0000000180025095e-35 509443.6486486487 1.0000000180025095e-35
decision_type=8 10 10 10 10
left_child=-1 3 -3 -2 -4
right_child=1 2 4 -5 -6
leaf_value=0.00061758369246702729 0.00039673870683084824 -0.00047873765606989618 -0.00018064938727446747 0.00011959072429655338 6.9423884910425538e-05
leaf_weight=40 124 46 97 26 105
leaf_count=40 124 46 97 26 105
internal_value=9.81122e-05 4.4008e-06 -0.000148179 0.000285951 -2.45081e-05
internal_weight=438 398 248 150 202
internal_count=438 398 248 150 202
is_linear=0
shrinkage=0.0167612


Tree=275
num_leaves=10
num_cat=0
split_feature=13 43 180 30 44 98 96 83 42
split_gain=0.099104 0.0941607 0.0850162 0.060094 0.0419329 0.0120434 0.0083689 0.00573707 0.0346999
threshold=665017.50000000012 1.0000000180025095e-35 1.0000000180025095e-35 25.500000000000004 207.50000000000003 1.0000000180025095e-35 58.500000000000007 30.500000000000004 1.0000000180025095e-35
decision_type=2 8 10 8 8 10 8 10 10
left_child=1 7 4 -4 -2 -3 -6 8 -1
right_child=2 5 3 -5 6 -7 -8 -9 -10
leaf_value=0.00042332896448489771 0.0004024612991832189 0.00040687534983693677 -0.00022554356891828396 -0.00086622238458329288 -0.00019326613533932646 0.00096900394991337297 -1.7710106726533781e-05 -0.00012249832603477163 -1.137714153206396e-05
leaf_weight=25 38 84 25 48 49 37 39 27 66
leaf_count=25 38 84 25 48 49 37 39 27 66
internal_value=9.63997e-05 0.000321699 -0.000130071 -0.000527225 3.18424e-05 0.000624167 -5.46643e-05 4.3988e-05 6.52745e-05
internal_weight=438 239 199 73 126 121 88 118 91
internal_count=438 239 199 73 126 121 88 118 91
is_linear=0
shrinkage=0.0167612


Tree=276
num_leaves=7
num_cat=0
split_feature=2 39 21 221 52 113
split_gain=0.100404 0.0562366 0.0958837 0.0307022 0.00678858 0.00506204
threshold=2023.5000000000002 8.5000000000000018 372864.44781209779 3.0000000000000004 1.0000000180025095e-35 146979.91035795206
decision_type=2 8 10 10 10 10
left_child=4 2 3 -2 -1 -4
right_child=1 -3 5 -5 -6 -7
leaf_value=0.00093857749394636451 -0.00014909815509059758 0.00030093681358257156 0.00025971726172617304 -0.000494108994952746 0.00027787137550092913 4.0379404035216749e-05
leaf_weight=29 28 92 73 139 26 51
leaf_count=29 28 92 73 139 26 51
internal_value=9.50805e-05 4.42407e-06 -0.000111904 -0.00037246 0.000609668 0.000150561
internal_weight=438 383 291 167 55 124
internal_count=438 383 291 167 55 124
is_linear=0
shrinkage=0.0167612


Tree=277
num_leaves=7
num_cat=1
split_feature=13 0 160 93 45 17
split_gain=0.0702068 0.158272 0.0476983 0.0558657 0.039112 0.0379761
threshold=1161579.9269230773 0 1.03045154195889 1.0000000180025095e-35 1.0000000180025095e-35 1.0000000180025095e-35
decision_type=2 9 8 8 10 8
left_child=1 5 4 -4 -3 -1
right_child=-2 2 3 -5 -6 -7
leaf_value=0.00027690419760727545 -0.00031985066568499795 0.00067634059723753785 -1.5749226660934252e-05 -0.00044495200260484118 0.00011686545824371888 0.00098564112740483429
leaf_weight=49 48 24 145 79 30 63
leaf_count=49 48 24 145 79 30 63
internal_value=9.46867e-05 0.000183766 2.82369e-06 -0.000137931 0.000304445 0.000621807
internal_weight=438 390 278 224 54 112
internal_count=438 390 278 224 54 112
cat_boundaries=0 1
cat_threshold=2504
is_linear=0
shrinkage=0.0167612


Tree=278
num_leaves=9
num_cat=0
split_feature=143 55 80 19 27 110 142 55
split_gain=0.0388608 0.0396358 0.0279093 0.048291 0.0235463 0.00518259 0.00988858 0.00055389
threshold=1.0000000180025095e-35 125.00000000000001 312920.60120153293 2.5000000000000004 1.5600000000000003 1.0000000180025095e-35 -8.3580425999999992 1.0000000180025095e-35
decision_type=10 8 10 10 10 10 10 10
left_child=4 -2 3 -3 -1 7 -7 -6
right_child=1 2 -4 -5 5 6 -8 -9
leaf_value=0.00041513908713344805 -0.00043108389323936726 -0.00052165326752935507 0.00027049176273569398 -6.5784847475839661e-06 -3.7764154607614593e-05 4.9290735140983851e-05 0.00028149489146406709 3.8178411068802671e-06
leaf_weight=101 31 24 53 65 62 33 39 30
leaf_count=101 31 24 53 65 62 33 39 30
internal_value=9.3056e-05 -5.05667e-05 -4.08186e-06 -9.74914e-05 0.000220971 5.89018e-05 0.000136318 9.94581e-06
internal_weight=438 173 142 89 265 164 72 92
internal_count=438 173 142 89 265 164 72 92
is_linear=0
shrinkage=0.0167612


Tree=279
num_leaves=9
num_cat=0
split_feature=134 13 193 69 189 42 143 39
split_gain=0.0474449 0.085735 0.0678076 0.0643145 0.0652542 0.0491716 0.014268 0.00357633
threshold=856929.05991612573 689798.83333333337 1.0000000180025095e-35 1.0000000180025095e-35 1.0000000180025095e-35 1.0000000180025095e-35 1.0000000180025095e-35 6.5000000000000009
decision_type=8 2 10 8 10 10 10 10
left_child=2 5 -1 6 -5 -2 -3 -7
right_child=1 3 -4 4 -6 7 -8 -9
leaf_value=-0.00065635336353642192 0.00055040394054693036 0.00039738963885125358 -2.6721736552777659e-05 -0.00011418316210000109 -0.0007402870037676308 1.3718185273933283e-05 7.8550395943665318e-05 0.00014701627294701265
leaf_weight=33 148 30 24 42 46 66 24 25
leaf_count=33 148 30 24 42 46 66 24 25
internal_value=9.15126e-05 0.000171962 -0.000217586 -7.34287e-05 -0.000370767 0.000364801 0.000179415 6.21598e-05
internal_weight=438 381 57 142 88 239 54 91
internal_count=438 381 57 142 88 239 54 91
is_linear=0
shrinkage=0.0167612


Tree=280
num_leaves=7
num_cat=0
split_feature=13 147 11 100 62 31
split_gain=0.183386 0.107922 0.0390339 0.152576 0.0495847 0.0208778
threshold=196057.87539472021 1.0000000180025095e-35 0.6830127018922193 1.0000000180025095e-35 422616.44461094408 1.0000000180025095e-35
decision_type=2 8 2 10 10 10
left_child=-1 2 4 -4 -2 -3
right_child=1 5 3 -5 -6 -7
leaf_value=0.00072587788931340795 -9.5785836073062201e-05 -0.00084183617933549578 6.2762195058623313e-05 -0.00090106664842695607 0.00032184571419105126 -0.00025852971692964815
leaf_weight=27 118 72 39 40 95 27
leaf_count=27 118 72 39 40 95 27
internal_value=-0.000102425 -0.000216196 -3.73351e-05 -0.000305075 5.21923e-05 -0.000631997
internal_weight=418 391 292 79 213 99
internal_count=418 391 292 79 213 99
is_linear=0
shrinkage=0.0167612


Tree=281
num_leaves=8
num_cat=0
split_feature=3 100 43 29 152 9 203
split_gain=0.0984962 0.103462 0.0918309 0.0717068 0.070019 0.0337945 0.0102379
threshold=4.5000000000000009 1.0000000180025095e-35 1.0000000180025095e-35 322.00000000000006 14.500000000000002 1.0000000180025095e-35 667242.50000000012
decision_type=2 8 10 8 10 2 10
left_child=1 3 5 -1 -4 6 -2
right_child=2 -3 4 -5 -6 -7 -8
leaf_value=0.00041037871488131108 -6.8183886036707011e-05 -0.00078411803024974909 0.00089691104836710353 -0.00038588179357548313 0.00013604579644020722 -0.00044453661551852925 0.00017059892580824248
leaf_weight=27 139 83 38 24 44 31 32
leaf_count=27 139 83 38 24 44 31 32
internal_value=-9.99265e-05 -0.000437302 4.13344e-05 -0.000117282 0.000456315 -9.63657e-05 -9.49508e-06
internal_weight=418 134 284 51 82 202 171
internal_count=418 134 284 51 82 202 171
is_linear=0
shrinkage=0.0167612


Tree=282
num_leaves=7
num_cat=0
split_feature=2 18 148 98 55 170
split_gain=0.186124 0.0926659 0.10249 0.0814306 0.0438798 0.018132
threshold=2023.5000000000002 1.0000000180025095e-35 0.54858934169279006 1.0000000180025095e-35 42.500000000000007 1.0000000180025095e-35
decision_type=2 10 10 10 8 10
left_child=-1 2 3 -2 -4 -3
right_child=1 5 4 -5 -6 -7
leaf_value=0.00057509094557742387 -9.3692346232634519e-05 -0.00097498440506439265 6.3977273228743125e-05 -0.00083490960089397325 0.00046854272289648493 -0.00032225971310948024
leaf_weight=54 122 45 34 41 79 43
leaf_count=54 122 45 34 41 79 43
internal_value=-9.82828e-05 -0.000249083 -7.9376e-05 -0.000334429 0.000230099 -0.00066213
internal_weight=418 364 276 163 113 88
internal_count=418 364 276 163 113 88
is_linear=0
shrinkage=0.0167612


Tree=283
num_leaves=9
num_cat=0
split_feature=5 27 217 9 127 170 27 156
split_gain=0.0633579 0.161058 0.0946851 0.0574627 0.0677501 0.0266907 0.00787285 0.00528441
threshold=1.5000000000000002 2.3400000000000003 690.00000000000011 1.0000000180025095e-35 1.0000000180025095e-35 1.0000000180025095e-35 2.6300000000000003 1.0000000180025095e-35
decision_type=2 10 10 2 10 10 8 10
left_child=1 -1 -3 4 6 -5 -2 -6
right_child=3 2 -4 5 7 -7 -8 -9
leaf_value=1.0615619253381061e-05 -0.00015615455771831742 -0.0015101645447054344 -0.00037327830538036715 -0.00064174141816917163 0.00017447470165025787 -0.00015483298081586753 8.4791054346117906e-06 0.00068555916507594735
leaf_weight=42 52 28 33 33 36 24 126 44
leaf_count=42 52 28 33 33 36 24 126 44
internal_value=-9.69536e-05 -0.000406619 -0.00090687 -5.43053e-06 0.000121841 -0.00035365 5.22049e-06 0.000467083
internal_weight=418 103 61 315 258 57 178 80
internal_count=418 103 61 315 258 57 178 80
is_linear=0
shrinkage=0.0167612


Tree=284
num_leaves=8
num_cat=0
split_feature=174 93 152 4 11 98 21
split_gain=0.0535851 0.056709 0.0335986 0.0309321 0.0274577 0.0194371 0.00569124
threshold=14.150793650793654 1.0000000180025095e-35 30.500000000000004 205.00000000000003 1.0000000180025095e-35 1.0000000180025095e-35 710609.02276231709
decision_type=10 10 10 2 2 8 8
left_child=1 3 -2 5 -5 -1 -4
right_child=2 -3 6 4 -6 -7 -8
leaf_value=-5.2466934478971901e-05 0.00042043748776133362 -0.00067504556330224587 -0.00014663041589125625 0.00040823238766805599 4.6078547895428789e-05 -0.00029317421474122588 3.0803210825421821e-05
leaf_weight=53 52 37 26 31 27 165 27
leaf_count=53 52 37 26 31 27 165 27
internal_value=-9.49625e-05 -0.000212672 0.000149881 -0.000103023 0.000112643 -0.000201245 3.90757e-05
internal_weight=418 313 105 276 58 218 53
internal_count=418 313 105 276 58 218 53
is_linear=0
shrinkage=0.0167612


Tree=285
num_leaves=8
num_cat=1
split_feature=93 1 110 134 127 42 136
split_gain=0.0835081 0.0261059 0.0582109 0.0548622 0.047673 0.0193365 0.0200563
threshold=1.0000000180025095e-35 0 1.0000000180025095e-35 867125.82302476827 1.5000000000000002 1.0000000180025095e-35 0.75000000000000011
decision_type=10 1 10 8 8 10 10
left_child=1 5 3 -3 -4 6 -1
right_child=-2 2 4 -5 -6 -7 -8
leaf_value=0.00047738299801136397 -0.00062744132019008903 -0.00079085727340974868 -1.7616169380193484e-05 -0.0001282387097171968 0.0004734055192313994 4.9621906662683351e-05 0.00011204844990254165
leaf_weight=57 37 26 37 145 46 38 32
leaf_count=57 37 26 37 145 46 38 32
internal_value=-9.32243e-05 -4.35941e-06 -0.000104401 -0.000295282 0.000136166 0.000150509 0.000303886
internal_weight=418 381 254 171 83 127 89
internal_count=418 381 254 171 83 127 89
cat_boundaries=0 1
cat_threshold=136
is_linear=0
shrinkage=0.0167612


Tree=286
num_leaves=7
num_cat=0
split_feature=2 212 18 189 103 17
split_gain=0.179691 0.166481 0.0793675 0.0575392 0.0490128 0.053624
threshold=2023.5000000000002 410285.9844304389 1.0000000180025095e-35 1.0000000180025095e-35 98775.618345071955 1.0000000180025095e-35
decision_type=2 10 10 10 8 10
left_child=-1 2 3 -2 5 -3
right_child=1 4 -4 -5 -6 -7
leaf_value=0.00056866838956679639 -4.8241701460412712e-05 0.00013538360644340311 -0.00094538584446443542 -0.00069349640975266869 -4.7437340190596945e-06 0.00087200536003881595
leaf_weight=54 133 42 69 33 60 27
leaf_count=54 133 42 69 33 60 27
internal_value=-9.28808e-05 -0.000241435 -0.000505804 -0.000276401 0.000134584 0.000439607
internal_weight=418 364 235 166 129 69
internal_count=418 364 235 166 129 69
is_linear=0
shrinkage=0.0167612


Tree=287
num_leaves=8
num_cat=0
split_feature=4 31 148 13 18 134 39
split_gain=0.119701 0.10408 0.0730076 0.105351 0.0671804 0.0330118 0.0210876
threshold=285.00000000000006 1.0000000180025095e-35 17.275000000000002 673048.53387445898 1.0000000180025095e-35 987115.97800925933 5.5000000000000009
decision_type=2 8 10 2 10 8 8
left_child=1 4 3 -3 -1 -4 -2
right_child=6 2 5 -5 -6 -7 -8
leaf_value=-0.00029600843565604493 0.00019681406902274544 1.4704748682530056e-05 0.00014213688567876154 -0.0005522836818976167 -0.0011333935111328916 0.00066204391601147659 0.00083865175590497104
leaf_weight=26 25 142 25 106 39 31 24
leaf_count=26 25 142 25 106 39 31 24
internal_value=-9.14822e-05 -0.000210381 -6.11131e-05 -0.000193666 -0.000707779 0.000332255 0.000460067
internal_weight=418 369 304 248 65 56 49
internal_count=418 369 304 248 65 56 49
is_linear=0
shrinkage=0.0167612


Tree=288
num_leaves=8
num_cat=0
split_feature=27 110 43 13 6 6 202
split_gain=0.0809132 0.0704342 0.0556332 0.215277 0.0489431 0.0296539 0.0278831
threshold=1.6550000000000002 1.0000000180025095e-35 1.0000000180025095e-35 400286.61722370778 1.5000000000000002 1.0000000180025095e-35 1.0000000180025095e-35
decision_type=8 8 8 2 2 2 10
left_child=-1 4 -3 -4 5 -2 -6
right_child=1 2 3 -5 6 -7 -8
leaf_value=0.00064989323942783836 -0.00070036678687053011 -1.0724192926166155e-05 0.0011798589393208156 6.372106793106764e-05 -3.5081289855657331e-05 -0.00012463531284729446 0.00035976830758138137
leaf_weight=41 41 46 41 106 32 72 29
leaf_count=41 41 46 41 106 32 72 29
internal_value=0.000134349 3.18433e-05 0.000247237 0.000425103 -0.000169284 -0.000384649 2.95552e-05
internal_weight=408 367 193 147 174 113 61
internal_count=408 367 193 147 174 113 61
is_linear=0
shrinkage=0.0167612


Tree=289
num_leaves=7
num_cat=0
split_feature=5 118 55 100 92 202
split_gain=0.0324527 0.105865 0.0566088 0.0591915 0.0789677 0.00952831
threshold=1.5000000000000002 120.00000000000001 19.500000000000004 1.0000000180025095e-35 1.0000000180025095e-35 1.0000000180025095e-35
decision_type=2 8 8 8 8 8
left_child=1 -1 -2 -4 -5 -3
right_child=2 5 3 4 -6 -7
leaf_value=0.00029988683368948926 -0.0001591781846637702 -0.00083251256756390808 5.154740862443673e-05 0.00078990928451714031 0.00011535926403038147 -0.00021482379384104154
leaf_weight=42 28 26 94 94 98 26
leaf_count=42 28 26 94 94 98 26
internal_value=0.000132176 -4.58672e-05 0.000218808 0.000310794 0.000471823 -0.00051366
internal_weight=408 94 314 286 192 52
internal_count=408 94 314 286 192 52
is_linear=0
shrinkage=0.0167612


Tree=290
num_leaves=8
num_cat=0
split_feature=13 43 30 73 30 43 6
split_gain=0.0629246 0.172728 0.0313167 0.0475498 0.0344218 0.0230079 0.000645526
threshold=322929.25907944521 1.0000000180025095e-35 32.500000000000007 1.0000000180025095e-35 70.500000000000014 1.0000000180025095e-35 1.5000000000000002
decision_type=2 8 10 10 10 10 2
left_child=1 -1 3 5 -4 -2 -5
right_child=2 -3 4 6 -6 -7 -8
leaf_value=0.00012461331510734777 -0.00031419012963606095 0.0012223410516000207 0.00054413569879077194 6.3641079270124681e-05 0.00011734285363619136 -6.9250124800152976e-05 0.0003449970755170118
leaf_weight=53 153 27 43 40 25 38 29
leaf_count=53 153 27 43 40 25 38 29
internal_value=0.000129247 0.000477974 6.96787e-06 -5.57829e-05 0.000274298 -0.000210043 0.000199841
internal_weight=408 80 328 260 68 191 69
internal_count=408 80 328 260 68 191 69
is_linear=0
shrinkage=0.0167612


Tree=291
num_leaves=8
num_cat=0
split_feature=13 25 21 42 9 106 120
split_gain=0.168088 0.0544878 0.0463651 0.0451276 0.0437683 0.0346702 0.0269096
threshold=1098847.237734488 2.6243386243386246 636923.58478669252 1.0000000180025095e-35 1.0000000180025095e-35 637775.669504644 49.500000000000007
decision_type=2 10 8 10 2 8 10
left_child=1 3 -3 4 -1 -2 -5
right_child=5 2 -4 6 -6 -7 -8
leaf_value=0.00041571651760268028 -0.00020183673970454157 0.0002716463742180448 0.0010945182920464058 -0.00028396881743794123 5.7481872360909815e-05 -0.00094644817386493277 9.4307905471104769e-05
leaf_weight=170 28 28 30 65 36 26 25
leaf_count=170 28 28 30 65 36 26 25
internal_value=0.000128105 0.000274941 0.000678595 0.000157448 0.000289123 -0.000504205 -5.43905e-05
internal_weight=408 354 58 296 206 54 90
internal_count=408 354 58 296 206 54 90
is_linear=0
shrinkage=0.0167612


Tree=292
num_leaves=6
num_cat=0
split_feature=4 55 102 107 3
split_gain=0.0893209 0.0963509 0.0551557 0.0418844 0.0340885
threshold=285.00000000000006 22.000000000000004 24965.888569203486 1.0000000180025095e-35 2.5000000000000004
decision_type=2 8 10 10 2
left_child=1 -1 4 -4 -3
right_child=-2 2 3 -5 -6
leaf_value=-0.00058104878938439642 0.00064724871119426549 -0.00034416662735850621 0.00071470219078382852 0.00010946384811310578 6.1801422329460859e-05
leaf_weight=28 45 35 48 50 202
leaf_count=28 45 35 48 50 202
internal_value=0.00012536 1.53187e-05 0.000113006 0.000402296 8.26056e-06
internal_weight=408 363 335 98 237
internal_count=408 363 335 98 237
is_linear=0
shrinkage=0.0167612


Tree=293
num_leaves=6
num_cat=0
split_feature=2 13 30 199 77
split_gain=0.172303 0.186951 0.103058 0.0747617 0.0214828
threshold=2023.5000000000002 238015.73506944449 187.50000000000003 1.0000000180025095e-35 1.0000000180025095e-35
decision_type=2 2 8 8 10
left_child=-1 -2 4 -4 -3
right_child=1 2 3 -5 -6
leaf_value=0.00083217395261724135 0.0008014579543071293 1.7615128244794839e-05 -0.0007032349243526212 -7.0036143079567527e-05 0.00037789197704522662
leaf_weight=47 35 107 92 87 40
leaf_count=47 35 107 92 87 40
internal_value=0.00012318 6.06362e-06 -0.000130329 -0.000396037 0.000118459
internal_weight=408 361 326 179 147
internal_count=408 361 326 179 147
is_linear=0
shrinkage=0.0167612


Tree=294
num_leaves=8
num_cat=0
split_feature=2 148 199 175 21 55 27
split_gain=0.16769 0.0480383 0.0804309 0.0685871 0.0351946 0.027705 0.00368669
threshold=2023.5000000000002 76.952747252747272 1.0000000180025095e-35 5.5000000000000009 933322.69444444461 59.000000000000007 1.9100000000000004
decision_type=2 8 8 10 8 8 10
left_child=-1 4 3 -3 5 -2 -4
right_child=1 2 6 -5 -6 -7 -8
leaf_value=0.00082203936938937065 -0.00022928726502909763 -0.00014428571036225387 0.00016949465392167848 -0.00069515833089241284 0.00056538650260605397 0.00019323804022103861 3.6411169277027909e-05
leaf_weight=47 25 37 76 83 33 82 25
leaf_count=47 25 37 76 83 33 82 25
internal_value=0.00012263 6.03657e-06 -0.000146419 -0.000429915 0.00021198 3.15221e-05 8.51138e-05
internal_weight=408 361 221 120 140 107 101
internal_count=408 361 221 120 140 107 101
is_linear=0
shrinkage=0.0167612


Tree=295
num_leaves=10
num_cat=0
split_feature=10 13 118 143 175 52 203 13 185
split_gain=0.0443194 0.118047 0.0710981 0.0718494 0.0643556 0.0642158 0.0602944 0.0151151 0.00541546
threshold=-0.24999999999999994 1134512.5269868083 91.500000000000014 1.0000000180025095e-35 23.500000000000004 1.0000000180025095e-35 845259.34966997954 336536.49603174604 0.34814814814814821
decision_type=2 2 8 10 10 8 8 2 8
left_child=1 4 6 7 5 -1 8 -4 -2
right_child=2 -3 3 -5 -6 -7 -8 -9 -10
leaf_value=6.7098721198746096e-05 0.00025584033369917953 -0.00021012845249177532 0.00020038606296507677 -0.00065310368735995849 0.0010935506432653416 0.0006252066116783756 5.4317249415233735e-05 -0.00012271868775265836 0.00081324007111502697
leaf_weight=70 24 33 29 49 26 55 27 59 36
leaf_count=70 24 33 29 49 26 55 27 59 36
internal_value=0.000121884 0.000299796 9.3765e-06 -0.000243262 0.000526344 0.000318397 0.000278771 -4.26157e-05 0.000584357
internal_weight=408 184 224 137 151 125 87 88 60
internal_count=408 184 224 137 151 125 87 88 60
is_linear=0
shrinkage=0.0167612


Tree=296
num_leaves=8
num_cat=0
split_feature=134 160 2 11 17 198 51
split_gain=0.0622497 0.0581506 0.211035 0.12987 0.119976 0.0472615 0.0456949
threshold=987115.97800925933 0.99999999998031086 2023.5000000000002 1.0000000180025095e-35 1.0000000180025095e-35 29.500000000000004 1.0000000180025095e-35
decision_type=8 8 2 2 10 10 10
left_child=6 5 3 -3 -4 -2 -1
right_child=1 2 4 -5 -6 -7 -8
leaf_value=-0.00010385057779621059 0.00086364586707312089 0.001421032399960754 -2.2983081017726243e-05 0.0003240103561554896 -0.00082646539678539997 0.00018776031819496618 -0.00079441678590616712
leaf_weight=47 29 27 216 24 37 28 25
leaf_count=47 29 27 216 24 37 28 25
internal_value=0 8.55383e-05 4.95446e-06 0.000740063 -0.000194425 0.000469041 -0.000364997
internal_weight=433 361 304 51 253 57 72
internal_count=433 361 304 51 253 57 72
is_linear=0
shrinkage=0.0167612


Tree=297
num_leaves=8
num_cat=1
split_feature=13 77 1 7 103 124 27
split_gain=0.131776 0.112288 0.110545 0.0982322 0.0393477 0.0327377 0.0120732
threshold=372864.44781209779 1.0000000180025095e-35 0 1.0000000180025095e-35 69383.287581141078 1.0000000180025095e-35 2.5900000000000003
decision_type=2 8 1 2 10 10 10
left_child=1 6 4 -4 -2 -5 -1
right_child=2 -3 3 5 -6 -7 -8
leaf_value=0.00025940490654488801 0.00042483978725054496 0.0010262500229439907 -0.0006572259204059304 -0.00019281764486549832 3.3476688914501362e-05 0.00030283817040256092 3.0448273541800406e-06
leaf_weight=25 62 35 140 33 57 30 51
leaf_count=25 62 35 140 33 57 30 51
internal_value=0 0.000427923 -0.000165536 -0.000395465 0.000135569 -9.04811e-05 8.4466e-05
internal_weight=433 111 322 203 119 63 76
internal_count=433 111 322 203 119 63 76
cat_boundaries=0 1
cat_threshold=40
is_linear=0
shrinkage=0.0167612


Tree=298
num_leaves=7
num_cat=0
split_feature=134 206 13 7 21 38
split_gain=0.0672859 0.0683782 0.147714 0.133593 0.0160773 0.00712317
threshold=856929.05991612573 1.0000000180025095e-35 906805.9900284902 1.0000000180025095e-35 808703.34455555561 33.500000000000007
decision_type=8 8 2 2 10 10
left_child=5 2 3 -2 -4 -1
right_child=1 -3 4 -5 -6 -7
leaf_value=-0.00067638636700269273 0.00018675773605084195 -0.00023564798079204661 -0.0005603349111337455 0.0010338438166366155 -0.00011184683977329258 -0.00014302384020654699
leaf_weight=28 175 80 35 52 29 34
leaf_count=28 175 80 35 52 29 34
internal_value=0 8.19879e-05 0.000216441 0.000431217 -0.000285387 -0.000403199
internal_weight=433 371 291 227 64 62
internal_count=433 371 291 227 64 62
is_linear=0
shrinkage=0.0167612


Tree=299
num_leaves=7
num_cat=1
split_feature=201 27 4 1 124 54
split_gain=0.0451891 0.153283 0.0642115 0.178319 0.0428562 0.0384873
threshold=2.6481481481481484 2.2050000000000005 177.00000000000003 0 1.0000000180025095e-35 1.0000000180025095e-35
decision_type=8 8 2 1 10 8
left_child=-1 4 3 -3 -2 -4
right_child=1 2 5 -5 -6 -7
leaf_value=-0.00038548814901720024 0.0010317903019430186 0.00016062674544967985 8.8195992657588227e-05 -0.00056351396686401059 0.00027855690940691908 0.00061999238116809176
leaf_weight=40 41 119 37 142 25 29
leaf_count=40 41 119 37 142 25 29
internal_value=0 5.26844e-05 -6.57627e-05 -0.000204481 0.000651147 0.00026279
internal_weight=433 393 327 261 66 66
internal_count=433 393 327 261 66 66
cat_boundaries=0 1
cat_threshold=12
is_linear=0
shrinkage=0.0167612


Tree=300
num_leaves=6
num_cat=0
split_feature=206 134 6 77 148
split_gain=0.03033 0.0779808 0.05449 0.0288624 0.0124355
threshold=1.0000000180025095e-35 714215.90909090929 1.5000000000000002 1.0000000180025095e-35 15.91666666666667
decision_type=8 8 2 10 8
left_child=1 -1 -2 4 -3
right_child=2 3 -4 -5 -6
leaf_value=-0.00036918042708091283 -7.1626958612798389e-05 -6.984914490306611e-05 -0.00062755069378085573 0.000448593089848695 0.00013036148993553814
leaf_weight=48 45 38 35 69 198
leaf_count=48 45 38 35 69 198
internal_value=0 6.25497e-05 -0.000244078 0.000182175 6.48307e-05
internal_weight=433 353 80 305 236
internal_count=433 353 80 305 236
is_linear=0
shrinkage=0.0167612


Tree=301
num_leaves=7
num_cat=0
split_feature=2 91 132 214 143 93
split_gain=0.185199 0.0692785 0.0614851 0.0380525 0.0831947 0.0237441
threshold=2023.5000000000002 11.500000000000002 1.0000000180025095e-35 112512.53483606559 1.0000000180025095e-35 1.0000000180025095e-35
decision_type=2 10 8 10 10 10
left_child=1 -1 5 4 -4 -2
right_child=2 -3 3 -5 -6 -7
leaf_value=0.0003061192447236459 9.0293343741474088e-06 0.001285161544062115 -0.00020082577527424393 -5.6187797866247716e-05 -0.0010643979481335499 0.00038149644567669135
leaf_weight=25 123 26 85 120 30 24
leaf_count=25 123 26 85 120 30 24
internal_value=0 0.000715576 -0.000127037 -0.000298592 -0.000508528 6.84502e-05
internal_weight=433 51 382 235 115 147
internal_count=433 51 382 235 115 147
is_linear=0
shrinkage=0.0167612


Tree=302
num_leaves=5
num_cat=0
split_feature=55 134 206 27
split_gain=0.0757615 0.0748174 0.0323241 0.0651392
threshold=32.500000000000007 670342.50000000012 1.0000000180025095e-35 3.0650000000000004
decision_type=8 10 8 10
left_child=-1 2 3 -2
right_child=1 -3 -4 -5
leaf_value=-0.00048049989395300668 -7.5197670630649244e-05 0.00063318183134700894 -0.00023600559346826215 0.00035339362126072778
leaf_weight=45 155 25 80 128
leaf_count=45 155 25 80 128
internal_value=0 7.29121e-05 3.57035e-06 8.87383e-05
internal_weight=433 388 363 283
internal_count=433 388 363 283
is_linear=0
shrinkage=0.0167612


Tree=303
num_leaves=9
num_cat=0
split_feature=77 25 143 27 184 184 106 27
split_gain=0.0329103 0.124661 0.0394804 0.0767166 0.0349349 0.00873176 0.00450318 0.000882643
threshold=1.0000000180025095e-35 2.7029411764705888 1.0000000180025095e-35 3.0250000000000004 9.5000000000000018 41.500000000000007 192684.66415094343 1.2900000000000003
decision_type=10 8 8 8 10 10 10 10
left_child=2 -2 4 5 -1 -4 -6 -5
right_child=1 -3 3 7 6 -7 -8 -9
leaf_value=0.00037682140239147436 -0.00020046223882948645 0.00068150111246326596 -0.00094459250867743813 -4.8690548032964844e-05 -0.00010083798777860529 -0.00027971680218995487 1.0144450459663356e-05 1.4824952496581419e-05
leaf_weight=44 27 58 32 75 89 26 32 50
leaf_count=44 27 58 32 75 89 26 32 50
internal_value=0 0.000243478 -7.18628e-05 -0.000241561 5.94795e-05 -0.000645712 -2.68934e-06 -3.14211e-05
internal_weight=433 85 348 183 165 58 121 125
internal_count=433 85 348 183 165 58 121 125
is_linear=0
shrinkage=0.0167612


Tree=304
num_leaves=8
num_cat=0
split_feature=2 11 118 134 30 27 132
split_gain=0.138459 0.214765 0.0289137 0.0797536 0.0561571 0.0299023 0.00308072
threshold=2023.5000000000002 -1.0000000180025095e-35 -1.4999999999999998 769266.94408369425 76.000000000000014 3.5350000000000006 1.0000000180025095e-35
decision_type=2 2 10 8 10 8 10
left_child=1 -1 5 -4 -5 -2 -7
right_child=2 -3 3 4 -6 6 -8
leaf_value=0.0013838532810316851 -0.00051955352144577227 0.00018721385590286384 -0.00043243543119690468 0.00041517536573211072 -0.00010226207119808938 -1.2679403950527918e-05 -0.00016039742955835756
leaf_weight=27 76 28 48 103 27 104 34
leaf_count=27 76 28 48 103 27 104 34
internal_value=-1.98073e-05 0.000565843 -0.000146225 -1.38951e-05 0.000197948 -0.000273007 -8.32315e-05
internal_weight=447 55 392 178 130 214 138
internal_count=447 55 392 178 130 214 138
is_linear=0
shrinkage=0.0167612


Tree=305
num_leaves=9
num_cat=0
split_feature=134 107 13 131 199 143 80 35
split_gain=0.0542774 0.107154 0.0529133 0.0881122 0.0591998 0.0397412 0.0242569 0.0602853
threshold=856929.05991612573 1.0000000180025095e-35 853407.60098755418 3.5000000000000004 1.0000000180025095e-35 1.0000000180025095e-35 898411.66666666686 713893.11367140815
decision_type=8 10 2 10 10 10 8 10
left_child=1 -1 3 5 -5 -2 -4 -8
right_child=2 -3 6 4 -6 -7 7 -9
leaf_value=-0.00094971369807465562 6.8181100778716867e-06 -0.00015626011768140702 -0.0001097265355109802 0.00063684114348326571 0.00018052055237205777 -0.00042418608053656847 -0.00084715710287656888 -0.00019868737703044546
leaf_weight=30 140 29 25 110 27 31 30 25
leaf_count=30 140 29 25 110 27 31 30 25
internal_value=-2.0392e-05 -0.000398711 3.03517e-05 0.00014672 0.000441297 -3.74319e-05 -0.000256494 -0.000464446
internal_weight=447 59 388 308 137 171 80 55
internal_count=447 59 388 308 137 171 80 55
is_linear=0
shrinkage=0.0167612


Tree=306
num_leaves=7
num_cat=0
split_feature=27 3 175 3 88 43
split_gain=0.0606301 0.0600506 0.0994706 0.0383904 0.0431396 0.0375192
threshold=1.5600000000000003 5.5000000000000009 1.0000000180025095e-35 7.5000000000000009 3.5000000000000004 1.0000000180025095e-35
decision_type=8 2 8 2 10 8
left_child=-1 2 -2 5 -5 -3
right_child=1 3 -4 4 -6 -7
leaf_value=0.0004070229697864618 9.4629686348016119e-05 9.4393740674843916e-05 -0.00060535612212430279 -0.00035468994283353145 4.1952761672847387e-05 0.0006034513435723538
leaf_weight=39 24 39 114 73 120 38
leaf_count=39 24 39 114 73 120 38
internal_value=-2.02639e-05 -9.85676e-05 -0.000357438 6.53806e-06 -7.15663e-05 0.000291357
internal_weight=447 408 138 270 193 77
internal_count=447 408 138 270 193 77
is_linear=0
shrinkage=0.0167612


Tree=307
num_leaves=8
num_cat=0
split_feature=2 107 85 29 132 118 142
split_gain=0.132334 0.112981 0.0410499 0.0498867 0.0498563 0.016719 0.00718965
threshold=2023.5000000000002 1.0000000180025095e-35 801460.24285714293 115.00000000000001 1.0000000180025095e-35 59.500000000000007 -8.348011099999999
decision_type=2 10 10 10 10 8 8
left_child=1 -1 4 -4 6 -6 -2
right_child=2 -3 3 -5 5 -7 -8
leaf_value=0.00021251552418931869 -7.6164098368852631e-06 0.0011901338307245208 0.00045383315198613326 -8.7949418098509421e-05 -0.00015102056277817806 -0.00067324877239349214 -0.000137723250707169
leaf_weight=30 106 25 41 33 42 75 95
leaf_count=30 106 25 41 33 42 75 95
internal_value=-1.85724e-05 0.000553622 -0.000142575 8.55119e-05 -0.000238263 -0.000490383 -5.08115e-05
internal_weight=447 55 392 74 318 117 201
internal_count=447 55 392 74 318 117 201
is_linear=0
shrinkage=0.0167612


Tree=308
num_leaves=6
num_cat=0
split_feature=55 134 77 109 19
split_gain=0.075389 0.0546454 0.0276567 0.0205472 0.0182766
threshold=22.000000000000004 670342.50000000012 1.0000000180025095e-35 578866.04484029498 4.5000000000000009
decision_type=8 10 10 8 10
left_child=-1 2 4 -4 -2
right_child=1 -3 3 -5 -6
leaf_value=-0.00053106786297362363 -0.00018365317855198883 0.00049956230824032644 7.8372810354906741e-05 0.00040366624620788628 1.4995373042829098e-05
leaf_weight=38 218 28 30 49 84
leaf_count=38 218 28 30 49 84
internal_value=-1.78639e-05 2.96953e-05 -1.06985e-06 0.000204168 -9.26957e-05
internal_weight=447 409 381 79 302
internal_count=447 409 381 79 302
is_linear=0
shrinkage=0.0167612


Tree=309
num_leaves=7
num_cat=0
split_feature=148 175 47 171 13 77
split_gain=0.0256233 0.0602312 0.0509652 0.0235681 0.0362484 0.00382093
threshold=16.786641929499073 27.500000000000004 1.0000000180025095e-35 1.0000000180025095e-35 1098847.237734488 1.0000000180025095e-35
decision_type=8 10 8 8 2 8
left_child=2 3 -1 4 -2 -5
right_child=1 -3 -4 5 -6 -7
leaf_value=-0.00057805415215788605 0.00016708688538541206 0.00043839236185004408 -9.5714908612335895e-05 -0.00042737129616355116 -0.00025323183863000141 -8.8455010485505943e-05
leaf_weight=45 164 50 31 24 36 97
leaf_count=45 164 50 31 24 36 97
internal_value=-1.70076e-05 1.82233e-05 -0.000254467 -3.9031e-05 2.80664e-05 -0.000214421
internal_weight=447 371 76 321 200 121
internal_count=447 371 76 321 200 121
is_linear=0
shrinkage=0.0167612


Tree=310
num_leaves=8
num_cat=0
split_feature=13 13 131 40 52 107 10
split_gain=0.0674483 0.0827268 0.0661943 0.0301948 0.0182456 0.0228448 0.00160793
threshold=307979.10695084493 238015.73506944449 2.5000000000000004 1.0000000180025095e-35 1.0000000180025095e-35 1.0000000180025095e-35 -1.0000000180025095e-35
decision_type=2 2 10 8 10 10 2
left_child=1 -1 3 -2 5 -4 -6
right_child=2 -3 4 -5 6 -7 -8
leaf_value=0.00071741590797437321 -0.00011515767447464739 6.9768342505682656e-05 1.2157901477759078e-06 -0.00062628473052675244 -7.7190950042704267e-05 0.00025512142594456849 -0.00030272191325765412
leaf_weight=51 48 30 82 75 26 108 27
leaf_count=51 48 30 82 75 26 108 27
internal_value=-1.67222e-05 0.00032338 -0.000127628 -0.000410899 -9.1155e-06 9.55688e-05 -0.000184569
internal_weight=447 81 366 123 243 190 53
internal_count=447 81 366 123 243 190 53
is_linear=0
shrinkage=0.0167612


Tree=311
num_leaves=9
num_cat=0
split_feature=55 13 77 45 7 85 172 45
split_gain=0.0437675 0.0920974 0.117432 0.0697021 0.0247386 0.0161913 0.00489155 0.000265356
threshold=55.500000000000007 461840.98791666672 1.0000000180025095e-35 1.0000000180025095e-35 1.0000000180025095e-35 1453133.1492236026 1.0000000180025095e-35 1.0000000180025095e-35
decision_type=8 2 10 10 2 10 10 8
left_child=5 2 6 7 -5 -1 -2 -3
right_child=1 3 -4 4 -6 -7 -8 -9
leaf_value=-0.000596770592771308 0.00011586619915427131 -0.00081711394876328512 0.00094453778183870745 -7.8218483899052869e-05 0.0002872142149677735 -0.00015211881846846761 2.6977693699572556e-05 -0.00029013297085234195
leaf_weight=35 105 25 34 113 34 25 31 45
leaf_count=35 105 25 34 113 34 25 31 45
internal_value=-1.68592e-05 2.72623e-05 0.00031024 -0.000158633 -1.78944e-05 -0.000355589 7.17227e-05 -0.000522761
internal_weight=447 387 170 217 147 60 136 70
internal_count=447 387 170 217 147 60 136 70
is_linear=0
shrinkage=0.0167612


Tree=312
num_leaves=10
num_cat=0
split_feature=13 143 31 43 27 187 209 18 23
split_gain=0.0738126 0.105247 0.0941288 0.0683789 0.0676382 0.0687111 0.0346619 0.0232146 0.00114443
threshold=919756.52302631584 1.0000000180025095e-35 1.0000000180025095e-35 1.0000000180025095e-35 2.7950000000000004 1.0000000180025095e-35 0.039480519480519456 1.0000000180025095e-35 1.0000000180025095e-35
decision_type=2 10 10 10 10 10 10 10 8
left_child=1 2 8 -4 5 -3 -2 -6 -1
right_child=6 4 3 -5 7 -7 -8 -9 -10
leaf_value=-3.0479446449619567e-05 -0.00072855604011369654 -0.00099136304322608101 0.0011103839728175771 0.00022583230860046387 -0.00020023082491893166 -0.00024471980273546205 -0.00016704568966075762 0.00020450749711968535 4.7270050260795064e-05
leaf_weight=45 48 39 39 37 39 27 31 45 81
leaf_count=45 48 39 39 37 39 27 31 45 81
internal_value=-5.80869e-05 2.00255e-05 0.000273801 0.000672892 -0.000251406 -0.000598237 -0.000444106 -4.57581e-05 3.53685e-05
internal_weight=431 352 202 76 150 66 79 84 126
internal_count=431 352 202 76 150 66 79 84 126
is_linear=0
shrinkage=0.0167612


Tree=313
num_leaves=8
num_cat=0
split_feature=175 27 75 77 131 148 110
split_gain=0.0552296 0.065461 0.0289156 0.0253178 0.0225303 0.00672301 0.00919988
threshold=22.000000000000004 3.3750000000000004 1.1607859393656408 1.0000000180025095e-35 2.5000000000000004 69.215384615384622 1.0000000180025095e-35
decision_type=10 10 8 10 8 8 8
left_child=4 2 -2 -3 -1 -6 -7
right_child=1 3 -4 -5 5 6 -8
leaf_value=0.00035790457575475857 -0.00022607692404625523 -0.0001138436700856238 -0.00069919817092037448 0.00030292691747939299 0.0001243312484124169 -0.00017765463433304051 -5.9036998565999054e-06
leaf_weight=28 25 36 81 25 64 64 108
leaf_count=28 25 36 81 25 64 64 108
internal_value=-5.69238e-05 -0.000282349 -0.000528472 -5.9993e-05 6.01751e-05 4.41597e-06 -4.00172e-05
internal_weight=431 167 106 61 264 236 172
internal_count=431 167 106 61 264 236 172
is_linear=0
shrinkage=0.0167612


Tree=314
num_leaves=7
num_cat=1
split_feature=4 1 170 35 113 113
split_gain=0.0493255 0.0469507 0.0471815 0.0320981 0.0212725 0.0211754
threshold=30.500000000000004 0 1.0000000180025095e-35 656555.58531746047 46129.541416896362 165771.10802202916
decision_type=2 1 8 10 10 8
left_child=-1 2 -2 4 -3 -4
right_child=1 3 5 -5 -6 -7
leaf_value=0.00032021983287459541 -8.2676408548531396e-05 -7.7151244321422818e-06 -0.00018967919829376346 0.00029908875433281678 -0.00034742132593189046 -0.00069195585712846452
leaf_weight=38 53 149 33 51 28 79
leaf_count=38 53 149 33 51 28 79
internal_value=-5.48689e-05 -0.000127798 -0.000317118 -9.68267e-06 -6.92196e-05 -0.000524576
internal_weight=431 393 165 228 177 112
internal_count=431 393 165 228 177 112
cat_boundaries=0 1
cat_threshold=22
is_linear=0
shrinkage=0.0167612


Tree=315
num_leaves=7
num_cat=0
split_feature=148 143 13 45 18 174
split_gain=0.067832 0.0191248 0.0693807 0.0270796 0.0129459 0.00961204
threshold=14.150793650793654 1.0000000180025095e-35 906805.9900284902 1.0000000180025095e-35 1.0000000180025095e-35 3.1651785714285716
decision_type=8 10 2 10 10 10
left_child=-1 2 3 -2 5 -3
right_child=1 4 -4 -5 -6 -7
leaf_value=-0.00045859352495863687 0.0001058281862502964 -0.00040681235221675988 -0.0002324212558049955 0.00056386780847597975 -2.4525454661234276e-05 -8.6767590333599825e-05
leaf_weight=63 127 37 52 58 60 34
leaf_count=63 127 37 52 58 60 34
internal_value=-5.29727e-05 1.00774e-05 0.000115287 0.000288614 -0.000103257 -0.000244607
internal_weight=431 368 237 185 131 71
internal_count=431 368 237 185 131 71
is_linear=0
shrinkage=0.0167612


Tree=316
num_leaves=7
num_cat=0
split_feature=55 140 11 143 187 110
split_gain=0.0331319 0.0101988 0.0328399 0.0813444 0.0210595 0.00671024
threshold=42.500000000000007 1.0000000180025095e-35 -1.0000000180025095e-35 1.0000000180025095e-35 1.0000000180025095e-35 1.0000000180025095e-35
decision_type=8 10 2 10 10 10
left_child=-1 4 5 -4 -2 -3
right_child=1 2 3 -5 -6 -7
leaf_value=-0.00036898122073360527 1.0064914862173532e-05 1.8092114011534655e-05 2.2424953256407259e-05 -0.00059729714044942325 0.00032718152954100849 0.00017874187392130907
leaf_weight=45 137 41 40 71 42 55
leaf_count=45 137 41 40 71 42 55
internal_value=-5.24163e-05 -2.42084e-06 -7.41396e-05 -0.000268658 8.38398e-05 5.77794e-05
internal_weight=431 386 207 111 179 96
internal_count=431 386 207 111 179 96
is_linear=0
shrinkage=0.0167612


Tree=317
num_leaves=8
num_cat=0
split_feature=2 175 29 132 189 46 10
split_gain=0.0600756 0.0415932 0.0483504 0.0221497 0.0201313 0.00488223 0.0388253
threshold=2023.5000000000002 1.0000000180025095e-35 294.00000000000006 1.0000000180025095e-35 1.0000000180025095e-35 0.92177674755467398 0.25000000000000011
decision_type=2 10 8 10 10 8 2
left_child=-1 5 3 -3 -4 -2 -7
right_child=1 2 4 -5 -6 6 -8
leaf_value=0.00033685287961908976 7.9679674213049864e-07 0.00015350663334923837 -0.00018835733649275713 -0.00018165270553962775 -0.00077655761598045966 1.319976433980413e-05 0.00042927090776931359
leaf_weight=48 26 41 45 97 54 81 39
leaf_count=48 26 41 45 97 54 81 39
internal_value=-5.11555e-05 -0.000137383 -0.00027453 -4.23849e-05 -0.000530954 1.25867e-05 9.97389e-05
internal_weight=431 383 237 138 99 146 120
internal_count=431 383 237 138 99 146 120
is_linear=0
shrinkage=0.0167612


Tree=318
num_leaves=9
num_cat=0
split_feature=175 161 13 214 77 89 11 176
split_gain=0.0662212 0.0417166 0.0558942 0.0475897 0.0371046 0.133782 0.0250164 0.00945302
threshold=15.000000000000002 56385532.215057991 673048.53387445898 475264.87274693587 1.0000000180025095e-35 10.500000000000002 0.25000000000000017 1.0000000180025095e-35
decision_type=10 10 2 8 10 10 2 8
left_child=1 2 -1 -3 5 -2 -6 -4
right_child=4 3 7 -5 6 -7 -8 -9
leaf_value=0.00017793399459017597 -0.0010205335799080631 0.00014224688794201761 -0.00056946727378787035 0.00063445281270456714 0.00015384786718465704 -0.0001035093933097417 -0.00026572177470004203 -0.0001307286558279422
leaf_weight=89 43 29 33 56 49 66 36 30
leaf_count=89 43 29 33 56 49 66 36 30
internal_value=-5.00768e-05 0.000100898 9.53248e-06 0.000362955 -0.000272747 -0.000469021 -4.91634e-05 -0.00034056
internal_weight=431 237 152 85 194 109 85 63
internal_count=431 237 152 85 194 109 85 63
is_linear=0
shrinkage=0.0167612


Tree=319
num_leaves=9
num_cat=0
split_feature=148 202 124 4 27 192 47 190
split_gain=0.0439578 0.0303696 0.021612 0.0380738 0.0588705 0.0210136 0.0144028 0.0149132
threshold=18.952380952380956 1.0000000180025095e-35 1.0000000180025095e-35 177.00000000000003 3.3750000000000004 1.0000000180025095e-35 1.0000000180025095e-35 798565.86373928993
decision_type=8 8 10 2 8 10 10 8
left_child=1 -1 3 5 -5 -2 7 -4
right_child=2 -3 6 4 -6 -7 -8 -9
leaf_value=-0.00010951819655417282 -0.00010935317391742276 -0.00062681060541909387 -0.00011570161478930044 0.00016744629556605429 0.0008327382016042748 0.00021069104509004332 -2.9501688826999615e-05 -0.00045959250157263329
leaf_weight=40 117 41 26 28 28 55 58 38
leaf_count=40 117 41 26 28 28 55 58 38
internal_value=-4.93004e-05 -0.0003439 6.60901e-06 0.000119152 0.000418295 1.16787e-05 -0.00012105 -0.000276651
internal_weight=431 81 350 228 56 172 122 64
internal_count=431 81 350 228 56 172 122 64
is_linear=0
shrinkage=0.0167612


Tree=320
num_leaves=8
num_cat=0
split_feature=31 13 106 74 25 20 13
split_gain=0.0468288 0.144903 0.0454324 0.0171298 0.0140676 0.0109424 0.0366404
threshold=1.0000000180025095e-35 769714.2857142858 284293.49512987019 19.500000000000004 3.7559523809523814 1.0000000180025095e-35 414466.66666666669
decision_type=8 2 10 10 8 8 2
left_child=3 5 4 -1 -3 -2 -7
right_child=1 2 -4 -5 -6 6 -8
leaf_value=-0.00038489929922746433 0.00061849851153003641 -0.0001269793689642392 6.4714624283132354e-05 -5.701286420156786e-05 -0.00056521609489384864 0.0004708526385832663 6.3148846126374273e-05
leaf_weight=32 141 36 50 29 51 38 47
leaf_count=32 141 36 50 29 51 38 47
internal_value=0.00013951 0.000221956 -0.000113529 -0.000145473 -0.000371555 0.000477503 0.000221945
internal_weight=424 363 137 61 87 226 85
internal_count=424 363 137 61 87 226 85
is_linear=0
shrinkage=0.0167612


Tree=321
num_leaves=7
num_cat=1
split_feature=0 134 112 31 185 17
split_gain=0.122485 0.096228 0.0816688 0.072291 0.0946655 0.0036487
threshold=0 271029.22297297302 1.0000000180025095e-35 1.0000000180025095e-35 0.34814814814814821 1.0000000180025095e-35
decision_type=9 10 8 8 8 10
left_child=1 2 5 -2 -5 -1
right_child=3 -3 -4 4 -6 -7
leaf_value=-5.499145764162558e-05 -5.8094642286269786e-05 0.00020022128867058886 -0.0010254005631044163 7.5923244463232777e-05 0.00060502614031562234 -0.00017614701836047458
leaf_weight=31 35 26 36 54 212 30
leaf_count=31 35 26 36 54 212 30
internal_value=0.000136982 -0.000211586 -0.000525554 0.000316881 0.000441698 -0.0001462
internal_weight=424 123 97 301 266 61
internal_count=424 123 97 301 266 61
cat_boundaries=0 1
cat_threshold=33563794
is_linear=0
shrinkage=0.0167612


Tree=322
num_leaves=6
num_cat=0
split_feature=13 134 42 21 47
split_gain=0.227956 0.113786 0.0794752 0.0109603 0.00420286
threshold=955858.98410087731 351128.0800186742 1.0000000180025095e-35 738249.55952380958 0.28333333333333338
decision_type=2 10 10 8 10
left_child=2 -2 3 -1 -4
right_child=1 -3 4 -5 -6
leaf_value=0.00016128283147334775 -0.0010389549269246834 -0.0001504229579870493 1.1584345794175569e-05 0.00058160708976691226 -0.00012064514695989371
leaf_weight=53 41 42 69 192 27
leaf_count=53 41 42 69 192 27
internal_value=0.00013336 -0.000488442 0.000333509 0.00049521 5.43503e-05
internal_weight=424 83 341 245 96
internal_count=424 83 341 245 96
is_linear=0
shrinkage=0.0167612


Tree=323
num_leaves=6
num_cat=0
split_feature=27 170 31 30 30
split_gain=0.0483418 0.0761623 0.00990226 0.00843479 0.00851793
threshold=1.2900000000000003 1.0000000180025095e-35 1.0000000180025095e-35 12.500000000000002 71.500000000000014
decision_type=8 8 10 8 8
left_child=-1 2 -2 -3 -5
right_child=1 3 -4 4 -6
leaf_value=0.00054482376556387016 -0.00041785260349633648 7.8210243690934428e-05 -5.149754142882356e-05 0.00046502869592378733 0.00014067535265429465
leaf_weight=39 53 32 66 54 180
leaf_count=39 53 32 66 54 180
internal_value=0.000130639 4.97439e-05 -0.000233345 0.000212114 0.00025676
internal_weight=424 385 119 266 234
internal_count=424 385 119 266 234
is_linear=0
shrinkage=0.0167612


Tree=324
num_leaves=5
num_cat=0
split_feature=31 190 55 20
split_gain=0.0421951 0.0803267 0.113743 0.0271568
threshold=1.0000000180025095e-35 595564.14029697911 15.500000000000002 1.0000000180025095e-35
decision_type=8 10 10 8
left_child=-1 3 -3 -2
right_child=1 2 -4 -5
leaf_value=-0.00013989565651606855 0.00054561092644911521 -0.00051111377890371583 0.00029071586540507425 0.00012810219592963696
leaf_weight=61 139 64 48 112
leaf_count=61 139 64 48 112
internal_value=0.000128716 0.000207744 -6.09048e-05 0.000375879
internal_weight=424 363 112 251
internal_count=424 363 112 251
is_linear=0
shrinkage=0.0167612


Tree=325
num_leaves=6
num_cat=0
split_feature=55 31 20 161 20
split_gain=0.0831209 0.0423388 0.0273734 0.00737824 0.00173402
threshold=28.500000000000004 1.0000000180025095e-35 1.0000000180025095e-35 54136355.505383603 1.0000000180025095e-35
decision_type=8 8 8 10 10
left_child=-1 -2 3 -3 -4
right_child=1 2 4 -5 -6
leaf_value=-0.00036701787635368577 -3.0256939014084455e-05 0.00016693734534576235 7.6855845526011167e-05 0.00047148628199284901 1.7221332588992151e-05
leaf_weight=36 57 28 82 179 42
leaf_count=36 57 28 82 179 42
internal_value=0.000126229 0.000214102 0.000296735 0.000417023 5.59198e-05
internal_weight=424 388 331 207 124
internal_count=424 388 331 207 124
is_linear=0
shrinkage=0.0167612


Tree=326
num_leaves=6
num_cat=0
split_feature=2 199 203 127 134
split_gain=0.107095 0.040915 0.0431921 0.0977122 0.0173785
threshold=2023.5000000000002 1.0000000180025095e-35 358886.18570261449 1.0000000180025095e-35 714215.90909090929
decision_type=2 8 10 10 8
left_child=-1 2 3 -2 -4
right_child=1 -3 4 -5 -6
leaf_value=0.00067730627039646718 -5.6775062538469701e-05 0.00023685084729264158 -8.8178744410313524e-05 -0.00084093208001432683 0.00019043762428371712
leaf_weight=49 84 124 32 36 99
leaf_count=49 84 124 32 36 99
internal_value=0.000123021 5.84046e-06 -9.25905e-05 -0.000311936 3.98487e-05
internal_weight=424 375 251 120 131
internal_count=424 375 251 120 131
is_linear=0
shrinkage=0.0167612


Tree=327
num_leaves=6
num_cat=0
split_feature=161 13 27 13 20
split_gain=0.0457499 0.0733975 0.0513993 0.039832 0.0145028
threshold=55141403.473691531 322929.25907944521 3.3750000000000004 665017.50000000012 1.0000000180025095e-35
decision_type=8 2 10 2 8
left_child=3 -2 4 -1 -3
right_child=1 2 -4 -5 -6
leaf_value=-5.5413778764863007e-05 0.00061019377436547038 4.1367808473459328e-05 0.00042156873945318834 -0.00051131880953880565 -0.00016834246733249007
leaf_weight=34 71 132 54 31 102
leaf_count=34 71 132 54 31 102
internal_value=0.0001213 0.000205983 6.43674e-05 -0.000156217 -1.42158e-05
internal_weight=424 359 288 65 234
internal_count=424 359 288 65 234
is_linear=0
shrinkage=0.0167612


Tree=328
num_leaves=6
num_cat=0
split_feature=134 13 42 23 127
split_gain=0.0354859 0.196711 0.0724431 0.0413557 0.00339354
threshold=845755.05607461289 414466.66666666669 1.0000000180025095e-35 1.0000000180025095e-35 1.5000000000000002
decision_type=8 2 10 8 10
left_child=-1 3 4 -2 -3
right_child=1 2 -4 -5 -6
leaf_value=-0.00029137228512275248 0.00083289960292159927 -3.4692933971153422e-06 -0.00070082640883812437 0.00018960973912662401 -0.00010951591086200592
leaf_weight=50 78 164 27 59 65
leaf_count=50 78 164 27 59 65
internal_value=5.66081e-06 7.64983e-05 -0.000153023 0.000546192 -3.39106e-05
internal_weight=443 393 256 137 229
internal_count=443 393 256 137 229
is_linear=0
shrinkage=0.0167612


Tree=329
num_leaves=9
num_cat=0
split_feature=13 89 160 2 143 215 25 143
split_gain=0.127263 0.0608514 0.0588072 0.173728 0.0360416 0.0277472 0.000642811 0.0111458
threshold=603248.51836917584 24.500000000000004 0.99905580269415262 2023.5000000000002 1.0000000180025095e-35 0.068315034561738389 2.2066666666666674 1.0000000180025095e-35
decision_type=2 8 10 2 10 8 10 8
left_child=2 5 3 -1 -5 -2 -3 -8
right_child=1 6 -4 4 -6 -7 7 -9
leaf_value=0.001283318070869108 -0.00020949686534308946 2.1035499236637911e-05 -3.0898879234559468e-05 0.00033563159906559224 -1.6447207799547155e-05 -0.00069905207736054031 -1.379264501471246e-05 -0.00022714197006869474
leaf_weight=25 27 59 30 113 49 74 34 32
leaf_count=25 27 59 30 113 49 74 34 32
internal_value=4.33754e-06 -0.000234403 0.00028935 0.000433638 0.000194587 -0.000512132 -3.04899e-05 -3.88829e-05
internal_weight=443 226 217 187 162 101 125 66
internal_count=443 226 217 187 162 101 125 66
is_linear=0
shrinkage=0.0167612


Tree=330
num_leaves=10
num_cat=0
split_feature=160 11 143 45 19 192 107 13 127
split_gain=0.0405797 0.117474 0.265309 0.0520024 0.0403656 0.028556 0.0247317 0.0146232 0.010904
threshold=1.0739165705014055 0.25000000000000017 1.0000000180025095e-35 1.0000000180025095e-35 7.0000000000000009 1.0000000180025095e-35 1.0000000180025095e-35 763617.04545454553 1.0000000180025095e-35
decision_type=10 2 10 8 10 10 10 2 10
left_child=1 3 5 6 -4 -3 -1 -5 -2
right_child=8 2 4 7 -6 -7 -8 -9 -10
leaf_value=0.00035294575210463277 -0.00047618701089666642 3.920967346165577e-05 -0.0013131001058577008 0.00025901636866757156 -0.00039906901538421869 0.00046916351995732305 0.0011747290020459619 4.9525739738536124e-05 -0.00011277174807590417
leaf_weight=27 38 72 40 94 26 47 25 46 28
leaf_count=27 38 72 40 94 26 47 25 46 28
internal_value=4.1713e-06 8.74969e-05 -0.000154899 0.000370794 -0.000872907 0.000190254 0.000769331 0.000171415 -0.000281713
internal_weight=443 377 185 192 66 119 52 140 66
internal_count=443 377 185 192 66 119 52 140 66
is_linear=0
shrinkage=0.0167612


Tree=331
num_leaves=10
num_cat=0
split_feature=10 132 113 29 20 132 117 38 185
split_gain=0.0468697 0.0873978 0.143327 0.068901 0.0554576 0.108005 0.0169657 0.0558799 0.00146662
threshold=-0.24999999999999994 1.0000000180025095e-35 31130.871662734575 25.000000000000004 1.0000000180025095e-35 1.0000000180025095e-35 1.0000000180025095e-35 26.500000000000004 0.040833333333333312
decision_type=2 10 10 10 8 10 10 10 8
left_child=3 6 -3 4 5 -1 -2 -8 -5
right_child=1 2 -4 8 -6 -7 7 -9 -10
leaf_value=0.00022903921020609832 1.5623801759825844e-05 -0.00093706521810778883 -0.0001143731477129898 -2.5504378106782302e-05 0.00010433755138368269 0.0011936202264416543 0.00070059996383509268 0.00011663585367733536 -0.00014765196135678007
leaf_weight=38 77 59 50 25 57 38 24 27 48
leaf_count=38 77 59 50 25 57 38 24 27 48
internal_value=3.93503e-06 -0.000125827 -0.000449836 0.000190575 0.000422532 0.000694702 7.99896e-05 0.000285126 -5.96184e-05
internal_weight=443 237 109 206 133 76 128 51 73
internal_count=443 237 109 206 133 76 128 51 73
is_linear=0
shrinkage=0.0167612


Tree=332
num_leaves=8
num_cat=0
split_feature=209 27 45 155 187 21 200
split_gain=0.0267566 0.0317782 0.0885024 0.0709474 0.0212193 0.0217488 0.00437956
threshold=0.041241496598639411 2.8500000000000001 1.0000000180025095e-35 1.0000000180025095e-35 1.0000000180025095e-35 611891.66666666686 1.0000000180025095e-35
decision_type=8 10 10 10 8 10 8
left_child=4 3 -3 6 5 -1 -2
right_child=1 2 -4 -5 -6 -7 -8
leaf_value=-0.0001312470866216009 0.0001695887238707804 0.00067825142462309867 4.1089637594050737e-05 -0.00053237703497272762 -6.6844420662711627e-05 -0.00061741051488946666 1.2688845937500846e-05
leaf_weight=33 66 57 98 29 33 31 96
leaf_count=33 66 57 98 29 33 31 96
internal_value=3.46419e-06 8.72241e-05 0.000256535 -3.79313e-06 -0.000184865 -0.000362977 7.78624e-05
internal_weight=443 346 155 191 97 64 162
internal_count=443 346 155 191 97 64 162
is_linear=0
shrinkage=0.0167612


Tree=333
num_leaves=9
num_cat=0
split_feature=13 118 46 20 6 143 136 150
split_gain=0.0954202 0.0766684 0.0643266 0.0458044 0.0369252 0.0172131 0.00660552 0.0049508
threshold=689798.83333333337 56.500000000000007 0.85237179699117582 1.0000000180025095e-35 1.0000000180025095e-35 1.0000000180025095e-35 0.75000000000000011 1.0000000180025095e-35
decision_type=2 8 8 8 2 10 8 10
left_child=2 5 -1 4 -4 -2 -5 -3
right_child=1 7 3 6 -6 -7 -8 -9
leaf_value=-0.00020264684212769867 0.00018729843703368479 -0.00026549179742536166 0.00016978036598655743 -5.5227623354051108e-05 0.00070619492205798015 -0.00014344720820003387 0.00012683018318801083 -0.0008005094797578473
leaf_weight=24 53 41 39 31 95 40 73 47
leaf_count=24 53 41 39 31 95 40 73 47
internal_value=2.93517e-06 -0.000247173 0.000212071 0.000330399 0.000524047 -4.13626e-05 5.03326e-05 -0.000567865
internal_weight=443 181 262 238 134 93 104 88
internal_count=443 181 262 238 134 93 104 88
is_linear=0
shrinkage=0.0167612


Tree=334
num_leaves=8
num_cat=0
split_feature=11 143 160 54 124 201 168
split_gain=0.0677274 0.215838 0.0438446 0.0444904 0.0232063 0.00731226 0.00525639
threshold=0.6830127018922193 1.0000000180025095e-35 1.0883005473983423 1.0000000180025095e-35 1.0000000180025095e-35 3.5357142857142865 115.74135015000002
decision_type=2 10 10 10 8 8 8
left_child=2 4 3 6 -2 -4 -1
right_child=1 -3 5 -5 -6 -7 -8
leaf_value=5.7394271076597021e-05 0.00033238838432855837 -0.0010266711482500063 -0.00028497808878740882 0.00067595075900558378 1.1313153741388533e-05 -4.9831650826424205e-05 0.00015305324880660523
leaf_weight=24 35 41 32 35 46 25 205
leaf_count=24 35 41 32 35 46 25 205
internal_value=1.72169e-06 -0.000272896 0.000141245 0.00025046 3.91564e-05 -0.000116485 0.000131093
internal_weight=443 122 321 264 81 57 229
internal_count=443 122 321 264 81 57 229
is_linear=0
shrinkage=0.0167612


Tree=335
num_leaves=7
num_cat=0
split_feature=9 55 7 143 2 163
split_gain=0.0212779 0.0944032 0.0355736 0.076054 0.0295585 0.0102652
threshold=1.0000000180025095e-35 39.500000000000007 1.0000000180025095e-35 1.0000000180025095e-35 2024.5000000000002 7.0000000000000009
decision_type=2 8 2 10 2 8
left_child=1 -1 3 -3 -2 -4
right_child=4 2 5 -5 -6 -7
leaf_value=-0.00043750686617591511 -0.00045989329206538241 0.00028552155824682291 0.00069550847744850907 -0.00021836051471393913 -5.7955291776521242e-05 0.00020297471906017189
leaf_weight=41 37 163 42 93 41 26
leaf_count=41 37 163 42 93 41 26
internal_value=1.11228e-06 7.08623e-05 0.000188781 7.13242e-05 -0.000185087 0.000485328
internal_weight=443 365 324 256 78 68
internal_count=443 365 324 256 78 68
is_linear=0
shrinkage=0.0167612


Tree=336
num_leaves=7
num_cat=0
split_feature=137 6 27 9 124 140
split_gain=0.0502361 0.0448262 0.0386949 0.0223248 0.00831786 0.0062242
threshold=1.0000000180025095e-35 1.0000000180025095e-35 2.0350000000000006 1.0000000180025095e-35 1.0000000180025095e-35 1.0000000180025095e-35
decision_type=8 2 10 2 10 10
left_child=2 -2 4 5 -1 -4
right_child=1 -3 3 -5 -6 -7
leaf_value=0.00054325195829091832 -0.00010516444137779896 -0.0004899887560335176 -7.0130239005243352e-05 -0.00030144061272279577 0.00012879661482530835 8.722172530912542e-05
leaf_weight=32 24 111 68 43 29 124
leaf_count=32 24 111 68 43 29 124
internal_value=-7.60018e-05 -0.000317681 1.42065e-05 -4.34049e-05 0.000328636 -3.85049e-06
internal_weight=431 135 296 235 61 192
internal_count=431 135 296 235 61 192
is_linear=0
shrinkage=0.0167612


Tree=337
num_leaves=8
num_cat=0
split_feature=217 109 136 67 105 7 160
split_gain=0.0555202 0.0150341 0.0513084 0.0347186 0.0112937 0.0145448 0.00468745
threshold=630.00000000000011 282048.83050847467 0.75000000000000011 1.0000000180025095e-35 6.5000000000000009 1.0000000180025095e-35 0.81414744113918813
decision_type=10 10 10 10 10 2 10
left_child=4 3 -3 -2 5 -1 -5
right_child=1 2 -4 6 -6 -7 -8
leaf_value=-0.00019517503087348344 -0.00034462926394023756 5.1217966900094734e-05 0.00054218338528171019 0.00012072831439383265 -0.00013721471150098324 -0.0006918356803319387 1.5744398451215219e-05
leaf_weight=83 41 51 41 110 25 35 45
leaf_count=83 41 51 41 110 25 35 45
internal_value=-7.43409e-05 2.70177e-05 0.000190974 -7.90394e-06 -0.00032075 -0.000412179 5.36511e-05
internal_weight=431 288 92 196 143 118 155
internal_count=431 288 92 196 143 118 155
is_linear=0
shrinkage=0.0167612


Tree=338
num_leaves=9
num_cat=1
split_feature=13 0 29 210 65 45 136 160
split_gain=0.0976686 0.208305 0.0802685 0.0646817 0.0644954 0.0131571 0.0358166 0.00685125
threshold=978221.85528926493 0 154.50000000000003 1.0000000180025095e-35 22.500000000000004 1.0000000180025095e-35 0.75000000000000011 1.1012537314696804
decision_type=2 9 8 8 10 8 10 10
left_child=1 2 -1 -4 -2 -3 -7 -6
right_child=4 5 3 -5 7 6 -8 -9
leaf_value=-0.00018065211646767188 -0.0010297577970964523 6.5303863215757563e-05 -0.00026022582564389749 -0.0010933515302325063 -7.1954762201857479e-05 0.00020182728695790136 0.00075844124900130135 -0.00023408446040365955
leaf_weight=26 28 69 35 55 24 117 51 26
leaf_count=26 28 69 35 55 24 117 51 26
internal_value=-7.35965e-05 1.85694e-05 -0.000436565 -0.000747526 -0.000518434 0.000306386 0.000422768 -0.00016435
internal_weight=431 353 116 90 78 237 168 50
internal_count=431 353 116 90 78 237 168 50
cat_boundaries=0 1
cat_threshold=33752593
is_linear=0
shrinkage=0.0167612


Tree=339
num_leaves=9
num_cat=0
split_feature=160 43 6 175 75 175 89 30
split_gain=0.048442 0.066341 0.113058 0.0264873 0.0258575 0.0166417 0.0147333 0.00505998
threshold=1.3313867067484539 1.0000000180025095e-35 1.0000000180025095e-35 5.5000000000000009 1.2472095050684808 8.5000000000000018 15.500000000000002 56.500000000000007
decision_type=8 10 2 8 8 8 10 10
left_child=3 2 -2 -1 -5 -4 -3 -6
right_child=1 6 5 4 7 -7 -8 -9
leaf_value=-4.1837152540248742e-05 5.2848771233266533e-05 1.5341438450502516e-05 -0.00021363592369975123 0.00057549930160580287 0.0001350140710942547 -0.00074715865952289695 0.00027523668466542271 2.2960059691431645e-05
leaf_weight=43 42 42 35 32 57 116 37 27
leaf_count=43 42 42 35 32 57 116 37 27
internal_value=-7.18937e-05 -0.000211601 -0.000385943 0.000107373 0.000265609 -0.000613691 4.98156e-05 5.61277e-05
internal_weight=431 272 193 159 116 151 79 84
internal_count=431 272 193 159 116 151 79 84
is_linear=0
shrinkage=0.0167612


Tree=340
num_leaves=6
num_cat=0
split_feature=55 77 43 9 84
split_gain=0.0532245 0.0746784 0.0159594 0.0426233 0.00322542
threshold=28.500000000000004 1.0000000180025095e-35 1.0000000180025095e-35 1.0000000180025095e-35 0.99999999997097244
decision_type=10 10 10 2 10
left_child=1 2 3 -1 -3
right_child=-2 4 -4 -5 -6
leaf_value=-0.00019653264705440598 0.00029966713112762524 4.9367270062252228e-05 -6.3886899879417203e-05 -0.00074067133368581567 0.00031764935100971997
leaf_weight=192 44 45 64 46 40
leaf_count=192 44 45 64 46 40
internal_value=-6.97095e-05 -0.000148381 -0.000282648 -0.000351503 0.000168226
internal_weight=431 387 302 238 85
internal_count=431 387 302 238 85
is_linear=0
shrinkage=0.0167612


Tree=341
num_leaves=9
num_cat=0
split_feature=217 13 35 109 6 165 6 166
split_gain=0.0484322 0.0472173 0.0605926 0.0426943 0.041532 0.0196424 0.00974529 0.00102463
threshold=630.00000000000011 822244.72361111117 330339.98473214294 256265.89558629776 1.5000000000000002 1.0000000180025095e-35 1.0000000180025095e-35 23.479166666666668
decision_type=10 2 10 10 2 10 2 8
left_child=4 3 -3 5 6 -2 -1 -4
right_child=1 2 7 -5 -6 -7 -8 -9
leaf_value=0.00010004856249985273 -3.2039509548285763e-05 -0.00056504879304103515 5.8258043433837029e-05 0.00060917344013321326 -0.00057443817153969589 0.00025373378410601896 -0.00015749904391529294 -1.1017758160081341e-05
leaf_weight=26 91 42 24 32 65 55 52 44
leaf_count=26 91 42 24 32 65 55 52 44
internal_value=-6.78513e-05 2.52176e-05 -0.000171405 0.000207233 -0.000298537 5.09742e-05 -5.7708e-05 -3.6955e-05
internal_weight=431 288 110 178 143 146 78 68
internal_count=431 288 110 178 143 146 78 68
is_linear=0
shrinkage=0.0167612


Tree=342
num_leaves=9
num_cat=0
split_feature=217 6 21 13 27 144 136 192
split_gain=0.0470294 0.0578345 0.0122071 0.0512299 0.0365727 0.0225926 0.00054589 0.000505051
threshold=630.00000000000011 1.0000000180025095e-35 464788.70373062021 673048.53387445898 3.3750000000000004 2.7550000000000003 0.75000000000000011 2.5000000000000004
decision_type=10 2 10 2 10 10 10 10
left_child=1 -1 3 4 -2 -4 -7 -5
right_child=2 -3 5 7 -6 6 -8 -9
leaf_value=2.80559078804918e-07 2.9249535091583917e-05 -0.00048670074412660643 0.00040729698463300834 -0.0004706881580329888 0.00045095311966900195 -2.4637493211772311e-05 4.4367297815393878e-05 -0.00013294759459950959
leaf_weight=26 71 117 39 45 40 37 29 27
leaf_count=26 71 117 39 45 40 37 29 27
internal_value=-6.6482e-05 -0.000293929 2.48794e-05 -8.57416e-06 0.00014036 0.000164031 3.62003e-05 -0.000325001
internal_weight=431 143 288 183 111 105 66 72
internal_count=431 143 288 183 111 105 66 72
is_linear=0
shrinkage=0.0167612


Tree=343
num_leaves=8
num_cat=1
split_feature=1 13 44 31 198 11 213
split_gain=0.0592263 0.132963 0.113386 0.0401542 0.0300126 0.0532176 0.013371
threshold=0 1087864.4206349209 297.50000000000006 1.0000000180025095e-35 10.500000000000002 0.6830127018922193 1.5000000000000002
decision_type=1 2 8 8 10 2 8
left_child=4 3 -3 -2 5 -1 -5
right_child=1 2 -4 6 -6 -7 -8
leaf_value=-0.00076109461726765379 3.2058723331414368e-05 -0.00015296951565235041 -0.0010993499997479284 0.00053014746361601441 -0.00010224033072688575 -0.00021670230566835211 0.00014357856031502211
leaf_weight=65 45 38 25 96 40 26 96
leaf_count=65 45 38 25 96 40 26 96
internal_value=-6.47191e-05 3.80311e-05 -0.000463974 0.000241926 -0.000321047 -0.000518152 0.000365021
internal_weight=431 300 63 237 131 91 192
internal_count=431 300 63 237 131 91 192
cat_boundaries=0 1
cat_threshold=81
is_linear=0
shrinkage=0.0167612


Tree=344
num_leaves=7
num_cat=0
split_feature=13 13 21 174 2 55
split_gain=0.0868263 0.180111 0.0484783 0.041844 0.047513 0.0280251
threshold=1231887.3938008135 461840.98791666672 387285.13866342005 18.952380952380956 2024.5000000000002 55.500000000000007
decision_type=2 2 8 10 2 8
left_child=1 2 -1 4 -3 -5
right_child=-2 3 -4 5 -6 -7
leaf_value=0.00023173093351220596 -0.00037953481464669011 -3.2994646339928786e-05 0.00078552006783287208 9.1059467717146084e-05 -0.00049192300048388161 0.00047343681978787255
leaf_weight=31 32 95 132 24 66 36
leaf_count=31 32 95 132 24 66 36
internal_value=0.000140091 0.000227259 0.000616078 -2.41498e-05 -0.000200699 0.000207986
internal_weight=416 384 163 221 161 60
internal_count=416 384 163 221 161 60
is_linear=0
shrinkage=0.0167612


Tree=345
num_leaves=4
num_cat=0
split_feature=35 11 98
split_gain=0.0681749 0.0226278 0.0264885
threshold=827840.01513157913 0.86602540378443871 1.0000000180025095e-35
decision_type=10 2 8
left_child=1 2 -1
right_child=-2 -3 -4
leaf_value=7.4178504368828814e-05 -0.0002994162812165778 7.1019729825987668e-05 0.00033059199351647079
leaf_weight=49 36 35 296
leaf_count=49 36 35 296
internal_value=0.000136773 0.000218581 0.000268648
internal_weight=416 380 345
internal_count=416 380 345
is_linear=0
shrinkage=0.0167612


Tree=346
num_leaves=6
num_cat=0
split_feature=55 27 118 9 209
split_gain=0.0390343 0.0447505 0.0503349 0.0423128 0.0211279
threshold=15.500000000000002 3.0650000000000004 58.000000000000007 1.0000000180025095e-35 0.041241496598639411
decision_type=8 8 8 2 8
left_child=-1 2 4 -3 -2
right_child=1 3 -4 -5 -6
leaf_value=-0.00021037972407637984 5.6418104692500567e-05 0.0004593625623222331 -0.0002489019310812253 0.00013018795922291698 0.00044053141954042538
leaf_weight=24 54 179 83 29 47
leaf_count=24 54 179 83 29 47
internal_value=0.000133018 0.000190044 1.75244e-05 0.000347691 0.000219419
internal_weight=416 392 184 208 101
internal_count=416 392 184 208 101
is_linear=0
shrinkage=0.0167612


Tree=347
num_leaves=8
num_cat=0
split_feature=2 51 27 152 9 27 77
split_gain=0.0429283 0.0822278 0.137727 0.0818126 0.0498486 0.0167795 0.0146709
threshold=2024.5000000000002 1.0000000180025095e-35 2.3400000000000003 33.500000000000007 1.0000000180025095e-35 4.6500000000000012 1.0000000180025095e-35
decision_type=2 10 10 8 2 10 8
left_child=4 2 3 -2 5 6 -1
right_child=1 -3 -4 -5 -6 -7 -8
leaf_value=0.00033731356072543532 0.00094265758439753759 -0.00052117568674270331 -0.00039748312268965527 0.00014275484882635017 4.4518159883120906e-05 0.00015777658020542853 0.00089180085006353518
leaf_weight=93 33 37 49 105 35 34 30
leaf_count=93 33 37 49 105 35 34 30
internal_value=0.000129632 9.98346e-06 0.00011051 0.000397857 0.00029911 0.000444788 0.000548235
internal_weight=416 224 187 138 192 157 123
internal_count=416 224 187 138 192 157 123
is_linear=0
shrinkage=0.0167612


Tree=348
num_leaves=7
num_cat=0
split_feature=190 127 83 4 127 190
split_gain=0.0772569 0.0676231 0.0322635 0.0223521 0.0308395 0.0263965
threshold=736170.56904013839 1.0000000180025095e-35 62.500000000000007 142.50000000000003 1.5000000000000002 1000356.2436353193
decision_type=10 10 8 2 10 8
left_child=2 -2 -1 4 -4 -5
right_child=1 -3 3 5 -6 -7
leaf_value=0.00063778477674197669 -0.00073059249125904903 -9.7311604105400202e-05 0.00013766558616983536 6.8824825555406009e-05 -0.00024817077067168102 0.00051273762186929107
leaf_weight=30 29 32 149 64 45 67
leaf_count=30 29 32 149 64 45 67
internal_value=0.000126715 -0.000263918 0.000233459 0.000156488 1.37516e-05 0.000304494
internal_weight=416 61 355 325 194 131
internal_count=416 61 355 325 194 131
is_linear=0
shrinkage=0.0167612


Tree=349
num_leaves=7
num_cat=0
split_feature=2 13 94 46 110 63
split_gain=0.153134 0.0602884 0.039819 0.129789 0.012514 0.00911873
threshold=2023.5000000000002 1087864.4206349209 1.0000000180025095e-35 0.99318244882751794 1.0000000180025095e-35 1075923.3945000002
decision_type=2 2 8 10 10 8
left_child=-1 2 3 -2 -4 -3
right_child=1 5 4 -5 -6 -7
leaf_value=0.00079430253288068217 -0.00021370283721519284 -0.00017826488589262778 0.00042201046410810438 0.00065515058272737673 0.00010995573418073215 -0.00068988680582507205
leaf_weight=47 173 24 90 25 33 24
leaf_count=47 173 24 90 25 33 24
internal_value=0.000124986 6.02555e-06 8.6928e-05 -7.68551e-06 0.000304093 -0.00040717
internal_weight=416 369 321 198 123 48
internal_count=416 369 321 198 123 48
is_linear=0
shrinkage=0.0167612


Tree=350
num_leaves=7
num_cat=0
split_feature=13 50 11 52 215 150
split_gain=0.222025 0.0602244 0.060256 0.0297525 0.00589887 0.0056221
threshold=414466.66666666669 1.0000000180025095e-35 0.6830127018922193 1.0000000180025095e-35 0.10669685326931079 1.0000000180025095e-35
decision_type=2 8 2 10 8 10
left_child=5 2 3 -2 -3 -1
right_child=1 4 -4 -5 -6 -7
leaf_value=0.00042215743708933515 -0.00034955438934691009 0.00020248978910701192 -0.00079556011643262391 1.6909903663685897e-05 1.2164010839638527e-05 0.00092875257679654415
leaf_weight=83 48 44 36 66 87 52
leaf_count=83 48 44 36 66 87 52
internal_value=0.000123474 -0.000105138 -0.000336711 -0.000114172 6.87845e-05 0.000626223
internal_weight=416 281 150 114 131 135
internal_count=416 281 150 114 131 135
is_linear=0
shrinkage=0.0167612


Tree=351
num_leaves=7
num_cat=0
split_feature=13 3 160 200 198 2
split_gain=0.181926 0.0674576 0.0670457 0.0326613 0.0488624 0.0280864
threshold=407216.3798844539 2.5000000000000004 0.92897800857552582 1.0000000180025095e-35 24.500000000000004 2024.5000000000002
decision_type=2 2 10 8 10 2
left_child=2 -2 -1 4 -3 -5
right_child=1 3 -4 5 -6 -7
leaf_value=0.00081467540317456833 -0.0005291285552596704 -0.00054579466808884645 0.00024545138069444829 0.00040493832104365979 -3.7680919537182921e-05 3.1216015587308849e-05
leaf_weight=104 44 35 26 58 67 82
leaf_count=104 44 35 26 58 67 82
internal_value=0.0001215 -7.68804e-05 0.000586893 -5.51204e-06 -0.000172756 0.000168168
internal_weight=416 286 130 242 102 140
internal_count=416 286 130 242 102 140
is_linear=0
shrinkage=0.0167612


Tree=352
num_leaves=8
num_cat=0
split_feature=13 55 6 132 158 5 50
split_gain=0.0373044 0.0459261 0.0398951 0.0840676 0.0808658 0.0522429 0.0288757
threshold=919756.52302631584 267.50000000000006 1.0000000180025095e-35 1.0000000180025095e-35 3.5000000000000004 2.5000000000000004 1.0000000180025095e-35
decision_type=2 8 2 8 8 2 8
left_child=2 -2 3 -1 -4 -6 -5
right_child=1 -3 4 6 5 -7 -8
leaf_value=0.00014766231059858197 -7.1173165412874049e-05 -0.00063197456569803235 -0.0002840676299025908 -0.00088088290659509559 4.8510535761834123e-05 0.0005113134458868344 -0.00022465371924823454
leaf_weight=32 54 37 35 32 99 130 27
leaf_count=32 54 37 35 32 99 130 27
internal_value=-1.02564e-05 -0.000276804 4.45529e-05 -0.000174008 0.000163965 0.000305461 -0.000549184
internal_weight=446 91 355 91 264 229 59
internal_count=446 91 355 91 264 229 59
is_linear=0
shrinkage=0.0167612


Tree=353
num_leaves=9
num_cat=0
split_feature=13 11 142 10 98 175 134 88
split_gain=0.0436207 0.0514105 0.061693 0.0611878 0.0559848 0.0543972 0.0320434 0.0156588
threshold=1014286.2584033615 0.6830127018922193 -8.3580425999999992 0.68301270189221941 1.0000000180025095e-35 20.000000000000004 747040.81757142872 6.5000000000000009
decision_type=2 2 10 2 10 10 10 8
left_child=1 2 7 -4 -3 -6 -2 -1
right_child=6 4 3 -5 5 -7 -8 -9
leaf_value=-0.00024941228036380212 -0.00059871592517945691 -6.6915292826981018e-08 0.00070735160981017463 0.00010729585501326289 -0.00020708204572942798 -0.00084588641411356084 -0.00012508900874695842 2.7917031489096934e-05
leaf_weight=29 43 48 75 55 26 38 30 102
leaf_count=29 43 48 75 55 26 38 30 102
internal_value=-1.04283e-05 4.10595e-05 0.000182368 0.000423031 -0.000186975 -0.000495149 -0.000325868 1.94501e-05
internal_weight=446 373 261 130 112 64 73 131
internal_count=446 373 261 130 112 64 73 131
is_linear=0
shrinkage=0.0167612


Tree=354
num_leaves=8
num_cat=1
split_feature=0 166 27 64 161 180 52
split_gain=0.119314 0.0764281 0.0722575 0.110169 0.0454144 0.0377375 0.00605225
threshold=0 26.391343283582092 2.1250000000000004 9.5000000000000018 56160608.82389465 1.0000000180025095e-35 1.0000000180025095e-35
decision_type=9 10 8 10 8 10 10
left_child=1 4 -2 -4 -1 -6 -5
right_child=2 -3 3 6 5 -7 -8
leaf_value=0.00011287531927717969 0.00010778013106593968 -0.00016552863969247162 -0.0008044657641939016 -0.00014472241277790906 0.00085469037345967515 0.00022591884639371952 8.8829133473133831e-06
leaf_weight=49 33 31 91 58 65 67 52
leaf_count=49 33 31 91 58 65 67 52
internal_value=-9.96003e-06 0.000231053 -0.000263407 -0.000425085 0.000408794 0.000570473 -6.17378e-05
internal_weight=446 212 234 201 181 132 110
internal_count=446 212 234 201 181 132 110
cat_boundaries=0 1
cat_threshold=166348
is_linear=0
shrinkage=0.0167612


Tree=355
num_leaves=7
num_cat=0
split_feature=89 2 100 155 6 100
split_gain=0.0449677 0.064986 0.0506186 0.0312408 0.0159971 0.0149163
threshold=5.5000000000000009 2024.5000000000002 1.0000000180025095e-35 1.0000000180025095e-35 1.5000000000000002 1.0000000180025095e-35
decision_type=8 2 10 10 2 10
left_child=-1 2 -2 5 -4 -3
right_child=1 3 4 -5 -6 -7
leaf_value=-0.00032489167078847815 7.2555949150620593e-05 5.7441167246491295e-05 0.00024312090945061184 -0.00040713706417317981 0.00082665914053523708 -0.0002289247950670257
leaf_weight=76 59 148 52 40 39 32
leaf_count=76 59 148 52 40 39 32
internal_value=-9.71611e-06 4.45393e-05 0.000301591 -9.61935e-05 0.00053902 -9.04879e-06
internal_weight=446 370 150 220 91 180
internal_count=446 370 150 220 91 180
is_linear=0
shrinkage=0.0167612


Tree=356
num_leaves=7
num_cat=1
split_feature=0 55 91 6 98 224
split_gain=0.106037 0.0441578 0.0413552 0.0112588 0.0149486 0.00506755
threshold=0 45.000000000000007 8.5000000000000018 1.0000000180025095e-35 1.0000000180025095e-35 0.070598006644518263
decision_type=9 8 10 2 8 10
left_child=2 5 -1 -3 -5 -2
right_child=1 3 -4 4 -6 -7
leaf_value=-0.00077496037878669124 -0.00034175818461031662 4.3204648420637328e-05 -0.00011660839873178833 8.0387468879385338e-05 0.00035779665382232995 -7.189364898411326e-05
leaf_weight=48 26 75 60 47 165 25
leaf_count=48 26 75 60 47 165 25
internal_value=-1.00679e-05 0.000112548 -0.000397178 0.000216573 0.000282533 -0.000168057
internal_weight=446 338 108 287 212 51
internal_count=446 338 108 287 212 51
cat_boundaries=0 1
cat_threshold=33818146
is_linear=0
shrinkage=0.0167612


Tree=357
num_leaves=8
num_cat=1
split_feature=0 224 128 48 7 85 131
split_gain=0.0720422 0.0803001 0.067109 0.0518641 0.0365078 0.0170333 0.00791581
threshold=0 0.26120857699805072 6.5000000000000009 1.0000000180025095e-35 1.0000000180025095e-35 841209.82839536038 1.5000000000000002
decision_type=9 8 10 8 2 8 10
left_child=1 -1 6 -3 5 -4 -2
right_child=2 3 4 -5 -6 -7 -8
leaf_value=8.0108667910787088e-05 -0.00054377888070197085 0.00025424762113857019 -0.00027613219923647726 0.0011252814499159683 0.00029734838345991601 -1.5934882822591313e-05 -0.00014595792498202506
leaf_weight=47 93 31 61 28 58 93 35
leaf_count=47 93 31 61 28 58 93 35
internal_value=-1.0488e-05 0.000281553 -0.000141566 0.000675941 -1.14697e-05 -9.52233e-05 -0.000419279
internal_weight=446 106 340 59 212 154 128
internal_count=446 106 340 59 212 154 128
cat_boundaries=0 1
cat_threshold=133188
is_linear=0
shrinkage=0.0167612


Tree=358
num_leaves=8
num_cat=0
split_feature=6 132 67 3 42 190 19
split_gain=0.0456023 0.0562699 0.049937 0.0318901 0.04275 0.0303916 0.0291684
threshold=1.0000000180025095e-35 1.0000000180025095e-35 1.0000000180025095e-35 5.5000000000000009 1.0000000180025095e-35 451821.55172413803 4.5000000000000009
decision_type=2 8 10 2 10 10 10
left_child=1 -1 -3 5 -5 -2 -6
right_child=3 2 -4 4 6 -7 -8
leaf_value=-9.6525538807975506e-05 -0.00034741189748307391 -0.00021833782866566187 -0.00099822551095231967 0.00031021294057093573 -0.00037158581186030084 1.1437013583798375e-05 2.6494608122321672e-05
leaf_weight=38 64 32 29 187 32 36 28
leaf_count=38 64 32 29 187 32 36 28
internal_value=-9.97666e-06 -0.000292773 -0.000592153 5.70921e-05 0.000172596 -0.000117116 -4.83966e-05
internal_weight=446 99 61 347 247 100 60
internal_count=446 99 61 347 247 100 60
is_linear=0
shrinkage=0.0167612


Tree=359
num_leaves=9
num_cat=1
split_feature=0 118 10 224 92 118 3 142
split_gain=0.100604 0.0328689 0.0234205 0.054334 0.0638263 0.0173818 0.0124236 0.00869769
threshold=0 59.500000000000007 0.68301270189221941 0.10084745762711866 1.0000000180025095e-35 13.500000000000002 3.5000000000000004 -8.3580425999999992
decision_type=9 8 2 8 8 10 2 10
left_child=1 -1 3 5 -5 -2 -4 -3
right_child=2 7 6 4 -6 -7 -8 -9
leaf_value=-0.00015826323122772088 2.9565469698442892e-05 -0.00080506337866516559 -1.2020885121703457e-05 0.00011764259511573384 0.00075284956229033429 -0.00024818377222751757 -0.00026599377339021305 -0.00025271633995426976
leaf_weight=27 34 54 44 128 57 51 24 27
leaf_count=27 34 54 44 128 57 51 24 27
internal_value=-9.4293e-06 -0.000386887 0.000109514 0.000196565 0.000359544 -2.3448e-05 -4.03196e-05 -0.000617785
internal_weight=446 108 338 270 185 85 68 81
internal_count=446 108 338 270 185 85 68 81
cat_boundaries=0 1
cat_threshold=33818146
is_linear=0
shrinkage=0.0167612


Tree=360
num_leaves=8
num_cat=0
split_feature=206 152 27 161 10 21 113
split_gain=0.0328426 0.0292823 0.111726 0.010955 0.00488218 0.00521174 0.00047162
threshold=1.0000000180025095e-35 30.500000000000004 2.0350000000000006 54637548.371452846 1.0000000180025095e-35 845755.05607461289 24655.229804278253
decision_type=8 10 10 10 2 8 10
left_child=1 2 -1 -4 5 -3 -6
right_child=-2 4 3 -5 6 -7 -8
leaf_value=0.00083963595431243542 -0.00019751306849248958 -6.3974053753074401e-05 0.00022561001045802491 3.7145294129639516e-06 -0.00021672471616003287 0.00011747454988030894 -5.8704512592250336e-05
leaf_weight=36 81 28 29 147 24 49 24
leaf_count=36 81 28 29 147 24 49 24
internal_value=2.60614e-05 0.000113348 0.000235807 3.29291e-05 -1.09578e-05 -2.1403e-06 -0.000134085
internal_weight=418 337 212 176 125 77 48
internal_count=418 337 212 176 125 77 48
is_linear=0
shrinkage=0.0167612


Tree=361
num_leaves=7
num_cat=0
split_feature=206 109 2 77 113 73
split_gain=0.0319651 0.0251275 0.0398705 0.0270442 0.00835324 0.000687126
threshold=1.0000000180025095e-35 457670.30555555562 2023.5000000000002 1.0000000180025095e-35 46129.541416896362 1.0000000180025095e-35
decision_type=8 8 2 10 10 10
left_child=1 4 -3 -4 -1 -6
right_child=-2 2 3 -5 5 -7
leaf_value=-0.00018350350757587191 -0.00019496377403999492 0.00055025239840335056 0.00017427363419128105 -0.00018149993139876199 5.3327520394794158e-05 -1.2356716295809572e-06
leaf_weight=40 81 51 150 33 28 35
leaf_count=40 81 51 150 33 28 35
internal_value=2.53127e-05 0.000111675 0.000213971 6.38171e-05 -1.55142e-05 -3.54959e-06
internal_weight=418 337 234 183 103 63
internal_count=418 337 234 183 103 63
is_linear=0
shrinkage=0.0167612


Tree=362
num_leaves=9
num_cat=1
split_feature=27 1 143 161 185 136 143 6
split_gain=0.0243249 0.0715715 0.0500428 0.0380092 0.0343825 0.0375443 0.0279415 0.000352779
threshold=3.0250000000000004 0 1.0000000180025095e-35 57557769.351377957 0.054804804804804756 1.0000000180025095e-35 1.0000000180025095e-35 1.5000000000000002
decision_type=10 1 8 8 10 8 10 2
left_child=1 4 -3 -4 5 -1 7 -2
right_child=6 2 3 -5 -6 -7 -8 -9
leaf_value=0.00017600315337832462 -2.7097500739407101e-05 -3.548549481615855e-05 -0.00089460198953257358 -0.00024068215108704214 7.8981872756650622e-05 0.00065726838077570721 0.00039006832312343191 1.8399429855656672e-05
leaf_weight=26 43 39 26 102 27 54 77 24
leaf_count=26 43 39 26 102 27 54 77 24
internal_value=2.42489e-05 -3.94514e-05 -0.000255662 -0.000448577 0.000203518 0.000420837 0.000192675 4.20256e-05
internal_weight=418 274 167 128 107 80 144 67
internal_count=418 274 167 128 107 80 144 67
cat_boundaries=0 1
cat_threshold=168
is_linear=0
shrinkage=0.0167612


Tree=363
num_leaves=5
num_cat=0
split_feature=198 148 148 27
split_gain=0.0234082 0.0267451 0.0193115 0.0591676
threshold=1.5000000000000002 15.086956521739133 54.534722222222229 1.7750000000000001
decision_type=10 8 10 10
left_child=-1 -2 3 -3
right_child=1 2 -4 -5
leaf_value=-0.0001462071356329236 -8.5576058225979534e-05 0.00076093641829267852 6.2182409268277331e-05 0.00012042060902847616
leaf_weight=94 57 27 25 215
leaf_count=94 57 27 25 215
internal_value=2.33539e-05 0.00010467 0.000191049 0.000252434
internal_weight=418 324 267 242
internal_count=418 324 267 242
is_linear=0
shrinkage=0.0167612


Tree=364
num_leaves=8
num_cat=1
split_feature=0 158 97 10 103 80 158
split_gain=0.0877928 0.0931062 0.0254892 0.0317138 0.0079347 0.000730912 7.4054e-05
threshold=0 6.5000000000000009 1380.0000000000002 -0.5 87523.275657925595 312920.60120153293 29.500000000000004
decision_type=9 10 8 2 8 10 8
left_child=1 -1 4 6 -2 -3 -4
right_child=2 5 3 -5 -6 -7 -8
leaf_value=-0.00077689155193627504 6.1372895126114447e-05 3.871469114948619e-05 1.5617460949751242e-05 0.00041301888967769531 -0.00015379523375642031 -2.8762105196028324e-05 2.7634655715690489e-05
leaf_weight=46 25 40 36 150 41 24 56
leaf_count=46 25 40 36 150 41 24 56
internal_value=2.21763e-05 -0.000290646 0.000177032 0.000270638 3.90695e-05 -6.56947e-05 4.56984e-05
internal_weight=418 110 308 242 66 64 92
internal_count=418 110 308 242 66 64 92
cat_boundaries=0 1
cat_threshold=33571877
is_linear=0
shrinkage=0.0167612


Tree=365
num_leaves=7
num_cat=0
split_feature=13 196 56 6 148 107
split_gain=0.0754764 0.0660615 0.0472588 0.0110602 0.0116705 0.00240964
threshold=292907.42592592601 1.0000000180025095e-35 2.5000000000000004 1.0000000180025095e-35 72.550925925925938 1.0000000180025095e-35
decision_type=2 8 10 2 8 10
left_child=2 3 -1 5 -5 -2
right_child=1 -3 -4 4 -6 -7
leaf_value=0.00078025760151232944 -0.00012413361654647239 -0.00039342859338549919 0.00016683777024473982 0.00026584473358594578 1.791787530195543e-05 -1.833488774662242e-05
leaf_weight=41 39 92 30 77 114 25
leaf_count=41 39 92 30 77 114 25
internal_value=2.11974e-05 -5.62613e-05 0.000434627 4.28212e-05 0.000127205 -4.28592e-05
internal_weight=418 347 71 255 191 64
internal_count=418 347 71 255 191 64
is_linear=0
shrinkage=0.0167612


Tree=366
num_leaves=6
num_cat=0
split_feature=206 209 84 113 113
split_gain=0.0285507 0.0211961 0.0278821 0.024148 0.00347778
threshold=1.0000000180025095e-35 0.039480519480519456 0.99999999998688949 116989.16817592284 102523.71364005284
decision_type=8 8 10 8 10
left_child=1 2 -1 -3 -5
right_child=-2 3 -4 4 -6
leaf_value=-0.00025387474098952561 -0.00018701474201743011 0.0005354749186004137 0.0001598191901070673 0.00012013411565270528 2.8219187195753353e-05
leaf_weight=63 81 28 26 176 44
leaf_count=63 81 28 26 176 44
internal_value=2.04751e-05 0.000103253 -2.00528e-05 0.000191684 9.46508e-05
internal_weight=418 337 89 248 220
internal_count=418 337 89 248 220
is_linear=0
shrinkage=0.0167612


Tree=367
num_leaves=7
num_cat=1
split_feature=0 2 104 128 31 120
split_gain=0.0844115 0.139628 0.0405951 0.0368831 0.0591044 0.0191826
threshold=0 2023.5000000000002 1.0000000180025095e-35 19.500000000000004 1.0000000180025095e-35 28.500000000000004
decision_type=9 2 10 10 10 10
left_child=3 -2 5 4 -1 -3
right_child=1 2 -4 -5 -6 -7
leaf_value=-0.0009640351136061499 0.00090243774723197494 0.00022777474753442177 -0.00034336140055746988 -8.8191264640951117e-05 -0.00018354752010603568 2.0149234822464502e-05
leaf_weight=31 31 162 24 42 37 91
leaf_count=31 31 162 24 42 37 91
internal_value=2.00584e-05 0.000172377 3.58187e-05 -0.000286368 -0.0005469 0.000118251
internal_weight=418 308 277 110 68 253
internal_count=418 308 277 110 68 253
cat_boundaries=0 1
cat_threshold=33571877
is_linear=0
shrinkage=0.0167612


Tree=368
num_leaves=8
num_cat=0
split_feature=13 11 55 163 144 119 137
split_gain=0.0501807 0.120368 0.0533028 0.0274719 0.0243157 0.0239057 0.0197849
threshold=262159.16666666669 -0.5 22.000000000000004 5.5000000000000009 3.0952380952380953 1.0000000180025095e-35 1.0000000180025095e-35
decision_type=2 2 10 8 8 8 10
left_child=6 3 5 4 -2 -3 -1
right_child=1 2 -4 -5 -6 -7 -8
leaf_value=0.00057742909822968379 0.00012775361093284916 -0.00012618659997046486 -6.1855223299359089e-05 6.1136930596762687e-05 0.0006588699167882874 -0.00057807234507782483 0.00011585563978843842
leaf_weight=31 41 50 33 47 42 151 31
leaf_count=31 41 50 33 47 42 151 31
internal_value=-1.64493e-05 -0.000107752 -0.000339006 0.000214874 0.000407997 -0.000463754 0.000308013
internal_weight=426 364 234 130 83 201 62
internal_count=426 364 234 130 83 201 62
is_linear=0
shrinkage=0.0167612


Tree=369
num_leaves=6
num_cat=0
split_feature=2 143 113 208 198
split_gain=0.0807173 0.0574199 0.0519814 0.0111784 0.0266055
threshold=2023.5000000000002 1.0000000180025095e-35 95189.690340383255 1.0000000180025095e-35 25.500000000000004
decision_type=2 10 8 8 10
left_child=-1 3 -3 4 -2
right_child=1 2 -4 -5 -6
leaf_value=0.00043101808951166194 -0.00023927931785931833 -0.00010482644247106688 -0.00059955534445009897 0.00014743049211269574 9.6048662949622498e-05
leaf_weight=53 88 47 89 88 61
leaf_count=53 88 47 89 88 61
internal_value=-1.49399e-05 -0.000118929 -0.000368427 -8.69354e-06 -4.52525e-05
internal_weight=426 373 136 237 149
internal_count=426 373 136 237 149
is_linear=0
shrinkage=0.0167612


Tree=370
num_leaves=8
num_cat=0
split_feature=10 132 160 148 92 199 65
split_gain=0.032285 0.0845862 0.101983 0.0533643 0.0431857 0.044278 0.0302798
threshold=-0.24999999999999994 1.0000000180025095e-35 0.86862147965435044 15.91666666666667 1.0000000180025095e-35 1.0000000180025095e-35 22.500000000000004
decision_type=2 8 10 10 8 10 10
left_child=1 6 -3 4 5 -2 -1
right_child=3 2 -4 -5 -6 -7 -8
leaf_value=-0.00053828541678108653 -0.00062703688744026893 0.00074552684200855375 9.2299563895424785e-05 0.0001475803656172122 -7.5686060334107346e-05 -0.00016885815431377113 -6.8361401137498982e-05
leaf_weight=27 103 73 52 46 55 32 38
leaf_count=27 103 73 52 46 55 32 38
internal_value=-1.34579e-05 0.000112928 0.000376856 -0.000151402 -0.000298405 -0.000457959 -0.000207348
internal_weight=426 190 125 236 190 135 65
internal_count=426 190 125 236 190 135 65
is_linear=0
shrinkage=0.0167612


Tree=371
num_leaves=7
num_cat=0
split_feature=13 106 10 123 36 214
split_gain=0.107399 0.146518 0.0627439 0.0952585 0.0499044 0.0365697
threshold=993166.66666666686 155696.67954545459 0.25000000000000011 7.5000000000000009 1.0000000180025095e-35 184173.79671627688
decision_type=2 10 2 8 10 10
left_child=2 -2 3 -1 5 -4
right_child=1 -3 4 -5 -6 -7
leaf_value=-0.00013884188915025392 -0.0011349696003874112 -0.00014000167573634999 -0.00012354091286647317 0.00048621247428962231 -0.00051066181184386984 0.00034943948993316722
leaf_weight=39 33 46 80 163 34 31
leaf_count=39 33 46 80 163 34 31
internal_value=-1.24636e-05 -0.000484565 8.97134e-05 0.00028383 -0.000106833 -1.53964e-05
internal_weight=426 79 347 202 145 111
internal_count=426 79 347 202 145 111
is_linear=0
shrinkage=0.0167612


Tree=372
num_leaves=8
num_cat=1
split_feature=0 64 32 143 2 209 20
split_gain=0.0787453 0.0839521 0.0824675 0.0642066 0.0293765 0.0164799 0.00699446
threshold=0 61.500000000000007 6.5000000000000009 1.0000000180025095e-35 2024.5000000000002 0.20714285714285713 1.0000000180025095e-35
decision_type=9 8 10 10 2 8 10
left_child=2 3 -1 5 -5 -2 -4
right_child=1 -3 6 4 -6 -7 -8
leaf_value=-0.00085067485390010475 4.7793397564753635e-05 0.00048920034247625641 3.5496230784266121e-05 -7.6287536609945575e-05 -0.00057741931999402934 0.00031034706565029628 -0.00017178386955599248
leaf_weight=39 46 83 33 57 50 80 38
leaf_count=39 46 83 33 57 50 80 38
internal_value=-1.29959e-05 9.6608e-05 -0.000343079 -1.49915e-05 -0.000308939 0.000165419 -7.14941e-05
internal_weight=426 316 110 233 107 126 71
internal_count=426 316 110 233 107 126 71
cat_boundaries=0 1
cat_threshold=33858576
is_linear=0
shrinkage=0.0167612


Tree=373
num_leaves=7
num_cat=0
split_feature=13 35 180 165 85 9
split_gain=0.115577 0.151325 0.0636671 0.0301508 0.0169071 0.0481013
threshold=906805.9900284902 683409.35590986407 1.0000000180025095e-35 1.0000000180025095e-35 407989.21428571432 1.0000000180025095e-35
decision_type=2 10 10 10 10 2
left_child=2 -2 3 -1 5 -4
right_child=1 -3 4 -5 -6 -7
leaf_value=0.00019025896279625183 -0.0010480715481441341 -0.00012845679287348048 -1.3140801932328129e-05 0.00080066990478777275 0.00015507221462013598 -0.00052549197184736333
leaf_weight=85 45 49 145 27 45 30
leaf_count=85 45 49 145 27 45 30
internal_value=-1.28338e-05 -0.000465225 0.000107572 0.000399141 -5.96033e-06 -0.000115086
internal_weight=426 94 332 112 220 175
internal_count=426 94 332 112 220 175
is_linear=0
shrinkage=0.0167612


Tree=374
num_leaves=7
num_cat=0
split_feature=13 3 32 193 18 9
split_gain=0.0676853 0.0547169 0.0806098 0.0693476 0.0617852 0.00963424
threshold=1231887.3938008135 2.5000000000000004 8.5000000000000018 1.5000000000000002 1.0000000180025095e-35 1.0000000180025095e-35
decision_type=2 2 8 10 10 2
left_child=1 3 4 -1 -3 -4
right_child=-2 2 5 -5 -6 -7
leaf_value=-0.00073914499270575512 -0.0004815841730876285 -7.9586143130387188e-05 0.0003650891390081459 -8.9213615815170573e-05 -0.00067056410084473871 7.5763963965601555e-05
leaf_weight=29 43 33 198 39 29 55
leaf_count=29 43 33 198 39 29 55
internal_value=-1.17966e-05 3.85597e-05 0.000149186 -0.000275368 -0.000220103 0.000298712
internal_weight=426 383 315 68 62 253
internal_count=426 383 315 68 62 253
is_linear=0
shrinkage=0.0167612


Tree=375
num_leaves=9
num_cat=0
split_feature=64 27 43 25 163 21 81 77
split_gain=0.0302407 0.0571811 0.132663 0.0303627 0.089755 0.0167449 0.00595621 0.00273665
threshold=22.500000000000004 1.7750000000000001 1.0000000180025095e-35 2.9183333333333334 9.0000000000000018 702581.16883116891 1.0000000180025095e-35 1.0000000180025095e-35
decision_type=8 10 10 8 8 8 8 10
left_child=1 -1 -3 5 -5 -2 -6 -4
right_child=3 2 7 4 6 -7 -8 -9
leaf_value=0.00013928993862866144 -0.00033852604441992717 -0.00081321680892501905 -1.8962336459732948e-05 0.00054897320093511058 -0.00016852004821114525 -4.8414319269440388e-05 -2.4473072875072771e-06 9.4492593311728634e-05
leaf_weight=31 35 68 42 87 33 28 75 27
leaf_count=31 35 68 42 87 33 28 75 27
internal_value=-1.21413e-05 -0.000185121 -0.000365684 7.29236e-05 0.000195461 -0.000120943 -1.22677e-05 -6.15731e-05
internal_weight=426 168 137 258 195 63 108 69
internal_count=426 168 137 258 195 63 108 69
is_linear=0
shrinkage=0.0167612


Tree=376
num_leaves=6
num_cat=0
split_feature=224 2 13 196 107
split_gain=0.0606395 0.0363418 0.116909 0.0530774 0.0473383
threshold=0.047247023809523808 2023.5000000000002 644410.68376068387 1.0000000180025095e-35 1.0000000180025095e-35
decision_type=10 2 2 10 8
left_child=1 -1 3 -3 -4
right_child=-2 2 4 -5 -6
leaf_value=0.00019034923511147849 0.00038192543985322277 0.00024114818665016475 -0.00023857161149660035 -0.00026195158139778968 -0.00090242537213057364
leaf_weight=46 60 140 89 41 48
leaf_count=46 60 140 89 41 48
internal_value=0 -8.39634e-05 -0.000167345 4.53245e-05 -0.000506366
internal_weight=424 364 318 181 137
internal_count=424 364 318 181 137
is_linear=0
shrinkage=0.0167612


Tree=377
num_leaves=9
num_cat=0
split_feature=161 143 212 81 30 9 111 215
split_gain=0.0352062 0.0782357 0.0552474 0.0194525 0.02807 0.0176811 0.00837038 0.00589483
threshold=56231271.688924722 1.0000000180025095e-35 741843.82104064734 1.0000000180025095e-35 32.500000000000007 1.0000000180025095e-35 1.0000000180025095e-35 0.078690602989903269
decision_type=10 10 8 10 8 2 8 8
left_child=5 3 7 4 -2 6 -1 -3
right_child=1 2 -4 -5 -6 -7 -8 -9
leaf_value=-0.00015634625797409757 0.0002159737584909132 1.8252532188336782e-05 -0.00046456897674762197 0.00013991484893631739 0.00072373789207196102 -0.0004369599645002531 -4.1394694440484186e-06 0.00020008736807844844
leaf_weight=76 28 33 51 34 66 33 75 28
leaf_count=76 28 33 51 34 66 33 75 28
internal_value=0 0.000120282 -0.000103228 0.000394434 0.00053952 -0.000162937 -4.57856e-05 5.04792e-05
internal_weight=424 240 112 128 94 184 151 61
internal_count=424 240 112 128 94 184 151 61
is_linear=0
shrinkage=0.0167612


Tree=378
num_leaves=9
num_cat=0
split_feature=13 196 27 103 214 7 42 143
split_gain=0.0769524 0.0952539 0.0801918 0.0222662 0.0287581 0.0246916 0.00752533 0.00382061
threshold=469266.59217108082 1.0000000180025095e-35 2.0350000000000006 133801.0727610536 379397.81250000006 1.0000000180025095e-35 1.0000000180025095e-35 1.0000000180025095e-35
decision_type=2 8 10 8 10 2 10 10
left_child=2 3 -1 4 -2 -5 -4 -8
right_child=1 -3 6 5 -6 -7 7 -9
leaf_value=0.00062600798330063225 4.9693492186226888e-05 -0.00067444158305527205 0.00013352927330636928 -0.00030576870148832017 0.00043748408778457087 -2.3508764272652861e-05 -3.0086636996401217e-05 -0.0002180382640081652
leaf_weight=68 42 51 29 89 36 40 41 28
leaf_count=68 42 51 29 89 36 40 41 28
internal_value=0 -0.00017425 0.00024939 -1.44305e-05 0.000161361 -0.000139519 3.99453e-05 -9.60853e-05
internal_weight=424 258 166 207 78 129 98 69
internal_count=424 258 166 207 78 129 98 69
is_linear=0
shrinkage=0.0167612


Tree=379
num_leaves=8
num_cat=0
split_feature=143 4 40 9 74 161 160
split_gain=0.0401349 0.0189363 0.022093 0.0104024 0.0193895 0.104704 0.00569852
threshold=1.0000000180025095e-35 152.50000000000003 1.0000000180025095e-35 1.0000000180025095e-35 7.5000000000000009 56385532.215057991 1.3313867067484539
decision_type=8 2 10 2 10 10 8
left_child=3 2 -2 4 5 -1 -3
right_child=1 6 -4 -5 -6 -7 -8
leaf_value=-4.7548525665348428e-05 -9.8423313109555091e-05 0.00013108014484223388 -0.00057436430447607625 7.7320615219084076e-05 7.0516544666942584e-05 0.00070035617734616517 -4.6335963968730898e-05
leaf_weight=26 131 40 26 24 47 72 58
leaf_count=26 131 40 26 24 47 72 58
internal_value=0 -0.000128636 -0.00024202 0.000176606 0.00024784 0.000371681 -2.06038e-05
internal_weight=424 255 157 169 145 98 98
internal_count=424 255 157 169 145 98 98
is_linear=0
shrinkage=0.0167612


Tree=380
num_leaves=7
num_cat=0
split_feature=143 13 122 161 13 165
split_gain=0.0384807 0.250018 0.0914481 0.0561856 0.0484434 0.048704
threshold=1.0000000180025095e-35 224358.07418699187 -0.2782525520699683 57288350.56005574 937347.0086904763 1.0000000180025095e-35
decision_type=8 2 10 8 2 10
left_child=4 -2 3 -3 5 -1
right_child=1 2 -4 -5 -6 -7
leaf_value=7.8217200330420777e-05 0.00081113935478257365 -0.00016854873185915563 4.4539532442524554e-05 -0.00078967255764626407 -5.3735316361753553e-05 0.00070712655583563303
leaf_weight=70 26 84 45 100 50 49
leaf_count=70 26 84 45 100 50 49
internal_value=0 -0.000127088 -0.000341351 -0.000525573 0.000171752 0.000371157
internal_weight=424 255 229 184 169 119
internal_count=424 255 229 184 169 119
is_linear=0
shrinkage=0.0167612


Tree=381
num_leaves=9
num_cat=0
split_feature=25 13 27 118 132 143 2 9
split_gain=0.0471423 0.0916804 0.0719106 0.05201 0.0603093 0.038905 0.0384981 0.0290611
threshold=2.7703296703296707 644410.68376068387 2.1250000000000004 13.500000000000002 1.0000000180025095e-35 1.0000000180025095e-35 2024.5000000000002 1.0000000180025095e-35
decision_type=10 2 8 8 8 10 2 2
left_child=1 5 -2 -3 -5 7 -7 -1
right_child=2 3 -4 4 -6 6 -8 -9
leaf_value=0.00042562309361905991 0.00077858316307264069 -0.00017406109536206963 8.4854546865789196e-05 -0.00023152738262988327 -0.00079381159247992998 -8.2590016778985699e-06 -0.0004552996804693697 0.00011423659470712562
leaf_weight=101 29 24 48 28 86 54 27 27
leaf_count=101 29 24 48 28 86 54 27 27
internal_value=0 -8.47009e-05 0.000302773 -0.000397568 -0.000578375 8.51964e-05 -8.0664e-05 0.00027926
internal_weight=424 347 77 138 114 209 81 128
internal_count=424 347 77 138 114 209 81 128
is_linear=0
shrinkage=0.0167612


Tree=382
num_leaves=9
num_cat=0
split_feature=136 148 143 7 190 11 38 190
split_gain=0.0182389 0.0559609 0.0214894 0.00365541 0.00362172 0.0116109 0.00296404 0.00269805
threshold=1.0000000180025095e-35 27.388157894736846 1.0000000180025095e-35 1.0000000180025095e-35 588064.93750000012 0.6830127018922193 31.500000000000004 1032534.6564346104
decision_type=10 10 10 2 8 2 10 8
left_child=4 2 3 -2 -1 6 -6 -4
right_child=1 -3 7 -5 5 -7 -8 -9
leaf_value=-4.1493370583481542e-05 1.7848493088652069e-05 0.00051910998821292752 -8.2082226839107547e-05 0.00021952948383192279 -3.7231878068024835e-06 -0.00032259035984599603 -0.0001118170403430822 -0.00032457425182920533
leaf_weight=31 86 36 28 34 83 50 36 40
leaf_count=31 86 36 28 34 83 50 36 40
internal_value=0 9.24726e-05 8.36208e-06 9.99739e-05 -0.000110314 -0.00014923 -2.02569e-05 -0.000205048
internal_weight=424 224 188 120 200 169 119 68
internal_count=424 224 188 120 200 169 119 68
is_linear=0
shrinkage=0.0167612


Tree=383
num_leaves=7
num_cat=0
split_feature=46 200 9 54 88 21
split_gain=0.0418037 0.0650965 0.0407032 0.0175855 0.00851427 0.00773623
threshold=0.82182044094411355 1.0000000180025095e-35 1.0000000180025095e-35 1.0000000180025095e-35 21.500000000000004 1268417.8891552894
decision_type=10 10 2 10 10 8
left_child=2 -2 3 5 -3 -1
right_child=1 4 -4 -5 -6 -7
leaf_value=-5.6384780670483994e-05 0.00055558847505804366 1.3228460798571456e-05 -0.00042880774791075873 -0.00026587042225268223 -0.00018634746503823501 0.0001006028706090808
leaf_weight=31 65 26 53 29 27 193
leaf_count=31 65 26 53 29 27 193
internal_value=0 0.000229845 -0.000101464 -6.98009e-06 3.16303e-05 3.42999e-05
internal_weight=424 118 306 253 53 224
internal_count=424 118 306 253 53 224
is_linear=0
shrinkage=0.0167612


Tree=384
num_leaves=8
num_cat=0
split_feature=47 77 106 214 62 210 13
split_gain=0.0329095 0.0388302 0.031524 0.00808287 0.00759816 0.0219194 0.00198225
threshold=0.75000000000000011 1.0000000180025095e-35 659188.19166666677 403235.98682476947 397530.95673695358 1.0000000180025095e-35 389543.87933333335
decision_type=8 8 8 10 8 10 2
left_child=2 -2 3 -1 -4 -6 -3
right_child=1 6 4 -5 5 -7 -8
leaf_value=-0.00026922600298802591 -0.00044738983722005665 6.6638238431113931e-05 9.9594890381442548e-05 -3.1642040518844125e-05 0.00012881811869598774 0.00058938816904470612 -4.1876942123109029e-05
leaf_weight=24 58 39 24 32 150 33 74
leaf_count=24 58 39 24 32 150 33 74
internal_value=0 -0.000160748 0.000113369 -8.58162e-05 0.000227482 0.000272761 -2.28146e-05
internal_weight=434 171 263 56 207 183 113
internal_count=434 171 263 56 207 183 113
is_linear=0
shrinkage=0.0167612


Tree=385
num_leaves=8
num_cat=0
split_feature=46 13 160 18 214 175 175
split_gain=0.0478858 0.0733045 0.0242842 0.0441288 0.0332975 0.0236328 0.0165512
threshold=0.92754815360469844 891988.17049150576 0.88820167393300486 1.0000000180025095e-35 251495.50000000003 27.500000000000004 1.0000000180025095e-35
decision_type=10 2 10 10 10 8 10
left_child=2 -2 3 5 -4 -1 -5
right_child=1 -3 4 6 -6 -7 -8
leaf_value=-0.00027446142112462772 0.00076427595717690146 9.897128456964229e-05 -0.0006045688754465334 0.00057015457072579108 -7.6752579387504363e-05 -1.9517220029177115e-05 8.6293154641149233e-05
leaf_weight=112 34 41 32 26 51 94 44
leaf_count=112 34 41 32 26 51 94 44
internal_value=0 0.000316077 -7.49142e-05 -4.75139e-06 -0.000286184 -0.000117675 0.000289438
internal_weight=434 75 359 276 83 206 70
internal_count=434 75 359 276 83 206 70
is_linear=0
shrinkage=0.0167612


Tree=386
num_leaves=7
num_cat=0
split_feature=2 60 30 170 161 134
split_gain=0.0650938 0.0444791 0.0894723 0.015321 0.0885608 0.0241186
threshold=2023.5000000000002 1.0000000180025095e-35 76.000000000000014 1.0000000180025095e-35 57231192.989181958 687923.92409168219
decision_type=2 8 8 8 10 8
left_child=-1 2 -2 4 -3 -5
right_child=1 3 -4 5 -6 -7
leaf_value=0.00043389988362587008 -9.0339811870801263e-05 -0.00014522114666811606 -0.0007710811747596711 -0.00035389435534416652 0.00058290647529396077 -4.2767086783216502e-06
leaf_weight=49 28 33 49 27 51 197
leaf_count=49 28 33 49 27 51 197
internal_value=0 -6.91942e-05 -0.000367854 -3.95872e-06 0.000173383 -4.93536e-05
internal_weight=434 385 77 308 84 224
internal_count=434 385 77 308 84 224
is_linear=0
shrinkage=0.0167612


Tree=387
num_leaves=8
num_cat=0
split_feature=46 63 85 94 67 200 91
split_gain=0.0378981 0.0774121 0.0702966 0.0436964 0.0303946 0.00832982 0.00433674
threshold=0.82182044094411355 1159071.0555555557 714215.90909090929 1.0000000180025095e-35 1.0000000180025095e-35 1.0000000180025095e-35 28.500000000000004
decision_type=10 8 8 10 8 10 10
left_child=2 5 -1 4 -4 -2 -3
right_child=1 6 3 -5 -6 -7 -8
leaf_value=-0.00054268383452207641 -5.2539843842287049e-06 0.00082021296221352843 -0.00039940306042116465 0.00035791019029282807 -7.0479825213620563e-06 -0.00021648184809235413 0.00023821041434468479
leaf_weight=45 27 38 34 45 192 25 28
leaf_count=45 27 38 34 45 192 25 28
internal_value=0 0.000225873 -8.77197e-05 -5.65959e-06 -7.94489e-05 -1.28438e-05 0.000578362
internal_weight=434 118 316 271 226 52 66
internal_count=434 118 316 271 226 52 66
is_linear=0
shrinkage=0.0167612


Tree=388
num_leaves=9
num_cat=0
split_feature=13 119 127 83 161 190 189 46
split_gain=0.094778 0.0669859 0.0602449 0.045603 0.0481778 0.0134147 0.00837146 0.00752252
threshold=349525.02092191047 1.0000000180025095e-35 1.5000000000000002 133.00000000000003 57607725.92279242 644958.33333333337 1.0000000180025095e-35 0.8885990941806613
decision_type=2 10 8 8 8 10 10 8
left_child=1 -1 5 -4 -5 7 -7 -2
right_child=2 -3 3 4 -6 6 -8 -9
leaf_value=0.00012459956222680768 5.6931989407095303e-05 0.00075598478822982529 -0.0001151691216956333 -0.00091530964174573121 -0.00022150676723016973 -2.3487869542081643e-05 -0.00022425655638808471 0.0002400994655383056
leaf_weight=41 32 54 38 41 80 30 29 89
leaf_count=41 32 54 38 41 80 30 29 89
internal_value=0 0.000397924 -0.000122667 -0.000349321 -0.000518361 2.44206e-05 -6.1188e-05 0.000154405
internal_weight=434 95 339 159 121 180 59 121
internal_count=434 95 339 159 121 180 59 121
is_linear=0
shrinkage=0.0167612


Tree=389
num_leaves=8
num_cat=0
split_feature=13 156 47 85 156 31 50
split_gain=0.0940115 0.0939259 0.0518084 0.0240619 0.0292496 0.00775769 0.000372333
threshold=469266.59217108082 1.0000000180025095e-35 0.75000000000000011 1086709.1648821849 1.0000000180025095e-35 1.0000000180025095e-35 1.0000000180025095e-35
decision_type=2 10 10 10 10 10 8
left_child=1 6 3 4 -2 -3 -1
right_child=2 5 -4 -5 -6 -7 -8
leaf_value=-8.6462407491210276e-05 -2.6860017881757744e-05 0.00026564081628540042 -0.00057439972861672052 0.00016597429744514644 -0.00035199405385288564 0.00080048383573049896 3.3308142004539253e-07
leaf_weight=25 87 43 49 44 82 61 43
leaf_count=25 87 43 49 44 82 61 43
internal_value=0 0.000278406 -0.000184413 -4.75374e-05 -0.000151887 0.000588124 1.09938e-06
internal_weight=434 172 262 213 169 104 68
internal_count=434 172 262 213 169 104 68
is_linear=0
shrinkage=0.0167612


Tree=390
num_leaves=6
num_cat=0
split_feature=55 212 17 210 189
split_gain=0.0320567 0.104294 0.038721 0.014364 0.0107876
threshold=32.500000000000007 368726.40622001531 1.0000000180025095e-35 1.0000000180025095e-35 1.0000000180025095e-35
decision_type=8 10 10 10 8
left_child=-1 2 3 -2 -3
right_child=1 4 -4 -5 -6
leaf_value=-0.0003288649098837449 -6.9919138151824323e-05 0.00016811721007370945 -0.0004352047075717479 0.00017960284216197973 0.00061540081647736
leaf_weight=37 200 31 40 51 75
leaf_count=37 200 31 40 51 75
internal_value=0 4.70129e-05 -8.29069e-05 -5.74575e-06 0.000446955
internal_weight=434 397 291 251 106
internal_count=434 397 291 251 106
is_linear=0
shrinkage=0.0167612


Tree=391
num_leaves=6
num_cat=0
split_feature=13 48 47 67 166
split_gain=0.144461 0.0326268 0.0312947 0.0400413 0.0284259
threshold=217510.03409090909 1.0000000180025095e-35 0.75000000000000011 1.0000000180025095e-35 85.253333333333345
decision_type=2 8 10 10 8
left_child=-1 2 4 -4 -2
right_child=1 -3 3 -5 -6
leaf_value=0.00071558008945515016 -0.00010577545259453852 -0.00034194426076156838 -0.00058740006312704577 -6.7901451951500922e-05 0.00020310018502829537
leaf_weight=35 60 81 33 49 176
leaf_count=35 60 81 33 49 176
internal_value=0 -8.97438e-05 -4.98191e-06 -0.000245915 7.6581e-05
internal_weight=434 399 318 82 236
internal_count=434 399 318 82 236
is_linear=0
shrinkage=0.0167612


Tree=392
num_leaves=7
num_cat=0
split_feature=77 166 136 209 110 190
split_gain=0.0402561 0.0401399 0.0669092 0.0147703 0.0143747 0.0095535
threshold=1.0000000180025095e-35 22.628472222222225 0.75000000000000011 0.11269841269841267 1.0000000180025095e-35 1349787.230409119
decision_type=10 8 10 8 10 8
left_child=1 -1 5 -4 -2 -3
right_child=4 2 3 -5 -6 -7
leaf_value=0.00031878291681790083 8.8517792132164285e-05 -3.2764076105102119e-05 -0.00072276442283301674 -0.00022367081102487793 0.00060470747234502823 0.00013309948499576259
leaf_weight=29 48 58 28 102 25 132
leaf_count=29 48 58 28 102 25 132
internal_value=1.42808e-05 -3.71072e-05 -0.000115922 -0.000385174 0.000315844 2.69032e-05
internal_weight=422 349 320 130 73 190
internal_count=422 349 320 130 73 190
is_linear=0
shrinkage=0.0167612


Tree=393
num_leaves=7
num_cat=0
split_feature=74 3 143 55 130 81
split_gain=0.0442883 0.025637 0.0367513 0.034199 0.0345256 0.0116534
threshold=26.500000000000004 9.5000000000000018 1.0000000180025095e-35 15.500000000000002 275000.00000000006 1.0000000180025095e-35
decision_type=10 2 10 10 8 8
left_child=1 3 5 4 -1 -3
right_child=-2 2 -4 -5 -6 -7
leaf_value=-0.00022416485058249908 0.00037687542261112636 -0.0002228060572064931 -0.00061711226529604778 0.0003657232087747099 0.00011821776136972936 5.6225782402639087e-05
leaf_weight=114 50 29 24 38 121 46
leaf_count=114 50 29 24 38 121 46
internal_value=1.4232e-05 -2.71187e-05 -0.000235303 2.421e-05 -1.38147e-05 -4.69412e-05
internal_weight=422 372 99 273 235 75
internal_count=422 372 99 273 235 75
is_linear=0
shrinkage=0.0167612


Tree=394
num_leaves=6
num_cat=0
split_feature=13 27 105 19 180
split_gain=0.0761119 0.132407 0.0443863 0.0257197 0.0184021
threshold=937347.0086904763 2.1250000000000004 2.5000000000000004 9.0000000000000018 1.0000000180025095e-35
decision_type=2 10 8 10 8
left_child=2 -2 -1 4 -4
right_child=1 -3 3 -5 -6
leaf_value=-0.00020556320664703721 5.1734818996206048e-05 -0.00084077716236457092 0.00040215481632658803 0.00054296797215543883 3.5156228025617079e-05
leaf_weight=29 27 51 29 42 244
leaf_count=29 27 51 29 42 244
internal_value=1.41206e-05 -0.000352128 0.000135912 0.000217788 0.000125339
internal_weight=422 78 344 315 273
internal_count=422 78 344 315 273
is_linear=0
shrinkage=0.0167612


Tree=395
num_leaves=6
num_cat=0
split_feature=2 46 119 27 222
split_gain=0.140718 0.0474465 0.0536693 0.0269807 0.0072661
threshold=2023.5000000000002 1.0708360789731455 1.0000000180025095e-35 2.3400000000000003 16.500000000000004
decision_type=2 10 10 10 10
left_child=-1 2 4 -4 -2
right_child=1 -3 3 -5 -6
leaf_value=0.00065558984242068826 9.4092022604378215e-05 0.00027442350483954271 -0.00012830123856725229 -0.00048068957525105037 -8.6682984036286735e-05
leaf_weight=50 121 38 34 132 47
leaf_count=50 121 38 34 132 47
internal_value=1.42953e-05 -7.60527e-05 -0.000162013 -0.000361694 -1.62199e-05
internal_weight=422 372 334 166 168
internal_count=422 372 334 166 168
is_linear=0
shrinkage=0.0167612


Tree=396
num_leaves=8
num_cat=0
split_feature=122 131 148 17 6 20 118
split_gain=0.0387365 0.0601453 0.0940748 0.067456 0.0324527 0.0768074 0.00199573
threshold=0.49555994787546909 4.5000000000000009 20.235507246376816 1.0000000180025095e-35 1.5000000000000002 1.0000000180025095e-35 88.500000000000014
decision_type=10 8 8 10 2 8 8
left_child=1 2 -1 -4 6 -6 -3
right_child=-2 4 3 -5 5 -7 -8
leaf_value=-0.00080626021970326019 0.00040371521126962692 7.305967318782381e-05 0.00010283241919198773 -0.00052530314312264272 0.00084566477746492912 0.00010080554753612571 -3.7925269816169949e-05
leaf_weight=33 31 35 117 27 30 50 99
leaf_count=33 31 35 117 27 30 50 99
internal_value=1.49822e-05 -1.07992e-05 -0.000237266 -2.86374e-05 0.000139952 0.000370475 1.71313e-05
internal_weight=422 391 177 144 214 80 134
internal_count=422 391 177 144 214 80 134
is_linear=0
shrinkage=0.0167612


Tree=397
num_leaves=8
num_cat=0
split_feature=96 13 3 107 46 81 11
split_gain=0.0405616 0.0304157 0.0380217 0.0276398 0.0233885 0.0273309 0.00870327
threshold=24.500000000000004 822244.72361111117 9.5000000000000018 1.0000000180025095e-35 0.91083558426141176 1.0000000180025095e-35 -1.0000000180025095e-35
decision_type=8 2 2 10 8 8 2
left_child=1 2 3 -1 6 -6 -2
right_child=4 -3 -4 -5 5 -7 -8
leaf_value=2.6867738646871399e-05 1.1868296132108021e-05 -0.00044474728903939192 -0.00034602432563066892 0.0004209288008016323 0.00047086062230592074 4.3814049469151585e-05 -0.00018771076371947517
leaf_weight=67 30 40 36 30 81 112 26
leaf_count=67 30 40 36 30 81 112 26
internal_value=1.44671e-05 -0.000141918 -1.74864e-05 0.00012318 0.000159169 0.000258563 3.0918e-05
internal_weight=422 173 133 97 249 193 56
internal_count=422 173 133 97 249 193 56
is_linear=0
shrinkage=0.0167612


Tree=398
num_leaves=8
num_cat=0
split_feature=2 174 56 187 200 222 161
split_gain=0.135976 0.0348467 0.0688853 0.0322602 0.0207918 0.00993174 0.00515392
threshold=2023.5000000000002 15.309523809523812 2.5000000000000004 0.48040745644450505 1.0000000180025095e-35 28.500000000000004 56252949.465922572
decision_type=2 10 8 10 10 10 10
left_child=4 2 3 -2 -1 -3 -4
right_child=1 5 6 -5 -6 -7 -8
leaf_value=0.0010746710112480642 -0.00057903231791817068 0.00024641073820768147 1.4229306806971508e-06 -0.00013086059592443171 0.00028304001918061123 3.4842566963393466e-05 0.00016568456959654973
leaf_weight=25 107 60 100 41 25 40 24
leaf_count=25 107 60 100 41 25 40 24
internal_value=1.35654e-05 -7.49121e-05 -0.000185989 -0.000417919 0.000644222 0.00010941 9.03603e-06
internal_weight=422 372 272 148 50 100 124
internal_count=422 372 272 148 50 100 124
is_linear=0
shrinkage=0.0167612


Tree=399
num_leaves=8
num_cat=0
split_feature=4 77 27 122 119 161 187
split_gain=0.0302641 0.0506233 0.0156492 0.0373755 0.0697831 0.0165419 0.0186117
threshold=183.00000000000003 1.0000000180025095e-35 3.3750000000000004 0.24344304657846019 1.0000000180025095e-35 56919997.112321027 1.0000000180025095e-35
decision_type=2 8 8 10 10 10 8
left_child=2 -2 3 4 -1 6 -4
right_child=1 -3 5 -5 -6 -7 -8
leaf_value=-7.941553947506454e-06 6.2557780682250566e-05 0.00065720550163753436 -0.00027755291616834196 9.7489846661494021e-05 -0.00054512199126909142 0.00025286126613742742 3.4377009768987438e-05
leaf_weight=37 58 30 28 26 97 43 103
leaf_count=37 58 30 28 26 97 43 103
internal_value=1.4085e-05 0.000256685 -3.44761e-05 -0.000156732 -0.000303466 2.87402e-05 2.7611e-06
internal_weight=422 88 334 160 134 174 131
internal_count=422 88 334 160 134 174 131
is_linear=0
shrinkage=0.0167612


Tree=400
num_leaves=9
num_cat=0
split_feature=91 13 110 6 169 217 55 36
split_gain=0.0413243 0.0978735 0.0574902 0.0275576 0.0206226 0.019954 0.0194975 0.0382339
threshold=5.5000000000000009 747594.82758620696 1.0000000180025095e-35 1.0000000180025095e-35 1.0000000180025095e-35 630.00000000000011 11.500000000000002 1.0000000180025095e-35
decision_type=8 2 8 2 8 10 10 8
left_child=5 2 3 -2 -4 -1 7 -3
right_child=1 6 4 -5 -6 -7 -8 -9
leaf_value=-0.000464965699765973 -0.00017609272009524557 -0.00055563925320261797 0.00090973573970751654 0.00022160102320483766 0.0003242806962618362 -7.4440815055160556e-05 -3.5825636214825888e-05 -8.610401304824471e-05
leaf_weight=30 32 47 50 79 70 33 45 43
leaf_count=30 32 47 50 79 70 33 45 43
internal_value=7.08449e-05 0.000152376 0.000362486 6.42777e-05 0.000606501 -0.000205873 -0.000122081 -0.000284197
internal_weight=429 366 231 111 120 63 135 90
internal_count=429 366 231 111 120 63 135 90
is_linear=0
shrinkage=0.0167612


Tree=401
num_leaves=7
num_cat=0
split_feature=6 62 77 119 25 44
split_gain=0.0410116 0.0651128 0.0390218 0.0316814 0.013884 0.00666913
threshold=1.0000000180025095e-35 397530.95673695358 1.0000000180025095e-35 1.0000000180025095e-35 2.8969938107869146 141.50000000000003
decision_type=2 8 8 10 8 8
left_child=3 -2 5 -1 -4 -3
right_child=1 2 4 -5 -6 -7
leaf_value=-5.1513504515493733e-05 -0.00024336196219314007 0.00019835301823114377 0.00020888702282141427 -0.00040969766436734406 0.00058428566327936365 8.04827575920721e-06
leaf_weight=39 34 33 24 54 105 140
leaf_count=39 34 33 24 54 105 140
internal_value=6.9586e-05 0.00016626 0.000266513 -0.000159002 0.000477113 6.83332e-05
internal_weight=429 336 302 93 129 173
internal_count=429 336 302 93 129 173
is_linear=0
shrinkage=0.0167612


Tree=402
num_leaves=9
num_cat=0
split_feature=160 45 13 122 81 175 148 17
split_gain=0.0305144 0.0250701 0.0232875 0.0193222 0.0311196 0.0155544 0.0113217 0.00859716
threshold=1.1449545454702978 1.0000000180025095e-35 611891.66666666686 -0.31930635345326247 1.0000000180025095e-35 5.5000000000000009 15.086956521739133 1.0000000180025095e-35
decision_type=8 8 2 10 10 10 10 10
left_child=3 5 -3 4 -1 -2 -5 -4
right_child=1 2 7 6 -6 -7 -8 -9
leaf_value=-0.00045484082545644428 0.00012416588055023581 0.00047379867600007069 0.00015327525887424853 0.00022967265266386058 -0.00010096403147510189 -0.00019595651997793685 2.2018833417320068e-06 4.6805643323523826e-07
leaf_weight=60 35 85 96 25 27 45 25 31
leaf_count=60 35 85 96 25 27 45 25 31
internal_value=6.79595e-05 0.000170965 0.000269049 -8.13448e-05 -0.000246815 3.23784e-05 5.14707e-06 7.5784e-05
internal_weight=429 292 212 137 87 80 50 127
internal_count=429 292 212 137 87 80 50 127
is_linear=0
shrinkage=0.0167612


Tree=403
num_leaves=8
num_cat=0
split_feature=62 13 6 94 185 215 97
split_gain=0.0493063 0.115437 0.0856143 0.0544783 0.0258704 0.0317608 0.000946077
threshold=453750.00000000006 769714.2857142858 1.0000000180025095e-35 1.0000000180025095e-35 0.046536796536796508 -0.11540771496132 1380.0000000000002
decision_type=8 2 2 10 8 10 8
left_child=6 2 -2 -4 -3 -6 -1
right_child=1 4 3 -5 5 -7 -8
leaf_value=-0.00045700825073223539 5.999275146113059e-05 -5.9116626277004047e-05 0.00069967956621535567 0.00021468810736233399 -0.0005726811069875021 -9.6156837030540303e-05 -0.00010654230612170062
leaf_weight=24 65 33 150 30 53 46 28
leaf_count=24 65 33 150 30 53 46 28
internal_value=6.69316e-05 0.000148575 0.00036591 0.000559282 -0.000163493 -0.000332812 -0.000266151
internal_weight=429 377 245 180 132 99 52
internal_count=429 377 245 180 132 99 52
is_linear=0
shrinkage=0.0167612


Tree=404
num_leaves=6
num_cat=0
split_feature=62 55 13 93 184
split_gain=0.0650046 0.0293172 0.0717982 0.0582575 0.00153088
threshold=397530.95673695358 19.500000000000004 695121.37558041385 1.0000000180025095e-35 12.500000000000002
decision_type=8 8 2 10 8
left_child=-1 -2 3 -3 -4
right_child=1 2 4 -5 -6
leaf_value=-0.00035693840850359689 -0.00011682139838738088 0.00053172439193968179 2.679466011067298e-06 0.00011218611875303555 -5.4136187001156061e-05
leaf_weight=42 24 179 35 31 118
leaf_count=42 24 179 35 31 118
internal_value=6.44071e-05 0.000149034 0.000205862 0.000397569 7.69704e-06
internal_weight=429 387 363 210 153
internal_count=429 387 363 210 153
is_linear=0
shrinkage=0.0167612


Tree=405
num_leaves=6
num_cat=0
split_feature=13 55 43 46 25
split_gain=0.0456713 0.0321165 0.0322791 0.0604222 0.0504982
threshold=224358.07418699187 28.500000000000004 1.0000000180025095e-35 0.82671912289506444 2.3484848484848491
decision_type=2 8 10 10 10
left_child=-1 -2 3 -3 -4
right_child=1 2 4 -5 -6
leaf_value=0.00043579813341451391 -0.00032799905980950651 -0.00019497015100868764 0.00049934976699104116 0.00030341536511007663 4.5640006779712158e-05
leaf_weight=44 37 180 81 58 29
leaf_count=44 37 180 81 58 29
internal_value=6.14938e-05 2.84712e-06 5.06751e-05 -1.95986e-05 0.000265834
internal_weight=429 385 348 238 110
internal_count=429 385 348 238 110
is_linear=0
shrinkage=0.0167612


Tree=406
num_leaves=6
num_cat=0
split_feature=85 13 147 102 44
split_gain=0.0853874 0.0471258 0.0131804 0.0118 0.00191377
threshold=424005.33333333343 834441.17647058831 1.0000000180025095e-35 127587.03592002821 67.000000000000014
decision_type=8 2 10 10 10
left_child=-1 2 -2 -3 -5
right_child=1 3 -4 4 -6
leaf_value=-0.00036416236492427582 0.0003527338873217568 -0.00021985450954542236 9.6103773427790384e-05 8.956630129775182e-05 -2.2776422739291824e-06
leaf_weight=62 224 44 39 27 33
leaf_count=62 224 44 39 27 33
internal_value=6.02704e-05 0.000171779 0.000296635 -2.65201e-05 -6.29904e-06
internal_weight=429 367 263 104 60
internal_count=429 367 263 104 60
is_linear=0
shrinkage=0.0167612


Tree=407
num_leaves=7
num_cat=0
split_feature=190 31 158 161 85 158
split_gain=0.0396639 0.053278 0.0409247 0.0391595 0.0269279 0.00878304
threshold=632504.80989288446 1.0000000180025095e-35 19.500000000000004 57607725.92279242 841209.82839536038 35.500000000000007
decision_type=10 8 8 10 10 8
left_child=1 3 -3 -1 -2 -4
right_child=4 2 5 -5 -6 -7
leaf_value=-3.7285224269057223e-05 -0.00044253802447654267 0.00055127455899981544 2.762256482132153e-05 -0.00047334055924975717 -4.0357792049868949e-05 0.00015640539807201207
leaf_weight=34 37 86 47 33 58 134
leaf_count=34 37 86 47 33 58 134
internal_value=5.82055e-05 0.000155181 0.000274739 -0.000120065 -0.000165595 9.70833e-05
internal_weight=429 334 267 67 95 181
internal_count=429 334 267 67 95 181
is_linear=0
shrinkage=0.0167612


Tree=408
num_leaves=10
num_cat=0
split_feature=2 107 13 84 37 140 6 77 166
split_gain=0.0858594 0.0502319 0.0355847 0.0376024 0.0419092 0.0195423 0.0313878 0.00263493 0.000400308
threshold=2023.5000000000002 1.0000000180025095e-35 611891.66666666686 0.9999999999896273 1.0000000180025095e-35 1.0000000180025095e-35 1.0000000180025095e-35 1.0000000180025095e-35 17.805555555555561
decision_type=2 10 2 8 8 10 2 8 10
left_child=1 -1 5 8 -5 7 -7 -2 -4
right_child=2 -3 3 4 -6 6 -8 -9 -10
leaf_value=0.00022214242719132614 -0.00011168034769389362 0.00098156762504173259 2.8032884614308094e-05 -0.00059228486948696712 -0.00012756034478914868 0.00055516274414943217 4.8589026782069548e-05 -2.1186103162869177e-06 -1.3972797081895267e-05
leaf_weight=25 29 24 62 81 38 30 71 45 28
leaf_count=25 29 24 62 81 38 30 71 45 28
internal_value=1.22656e-05 0.000519274 -5.12224e-05 -0.000202983 -0.000386905 7.58389e-05 0.000233165 -7.21945e-06 -3.49052e-05
internal_weight=433 49 384 209 119 175 101 74 90
internal_count=433 49 384 209 119 175 101 74 90
is_linear=0
shrinkage=0.0167612


Tree=409
num_leaves=6
num_cat=0
split_feature=55 201 77 42 221
split_gain=0.115996 0.0523417 0.0490383 0.0242621 0.0219506
threshold=36.500000000000007 2.6481481481481484 1.0000000180025095e-35 1.0000000180025095e-35 3.0000000000000004
decision_type=8 10 10 10 8
left_child=-1 2 4 -4 -2
right_child=1 -3 3 -5 -6
leaf_value=-0.00056097023041198262 -0.00030238506402735732 0.00058347467324502608 0.00013943309662246868 0.00063561226384246082 -1.7554033448647855e-06
leaf_weight=45 36 31 31 39 251
leaf_count=45 36 31 31 39 251
internal_value=1.24821e-05 0.000123833 4.52549e-05 0.000370696 -2.53291e-05
internal_weight=433 388 357 70 287
internal_count=433 388 357 70 287
is_linear=0
shrinkage=0.0167612


Tree=410
num_leaves=5
num_cat=0
split_feature=39 55 134 30
split_gain=0.0513491 0.0909706 0.0474886 0.0229841
threshold=6.5000000000000009 39.500000000000007 681729.27970085479 56.500000000000007
decision_type=10 8 10 10
left_child=1 -1 3 -3
right_child=-2 2 -4 -5
leaf_value=-0.00055692633719627623 0.00042207810678273 2.8764507441679145e-05 0.00048956211109411213 -0.00030930562318362965
leaf_weight=46 43 293 24 27
leaf_count=46 43 293 24 27
internal_value=1.20707e-05 -2.83984e-05 3.96513e-05 2.18815e-06
internal_weight=433 390 344 320
internal_count=433 390 344 320
is_linear=0
shrinkage=0.0167612


Tree=411
num_leaves=7
num_cat=0
split_feature=201 77 42 9 171 19
split_gain=0.0301762 0.0421379 0.022106 0.0154689 0.0165324 0.00204077
threshold=2.8944444444444448 1.0000000180025095e-35 1.0000000180025095e-35 1.0000000180025095e-35 1.0000000180025095e-35 4.5000000000000009
decision_type=8 10 10 2 8 8
left_child=-1 3 -3 5 -5 -2
right_child=1 2 -4 4 -6 -7
leaf_value=-0.00028439426231164218 6.708880273126563e-06 0.00013804301660692126 0.00062884322787301822 -6.5664067564668893e-05 -0.0004347334649341066 8.7603368902141793e-05
leaf_weight=38 115 32 39 36 25 148
leaf_count=38 115 32 39 36 25 148
internal_value=1.1902e-05 7.36806e-05 0.000374386 4.01858e-06 -0.00019214 4.79875e-05
internal_weight=433 395 71 324 61 263
internal_count=433 395 71 324 61 263
is_linear=0
shrinkage=0.0167612


Tree=412
num_leaves=7
num_cat=0
split_feature=55 13 98 23 75 65
split_gain=0.0676071 0.0419548 0.0563225 0.0769571 0.0320771 0.0490712
threshold=19.500000000000004 588336.44573643419 1.0000000180025095e-35 1.0000000180025095e-35 1.2687184006517789 24.500000000000004
decision_type=8 2 10 10 8 8
left_child=-1 2 -2 -4 -3 -6
right_child=1 4 3 -5 5 -7
leaf_value=-0.00046992914668234222 4.4088897933282784e-05 0.00024518913802716672 0.00076740821642887354 0.00021589638998958835 -0.00043197631575319723 -2.3219887429941888e-05
leaf_weight=32 92 31 79 25 77 97
leaf_count=32 92 31 79 25 77 97
internal_value=1.11805e-05 9.01663e-05 0.000261106 0.000504674 -2.81495e-05 -0.000155572
internal_weight=433 401 196 104 205 174
internal_count=433 401 196 104 205 174
is_linear=0
shrinkage=0.0167612


Tree=413
num_leaves=8
num_cat=0
split_feature=2 170 160 85 127 160 77
split_gain=0.0819597 0.0296586 0.0285304 0.0334862 0.0121727 0.0114218 0.00616407
threshold=2023.5000000000002 1.0000000180025095e-35 1.1641210638803703 874635.49367346952 1.0000000180025095e-35 0.8965505150988492 1.0000000180025095e-35
decision_type=2 10 10 10 8 10 8
left_child=-1 4 3 -3 5 -2 -6
right_child=1 2 -4 -5 6 -7 -8
leaf_value=0.00050605989514164592 0.00032800078353853039 -0.00052257136559781298 -7.3041190851999143e-05 -0.00013551196806451472 -0.00015067342364991564 6.5477665138051309e-05 -6.8786325333306623e-09
leaf_weight=49 50 89 38 31 39 33 104
leaf_count=49 50 89 38 31 39 33 104
internal_value=1.01304e-05 -5.14949e-05 -0.000221542 -0.000360271 3.08014e-05 0.000181085 -4.51535e-08
internal_weight=433 384 158 120 226 83 143
internal_count=433 384 158 120 226 83 143
is_linear=0
shrinkage=0.0167612


Tree=414
num_leaves=8
num_cat=0
split_feature=74 52 110 27 35 30 174
split_gain=0.0473905 0.00998767 0.0343869 0.0340437 0.0206643 0.0836556 0.0284079
threshold=38.500000000000007 1.0000000180025095e-35 1.0000000180025095e-35 3.1750000000000003 403360.76489932399 26.500000000000004 54.534722222222229
decision_type=10 10 10 10 10 8 8
left_child=1 4 3 -3 6 -6 -1
right_child=-2 2 -4 -5 5 -7 -8
leaf_value=-0.00034063031235513885 0.0004353506254353786 -0.00067982703778675813 -1.8539138448741776e-05 -0.00017297624008571913 -3.0520443864064392e-05 0.00067414303180901537 -3.9930733762910887e-06
leaf_weight=41 33 35 39 24 32 38 191
leaf_count=41 33 35 39 24 32 38 191
internal_value=1.07499e-05 -2.07629e-05 -0.000151853 -0.00039509 -1.21011e-06 0.000221246 -4.47985e-05
internal_weight=433 400 98 59 302 70 232
internal_count=433 400 98 59 302 70 232
is_linear=0
shrinkage=0.0167612


Tree=415
num_leaves=7
num_cat=0
split_feature=13 4 62 200 9 10
split_gain=0.0949098 0.0946848 0.0418901 0.0254589 0.025525 0.00488143
threshold=955858.98410087731 264.00000000000006 938480.5277222892 1.0000000180025095e-35 1.0000000180025095e-35 -1.0000000180025095e-35
decision_type=2 2 8 8 2 2
left_child=1 3 -2 4 -1 -5
right_child=2 -3 -4 5 -6 -7
leaf_value=0.00030763858791996829 -0.00012588833333089638 0.00071332312881581975 -0.00068981894181543426 -1.5390377666306184e-05 3.7870951038268254e-05 -0.00018217116539326022
leaf_weight=124 38 39 49 84 33 66
leaf_count=124 38 39 49 84 33 66
internal_value=1.09198e-05 0.000148763 -0.000381833 2.97651e-05 0.000176719 -8.45586e-05
internal_weight=433 346 87 307 157 150
internal_count=433 346 87 307 157 150
is_linear=0
shrinkage=0.0167612


Tree=416
num_leaves=8
num_cat=0
split_feature=27 161 43 152 91 143 85
split_gain=0.0482323 0.0440986 0.0807523 0.0380524 0.00834254 0.0444785 0.0213085
threshold=1.2900000000000003 57016022.338348396 1.0000000180025095e-35 52.000000000000007 9.5000000000000018 1.0000000180025095e-35 424005.33333333343
decision_type=8 8 10 10 10 8 10
left_child=-1 2 3 -2 5 -3 -6
right_child=1 4 -4 -5 6 -7 -8
leaf_value=0.00038883992118704985 -0.00081163753391308121 0.00046389942665573053 -4.5667339792418637e-05 -0.00025803275423219482 -0.00028054024467964782 1.7139083200755232e-05 4.4339311397365627e-05
leaf_weight=32 67 41 66 24 42 106 53
leaf_count=32 67 41 66 24 42 106 53
internal_value=-1.29313e-05 -8.26651e-05 -0.000287719 -0.000589365 1.694e-05 0.00011434 -3.16063e-05
internal_weight=431 399 157 91 242 147 95
internal_count=431 399 157 91 242 147 95
is_linear=0
shrinkage=0.0167612


Tree=417
num_leaves=8
num_cat=0
split_feature=13 106 212 123 155 110 136
split_gain=0.113271 0.121365 0.0747645 0.0867226 0.0444814 0.0321122 0.00596518
threshold=1052744.4791666667 310109.36893203889 359653.22617927397 14.500000000000002 1.0000000180025095e-35 1.0000000180025095e-35 1.0000000180025095e-35
decision_type=2 10 10 10 10 10 10
left_child=2 -2 4 -4 5 -1 -5
right_child=1 -3 3 6 -6 -7 -8
leaf_value=0.00018932250647100813 -0.0011177542840446241 -0.00021862972018737948 0.00097535230441569997 3.7225970317307355e-05 -0.00039651122625672803 -0.00015052298989751259 0.00017309528232798199
leaf_weight=148 34 28 30 28 45 79 39
leaf_count=148 34 28 30 28 45 79 39
internal_value=-1.13859e-05 -0.000546155 7.73368e-05 0.000426347 -2.57405e-05 2.69002e-05 9.29936e-05
internal_weight=431 62 369 97 272 227 67
internal_count=431 62 369 97 272 227 67
is_linear=0
shrinkage=0.0167612


Tree=418
num_leaves=8
num_cat=1
split_feature=1 161 115 6 13 41 137
split_gain=0.0287695 0.118587 0.0864951 0.0299538 0.0401664 0.0223935 0.000134375
threshold=0 52228708.774316825 1.0000000180025095e-35 1.0000000180025095e-35 711007.56172335614 -212504.41576892106 1.0000000180025095e-35
decision_type=1 10 8 2 2 10 10
left_child=1 -1 3 5 -5 -2 -3
right_child=2 6 -4 4 -6 -7 -8
leaf_value=-0.00077718318122345571 -0.0005304338246163681 4.2760854212171047e-06 0.00053585272748056403 0.00025635643758980609 -0.00012907925002373567 -0.00011888614501223323 9.0315224730211564e-05
leaf_weight=42 40 36 51 99 111 28 24
leaf_count=42 40 36 51 99 111 28 24
internal_value=-1.10442e-05 -0.000221632 4.3029e-05 -3.82667e-05 1.48765e-05 -0.000296987 1.25123e-05
internal_weight=431 102 329 278 210 68 60
internal_count=431 102 329 278 210 68 60
cat_boundaries=0 1
cat_threshold=18
is_linear=0
shrinkage=0.0167612


Tree=419
num_leaves=8
num_cat=0
split_feature=161 222 43 83 113 96 51
split_gain=0.0827306 0.120592 0.106528 0.0589449 0.0216671 0.06551 0.00150383
threshold=56675169.900530793 1.5000000000000002 1.0000000180025095e-35 291.00000000000006 110463.40505053905 13.500000000000002 1.0000000180025095e-35
decision_type=8 8 10 8 10 8 10
left_child=2 -2 3 -1 5 -3 -6
right_child=1 4 -4 -5 6 -7 -8
leaf_value=-0.00029213719098502948 0.00068150918162770047 0.00050045748702801953 -2.6053186927820434e-05 -0.0010136491088588548 -8.9824177522125932e-05 -5.2790050655854139e-05 -0.0004119032568630743
leaf_weight=26 52 39 53 55 32 150 24
leaf_count=26 52 39 53 55 32 150 24
internal_value=-1.0403e-05 0.000116997 -0.000331152 -0.000698522 7.88659e-06 4.63534e-05 -0.000243612
internal_weight=431 297 134 81 245 189 56
internal_count=431 297 134 81 245 189 56
is_linear=0
shrinkage=0.0167612


Tree=420
num_leaves=9
num_cat=0
split_feature=45 144 106 156 11 110 9 209
split_gain=0.00787279 0.030658 0.046901 0.0224798 0.0156628 0.0103432 0.01663 0.00809252
threshold=1.0000000180025095e-35 3.4154761904761908 637775.669504644 1.0000000180025095e-35 -0.68301270189221952 1.0000000180025095e-35 1.0000000180025095e-35 0.077677224736048267
decision_type=10 8 8 10 2 8 2 8
left_child=5 2 7 -4 -3 -1 -7 -2
right_child=1 4 3 -5 -6 6 -8 -9
leaf_value=0.00020732377137913522 -0.00038691113833233125 -0.00010540217654660506 0.00011229231679041157 0.00055085730051512589 -0.00040278591107906014 6.2193054382130871e-05 -0.00023614866916133335 -8.7061536477835841e-05
leaf_weight=45 24 30 32 39 82 120 35 24
leaf_count=45 24 30 32 39 82 120 35 24
internal_value=-9.21892e-06 -8.4942e-05 2.11816e-05 0.000304547 -0.000274582 3.71931e-05 4.00229e-06 -0.000198855
internal_weight=431 231 119 71 112 200 155 48
internal_count=431 231 119 71 112 200 155 48
is_linear=0
shrinkage=0.0167612


Tree=421
num_leaves=7
num_cat=0
split_feature=160 11 147 130 120 22
split_gain=0.063905 0.0225456 0.0442032 0.0122223 0.00951819 0.00226308
threshold=0.88820167393300486 -0.68301270189221952 1.0000000180025095e-35 485000.00000000006 13.500000000000002 1.0000000180025095e-35
decision_type=8 2 8 10 10 10
left_child=-1 4 3 -3 -2 -4
right_child=1 2 5 -5 -6 -7
leaf_value=0.00046721832010738958 0.00021047155486935586 -0.00038895054384591431 3.5955377720242839e-06 -9.8049741537900849e-05 1.0650812104185873e-05 0.00011985791632871209
leaf_weight=30 43 159 65 41 63 30
leaf_count=30 43 159 65 41 63 30
internal_value=-8.67597e-06 -8.47643e-05 -0.000169413 -0.000313134 4.65514e-05 1.60997e-05
internal_weight=431 401 295 200 106 95
internal_count=431 401 295 200 106 95
is_linear=0
shrinkage=0.0167612


Tree=422
num_leaves=6
num_cat=0
split_feature=13 13 166 103 143
split_gain=0.0332584 0.0767584 0.136352 0.0173388 0.0122773
threshold=232620.91666666669 1087864.4206349209 4.3349358974358987 94700.846221938948 1.0000000180025095e-35
decision_type=2 2 10 10 8
left_child=-1 3 -3 4 -2
right_child=1 2 -4 -5 -6
leaf_value=0.00028929142369740789 6.9857665528371446e-05 -0.0011846687438006448 -0.00019138825671246633 0.00025869568862124404 -0.00011234747954341546
leaf_weight=45 102 25 32 33 194
leaf_count=45 102 25 32 33 194
internal_value=-7.18671e-06 -7.54925e-05 -0.000519063 -4.0582e-06 -1.9264e-05
internal_weight=431 386 57 329 296
internal_count=431 386 57 329 296
is_linear=0
shrinkage=0.0167612


Tree=423
num_leaves=9
num_cat=0
split_feature=222 202 113 27 214 43 43 6
split_gain=0.0433955 0.0532093 0.0522666 0.0293077 0.0203299 0.0141696 0.0124731 0.00957648
threshold=1.5000000000000002 1.0000000180025095e-35 143800.35277208735 2.8500000000000001 190004.53761969908 1.0000000180025095e-35 1.0000000180025095e-35 1.5000000000000002
decision_type=10 8 8 10 10 10 10 2
left_child=1 -1 4 -4 -2 -6 -5 -3
right_child=2 7 3 6 5 -7 -8 -9
leaf_value=0.00058603062770084256 -4.7965130074392296e-05 0.00013156926577344064 -0.00058253733641254436 -0.00022628141540108522 0.00043535848474976675 9.7610881503257984e-05 -2.8501858788470635e-05 -0.00010230078664379991
leaf_weight=35 24 63 65 63 42 30 53 56
leaf_count=35 24 63 65 63 42 30 53 56
internal_value=-6.06454e-06 0.000175419 -0.000141674 -0.000315879 6.31827e-05 0.000254285 -0.000109323 2.38119e-05
internal_weight=431 154 277 181 96 72 116 119
internal_count=431 154 277 181 96 72 116 119
is_linear=0
shrinkage=0.0167612


Tree=424
num_leaves=9
num_cat=0
split_feature=13 35 47 202 63 3 27 130
split_gain=0.159997 0.113771 0.0788034 0.0767898 0.014223 0.0111738 0.0463613 0.000799933
threshold=452451.62037037039 450576.62037037039 1.0000000180025095e-35 1.0000000180025095e-35 1329650.6029411766 10.500000000000002 2.2050000000000005 485000.00000000006
decision_type=2 10 10 8 8 2 10 10
left_child=2 3 5 -2 -3 6 -1 -5
right_child=1 4 -4 7 -6 -7 -8 -9
leaf_value=0.00052788777834427857 -0.00086900413368842615 2.9402036754719633e-05 0.00089401943603126179 -0.00014901492270599808 0.00033619693584112283 6.7003451012973071e-05 5.0970322651001994e-05 -5.7874200331743709e-05
leaf_weight=44 71 51 41 66 36 25 60 34
leaf_count=44 71 51 41 66 36 25 60 34
internal_value=0 -0.000228717 0.000377135 -0.000485936 0.00010963 0.000156626 0.000214594 -0.000163153
internal_weight=428 258 170 171 87 129 104 100
internal_count=428 258 170 171 87 129 104 100
is_linear=0
shrinkage=0.0167612


Tree=425
num_leaves=7
num_cat=0
split_feature=13 47 42 6 148 136
split_gain=0.112613 0.075971 0.0503699 0.0352462 0.0172482 0.0139636
threshold=322929.25907944521 0.75000000000000011 1.0000000180025095e-35 1.0000000180025095e-35 17.275000000000002 0.75000000000000011
decision_type=2 8 8 2 10 10
left_child=1 -1 4 -4 5 -2
right_child=2 -3 3 -5 -6 -7
leaf_value=0.00012310240705969421 5.3789785055501461e-06 0.00096538199130979279 -0.00078442522815840791 -0.00016755565627944849 0.00019518692294827973 -0.00020242067059248077
leaf_weight=52 59 34 24 103 72 84
leaf_count=52 59 34 24 103 72 84
internal_value=0 0.000465592 -0.00011352 -0.000353754 -9.07935e-06 -5.9183e-05
internal_weight=428 86 342 127 215 143
internal_count=428 86 342 127 215 143
is_linear=0
shrinkage=0.0167612


Tree=426
num_leaves=6
num_cat=0
split_feature=89 64 5 21 89
split_gain=0.038645 0.074006 0.0432583 0.0299881 0.0485823
threshold=5.5000000000000009 13.500000000000002 1.5000000000000002 593667.07196969714 25.500000000000004
decision_type=8 8 2 8 8
left_child=2 -2 -1 -3 -5
right_child=1 3 -4 4 -6
leaf_value=-0.00012432608001364649 0.00053302401693611614 -0.00029584680854364827 -0.00059543609765305803 -0.00024244464702217097 0.00019113811183473956
leaf_weight=24 51 48 40 54 211
leaf_count=24 51 48 40 54 211
internal_value=0 8.1724e-05 -0.00028397 4.6051e-06 5.4836e-05
internal_weight=428 364 64 313 265
internal_count=428 364 64 313 265
is_linear=0
shrinkage=0.0167612


Tree=427
num_leaves=8
num_cat=0
split_feature=21 13 27 20 215 150 20
split_gain=0.0401291 0.0350478 0.0818535 0.0275936 0.0229029 0.004701 0.000560096
threshold=351340.85462018143 695121.37558041385 2.6300000000000003 1.0000000180025095e-35 -0.041412848601404394 1.0000000180025095e-35 1.0000000180025095e-35
decision_type=8 2 10 8 10 10 10
left_child=-1 3 4 5 -3 -2 -5
right_child=1 2 -4 6 -6 -7 -8
leaf_value=-0.00038062057991158351 0.0001005514695019118 4.0049012000542591e-05 -0.00045639665013872207 3.1185739194346487e-05 0.00037528212127789029 0.00045586177249717371 -2.7713333895086768e-05
leaf_weight=29 46 46 72 69 44 87 35
leaf_count=29 46 46 72 69 44 87 35
internal_value=0 6.1582e-05 -7.5286e-05 0.000197055 0.000138615 0.000348022 3.00191e-05
internal_weight=428 399 162 237 90 133 104
internal_count=428 399 162 237 90 133 104
is_linear=0
shrinkage=0.0167612


Tree=428
num_leaves=8
num_cat=0
split_feature=20 13 158 105 6 30 46
split_gain=0.0126893 0.0410095 0.0596467 0.0255918 0.0205684 0.0168678 0.00125898
threshold=1.0000000180025095e-35 262159.16666666669 2.5000000000000004 15.500000000000002 1.5000000000000002 83.500000000000014 0.90452289270928721
decision_type=10 2 10 8 2 8 10
left_child=1 3 4 -1 -3 -4 -2
right_child=6 2 5 -5 -6 -7 -8
leaf_value=0.00013942974423334414 -0.00023441742577121196 -0.00059855563794953713 0.00025213747831227226 0.00064479267246273777 -0.00011591497835198782 1.4097609681297124e-05 -6.7210444974859479e-05
leaf_weight=30 42 42 98 34 37 121 24
leaf_count=30 42 42 98 34 37 121 24
internal_value=0 5.31528e-05 2.973e-06 0.000363227 -0.000345381 0.000105364 -0.000153513
internal_weight=428 362 298 64 79 219 66
internal_count=428 362 298 64 79 219 66
is_linear=0
shrinkage=0.0167612


Tree=429
num_leaves=9
num_cat=0
split_feature=13 171 38 64 122 222 47 119
split_gain=0.119325 0.0949629 0.0740559 0.0355827 0.0110932 0.0108374 0.0081183 0.00244975
threshold=421594.51016260165 1.0000000180025095e-35 5.5000000000000009 30.500000000000004 -0.60081287810544437 29.500000000000004 0.28333333333333338 1.0000000180025095e-35
decision_type=2 10 10 10 10 8 8 10
left_child=2 4 6 -4 5 -2 -1 -6
right_child=1 -3 3 -5 7 -7 -8 -9
leaf_value=-0.00010934672442629934 -0.00024888094072866184 -0.0007587919058934066 0.0010931142818288932 0.00031411390132078161 0.00013054743916014635 -2.4746073474075914e-05 0.00013445304717557257 1.4902711356490474e-05
leaf_weight=27 79 35 33 42 42 77 49 44
leaf_count=27 79 35 33 42 42 77 49 44
internal_value=0 -0.000178779 0.000352994 0.00069372 -3.85246e-05 -0.000126693 6.9676e-05 4.99856e-05
internal_weight=428 277 151 75 242 156 76 86
internal_count=428 277 151 75 242 156 76 86
is_linear=0
shrinkage=0.0167612


Tree=430
num_leaves=9
num_cat=0
split_feature=13 17 6 200 62 192 107 32
split_gain=0.11261 0.0754693 0.0607049 0.0351398 0.0243931 0.0149111 0.0315102 0.0128818
threshold=314876.21041092119 1.0000000180025095e-35 1.0000000180025095e-35 1.0000000180025095e-35 485282.91200307157 1.0000000180025095e-35 1.0000000180025095e-35 30.500000000000004
decision_type=2 8 2 10 10 8 8 10
left_child=1 -1 5 4 -4 -2 -7 -5
right_child=2 -3 3 7 -6 6 -8 -9
leaf_value=0.00012896608429649491 -0.00018908429178706229 0.00098420458871996668 -0.00023642417260472812 0.00043848195601610195 4.3323223533814192e-05 -0.00097692858205123399 -0.00027935743692278825 9.7578090259306004e-05
leaf_weight=50 26 32 143 44 50 28 25 30
leaf_count=50 26 32 143 44 50 28 25 30
internal_value=0 0.000473969 -0.000112074 -7.33215e-06 -0.000106922 -0.000452115 -0.000653019 0.0002542
internal_weight=428 82 346 267 193 79 53 74
internal_count=428 82 346 267 193 79 53 74
is_linear=0
shrinkage=0.0167612


Tree=431
num_leaves=8
num_cat=1
split_feature=0 105 161 123 189 43 189
split_gain=0.126441 0.075614 0.0274307 0.0515608 0.0413529 0.032887 0.039911
threshold=0 21.500000000000004 56766108.714603528 27.500000000000004 1.0000000180025095e-35 1.0000000180025095e-35 1.0000000180025095e-35
decision_type=9 10 8 10 10 10 10
left_child=1 -1 5 4 -4 6 -2
right_child=2 -3 3 -5 -6 -7 -8
leaf_value=-0.00076655714684441267 -8.8718201132680267e-05 -0.00010185691307627195 0.00017705061284403211 6.3130789528937278e-05 0.00076227069016564079 0.00024082392780521927 -0.00051801343478111194
leaf_weight=63 25 51 94 46 63 48 38
leaf_count=63 25 51 94 46 63 48 38
internal_value=0 -0.000379789 0.000180174 0.000302535 0.000453545 2.59661e-05 -0.000207385
internal_weight=428 114 314 203 157 111 63
internal_count=428 114 314 203 157 111 63
cat_boundaries=0 1
cat_threshold=33825801
is_linear=0
shrinkage=0.0167612


Tree=432
num_leaves=8
num_cat=0
split_feature=46 55 189 6 143 6 136
split_gain=0.120234 0.114912 0.0311092 0.0362195 0.0885748 0.000488346 0.00835225
threshold=0.82671912289506444 86.500000000000014 1.0000000180025095e-35 1.5000000000000002 1.0000000180025095e-35 1.0000000180025095e-35 1.0000000180025095e-35
decision_type=10 8 10 2 10 2 8
left_child=2 -2 5 4 -4 -1 -7
right_child=1 -3 3 -5 -6 6 -8
leaf_value=3.2942650740156494e-05 9.5294422590610453e-05 0.000887374655507472 -0.00014146711415173225 -8.9497145958404136e-05 -0.00085409734216588195 6.8287479335514333e-05 -0.00012491087831640143
leaf_weight=33 61 54 46 48 58 26 99
leaf_count=33 61 54 46 48 58 26 99
internal_value=0 0.000406305 -0.000157535 -0.000319339 -0.000489637 -1.66643e-05 -1.76877e-05
internal_weight=425 115 310 152 104 158 125
internal_count=425 115 310 152 104 158 125
is_linear=0
shrinkage=0.0167612


Tree=433
num_leaves=8
num_cat=0
split_feature=212 13 222 94 198 43 123
split_gain=0.0659621 0.0635645 0.0317917 0.018608 0.0172177 0.0405159 0.000692645
threshold=423578.53283109318 1098847.237734488 15.500000000000002 1.0000000180025095e-35 54.500000000000007 1.0000000180025095e-35 23.500000000000004
decision_type=10 2 10 10 8 10 10
left_child=3 2 -2 4 5 -1 -6
right_child=1 -3 -4 -5 6 -7 -8
leaf_value=-0.00057405152138276098 0.00083147596733709826 1.8815017156320213e-05 0.00018325270945154605 -5.4671517079059299e-06 -4.5356599879082576e-05 -7.914243137608761e-05 -1.2324052682745078e-05
leaf_weight=68 45 41 53 48 83 60 27
leaf_count=68 45 41 53 48 83 60 27
internal_value=0 0.000271176 0.000518744 -0.000131124 -0.000207435 -0.000333204 -3.01271e-05
internal_weight=425 139 98 286 238 128 110
internal_count=425 139 98 286 238 128 110
is_linear=0
shrinkage=0.0167612


Tree=434
num_leaves=8
num_cat=0
split_feature=27 134 46 55 6 2 105
split_gain=0.062341 0.145996 0.0556568 0.0666592 0.0417094 0.0407006 0.0120692
threshold=1.9100000000000004 816284.22619047633 0.84894963406327117 4.5000000000000009 1.0000000180025095e-35 2024.5000000000002 8.5000000000000018
decision_type=8 8 10 10 2 2 10
left_child=1 -1 4 -4 5 -2 -6
right_child=2 -3 3 -5 6 -7 -8
leaf_value=6.6441945101264786e-06 -0.00017421993883793335 0.00096992407681750173 0.00065615635153576661 6.0928252196815118e-05 -0.00016603184923820162 -0.00088774765551423169 5.7071403619880903e-06
leaf_weight=27 36 38 35 32 117 30 110
leaf_count=27 36 38 35 32 117 30 110
internal_value=0 0.000384355 -7.75159e-05 0.000228441 -0.00019438 -0.000509786 -5.88917e-05
internal_weight=425 65 360 67 293 66 227
internal_count=425 65 360 67 293 66 227
is_linear=0
shrinkage=0.0167612


Tree=435
num_leaves=9
num_cat=0
split_feature=144 77 55 2 94 55 150 94
split_gain=0.0431698 0.053535 0.0321316 0.028626 0.0181435 0.0165772 0.00675759 0.00080593
threshold=3.9741379310344827 1.0000000180025095e-35 40.500000000000007 2023.5000000000002 1.0000000180025095e-35 22.000000000000004 1.0000000180025095e-35 1.0000000180025095e-35
decision_type=8 8 8 2 8 10 10 10
left_child=1 2 -1 -2 6 -4 -5 -6
right_child=3 -3 5 4 7 -7 -8 -9
leaf_value=-0.00028714431911627196 6.7452283665708033e-05 0.00055810155424266086 3.6179219309351834e-05 -0.00012890143597922278 -4.9813700828419385e-05 0.00040375683456926771 -0.00053693893708038468 -1.2878131510572117e-05
leaf_weight=31 49 49 64 38 80 26 58 30
leaf_count=31 49 49 64 38 80 26 58 30
internal_value=0 0.000192617 2.57721e-05 -0.00012314 -0.000229779 0.000160064 -0.000390973 -3.35487e-05
internal_weight=425 170 121 255 206 90 96 110
internal_count=425 170 121 255 206 90 96 110
is_linear=0
shrinkage=0.0167612


Tree=436
num_leaves=8
num_cat=0
split_feature=144 77 152 47 155 143 27
split_gain=0.0467877 0.0769972 0.0223152 0.0214971 0.0121698 0.0104114 0.00657876
threshold=1.5505050505050508 1.0000000180025095e-35 25.500000000000004 0.75000000000000011 1.0000000180025095e-35 1.0000000180025095e-35 2.2950000000000004
decision_type=10 8 10 10 10 8 10
left_child=2 6 3 5 -4 -1 -2
right_child=1 -3 4 -5 -6 -7 -8
leaf_value=-2.8259711736233194e-05 0.00010903967842583069 0.00064935103652734912 0.00024032764880146259 -0.00053488258682506888 6.5042378605333852e-06 -0.00017539441811121584 -8.6595422411596837e-05
leaf_weight=48 54 46 28 33 26 123 67
leaf_count=48 54 46 28 33 26 123 67
internal_value=0 0.000203056 -0.000126369 -0.000222627 1.55521e-05 -0.000100835 2.71689e-05
internal_weight=425 167 258 204 54 171 121
internal_count=425 167 258 204 54 171 121
is_linear=0
shrinkage=0.0167612


Tree=437
num_leaves=8
num_cat=1
split_feature=0 35 110 213 161 43 94
split_gain=0.0573885 0.121284 0.0891208 0.0668571 0.0561704 0.0621669 0.0348749
threshold=0 316042.78183949261 1.0000000180025095e-35 1.5000000000000002 56417901.803659268 1.0000000180025095e-35 1.0000000180025095e-35
decision_type=9 10 8 10 10 10 10
left_child=2 4 -1 -3 5 -2 -6
right_child=1 3 -4 -5 6 -7 -8
leaf_value=5.4192164362324693e-05 -0.00068254035358382989 0.00077454686980960496 0.00078664287120529394 0.00015934312247529154 -0.00017950760398754493 -0.00020002342336761358 0.00029838466524867891
leaf_weight=75 115 39 38 24 77 28 29
leaf_count=75 115 39 38 24 77 28 29
internal_value=0 -0.000105884 0.00027165 0.000363951 -0.000293571 -0.000499675 -4.40051e-05
internal_weight=425 312 113 63 249 143 106
internal_count=425 312 113 63 249 143 106
cat_boundaries=0 1
cat_threshold=332
is_linear=0
shrinkage=0.0167612


Tree=438
num_leaves=9
num_cat=0
split_feature=46 185 189 6 55 54 6 96
split_gain=0.0849309 0.0734919 0.0258952 0.0429156 0.0136273 0.0092926 0.000545118 0.00684242
threshold=0.81524770439305183 0.34814814814814821 1.0000000180025095e-35 1.5000000000000002 39.500000000000007 1.0000000180025095e-35 1.0000000180025095e-35 8.5000000000000018
decision_type=10 8 10 2 10 10 2 10
left_child=2 4 6 5 -2 -4 -1 -8
right_child=1 -3 3 -5 -6 -7 7 -9
leaf_value=4.161100179047252e-05 -0.00011565587403259548 0.00073470297437712179 -0.00027311210255670125 -8.0644474953117223e-05 0.00021459578304264439 -0.0007968933666256707 -0.00012181734108787066 4.3099846040867344e-05
leaf_weight=33 39 52 77 47 29 24 85 39
leaf_count=33 39 52 77 47 29 24 85 39
internal_value=0 0.000335481 -0.000133984 -0.000283436 7.233e-05 -0.000472486 -1.42537e-05 -9.18506e-06
internal_weight=425 120 305 148 68 101 157 124
internal_count=425 120 305 148 68 101 157 124
is_linear=0
shrinkage=0.0167612


Tree=439
num_leaves=8
num_cat=1
split_feature=122 0 119 119 153 55 43
split_gain=0.100347 0.110103 0.0577864 0.0457324 0.0397403 0.0367716 0.016745
threshold=-0.63233856959514256 0 1.0000000180025095e-35 1.0000000180025095e-35 1.0000000180025095e-35 86.500000000000014 1.0000000180025095e-35
decision_type=10 9 10 10 8 8 10
left_child=1 4 -2 -3 -1 -4 -5
right_child=2 3 5 6 -6 -7 -8
leaf_value=-0.00015071748788574569 0.00012148857093666665 0.00028286076453426013 0.0002551805281658814 -0.0003562483313982523 -0.00080360549654938504 0.00094209055410217769 -3.0936179230003238e-05
leaf_weight=43 39 110 29 32 68 46 58
leaf_count=43 39 110 29 32 68 46 58
internal_value=0 -0.000140766 0.000374988 4.15162e-05 -0.000497462 0.000651115 -0.000126936
internal_weight=425 311 114 200 111 75 90
internal_count=425 311 114 200 111 75 90
cat_boundaries=0 1
cat_threshold=272019
is_linear=0
shrinkage=0.0167612


Tree=440
num_leaves=6
num_cat=0
split_feature=75 13 170 109 19
split_gain=0.0324686 0.142193 0.0508685 0.0301966 0.0264071
threshold=1.1986051536263682 1014286.2584033615 1.0000000180025095e-35 381297.09740259749 9.0000000000000018
decision_type=8 2 8 8 10
left_child=-1 2 4 -4 -2
right_child=1 -3 3 -5 -6
leaf_value=0.00022130303168201148 -0.00040832360663749207 -0.00076482061463924416 -3.1881831917406926e-05 0.00027585259687962687 -8.9257711582058091e-05
leaf_weight=41 86 48 46 160 32
leaf_count=41 86 48 46 160 32
internal_value=-6.16649e-05 -0.000127318 -6.944e-06 0.000146305 -0.000242075
internal_weight=413 372 324 206 118
internal_count=413 372 324 206 118
is_linear=0
shrinkage=0.0167612


Tree=441
num_leaves=6
num_cat=0
split_feature=148 19 127 165 46
split_gain=0.0650178 0.0287576 0.0869489 0.0245606 0.0113839
threshold=13.205128205128206 11.000000000000002 1.5000000000000002 1.0000000180025095e-35 0.63859318822984756
decision_type=8 8 10 10 10
left_child=-1 2 3 -2 -4
right_child=1 -3 4 -5 -6
leaf_value=-0.00048906733490141914 -3.1317830875269159e-05 0.00023856474738876118 -0.00072698395525115558 0.00024085726022672014 -0.00021535687074751916
leaf_weight=50 103 85 44 107 24
leaf_count=50 103 85 44 107 24
internal_value=-6.07339e-05 -2.97401e-06 -5.88822e-05 6.24082e-05 -0.00049189
internal_weight=413 363 278 210 68
internal_count=413 363 278 210 68
is_linear=0
shrinkage=0.0167612


Tree=442
num_leaves=7
num_cat=1
split_feature=1 27 105 63 128 67
split_gain=0.0643235 0.116234 0.0893655 0.0236599 0.0204559 0.0192235
threshold=0 5.1250000000000009 16.500000000000004 698348.21428571444 45.500000000000007 1.0000000180025095e-35
decision_type=1 8 10 10 10 10
left_child=2 3 5 4 -2 -1
right_child=1 -3 -4 -5 -6 -7
leaf_value=-0.0011300130247445966 -0.00027613970309527965 0.00057356018098329441 -0.00010190987019193525 0.00010841350447237976 -5.2026373343494994e-05 -0.00034956953779271714
leaf_weight=32 161 60 47 42 46 25
leaf_count=32 161 60 47 42 46 25
internal_value=-5.99716e-05 3.62417e-05 -0.000358176 -8.07181e-05 -0.00018007 -0.000778346
internal_weight=413 309 104 249 207 57
internal_count=413 309 104 249 207 57
cat_boundaries=0 1
cat_threshold=67
is_linear=0
shrinkage=0.0167612


Tree=443
num_leaves=8
num_cat=0
split_feature=148 224 161 43 36 155 110
split_gain=0.0334871 0.042911 0.03725 0.0891139 0.0225359 0.0134448 0.0192787
threshold=32.298245614035096 0.047247023809523808 56559814.956775039 1.0000000180025095e-35 1.0000000180025095e-35 1.0000000180025095e-35 1.0000000180025095e-35
decision_type=8 10 8 10 10 10 8
left_child=1 4 3 -2 -1 6 -4
right_child=2 -3 5 -5 -6 -7 -8
leaf_value=-0.00075497716787365952 -0.00060257540619335895 -0.00012513460087323262 0.00037855481815528123 9.3685484090648828e-05 -0.00020738263535498958 5.6122736922641719e-05 2.782685299633266e-05
leaf_weight=43 57 25 81 38 28 24 117
leaf_count=43 57 25 81 38 28 24 117
internal_value=-5.7635e-05 -0.000292511 -3.209e-06 -0.000209185 -0.000518059 0.000134333 0.000202019
internal_weight=413 96 317 95 71 222 198
internal_count=413 96 317 95 71 222 198
is_linear=0
shrinkage=0.0167612


Tree=444
num_leaves=6
num_cat=0
split_feature=55 113 96 170 124
split_gain=0.0536257 0.0822496 0.0361256 0.0330268 0.00684141
threshold=39.500000000000007 158354.10853067852 57.000000000000007 1.0000000180025095e-35 1.0000000180025095e-35
decision_type=10 10 8 10 8
left_child=1 2 3 -1 -4
right_child=-2 -3 4 -5 -6
leaf_value=-0.00035556401776065167 0.00034865824487296084 -0.00069669193347097493 0.00035423745817249103 -1.9609485941640651e-05 2.8374249901634261e-05
leaf_weight=106 34 31 26 132 84
leaf_count=106 34 31 26 132 84
internal_value=-5.61367e-05 -0.000131798 -3.52059e-05 -0.000158099 0.000155895
internal_weight=413 379 348 238 110
internal_count=413 379 348 238 110
is_linear=0
shrinkage=0.0167612


Tree=445
num_leaves=7
num_cat=1
split_feature=1 27 67 25 27 110
split_gain=0.0619016 0.144942 0.109641 0.0229138 0.0342239 0.0013614
threshold=0 1.2900000000000003 1.0000000180025095e-35 3.0427272727272734 3.5000000000000004 1.0000000180025095e-35
decision_type=1 10 10 10 10 10
left_child=2 -2 -1 4 -3 -4
right_child=1 3 5 -5 -6 -7
leaf_value=-0.00095788290263336287 0.00061095623439354446 -0.00033852450112403765 -9.4173376210556354e-05 6.4232897367206562e-05 -2.9796420994229902e-05 -2.2241252478032461e-05
leaf_weight=32 67 151 35 41 50 37
leaf_count=32 67 151 35 41 50 37
internal_value=-5.45771e-05 3.93862e-05 -0.000347925 -0.000106447 -0.000205093 -7.17044e-05
internal_weight=413 309 104 242 201 72
internal_count=413 309 104 242 201 72
cat_boundaries=0 1
cat_threshold=67
is_linear=0
shrinkage=0.0167612


Tree=446
num_leaves=6
num_cat=0
split_feature=2 107 196 27 185
split_gain=0.0421954 0.079554 0.0563094 0.0485087 0.0268827
threshold=2023.5000000000002 1.0000000180025095e-35 1.0000000180025095e-35 1.5600000000000003 0.054804804804804756
decision_type=2 10 10 10 8
left_child=1 -1 3 -2 -5
right_child=2 -3 -4 4 -6
leaf_value=8.6685336853558259e-05 0.0001995953856523296 0.00077458122719971975 -0.0005663475737563606 -1.3523337708554673e-05 -0.00028378256424879119
leaf_weight=28 100 24 41 37 183
leaf_count=28 100 24 41 37 183
internal_value=-5.27991e-05 0.000253305 -0.000132859 -3.50102e-05 -0.0001807
internal_weight=413 52 361 320 220
internal_count=413 52 361 320 220
is_linear=0
shrinkage=0.0167612


Tree=447
num_leaves=8
num_cat=0
split_feature=75 43 140 202 80 9 224
split_gain=0.0295351 0.0628609 0.0721724 0.0412432 0.00875901 0.0210442 0.000443677
threshold=1.1499470692838289 1.0000000180025095e-35 1.0000000180025095e-35 1.0000000180025095e-35 750160.08934523817 1.0000000180025095e-35 0.29679679679679688
decision_type=8 8 10 10 8 2 8
left_child=-1 2 6 -4 -3 -6 -2
right_child=1 4 3 -5 5 -7 -8
leaf_value=0.00023337754416052233 -4.9648523664109637e-05 4.7215453658174882e-06 -0.00098597276493627393 -0.00024130396212367137 0.00026236181062130832 8.2613895401864175e-06 -1.2874214670541025e-05
leaf_weight=35 51 38 43 47 118 29 52
leaf_count=35 51 38 43 47 118 29 52
internal_value=-5.13919e-05 -0.000112016 -0.000317026 -0.000625468 5.24914e-05 0.000140246 -4.86923e-05
internal_weight=413 378 193 90 185 147 103
internal_count=413 378 193 90 185 147 103
is_linear=0
shrinkage=0.0167612


Tree=448
num_leaves=8
num_cat=0
split_feature=208 4 27 45 142 190 75
split_gain=0.0476646 0.0363461 0.0182918 0.0873826 0.0450812 0.0401257 0.032187
threshold=1.0000000180025095e-35 59.000000000000007 2.6850000000000005 1.0000000180025095e-35 -8.3530716999999992 1046885.6520524118 0.95069952031594607
decision_type=8 2 10 10 10 8 10
left_child=2 -2 3 -1 5 -4 -5
right_child=1 -3 4 6 -6 -7 -8
leaf_value=-0.0005720939469811739 -0.00012007648999266048 -0.00056108007118900276 0.0001473356706945675 0.00035180872750596194 -2.1819953817638532e-05 0.00057533629760939695 -2.3785331487037852e-05
leaf_weight=41 33 65 28 55 78 74 53
leaf_count=41 33 65 28 55 78 74 53
internal_value=-5.03595e-05 -0.000332083 1.90089e-05 -6.87099e-05 0.000143643 0.000368057 8.64226e-05
internal_weight=427 98 329 149 180 102 108
internal_count=427 98 329 149 180 102 108
is_linear=0
shrinkage=0.0167612


Tree=449
num_leaves=8
num_cat=0
split_feature=206 13 107 83 102 55 127
split_gain=0.0618881 0.0260789 0.0138918 0.0320159 0.0111853 0.0100314 0.000930476
threshold=1.0000000180025095e-35 349525.02092191047 1.0000000180025095e-35 83.500000000000014 129022.65248538619 10.500000000000002 1.0000000180025095e-35
decision_type=8 2 10 10 8 10 10
left_child=2 -2 4 -4 -1 -5 -6
right_child=1 -3 3 5 6 -7 -8
leaf_value=9.2961777692724719e-05 -0.00014126563374352953 -0.00060389366439501685 0.00036675648787663572 -0.00019995660532472469 -0.00015528791747222389 3.7190992872552175e-05 -3.4782587676828831e-05
leaf_weight=43 32 59 77 25 108 39 44
leaf_count=43 32 59 77 25 108 39 44
internal_value=-5.0328e-05 -0.000383126 2.79073e-05 0.000155358 -1.95133e-05 3.51155e-05 -0.000116665
internal_weight=427 91 336 141 195 64 152
internal_count=427 91 336 141 195 64 152
is_linear=0
shrinkage=0.0167612


Tree=450
num_leaves=7
num_cat=0
split_feature=2 11 190 74 160 212
split_gain=0.112086 0.107541 0.0689182 0.0307572 0.0130231 0.0064511
threshold=2023.5000000000002 0.25000000000000017 260496.0454545455 3.5000000000000004 0.89839700627280927 891545.90453037422
decision_type=2 2 10 10 10 10
left_child=1 -1 3 -2 -4 -6
right_child=2 -3 4 -5 5 -7
leaf_value=0.0010569118838171876 -0.00049205735720816936 0.000203449529266995 0.00025509816278739006 -8.4446210425007277e-05 4.1567516701775032e-05 -0.00014108100228761542
leaf_weight=28 153 25 27 61 91 42
leaf_count=28 153 25 27 61 91 42
internal_value=-4.91598e-05 0.000475578 -0.000167268 -0.000360052 2.24167e-05 2.76207e-06
internal_weight=427 53 374 214 160 133
internal_count=427 53 374 214 160 133
is_linear=0
shrinkage=0.0167612


Tree=451
num_leaves=7
num_cat=0
split_feature=93 13 140 118 98 148
split_gain=0.0594438 0.100567 0.0232155 0.0688525 0.0221745 0.00680879
threshold=1.0000000180025095e-35 494611.4652597403 1.0000000180025095e-35 23.500000000000004 1.0000000180025095e-35 62.299331103678938
decision_type=8 2 10 8 10 8
left_child=1 4 5 -4 -1 -3
right_child=-2 2 3 -5 -6 -7
leaf_value=0.00017695494350199414 -0.00032888581455653302 0.00015263560289887262 6.6942948851636961e-05 -0.00050127034963283956 0.00068399319385196186 -2.4501922695765242e-06
leaf_weight=30 123 43 31 92 61 47
leaf_count=30 123 43 31 92 61 47
internal_value=-4.75499e-05 4.88476e-05 -0.000100707 -0.000252883 0.000460983 -8.61154e-06
internal_weight=427 304 213 123 91 90
internal_count=427 304 213 123 91 90
is_linear=0
shrinkage=0.0167612


Tree=452
num_leaves=7
num_cat=0
split_feature=206 13 118 194 89 80
split_gain=0.0566095 0.0320017 0.0436454 0.038917 0.0382088 0.00314245
threshold=1.0000000180025095e-35 776363.63636363647 51.500000000000007 15.000000000000002 5.5000000000000009 926819.40616123646
decision_type=8 2 8 10 10 10
left_child=1 3 5 4 -1 -3
right_child=-2 2 -4 -5 -6 -7
leaf_value=-0.00026585094904891138 -0.00036517290018702381 0.00010337919206119848 -0.00045615330461320168 0.00046030049648199871 0.00017529668843314938 -9.503592146470011e-06
leaf_weight=47 91 36 47 58 116 32
leaf_count=47 91 36 47 58 116 32
internal_value=-4.63326e-05 2.75861e-05 -0.00013403 0.000160032 1.64625e-05 -2.57746e-05
internal_weight=427 336 115 221 163 68
internal_count=427 336 115 221 163 68
is_linear=0
shrinkage=0.0167612


Tree=453
num_leaves=8
num_cat=0
split_feature=93 13 13 80 194 62 166
split_gain=0.0562027 0.110407 0.11027 0.0815593 0.0264241 0.0233424 0.00126547
threshold=1.0000000180025095e-35 249612.22396605703 461840.98791666672 373164.26025641029 24.000000000000004 397530.95673695358 14.844982078853047
decision_type=8 2 2 8 10 10 10
left_child=2 -2 3 -1 5 -4 -6
right_child=1 -3 4 -5 6 -7 -8
leaf_value=0.00022069977483289528 3.6124908746859503e-05 -0.00068245329904750298 -0.00043361500318385004 0.00086372409893071503 7.4475271584408412e-05 -5.9993795402197557e-05 6.2457815596871302e-06
leaf_weight=24 43 80 74 57 60 60 29
leaf_count=24 43 80 74 57 60 60 29
internal_value=-4.56764e-05 -0.000319539 4.74397e-05 0.000504094 -9.74926e-05 -0.000252585 1.59366e-05
internal_weight=427 123 304 81 223 134 89
internal_count=427 123 304 81 223 134 89
is_linear=0
shrinkage=0.0167612


Tree=454
num_leaves=8
num_cat=0
split_feature=2 62 13 73 65 55 25
split_gain=0.106738 0.045928 0.0494439 0.0394741 0.0131908 0.00951995 0.0478365
threshold=2023.5000000000002 272923.76477515633 588336.44573643419 1.0000000180025095e-35 9.5000000000000018 19.500000000000004 2.73499399759904
decision_type=2 10 2 10 10 8 10
left_child=3 2 4 -1 -2 -3 -7
right_child=1 5 -4 -5 -6 6 -8
leaf_value=0.00086934843338529492 -0.00019283000052915 -0.0001233057999528457 -0.00061566185008492084 0.00019997268186783366 1.4520857746671824e-05 -7.1337732290569815e-05 0.00039376324157172128
leaf_weight=28 90 32 79 25 47 61 65
leaf_count=28 90 32 79 25 47 61 65
internal_value=-4.45165e-05 -0.000160293 -0.000315061 0.000467451 -8.87571e-05 -1.65266e-05 9.99836e-05
internal_weight=427 374 216 53 137 158 126
internal_count=427 374 216 53 137 158 126
is_linear=0
shrinkage=0.0167612


Tree=455
num_leaves=6
num_cat=0
split_feature=93 13 81 44 13
split_gain=0.0528219 0.0817444 0.0559331 0.0217903 0.00832364
threshold=1.0000000180025095e-35 1098847.237734488 1.0000000180025095e-35 265.00000000000006 461840.98791666672
decision_type=8 2 10 8 2
left_child=1 2 -1 -3 -2
right_child=4 3 -4 -5 -6
leaf_value=0.00039478731321136983 -0.00012928941268084979 -0.00014463652108990643 5.3862977593057014e-06 -0.00067245987569590103 -0.0005365970475200609
leaf_weight=153 80 28 95 28 43
leaf_count=153 80 28 95 28 43
internal_value=-4.37836e-05 4.58003e-05 0.000198943 -0.000361314 -0.000309602
internal_weight=427 304 248 56 123
internal_count=427 304 248 56 123
is_linear=0
shrinkage=0.0167612


Tree=456
num_leaves=6
num_cat=0
split_feature=55 102 2 23 21
split_gain=0.0898561 0.0468871 0.0752227 0.0504225 0.0356537
threshold=28.500000000000004 25214.10706899346 2023.5000000000002 1.0000000180025095e-35 636923.58478669252
decision_type=8 10 2 8 8
left_child=-1 2 -2 -4 -3
right_child=1 4 3 -5 -6
leaf_value=-0.00045820758144925916 0.00044454411467809135 0.00011594668652504739 -0.00030521521778055678 9.9653829109596669e-05 0.00062903413911821434
leaf_weight=40 58 46 136 91 71
leaf_count=40 58 46 136 91 71
internal_value=5.63218e-05 0.00014893 1.30227e-05 -9.63793e-05 0.000401307
internal_weight=442 402 285 227 117
internal_count=442 402 285 227 117
is_linear=0
shrinkage=0.0167612


Tree=457
num_leaves=7
num_cat=0
split_feature=77 142 13 202 118 110
split_gain=0.0190276 0.0137163 0.0540332 0.0300478 0.0123958 0.00731595
threshold=1.0000000180025095e-35 -8.3543390499999983 1161579.9269230773 1.0000000180025095e-35 91.500000000000014 1.0000000180025095e-35
decision_type=10 8 2 8 8 10
left_child=1 -1 3 -3 -2 -6
right_child=4 2 -4 -5 5 -7
leaf_value=-0.00014307710943787185 0.00044544016498361349 0.00043893272379569824 -0.00026983882482648218 2.3807617965432641e-05 -3.6515696278851116e-05 0.00019376521368892036
leaf_weight=97 36 73 48 138 25 25
leaf_count=97 36 73 48 138 25 25
internal_value=5.53734e-05 2.76217e-06 6.07491e-05 0.000199589 0.000241624 6.57453e-05
internal_weight=442 356 259 211 86 50
internal_count=442 356 259 211 86 50
is_linear=0
shrinkage=0.0167612


Tree=458
num_leaves=6
num_cat=0
split_feature=62 49 103 109 194
split_gain=0.0447236 0.0411929 0.021707 0.0750488 0.00456661
threshold=422616.44461094408 1.0000000180025095e-35 20913.166008992132 263973.68571428576 1.0000000180025095e-35
decision_type=8 10 10 10 10
left_child=-1 2 4 -4 -2
right_child=1 -3 3 -5 -6
leaf_value=-0.00028209230112946474 2.4123362360599991e-05 0.00056392501368864565 0.00074717880872256053 3.8305448813103896e-05 -8.6067423211917037e-05
leaf_weight=45 135 25 25 91 121
leaf_count=45 135 25 25 91 121
internal_value=5.4294e-05 0.000126907 5.90804e-05 0.000224806 4.01996e-06
internal_weight=442 397 372 116 256
internal_count=442 397 372 116 256
is_linear=0
shrinkage=0.0167612


Tree=459
num_leaves=9
num_cat=0
split_feature=10 27 27 13 212 80 9 153
split_gain=0.0278035 0.0778824 0.057411 0.0468566 0.0333518 0.0237884 0.015596 0.00433608
threshold=0.25000000000000011 2.4400000000000004 2.8900000000000001 1216026.6945767198 620834.77530295285 408025.65943084698 1.0000000180025095e-35 1.0000000180025095e-35
decision_type=2 8 10 2 8 8 2 10
left_child=3 4 -3 5 -2 -1 -7 -4
right_child=1 2 7 -5 -6 6 -8 -9
leaf_value=0.00011509665535740125 0.0006265177901572216 -0.00069954810963588591 1.7198280634531347e-05 -0.0001419184807232617 0.00010630625334207232 0.00041325396167014855 0.00012541663519585245 -0.00014374488896470134
leaf_weight=26 24 46 38 37 29 174 33 35
leaf_count=26 24 46 38 37 29 174 33 35
internal_value=5.36717e-05 -6.80421e-05 -0.00032483 0.000164403 0.00027125 0.000275205 0.000346852 -6.62146e-05
internal_weight=442 172 119 270 53 233 207 73
internal_count=442 172 119 270 53 233 207 73
is_linear=0
shrinkage=0.0167612


Tree=460
num_leaves=6
num_cat=0
split_feature=13 44 134 214 10
split_gain=0.106708 0.064984 0.0438654 0.0746948 0.0683533
threshold=993166.66666666686 1.0000000180025095e-35 769266.94408369425 176757.04853801173 -0.6830127018922193
decision_type=2 10 8 10 2
left_child=2 -2 -1 4 -4
right_child=1 -3 3 -5 -6
leaf_value=-0.00013200303762547609 -0.00086491870810360581 -0.0001255136994986516 0.00046601020761427277 0.00068763742800795433 -1.036658121523191e-05
leaf_weight=34 31 41 72 64 200
leaf_count=34 31 41 72 64 200
internal_value=5.15728e-05 -0.000400843 0.000179669 0.000257415 0.00010989
internal_weight=442 72 370 336 272
internal_count=442 72 370 336 272
is_linear=0
shrinkage=0.0167612


Tree=461
num_leaves=8
num_cat=0
split_feature=4 29 202 6 160 202 7
split_gain=0.0279719 0.0202757 0.0327188 0.0153708 0.0137007 0.00777467 0.00102896
threshold=285.00000000000006 119.50000000000001 1.0000000180025095e-35 1.5000000000000002 0.95584942729595646 1.0000000180025095e-35 1.0000000180025095e-35
decision_type=2 8 10 2 10 8 2
left_child=1 2 -1 5 -2 -3 -5
right_child=4 3 -4 6 -6 -7 -8
leaf_value=0.0004205018670813427 0.00056127021615411934 -0.00030045910611065731 4.0199106572165981e-05 7.0776760289012114e-05 0.00013926238190682073 -2.8312054619583547e-05 8.0676437913036971e-07
leaf_weight=53 28 76 58 29 25 97 76
leaf_count=53 28 76 58 29 25 97 76
internal_value=5.00923e-05 2.29648e-06 0.000164944 -7.27008e-05 0.000325536 -0.000175246 4.08725e-06
internal_weight=442 389 111 278 53 173 105
internal_count=442 389 111 278 53 173 105
is_linear=0
shrinkage=0.0167612


Tree=462
num_leaves=6
num_cat=0
split_feature=212 111 10 174 194
split_gain=0.0282427 0.0609587 0.0106854 0.0164216 0.00776897
threshold=410285.9844304389 1.0000000180025095e-35 0.68301270189221941 11.791666666666668 1.0000000180025095e-35
decision_type=8 10 2 10 10
left_child=-1 2 4 -4 -2
right_child=1 -3 3 -5 -6
leaf_value=-0.00020849895327437011 0.00018547694504549004 0.00062586711838553987 -0.00025278962499255961 -4.3706565031087715e-06 9.2740213154306722e-06
leaf_weight=45 121 25 57 28 166
leaf_count=45 121 25 57 28 166
internal_value=4.93207e-05 0.000109895 3.26609e-05 -7.06789e-05 9.16412e-05
internal_weight=442 397 372 85 287
internal_count=442 397 372 85 287
is_linear=0
shrinkage=0.0167612


Tree=463
num_leaves=7
num_cat=0
split_feature=203 13 55 6 29 219
split_gain=0.0403585 0.132483 0.0632435 0.0502037 0.078901 0.0115971
threshold=344501.51241242775 993166.66666666686 201.00000000000003 1.5000000000000002 20.000000000000004 1.0000000180025095e-35
decision_type=8 2 8 2 10 8
left_child=-1 3 -3 4 -2 -5
right_child=1 2 -4 5 -6 -7
leaf_value=-0.00032285747189864144 -7.6240113673686893e-05 -0.00012071412546695246 -0.00085146039546605992 0.00069396435416696923 0.00046765865667778797 0.00017725076462230723
leaf_weight=27 155 41 31 78 70 40
leaf_count=27 155 41 31 78 70 40
internal_value=4.87248e-05 0.000108073 -0.000385515 0.000259122 8.65353e-05 0.000523375
internal_weight=442 415 72 343 225 118
internal_count=442 415 72 343 225 118
is_linear=0
shrinkage=0.0167612


Tree=464
num_leaves=7
num_cat=0
split_feature=9 194 96 222 11 44
split_gain=0.0341739 0.0633406 0.0460223 0.0109609 0.00670278 0.000457243
threshold=1.0000000180025095e-35 1.0000000180025095e-35 2.5000000000000004 33.500000000000007 -0.24999999999999994 24.500000000000004
decision_type=2 10 10 8 2 10
left_child=1 3 -2 -1 5 -3
right_child=2 4 -4 -5 -6 -7
leaf_value=0.0004528145360328216 -0.00065620326640885792 1.4007336854960519e-05 -6.9973973947485529e-05 7.3484374745159752e-05 -0.00018887464888013865 -4.1936642544936847e-05
leaf_weight=90 27 62 51 70 92 33
leaf_count=90 27 62 51 70 92 33
internal_value=0 6.73909e-05 -0.000260909 0.000304308 -8.97311e-05 -1.47517e-05
internal_weight=425 347 78 160 187 95
internal_count=425 347 78 160 187 95
is_linear=0
shrinkage=0.0167612


Tree=465
num_leaves=8
num_cat=0
split_feature=27 6 2 5 124 120 63
split_gain=0.0340648 0.0796446 0.0370727 0.0909886 0.0369394 0.0801219 0.00709397
threshold=2.4400000000000004 1.0000000180025095e-35 2024.5000000000002 1.5000000000000002 1.0000000180025095e-35 5.5000000000000009 602244.69696969714
decision_type=8 2 2 2 10 8 10
left_child=1 -1 4 -4 5 -2 -3
right_child=2 6 3 -5 -6 -7 -8
leaf_value=0.00077622115958577743 -5.6674908908260497e-05 -0.00011902453251148192 -0.00078140574255145521 -3.9140975158744811e-05 -0.00013584168246874386 0.00057800137192896015 0.00011551794363982375
leaf_weight=24 35 35 38 109 81 69 34
leaf_count=24 35 35 38 109 81 69 34
internal_value=0 0.000237363 -7.75892e-05 -0.000267404 2.67048e-05 0.000246045 5.0592e-05
internal_weight=425 93 332 147 185 104 69
internal_count=425 93 332 147 185 104 69
is_linear=0
shrinkage=0.0167612


Tree=466
num_leaves=5
num_cat=0
split_feature=13 117 64 113
split_gain=0.186611 0.0406167 0.0382875 0.0403412
threshold=217510.03409090909 1.0000000180025095e-35 61.500000000000007 30337.334979142208
decision_type=2 8 10 10
left_child=-1 -2 3 -3
right_child=1 2 -4 -5
leaf_value=0.00077773059605661446 0.00015155472587108295 -0.00041176787604023471 7.4371907526027224e-05 -4.3580980127845441e-05
leaf_weight=40 55 198 31 101
leaf_count=40 55 198 31 101
internal_value=0 -0.000115284 -0.000202974 -0.000279084
internal_weight=425 385 330 299
internal_count=425 385 330 299
is_linear=0
shrinkage=0.0167612


Tree=467
num_leaves=6
num_cat=1
split_feature=160 0 13 120 124
split_gain=0.102141 0.123365 0.219491 0.180657 0.01752
threshold=0.92429804778753477 0 431083.79528985516 22.500000000000004 1.0000000180025095e-35
decision_type=8 9 2 10 8
left_child=-1 3 -3 -2 -4
right_child=1 2 4 -5 -6
leaf_value=0.00058532292205625946 -0.0010635160004911339 0.00065378220610747451 -0.00044481908997076348 -0.00011115728762315918 -6.3124493525973751e-05
leaf_weight=38 61 94 48 43 141
leaf_count=38 61 94 48 43 141
internal_value=0 -8.21657e-05 6.65583e-05 -0.000491881 -0.000192848
internal_weight=425 387 283 104 189
internal_count=425 387 283 104 189
cat_boundaries=0 1
cat_threshold=33580162
is_linear=0
shrinkage=0.0167612


end of trees

feature_importances:
dynamic_anchor_price=216
inflation_rate_lag_12=117
year=107
leftover_rooms_lag_23_lag_12=80
month_cos=77
is_major_holiday_month=67
season_strength=59
month_sin=59
mask_flag_lag_12=58
price_to_mean_ratio_lag_12=49
ch_publish_ratio_lag_12=48
room_fc_deck_patio_uncovered_lag_12=45
roomId=44
price_vs_property_avg_lag_12=40
room_fc_balcony_lag_12=37
room_fc_safe_lag_12=37
leftover_rooms_lag_13_lag_12=36
propertyId=35
is_peak_season=35
price_roll_mean_12_lag_12=35
total_capacity_nights=34
price_lag_23_lag_12=34
price_roll_mean_6_lag_12=33
prop_group_keywords_count_lag_12=33
month=32
price_lag_14_lag_12=31
room_cfg_roomType_double_lag_12=30
range_booking_arrival_lag_13_lag_12=30
leftover_rooms_lag_12_lag_12=29
masterId_lag_12=29
room_fc_bed_single_lag_12=28
room_cfg_feature_count_lag_12=27
room_fc_bath_toilet_lag_12=26
room_fc_air_conditioning_lag_12=26
quarter=25
room_fc_separate_toilet_area_lag_12=25
price_roll_std_6_lag_12=25
price_zscore_property_lag_12=25
num_of_nights_lag_12_lag_12=25
room_fc_shampoo_lag_12=25
price_roll_mean_3_lag_12=24
price_lag_17_lag_12=23
cal_low_avail_rate_lag_12=23
room_fc_wifi_lag_12=23
price_lag_12_lag_12=22
price_roll_std_3_lag_12=22
qty_lag_12=21
prop_type_resort_lag_12=21
range_booking_arrival_lag_12_lag_12=21
ch_connect_inventory_ratio_lag_12=20
room_fc_kettle_lag_12=20
numChild_lag_13_lag_12=20
room_fc_baggage_storage_lag_12=19
commission_lag_12_lag_12=19
status_new_lag_12=18
room_fc_linens_lag_12=18
room_fc_hangers_lag_12=18
room_fc_breakfast_possible_lag_12=18
numChild_lag_12_lag_12=18
cal_soldout_rate_lag_12=17
title_RO_lag_12=17
season_price_interaction_lag_12=17
room_fc_towels_lag_12=17
price_roll_std_12_lag_12=17
cal_numAvail_zero_days_lag_12=17
ch_price_per_day_ratio_lag_12=17
prop_feature_codes_count_lag_12=17
num_of_nights_lag_13_lag_12=16
custom1_Paid_OTA_lag_12=16
allowReview_default_lag_12=16
referer_Booking_com_lag_12=16
cancelTime_2024_08_05T03_15_10Z_lag_12=16
used_room_nights_lag_12_lag_12=15
channel_booking_lag_12=15
prop_type_hotel_lag_12=15
reference_45867993_marie_lag_12=15
allowChannelUpdate_all_lag_12=15
commission_lag_23_lag_12=15
room_fc_beach_front_lag_12=14
room_fc_desk_lag_12=14
room_fc_bed_double_lag_12=14
commission_lag_13_lag_12=14
refererEditable_Booking_com_lag_12=14
numChild_lag_23_lag_12=14
price_growth_1_lag_12=14
room_fc_car_available_lag_12=13
used_room_nights_lag_23_lag_12=13
room_fc_reception_24_hour_lag_12=13
room_fc_bath_shower_lag_12=13
status_confirmed_lag_12=13
cal_numAvail_mean_lag_12=12
price_lag_24_lag_12=12
price_yoy_historical_lag_12=12
room_cfg_units_count_lag_12=12
room_fc_laptop_friendly_lag_12=12
num_of_nights_lag_23_lag_12=12
room_fc_refrigerator_lag_12=11
prop_latitude_lag_12=11
subStatus_none_lag_12=11
room_fc_tv_lag_12=11
range_booking_arrival_lag_23_lag_12=11
groupNote_Room_Only__lag_12=11
cal_numAvail_std_lag_12=11
cal_numAvail_low_days_lag_12=11
arrivalTime_16_3_lag_12=10
room_fc_bicycle_lag_12=10
apiSource_Booking_com_lag_12=10
allowCancellation__type_propertyDefault__lag_12=10
room_fc_bathroom_lag_12=10
room_fc_hair_dryer_lag_12=10
room_cfg_qty_raw_lag_12=10
prop_longitude_lag_12=10
cal_numAvail_max_lag_12=10
price_lag_13_lag_12=10
used_room_nights_lag_13_lag_12=9
allowAutoAction_enable_lag_12=9
prop_type_bungalow_lag_12=9
price_base_vs_anchor_lag_12=8
voucher_geniuscm_lag_12=8
ch_connect_limited_ratio_lag_12=8
room_cfg_roomType_single_lag_12=8
ch_enabled_ratio_lag_12=7
peak_price_interaction_lag_12=7
room_fc_satellite_lag_12=7
room_cfg_roomType_quadruple_lag_12=7
room_fc_breakfast_included_lag_12=7
cal_numAvail_min_lag_12=7
prop_checkout_end_min_lag_12=7
room_fc_cleaning_included_lag_12=6
room_fc_garden_lag_12=6
room_fc_scuba_or_snorkeling_lag_12=6
room_cfg_control_priority_lag_12=5
room_fc_airport_shuttle_lag_12=5
prop_type_guesthouse_lag_12=5
room_fc_toiletries_lag_12=5
room_fc_breakfast_in_room_lag_12=5
room_fc_beach_view_lag_12=4
room_fc_bedroom_lag_12=4
room_cfg_room_size_lag_12=4
prop_checkin_start_min_lag_12=3
price_diff_1_lag_12=3
room_cfg_roomType_twin_lag_12=3
room_cfg_max_people_lag_12=3
room_fc_minibar_lag_12=3
prop_checkin_end_min_lag_12=3
room_fc_tables_and_chairs_lag_12=3
room_cfg_rack_rate_lag_12=3
room_fc_closets_in_room_lag_12=3
room_fc_cleaning_possible_lag_12=3
room_cfg_roomType_bungalow_lag_12=3
room_cfg_roomType_twindouble_lag_12=3
is_recent_lag_missing=2
room_cfg_unitAllocation_perbooking_lag_12=2
reference_PAM228132_lag_12=2
room_fc_coffee_maker_lag_12=2
room_fc_restaurant_lag_12=2
room_fc_sitting_area_lag_12=2
room_cfg_max_adult_lag_12=2
room_cfg_include_in_reports_lag_12=1
room_fc_dining_room_seats_lag_12=1
subStatus_noShow_lag_12=1
room_fc_beach_lag_12=1
subStatus_walkin_lag_12=1
room_fc_private_bathroom_lag_12=1
arrivalTime_16_30_lag_12=1

parameters:
[boosting: gbdt]
[objective: regression]
[metric: rmse]
[tree_learner: serial]
[device_type: cpu]
[data_sample_strategy: bagging]
[data: ]
[valid: ]
[num_iterations: 468]
[learning_rate: 0.0167612]
[num_leaves: 11]
[num_threads: 0]
[seed: 222]
[deterministic: 0]
[force_col_wise: 0]
[force_row_wise: 0]
[histogram_pool_size: -1]
[max_depth: 4]
[min_data_in_leaf: 24]
[min_sum_hessian_in_leaf: 4.17241]
[bagging_fraction: 0.714996]
[pos_bagging_fraction: 1]
[neg_bagging_fraction: 1]
[bagging_freq: 8]
[bagging_seed: 1801]
[bagging_by_query: 0]
[feature_fraction: 0.894054]
[feature_fraction_bynode: 0.54124]
[feature_fraction_seed: 3308]
[extra_trees: 1]
[extra_seed: 31563]
[early_stopping_round: 0]
[early_stopping_min_delta: 0]
[first_metric_only: 0]
[max_delta_step: 0]
[lambda_l1: 0.522501]
[lambda_l2: 0.00621722]
[linear_lambda: 0]
[min_gain_to_split: 9.41755e-06]
[drop_rate: 0.152798]
[max_drop: 36]
[skip_drop: 0.83427]
[xgboost_dart_mode: 0]
[uniform_drop: 0]
[drop_seed: 22156]
[top_rate: 0.2]
[other_rate: 0.1]
[min_data_per_group: 100]
[max_cat_threshold: 32]
[cat_l2: 10]
[cat_smooth: 10]
[max_cat_to_onehot: 4]
[top_k: 20]
[monotone_constraints: ]
[monotone_constraints_method: basic]
[monotone_penalty: 0]
[feature_contri: ]
[forcedsplits_filename: ]
[refit_decay_rate: 0.9]
[cegb_tradeoff: 1]
[cegb_penalty_split: 0]
[cegb_penalty_feature_lazy: ]
[cegb_penalty_feature_coupled: ]
[path_smooth: 18.6906]
[interaction_constraints: ]
[verbosity: -1]
[saved_feature_importance_type: 0]
[use_quantized_grad: 0]
[num_grad_quant_bins: 4]
[quant_train_renew_leaf: 0]
[stochastic_rounding: 1]
[linear_tree: 0]
[max_bin: 111]
[max_bin_by_feature: ]
[min_data_in_bin: 3]
[bin_construct_sample_cnt: 200000]
[data_random_seed: 763]
[is_enable_sparse: 1]
[enable_bundle: 1]
[use_missing: 1]
[zero_as_missing: 0]
[feature_pre_filter: 1]
[pre_partition: 0]
[two_round: 0]
[header: 0]
[label_column: ]
[weight_column: ]
[group_column: ]
[ignore_column: ]
[categorical_feature: 0,1]
[forcedbins_filename: ]
[precise_float_parser: 0]
[parser_config_file: ]
[objective_seed: 4930]
[num_class: 1]
[is_unbalance: 0]
[scale_pos_weight: 1]
[sigmoid: 1]
[boost_from_average: 1]
[reg_sqrt: 0]
[alpha: 0.723463]
[fair_c: 1]
[poisson_max_delta_step: 0.7]
[tweedie_variance_power: 1.5]
[lambdarank_truncation_level: 30]
[lambdarank_norm: 1]
[label_gain: ]
[lambdarank_position_bias_regularization: 0]
[eval_at: ]
[multi_error_top_k: 1]
[auc_mu_weights: ]
[num_machines: 1]
[local_listen_port: 12400]
[time_out: 120]
[machine_list_filename: ]
[machines: ]
[gpu_platform_id: -1]
[gpu_device_id: -1]
[gpu_use_dp: 0]
[num_gpu: 1]

end of parameters

pandas_categorical:[[350455, 350464, 354680, 354681, 354682, 354683, 359135, 359136, 359142, 370147, 370148, 370149, 370150, 381255, 416397, 416398, 416400, 431070, 431071, 431095, 462631, 462632, 462634, 500275, 502851, 9370150], [158986.0, 158990.0, 161014.0, 163277.0, 169082.0, 174792.0, 193394.0, 201589.0]]
