tree
version=v4
num_class=1
num_tree_per_iteration=1
label_index=0
max_feature_idx=294
objective=regression
feature_names=propertyId roomId year month total_capacity_nights inflation_rate quarter season_strength is_peak_season is_eid_month is_major_holiday_month month_sin month_cos price_lag_36 inflation_lag_36 price_lag_7 inflation_lag_7 price_lag_8 inflation_lag_8 price_lag_9 inflation_lag_9 price_lag_12 inflation_lag_12 price_lag_18 inflation_lag_18 price_lag_19 inflation_lag_19 price_lag_24 inflation_lag_24 dynamic_anchor_price anchor_age_months dynamic_anchor_inflation is_fallback_anchor inflation_diff_since_anchor current_known_inflation price_roll_mean_3 price_roll_std_3 price_roll_max_3 price_roll_min_3 price_roll_mean_6 price_roll_std_6 price_roll_max_6 price_roll_min_6 price_roll_mean_12 price_roll_std_12 price_roll_max_12 price_roll_min_12 price_diff_1 price_diff_12 price_growth_1 price_ema_3 price_base_vs_anchor used_room_nights_lag_7 used_room_nights_lag_8 used_room_nights_lag_18 used_room_nights_roll_mean_3 leftover_rooms_lag_7 leftover_rooms_lag_8 leftover_rooms_lag_18 leftover_rooms_roll_mean_3 range_booking_arrival_lag_7 range_booking_arrival_lag_8 range_booking_arrival_lag_18 range_booking_arrival_roll_mean_3 num_of_nights_lag_7 num_of_nights_lag_8 num_of_nights_lag_18 num_of_nights_roll_mean_3 commission_lag_7 commission_lag_8 commission_lag_18 commission_roll_mean_3 numChild_lag_7 numChild_lag_8 numChild_lag_18 numChild_roll_mean_3 occupancy_trend price_to_mean_ratio price_vs_property_avg price_zscore_property occupancy_price_interaction trend_3_vs_12 trend_slope price_vs_roll_mean_6 price_cv_6 is_volatile_room is_spike season_price_interaction peak_price_interaction occupancy_season_interaction price_yoy_historical price_vs_trend_12 trend_strength month_price_interaction month_sin_price month_cos_price room_cfg_roomType_family_lag_7 allowReview_default_lag_7 room_fc_wakeupcall_lag_7 cal_minStay_mean_lag_7 room_fc_closets_in_room_lag_7 room_fc_shampoo_lag_7 refererEditable_Booking_com_lag_7 room_fc_beach_lag_7 room_cfg_tax_percentage_lag_7 room_cfg_roomType_quadruple_lag_7 room_fc_separate_toilet_area_lag_7 room_fc_linens_lag_7 cal_days_covered_lag_7 cal_numAvail_zero_days_lag_7 subStatus_walkin_lag_7 avg_facilities_score_lag_7 groupNote_Room_Only__lag_7 room_fc_minibar_lag_7 allowChannelUpdate_all_lag_7 room_cfg_max_stay_lag_7 tfidf_good_lag_7 cal_override_days_lag_7 room_fc_desk_lag_7 review_count_lag_7 room_fc_towels_lag_7 title_RO_lag_7 room_cfg_block_after_checkout_days_lag_7 ch_price_per_day_ratio_lag_7 tfidf_super_lag_7 ch_connect_limited_ratio_lag_7 room_fc_coffee_maker_lag_7 room_cfg_roomType_bungalow_lag_7 prop_country_ID_lag_7 avg_value_score_lag_7 tfidf_pool_lag_7 cal_soldout_rate_lag_7 title_Teman_kim_kasih_breakfast_lag_7 room_cfg_overbookingProtection_property_lag_7 avg_comfort_score_lag_7 referer_Booking_com_lag_7 room_cfg_rack_rate_lag_7 room_fc_satellite_lag_7 room_cfg_roomType_twin_lag_7 prop_checkin_start_min_lag_7 room_cfg_max_people_lag_7 room_fc_dining_area_lag_7 allowCancellation__type_propertyDefault__lag_7 tfidf_que_lag_7 prop_vat_rate_lag_7 avg_location_score_lag_7 ch_channel_count_lag_7 cal_override_rate_lag_7 room_fc_cleaning_included_lag_7 room_fc_baggage_storage_lag_7 room_fc_bedroom_lag_7 tfidf_et_lag_7 tfidf_trs_lag_7 room_fc_breakfast_included_lag_7 room_fc_safe_lag_7 channel_booking_lag_7 room_cfg_sell_priority_lag_7 room_cfg_units_count_lag_7 room_fc_scuba_or_snorkeling_lag_7 room_fc_breakfast_in_room_lag_7 title_Twin_bed_lag_7 room_fc_air_conditioning_lag_7 title_Honeymoon_decor_lag_7 cal_numAvail_std_lag_7 avg_clean_score_lag_7 room_fc_bath_shower_lag_7 room_fc_laptop_friendly_lag_7 status_confirmed_lag_7 room_cfg_min_price_lag_7 room_fc_toiletries_lag_7 tfidf_muy_lag_7 arrivalTime___lag_7 room_fc_bathrobe_lag_7 tfidf_location_lag_7 room_fc_bathroom_lag_7 room_fc_deck_patio_uncovered_lag_7 room_fc_hair_dryer_lag_7 tfidf_der_lag_7 room_fc_iron_lag_7 tfidf_sehr_lag_7 status_new_lag_7 room_fc_hangers_lag_7 arrivalTime_16_30_lag_7 room_cfg_roomType_triple_lag_7 room_cfg_roomType_single_lag_7 custom1_Paid_OTA_lag_7 room_cfg_has_unallocated_unit_lag_7 prop_feature_codes_count_lag_7 tfidf_la_lag_7 tfidf_die_lag_7 tfidf_stay_lag_7 prop_type_villa_lag_7 apiSource_Booking_com_lag_7 room_cfg_unitAllocation_perbooking_lag_7 cal_low_avail_rate_lag_7 room_fc_garden_lag_7 avg_staff_score_lag_7 room_fc_bicycle_lag_7 cal_maxStay_mean_lag_7 tfidf_staff_lag_7 room_fc_car_available_lag_7 room_cfg_control_priority_lag_7 cal_numAvail_min_lag_7 room_cfg_min_stay_lag_7 prop_longitude_lag_7 room_fc_bar_lag_7 room_fc_bed_double_lag_7 tfidf_nice_lag_7 room_fc_cleaning_possible_lag_7 tfidf_en_lag_7 room_fc_restaurant_lag_7 prop_type_bungalow_lag_7 tfidf_friendly_lag_7 avg_review_score_lag_7 room_cfg_tax_person_lag_7 room_fc_bath_toilet_lag_7 room_fc_wifi_lag_7 subStatus_nonPayment_lag_7 allowAutoAction_enable_lag_7 room_cfg_feature_count_lag_7 room_fc_beach_view_lag_7 tfidf_hotel_lag_7 room_fc_sitting_area_lag_7 room_fc_breakfast_possible_lag_7 prop_type_guesthouse_lag_7 cal_multiplier_mean_lag_7 prop_latitude_lag_7 prop_type_bedAndBreakfast_lag_7 ch_enabled_ratio_lag_7 tfidf_room_lag_7 room_cfg_roomType_villa_lag_7 room_fc_beach_front_lag_7 room_fc_tv_hd_32_plus_lag_7 tfidf_le_lag_7 prop_type_resort_lag_7 cal_restrict_rate_lag_7 ch_publish_ratio_lag_7 room_fc_bath_or_shower_lag_7 room_fc_cycling_lag_7 room_cfg_max_children_lag_7 tfidf_und_lag_7 room_cfg_room_size_lag_7 tfidf_great_lag_7 room_fc_dining_room_seats_lag_7 room_fc_kettle_lag_7 room_fc_luxory_linen_lag_7 subStatus_noShow_lag_7 cancelTime_2024_08_05T03_15_10Z_lag_7 qty_lag_7 room_cfg_roomType_twindouble_lag_7 room_cfg_overbookingProtection_room_lag_7 masterId_lag_7 prop_checkout_end_min_lag_7 tfidf_clean_lag_7 room_fc_balcony_lag_7 room_fc_bed_single_lag_7 tfidf_place_lag_7 room_fc_refrigerator_lag_7 tfidf_el_lag_7 cal_minStay_max_lag_7 prop_checkin_end_min_lag_7 tfidf_beach_lag_7 room_cfg_restrictionStrategy_staythrough_lag_7 tfidf_da_lag_7 room_cfg_security_deposit_lag_7 ch_connect_inventory_ratio_lag_7 cal_minStay_restrict_days_lag_7 tfidf_un_lag_7 prop_type_hotel_lag_7 cal_multiplier_max_lag_7 room_cfg_cleaning_fee_lag_7 prop_group_keywords_count_lag_7 room_fc_mountain_biking_lag_7 cal_numAvail_low_days_lag_7 cal_numAvail_mean_lag_7 room_fc_airport_shuttle_lag_7 room_fc_private_bathroom_lag_7 room_fc_reception_24_hour_lag_7 room_fc_room_soundproofed_lag_7 allowAutoAction_disable_lag_7 tfidf_est_lag_7 custom1_Paid_by_OTA_Auto_Adjusted_lag_7 room_cfg_max_adult_lag_7 room_cfg_include_in_reports_lag_7 cal_numAvail_max_lag_7 subStatus_none_lag_7 prop_booking_cutoff_hour_lag_7 room_cfg_roomType_double_lag_7 room_fc_tv_lag_7 room_cfg_qty_raw_lag_7 room_fc_tables_and_chairs_lag_7 tfidf_de_lag_7 room_fc_cable_lag_7 log_price_roll_std_6 log_price_roll_std_12
feature_infos=-1:6:2:1:4:3:7:8:9:5:0 -1:8:6:7:1:4:13:14:15:5:17:2:16:0:3:21:22:11:18:12:20:9:19:10:24:25:26:28:29:30:23:31:27:32 [2023:2027] [1:12] [28:372] [-0.089999999999999997:4.7599999999999998] [1:4] [0:3] [0:1] [0:1] [0:1] [-1:1] [-1:1] [157091:2305317.951388889] [2.2799999999999998:5.4699999999999998] [157090.63636363635:2305317.951388889] [-0.089999999999999997:5.4699999999999998] [157090.63636363635:2305317.951388889] [-0.089999999999999997:5.4699999999999998] [157090.63636363635:2305317.951388889] [-0.089999999999999997:5.4699999999999998] [157090.63636363635:2305317.951388889] [-0.089999999999999997:5.4699999999999998] [157090.63636363635:2305317.951388889] [-0.089999999999999997:5.4699999999999998] [157090.63636363635:2305317.951388889] [-0.089999999999999997:5.4699999999999998] [157090.63636363635:2305317.951388889] [1.55:5.4699999999999998] [157090.63636363635:2305317.951388889] [7:12] [-0.089999999999999997:5.4699999999999998] [0:1] [-2.6899999999999999:2.8099999999999996] [-0.089999999999999997:5.4699999999999998] [159545.41666666669:2019396.2532008681] [0:624795.23627349513] [161999.83333333334:2305317.951388889] [157090.63636363635:1826816.7173046251] [159545.41666666669:1678163.9472203236] [0:547035.88051002356] [161999.83333333334:2305317.951388889] [157090.63636363635:1383376.585040885] [159545.41666666669:1497649.8093064178] [0:461593.72262719524] [161999.83333333334:2305317.951388889] [157090.63636363635:1208192.0158730161] [-871101.97583333333:888575.92611111118] [-632622.986588103:881305.56574074086] [-0.58553557830769809:2.1514086749861199] [159238.50568181818:1955143.2149853313] [0.25294538329592797:4.7621370214400631] [1:345] [1:345] [1:345] [1:318.33333333333331] [-41:235] [-41:235] [-11:235] [-8.6666666666666661:235] [0:149.5] [0:149.5] [0:138.63157894736841] [0:132.19444444444443] [1:33] [1:33] [1:33] [1:17.833333333333332] [0:3742200] [0:3742200] [0:3742200] [0:2041200] [0:1] [0:1] [0:1] [0:1] [-149:138] [0.43361011793010767:2.5317964204491568] [0.34618686495853057:2.9640358929748789] [-2.0380886553902395:3.5027777104389273] [218182:469528249.12619048] [0.49097544231513562:1.9381371352431873] [-523561.78583567147:849874.72787037038] [0.43804078362428917:2.4528932814694437] [0:0.72018169203288573] [0:1] none [0:4477255.25] [0:1711578.2407407409] [-125:115] [0.38352905443848823:2.1427305156608001] [0.43361011793010767:2.5317964204491568] [-406359.67558388691:591636.88496031729] [159545.5:19057958.52631579] [-1259658.878105151:2305317.951388889] [-1482270.2370461596:1500425.1116417919] none [1:124] [0:1] none [0:1] [0:1] [1:124] [0:1] none [0:1] [0:1] [0:1] [2:31] [0:31] none [5.833333333333333:10] [1:124] [0:1] [1:124] none [0:0.25528536779820982] none [0:1] [0:34] [0:1] [1:124] none [0:0.33333333333333331] [0:0.37945979995986051] [0:0.33333333333333331] [0:1] [0:1] none [5.5555555555555554:10] [0:0.24373755240780609] [0:1] none [0:1] [5:10] [1:124] [0:1700000] [0:1] [0:1] [810:960] [1:4] [0:1] [1:124] [0:0.1137787961661328] none [5:10] none none [0:1] [0:1] [0:1] [0:0.51871952767964846] [0:0.81629041443561268] [0:1] [0:1] [1:124] [1:6] [1:10] [0:1] [0:1] none [0:1] none [0:3.746539622075943] [5.5555555555555554:10] [0:1] [0:1] [0:100] [0:250000] [0:1] [0:0.9252082253279108] none [0:1] [0:0.2293730457738192] [0:1] [0:1] [0:1] [0:0.1571332173206518] [0:1] [0:0.20949908208997339] [0:117] [0:1] [1:124] [0:1] [0:1] [1:124] none [0:29] [0:0.45392096072048271] [0:0.20710094671186799] [0:0.33333333333333331] [0:1] [1:124] none [0:1] [0:1] [5:10] [0:1] none [0:0.40451953714895778] [0:1] [1:10] [0:9] none [115.446422:116.0865429] [0:1] [0:1] [0:0.53260642956716586] [0:1] [0:0.30909358951218568] [0:1] [0:1] [0:0.33333333333333331] [5:10] none [0:1] [0:1] none [1:124] [0:33] [0:1] [0:0.59565498464948163] [0:1] [0:1] [0:1] none [-8.7094237000000003:-8.3455556000000009] [0:1] [0:0.33333333333333331] [0:0.44484769810659291] none [0:1] [0:1] [0:0.7827907315218825] [0:1] none [0:0.33333333333333331] [0:1] [0:1] [0:1] [0:0.24131667805422291] [0:56] [0:0.68531288920286515] [0:1] [0:1] [0:1] none [1:124] [1:12] [0:1] [0:1] [35385839:71973900.458504334] [600:720] [0:0.5] [0:1] [0:1] [0:0.25682164468002988] [0:1] [0:0.21478767257346751] none [1320:1440] [0:0.1628439717884248] none [0:0.37104381141115722] none [0:0.33333333333333331] none [0:0.52857927720150089] [0:1] none none [0:1] [0:1] [0:31] [0:9] [0:1] [0:1] [0:1] [0:1] none [0:0.1652597869689893] none [0:4] none [0:10] [1:124] none [0:1] [0:1] [1:10] [0:1] [0:0.43365081039357661] [0:1] [0:13.212271502367148] [0:13.042442561327299]
tree_sizes=1179 1193 1201 1204 1251 1236 1214 1276 1215 1206 1211 1216 1209 1213 1234 1219 1261 1204 1222 1220 1217 1207 1225 1236 1252 1219 1229 1217 1211 1244 1223 1250 1243 1228 1205 1245 1229 1248 1273 1267 1226 1244 1221 1264 1272 1231 1215 1289 1240 1269 1262 1225 1229 1229 1288 1218 1254 1264 1274 1281 1259 1215 1293 1212 1258 1272 1254 1255 1227 1246 1256 1276 1212 1198 1240 1229 1244 1227 1228 1229 1273 1272 1274 1287 1208 1250 1209 1269 1249 1250 1262 1291 1270 1223 1248 1249 1245 1227 1230 1227 1251 1252 1269 1215 1239 1246 1251 1236 1268 1234 1212 1241 1274 1281 1299 1267 1265 1279 1284 1233 1250 1242 1235 1212 1253 1261 1273 1244 1254 1263 1211 1273 1244 1226 1255 1220 1238 1266 1234 1250 1250 1248 1246 1251 1260 1271 1247 1331 1239 1258 1285 1272 1234 1298 1254 1246 1275 1280 1275 1249 1263 1292 1247 1252 1227 1267 1256 1230 1255 1244 1261 1273 1262 1274 1307 1301 1250 1232 1258 1307 1219 1234 1308 1220 1275 1261 1295 1278 1285 1230 1250 1243 1238 1239 1274 1268 1275 1278 1259 1279 1296 1307 1301 1250 1253 1255 1278 1265 1257 1272 1260 1269 1282 1250 1275 1247 1249 1241 1261 1271 1284 1228 1315 1216 1274 1255 1271 1287 1265 1292 1262 1274 1255 1287 1254 1259 1290 1243 1302 1245 1248 1159 1247 1280 1082 1248 1283 1250 1296 1257 1244 1297 1245 1240 1239 1277 1211 1275 1305 1258 1260 1279 1275 1115 1274 1287 1282 1250 1278 1308 1260 1262 1290 1281 1226 1285 1280 1280 1251 1266 1270 1293 1282 1265 1258 1285 1251 1281 1219 1236 1272 1253 1250 1264 1265 1245 1259 1232 1278 1251 1229 1299 1263 1282 1268 1265 1285 1298 1300 1289 1253 1276 1260 1252 1280 1265 1241 1224 1267 1269 1250 1282 1280 1293 1251 1269 1270 1305 1268 1232 1261 1287 1283 1319 1289 1262 1293 1268 1291 1273 1288 1272 1255 1248 1249 1284 1256 1252 1238 1265 1314 1292 1254 1284 1270 1269 1276 1276 1238 1237 1281 1289 1248 1257 1312 1273 1231 1274 1267 1232 1265 1289 1247 1285 1273 1257 1236 1265 1271 1242 1271 1319 1283 1284 1276 1261 1347 1239 1278 1296 1322 1275 1252 1254 1279 1310 1277 1255 1235 1299 1236 1008 1301 1322 1270 1277 1316 1242 1293 1300 1248 1291 1290 1282 1264 1269 1267 1281 1289 1265 1284 1270 1266 1283 1291 976 1307 1286 1225 1216 1256 1267 1273 1282 1229 1311 1257 1318 1276 1307 1273 1294 1276 1261 1289 1263 1338 1271 1252 1258 1346 1304 1285 1272 1288 1254 1272 1247 1301 1305 1298 1286 1271 1311 1256 1314 1314 1263 1295 1311 1278 1275 1284 1304 1258 1288 1269 1256 1278 1276 1304 1273 1319 1301 1294 1318 1315 1268 1288 1305 1275 1262 1226 1276 1289 1238 1250 1342 1292 1290 1266 1282 1318 1261 1289 1268 1256 1272 1316 1273 1291 1322 1271 1302 1290 1293 1227 1237 1236 1268 1283 1259 1238 1309 1265 1295 1262 1279 1302 1285 1275 1276 1276 1298 1295 1317 1297 1262 1298 1294 1258 1225 1278 1288 1284 1292 1283 1297 1298 1232 1266 1290 1308 1319 1279 1261 1324 1285 1298 1257 1281 1263 1354 1272 1286 1266 1296 1250 1302 1296 1240 1244 1245 1260 1306 1272 1282 1298 1278 1275 1279 1294 1296 1241 1300 1253 1294 1288 1285 1294 1239 1187 1294 1268 1254 1261 1270 1251 1289 1318 1261 1280 1269 1278 1255 1260 1332 1335 1256 1262 1304 1296 1258 1255 1309 1253 1284 1280 1264 1260 1227 1282 1243 1360 1305 1255 1277 1283 1288 1263 1298 1280 1297 1301 1314 1318 1257 1287 1240 1303 1259 1306 1251 1271 1315 1273 1277 1310 1275 1265 1232 1317 1308 1300 1249 1296 1246 1267 1275 1284

Tree=0
num_leaves=12
num_cat=1
split_feature=7 51 83 51 0 29 78 187 29 23 22
split_gain=5.14815 5.15432 3.27485 3.1617 2.42796 2.96184 2.71186 1.96438 1.10774 1.09569 0.996162
threshold=1.5000000000000002 0.96377762247742471 1.0126208227317035 0.70312612855486145 0 841456.23864087311 1.4840076400942672 10.500000000000002 390457.28598484857 756967.47984991048 0.89500000000000013
decision_type=2 2 2 2 1 2 2 2 2 8 10
left_child=3 -2 7 -1 -5 8 -7 -3 -6 -4 -10
right_child=1 2 9 4 5 6 -8 -9 10 -11 -12
leaf_value=0.064522475287567646 0.074888046856456711 0.086001854006786477 0.08276997744706549 0.076724670343134876 0.076181673620036583 0.068436891632194921 0.056422941182339287 0.095634044872588128 0.068679536986760936 0.076075548927165212 0.073112178334876404
leaf_weight=29 196 41 30 170 82 32 13.999999999999998 19 64 47 199
leaf_count=29 196 41 30 170 82 32 14 19 64 47 199
internal_value=0.0748432 0.078233 0.0831886 0.0728976 0.0734623 0.0720247 0.0651446 0.0887673 0.0730197 0.0793442 0.0719762
internal_weight=923 333 137 590 561 391 46 60 345 77 263
internal_count=923 333 137 590 561 391 46 60 345 77 263
cat_boundaries=0 1
cat_threshold=25
is_linear=0
shrinkage=1


Tree=1
num_leaves=12
num_cat=1
split_feature=7 51 82 0 21 94 204 12 57 40 95
split_gain=4.804 4.82092 2.98508 2.34439 4.54981 3.81379 2.18751 1.20269 1.15594 1.08075 0.745582
threshold=1.5000000000000002 0.96377762247742471 3896.8597094203583 0 839366.59066205542 357513.15135233919 116.0766636 0.6830127018922193 30.500000000000004 119343.75597570266 -9.1780901037062113e-11
decision_type=2 2 2 1 8 2 2 2 8 10 2
left_child=3 -2 6 4 -1 7 -3 -6 -5 10 -4
right_child=1 2 9 8 5 -7 -8 -9 -10 -11 -12
leaf_value=-0.001798361055243315 -5.3998457802722923e-05 0.010439139971464905 0.010261080550573509 0.0025615158804739415 -0.002750136232630384 -0.019160660896074096 0.020662276263242609 -0.01048360335401069 -0.0018877750218142906 -0.00041602964571158706 0.0041755747637668072
leaf_weight=263 196 41 18 144 32 25 18 22 104 23 37
leaf_count=263 196 41 18 144 32 25 18 22 104 23 37
internal_value=-9.3541e-05 0.00318093 0.0079734 -0.00197308 -0.00378481 -0.0104238 0.0133648 -0.00672401 0.000521475 0.0043589 0.00622011
internal_weight=923 333 137 590 342 79 59 54 248 78 55
internal_count=923 333 137 590 342 79 59 54 248 78 55
cat_boundaries=0 1
cat_threshold=710
is_linear=0
shrinkage=0.0353657


Tree=2
num_leaves=12
num_cat=1
split_feature=7 51 51 83 1 204 21 94 213 20 95
split_gain=4.47602 4.5001 2.96242 2.87856 2.50752 2.07949 1.64084 2.62396 1.77445 1.15332 1.04443
threshold=1.5000000000000002 0.96377762247742471 0.70312612855486145 1.0126208227317035 0 116.0766636 831838.21498015884 381368.10477551678 8.3809523809523832 2.4400000000000004 393733.51682422985
decision_type=2 2 2 2 1 2 8 2 2 10 2
left_child=2 -2 -1 5 9 -3 -6 10 -9 -4 -8
right_child=1 3 4 -5 6 -7 7 8 -10 -11 -12
leaf_value=-0.010014336943941261 -5.9020921068084895e-05 0.010113800876862176 0.0042166785645235232 0.0040898782529977997 -0.0017780538724528224 0.020050617414858581 -0.0001389017702376094 -0.019103977928198141 -0.008774579797833271 -0.00041650643715813573 -0.0070739090442087042
leaf_weight=29 196 42 96 77 241 18 41 19 17 125 22
leaf_count=29 196 42 96 77 241 18 41 19 17 125 22
internal_value=-9.43406e-05 0.00306633 -0.00190863 0.0076965 -0.00136048 0.0129259 -0.00313841 -0.00670715 -0.0128722 0.0014176 -0.00332031
internal_weight=923 333 590 137 561 60 340 99 36 221 63
internal_count=923 333 590 137 561 60 340 99 36 221 63
cat_boundaries=0 1
cat_threshold=18947011
is_linear=0
shrinkage=0.0353657


Tree=3
num_leaves=12
num_cat=1
split_feature=7 92 1 20 100 94 22 61 3 40 58
split_gain=4.17089 3.53042 2.30758 1.8904 1.68832 1.15754 3.48687 1.06558 0.887825 1.17937 0.992386
threshold=1.5000000000000002 -1.0000000180025095e-35 0 2.7350000000000008 1.0000000180025095e-35 278418.18305555556 inf 11.461111111111114 9.5000000000000018 130739.43224704314 14.500000000000002
decision_type=2 2 1 10 2 2 8 10 2 8 10
left_child=2 -2 -1 4 7 8 -7 -3 10 -10 -4
right_child=1 3 5 -5 -6 6 -8 -9 9 -11 -12
leaf_value=0.00090568271932987571 0.00028476972730288896 0.010048158700792007 0.0036371073791729232 0.0018971466298919261 0.015731477119198284 -0.0037588472827020255 -0.014342210797537612 0.0034493739675206308 -0.001605496273602965 -0.0082920916807789381 -0.0024933062575323902
leaf_weight=214 202 49 51 31 23 176 23 28 65 27 34
leaf_count=214 202 49 51 31 23 176 23 28 65 27 34
internal_value=-9.62331e-05 0.00295476 -0.00184763 0.00720193 0.0097297 -0.00344891 -0.00533395 0.00768996 -0.00162811 -0.00365631 0.000765002
internal_weight=923 333 590 131 100 376 199 77 177 92 85
internal_count=923 333 590 131 100 376 199 77 177 92 85
cat_boundaries=0 1
cat_threshold=6298563
is_linear=0
shrinkage=0.0353657


Tree=4
num_leaves=12
num_cat=0
split_feature=12 21 94 51 36 87 51 94 62 111 78
split_gain=3.82175 3.34618 3.05196 2.48902 1.83334 1.79721 1.64815 2.45366 0.920283 0.875697 0.832914
threshold=1.0000000180025095e-35 306007.29693100369 266445.10069444444 0.66490526007735729 185085.52165738845 498461.32995129871 1.1415364095825231 278418.18305555556 11.309523809523812 8.5357142857142865 0.69393384048231765
decision_type=2 10 2 2 8 2 2 2 10 2 2
left_child=1 2 5 -2 6 -1 7 10 -3 -9 -5
right_child=3 8 -4 4 -6 -7 -8 9 -10 -11 -12
leaf_value=0.0061171953294762065 -0.010630829002662283 -0.0012026136253612664 -0.0020070093112018084 0.0025215744638094305 -0.0067881768912083232 0.013831542130155056 0.0015940843309486135 -0.01519227032699557 0.0021817220222400545 -0.0075738905187251165 -0.0023906495128948866
leaf_weight=59 19 186 13.999999999999998 31 56 45 161 15.000000000000002 167 14.999999999999998 155
leaf_count=59 19 186 14 31 56 45 161 15 167 15 155
internal_value=-9.7841e-05 0.00207368 0.00680834 -0.00236086 -0.00183807 0.00932264 -0.000948755 -0.00283638 0.000454338 -0.0098244 -0.00145474
internal_weight=923 471 118 452 433 104 377 216 353 30 186
internal_count=923 471 118 452 433 104 377 216 353 30 186
is_linear=0
shrinkage=0.0353657


Tree=5
num_leaves=12
num_cat=1
split_feature=7 81 29 21 3 83 1 84 3 20 134
split_gain=3.71194 3.22852 2.64462 1.87705 2.15281 1.75291 1.64699 0.99656 0.974241 0.841075 0.83635
threshold=1.5000000000000002 0.99826505658311449 305439.49358974368 1038558.0301724139 3.5000000000000004 1.0126208227317035 0 0.27204731014501943 10.500000000000002 2.4400000000000004 8.6805555555555571
decision_type=2 2 2 8 2 2 1 8 2 10 2
left_child=2 -2 9 6 10 7 -4 -3 -6 -1 -5
right_child=1 5 3 4 8 -7 -8 -9 -10 -11 -12
leaf_value=0.0065853764669023505 0.00018837802815020488 0.0079973641847114439 0.001648998220104533 -0.017862838129335128 -0.0019516890150694131 0.0033194440642352759 -0.0029413547824995744 0.014463860005232237 -0.0082685036483883239 0.0010520732069059376 -0.010436228999630049
leaf_weight=42 200 44 110 14.000000000000002 67 60 272 29 22 47 15.999999999999998
leaf_count=42 200 44 110 14 67 60 272 29 22 47 16
internal_value=-0.000103073 0.00277508 -0.00175537 -0.00277071 -0.0063214 0.00679069 -0.00161654 0.0103021 -0.00411266 0.0031712 -0.0126129
internal_weight=923 333 590 501 119 133 382 73 89 89 30
internal_count=923 333 590 501 119 133 382 73 89 89 30
cat_boundaries=0 1
cat_threshold=3736000
is_linear=0
shrinkage=0.0353657


Tree=6
num_leaves=12
num_cat=0
split_feature=94 51 51 12 67 95 78 119 61 88 29
split_gain=3.88651 5.04208 4.7607 2.85451 2.05379 1.63729 1.45289 1.29109 1.07921 1.14652 0.965987
threshold=257894.39895833333 1.0162093838576205 0.93323017921945262 1.0000000180025095e-35 2.9411109605132384 199285.21185420954 1.3059412233845398 7.5000000000000009 10.91666666666667 248182.00000000003 476543.21033574728
decision_type=2 2 2 2 2 2 2 2 10 2 2
left_child=2 6 5 4 8 -1 -2 -5 9 -4 -6
right_child=1 -3 3 7 10 -7 -8 -9 -10 -11 -12
leaf_value=-0.00065563186935107046 -0.010219760012764199 -0.0014734435004744 0.0056826056878995206 0.0026956732912089745 0.018629260606812935 -0.0064763717866979245 -0.018896583683649729 -0.0033315561343198953 0.0017335184572207188 0.012925874849151515 0.011232838736461304
leaf_weight=229 35 238 53 147 13.999999999999998 54 13.999999999999998 34 40 17 27
leaf_count=229 35 238 53 147 14 54 14 34 40 17 27
internal_value=-0.000142264 -0.00340308 0.00141185 0.00421466 0.00763919 -0.00178647 -0.0119109 0.00149466 0.00556056 0.00766649 0.0131758
internal_weight=902 287 615 332 151 283 49 181 110 70 41
internal_count=902 287 615 332 151 283 49 181 110 70 41
is_linear=0
shrinkage=0.0353657


Tree=7
num_leaves=12
num_cat=0
split_feature=94 51 21 12 91 29 95 56 240 92 48
split_gain=3.62036 4.43783 3.74564 2.6716 1.5825 1.56983 1.54177 1.35587 1.1808 1.01982 0.950093
threshold=257894.39895833333 0.93323017921945262 191672.86666666667 1.0000000180025095e-35 0.83381098171214907 582716.42453703715 199285.21185420954 102.50000000000001 0.043181365885221111 -59245.516986051858 79788.262500000055
decision_type=2 2 10 2 2 2 2 2 2 2 10
left_child=1 6 5 4 -3 -2 -1 10 9 -4 -6
right_child=2 3 8 -5 7 -7 -8 -9 -10 -11 -12
leaf_value=-0.00063067593600292494 -0.0090146522133432543 0.014197339121486241 -0.0086334438549453118 0.0014333284408466036 0.0065320137033690441 -0.019259738962743696 -0.0062793408837215296 0.012526211324934131 0.0018455753479139577 -0.0024979686014651292 0.00088909086965284587
leaf_weight=229 14.000000000000002 14.999999999999998 14.999999999999998 181 94 14.999999999999998 54 13.999999999999998 53 190 28
leaf_count=229 14 15 15 181 94 15 54 14 53 190 28
internal_value=-0.000140874 0.00135904 -0.00328809 0.00406516 0.007378 -0.0122011 -0.00172884 0.00638741 -0.00206322 -0.0031749 0.00508101
internal_weight=902 615 287 332 151 29 283 136 258 205 122
internal_count=902 615 287 332 151 29 283 136 258 205 122
is_linear=0
shrinkage=0.0353657


Tree=8
num_leaves=12
num_cat=0
split_feature=94 51 22 78 12 15 95 67 40 51 119
split_gain=3.38408 4.15201 3.5155 2.55675 1.60859 1.51085 1.48211 1.41427 1.25156 1.15307 1.01775
threshold=257894.39895833333 0.93323017921945262 inf 0.66036993881963779 1.0000000180025095e-35 583467.13703703717 -8.020903813057532e-11 2.9411109605132384 145882.22849306519 1.1653457935964582 7.5000000000000009
decision_type=2 2 8 2 2 2 2 2 10 2 2
left_child=1 6 9 -3 7 -4 -1 -5 -8 -2 -6
right_child=2 3 5 4 10 -7 8 -9 -10 -11 -12
leaf_value=7.0953386740406027e-05 -0.0054295810782476828 0.010838757332482121 -0.0086636959550122766 0.0039232285824664275 0.0019381576326589773 -0.018711601384850927 -0.0029401288873356656 0.010697799598362798 -0.0095759793846770386 -0.0006422854168478127 -0.0034779451068196851
leaf_weight=176 64 36 14.000000000000002 98 133 14.999999999999998 78 31 29 194 34
leaf_count=176 64 36 14 98 133 15 78 31 29 194 34
internal_value=-0.000136238 0.00131386 -0.00317907 0.00393141 0.00294863 -0.0118138 -0.00167285 0.00562699 -0.00474487 -0.001992 0.00076279
internal_weight=902 615 287 332 296 29 283 129 107 258 167
internal_count=902 615 287 332 296 29 283 129 107 258 167
is_linear=0
shrinkage=0.0353657


Tree=9
num_leaves=12
num_cat=0
split_feature=7 51 29 82 51 204 20 165 29 56 40
split_gain=3.19714 3.50157 2.7031 2.20694 2.08538 1.93437 1.92115 1.3885 1.30701 0.961381 0.880177
threshold=1.5000000000000002 0.96377762247742471 305439.49358974368 12601.601042240685 0.68550428188596868 116.07631110000001 5.3750000000000009 1.0000000180025095e-35 841456.23864087311 14.500000000000002 135543.07521679855
decision_type=2 2 2 2 2 2 8 2 2 2 10
left_child=2 -2 -1 5 -4 -3 7 -6 -9 -10 -5
right_child=1 3 4 10 6 -7 -8 8 9 -11 -12
leaf_value=0.0034544049141060442 -0.00019173190769530339 0.0072430302175067731 -0.0099687184584851905 0.0050164753786076871 0.00187153508539844 0.016568635908039728 -0.0086973605356414265 -0.0017603697299588641 -0.01210243219649028 -0.0049471393331082846 -0.0011947581535885401
leaf_weight=84 189 33 22 48 91 30 28 311 15.999999999999998 30 20
leaf_count=84 189 33 22 48 91 30 28 311 16 30 20
internal_value=-0.000131424 0.00260219 -0.00166219 0.00677112 -0.00266817 0.0111431 -0.00217698 -0.00158891 -0.00254113 -0.00704582 0.00329861
internal_weight=902 320 582 131 498 63 476 448 357 46 68
internal_count=902 320 582 131 498 63 476 448 357 46 68
is_linear=0
shrinkage=0.0353657


Tree=10
num_leaves=12
num_cat=0
split_feature=94 51 81 29 119 51 21 21 209 134 65
split_gain=3.04198 3.93884 2.68471 2.41205 1.66233 1.31596 1.12083 0.998607 0.86139 0.755118 0.72982
threshold=93533.034659090903 1.0162093838576205 0.99826505658311449 568271.2003303715 7.5000000000000009 0.64553719372857199 734386.36363636376 255012.02396605702 0.074235184183114353 9.5710784313725501 2.5568475452196391
decision_type=2 2 2 2 2 2 10 10 2 2 10
left_child=2 3 5 -2 7 -1 -5 9 -3 -4 -9
right_child=1 8 4 6 -6 -7 -8 10 -10 -11 -12
leaf_value=-0.0038427869991966264 -0.0049210170213314971 -0.0018961190401440401 0.010265378173765622 -0.019554480760609318 -0.0013314703744234291 0.00076579360968562064 -0.011217193453190442 0.00032734242034489284 0.0019338772769424226 0.0048658422280542391 0.0052695227903330824
leaf_weight=85 44 194 63 21 28 235 14.999999999999998 37 85 29 66
leaf_count=85 44 194 63 21 28 235 15 37 85 29 66
internal_value=-0.000132399 -0.00257621 0.00149958 -0.0086844 0.00436055 -0.000461934 -0.0146092 0.0056463 -0.000739125 0.00810143 0.00355266
internal_weight=902 359 543 80 223 320 36 195 279 92 103
internal_count=902 359 543 80 223 320 36 195 279 92 103
is_linear=0
shrinkage=0.0353657


Tree=11
num_leaves=12
num_cat=1
split_feature=7 29 21 95 1 29 204 55 25 118 81
split_gain=2.86034 2.47911 2.12746 1.94698 1.7363 1.55402 1.84704 1.28163 0.965757 0.87477 0.814941
threshold=1.5000000000000002 305439.49358974368 289388.25925925933 199285.21185420954 0 841456.23864087311 116.03826205000001 27.500000000000004 557064.82435897447 1.0000000180025095e-35 1.0467597018842409
decision_type=2 2 10 2 1 2 2 2 10 2 2
left_child=1 -1 3 7 8 -6 -7 -2 -3 -4 -11
right_child=2 4 9 -5 5 6 -8 -9 -10 10 -12
leaf_value=0.0033211812352255611 0.0069573390810184748 -0.0020013038570496312 -0.0018933394227997394 0.00094217961085196831 -0.0033456512056671281 -0.0049780667476355825 -0.0147868001788096 0.0145032115057894 0.0022084590697535795 0.0014005882896883416 0.0068928130155715191
leaf_weight=84 37 131 76 21 223 23 25 28 96 141 17
leaf_count=84 37 131 76 21 223 23 25 28 96 141 17
internal_value=-0.000131022 -0.00157898 0.00245452 0.0067275 -0.00254207 -0.00432231 -0.00920284 0.00992444 -0.000288509 0.000873216 0.00220061
internal_weight=902 582 320 86 498 271 48 65 227 234 158
internal_count=902 582 320 86 498 271 48 65 227 234 158
cat_boundaries=0 1
cat_threshold=107184578
is_linear=0
shrinkage=0.0353657


Tree=12
num_leaves=12
num_cat=0
split_feature=7 51 51 83 204 94 51 51 40 51 7
split_gain=3.09918 2.34125 2.28237 2.14502 1.55123 1.28762 2.72529 1.4213 0.942741 0.927097 1.0805
threshold=1.5000000000000002 0.96377762247742471 0.70312612855486145 1.0126208227317035 116.07631110000001 290436.67013888893 1.0162093838576205 0.99999999997789513 155705.33146767234 1.3500000916018622 1.0000000180025095e-35
decision_type=2 2 2 2 2 2 2 2 10 2 2
left_child=2 -2 -1 4 -3 9 7 -7 -5 10 -4
right_child=1 3 5 8 -6 6 -8 -9 -10 -11 -12
leaf_value=-0.0085922396183242423 0.00033327423978488086 0.0068820415536665477 -0.0030832351107248682 0.0041288413615332992 0.015321287897593641 -0.0064490377021658406 -0.0012658780491510227 -0.015372386459492696 -0.002360555800375877 0.0045915253507990347 0.0013601230202327675
leaf_weight=29 182 31 81 63 30 23 226 18 13.999999999999998 39 168
leaf_count=29 182 31 81 63 30 23 226 18 14 39 168
internal_value=1.94457e-05 0.0027152 -0.00148095 0.00600801 0.0104281 -0.000992696 -0.00267533 -0.00933538 0.00282191 0.000588363 -0.000119076
internal_weight=904 320 584 138 61 555 267 41 77 288 249
internal_count=904 320 584 138 61 555 267 41 77 288 249
is_linear=0
shrinkage=0.0353657


Tree=13
num_leaves=12
num_cat=0
split_feature=94 92 119 92 29 19 27 209 62 5 79
split_gain=2.67104 2.01936 1.60953 1.41492 2.0234 1.22415 1.2778 1.14567 0.974276 0.809354 0.730975
threshold=93533.034659090903 -65819.108331963143 7.5000000000000009 1.0000000180025095e-35 582716.42453703715 1354595.4166666667 278244.46085858595 0.074235184183114353 33.638235294117656 2.6300000000000003 0.80668357331045792
decision_type=2 2 2 2 2 8 8 2 10 2 2
left_child=1 9 5 4 -2 6 -3 -5 -6 -1 -8
right_child=3 2 -4 7 8 -7 10 -9 -10 -11 -12
leaf_value=0.00072647022640371403 -0.0025860184012420706 0.0084168010612856205 -0.0024893950394148608 -0.0024842369395802902 -0.015941482791540861 0.0081087155530271196 0.0028433710218198935 0.0020392155932003457 -0.0080766517306356707 -0.003491861505250945 -0.0016541787664715532
leaf_weight=83 53 24 34 192 20 47 235 78 13.999999999999998 95 29
leaf_count=83 53 24 34 192 20 47 235 78 14 95 29
internal_value=1.32551e-05 0.00153385 0.00301445 -0.00228611 -0.00581357 0.00380596 0.00298371 -0.00114111 -0.0112788 -0.00132653 0.00222687
internal_weight=904 547 369 357 87 335 288 270 34 178 264
internal_count=904 547 369 357 87 335 288 270 34 178 264
is_linear=0
shrinkage=0.0353657


Tree=14
num_leaves=12
num_cat=1
split_feature=7 51 51 82 29 204 20 1 20 293 29
split_gain=2.74675 2.13176 2.11328 1.94306 1.59136 1.57395 1.46278 1.13423 1.05587 0.864216 0.638122
threshold=1.5000000000000002 0.70312612855486145 0.96377762247742471 11827.280555555555 299193.87156862748 116.07631110000001 5.3750000000000009 0 2.4400000000000004 11.955726998481172 841456.23864087311
decision_type=2 2 2 2 2 2 8 1 10 10 2
left_child=1 -1 -2 5 8 -4 7 -6 -3 -5 -9
right_child=2 4 3 9 6 -7 -8 10 -10 -11 -12
leaf_value=-0.0082696724913278018 0.00028860930885959502 0.0068402172006146993 0.0062100103028144655 0.0037720307617864265 0.0015387774576858661 0.014552017452812102 -0.0071850583312498394 -0.0016785784547593402 0.0005726932672413909 -0.0024855511337407263 -0.0055501991526010052
leaf_weight=29 182 38 34 59 112 31 32 288 46 13.999999999999998 39
leaf_count=29 182 38 34 59 112 31 32 288 46 14 39
internal_value=1.48048e-05 -0.00139763 0.00255273 0.00568027 -0.000924909 0.00970032 -0.00170115 -0.00118035 0.00301561 0.00247647 -0.00215132
internal_weight=904 584 320 138 555 65 471 439 84 73 327
internal_count=904 584 320 138 555 65 471 439 84 73 327
cat_boundaries=0 1
cat_threshold=69272000
is_linear=0
shrinkage=0.0353657


Tree=15
num_leaves=12
num_cat=1
split_feature=12 2 51 3 29 40 1 48 36 36 29
split_gain=2.46196 1.54644 1.41695 2.15457 1.38141 1.31149 1.29044 1.01931 0.802963 0.796023 0.912028
threshold=1.0000000180025095e-35 2023.5000000000002 1.0294358487509572 9.5000000000000018 568271.2003303715 130739.43224704314 0 -95949.005021885081 183721.07679237056 243889.32556792142 422266.31481481489
decision_type=2 2 2 2 2 8 1 8 10 8 2
left_child=1 -1 3 4 -2 -5 -3 -8 -4 10 -9
right_child=2 6 8 5 -6 -7 7 9 -10 -11 -12
leaf_value=0.0074851298194051731 -0.0063162585518669115 -0.0016704181716582171 0.00092355964080301179 -0.00035328530848236574 -0.014787190462026686 -0.0065030192174294604 0.0073479086761051955 0.0051308126814034634 -0.0035107669266017942 -0.002228112048367 0.0011295949409274471
leaf_weight=31 27 109 194 123 21 37 23 84 42 29 184
leaf_count=31 27 109 194 123 21 37 23 84 42 29 184
internal_value=7.31239e-06 0.00177489 -0.00181953 -0.00387894 -0.0092968 -0.00212178 0.00126031 0.00230491 -8.842e-05 0.0018416 0.00242638
internal_weight=904 460 444 208 48 160 429 320 236 297 268
internal_count=904 460 444 208 48 160 429 320 236 297 268
cat_boundaries=0 1
cat_threshold=286434306
is_linear=0
shrinkage=0.0353657


Tree=16
num_leaves=12
num_cat=1
split_feature=95 31 82 1 209 29 48 11 36 31 83
split_gain=2.30534 1.50212 1.3683 1.19739 1.03874 1.24199 0.979523 0.806853 0.748603 0.868196 0.845487
threshold=1.0000000180025095e-35 5.1250000000000009 -73357.195757399328 0 0.074235184183114353 778197.91745370382 -95949.005021885081 -0.6830127018922193 243889.32556792142 1.6550000000000002 0.78086079363629801
decision_type=2 2 2 1 2 2 8 2 8 2 2
left_child=1 3 -2 -1 5 7 -5 -4 9 -8 -10
right_child=2 -3 4 6 -6 -7 8 -9 10 -11 -12
leaf_value=-0.0016289303116910582 -0.0076102658825323039 0.0072330047741763622 0.0022125093101859252 0.0071430612625072104 0.001139883821841681 -0.0068320678224099351 0.006985936431628148 -0.0022957203435620033 0.00060971023093269394 0.001729888533346259 -0.0067424836504753659
leaf_weight=109 23 33 37 23 125 44 21 215 14.000000000000002 245 14.999999999999998
leaf_count=109 23 33 37 23 125 44 21 215 14 245 15
internal_value=4.97423e-06 0.00171545 -0.00176277 0.00119083 -0.00133288 -0.00242126 0.00220211 -0.00152677 0.00174282 0.00231348 -0.0022025
internal_weight=904 460 444 427 421 296 318 252 295 266 29
internal_count=904 460 444 427 421 296 318 252 295 266 29
cat_boundaries=0 1
cat_threshold=286434306
is_linear=0
shrinkage=0.0353657


Tree=17
num_leaves=12
num_cat=0
split_feature=11 51 51 95 51 81 67 61 134 92 87
split_gain=2.22247 2.66347 2.12988 2.81091 1.46067 1.14876 0.95053 0.860147 0.8243 0.810107 0.682495
threshold=0.25000000000000011 1.0069887370204331 0.9250259329664462 169715.2550505051 0.99999999998199807 0.98547317879707708 2.9411109605132384 10.91666666666667 9.5383522727272734 -95702.00715324287 491106.88738738745
decision_type=2 2 2 2 2 2 2 10 2 2 2
left_child=2 4 9 6 5 -2 7 10 -3 -1 -4
right_child=1 8 3 -5 -6 -7 -8 -9 -10 -11 -12
leaf_value=-0.0032407056591410377 -0.010037744714081739 -0.0014820956840605455 0.0052937445466006714 0.00039070313321680261 -0.013566813451707762 -0.0026387873477670088 0.010617291717901172 0.0018386486144110054 0.0025626726702249903 0.00048489987811018532 0.010982560030329077
leaf_weight=91 19 223 36 146 15.999999999999998 43 43 35 59 170 23
leaf_count=91 19 223 36 146 16 43 43 35 59 170 23
internal_value=6.59882e-06 -0.00207679 0.00140323 0.00347243 -0.0071694 -0.00555954 0.00690328 0.00535771 -0.000596585 -0.000764625 0.00740821
internal_weight=904 360 544 283 78 62 137 94 282 261 59
internal_count=904 360 544 283 78 62 137 94 282 261 59
is_linear=0
shrinkage=0.0353657


Tree=18
num_leaves=12
num_cat=0
split_feature=29 95 84 2 67 16 152 29 51 79 62
split_gain=1.992 2.28173 1.9094 1.23296 1.15899 0.940757 0.922469 1.22938 0.767391 0.850713 0.766407
threshold=372178.17886904773 -6.5419708058179016e-11 0.32550574307303809 2023.5000000000002 2.9411109605132384 1.5600000000000003 0.063032558860803958 773677.08333333337 1.2708764133932038 -0.92661346136052181 12.340909090909092
decision_type=2 2 8 2 2 2 2 2 2 2 10
left_child=4 3 6 -2 5 -1 7 -3 9 -7 -5
right_child=1 2 -4 10 -6 8 -8 -9 -10 -11 -12
leaf_value=0.0070410843209624445 0.0064970809307256031 -0.0018573800921598464 -0.009174560191894757 -0.00091785084141333625 0.0087234830343889021 0.0030136363215611745 0.0014289020604830985 -0.0072131523207713977 0.0038321123285412037 -0.0023082832245698748 0.002261688886382375
leaf_weight=20 23 196 32 191 14.999999999999998 35 50 46 70 77 144
leaf_count=20 23 196 32 191 15 35 50 46 70 77 144
internal_value=3.6095e-05 -0.000885874 -0.00297525 0.000977516 0.0028323 0.00223538 -0.00215207 -0.00299514 0.00139002 -0.000301919 0.000478037
internal_weight=899 682 324 358 217 202 292 242 182 112 335
internal_count=899 682 324 358 217 202 292 242 182 112 335
is_linear=0
shrinkage=0.0353657


Tree=19
num_leaves=12
num_cat=0
split_feature=12 82 31 51 78 51 11 89 31 42 242
split_gain=1.93692 1.26975 1.18181 1.07679 1.4686 0.912486 0.909308 0.77654 1.32412 0.742558 0.610623
threshold=1.0000000180025095e-35 -71416.307348612623 5.1250000000000009 1.0294358487509572 1.0040023529539066 0.99999999997789513 0.68301270189221941 -3.4999999999999996 2.0350000000000006 299193.87156862748 0.17452318170450404
decision_type=2 2 2 2 2 2 2 8 2 2 2
left_child=2 -2 7 4 10 -6 -5 8 -1 -9 -3
right_child=1 3 -4 6 5 -7 -8 9 -10 -11 -12
leaf_value=0.0098727148938502225 -0.0072966595179547794 -0.0022820025631570822 0.0064452204667211164 0.0025102533486693833 -0.0049605582024463491 -0.012028478162613302 -0.0014908521686452264 0.0033666533521302944 0.0021601984855447532 -0.00032437426870858104 0.0025147717071515256
leaf_weight=14.999999999999998 22 118 34 110 22 22 125 62 62 290 17
leaf_count=15 22 118 34 110 22 22 125 62 62 290 17
internal_value=4.20165e-05 -0.00160206 0.00159531 -0.00118757 -0.00311272 -0.00768788 0.000317612 0.00112633 0.0039092 0.000424258 -0.0015157
internal_weight=899 436 463 414 179 44 235 429 77 352 135
internal_count=899 436 463 414 179 44 235 429 77 352 135
is_linear=0
shrinkage=0.0353657


Tree=20
num_leaves=12
num_cat=0
split_feature=29 78 95 164 21 27 58 24 93 56 94
split_gain=1.84811 1.93737 1.76052 1.72755 2.206 1.27367 1.38505 0.983336 0.898208 0.816014 0.703549
threshold=463330.77777777787 0.70230331967597159 -8.020903813057532e-11 9.1856060606060641 839366.59066205542 278244.46085858595 17.500000000000004 2.9300000000000002 6813007.5000000009 34.500000000000007 -346672.23817734013
decision_type=2 2 2 2 8 8 10 10 2 2 2
left_child=1 -1 10 4 7 9 -7 -4 -6 -3 -2
right_child=2 5 3 -5 8 6 -8 -9 -10 -11 -12
leaf_value=0.0070586844277052583 0.0026929052040046185 0.0034362221704754888 -0.0050607626502184736 0.00021411106944375593 -0.013358710297687013 0.001463888839447261 -0.0036929501730229371 0.00046131719115194371 -0.0069126255635608876 0.010090306861229772 -0.00060157007636941161
leaf_weight=56 109 29 58 89 36 177 71 53 27 14.999999999999998 179
leaf_count=56 109 29 58 89 36 177 71 53 27 15 179
internal_value=4.41886e-05 0.00199462 -0.00120129 -0.00322842 -0.00524259 0.000932105 -6.2905e-05 -0.00263078 -0.00983196 0.00531437 0.00060163
internal_weight=899 348 551 263 174 292 248 111 63 44 288
internal_count=899 348 551 263 174 292 248 111 63 44 288
is_linear=0
shrinkage=0.0353657


Tree=21
num_leaves=12
num_cat=0
split_feature=29 78 94 21 51 27 94 255 187 31 55
split_gain=1.72421 1.82234 1.63482 2.27865 1.31576 1.19758 1.05776 0.917224 0.847408 1.09505 0.789717
threshold=463330.77777777787 0.70230331967597159 -393620.88337438437 1460351.3157091099 0.68550428188596868 278244.46085858595 357513.15135233919 1.0000000180025095e-35 28.000000000000004 1.5850000000000002 72.833333333333357
decision_type=2 2 2 8 2 8 2 2 2 2 2
left_child=1 -1 -2 4 -4 -3 -5 10 9 -6 -7
right_child=2 5 3 6 8 7 -8 -9 -10 -11 -12
leaf_value=0.0068428837089575976 0.0016382274581480817 0.0051500776158153131 -0.0055388955447753501 -0.006138486750648319 -0.0053966258527922409 0.0039824097373137458 -0.013557169444598867 -0.0030964664444949265 0.0028217418085741972 -0.00025172758056378318 -0.00030101308238123192
leaf_weight=56 158 44 55 30 43 60 18 68 56 191 120
leaf_count=56 158 44 55 30 43 60 18 68 56 191 120
internal_value=4.76711e-05 0.00193162 -0.00115528 -0.0023693 -0.00141389 0.000900736 -0.00825146 -6.39789e-05 -0.00045125 -0.00131638 0.00113465
internal_weight=899 348 551 393 345 292 48 248 290 234 180
internal_count=899 348 551 393 345 292 48 248 290 234 180
is_linear=0
shrinkage=0.0353657


Tree=22
num_leaves=12
num_cat=1
split_feature=12 51 94 21 3 29 85 226 60 0 263
split_gain=1.68877 1.48386 1.60813 1.26162 1.07924 1.043 0.739454 0.67343 0.649292 0.643368 0.638884
threshold=1.0000000180025095e-35 1.0069887370204331 93533.034659090903 255012.02396605702 5.5000000000000009 575843.60159759677 1.0000000180025095e-35 -8.519420049999999 43.151186790505683 0 0.031477766462032708
decision_type=2 2 2 10 2 2 2 2 2 1 2
left_child=3 2 6 4 -1 -4 -2 -6 -3 -5 -10
right_child=1 8 5 9 7 -7 -8 -9 10 -11 -12
leaf_value=0.00070713908842370409 -0.00050930834404368198 0.001953871881631165 -0.0057527060938033503 -0.0013925358688285706 0.0041510268987910983 -0.013163628482821311 -0.0050914813549170828 0.0093521553758747662 -0.0031077890366914755 0.0014772328402422273 0.0013938336687327356
leaf_weight=32 104 123 26 116 34 21 43 45 81 236 38
leaf_count=32 104 123 26 116 34 21 43 45 81 236 38
internal_value=4.74364e-05 -0.00148762 -0.00369833 0.0014979 0.00450323 -0.00840456 -0.00210881 0.00676847 0.000226314 0.000526156 -0.00138272
internal_weight=899 436 194 463 111 47 147 79 242 352 119
internal_count=899 436 194 463 111 47 147 79 242 352 119
cat_boundaries=0 1
cat_threshold=178
is_linear=0
shrinkage=0.0353657


Tree=23
num_leaves=12
num_cat=1
split_feature=1 12 207 29 79 22 20 51 94 88 20
split_gain=1.6452 1.16015 1.21356 1.20362 1.01948 1.10204 0.952446 0.786492 1.2654 0.750651 0.709921
threshold=0 1.0000000180025095e-35 1.0000000180025095e-35 778197.91745370382 -0.50444515896776154 1.2900000000000003 2.5350000000000006 0.99999999999245615 290436.67013888893 248182.00000000003 1.9100000000000004
decision_type=1 2 2 2 2 10 10 2 2 2 8
left_child=1 6 10 -4 5 -2 9 8 -6 -1 -3
right_child=4 2 3 -5 7 -7 -8 -9 -10 -11 -12
leaf_value=0.0035928786725902607 0.0048213831761384062 0.0058691511600783694 -0.00094746798051363373 -0.0075121014623815326 -0.0032830385433704379 -0.00068717794911811686 0.00068346866945022899 -0.0013919011366753491 -0.010158917561802257 0.0082329167772081865 0.00079686465507925895
leaf_weight=103 36 30 88 25 84 147 82 172 23 42 67
leaf_count=103 36 30 88 25 84 147 82 172 23 42 67
internal_value=4.28984e-05 0.00153901 -0.000173098 -0.00252635 -0.00137532 0.000479256 0.00327824 -0.00273199 -0.00493218 0.00496363 0.002319
internal_weight=899 437 210 113 462 183 227 279 107 145 97
internal_count=899 437 210 113 462 183 227 279 107 145 97
cat_boundaries=0 1
cat_threshold=3368147913
is_linear=0
shrinkage=0.0353657


Tree=24
num_leaves=12
num_cat=1
split_feature=7 51 92 1 20 20 290 11 51 15 51
split_gain=1.7576 1.64217 1.38191 1.26306 0.954453 0.887385 0.964927 0.793628 0.898708 1.21137 0.838819
threshold=1.5000000000000002 0.70312612855486145 -1.0000000180025095e-35 0 2.4400000000000004 2.7350000000000008 1.0000000180025095e-35 0.68301270189221941 1.0913698359425157 578225.25000000012 1.3500000916018622
decision_type=2 2 2 1 10 10 2 2 2 2 2
left_child=1 -1 -2 4 -3 6 -4 10 9 -9 -5
right_child=2 3 5 7 -6 -7 -8 8 -10 -11 -12
leaf_value=-0.0070905492451610224 0.00042217598862389136 0.0040910800030102105 0.0049067722624106273 -0.0014065090701554958 -0.00027039293641676612 0.0010986323515727924 0.011018327209490138 -0.0047394040279798372 -0.0024530508349185267 -0.013203543256491023 0.0035929144155620106
leaf_weight=29 194 86 71 183 118 28 24 22 106 13.999999999999998 27
leaf_count=29 194 86 71 183 118 28 24 22 106 14 27
internal_value=6.36461e-05 -0.00106091 0.00210689 -0.000644105 0.0014205 0.00485304 0.00659382 -0.00184987 -0.00382282 -0.00765364 -0.000626931
internal_weight=902 585 317 556 204 123 95 352 142 36 210
internal_count=902 585 317 556 204 123 95 352 142 36 210
cat_boundaries=0 1
cat_threshold=100768705
is_linear=0
shrinkage=0.0353657


Tree=25
num_leaves=12
num_cat=0
split_feature=29 87 68 78 78 81 27 58 56 40 87
split_gain=1.69765 1.55589 1.41817 1.37896 1.09235 1.582 0.792311 0.998688 0.826485 0.733429 0.73085
threshold=463330.77777777787 415296.16666666669 419752.16964285722 0.70230331967597159 1.4840076400942672 1.214552947003037 278244.46085858595 17.500000000000004 34.500000000000007 67906.38137848505 785686.95708020066
decision_type=2 2 2 2 2 2 8 10 2 10 2
left_child=3 2 -2 -1 -3 -6 8 9 -5 -8 -11
right_child=1 4 -4 6 5 -7 7 -9 -10 10 -12
leaf_value=0.0063288466750239551 -0.0072432715480260498 0.00042353572237329215 -0.00095657324817171197 0.002379327050528692 -0.011064420533336327 -0.0013244304879417002 -0.00020230952059326922 -0.0028468425240507928 0.009039808192465075 0.0023222202834873719 0.0078570062915091343
leaf_weight=53 75 393 58 29 13.999999999999998 19 96 69 15.999999999999998 59 21
leaf_count=53 75 393 58 29 14 19 96 69 16 59 21
internal_value=5.85388e-05 -0.00111639 -0.00420378 0.00195101 -0.000122842 -0.00475755 0.00107774 0.000267912 0.00449918 0.00156691 0.00383015
internal_weight=902 559 133 343 426 33 290 245 45 176 80
internal_count=902 559 133 343 426 33 290 245 45 176 80
is_linear=0
shrinkage=0.0353657


Tree=26
num_leaves=12
num_cat=1
split_feature=29 1 3 19 5 27 82 29 56 19 5
split_gain=1.58757 1.66031 1.75279 1.15522 1.12553 0.920458 1.15045 0.898927 0.802975 0.679346 0.762
threshold=463330.77777777787 0 4.5000000000000009 526914.01184253802 1.6550000000000002 234613.75000000003 -89071.880989712445 1047080.9469343292 118.50000000000001 1186714.1125541127 2.5900000000000003
decision_type=2 1 2 10 2 8 2 2 2 8 2
left_child=4 7 3 -3 -1 -6 -7 9 -8 10 -2
right_child=1 2 -4 -5 5 6 8 -9 -10 -11 -12
leaf_value=-0.0015010845753723686 0.0028422943367716019 -0.012991731503119323 -0.0016902998448859964 -0.0056348490632877994 0.0075943008160041974 0.0078659964407272465 0.00097637370360740985 -0.0019161265635438249 0.0063375754861702245 0.0049534221222648726 -0.0012943036662481869
leaf_weight=69 91 19 184 42 24 18 216 95 15.999999999999998 46 82
leaf_count=69 91 19 184 42 24 18 216 95 16 46 82
internal_value=5.76418e-05 -0.00107851 -0.00311211 -0.00768127 0.00188777 0.00293448 0.00233284 0.000557694 0.00160903 0.00182577 0.000918732
internal_weight=902 559 245 61 343 274 250 314 232 219 173
internal_count=902 559 245 61 343 274 250 314 232 219 173
cat_boundaries=0 1
cat_threshold=4317644
is_linear=0
shrinkage=0.0353657


Tree=27
num_leaves=12
num_cat=1
split_feature=12 51 31 79 1 29 36 134 6 18 51
split_gain=1.5134 1.299 1.28864 1.0805 1.0488 1.35274 1.03654 0.97527 1.07231 0.797049 0.531321
threshold=-0.5 0.57668534052174281 1.5850000000000002 -0.79726877627463477 0 731416.66666666686 343375.18481523677 9.1421568627450984 2.5000000000000004 2.7950000000000004 1.1997289254933257
decision_type=2 2 2 2 1 2 8 2 2 10 2
left_child=2 -2 -1 -3 9 -6 10 8 -7 -5 -4
right_child=1 3 6 4 5 7 -8 -9 -10 -11 -12
leaf_value=0.0083343974068779258 -0.0060141144874180956 0.0025284008440474544 0.00019290922830502349 0.0036844024847547908 -0.0012344541333075163 -0.013725262973240313 0.0062166892254789125 -0.0024937593696211088 -0.0060396786809759932 -0.0012195109369985445 0.0039540427107621753
leaf_weight=13.999999999999998 35 94 228 72 286 21 28 21 22 48 33
leaf_count=14 35 94 228 72 286 21 28 21 22 48 33
internal_value=6.01357e-05 -0.000948478 0.00201923 -0.000551469 -0.00122313 -0.00215618 0.00154259 -0.00617807 -0.0092772 0.00130559 0.000825784
internal_weight=902 599 303 564 470 350 289 64 43 120 261
internal_count=902 599 303 564 470 350 289 64 43 120 261
cat_boundaries=0 1
cat_threshold=67148224
is_linear=0
shrinkage=0.0353657


Tree=28
num_leaves=12
num_cat=2
split_feature=29 1 3 78 1 20 19 29 92 20 27
split_gain=1.44805 1.61597 1.82806 1.24323 0.946091 0.9953 0.912809 0.893944 0.855126 0.769433 0.675073
threshold=463330.77777777787 0 4.5000000000000009 0.68325528919049783 1 2.4400000000000004 526914.01184253802 292907.42592592601 -95702.00715324287 3.0650000000000004 1013057.6869747901
decision_type=2 1 2 2 1 8 10 2 2 10 8
left_child=3 8 6 -1 -5 7 -3 -6 10 -10 -2
right_child=1 2 -4 4 5 -7 -8 -9 9 -11 -12
leaf_value=0.0062159204023993853 -0.0059918635003070337 -0.013001466029652005 -0.0018079103742967308 -0.0012327595306678228 0.0086411436937819733 0.00025058503993897997 -0.0061356199337344337 0.0029574251050386523 0.0026203757316857674 -0.0011093243671162184 -0.00064257545918625775
leaf_weight=46 26 20 173 114 33 88 29 62 189 77 45
leaf_count=46 26 20 173 114 33 88 29 62 189 77 45
internal_value=6.51306e-05 -0.00101988 -0.00318674 0.00181304 0.00104805 0.00242797 -0.00830641 0.00486899 0.000471367 0.00142871 -0.00242477
internal_weight=902 559 222 343 297 183 49 95 337 266 71
internal_count=902 559 222 343 297 183 49 95 337 266 71
cat_boundaries=0 1 2
cat_threshold=123372 19138050
is_linear=0
shrinkage=0.0353657


Tree=29
num_leaves=12
num_cat=1
split_feature=7 92 29 1 29 232 22 275 29 22 145
split_gain=1.48653 1.13509 1.11747 0.991546 1.9527 0.895049 0.843952 0.733314 0.616997 0.783277 0.606077
threshold=1.5000000000000002 -1.0000000180025095e-35 299193.87156862748 0 841456.23864087311 1.0000000180025095e-35 2.2050000000000005 1.0000000180025095e-35 390457.28598484857 1.2900000000000003 7.9006410256410264
decision_type=2 2 2 1 2 2 10 2 2 10 2
left_child=2 10 6 -4 7 -3 -1 8 -5 -10 -2
right_child=1 5 3 4 -6 -7 -8 -9 9 -11 -12
leaf_value=0.0055450182621007071 -0.0021381732616231651 0.003153906364220051 6.4285965042393435e-05 0.0018713940034376939 -0.0098016657905996979 0.0086929966855715038 -3.7010491203259416e-05 -0.0059270493686567173 -0.0050610622644639619 -0.00077869967259192681 0.0015544818962670436
leaf_weight=41 60 96 225 35 24 27 44 31 58 127 134
leaf_count=41 60 96 225 35 24 27 44 31 58 127 134
internal_value=6.08034e-05 0.00193999 -0.000973294 -0.00162239 -0.00294872 0.00442994 0.00229719 -0.00217367 -0.00142609 -0.00217716 0.000413475
internal_weight=902 317 585 500 275 123 85 251 220 185 194
internal_count=902 317 585 500 275 123 85 251 220 185 194
cat_boundaries=0 1
cat_threshold=107061698
is_linear=0
shrinkage=0.0353657


Tree=30
num_leaves=12
num_cat=0
split_feature=12 29 84 22 89 19 22 173 240 87 29
split_gain=1.24797 1.02321 1.34948 0.852274 1.40763 0.812023 0.586343 0.573274 0.556745 0.65092 0.532924
threshold=-0.5 372178.17886904773 0.23995037883512613 2.0350000000000006 -2.4999999999999996 472346.7512254903 2.2050000000000005 0.088617808154695624 0.04674075872376466 322805.97222222231 676691.97786023514
decision_type=2 2 8 10 10 10 10 2 2 2 2
left_child=3 6 8 4 7 10 -2 -1 9 -3 -4
right_child=1 2 5 -5 -6 -7 -8 -9 -10 -11 -12
leaf_value=0.007091342476945056 0.0033321873798114695 -0.0035427586758770111 -0.0064442884111628592 0.00058598758385195566 0.0019351184400103541 -0.0033143808048337743 -0.00053895871878535792 0.01315554070761531 0.0015609475105355861 -0.00015490196764453084 -0.012204470440232065
leaf_weight=17 82 93 18 208 68 85 65 14.999999999999998 83 155 15.999999999999998
leaf_count=17 82 93 18 208 68 85 65 15 83 155 16
internal_value=-8.53431e-06 -0.000934487 -0.00177075 0.00174878 0.00421174 -0.00472839 0.00141164 0.00899434 -0.000665628 -0.00143346 -0.0084604
internal_weight=905 597 450 308 100 119 147 32 331 248 34
internal_count=905 597 450 308 100 119 147 32 331 248 34
is_linear=0
shrinkage=0.0353657


Tree=31
num_leaves=12
num_cat=1
split_feature=1 95 134 29 51 94 58 51 57 51 48
split_gain=1.19627 1.14456 0.910203 1.39804 0.858452 0.777448 0.757898 0.749959 0.724149 0.601971 0.572793
threshold=0 1.0000000180025095e-35 9.5383522727272734 740983.47343205579 1.4050983832883375 290436.67013888893 45.500000000000007 1.0162093838576205 90.500000000000014 0.9250259329664462 129583.85920760683
decision_type=1 2 2 2 2 2 10 2 8 2 8
left_child=5 4 3 -3 8 6 9 -7 -2 -1 -6
right_child=1 2 -4 -5 10 7 -8 -9 -10 -11 -12
leaf_value=-0.0015640456626113855 0.00083623605912560976 -0.00063139280521632693 0.0022245697378374123 -0.0068298853571709265 0.010420070409334559 -0.0081856696594683736 -0.0036251368198005384 -0.0028269107359445381 0.0047790872506535105 0.0022203270311228263 0.0046410147894600179
leaf_weight=67 211 172 75 34 13.999999999999998 21 51 85 53 98 24
leaf_count=67 211 172 75 34 14 21 51 85 53 98 24
internal_value=-8.24699e-06 0.000922913 -0.000596456 -0.00181729 0.00241143 -0.00164692 -0.000594241 -0.00398322 0.00176129 0.00055558 0.0063186
internal_weight=905 583 281 206 302 322 216 106 264 165 38
internal_count=905 583 281 206 302 322 216 106 264 165 38
cat_boundaries=0 2
cat_threshold=823534644 1
is_linear=0
shrinkage=0.0353657


Tree=32
num_leaves=12
num_cat=0
split_feature=94 29 95 40 40 62 29 61 62 67 111
split_gain=1.13565 0.948704 0.780598 1.02615 0.860366 0.745175 1.04748 1.88217 0.639939 0.614944 0.595376
threshold=93533.034659090903 372178.17886904773 -8.020903813057532e-11 133605.0477756027 486036.3663862347 67.990384615384627 575843.60159759677 13.062500000000002 17.631410256410259 2.9085769980506835 8.6150568181818201
decision_type=2 2 2 8 8 10 2 10 8 2 2
left_child=1 9 4 -4 8 6 -2 -8 -3 -1 -9
right_child=5 2 3 -5 -6 -7 7 10 -10 -11 -12
leaf_value=0.0028479944395748114 -0.00058320448664719393 -0.0010311794859400438 8.3607989055691935e-05 -0.0047688495461410251 0.0066224312904024502 0.0018716845677039056 -0.011158493516529724 -0.0045391289678279635 0.0025083010351278205 0.0078722968754814781 -0.00018327034480159559
leaf_weight=104 191 87 143 55 14.999999999999998 45 20 64 123 13.999999999999998 44
leaf_count=104 191 87 143 55 15 45 20 64 123 14 44
internal_value=-9.37095e-06 0.000994311 0.000250909 -0.00129287 0.00158548 -0.0014883 -0.00212932 -0.00441704 0.00103379 0.00356249 -0.00282827
internal_weight=905 541 423 198 225 364 319 128 210 118 108
internal_count=905 541 423 198 225 364 319 128 210 118 108
is_linear=0
shrinkage=0.0353657


Tree=33
num_leaves=12
num_cat=0
split_feature=94 29 95 51 84 62 51 65 78 81 67
split_gain=1.06195 0.88847 0.732862 1.0566 0.978653 0.70475 1.27913 0.935926 0.682464 0.655355 0.590781
threshold=93533.034659090903 372178.17886904773 -8.020903813057532e-11 0.86059446643591653 0.21260125794881676 67.990384615384627 1.171307493356895 1.9795918367346943 1.3059412233845398 0.9821389593873987 2.9085769980506835
decision_type=2 2 2 2 8 10 2 10 2 2 2
left_child=1 10 3 -3 -4 6 8 -8 9 -2 -1
right_child=5 2 4 -5 -6 -7 7 -9 -10 -11 -12
leaf_value=0.0027459549916527266 -0.0070660839987256845 6.6040581820673744e-07 7.691339268528178e-05 0.0045395004508740388 -0.0046772546298466449 0.0018309523041869684 0.0047667163695006617 -0.00097743988970587698 -0.0087757984109472671 -0.0023059709560511047 0.0076715344342494062
leaf_weight=104 28 149 144 76 54 45 18 162 17 94 13.999999999999998
leaf_count=104 28 149 144 76 54 45 18 162 17 94 14
internal_value=-6.45236e-06 0.000964071 0.00024454 0.00153775 -0.00125117 -0.00143663 -0.00205982 -0.000229589 -0.00442859 -0.00368701 0.00344939
internal_weight=905 541 423 225 198 364 319 180 139 122 118
internal_count=905 541 423 225 198 364 319 180 139 122 118
is_linear=0
shrinkage=0.0353657


Tree=34
num_leaves=12
num_cat=0
split_feature=94 51 51 83 65 78 58 29 22 94 84
split_gain=0.989093 1.60894 1.60265 1.46672 0.754865 0.735627 0.791866 0.67665 1.14089 0.643519 0.600547
threshold=93533.034659090903 1.1811485755831017 0.93323017921945262 0.95417665538458774 1.9795918367346943 0.66036993881963779 24.500000000000004 568271.2003303715 1.5850000000000002 -134297.47986111109 0.2149981407644527
decision_type=2 2 2 2 10 2 8 2 10 2 10
left_child=2 7 -1 9 -3 -5 -7 -2 -9 -4 -8
right_child=1 4 3 5 -6 6 10 8 -10 -11 -12
leaf_value=-0.00089589960097650437 -0.0024868227550014833 0.0049161037852271539 0.01104978190089816 0.0057201819447740354 -0.00015623172200634379 0.0040501842769918445 0.00038623530935738906 -0.011326064334473092 -0.0040352970017587947 0.0052509878816900555 -0.0043306242199056032
leaf_weight=269 85 18 24 24 201 49 133 23 37 25 17
leaf_count=269 85 18 24 24 201 49 133 23 37 25 17
internal_value=-4.21058e-06 -0.00138451 0.000932386 0.00278655 0.000381377 0.00168622 0.000921264 -0.00409719 -0.00671117 0.00735948 -0.000312528
internal_weight=905 364 541 272 219 223 199 145 60 49 150
internal_count=905 364 541 272 219 223 199 145 60 49 150
is_linear=0
shrinkage=0.0353657


Tree=35
num_leaves=12
num_cat=1
split_feature=1 78 12 134 29 51 57 20 70 29 79
split_gain=1.0598 1.29692 1.0002 0.785521 1.22774 0.778679 0.621809 0.52202 0.461944 0.799062 0.511183
threshold=0 1.4959773029332879 1.0000000180025095e-35 9.5383522727272734 740983.47343205579 1.4050983832883375 90.500000000000014 1.9100000000000004 141775.47321428574 378205.69176136371 -0.6416042475600291
decision_type=1 2 2 2 2 2 8 10 8 2 2
left_child=1 8 5 4 -4 6 -2 -5 -1 10 -10
right_child=2 -3 3 7 -6 -7 -8 -9 9 -11 -12
leaf_value=-0.0041287863003385368 0.00078863701835855309 -0.0075734880446897256 -0.00056649976248469142 0.0051956879401335873 -0.006375747988372928 0.0059881671249064029 0.0044431534970840007 0.00055835008169644561 0.0067556955858799079 -0.0013861429371674911 0.0014851989815759577
leaf_weight=30 211 18 172 27 34 38 53 48 13.999999999999998 230 30
leaf_count=30 211 18 172 27 34 38 53 48 14 230 30
internal_value=-4.9294e-07 -0.0015431 0.000875719 -0.00054404 -0.00167877 0.00226757 0.00164712 0.00207595 -0.00107091 -0.000593458 0.00289653
internal_weight=905 322 583 281 206 302 264 75 304 274 44
internal_count=905 322 583 281 206 302 264 75 304 274 44
cat_boundaries=0 2
cat_threshold=823534644 1
is_linear=0
shrinkage=0.0353657


Tree=36
num_leaves=12
num_cat=1
split_feature=12 36 84 58 293 16 1 92 79 93 27
split_gain=1.09916 0.765571 0.669436 0.65287 0.907898 0.54126 0.623564 0.503513 0.596962 0.487355 0.487704
threshold=-0.5 209286.56668221083 0.35387674772369898 29.500000000000004 12.633738121775444 4.8650000000000011 0 182042.58926155666 1.0981522447581371 738500.19553913537 660861.56686827971
decision_type=2 8 10 10 8 2 1 2 2 2 8
left_child=3 2 5 4 -1 6 9 8 -3 -2 -11
right_child=1 7 -4 -5 -6 -7 -8 -9 -10 10 -12
leaf_value=0.0019743707439227065 -0.0015716885769716362 -0.004045441715361261 -0.0049778728066619746 -0.00010098816849327391 0.0070891951788812782 0.0031268274952012867 -0.001114673699826616 -0.0014282783712505206 -0.009848878608970605 0.0063824345227573558 0.0018649001726285697
leaf_weight=157 17 23 13.999999999999998 120 32 33 388 22 18 18 72
leaf_count=157 17 23 14 120 32 33 388 22 18 18 72
internal_value=3.35743e-05 -0.000824434 -0.000414627 0.00168562 0.00296796 -0.000180018 -0.000472595 -0.00396242 -0.00630413 0.00158246 0.00292672
internal_weight=914 605 542 309 189 528 495 63 41 107 90
internal_count=914 605 542 309 189 528 495 63 41 107 90
cat_boundaries=0 1
cat_threshold=67115336
is_linear=0
shrinkage=0.0353657


Tree=37
num_leaves=12
num_cat=1
split_feature=12 29 36 58 40 60 84 22 92 78 1
split_gain=1.02583 0.775261 0.629993 0.612903 0.860064 0.735691 0.600094 0.507699 0.50548 0.581554 0.476462
threshold=-0.5 196058.04206138689 209286.56668221083 29.500000000000004 306737.67306229391 14.471042471042473 0.35387674772369898 2.0350000000000006 182042.58926155666 1.3447627945338938 0
decision_type=2 2 8 10 8 2 10 8 2 2 1
left_child=3 -2 6 4 7 -6 10 -1 9 -4 -3
right_child=1 2 8 -5 5 -7 -8 -9 -10 -11 -12
leaf_value=0.0050527759669022863 0.0034028008052486205 0.00064051010773480052 -0.0039151160688386238 -0.00010316489273619977 0.010925197424376261 0.0040616324949842115 -0.0050185998732980184 0.00096664332406927846 -0.0014230514444004204 -0.0096809491362252302 -0.0014065926421276461
leaf_weight=26 27 234 21 120 18 13.999999999999998 13.999999999999998 131 22 19 268
leaf_count=26 27 234 21 120 18 14 14 131 22 19 268
internal_value=3.17787e-05 -0.000797072 -0.00109684 0.00162781 0.00287014 0.00688118 -0.000700106 0.0019025 -0.00394792 -0.00628154 -0.000466515
internal_weight=914 605 578 309 189 32 516 157 62 40 502
internal_count=914 605 578 309 189 32 516 157 62 40 502
cat_boundaries=0 1
cat_threshold=70443466
is_linear=0
shrinkage=0.0353657


Tree=38
num_leaves=12
num_cat=1
split_feature=51 7 83 87 1 20 204 51 67 219 94
split_gain=1.18759 1.50605 1.12134 0.816883 0.722685 0.76029 0.59011 0.511576 0.478941 0.475836 0.406497
threshold=0.64553719372857199 1.5000000000000002 0.78665450988434793 438455.07871720125 0 2.5900000000000003 116.08093770000001 0.99999999996752897 2.7453424032400675 13.000000000000002 -125829.75000000001
decision_type=2 2 2 2 1 10 2 2 2 2 2
left_child=3 4 -3 -1 5 -2 -6 -4 -8 -9 -11
right_child=1 2 7 -5 6 -7 8 9 -10 10 -12
leaf_value=-0.0082719678883200424 0.0028938929175230891 0.0079411809288317519 0.00052413997685818415 -0.002344975739710578 -0.0010854558442694605 -0.00093304842023352161 -0.0030720633063389085 0.0012534187862081622 -0.0087425628626176879 0.0072575037641741799 0.0029895926822291158
leaf_weight=13.999999999999998 115 22 120 79 334 96 14.000000000000002 38 13.999999999999998 42 26
leaf_count=14 115 22 120 79 334 96 14 38 14 42 26
internal_value=3.19256e-05 0.000458569 0.00266013 -0.00332987 -0.000509597 0.00100348 -0.00143772 0.00200744 -0.0050762 0.00358737 0.00527876
internal_weight=914 821 248 93 573 211 362 226 28 106 68
internal_count=914 821 248 93 573 211 362 226 28 106 68
cat_boundaries=0 1
cat_threshold=104930241
is_linear=0
shrinkage=0.0353657


Tree=39
num_leaves=12
num_cat=0
split_feature=94 51 81 51 29 119 100 251 21 84 94
split_gain=0.922543 1.56952 0.936422 0.905507 0.897617 0.840553 0.756141 0.567111 0.527199 0.44811 0.422851
threshold=93533.034659090903 1.0162093838576205 0.99826505658311449 0.64553719372857199 575843.60159759677 7.5000000000000009 1.0000000180025095e-35 62379291.978321053 734386.36363636376 0.25941571297772736 -227073.84463704715
decision_type=2 2 2 2 2 2 2 2 10 8 2
left_child=2 4 3 10 -2 6 7 -4 -6 -8 -1
right_child=1 -3 5 -5 8 -7 9 -9 -10 -11 -12
leaf_value=-0.0023273002384106467 -0.0028850665331712926 -0.00011056783813899538 0.003098481878571281 0.00077026754813722576 -0.012015432345137288 -0.0014202861527744133 0.00549160188395003 -0.001539855585765443 -0.0062868078052837279 0.01051925038556081 -0.0066659882281211525
leaf_weight=68 49 280 141 240 21 29 28 14.999999999999998 14.999999999999998 13.999999999999998 13.999999999999998
leaf_count=68 49 280 141 240 21 29 28 15 15 14 14
internal_value=2.8753e-05 -0.00130317 0.000926328 -0.000232972 -0.00504032 0.00259731 0.00349217 0.00245955 -0.00870641 0.00687003 -0.0030807
internal_weight=914 365 549 322 85 227 198 156 36 42 82
internal_count=914 365 549 322 85 227 198 156 36 42 82
is_linear=0
shrinkage=0.0353657


Tree=40
num_leaves=12
num_cat=0
split_feature=51 7 91 139 95 51 6 94 44 78 7
split_gain=1.0522 1.33609 0.905812 0.733849 0.643795 0.563823 1.21779 0.575054 0.523309 0.482277 0.47596
threshold=0.64553719372857199 1.5000000000000002 0.79627756338971156 825.00000000000011 1.0000000180025095e-35 1.2708764133932038 1.5000000000000002 440263.32150974026 24717.649287566612 0.67979875442302495 1.0000000180025095e-35
decision_type=2 2 2 2 2 2 2 2 10 2 2
left_child=4 3 -3 -2 -1 6 8 -7 -5 -4 -8
right_child=1 2 9 5 -6 7 10 -9 -10 -11 -12
leaf_value=-0.0021379778834643023 -0.0045569035877837108 0.0077894070991234307 0.0052528927736527941 -0.0017262552303347698 -0.0072668584708903295 0.003566768121676851 -0.0024859994223459946 8.2426019616597368e-05 -0.006576817358379239 0.0014405804755693097 0.00075489609118606805
leaf_weight=75 28 13.999999999999998 26 21 18 65 50 145 54 208 210
leaf_count=75 28 14 26 21 18 65 50 145 54 208 210
internal_value=2.53493e-05 0.000427016 0.00250069 -0.000484788 -0.00313895 -0.000207718 -0.00107304 0.00115386 -0.00453563 0.00203339 -5.97156e-06
internal_weight=914 821 248 573 93 545 335 210 75 234 260
internal_count=914 821 248 573 93 545 335 210 75 234 260
is_linear=0
shrinkage=0.0353657


Tree=41
num_leaves=12
num_cat=0
split_feature=51 94 51 95 51 87 82 78 67 119 42
split_gain=0.987969 1.23463 1.1912 0.817466 0.981997 0.754378 0.618463 0.61719 0.557347 0.461935 0.376905
threshold=0.64553719372857199 93533.034659090903 1.0725332482072607 124190.00527210889 0.96377762247742471 438455.07871720125 -59123.950181052824 1.3447627945338938 2.9411109605132384 4.5000000000000009 583467.13703703717
decision_type=2 2 2 2 2 2 2 2 2 2 2
left_child=5 3 7 4 -2 -1 -6 -3 -8 -5 -10
right_child=1 2 -4 9 6 -7 8 -9 10 -11 -12
leaf_value=-0.0077757610168332197 0.001063416339157721 -0.0031105226634540141 9.3425322083171244e-05 0.00066824250877595994 0.0088968049542376918 -0.0020762984511468866 0.0024887528044603255 -0.0080795215210385223 0.010246285490186111 -0.0029274888302999848 0.005226026705243355
leaf_weight=13.999999999999998 137 84 258 172 22 79 69 18 14.000000000000002 32 14.999999999999998
leaf_count=14 137 84 258 172 22 79 69 18 14 32 15
internal_value=2.48408e-05 0.000414095 -0.00107924 0.00160162 0.00289964 -0.00304132 0.00508389 -0.00402362 0.00412997 5.94371e-05 0.00704141
internal_weight=914 821 360 461 257 93 120 102 98 204 29
internal_count=914 821 360 461 257 93 120 102 98 204 29
is_linear=0
shrinkage=0.0353657


Tree=42
num_leaves=12
num_cat=0
split_feature=12 51 36 51 3 31 36 16 56 263 35
split_gain=0.856132 0.951737 0.725578 0.814421 0.891279 0.699464 0.641328 0.46306 0.371431 0.309484 0.359535
threshold=1.0000000180025095e-35 0.66490526007735729 185085.52165738845 1.1653457935964582 9.5000000000000018 1.5600000000000003 390146.11240831198 2.4400000000000004 90.500000000000014 0.024974436455960303 881222.45915645419
decision_type=2 2 8 2 2 2 8 2 2 2 2
left_child=5 -2 3 4 7 -1 8 -3 9 10 -7
right_child=1 2 -4 -5 -6 6 -8 -9 -10 -11 -12
leaf_value=0.0053519171244757026 -0.0060836835013567828 -0.0076525720092640009 -0.0037331165427741887 0.0017693947716469151 -0.00019661980097997905 -0.00012090903137009432 0.0046722087869749416 -0.0029193239105836061 0.0028481050169865117 0.0014409264821594438 -0.0032736944928307889
leaf_weight=22 19 25 57 154 166 227 26 31 48 120 30
leaf_count=22 19 25 57 154 166 227 26 31 48 120 30
internal_value=9.36171e-05 -0.000976583 -0.000643569 -7.77195e-05 -0.00136431 0.00112006 0.000830716 -0.00462507 0.000482447 0.000101255 -0.000570113
internal_weight=925 452 433 376 222 473 451 56 425 377 257
internal_count=925 452 433 376 222 473 451 56 425 377 257
is_linear=0
shrinkage=0.0353657


Tree=43
num_leaves=12
num_cat=2
split_feature=12 1 18 21 11 1 63 31 251 37 58
split_gain=0.808607 0.741735 0.687597 0.669043 0.737404 0.712338 0.659228 0.647073 0.527173 0.430527 0.346778
threshold=1.0000000180025095e-35 0 3.7750000000000004 1038558.0301724139 -0.6830127018922193 1 1.0016835016835015 1.5600000000000003 62236188.141721241 780929.733391813 32.500000000000007
decision_type=2 1 8 8 2 1 2 2 2 2 8
left_child=1 2 -1 5 -5 -2 -7 -3 -8 -6 -9
right_child=3 7 -4 4 9 6 8 10 -10 -11 -12
leaf_value=-0.00099558452378823901 -0.0022762147242086483 0.0064895485758184098 0.0039849419764872128 0.00020492834380222473 -0.0032585263181571082 0.0053149735315946535 0.00094970574553170778 0.0037170256998298162 -0.0031493575279934777 -0.0073742241883689207 0.0010624005091991735
leaf_weight=205 104 20 15.999999999999998 28 46 13.999999999999998 203 68 22 35 164
leaf_count=205 104 20 16 28 46 14 203 68 22 35 164
internal_value=9.15969e-05 0.00108917 -0.00032713 -0.000948434 -0.00315096 -0.000228897 0.000815277 0.00231635 0.000400863 -0.00490814 0.00191758
internal_weight=925 473 221 452 109 343 239 252 225 81 232
internal_count=925 473 221 452 109 343 239 252 225 81 232
cat_boundaries=0 1 2
cat_threshold=292988466 88149521
is_linear=0
shrinkage=0.0353657


Tree=44
num_leaves=12
num_cat=1
split_feature=1 29 48 87 51 78 78 22 116 20 29
split_gain=0.786808 0.829064 0.882408 0.735751 0.872632 0.604803 0.598594 0.583924 0.54566 0.459151 0.455951
threshold=0 491460.50993640703 -95949.005021885081 431019.92738095246 1.1811485755831017 0.68325528919049783 1.2844875603957482 2.8500000000000001 0.082264662660415266 2.4400000000000004 425395.61742993857
decision_type=1 2 8 2 2 2 2 8 2 8 2
left_child=6 2 -2 4 -3 -4 7 -1 -8 -7 -9
right_child=1 3 5 -5 -6 9 8 10 -10 -11 -12
leaf_value=-0.0023616335991358188 0.0073013420635869557 -0.0052605030338435709 0.0048446501696258436 0.00046035058264763581 0.00012755221123458556 0.0024226292808736541 -0.0076160524602321951 0.0043890539166307812 -0.0020750628896511174 -0.00043997138287094257 -0.00017795836526079937
leaf_weight=101 13.999999999999998 59 38 339 43 110 28 24 13.999999999999998 120 35
leaf_count=101 14 59 38 339 43 110 28 24 14 120 35
internal_value=9.25381e-05 0.000632148 0.00208557 -0.000279962 -0.00266361 0.00165438 -0.00169818 -0.000937428 -0.00482698 0.000963919 0.0014394
internal_weight=925 723 282 441 102 268 202 160 42 230 59
internal_count=925 723 282 441 102 268 202 160 42 230 59
cat_boundaries=0 2
cat_threshold=287048720 1
is_linear=0
shrinkage=0.0353657


Tree=45
num_leaves=12
num_cat=0
split_feature=51 94 12 119 51 83 36 177 51 36 15
split_gain=0.771528 1.11451 0.600962 0.58128 0.873346 0.804281 0.493714 0.473686 0.98776 0.733039 0.550155
threshold=0.64553719372857199 93533.034659090903 1.0000000180025095e-35 6.5000000000000009 0.96377762247742471 0.95816874483947057 147258.51751689697 0.055138340660759809 1.2708764133932038 192181.67753059205 572315.21921296313
decision_type=2 2 2 2 2 2 10 2 2 10 2
left_child=2 3 -1 4 -2 -6 -7 8 10 -10 -3
right_child=1 7 -4 -5 5 6 -8 -9 9 -11 -12
leaf_value=-0.001608313419841971 0.00035875667561702354 -0.0021139558843614359 -0.0065603135508520835 -0.0018159861148789741 0.0068046142311055241 0.0029490829846999284 -0.0013216972600600435 0.0014441719409753644 0.0014824793593535954 -0.0030923284716981758 -0.0059485913121103276
leaf_weight=76 205 87 18 33 46 167 14.999999999999998 57 127 37 57
leaf_count=76 205 87 18 33 46 167 15 57 127 37 57
internal_value=9.37055e-05 0.000435532 -0.00260427 0.00155855 0.00193654 0.00337775 0.00243386 -0.000973529 -0.00155559 0.000165885 -0.00355123
internal_weight=925 831 94 466 433 228 182 365 308 164 144
internal_count=925 831 94 466 433 228 182 365 308 164 144
is_linear=0
shrinkage=0.0353657


Tree=46
num_leaves=12
num_cat=0
split_feature=95 51 36 51 94 21 57 66 164 229 21
split_gain=0.728088 0.837142 0.626823 0.702421 0.81972 0.592453 0.672063 0.480904 0.466892 0.429636 0.388424
threshold=1.0000000180025095e-35 0.66490526007735729 185085.52165738845 1.1653457935964582 110795.43577816492 255012.02396605702 29.500000000000004 2.7559523809523814 8.9642857142857171 0.018861220372741454 989000.00000000012
decision_type=2 2 8 2 2 10 8 10 2 2 10
left_child=5 -2 3 4 -3 6 -1 -7 -8 -9 -11
right_child=1 2 -4 -5 -6 7 8 9 -10 10 -12
leaf_value=0.0011528823020906301 -0.0056900314039788 -0.00019980613900149628 -0.0034590084599183525 0.0016539682211912884 -0.0045268544513338317 -0.00065031838299313058 0.0081669184049377053 -0.00087502040263561019 0.0031494639665466352 0.0043693295173196818 0.00092507788480436254
leaf_weight=60 19 171 57 154 51 214 33 30 17 69 50
leaf_count=60 19 171 57 154 51 214 33 30 17 69 50
internal_value=8.6358e-05 -0.000900462 -0.000587512 -6.12648e-05 -0.00125632 0.00103302 0.00310846 0.000384309 0.00577009 0.00179341 0.0027968
internal_weight=925 452 433 376 222 473 110 363 50 149 119
internal_count=925 452 433 376 222 473 110 363 50 149 119
is_linear=0
shrinkage=0.0353657


Tree=47
num_leaves=12
num_cat=1
split_feature=1 29 7 44 164 29 78 22 170 78 54
split_gain=0.701455 0.770774 0.792221 0.623519 0.583407 0.866922 0.539149 0.524187 0.482686 0.446455 0.398088
threshold=0 1047080.9469343292 1.5000000000000002 218416.85801804482 9.1856060606060641 841456.23864087311 1.2977781046007908 2.8500000000000001 1.0000000180025095e-35 0.77246430166642144 6.5000000000000009
decision_type=1 2 2 10 2 2 2 8 2 2 10
left_child=6 2 4 -4 5 -2 7 10 -8 -9 -1
right_child=1 -3 3 -5 -6 -7 8 9 -10 -11 -12
leaf_value=-0.0050126410156932965 -4.8845848832810766e-05 -0.0019604976523055957 0.002283109039120634 0.0070335372120362396 0.0022259105476943389 -0.0051871496548854196 -0.0029875481118224229 0.0048523010829199147 -0.0082022805946311075 0.00022889073267197641 -0.0011866307826318549
leaf_weight=27 291 101 186 15.999999999999998 107 22 26 13.999999999999998 14.999999999999998 46 74
leaf_count=27 291 101 186 16 107 22 26 14 15 46 74
internal_value=7.64579e-05 0.000586252 0.00106277 0.00278902 0.00021765 -0.000547661 -0.00161404 -0.00090342 -0.00461269 0.00132751 -0.00226092
internal_weight=925 723 622 202 420 313 202 161 41 60 101
internal_count=925 723 622 202 420 313 202 161 41 60 101
cat_boundaries=0 2
cat_threshold=287048720 1
is_linear=0
shrinkage=0.0353657


Tree=48
num_leaves=12
num_cat=1
split_feature=78 1 27 34 29 23 82 180 83 179 56
split_gain=0.979376 0.899245 0.827687 0.585119 0.555121 0.552904 0.525844 0.500664 0.477241 0.417898 0.405072
threshold=1.7813649834093641 0 278244.46085858595 2.5350000000000006 1047080.9469343292 698969.8314732837 -193010.03203082838 12.500000000000002 1.1871730238658111 0.027689672418345152 118.50000000000001
decision_type=2 1 8 2 2 10 2 2 2 2 2
left_child=1 3 -3 7 6 -6 -4 -1 -5 10 -8
right_child=-2 2 4 8 5 -7 9 -9 -10 -11 -12
leaf_value=-0.0033492057064324677 -0.0050397358873105463 0.0053832617155277485 0.0049155395050759195 0.00089891468676725017 -0.0049967886929375809 -0.00010460793374749733 -0.00054824832428179661 -0.00022001993642008737 -0.0028865638085243998 0.0026495624570870768 0.0030307503539969633
leaf_weight=144 22 34 27 205 22 46 166 77 26 108 25
leaf_count=144 22 34 27 205 22 46 166 77 26 108 25
internal_value=3.37928e-06 0.00019916 0.00131517 -0.000861137 0.000914876 -0.00157246 0.00149481 -0.00214149 0.000270956 0.00108114 0.00012145
internal_weight=902 880 428 452 394 68 326 221 231 299 191
internal_count=902 880 428 452 394 68 326 221 231 299 191
cat_boundaries=0 1
cat_threshold=859711030
is_linear=0
shrinkage=0.0353657


Tree=49
num_leaves=12
num_cat=1
split_feature=1 78 29 88 22 93 78 207 20 94 131
split_gain=0.891743 0.865969 0.754545 0.776363 0.710739 0.709485 0.508995 0.466219 0.502939 0.43042 0.430281
threshold=0 1.2977781046007908 1047080.9469343292 248182.00000000003 2.8500000000000001 3293405.4190476192 0.77246430166642144 0.021421921674724401 2.2050000000000005 297419.75212585035 0.2139784946236559
decision_type=1 2 2 2 8 2 2 2 8 2 2
left_child=1 4 3 7 -1 -3 -6 8 10 -9 -2
right_child=2 5 -4 -5 6 -7 -8 9 -10 -11 -12
leaf_value=-0.0022780939577276837 0.0070870548262016511 -0.0035824060391035153 -0.0017815944434136093 0.0035253080958638585 0.0053768951052706139 -0.009644307589899417 0.00053008773276816716 0.00074253823130451119 0.00052989704711556686 -0.0018600445354081151 0.0026940860115186108
leaf_weight=118 20 35 106 117 15.999999999999998 14.999999999999998 51 155 103 117 49
leaf_count=118 20 35 106 117 16 15 51 155 103 117 49
internal_value=4.51448e-06 -0.00173264 0.000655925 0.00118713 -0.00081977 -0.00523829 0.0017023 0.000535931 0.00186665 -0.000350941 0.00394932
internal_weight=902 235 667 561 185 50 67 444 172 272 69
internal_count=902 235 667 561 185 50 67 444 172 272 69
cat_boundaries=0 2
cat_threshold=319554578 1
is_linear=0
shrinkage=0.0353657


Tree=50
num_leaves=12
num_cat=2
split_feature=78 1 20 51 83 54 39 8 27 1 16
split_gain=0.920961 0.755659 0.569293 0.499774 0.537943 0.440331 0.374178 0.332184 0.321293 0.37874 0.297431
threshold=1.7813649834093641 0 2.7950000000000004 0.72837057367146885 0.79768679884610194 6.5000000000000009 943253.86951580388 1.0000000180025095e-35 234613.75000000003 1 4.8650000000000011
decision_type=2 1 10 2 2 8 2 2 8 1 2
left_child=1 5 3 7 -5 -1 -4 -3 -6 -10 -7
right_child=-2 2 6 4 8 10 -8 -9 9 -11 -12
leaf_value=-0.0046227559596240799 -0.0048867820164427223 -0.0030788555844949391 0.00011911267758263985 0.0057387006312304371 0.004564352676736572 -0.001001473539694946 -0.0032376337197915148 0.00097043868157264469 0.002837859561834744 0.00024517608466593317 0.0022375034321137745
leaf_weight=15.999999999999998 22 28 143 31 27 329 29 24 101 138 13.999999999999998
leaf_count=16 22 28 143 31 27 329 29 24 101 138 14
internal_value=3.58869e-06 0.000193481 0.00102806 0.00186133 0.00243723 -0.000995774 -0.000485408 -0.000725893 0.00194378 0.00150384 -0.000773142
internal_weight=902 880 521 349 297 359 172 52 266 239 343
internal_count=902 880 521 349 297 359 172 52 266 239 343
cat_boundaries=0 1 2
cat_threshold=857613334 67207624
is_linear=0
shrinkage=0.0353657


Tree=51
num_leaves=12
num_cat=0
split_feature=78 27 89 31 51 78 87 77 51 294 84
split_gain=0.87979 0.633575 0.583572 0.710296 0.547847 0.692347 0.651257 0.432242 0.476343 0.408914 0.297852
threshold=1.7813649834093641 234613.75000000003 -5.4999999999999991 2.1250000000000004 0.9250259329664462 0.70635688092864479 322805.97222222231 0.93995391658803762 1.1527927854655953 10.365465866352622 0.15454733440280952
decision_type=2 8 10 2 2 2 2 2 2 10 10
left_child=1 9 3 -3 6 -6 -4 10 -9 -1 -7
right_child=-2 2 4 -5 5 7 -8 8 -10 -11 -12
leaf_value=0.0021764142086530347 -0.0047762847582244247 0.0065274595620207878 -0.0051127379903149984 0.00118374222986176 0.0037369014746222165 5.6110247246444404e-05 -0.00098308736501014895 -0.0019011672988859846 0.00042219645389575579 0.007262951879992951 0.0035663931534549585
leaf_weight=17 22 18 36 82 42 25 194 169 230 14.999999999999998 52
leaf_count=17 22 18 36 82 42 25 194 169 230 15 52
internal_value=3.50297e-06 0.000189133 2.72566e-06 0.00227002 -0.000335395 0.000280615 -0.00170568 -8.61956e-05 -0.000555634 0.00385218 0.0020094
internal_weight=902 880 848 100 748 518 230 476 399 32 77
internal_count=902 880 848 100 748 518 230 476 399 32 77
is_linear=0
shrinkage=0.0353657


Tree=52
num_leaves=12
num_cat=0
split_feature=78 29 87 78 293 79 62 68 29 94 16
split_gain=0.840477 0.577988 0.770219 0.610139 0.554059 0.530592 0.47289 0.424366 0.39545 0.481826 0.381806
threshold=1.7813649834093641 372178.17886904773 415296.16666666669 0.70230331967597159 10.403240892372077 -0.17062578859068372 11.309523809523812 419752.16964285722 518197.01041666669 -360980.59312443819 1.5850000000000002
decision_type=2 2 2 2 10 2 10 2 2 2 2
left_child=1 3 7 -1 10 8 -7 -3 9 -4 -5
right_child=-2 2 5 4 -6 6 -8 -9 -10 -11 -12
leaf_value=0.0050502128043702433 -0.0046682595126726362 -0.0034140146157549331 0.0074028730897058408 0.0018512063887209172 0.0026434660793103423 -0.0023544062733876353 0.00054896127158336793 -0.00033379751459170642 0.00088059262957465589 0.0023561359881742122 -0.002257065507156107
leaf_weight=35 22 118 14.999999999999998 17 89 107 124 67 210 33 65
leaf_count=35 22 118 15 17 89 107 124 67 210 33 65
internal_value=3.49272e-06 0.000184958 -0.000303652 0.00173654 0.000978297 0.000403767 -0.000745708 -0.00213745 0.00147546 0.00386546 -0.000896888
internal_weight=902 880 674 206 171 489 231 185 258 48 82
internal_count=902 880 674 206 171 489 231 185 258 48 82
is_linear=0
shrinkage=0.0353657


Tree=53
num_leaves=12
num_cat=0
split_feature=78 29 87 51 78 51 69 78 51 40 206
split_gain=0.80329 0.544356 0.71663 0.613043 0.57515 0.559119 0.617085 0.496417 0.631555 0.423025 0.377847
threshold=1.7813649834093641 372178.17886904773 415296.16666666669 1.2312851516216421 0.70230331967597159 0.99999999995889721 67332.368421052655 0.88178545493197824 0.72025156836316928 217075.43518843237 1.0000000180025095e-35
decision_type=2 2 2 2 2 2 10 2 2 8 2
left_child=1 4 3 -3 -1 6 -6 8 -4 -10 -7
right_child=-2 2 7 -5 5 10 -8 -9 9 -11 -12
leaf_value=0.0049057232837760503 -0.0045620907293035997 -0.003510732610169862 -0.00023920607845047954 0.00021725913970855064 -0.0051028672050113062 -0.00062074676726982692 0.00081216281110815011 -0.00050069091495652225 0.0024701191335673913 0.0064372695537074321 0.0029413355196017876
leaf_weight=35 22 122 88 63 24 27 15.999999999999998 286 93 22 104
leaf_count=35 22 122 88 63 24 27 16 286 93 22 104
internal_value=5.11054e-06 0.000182546 -0.00029157 -0.00206051 0.00168834 0.000951893 -0.00193839 0.000390674 0.0016705 0.00330972 0.00195295
internal_weight=902 880 674 185 206 171 40 489 203 115 131
internal_count=902 880 674 185 206 171 40 489 203 115 131
is_linear=0
shrinkage=0.0353657


Tree=54
num_leaves=12
num_cat=1
split_feature=1 29 90 37 21 87 51 38 76 293 20
split_gain=0.748757 0.636453 0.702957 0.628186 0.613563 0.588017 0.647417 0.547469 0.411922 0.360099 0.299563
threshold=0 491460.50993640703 0.88923931829879688 1113630.6818181819 299193.87156862748 354326.28438375361 0.99999999999086153 413877.09027777787 45.500000000000007 11.845554479365612 2.0350000000000006
decision_type=1 2 8 2 10 2 2 2 10 8 10
left_child=3 2 -2 4 -1 6 9 -6 -7 -3 -4
right_child=1 5 10 -5 7 8 -8 -9 -10 -11 -12
leaf_value=0.0014279946412666445 0.0058242306279662351 -0.0041776998310250717 0.0024053835345466436 -0.0067174989872045669 -0.0055483538456327138 0.00049835256562215846 -0.00084220555361854939 -0.00084931901864404135 -0.0033177325557171978 -0.0088122149796170061 0.00026165248852812634
leaf_weight=31 22 22 119 13.999999999999998 41 353 57 34 13.999999999999998 14.999999999999998 167
leaf_count=31 22 22 119 14 41 353 57 34 14 15 167
internal_value=6.63662e-06 0.000417435 0.00162712 -0.00225276 -0.00169344 -0.000378965 -0.00261611 -0.00317819 0.000219147 -0.00564476 0.00118941
internal_weight=889 769 308 120 106 461 94 75 367 37 286
internal_count=889 769 308 120 106 461 94 75 367 37 286
cat_boundaries=0 2
cat_threshold=285213712 1
is_linear=0
shrinkage=0.0353657


Tree=55
num_leaves=12
num_cat=1
split_feature=1 78 22 27 12 56 29 263 23 78 15
split_gain=0.699377 0.699475 1.10722 0.512862 0.527749 0.505345 0.469773 0.806329 0.427507 0.458814 0.455784
threshold=0 1.2977781046007908 0.89500000000000013 278244.46085858595 -0.5 34.500000000000007 836644.87468487408 0.031477766462032708 721890.42271505389 0.69393384048231765 775627.08602941188
decision_type=1 2 10 8 2 2 2 2 10 2 2
left_child=1 2 -1 5 -5 -2 8 -8 9 -6 -10
right_child=3 -3 -4 4 6 -7 7 -9 10 -11 -12
leaf_value=0.0038023475821941525 0.0016459930198428263 -0.0059288785562207156 -0.0028973817430421041 0.0014596611598205439 0.0021626106950181491 0.0069080659713606149 -0.00486174278959198 2.9884562877748721e-05 0.0052303600814479012 -0.0010915254160354401 0.00088830371764939478
leaf_weight=20 26 30 70 245 43 17 59 59 23 241 56
leaf_count=20 26 30 70 245 43 17 59 59 23 241 56
internal_value=6.26645e-06 -0.00217731 -0.00111096 0.000403335 0.000189185 0.00339824 -0.000476488 -0.00225304 0.000115348 -0.000479832 0.00213923
internal_weight=889 120 90 769 726 43 481 118 363 284 79
internal_count=889 120 90 769 726 43 481 118 363 284 79
cat_boundaries=0 2
cat_threshold=285213712 1
is_linear=0
shrinkage=0.0353657


Tree=56
num_leaves=12
num_cat=1
split_feature=1 78 29 87 41 102 69 53 29 21 25
split_gain=0.664555 0.697069 0.642164 0.536672 0.498909 0.600974 0.479205 0.415822 0.41256 0.395306 0.384252
threshold=0 1.4959773029332879 491460.50993640703 396107.42083333334 259841.16666666669 24.500000000000004 278445.25641025644 23.500000000000004 196058.04206138689 1027484.403215832 955858.98410087731
decision_type=1 2 2 2 2 2 10 8 2 8 8
left_child=1 7 4 6 8 10 -4 -1 -2 -8 -6
right_child=2 -3 3 -5 5 -7 9 -9 -10 -11 -12
leaf_value=-0.003234489108214392 0.00174895759746929 -0.006188867165226015 -0.0058599909706181169 0.0003987180245095295 0.0068573935476492296 0.0010230231045671011 -0.00011464978138357504 -0.00019264315342850302 -0.0025711611154944731 -0.0043486121393719575 0.0031938062754112628
leaf_weight=58 27 13.999999999999998 18 327 42 84 59 153 35 15.999999999999998 56
leaf_count=58 27 14 18 327 42 84 59 153 35 16 56
internal_value=9.12625e-06 -0.00152622 0.000565125 -0.00022882 0.0019582 0.00290873 -0.00235466 -0.00112703 -0.000276721 -0.00142292 0.00465089
internal_weight=889 225 664 420 244 182 93 211 62 75 98
internal_count=889 225 664 420 244 182 93 211 62 75 98
cat_boundaries=0 2
cat_threshold=823395346 1
is_linear=0
shrinkage=0.0353657


Tree=57
num_leaves=12
num_cat=1
split_feature=1 37 29 87 68 196 87 31 16 4 20
split_gain=0.622809 0.684209 0.598892 0.507895 0.539678 0.483636 0.436261 0.413377 0.421032 0.384632 0.380306
threshold=0 1113630.6818181819 491460.50993640703 396107.42083333334 419752.16964285722 9.5156250000000018 785686.95708020066 0.89500000000000013 2.5350000000000006 73.000000000000014 1.9100000000000004
decision_type=1 2 2 2 2 2 2 2 2 2 8
left_child=1 7 5 4 -4 6 -2 -1 9 -9 -7
right_child=2 -3 3 -5 -6 10 -8 8 -10 -11 -12
leaf_value=0.002361423081852452 0.0024603376481068455 -0.0061003081939167703 -0.0048938334537721832 0.00038526110998714214 -0.00051586826331767826 0.0028307589569508173 0.0063467820433725335 -0.0052865027249178126 -5.0802875114622808e-05 -0.0016432528121713393 -0.00069611269485707328
leaf_weight=14.999999999999998 95 13.999999999999998 41 327 52 33 27 38 95 63 89
leaf_count=15 95 14 41 327 52 33 27 38 95 63 89
internal_value=2.96536e-06 -0.00148322 0.00054139 -0.000225293 -0.00229324 0.0018867 0.00338525 -0.00108464 -0.00151992 -0.00296976 0.000503091
internal_weight=889 225 664 420 93 244 122 211 196 101 122
internal_count=889 225 664 420 93 244 122 211 196 101 122
cat_boundaries=0 2
cat_threshold=823395346 1
is_linear=0
shrinkage=0.0353657


Tree=58
num_leaves=12
num_cat=1
split_feature=1 78 29 88 87 68 48 66 61 46 22
split_gain=0.581363 0.659239 0.560514 0.485604 0.474324 0.510091 0.406356 0.358842 0.455719 0.385734 0.436415
threshold=0 1.4959773029332879 491460.50993640703 447456.4555555557 396107.42083333334 419752.16964285722 -88703.463652919498 2.0294117647058827 8.7460317460317487 374319.13427043118 1.2900000000000003
decision_type=1 2 2 2 2 2 8 8 10 2 10
left_child=1 7 3 6 5 -4 -2 -1 9 10 -9
right_child=2 -3 4 -5 -6 -7 -8 8 -10 -11 -12
leaf_value=-0.0037547232171201341 0.0048756836763319709 -0.0059623453056976486 -0.0047430119928060935 0.005636628870852191 0.00037241906026974278 -0.00048626430030350833 0.0010150761709571078 0.0059558568030727349 -0.0017810395157692571 -0.001189760739267909 0.0013529869957796513
leaf_weight=27 14.999999999999998 13.999999999999998 41 14.999999999999998 327 52 214 19 107 20 38
leaf_count=27 15 14 41 15 327 52 214 19 107 20 38
internal_value=3.92636e-06 -0.00143194 0.000524149 0.00182565 -0.000217486 -0.002216 0.00145483 -0.00103838 -0.000462335 0.001365 0.00290195
internal_weight=889 225 664 244 420 93 229 211 184 77 57
internal_count=889 225 664 244 420 93 229 211 184 77 57
cat_boundaries=0 2
cat_threshold=823395346 1
is_linear=0
shrinkage=0.0353657


Tree=59
num_leaves=12
num_cat=1
split_feature=51 78 87 78 66 1 87 37 48 2 22
split_gain=0.58929 0.829498 0.558042 0.555161 0.607558 0.497642 0.511614 0.47345 0.376172 0.40708 0.352584
threshold=0.66490526007735729 0.70230331967597159 433577.86818181822 1.7813649834093641 2.7559523809523814 0 206734.96428571429 1265089.9621212122 -95949.005021885081 2025.5000000000002 2.5900000000000003
decision_type=2 2 2 2 10 1 2 2 10 2 10
left_child=2 -2 -1 4 5 6 -3 10 9 -6 -7
right_child=1 3 -4 -5 8 7 -8 -9 -10 -11 -12
leaf_value=-0.006264306683205597 0.0032472005861262786 -0.001358650329843448 -0.001436957311494113 -0.0038053902137280518 0.0021772404480037417 -0.0020477243640081495 0.0019370487985011411 -0.0052388389400852605 0.0011194742449023715 0.007191548744188583 0.00030758627052673967
leaf_weight=14.999999999999998 84 66 86 23 14.999999999999998 170 143 13.999999999999998 145 20 108
leaf_count=15 84 66 86 23 15 170 143 14 145 20 108
internal_value=2.24358e-06 0.000326256 -0.00227384 -5.94617e-05 0.000123102 -0.000490636 0.000727794 -0.00138541 0.00177897 0.00437612 -0.00111808
internal_weight=889 788 101 704 681 501 209 292 180 35 278
internal_count=889 788 101 704 681 501 209 292 180 35 278
cat_boundaries=0 1
cat_threshold=109590607
is_linear=0
shrinkage=0.0353657


Tree=60
num_leaves=12
num_cat=1
split_feature=51 78 87 20 140 1 51 94 15 54 212
split_gain=0.535623 0.772902 0.529547 0.466891 0.876774 0.724272 0.511224 0.566648 0.430909 0.351795 0.316589
threshold=0.66490526007735729 0.70993126507779536 433577.86818181822 2.6850000000000005 3.5000000000000004 0 1.1811485755831017 454426.03054893127 1235423.979166667 10.500000000000002 0.052611353891074512
decision_type=2 2 2 8 2 1 2 2 2 8 2
left_child=2 -2 -1 4 5 -3 7 10 9 -7 -5
right_child=1 3 -4 6 -6 8 -8 -9 -10 -11 -12
leaf_value=-0.0061395056907465441 0.0030949755293298389 0.0023974638348422768 -0.0013675125809231542 -0.00066388899046344299 0.0050570895947020331 -0.0031338549450148968 0.00065915228827975497 -0.0059138685175755346 -0.0037951460679046165 0.00016055961654774711 -0.0035441693129988827
leaf_weight=13.999999999999998 88 103 81 131 29 23 107 20 26 231 45
leaf_count=14 88 103 81 131 29 23 107 20 26 231 45
internal_value=3.4977e-05 0.000330636 -0.00219825 -4.41789e-05 0.0007006 0.000264698 -0.00106499 -0.00211947 -0.000658164 -0.000270556 -0.00152979
internal_weight=898 803 95 715 412 383 303 196 280 254 176
internal_count=898 803 95 715 412 383 303 196 280 254 176
cat_boundaries=0 1
cat_threshold=100731328
is_linear=0
shrinkage=0.0353657


Tree=61
num_leaves=12
num_cat=0
split_feature=29 226 78 58 61 40 70 53 102 27 21
split_gain=0.507678 0.683525 0.64194 0.573461 0.537942 0.490955 0.461797 0.454107 0.436303 0.410144 0.365749
threshold=468920.77506746043 -8.3549804499999976 0.61685134855867874 15.500000000000002 11.461111111111114 60650.501388461598 380358.90909090912 21.500000000000004 19.500000000000004 243310.83333333334 1038558.0301724139
decision_type=2 2 2 8 10 10 10 10 2 8 8
left_child=2 7 -1 6 5 9 -4 -2 -6 -5 -3
right_child=1 10 3 4 8 -7 -8 -9 -10 -11 -12
leaf_value=0.0049910622468785993 -0.0059837432904445596 0.00071612146129125455 0.0018911523365554637 0.0027112139266018916 -0.0052175665355682754 0.0034832627671757214 0.0064678293839820159 -0.0019346031305265692 -0.00098403580874597196 -0.0010743935697305176 -0.0012686029651172031
leaf_weight=24 26 285 48 25 24 46 19 82 55 103 161
leaf_count=24 26 285 48 25 24 46 19 82 55 103 161
internal_value=3.3348e-05 -0.000613679 0.00106508 0.000669939 -8.18936e-05 0.000912114 0.00313682 -0.00290114 -0.00222455 -6.07969e-05 -2.76857e-05
internal_weight=898 554 344 320 253 174 67 108 79 128 446
internal_count=898 554 344 320 253 174 67 108 79 128 446
is_linear=0
shrinkage=0.0353657


Tree=62
num_leaves=12
num_cat=1
split_feature=78 27 1 29 87 25 21 49 27 4 40
split_gain=0.436422 0.482184 0.469816 0.575411 0.410767 0.535179 0.395158 0.316568 0.354604 0.312048 0.307653
threshold=1.7813649834093641 234613.75000000003 0 398767.08788819885 322805.97222222231 531873.19806442095 1038558.0301724139 -0.062499689667619644 344917.5991471216 43.500000000000007 486036.3663862347
decision_type=2 8 1 2 2 8 8 10 10 2 8
left_child=1 9 -3 7 5 -5 -7 -4 -9 -1 -6
right_child=-2 2 3 4 10 6 -8 8 -10 -11 -12
leaf_value=0.0018975629349623207 -0.0032224027925448597 -0.0018993348664215698 0.0046466383751133976 -0.0057172938041943717 0.00017070826495053424 0.00013142830132126338 -0.0034781366023662031 0.0005761258759494623 0.0044721240977651918 0.0063484317321127783 0.0033968889052597051
leaf_weight=17 25 103 33 13.999999999999998 456 84 33 88 14.999999999999998 14.999999999999998 14.999999999999998
leaf_count=17 25 103 33 14 456 84 33 88 15 15 15
internal_value=3.5038e-05 0.000174026 8.38222e-06 0.000324639 -0.000125115 -0.00174002 -0.00107381 0.00224366 0.00149381 0.00336889 0.000339857
internal_weight=898 873 841 738 602 131 117 136 103 32 471
internal_count=898 873 841 738 602 131 117 136 103 32 471
cat_boundaries=0 1
cat_threshold=285219840
is_linear=0
shrinkage=0.0353657


Tree=63
num_leaves=12
num_cat=0
split_feature=51 78 51 78 11 58 109 76 87 94 29
split_gain=0.483754 0.69966 0.462158 0.797975 0.67157 0.665448 0.505031 0.454966 0.401163 0.346594 0.335986
threshold=0.66490526007735729 0.74591097838893128 1.1811485755831017 1.2902888903872844 0.68301270189221941 15.500000000000002 1.5000000000000002 2.5000000000000004 206734.96428571429 -249188.08060731323 691736.45818181837
decision_type=2 2 2 2 2 8 2 10 2 2 2
left_child=7 -2 3 8 5 10 -7 -1 -3 -10 -4
right_child=1 2 4 -5 -6 6 -8 -9 9 -11 -12
leaf_value=-0.00041528641115195147 0.0026123655973031845 -0.0023157650857184549 0.008711002916828043 -0.0048376156348107725 -0.00031049121921490191 0.0027332245521042129 -0.0019674512270488327 -0.0043759289601225477 0.0015100343704300095 -0.00074792715583429318 0.0042343600136440082
leaf_weight=50 117 81 21 33 167 50 20 45 125 171 18
leaf_count=50 117 81 21 33 167 50 20 45 125 171 18
internal_value=3.23824e-05 0.000313428 -0.000105765 -0.000846248 0.000956474 0.00294739 0.00132577 -0.00208989 -0.000401312 0.000192377 0.00600334
internal_weight=898 803 686 410 276 109 70 95 377 296 39
internal_count=898 803 686 410 276 109 70 95 377 296 39
is_linear=0
shrinkage=0.0353657


Tree=64
num_leaves=12
num_cat=2
split_feature=29 1 78 48 78 29 81 27 1 36 293
split_gain=0.451287 0.630034 0.566054 0.467776 0.640906 0.36508 0.351376 0.345015 0.338221 0.514784 0.353542
threshold=468920.77506746043 0 1.2844875603957482 -95949.005021885081 0.61685134855867874 1047080.9469343292 1.2320813174648777 205845.99561403514 1 174087.66158516865 11.012898337908256
decision_type=2 1 2 8 2 2 2 8 1 10 8
left_child=3 5 -3 -1 -5 -2 -4 -6 -9 10 -10
right_child=1 2 6 4 7 -7 -8 8 9 -11 -12
leaf_value=0.0042805126681831349 0.0010680787734965223 -0.001366037512175173 -0.0081671519304667047 0.0046165761266205012 0.0029178432756177424 -0.0012523146864018679 -0.0034428332941147063 -0.0015741425534825009 0.00015733761023023555 -0.0030207971583926505 0.0031171658636186829
leaf_weight=26 244 177 19 22 27 99 14.999999999999998 102 85 14.999999999999998 67
leaf_count=26 244 177 19 22 27 99 15 102 85 15 67
internal_value=2.81994e-05 -0.000581761 -0.00198208 0.00100102 0.000652651 0.000321822 -0.00528925 0.000192501 -0.000204979 0.000688701 0.00142778
internal_weight=898 554 211 344 318 343 34 296 269 167 152
internal_count=898 554 211 344 318 343 34 296 269 167 152
cat_boundaries=0 1 2
cat_threshold=123356 554703874
is_linear=0
shrinkage=0.0353657


Tree=65
num_leaves=12
num_cat=1
split_feature=51 78 1 78 27 87 20 51 88 53 22
split_gain=0.438099 0.647075 0.640452 1.02826 0.618499 0.485032 0.383339 0.318425 0.300951 0.296254 0.260807
threshold=0.66490526007735729 0.70993126507779536 0 1.4959773029332879 477911.25719602982 433577.86818181822 2.8500000000000001 1.0725332482072607 265939.65416666673 31.500000000000004 1.6550000000000002
decision_type=2 2 1 2 8 2 10 2 2 8 8
left_child=5 -2 4 7 -3 -1 -6 9 -9 -4 -11
right_child=1 2 3 -5 6 -7 -8 8 -10 10 -12
leaf_value=-0.0057526714450639432 0.0028252112131205011 0.0045466603774417854 -0.0033734807729543879 -0.0059453175735107999 0.0013765584269652587 -0.001182969120347054 -0.00095464897189052498 9.5366332835357048e-05 0.0035341779724250375 -0.0031582989002990236 7.2468784972218585e-06
leaf_weight=13.999999999999998 88 31 54 26 215 81 114 135 13.999999999999998 18 108
leaf_count=14 88 31 54 26 215 81 114 135 14 18 108
internal_value=2.83564e-05 0.000295877 -4.69807e-05 -0.00106907 0.000949897 -0.00199124 0.00055409 -0.000586474 0.000544144 -0.00151023 -0.000690154
internal_weight=898 803 715 355 360 95 329 329 149 180 126
internal_count=898 803 715 355 360 95 329 329 149 180 126
cat_boundaries=0 1
cat_threshold=243904973
is_linear=0
shrinkage=0.0353657


Tree=66
num_leaves=12
num_cat=1
split_feature=78 209 136 70 51 1 66 27 78 35 29
split_gain=0.585049 0.788604 0.518223 0.510777 0.375287 0.333333 0.451803 0.434526 0.384685 0.419119 0.309196
threshold=1.4959773029332879 0.050357291100280359 1100000.0000000002 483114.55532212887 0.50555523414753989 0 2.0294117647058827 278244.46085858595 0.67979875442302495 340080.0228571521 386989.03273809532
decision_type=2 2 2 10 2 1 8 8 2 2 2
left_child=2 3 4 -2 -1 6 -6 -7 -9 -10 -8
right_child=1 -3 -4 -5 5 7 10 8 9 -11 -12
leaf_value=-0.0026963041136965292 -0.0090524569700761431 -4.8226393169049532e-05 0.0040234486348224184 -0.0034534346868599413 -0.0034213786947342138 0.0038003527240733342 0.0012829942215161704 0.0033084055852783834 -0.0025099039122473176 0.00058099193648861029 -0.0009626152633010112
leaf_weight=35 21 29 18 14.999999999999998 40 32 96 32 39 353 184
leaf_count=35 21 29 18 15 40 32 96 32 39 353 184
internal_value=-7.1489e-05 -0.00281858 0.000179749 -0.0059175 4.01263e-05 0.000204012 -0.000625682 0.00079647 0.000523481 0.000206301 -0.000178143
internal_weight=894 65 829 36 811 776 320 456 424 392 280
internal_count=894 65 829 36 811 776 320 456 424 392 280
cat_boundaries=0 1
cat_threshold=3011380752
is_linear=0
shrinkage=0.0353657


Tree=67
num_leaves=12
num_cat=1
split_feature=78 236 58 136 7 51 40 1 16 62 21
split_gain=0.540287 0.57586 0.812897 0.496556 0.326524 0.783889 0.39114 0.335613 0.316955 0.31373 0.25064
threshold=1.4959773029332879 1.0000000180025095e-35 24.500000000000004 1100000.0000000002 1.0000000180025095e-35 1.2779507215218169 65626.583505858463 0 2.1250000000000004 11.309523809523812 1133616.7665701418
decision_type=2 2 8 2 2 2 10 1 2 8 10
left_child=3 -2 -3 4 5 6 -1 9 -7 -6 -9
right_child=1 2 -4 -5 7 8 -8 10 -10 -11 -12
leaf_value=-0.0016165020097233503 -0.00013383769596861248 -0.0028784117363092692 -0.0096754203085154412 0.0039371345398461471 -0.0026264067997807065 0.0038961648898856627 -0.0051259871577870155 0.0013709645663248921 0.00025768485006052094 2.9868217282032823e-05 -0.00087516263993315364
leaf_weight=68 25 26 13.999999999999998 18 54 19 46 355 64 156 49
leaf_count=68 25 26 14 18 54 19 46 355 64 156 49
internal_value=-6.66876e-05 -0.00270664 -0.00519117 0.000174694 3.79239e-05 -0.00114272 -0.00294132 0.000431863 0.00107396 -0.000630438 0.00100599
internal_weight=894 65 40 829 811 197 114 614 83 210 404
internal_count=894 65 40 829 811 197 114 614 83 210 404
cat_boundaries=0 1
cat_threshold=2468906640
is_linear=0
shrinkage=0.0353657


Tree=68
num_leaves=12
num_cat=0
split_feature=79 62 187 51 12 40 23 84 29 90 16
split_gain=0.555684 0.672878 0.710407 0.536914 0.493299 0.498637 0.476934 0.451445 0.415293 0.385163 0.364296
threshold=0.85513657534026566 67.990384615384627 28.000000000000004 1.171307493356895 0.6830127018922193 130739.43224704314 721890.42271505389 0.54674497609860706 337281.10714285722 1.1081578743867186 2.5650000000000004
decision_type=2 10 2 2 2 8 10 8 2 10 2
left_child=3 2 8 4 7 -6 -5 10 -2 -8 -1
right_child=1 -3 -4 6 5 -7 9 -9 -10 -11 -12
leaf_value=-0.00092415782774610418 0.0010712463515919338 0.0013842550888265414 -0.0072026759440919222 0.0010690843825607514 -0.00088698987977917109 -0.0048928576291838843 0.0079032488017565985 0.0036195870322403463 -0.002849550591606085 0.0032808916891378364 0.0010687323010547607
leaf_weight=187 20 38 18 99 106 30 15.999999999999998 28 100 27 225
leaf_count=187 20 38 18 99 106 30 16 28 100 27 225
internal_value=-6.30748e-05 -0.00173079 -0.00292035 0.00036541 -9.6657e-05 -0.00181818 0.00216869 0.00045266 -0.00203919 0.00476116 0.000164337
internal_weight=894 176 138 718 576 136 142 440 120 43 412
internal_count=894 176 138 718 576 136 142 440 120 43 412
is_linear=0
shrinkage=0.0353657


Tree=69
num_leaves=12
num_cat=0
split_feature=79 62 204 51 7 23 21 40 90 94 22
split_gain=0.516038 0.637137 0.755404 0.500363 0.563295 0.44829 0.416205 0.409386 0.369073 0.338857 0.594465
threshold=0.85513657534026566 62.775757575757581 116.08093770000001 1.171307493356895 1.0000000180025095e-35 721890.42271505389 353205.87162698427 62271.407206850745 1.1081578743867186 -164412.44347718256 1.6550000000000002
decision_type=2 10 2 2 2 10 8 10 10 2 10
left_child=3 2 6 4 7 -5 -2 -1 -7 10 -6
right_child=1 -3 -4 5 9 8 -8 -9 -10 -11 -12
leaf_value=-0.00082934375044181564 0.00081643165337720624 0.0010658759374649065 -0.0075021037766387294 0.0010271958864927985 0.0037546509470072782 0.0076785688784245729 -0.0030244627120709121 -0.0045860726105161325 0.0031529308675238318 -0.00063229693139248491 0.00034659229077943141
leaf_weight=56 25 47 15.999999999999998 99 63 15.999999999999998 88 42 27 203 212
leaf_count=56 25 47 16 99 63 16 88 42 27 203 212
internal_value=-5.94546e-05 -0.00166662 -0.00296415 0.000353411 -9.25936e-05 0.00209423 -0.00205489 -0.00228248 0.00460722 0.000386607 0.00117522
internal_weight=894 176 129 718 576 142 113 98 43 478 275
internal_count=894 176 129 718 576 142 113 98 43 478 275
is_linear=0
shrinkage=0.0353657


Tree=70
num_leaves=12
num_cat=1
split_feature=79 62 187 51 84 79 1 21 21 12 285
split_gain=0.480111 0.605637 0.652947 0.483565 0.698111 0.417071 0.50132 0.398905 0.381616 0.294106 0.268704
threshold=0.85513657534026566 67.990384615384627 28.000000000000004 0.66490526007735729 0.37009907729303076 -0.79726877627463477 0 727561.78125000012 731416.66666666686 0.25000000000000017 6.5000000000000009
decision_type=2 10 2 2 10 2 1 8 8 2 2
left_child=3 2 8 9 5 -5 -7 10 -2 -1 -8
right_child=1 -3 -4 4 -6 6 7 -9 -10 -11 -12
leaf_value=-0.0010718584042689514 -0.00071053676909717841 0.0013493299113558972 -0.0068386580876092498 0.0021311904061674311 0.0053945666084736343 -0.0011892919864853126 0.0049105561260547326 4.7976806309965176e-05 -0.0042854692835370993 -0.0045364964530609083 0.00177152867400187
leaf_weight=82 88 38 18 131 13.999999999999998 205 27 166 32 17 76
leaf_count=82 88 38 18 131 14 205 27 166 32 17 76
internal_value=-5.69468e-05 -0.0016072 -0.00273395 0.000341238 0.000711176 0.000516349 3.27624e-05 0.000968877 -0.0018877 -0.00170013 0.00259149
internal_weight=894 176 138 718 619 605 474 269 120 99 103
internal_count=894 176 138 718 619 605 474 269 120 99 103
cat_boundaries=0 1
cat_threshold=2705214994
is_linear=0
shrinkage=0.0353657


Tree=71
num_leaves=12
num_cat=1
split_feature=78 221 58 136 27 1 34 294 59 59 16
split_gain=0.425722 0.507337 0.819955 0.45389 0.31507 0.390096 0.371755 0.311231 0.277871 0.237846 0.275772
threshold=1.4959773029332879 1.0000000180025095e-35 17.500000000000004 1100000.0000000002 234613.75000000003 0 4.8650000000000011 10.247148475274447 58.500000000000007 53.500000000000007 2.8500000000000001
decision_type=2 2 8 2 8 1 2 10 2 2 2
left_child=3 -2 -3 4 7 8 -7 -1 9 10 -6
right_child=1 2 -4 -5 5 6 -8 -9 -10 -11 -12
leaf_value=0.0010872967946244396 -8.6181437734152182e-05 -0.0023657204906628259 -0.0092578709410504976 0.0037561002250551759 -0.0032685671426987543 -8.145213879931209e-06 0.0027181632793231237 0.0054497104922861979 0.00049152171770845536 -0.0053909519776669142 0.0001771692015871237
leaf_weight=16.000000000000004 27 24 13.999999999999998 18 52 630 44 14.999999999999998 17 17 20
leaf_count=16 27 24 14 18 52 630 44 15 17 17 20
internal_value=-5.49528e-05 -0.00239847 -0.00480711 0.000159161 2.80899e-05 -0.000114873 0.000201547 0.0026293 -0.00182146 -0.00291225 -0.00219446
internal_weight=894 65 38 829 811 780 674 31 106 89 72
internal_count=894 65 38 829 811 780 674 31 106 89 72
cat_boundaries=0 1
cat_threshold=318772224
is_linear=0
shrinkage=0.0353657


Tree=72
num_leaves=12
num_cat=0
split_feature=88 77 78 51 3 65 51 77 23 36 163
split_gain=0.454484 0.460208 0.345493 0.385379 0.593783 0.377028 0.341961 0.509773 0.446347 0.333411 0.313114
threshold=218433.03935860062 0.6997620520625315 0.70230331967597159 1.2708764133932038 3.5000000000000004 2.090026954177898 0.94970024293531352 1.0133281641303264 900188.30952380958 85337.90931241549 1.0000000180025095e-35
decision_type=2 2 2 2 2 10 2 2 8 10 2
left_child=1 10 -3 4 9 -5 -2 -8 -9 -4 -1
right_child=6 2 3 5 -6 -7 7 8 -10 -11 -12
leaf_value=-0.0058722114196195748 0.00020829483152152965 0.0018181900218455747 -0.0027760156147353145 0.0035174861892958318 -0.00055217958805802304 9.4539647120403728e-05 0.0050035208101333554 0.0028771839807874813 -0.0018569855265774082 -0.0065975378539155916 -0.0016188619094109763
leaf_weight=23 132 63 56 24 289 192 47 25 25 19 18
leaf_count=23 132 63 56 24 289 192 47 25 25 19 18
internal_value=-6.35489e-05 -0.000513702 -0.000286408 -0.000551601 -0.00123804 0.000559846 0.00122996 0.00271383 0.000809332 -0.00368652 -0.00338483
internal_weight=913 684 643 580 364 216 229 97 50 75 41
internal_count=913 684 643 580 364 216 229 97 50 75 41
is_linear=0
shrinkage=0.0353657


Tree=73
num_leaves=12
num_cat=0
split_feature=51 94 51 201 51 196 54 68 64 94 119
split_gain=0.418413 0.57851 0.519634 0.475607 0.421623 0.418691 0.417397 0.412521 0.372301 0.445616 0.349788
threshold=0.64553719372857199 266445.10069444444 1.0162093838576205 2.5000000000000004 1.171307493356895 9.1145833333333339 113.50000000000001 354407.71428571438 2.6557112068965525 -298413.72841204033 5.5000000000000009
decision_type=2 2 2 2 2 2 8 2 2 2 2
left_child=8 3 5 7 10 -3 -6 -2 -1 -10 -5
right_child=1 2 -4 4 6 -7 -8 -9 9 -11 -12
leaf_value=-0.00011377375489471817 0.0061127633638911744 -0.0064595500844610116 -0.00041768688146865925 0.0004186287570996468 0.0051551634523572939 -0.001784726127098558 0.0010420803249101302 0.0016492992115124698 -0.0021800951781409989 -0.006826663598488639 -0.002297462736578769
leaf_weight=35 27 26 237 358 32 23 44 29 37 20 45
leaf_count=35 27 26 237 358 32 23 44 29 37 20 45
internal_value=-5.97021e-05 0.000190203 -0.00103576 0.000866416 0.000522006 -0.00377382 0.00260927 0.00344529 -0.00206645 -0.00377641 6.4576e-05
internal_weight=913 821 286 535 479 49 76 56 92 57 403
internal_count=913 821 286 535 479 49 76 56 92 57 403
is_linear=0
shrinkage=0.0353657


Tree=74
num_leaves=12
num_cat=0
split_feature=88 77 79 62 189 29 83 163 21 79 123
split_gain=0.413524 0.416492 0.385217 0.386317 0.319464 0.362991 0.396614 0.293437 0.253337 0.306879 0.26872
threshold=218433.03935860062 0.6997620520625315 -0.77873041625686967 67.990384615384627 0.026287453943466651 1135062.4270833337 0.69886804538484137 1.0000000180025095e-35 1038558.0301724139 0.72857646654785435 1.0000000180025095e-35
decision_type=2 2 2 10 2 2 2 2 8 2 2
left_child=1 7 -3 8 5 6 -2 -1 10 -10 -4
right_child=4 2 3 -5 -6 -7 -8 -9 9 -11 -12
leaf_value=-0.0056165708806617384 0.0060541772374278595 0.0013962177985202735 0.001672062084258908 0.0017123340456142045 -0.00064744200189976206 -0.0005322437228166446 0.0021249803071137466 -0.0014991693077363779 -0.0015107087360041013 -0.0048354577575137666 -0.00086153443703047893
leaf_weight=23 15.999999999999998 117 36 51 58 31 124 18 85 26 328
leaf_count=23 16 117 36 51 58 31 124 18 85 26 328
internal_value=-5.7417e-05 -0.000486868 -0.000270563 -0.000668467 0.00117637 0.0019666 0.00275059 -0.00321832 -0.000990806 -0.002337 -0.00055681
internal_weight=913 684 643 526 229 171 140 41 475 111 364
internal_count=913 684 643 526 229 171 140 41 475 111 364
is_linear=0
shrinkage=0.0353657


Tree=75
num_leaves=12
num_cat=0
split_feature=88 77 79 62 51 91 23 163 61 94 51
split_gain=0.38223 0.389945 0.359802 0.364121 0.305936 0.468862 0.408314 0.28054 0.268157 0.248146 0.328945
threshold=218433.03935860062 0.6997620520625315 -0.77873041625686967 67.990384615384627 0.94970024293531352 1.0133281641303264 900188.30952380958 1.0000000180025095e-35 11.910714285714286 950644.79574468092 1.3500000916018622
decision_type=2 2 2 10 2 2 8 2 8 2 2
left_child=1 7 -3 9 -2 8 -7 -1 -6 10 -4
right_child=4 2 3 -5 5 6 -8 -9 -10 -11 -12
leaf_value=-0.0054497043309383224 0.00016307617758718818 0.0013527742013970554 -0.0012518255104290695 0.0016686764894707671 0.0073887389277989823 0.0026815519127640613 -0.001847052139910122 -0.0014237477672766443 0.0035830534770108376 -0.0028606073340649327 0.00079170931931224714
leaf_weight=23 132 117 309 51 15.999999999999998 25 25 18 31 52 114
leaf_count=23 132 117 309 51 16 25 25 18 31 52 114
internal_value=-5.44851e-05 -0.000467416 -0.000258008 -0.000642613 0.00113165 0.00253326 0.000704008 -0.00311038 0.00472673 -0.000955572 -0.000679881
internal_weight=913 684 643 526 229 97 50 41 47 475 423
internal_count=913 684 643 526 229 97 50 41 47 475 423
is_linear=0
shrinkage=0.0353657


Tree=76
num_leaves=12
num_cat=0
split_feature=51 94 139 31 64 94 81 47 7 84 51
split_gain=0.365148 0.507145 0.498953 0.447509 0.340971 0.411173 0.302137 0.298818 0.366731 0.450982 0.312911
threshold=0.64553719372857199 266445.10069444444 825.00000000000011 0.89500000000000013 2.6557112068965525 -298413.72841204033 0.91451051442254838 -70373.303293354009 1.5000000000000002 0.21585093606256586 1.0913698359425157
decision_type=2 2 2 2 2 2 2 10 2 10 2
left_child=4 3 -3 -2 -1 -6 -4 8 -5 -10 -9
right_child=1 2 6 7 5 -7 -8 10 9 -11 -12
leaf_value=-5.3421723067261938e-05 0.0045647308234013743 -0.0047283863626816566 -0.0035838732586322363 0.00048972605647487448 -0.0020217854531046605 -0.0064862425347939146 -0.00029305086168688498 -0.00031702649770584885 0.0024027485942879163 0.0070845283567022516 0.0018084584809929043
leaf_weight=35 13.999999999999998 17 14.999999999999998 55 37 20 254 317 40 18 91
leaf_count=35 14 17 15 55 37 20 254 317 40 18 91
internal_value=-5.1339e-05 0.000182031 -0.00096571 0.000815228 -0.00192609 -0.00355783 -0.00061879 0.000642061 0.00209519 0.00387067 0.000200571
internal_weight=913 821 286 535 92 57 269 521 113 58 408
internal_count=913 821 286 535 92 57 269 521 113 58 408
is_linear=0
shrinkage=0.0353657


Tree=77
num_leaves=12
num_cat=0
split_feature=7 51 51 61 22 62 29 22 80 78 29
split_gain=0.343485 0.531843 0.385129 0.376629 0.386335 0.32766 0.349884 0.41238 0.321509 0.321855 0.416311
threshold=1.5000000000000002 0.70312612855486145 0.99999999996752897 8.7460317460317487 2.5900000000000003 67.990384615384627 299193.87156862748 2.5650000000000004 209406218.7166667 1.0593698887352445 773677.08333333337
decision_type=2 2 2 10 10 10 2 10 2 2 2
left_child=1 -1 -2 -4 -5 6 7 -3 9 -8 -11
right_child=2 5 3 4 -6 -7 8 -9 -10 10 -12
leaf_value=-0.0040142079801099139 4.6110884946217953e-05 0.0034584446054786245 0.004351929300307051 -0.00081598027564958292 0.0036026122805491185 0.001867531514046459 -0.00042680220601522311 -0.0005033276462296074 0.0018380256814529636 -0.0015050420208365307 -0.0048988091856388563
leaf_weight=28 214 41 52 42 14.999999999999998 53 235 40 22 132 39
leaf_count=28 214 41 52 42 15 53 235 40 22 132 39
internal_value=-4.99278e-05 -0.000548534 0.000841926 0.00241528 0.000881511 -0.000313397 -0.000583725 0.00126765 -0.000986774 -0.00123391 -0.00233266
internal_weight=913 590 323 109 57 562 509 81 428 406 171
internal_count=913 590 323 109 57 562 509 81 428 406 171
is_linear=0
shrinkage=0.0353657


Tree=78
num_leaves=12
num_cat=0
split_feature=29 82 48 226 5 19 87 27 58 81 43
split_gain=0.395813 0.496659 0.517195 0.487365 0.476149 0.609158 0.38509 0.315954 0.544287 0.338612 0.3036
threshold=463330.77777777787 -89071.880989712445 -185924.96891121028 -8.3549804499999976 2.5900000000000003 864024.84722222236 372178.17886904773 205845.99561403514 24.500000000000004 1.0592329890708954 1074864.7943380396
decision_type=2 2 8 2 2 8 2 8 10 2 2
left_child=1 -1 -3 6 10 -6 -2 -4 -9 -10 -5
right_child=3 2 7 4 5 -7 -8 8 9 -11 -12
leaf_value=0.0046366928389321611 -0.0056192826667231981 0.0044507456158790525 0.0029535667292910723 0.0016092187466237703 -0.0027680162141580835 0.00051579787687757318 -0.0017223371917500444 0.00068435867424820299 -0.0016903856216774944 -0.0057716023107322505 -0.0016012461290863509
leaf_weight=19 17 17 25 198 115 117 99 218 45 13.999999999999998 19
leaf_count=19 17 17 25 198 115 117 99 218 45 14 19
internal_value=4.30076e-05 0.000968093 0.00065139 -0.000516253 -1.38736e-05 -0.0010581 -0.00238061 0.000279698 -7.75172e-05 -0.00261531 0.00112863
internal_weight=903 338 319 565 449 232 116 302 277 59 217
internal_count=903 338 319 565 449 232 116 302 277 59 217
is_linear=0
shrinkage=0.0353657


Tree=79
num_leaves=12
num_cat=0
split_feature=29 226 5 19 94 5 196 226 56 29 51
split_gain=0.385015 0.659876 0.378611 0.644109 0.369934 0.355272 0.352371 0.329807 0.323373 0.288552 0.286757
threshold=585911.00855745154 -8.3549804499999976 2.5900000000000003 864024.84722222236 -164412.44347718256 1.2900000000000003 9.278273809523812 -8.3549804499999976 12.500000000000002 1047080.9469343292 0.99999999995889721
decision_type=2 2 2 8 2 2 2 2 2 2 2
left_child=5 4 9 6 -2 7 8 -1 -4 -3 -7
right_child=1 2 3 -5 -6 10 -8 -9 -10 -11 -12
leaf_value=-0.003593849756981393 -0.0023036813151714884 0.0017149279471352222 -0.0071700179729811365 0.00048241569925473699 -0.006485085773802397 -0.00011295478683340505 -0.00084474611795349263 0.00062951734902660765 -0.0033335533596293375 -0.00099742697588512058 0.0017585897260276777
leaf_weight=32 37 144 19 110 22 130 28 14.999999999999998 51 44 271
leaf_count=32 37 144 19 110 22 130 28 15 51 44 271
internal_value=4.32384e-05 -0.000661002 -0.000165548 -0.00113633 -0.00359999 0.000760864 -0.00305122 -0.00156356 -0.00443614 0.000926622 0.00111936
internal_weight=903 455 396 208 59 448 98 47 70 188 401
internal_count=903 455 396 208 59 448 98 47 70 188 401
is_linear=0
shrinkage=0.0353657


Tree=80
num_leaves=12
num_cat=1
split_feature=29 226 1 19 36 136 46 27 29 54 83
split_gain=0.358311 0.618327 0.423161 0.359645 0.330432 0.506963 0.307597 0.282623 0.32994 0.269445 0.254448
threshold=585911.00855745154 -8.3549804499999976 0 348758.16666666669 264543.67551045452 775000.00000000012 451758.75278233906 725892.85714285728 1047080.9469343292 19.500000000000004 0.96217184916173049
decision_type=2 2 1 10 8 2 2 8 2 8 2
left_child=2 3 9 -2 5 -4 10 -8 -9 -1 -3
right_child=1 6 4 -5 -6 -7 7 8 -10 -11 -12
leaf_value=-0.002447362563303382 -0.0066520448141551766 -0.0010443937528409398 0.0017615128429289968 -0.0024731596701281968 -0.00099850109622816904 0.0060440450119277414 -0.0016055373838025687 0.0015802248346323382 -0.00071426566459299777 0.00015880698586266854 -0.0045777839436770629
leaf_weight=40 15.999999999999998 35 196 43 22 15.999999999999998 59 181 101 174 20
leaf_count=40 16 35 196 43 22 16 59 181 101 174 20
internal_value=4.10977e-05 -0.000638233 0.000733434 -0.00348315 0.0017007 0.00225149 -0.000158469 0.000240475 0.000709171 -0.000335733 -0.00218029
internal_weight=903 455 448 59 234 212 396 341 282 214 55
internal_count=903 455 448 59 234 212 396 341 282 214 55
cat_boundaries=0 1
cat_threshold=2717124096
is_linear=0
shrinkage=0.0353657


Tree=81
num_leaves=12
num_cat=1
split_feature=29 48 1 29 78 78 51 167 58 53 84
split_gain=0.33992 0.500058 0.488905 0.566637 0.459566 0.415872 0.410188 0.375759 0.280073 0.265179 0.265137
threshold=463330.77777777787 -95949.005021885081 0 665431.28228021984 0.69935390447786894 1.2844875603957482 0.99999999995889721 1.0000000180025095e-35 18.500000000000004 115.50000000000001 0.1841667715833801
decision_type=2 8 1 2 2 2 2 2 10 8 10
left_child=1 -1 3 -2 -3 -4 -6 -8 -9 -5 -10
right_child=2 4 5 9 6 -7 7 8 10 -11 -12
leaf_value=0.0043153584239148989 0.0038715602811924071 0.0030725584333794243 -0.0010196822240574857 -0.00070657773732303618 -0.0023818999632719486 -0.0041322069328580116 0.0023152724883172622 0.00030567031873837772 -0.001205917302234836 0.0014485404915313847 -0.005317416135238966
leaf_weight=25 30 49 215 195 52 44 78 103 17.000000000000004 81 13.999999999999998
leaf_count=25 30 49 215 195 52 44 78 103 17 81 14
internal_value=3.60847e-05 0.000893468 -0.00048209 0.000431117 0.000529057 -0.00154029 -4.78475e-05 0.000584623 -0.00042204 -1.49185e-05 -0.00267303
internal_weight=903 338 565 306 313 259 264 212 134 276 31
internal_count=903 338 565 306 313 259 264 212 134 276 31
cat_boundaries=0 1
cat_threshold=106988
is_linear=0
shrinkage=0.0353657


Tree=82
num_leaves=12
num_cat=1
split_feature=27 1 12 51 50 89 79 84 51 76 51
split_gain=0.297785 0.340895 0.375896 0.385529 0.357009 0.321278 0.241097 0.212166 0.36657 0.317432 0.256286
threshold=205845.99561403514 0 -0.5 1.5279350322281648 939571.17294504715 -5.4999999999999991 -0.77873041625686967 0.21585093606256586 1.7282004116101233 3.5000000000000004 1.4050983832883375
decision_type=8 1 2 2 2 8 2 8 2 10 2
left_child=-1 4 3 -3 5 -2 -7 10 9 -9 -4
right_child=1 2 7 -5 -6 6 -8 8 -10 -11 -12
leaf_value=0.0027309256542055399 0.0021514079511534903 0.0011551974015511469 -0.00021425577921641915 0.0049588161919396703 -0.0044599889406356707 0.00018883508143157659 -0.0020167903220558903 -0.001297685147185795 0.00065514654082531694 -0.0047314626111610207 0.0020164746572961341
leaf_weight=25 15.999999999999998 194 227 13.999999999999998 13.999999999999998 72 143 56 47 34 61
leaf_count=25 16 194 227 14 14 72 143 56 47 34 61
internal_value=3.81855e-05 -7.3534e-05 0.000351145 0.00152909 -0.00111705 -0.000850629 -0.00121644 -0.000219329 -0.00128949 -0.00255916 0.000285252
internal_weight=903 878 633 208 245 231 215 425 137 90 288
internal_count=903 878 633 208 245 231 215 425 137 90 288
cat_boundaries=0 2
cat_threshold=824579088 1
is_linear=0
shrinkage=0.0353657


Tree=83
num_leaves=12
num_cat=1
split_feature=1 27 78 95 76 179 76 67 62 89 17
split_gain=0.295433 0.41808 0.397073 0.278362 0.432203 0.292989 0.360433 0.276224 0.276037 0.405932 0.271183
threshold=0 278244.46085858595 1.2977781046007908 -109216.51967930039 12.500000000000002 0.027689672418345152 29.500000000000004 2.7750900727759076 5.169540229885059 -2.4999999999999996 1079100.7241568628
decision_type=1 8 2 2 8 2 8 2 8 8 8
left_child=1 -1 8 4 -3 6 -5 -8 -2 -10 -4
right_child=2 3 10 5 -6 -7 7 -9 9 -11 -12
leaf_value=0.0035944386503464843 -0.0018392971492867274 0.00078817632705548634 -0.0019044365928175266 -0.00057974465447945781 0.0045933303216567217 0.00092267331186477483 -0.0024286909549515634 -0.0067513981129138098 0.0033664548597350536 -6.197150799500322e-05 -0.005420308381116205
leaf_weight=32 72 153 56 120 22 102 14.000000000000002 13.999999999999998 25 277 15.999999999999998
leaf_count=32 72 153 56 120 22 102 14 14 25 277 16
internal_value=4.09034e-05 0.00065021 -0.00058181 0.000381044 0.00138705 -0.000345446 -0.00131373 -0.00398587 -0.000155825 0.000308978 -0.00267993
internal_weight=903 457 446 425 175 250 148 28 374 302 72
internal_count=903 457 446 425 175 250 148 28 374 302 72
cat_boundaries=0 1
cat_threshold=3435772357
is_linear=0
shrinkage=0.0353657


Tree=84
num_leaves=12
num_cat=0
split_feature=29 94 27 29 20 140 51 11 78 78 41
split_gain=0.273949 0.412625 0.342339 0.303099 0.484316 0.431246 0.397436 0.460995 0.374224 0.31825 0.283434
threshold=1047080.9469343292 -346672.23817734013 837872.07864906837 337281.10714285722 2.2050000000000005 3.5000000000000004 1.171307493356895 0.68301270189221941 1.2844875603957482 0.70635688092864479 259841.16666666669
decision_type=2 2 10 2 8 2 2 2 2 2 2
left_child=1 -1 -2 4 5 -3 8 -8 -5 -6 -11
right_child=2 3 -4 6 9 -7 7 -9 -10 10 -12
leaf_value=0.001822455432156534 -0.0036277809604219791 0.0017237175508980763 -0.00034430617391739319 -0.001027533959497368 0.0018435576753130097 0.0060733521514770815 0.0027346203078214629 -0.00049396732686199417 -0.0043415601442713704 -0.0038048612497695047 -0.00033070530790103999
leaf_weight=141 41 48 76 266 27 22 63 122 25 27 40
leaf_count=141 41 48 76 266 27 22 63 122 25 27 40
internal_value=-1.27248e-05 0.000222208 -0.00146272 -0.000147705 0.00106457 0.00305476 -0.000597467 0.00059028 -0.00139269 -0.00032385 -0.00163171
internal_weight=898 781 117 640 164 70 476 185 291 94 67
internal_count=898 781 117 640 164 70 476 185 291 94 67
is_linear=0
shrinkage=0.0353657


Tree=85
num_leaves=12
num_cat=1
split_feature=1 27 71 80 63 43 18 18 79 21 25
split_gain=0.328208 0.321 0.265507 0.299331 0.385882 0.293548 0.256688 0.226894 0.223128 0.285924 0.25306
threshold=0 278244.46085858595 61024.666666666672 32965530.375000004 27.97980859010271 197036.86539258526 1.5850000000000002 1.9100000000000004 -0.6531673496528122 245454.75000000003 704411.85007974494
decision_type=1 8 2 2 2 2 8 10 2 10 10
left_child=8 7 5 4 6 -3 -4 -2 9 -1 -10
right_child=1 2 3 -5 -6 -7 -8 -9 10 -11 -12
leaf_value=0.0024887138787860674 0.0054608068179130206 -0.00035398436426895355 0.00093035074532694549 -2.4484845533805062e-05 -0.00035919367856668559 -0.0045016815361747856 0.0040286335310235517 0.0016650620728582218 -0.0020933063126456343 -0.00059290663417011316 0.00050482749437674441
leaf_weight=30 17 17 28 349 43 18 74 15.999999999999998 181 90 35
leaf_count=30 17 17 28 349 43 18 74 16 181 90 35
internal_value=-1.12433e-05 0.000496771 0.000300071 0.000510263 0.00176247 -0.00197099 0.00293641 0.00306594 -0.000841872 0.000210789 -0.00154077
internal_weight=898 562 529 494 145 35 102 33 336 120 216
internal_count=898 562 529 494 145 35 102 33 336 120 216
cat_boundaries=0 2
cat_threshold=834536994 1
is_linear=0
shrinkage=0.0353657


Tree=86
num_leaves=12
num_cat=0
split_feature=51 11 79 51 82 11 58 219 21 51 76
split_gain=0.263166 0.373594 0.428692 0.408123 0.327719 0.319123 0.44379 0.28822 0.229549 0.218849 0.218571
threshold=0.50555523414753989 -0.6830127018922193 -0.061607449578457839 1.171307493356895 76570.657637863784 0.68301270189221941 14.500000000000002 27.500000000000004 693344.47635467991 1.6622604545840358 2.5000000000000004
decision_type=2 2 2 2 2 2 8 2 10 2 10
left_child=10 2 7 4 -3 6 8 -2 -5 -7 -1
right_child=1 3 -4 5 -6 9 -8 -9 -10 -11 -12
leaf_value=-0.0008080104342825348 0.0014906737533154776 -0.00068880317850584865 -0.0012179186441406082 0.0070684769984969368 -0.0034045367616466959 -0.0013165765158495366 0.00078403589317525369 0.0043897771107513552 0.0033041600883270553 0.00096307864163463726 -0.004313090550606447
leaf_weight=21 145 334 39 18 41 84 67 33 18 77 21
leaf_count=21 145 334 39 18 41 84 67 33 18 77 21
internal_value=-1.09553e-05 0.000123281 0.00132677 -0.000296097 -0.0010318 0.000711786 0.00213349 0.00209857 0.00468603 -0.000155198 -0.00217647
internal_weight=898 856 217 639 375 264 103 178 36 161 42
internal_count=898 856 217 639 375 264 103 178 36 161 42
is_linear=0
shrinkage=0.0353657


Tree=87
num_leaves=12
num_cat=1
split_feature=1 29 41 52 29 48 136 29 58 22 177
split_gain=0.300107 0.337294 0.292567 0.702813 0.295886 0.279695 0.269127 0.259529 0.326074 0.316765 0.235022
threshold=0 674017.92207792215 262636.33333333337 58.500000000000007 196058.04206138689 173982.57564538324 275000.00000000006 582716.42453703715 18.500000000000004 1.5850000000000002 0.034172580387336109
decision_type=1 2 2 2 2 8 2 2 10 10 2
left_child=7 2 4 5 -2 6 -4 8 -1 -9 -3
right_child=1 10 3 -5 -6 -7 -8 9 -10 -11 -12
leaf_value=0.00061602068382163202 0.0010318242805756935 -0.00098166264223616302 0.0051225048241000147 0.0006413093359729315 -0.0028723840606843143 0.0032803524431742974 0.0093645967265631978 -0.0046625500853983981 -0.0018571874123058918 -0.0012278528772836953 0.00084657831116296818
leaf_weight=161 24 196 15.000000000000002 128 23 40 14.999999999999998 28 79 68 121
leaf_count=161 24 196 15 128 23 40 15 28 79 68 121
internal_value=-1.24961e-05 0.00047326 0.00143135 0.00204913 -0.000536144 0.0045259 0.00676045 -0.000806785 -0.000258658 -0.00223967 -0.000238691
internal_weight=898 562 245 198 47 70 30 336 240 96 317
internal_count=898 562 245 198 47 70 30 336 240 96 317
cat_boundaries=0 2
cat_threshold=834536994 1
is_linear=0
shrinkage=0.0353657


Tree=88
num_leaves=12
num_cat=1
split_feature=1 29 263 22 5 54 37 67 17 102 78
split_gain=0.279891 0.31223 0.290777 0.44977 0.28079 0.329056 0.365205 0.258083 0.252061 0.237664 0.224378
threshold=0 674017.92207792215 0.031477766462032708 1.7750000000000001 1.5600000000000003 40.500000000000007 396088.28035714291 1.0527934125495102 549361.56388888892 14.500000000000002 0.75003605818557417
decision_type=1 2 2 10 2 8 2 2 8 2 2
left_child=10 4 3 -3 8 7 -7 -6 -2 -8 -1
right_child=1 2 -4 -5 5 6 9 -9 -10 -11 -12
leaf_value=0.000599861156513979 -0.0029965817431193667 -0.0034058257071303247 0.00093149028240190697 -0.00012917389224121467 0.0027760076407873624 -0.00096137734220079756 0.0039512315654869814 0.0067184439141912853 0.00089923228584535587 0.0012647796515188893 -0.0013194804248954685
leaf_weight=79 21 53 128 136 19 43 41 18 13.999999999999998 89 257
leaf_count=79 21 53 128 136 19 43 41 18 14 89 257
internal_value=-1.39829e-05 0.00045512 -0.000229714 -0.0010875 0.00137699 0.00189873 0.00129748 0.00426126 -0.000803873 0.00213257 -0.000781052
internal_weight=898 562 317 189 245 210 173 37 35 130 336
internal_count=898 562 317 189 245 210 173 37 35 130 336
cat_boundaries=0 2
cat_threshold=834536994 1
is_linear=0
shrinkage=0.0353657


Tree=89
num_leaves=12
num_cat=1
split_feature=1 29 263 7 5 54 37 136 21 57 79
split_gain=0.261632 0.297676 0.287143 0.285873 0.256532 0.25682 0.342556 0.246506 0.23603 0.212528 0.207946
threshold=0 674017.92207792215 0.024974436455960303 1.5000000000000002 1.5600000000000003 59.500000000000007 396088.28035714291 275000.00000000006 1325899.4930303034 57.500000000000007 -0.76056003639754666
decision_type=1 2 2 2 2 8 2 2 8 8 2
left_child=10 4 3 9 -2 7 -7 -6 -5 -3 -1
right_child=1 2 -4 8 5 6 -8 -9 -10 -11 -12
leaf_value=0.00040585769208508832 -0.00075000825850395731 -0.0020024003085604308 0.00050998322776998125 0.0014837210251066287 0.0023290086948219678 -0.0010377132936510174 0.0019518442423447212 0.0059578892124381149 -0.0020429668976299537 -0.0050783536480490596 -0.0014137937495183447
leaf_weight=90 39 55 195 39 27 42 138 20 13.999999999999998 19 220
leaf_count=90 39 55 195 39 27 42 138 20 14 19 220
internal_value=-1.34316e-05 0.000413487 -0.000264928 -0.00148703 0.00126698 0.00174939 0.00118585 0.00365469 2.94654e-05 -0.00282459 -0.000799625
internal_weight=898 588 322 127 266 227 180 47 53 74 310
internal_count=898 588 322 127 266 227 180 47 53 74 310
cat_boundaries=0 2
cat_threshold=834012706 1
is_linear=0
shrinkage=0.0353657


Tree=90
num_leaves=12
num_cat=1
split_feature=1 50 95 58 51 22 55 57 204 42 60
split_gain=0.303803 0.404124 0.373488 0.317451 0.309352 0.278756 0.302615 0.247158 0.244375 0.233448 0.210492
threshold=0 882217.99407716829 -4.6413414618470166e-11 32.500000000000007 0.66490526007735729 2.8500000000000001 26.500000000000004 34.500000000000007 116.0766636 561344.92518939415 17.796475995914204
decision_type=1 2 2 8 2 8 2 8 2 2 2
left_child=1 5 3 8 -4 6 -1 -5 -2 -10 -9
right_child=2 -3 4 7 -6 -7 -8 10 9 -11 -12
leaf_value=-0.0040920378909608292 0.0014068976852701504 -0.0049437693746068869 -0.0034768455764767271 -0.0006070980511687199 -0.00025938148949796027 0.00093295283195820547 -0.0005212114791895106 0.0025009352167054003 0.0064194795369629859 0.0028935386039966359 8.4827545725070571e-06
leaf_weight=32 72 13.999999999999998 15.999999999999998 132 386 41 39 76 19 29 47
leaf_count=32 72 14 16 132 386 41 39 76 19 29 47
internal_value=-2.68958e-07 -0.00141152 0.000261864 0.00104769 -0.000455522 -0.000917302 -0.0020433 0.000391651 0.00243693 0.00414103 0.00140581
internal_weight=903 126 777 375 402 112 71 255 120 48 123
internal_count=903 126 777 375 402 112 71 255 120 48 123
cat_boundaries=0 2
cat_threshold=17040400 1
is_linear=0
shrinkage=0.0353657


Tree=91
num_leaves=12
num_cat=1
split_feature=78 51 11 89 84 64 16 1 58 78 123
split_gain=0.334242 0.263085 0.370029 0.270424 0.395752 0.222339 0.22189 0.350997 0.458816 0.364227 0.251854
threshold=1.7813649834093641 0.81979612472879504 -0.24999999999999994 -5.4999999999999991 0.19497440821386156 2.2875939849624065 2.5350000000000006 0 17.500000000000004 1.2977781046007908 1.0000000180025095e-35
decision_type=2 2 2 8 10 2 2 1 8 2 2
left_child=1 2 -1 4 -3 -4 10 -8 -9 -10 -5
right_child=-2 3 5 6 -6 -7 7 8 9 -11 -12
leaf_value=-0.00024074075074331409 -0.002918616559248694 0.00094469269225045706 -0.0015106126075695658 0.0014818552201383566 0.0059439131342479976 -0.0051049867509052492 -0.00050863316921568344 0.0050920891377754483 0.001817543766765744 -0.0015518326879027516 -0.00079061757612218151
leaf_weight=163 23 14.000000000000002 14.999999999999998 52 14.999999999999998 29 111 22 166 25 268
leaf_count=163 23 14 15 52 15 29 111 22 166 25 268
internal_value=-3.38361e-06 0.000110877 -0.000927417 0.000447105 0.00290205 -0.00326935 0.000296743 0.000923754 0.00170014 0.00125355 -0.000339715
internal_weight=903 880 207 673 29 44 644 324 213 191 320
internal_count=903 880 207 673 29 44 644 324 213 191 320
cat_boundaries=0 1
cat_threshold=2496720
is_linear=0
shrinkage=0.0353657


Tree=92
num_leaves=12
num_cat=1
split_feature=95 280 251 43 1 43 23 136 91 21 156
split_gain=0.243686 0.266221 0.267327 0.222028 0.211612 0.341474 0.353826 0.286382 0.276207 0.211622 0.180803
threshold=-4.6413414618470166e-11 0.030668064915636405 62236188.141721241 585206.0879774926 0 873982.08562205208 721890.42271505389 495000.00000000006 1.0299729397057409 672611.86720779224 4.5000000000000009
decision_type=2 2 2 2 1 2 10 2 2 8 2
left_child=10 2 4 -4 9 6 8 -8 -6 -2 -1
right_child=1 -3 3 -5 5 -7 7 -9 -10 -11 -12
leaf_value=0.002867369856836732 0.003208319056208215 -0.0027674802593721458 -0.00090762135991032122 -0.0043386288655145608 0.00020025162435547558 -0.0036425510211978446 0.000872875959835383 0.0048825494130287639 -0.0020767864440188119 0.00048291465342169428 0.00043779440210526144
leaf_weight=17 29 38 20 25 128 15.999999999999998 25 15.999999999999998 92 78 419
leaf_count=17 29 38 20 25 128 16 25 16 92 78 419
internal_value=-3.73479e-06 -0.000552087 -0.000311741 -0.00237158 -9.06267e-06 -0.000493499 -0.000202693 0.0021743 -0.000738655 0.0011431 0.000579779
internal_weight=903 467 429 45 384 277 261 41 220 107 436
internal_count=903 467 429 45 384 277 261 41 220 107 436
cat_boundaries=0 1
cat_threshold=61888
is_linear=0
shrinkage=0.0353657


Tree=93
num_leaves=12
num_cat=0
split_feature=78 51 87 78 66 84 13 212 22 37 51
split_gain=0.309893 0.249361 0.33514 0.306756 0.310094 0.275266 0.218724 0.188822 0.214763 0.201837 0.173794
threshold=1.7813649834093641 0.70312612855486145 379016.78710277221 0.70230331967597159 2.7559523809523814 0.28518599657123417 460732.5158082011 0.021503295260527803 2.5350000000000006 253593.82396605704 0.99999999994695765
decision_type=2 2 2 2 10 10 10 2 10 2 2
left_child=1 2 -1 10 6 -6 7 8 -5 -9 -3
right_child=-2 3 -4 4 5 -7 -8 9 -10 -11 -12
leaf_value=-0.004187546942305464 -0.0028110896673952386 0.0012248329412290462 -0.00060474834695740324 -0.00045216733522374005 0.00084299615640008249 0.0038603386122353666 -0.0026705072965294034 -0.0030105065277377966 0.0014799904023652985 -0.00051921203217537067 0.0039479602860942103
leaf_weight=18 23 39 105 115 165 22 23 24 122 215 32
leaf_count=18 23 39 105 115 165 22 23 24 122 215 32
internal_value=-4.02215e-06 0.000105947 -0.00123732 0.00034571 0.000120452 0.0012715 -0.000331403 -0.00017081 0.000503115 -0.000836357 0.00225292
internal_weight=903 880 123 757 686 187 499 476 237 239 71
internal_count=903 880 123 757 686 187 499 476 237 239 71
is_linear=0
shrinkage=0.0353657


Tree=94
num_leaves=12
num_cat=1
split_feature=78 51 94 78 1 64 54 83 136 16 83
split_gain=0.295369 0.236857 0.39412 0.27526 0.256459 0.244423 0.236947 0.26355 0.185672 0.183546 0.181083
threshold=1.7813649834093641 0.81979612472879504 -212732.68393343079 0.61685134855867874 0 2.2875939849624065 25.500000000000004 0.90046503316582804 275000.00000000006 2.5350000000000006 1.1871730238658111
decision_type=2 2 2 2 1 2 8 2 2 2 2
left_child=1 2 -1 -3 9 -4 8 -8 -6 -5 -11
right_child=-2 3 5 4 6 -7 7 -9 -10 10 -12
leaf_value=-4.6852099820739143e-05 -0.0027475647918229311 0.0030285515906731289 -0.0011703212164785326 -0.0015938117791242858 0.001311740325946393 -0.004666705132970809 0.0023926759257303378 0.00012117477523649611 0.0044851499398907164 0.0010111060588172938 -0.0018172081736616127
leaf_weight=149 23 24 20 117 21 38 53 337 26 81 13.999999999999998
leaf_count=149 23 24 20 117 21 38 53 337 26 81 14
internal_value=-7.07114e-06 0.000100257 -0.000884865 0.00041934 0.000279862 -0.00299713 0.000746678 0.000489959 0.00269043 -0.000659271 0.000280304
internal_weight=903 880 207 673 649 58 437 390 47 212 95
internal_count=903 880 207 673 649 58 437 390 47 212 95
cat_boundaries=0 1
cat_threshold=2702575154
is_linear=0
shrinkage=0.0353657


Tree=95
num_leaves=12
num_cat=0
split_feature=78 87 29 201 116 51 164 78 76 29 71
split_gain=0.282 0.224766 0.300975 0.42608 0.353475 0.270124 0.218919 0.210346 0.208841 0.188815 0.166541
threshold=1.7813649834093641 498461.32995129871 653067.04545454553 2.5000000000000004 0.063661918999677658 0.70312612855486145 8.0348970251716256 0.86277570955562843 2.5000000000000004 196058.04206138689 49009.476683501685
decision_type=2 2 2 2 2 2 2 2 10 2 2
left_child=1 5 3 -3 -5 8 -4 -8 -1 -7 -11
right_child=-2 2 6 4 -6 9 7 -9 -10 10 -12
leaf_value=-0.0016330926676393588 -0.0026842059799697987 0.0048138517819979231 -0.0020778937070718793 0.00010320740847287745 0.0031802902247827481 0.0015588819623770182 0.0014336403372801002 -0.0004181618291193975 -0.0053960505547916895 -0.0022081350595905343 -0.00024327849384711927
leaf_weight=14.000000000000002 23 23 35 118 45 38 99 175 13.999999999999998 41 278
leaf_count=14 23 23 35 118 45 38 99 175 14 41 278
internal_value=-6.42727e-06 9.84135e-05 0.000587486 0.00165459 0.00108538 -0.000519661 -4.85301e-05 0.000255493 -0.00296391 -0.000269753 -0.000542223
internal_weight=903 880 495 186 163 385 309 274 28 357 319
internal_count=903 880 495 186 163 385 309 274 28 357 319
is_linear=0
shrinkage=0.0353657


Tree=96
num_leaves=12
num_cat=0
split_feature=78 48 22 59 184 78 84 15 29 77 54
split_gain=0.221838 0.250906 0.250828 0.249889 0.223656 0.23395 0.278958 0.209131 0.190093 0.189389 0.172749
threshold=0.60778355078059321 -185924.96891121028 1.6550000000000002 5.166666666666667 1.0000000180025095e-35 0.94377835079379968 0.48227465791926322 698624.79863256123 337281.10714285722 0.67743896978212137 28.500000000000004
decision_type=2 8 10 2 2 2 8 2 2 2 10
left_child=2 7 -1 10 5 9 8 -2 -7 -5 -3
right_child=1 3 -4 4 -6 6 -8 -9 -10 -11 -12
leaf_value=0.0042904158116278445 0.0043071557815454759 0.000702581034731262 0.00066168646353196897 -0.0016499006949566959 -0.0030372122104935615 0.00077406592511066602 -0.003797367831778412 0.00090961607684728854 -0.001057504607477033 0.00057283652967182166 0.0036674111421332073
leaf_weight=20 17 29 25 30 13.999999999999998 65 14.999999999999998 26 297 346 22
leaf_count=20 17 29 25 30 14 65 15 26 297 346 22
internal_value=5.38626e-05 -7.23487e-05 0.00199578 -0.000215218 -0.000378434 -0.000287762 -0.000890198 0.00201865 -0.000694102 0.000315946 0.00174388
internal_weight=906 861 45 818 767 753 377 43 362 376 51
internal_count=906 861 45 818 767 753 377 43 362 376 51
is_linear=0
shrinkage=0.0353657


Tree=97
num_leaves=12
num_cat=0
split_feature=29 263 19 11 78 48 67 17 88 25 12
split_gain=0.223649 0.435607 0.311896 0.362526 0.307471 0.289874 0.177161 0.183449 0.26447 0.20844 0.159661
threshold=582716.42453703715 0.024974436455960303 458589.93141025642 -0.6830127018922193 0.61685134855867874 -185924.96891121028 3.0106537979087 951580.45000000007 401670.76305704104 227668.59608360394 1.0000000180025095e-35
decision_type=2 2 10 2 2 8 2 8 2 8 2
left_child=4 2 3 -2 -1 -6 7 8 9 -7 -8
right_child=1 -3 -4 -5 5 6 10 -9 -10 -11 -12
leaf_value=0.0032489150074415437 -0.0018873961230637048 0.0004920883422088845 -0.0009540173096882189 -0.0062473567675089417 0.0033198916069448899 0.0015871569730713708 0.0035717857993996975 -0.0023717547944910266 0.0024058212778982281 -0.00061699930140725258 0.00075706050826947343
leaf_weight=27 25 241 172 23 14.999999999999998 41 21 18 30 260 33
leaf_count=27 25 241 172 23 15 41 21 18 30 260 33
internal_value=5.05159e-05 -0.000479852 -0.00157322 -0.00366769 0.000602131 0.000372866 0.00016867 -0.00012021 6.5089e-05 -0.000240323 0.00172141
internal_weight=906 461 220 48 445 418 403 349 331 301 54
internal_count=906 461 220 48 445 418 403 349 331 301 54
is_linear=0
shrinkage=0.0353657


Tree=98
num_leaves=12
num_cat=0
split_feature=29 42 94 48 78 94 21 55 5 177 31
split_gain=0.211057 0.411991 0.436476 0.28231 0.292094 0.203873 0.192784 0.229707 0.195963 0.178432 0.233932
threshold=582716.42453703715 469554.25000000006 -212732.68393343079 -185924.96891121028 0.61685134855867874 -360980.59312443819 1060027.4341666668 21.833333333333339 2.0350000000000006 0.039441797734259557 1.5850000000000002
decision_type=2 2 2 8 2 2 8 2 2 2 2
left_child=3 2 -2 -1 -5 -6 7 -3 -8 10 -9
right_child=1 6 -4 4 5 -7 8 9 -10 -11 -12
leaf_value=0.003442094080234318 -0.0011915523864413195 0.0033000815385728841 -0.0053216215262072344 0.0030271995517739997 0.0023208337595615968 -5.0110046092535685e-05 -0.003114692154222466 -0.0025838233099941209 -0.00044972723423289835 0.0016948225024492566 0.00025464204761555404
leaf_weight=17 61 13.999999999999998 26 25 26 377 19 22 131 63 125
leaf_count=17 61 14 26 25 26 377 19 22 131 63 125
internal_value=5.30424e-05 -0.000462127 -0.00240559 0.000588928 0.000410748 0.000166895 1.80977e-05 0.0006602 -0.000872332 0.000377091 -0.000260515
internal_weight=906 461 87 445 428 403 374 224 150 210 147
internal_count=906 461 87 445 428 403 374 224 150 210 147
is_linear=0
shrinkage=0.0353657


Tree=99
num_leaves=12
num_cat=0
split_feature=48 29 93 242 25 71 29 19 263 52 76
split_gain=0.202317 0.266712 0.221559 0.272446 0.265515 0.23821 0.287646 0.320585 0.289488 0.267435 0.250094
threshold=-185924.96891121028 413877.09027777787 719273.84354838717 0.032106933275886505 227668.59608360394 52103.000000000007 653067.04545454553 764926.6663059165 0.031477766462032708 68.500000000000014 4.5000000000000009
decision_type=8 2 2 2 8 2 2 8 2 2 8
left_child=1 -1 3 -2 -4 -6 7 -7 10 -9 -8
right_child=2 -3 4 -5 5 6 8 9 -10 -11 -12
leaf_value=0.0045463584701593233 -0.0041700031427234175 0.00079853266609181172 0.0024403909693942708 -0.00053911587906780472 -0.002046570909958972 0.00027431907313844829 -0.00046623403898550102 0.0043098266115590223 0.00069802465377952455 0.0010136690101342724 -0.0025694761418756777
leaf_weight=13.999999999999998 23 35 32 31 46 278 156 42 121 35 93
leaf_count=14 23 35 32 31 46 278 156 42 121 35 93
internal_value=5.40391e-05 0.00185357 -7.16315e-05 -0.00188696 7.27715e-05 -5.75559e-05 9.61046e-05 0.000795324 -0.000567482 0.00257091 -0.0012495
internal_weight=906 49 857 54 803 771 725 355 370 77 249
internal_count=906 49 857 54 803 771 725 355 370 77 249
is_linear=0
shrinkage=0.0353657


Tree=100
num_leaves=12
num_cat=0
split_feature=58 79 204 51 3 89 77 29 137 11 51
split_gain=0.240855 0.385511 0.389861 0.264353 0.37692 0.258296 0.597462 0.222355 0.19957 0.189578 0.3296
threshold=15.500000000000002 0.85513657534026566 116.07874455000001 1.1527927854655953 4.5000000000000009 -1.0000000180025095e-35 0.79627756338971156 359978.15972222231 1.0000000180025095e-35 -0.6830127018922193 0.62105517646816322
decision_type=8 2 2 2 2 10 2 2 2 2 2
left_child=3 5 7 -1 8 6 -2 -3 -5 -7 -11
right_child=1 2 -4 4 -6 9 -8 -9 -10 10 -12
leaf_value=-0.00029094207051437102 0.0054473248242881194 0.0011541755632199161 -0.0051010969315516876 0.0019207056938880479 0.0046327080903534263 0.00068767977569754012 0.00055260657829629136 -0.0019270589074132205 -0.00086245460469351241 -0.0038840370105073631 -0.00046084492505380777
leaf_weight=70 17 15.999999999999998 20 61 32 162 91 69 25 13.999999999999998 329
leaf_count=70 17 16 20 61 32 162 91 69 25 14 329
internal_value=5.29288e-05 -0.000236173 -0.00202058 0.00111277 0.00211002 9.10922e-05 0.00151276 -0.00121037 0.00108487 -0.000229507 -0.000694238
internal_weight=906 718 105 188 118 613 108 85 86 505 343
internal_count=906 718 105 188 118 613 108 85 86 505 343
is_linear=0
shrinkage=0.0353657


Tree=101
num_leaves=12
num_cat=0
split_feature=58 78 204 34 21 136 201 87 212 29 62
split_gain=0.224133 0.393555 0.438087 0.254482 0.294089 0.252127 0.245309 0.241615 0.314098 0.266887 0.203642
threshold=15.500000000000002 1.2977781046007908 116.07874455000001 2.6300000000000003 406317.09375000006 1100000.0000000002 4.5000000000000009 185641.28526645771 0.056426664333708361 305439.49358974368 66.20865800865802
decision_type=8 2 2 2 10 2 2 2 2 2 10
left_child=3 5 -3 4 -1 7 -5 8 -2 -10 -6
right_child=1 2 -4 6 10 -7 -8 -9 9 -11 -12
leaf_value=0.0022077873882826362 -0.00039586364914247511 -0.0013054743765686257 -0.00564901886731798 0.0053424911967683772 -0.0017633513821827713 0.002808186250022552 0.0016531788501189511 0.00030603506703092104 -0.001673102050692611 -0.0057092210573542676 0.00094454433445777762
leaf_weight=50 96 70 15.999999999999998 19 62 15.999999999999998 24 483 14.999999999999998 22 33
leaf_count=50 96 70 16 19 62 16 24 483 15 22 33
internal_value=5.07717e-05 -0.000228065 -0.00220832 0.0010732 0.000459529 6.70409e-05 0.00302333 -4.90571e-05 -0.00127729 -0.00349478 -0.000615589
internal_weight=906 718 86 188 145 632 43 616 133 37 95
internal_count=906 718 86 188 145 632 43 616 133 37 95
is_linear=0
shrinkage=0.0353657


Tree=102
num_leaves=12
num_cat=1
split_feature=66 43 1 92 60 41 53 29 40 16 25
split_gain=0.26299 0.371861 0.287389 0.284076 0.273201 0.232376 0.383681 0.337983 0.209579 0.20659 0.204927
threshold=2.7559523809523814 865364.01113856246 0 -71963.105732035576 16.642857142857149 259841.16666666669 56.000000000000007 196058.04206138689 208037.73743967109 2.0350000000000006 518197.01041666669
decision_type=10 2 1 2 2 2 10 2 10 2 10
left_child=1 2 -1 -2 10 7 -7 -4 -8 -9 -5
right_child=3 -3 5 4 -6 6 8 9 -10 -11 -12
leaf_value=-0.00099525511000729343 -0.0005575768857332032 -0.0024621340019898761 0.00071495148276220285 0.0023303946545107095 0.00095822635311084195 0.0022225076985614213 0.0001816976510944432 -0.0015599205587462622 -0.0026638150826643315 -0.0051540633174905256 0.0057072145046012804
leaf_weight=236 87 74 31 23 135 138 123 14.999999999999998 14.999999999999998 20 21
leaf_count=236 87 74 31 23 135 138 123 15 15 20 21
internal_value=-3.8045e-05 -0.000414794 -0.000121008 0.000856636 0.00165548 0.000512815 0.00098796 -0.00105074 -0.00019922 -0.00310244 0.00363151
internal_weight=918 652 578 266 179 342 276 66 138 35 44
internal_count=918 652 578 266 179 342 276 66 138 35 44
cat_boundaries=0 1
cat_threshold=3006661697
is_linear=0
shrinkage=0.0353657


Tree=103
num_leaves=12
num_cat=0
split_feature=89 31 251 58 62 94 40 212 93 61 5
split_gain=0.216288 0.534493 0.261694 0.314939 0.237325 0.240478 0.261532 0.163046 0.326025 0.289664 0.176724
threshold=-2.4999999999999996 2.1250000000000004 62379291.978321053 47.500000000000007 66.20865800865802 440263.32150974026 105059.39566088612 0.052611353891074512 738500.19553913537 9.0416666666666696 3.1600000000000006
decision_type=8 2 2 8 10 2 10 2 2 8 2
left_child=1 -1 4 -4 5 7 -7 10 -9 -10 -2
right_child=2 -3 3 -5 -6 6 -8 8 9 -11 -12
leaf_value=0.0047392539133581536 0.00025478379721969007 0.00017785867084994014 -0.0007382530087822473 -0.004392888279318885 0.001856336859419324 -0.0038625158334692779 -0.00084519919558040499 -0.0032846586783481708 0.0013326425691130934 -0.0015002903678431082 0.0022378761860934837
leaf_weight=23 363 67 46 26 53 23 116 29 67 64 41
leaf_count=23 363 67 46 26 53 23 116 29 67 64 41
internal_value=-3.88927e-05 0.00141649 -0.000217692 -0.00197558 -2.58893e-05 -0.000196355 -0.00141274 0.000117339 -0.000762064 -0.000101231 0.000493735
internal_weight=918 90 828 72 756 703 139 564 160 131 404
internal_count=918 90 828 72 756 703 139 564 160 131 404
is_linear=0
shrinkage=0.0353657


Tree=104
num_leaves=12
num_cat=0
split_feature=66 43 92 48 51 53 56 219 52 109 31
split_gain=0.238419 0.351201 0.26268 0.249234 0.202845 0.301124 0.245441 0.17452 0.170952 0.17007 0.278351
threshold=2.7559523809523814 848162.00739254651 -71963.105732035576 -91742.258654862599 0.96377762247742471 53.500000000000007 57.500000000000007 1.0000000180025095e-35 83.500000000000014 1.5000000000000002 1.5850000000000002
decision_type=10 2 2 10 2 8 2 2 2 2 2
left_child=1 4 -2 -4 7 6 -6 -1 -7 10 -3
right_child=2 9 3 -5 5 8 -8 -9 -10 -11 -12
leaf_value=-0.003041314420630339 -0.00054579633439193523 -0.0041546037549619035 0.0038183351625465604 0.0010630539420996132 0.00090393334368689805 -0.0018487088731913794 0.0037536358789124662 -0.00064777167399122926 4.0353550128544571e-05 -0.0044029602844528094 -0.00051709842233048288
leaf_weight=25 87 15.999999999999998 29 150 167 64 22 135 153 18 52
leaf_count=25 87 16 29 150 167 64 22 135 153 18 52
internal_value=-3.76022e-05 -0.000396378 0.000814187 0.00158209 -8.55612e-05 0.000327417 0.00131116 -0.00107262 -0.000508554 -0.00225606 -0.00171577
internal_weight=918 652 266 179 566 406 189 160 217 86 68
internal_count=918 652 266 179 566 406 189 160 217 86 68
is_linear=0
shrinkage=0.0353657


Tree=105
num_leaves=12
num_cat=2
split_feature=1 68 88 90 29 251 74 16 1 43 62
split_gain=0.237606 0.47472 0.27583 0.236629 0.299269 0.174234 0.1941 0.146899 0.146652 0.212375 0.269079
threshold=0 354407.71428571438 206888.31704260656 0.89537586846614936 489956.45104918903 63375388.643545061 0.1188235294117647 2.5350000000000006 1 848162.00739254651 33.123589743589754
decision_type=1 2 2 8 2 2 10 2 1 2 10
left_child=1 2 7 4 -2 6 8 -1 -5 -10 -11
right_child=3 -3 -4 5 -6 -7 -8 -9 9 10 -12
leaf_value=-0.0027686188525156371 0.0043096314510677591 -0.0051710109119844257 0.0016170190571456998 0.00059442454507651525 0.00074012571471100382 -0.0017815762957983971 0.0017234303580020531 -0.00025944020250804787 -0.00020569607607014368 -0.0046398005080685745 -0.00081566149396709582
leaf_weight=45 23 13.999999999999998 23 231 51 41 61 24 364 21 20
leaf_count=45 23 14 23 231 51 41 61 24 364 21 20
internal_value=-3.79104e-05 -0.00138617 -0.000725301 0.000170847 0.00182407 -1.20906e-05 0.000116171 -0.00165842 -6.14186e-05 -0.000455963 -0.0023762
internal_weight=918 106 92 812 74 738 697 69 636 405 41
internal_count=918 106 92 812 74 738 697 69 636 405 41
cat_boundaries=0 2 3
cat_threshold=553911296 1 234938666
is_linear=0
shrinkage=0.0353657


Tree=106
num_leaves=12
num_cat=1
split_feature=1 68 88 90 51 3 11 21 16 79 59
split_gain=0.222456 0.457334 0.261442 0.222039 0.29877 0.336714 0.305593 0.284799 0.231544 0.221571 0.21107
threshold=0 354407.71428571438 206888.31704260656 0.89537586846614936 1.1653457935964582 3.5000000000000004 0.68301270189221941 489588.05897435907 2.7950000000000004 -0.76056003639754666 31.500000000000004
decision_type=1 2 2 8 2 2 2 10 2 2 2
left_child=1 2 -1 7 5 8 -6 -2 -5 10 -7
right_child=3 -3 -4 4 6 9 -8 -9 -10 -11 -12
leaf_value=-0.0015959293381573579 0.0041907323989368471 -0.0050526551364949738 0.0015928655623964863 -0.0045036524722066847 0.0023426799819623221 -0.00043377866102449123 4.6987393912576998e-05 0.00070797382873240289 -0.001120367365110266 -0.00069942609706539734 0.0019759481099080214
leaf_weight=69 23 13.999999999999998 23 32 99 53 147 51 24 300 83
leaf_count=69 23 14 23 32 99 53 147 51 24 300 83
internal_value=-3.60468e-05 -0.00134066 -0.00068818 0.00016589 -1.12665e-05 -0.000506991 0.000943123 0.00176734 -0.00266378 -0.00018895 0.000903934
internal_weight=918 106 92 812 738 492 246 74 56 436 136
internal_count=918 106 92 812 738 492 246 74 56 436 136
cat_boundaries=0 2
cat_threshold=553911296 1
is_linear=0
shrinkage=0.0353657


Tree=107
num_leaves=12
num_cat=1
split_feature=66 29 92 60 57 87 1 25 87 29 51
split_gain=0.209981 0.304655 0.242679 0.242594 0.216174 0.206639 0.180746 0.211387 0.202389 0.251843 0.247452
threshold=2.7559523809523814 773677.08333333337 -71963.105732035576 16.642857142857149 10.500000000000002 929281.35714285739 0 531873.19806442095 491106.88738738745 653067.04545454553 1.0604622257238636
decision_type=10 2 2 2 10 2 1 8 2 2 2
left_child=1 4 -2 5 -1 -4 7 -6 10 -10 -8
right_child=2 -3 3 -5 6 -7 8 -9 9 -11 -12
leaf_value=-0.0010856412905438254 -0.00054402329840348511 -0.0018424478127838676 0.0021859569746107794 0.00084265530680671435 -0.0019386834087495972 0.0055665898929271648 -0.001088981946075441 0.00055184432549171042 0.0030721996724617944 0.00027369829388285659 0.0014171137327876166
leaf_weight=146 87 120 26 135 62 18 79 58 78 40 69
leaf_count=146 87 120 26 135 62 18 79 58 78 40 69
internal_value=-3.5557e-05 -0.000372334 0.000763732 0.00150111 -2.02038e-05 0.00336222 0.000411269 -0.000586277 0.000900902 0.00194593 0.000139083
internal_weight=918 652 266 179 532 44 386 120 266 118 148
internal_count=918 652 266 179 532 44 386 120 266 118 148
cat_boundaries=0 1
cat_threshold=6424065
is_linear=0
shrinkage=0.0353657


Tree=108
num_leaves=12
num_cat=1
split_feature=1 21 106 112 51 5 29 87 45 27 68
split_gain=0.197853 0.349738 0.343701 0.388339 0.285888 0.243748 0.23577 0.227979 0.345978 0.213537 0.207445
threshold=0 299193.87156862748 1.0000000180025095e-35 5.5000000000000009 0.99999999997674816 2.4400000000000004 653067.04545454553 778873.43750000012 1047080.9469343292 725892.85714285728 611608.53846153861
decision_type=1 10 2 2 2 2 2 2 2 8 2
left_child=1 4 3 -3 -1 -4 7 -2 -9 10 -8
right_child=6 2 5 -5 -6 -7 9 8 -10 -11 -12
leaf_value=0.0033263030586309561 0.00032523098680444515 -0.0025849661197428417 0.0015248098763669278 -0.0073078378786329808 -0.00080116976012798477 -0.0021763900095476993 -0.0036755694039883736 0.0013656532247536294 0.0052507439651088362 -0.00012346957587494663 -0.00051578121241681015
leaf_weight=17 315 20 14.999999999999998 20 17 24 36 73 14.999999999999998 340 20
leaf_count=17 315 20 15 20 17 24 36 73 15 340 20
internal_value=-4.62791e-05 -0.00124234 -0.00260975 -0.00458707 0.000809017 -0.000899851 0.000152066 0.000742546 0.00216404 -0.000435695 -0.00213283
internal_weight=912 113 79 40 34 39 799 403 88 396 56
internal_count=912 113 79 40 34 39 799 403 88 396 56
cat_boundaries=0 2
cat_threshold=553780224 1
is_linear=0
shrinkage=0.0353657


Tree=109
num_leaves=12
num_cat=1
split_feature=251 93 87 94 51 80 0 52 33 51 3
split_gain=0.192762 0.294106 0.262659 0.205667 0.366753 0.269685 0.278034 0.24915 0.222127 0.221671 0.225836
threshold=62236188.141721241 5908394.0496031754 467494.6166666667 -1.1575509405941179e-10 1.6622604545840358 1673862.9583333335 0 3.5000000000000004 0.76500000000000001 1.020480852773342 10.500000000000002
decision_type=2 2 2 2 2 2 1 2 2 2 2
left_child=3 2 -2 7 5 -5 -7 -1 -8 10 -9
right_child=1 -3 -4 4 -6 6 8 9 -10 -11 -12
leaf_value=-0.0017468473852140173 -0.0020460160498883126 -0.0036317105012270961 0.001318857048039227 0.0016102153929021745 0.0015945050933714019 -3.1301570744865083e-05 -0.0026334393831130287 0.0010184147251812417 -4.7757767518679584e-05 0.0025376781919536511 -0.0010413781685238179
leaf_weight=23 30 30 37 25 70 142 155 242 29 66 63
leaf_count=23 30 30 37 25 70 142 155 242 29 66 63
internal_value=-4.28665e-05 -0.00137288 -0.000358831 0.000131499 -0.000392286 -0.000864049 -0.00115843 0.000698437 -0.00196973 0.000945763 0.000558328
internal_weight=912 97 67 815 421 351 326 394 184 371 305
internal_count=912 97 67 815 421 351 326 394 184 371 305
cat_boundaries=0 1
cat_threshold=300
is_linear=0
shrinkage=0.0353657


Tree=110
num_leaves=12
num_cat=0
split_feature=251 83 58 94 51 80 129 52 19 51 93
split_gain=0.182262 0.285003 0.278371 0.187906 0.342767 0.256161 0.262955 0.23752 0.236275 0.220587 0.215568
threshold=62236188.141721241 0.73754893485700468 47.500000000000007 -1.1575509405941179e-10 1.6622604545840358 1673862.9583333335 7.8673913043478274 3.5000000000000004 541387.47991071444 0.85660845956719134 2346445.4843750005
decision_type=2 2 8 2 2 2 2 2 8 2 2
left_child=3 -2 -3 7 5 -5 8 -1 -7 -8 -9
right_child=1 2 -4 4 -6 6 9 10 -10 -11 -12
leaf_value=-0.0017161221824010988 0.0010962186923845381 -0.0011581786742178976 -0.0045284926258645749 0.001584450092542287 0.0015498107593919423 -0.0049404978008085925 -0.0026672382513918008 0.0029001661948988579 -0.0015079240005591906 -0.00028113514526115229 0.00063441580867455976
leaf_weight=23 18 52 27 25 70 28 35 37 26 237 334
leaf_count=23 18 52 27 25 70 28 35 37 26 237 334
internal_value=-3.99381e-05 -0.00133326 -0.00233025 0.000129576 -0.00037095 -0.000826947 -0.0011138 0.000671562 -0.00298844 -0.0006843 0.000912762
internal_weight=912 97 79 815 421 351 326 394 54 272 371
internal_count=912 97 79 815 421 351 326 394 54 272 371
is_linear=0
shrinkage=0.0353657


Tree=111
num_leaves=12
num_cat=1
split_feature=1 95 22 53 92 21 78 41 54 7 212
split_gain=0.181004 0.374856 0.34481 0.231506 0.217903 0.23317 0.245463 0.217027 0.312678 0.195282 0.250661
threshold=0 -348501.48188405804 3.3950000000000005 39.500000000000007 263607.96954741533 431027.19047619059 1.3447627945338938 259841.16666666669 114.50000000000001 1.0000000180025095e-35 0.056426664333708361
decision_type=1 2 8 10 2 8 2 2 8 2 2
left_child=1 -1 3 -3 5 7 9 -2 -9 10 -7
right_child=4 2 -4 -5 -6 6 -8 8 -10 -11 -12
leaf_value=-0.0043085064474182311 -0.00059733205679641914 -0.0030765781004078565 0.0020618457087617182 0.00010596515213021396 0.0021831148520187979 -0.00069504830299237943 -0.0022561785357630014 0.0037216686064448791 0.00076039095494025979 0.00023140426643862669 -0.0038553918293749634
leaf_weight=19 47 41 24 25 38 88 51 45 101 415 18
leaf_count=19 47 41 24 25 38 88 51 45 101 415 18
internal_value=-3.71283e-05 -0.0011994 -0.000504764 -0.00160226 0.000148873 2.03235e-05 -0.000331648 0.00101999 0.00171252 -0.00010877 -0.0013238
internal_weight=912 109 90 66 803 765 572 193 146 521 106
internal_count=912 109 90 66 803 765 572 193 146 521 106
cat_boundaries=0 2
cat_threshold=553665536 1
is_linear=0
shrinkage=0.0353657


Tree=112
num_leaves=12
num_cat=1
split_feature=1 50 44 45 21 43 5 27 68 68 54
split_gain=0.169572 0.323639 0.528516 0.221363 0.198393 0.242264 0.224926 0.213579 0.207802 0.195818 0.19037
threshold=0 663581.29682234209 153055.59769062151 656098.32149621227 653067.04545454553 593259.2593707192 1.2900000000000003 725892.85714285728 497920.18045112788 611608.53846153861 110.50000000000001
decision_type=1 2 8 2 8 2 2 8 2 2 8
left_child=1 2 3 -1 5 6 -2 9 10 -6 -7
right_child=4 -3 -4 -5 7 8 -8 -9 -10 -11 -12
leaf_value=-0.001215682891355839 -0.0017507331054096335 -0.0042272720901974231 0.0023406828485313196 -0.0044068157762735052 -0.0035199146859136842 0.0066695037154953906 0.00074229110356096521 -3.3875317473066665e-05 0.0012189438579358516 -0.00044902895610759953 0.0030586555512694381
leaf_weight=52 29 14.999999999999998 29 17 36 14.000000000000002 242 419 25 20 13.999999999999998
leaf_count=52 29 15 29 17 36 14 242 419 25 20 14
internal_value=-3.68839e-05 -0.00114437 -0.000607113 -0.00203966 0.000146516 0.000802287 0.000405823 -0.000295834 0.00262579 -0.00201018 0.00445732
internal_weight=912 113 98 69 799 324 271 475 53 56 28
internal_count=912 113 98 69 799 324 271 475 53 56 28
cat_boundaries=0 2
cat_threshold=553780224 1
is_linear=0
shrinkage=0.0353657


Tree=113
num_leaves=12
num_cat=1
split_feature=29 42 94 1 41 69 55 94 93 94 242
split_gain=0.166622 0.293662 0.294486 0.279696 0.35443 0.536991 0.237702 0.250654 0.2102 0.190554 0.402826
threshold=582716.42453703715 469554.25000000006 -212732.68393343079 0 218182.10000000003 166747.02545454548 61.500000000000007 -292257.17209904321 5366812.0540123461 297419.75212585035 0.032106933275886505
decision_type=2 2 2 1 2 8 2 2 2 2 2
left_child=3 2 -2 -1 -5 -6 7 -7 -8 -3 -11
right_child=1 9 -4 4 5 6 8 -9 -10 10 -12
leaf_value=-0.00039802477938273481 -0.0010927272608348879 0.00053249632191497561 -0.004445560558779869 -0.0019044352799083863 0.0046192535342269823 0.004838550915679818 0.00038202108541983377 0.0014094566359856842 -0.0026033896611369753 0.00056211489095876288 -0.0026319243513009652
leaf_weight=220 62 231 28 13.999999999999998 41 13.999999999999998 83 58 13.999999999999998 72 75
leaf_count=220 62 231 28 14 41 14 83 58 14 72 75
internal_value=-3.73484e-05 -0.000492312 -0.00210879 0.000438838 0.00125554 0.00174021 0.000919017 0.00219407 -0.00014647 -7.96119e-05 -0.000989917
internal_weight=912 468 90 444 224 210 169 72 97 378 147
internal_count=912 468 90 444 224 210 169 72 97 378 147
cat_boundaries=0 1
cat_threshold=2711883265
is_linear=0
shrinkage=0.0353657


Tree=114
num_leaves=12
num_cat=1
split_feature=1 22 21 78 47 66 5 28 5 67 196
split_gain=0.229272 0.416592 0.372533 0.260972 0.249305 0.244188 0.258066 0.20853 0.184684 0.17546 0.167717
threshold=0 2.2050000000000005 598223.98885918024 1.4959773029332879 41816.045031143694 2.7559523809523814 1.6550000000000002 2.9300000000000002 3.5150000000000001 2.2894841269841275 9.5383522727272734
decision_type=1 8 10 2 10 8 2 10 2 2 2
left_child=1 2 4 5 -1 8 -7 -5 -2 -8 -3
right_child=3 10 -4 7 -6 6 9 -9 -10 -11 -12
leaf_value=0.0075557829267650237 -0.00089863903493760165 0.0002371578578898767 0.001282399641764767 -0.0052122236549482391 0.0034607295012066296 -0.0018487175054325987 0.0020152137740063747 -0.0014932338199702465 -0.0033567355757617087 0.00018735949245658005 -0.0017395882823538317
leaf_weight=14.000000000000002 204 179 83 16.000000000000004 14.999999999999998 37 67 13.999999999999998 21 210 47
leaf_count=14 204 179 83 16 15 37 67 14 21 210 47
internal_value=-9.47218e-05 0.000598254 0.00223274 -0.000516177 0.00488243 -0.000349412 0.000264885 -0.00290302 -0.00119049 0.000656251 -0.000187266
internal_weight=907 338 112 569 29 539 314 30 225 277 226
internal_count=907 338 112 569 29 539 314 30 225 277 226
cat_boundaries=0 1
cat_threshold=1284092352
is_linear=0
shrinkage=0.0353657


Tree=115
num_leaves=12
num_cat=2
split_feature=89 31 1 51 294 16 1 80 20 77 24
split_gain=0.225294 0.421504 0.270194 0.379972 0.305731 0.264789 0.298993 0.258657 0.185612 0.167828 0.153204
threshold=-5.4999999999999991 2.0350000000000006 0 1.4050983832883375 12.616826705456658 2.5350000000000006 1 50042511.278213173 2.7950000000000004 1.1617438985476731 2.9300000000000002
decision_type=8 2 1 2 10 2 1 2 10 2 8
left_child=1 -1 3 8 5 6 -4 -5 -2 -7 -8
right_child=2 -3 4 7 -6 9 10 -9 -10 -11 -12
leaf_value=0.0049281444644138856 0.00048400629436073884 0.00053800209174612501 -4.8222860268641547e-05 0.004990016864026778 -0.0038742759974339427 0.00072825055416219937 -0.0033670176326940741 0.001635021433381125 -0.0013356167441009514 -0.0012598827105387161 -0.0013561523840121522
leaf_weight=13.999999999999998 167 62 109 17 13.999999999999998 179 84 64 85 47 65
leaf_count=14 167 62 109 17 14 179 84 64 85 47 65
internal_value=-9.36561e-05 0.00150355 -0.000262527 0.000480192 -0.000766349 -0.000626854 -0.00136375 0.0023588 -0.000124728 0.000211038 -0.00227793
internal_weight=907 76 831 333 498 484 258 81 252 226 149
internal_count=907 76 831 333 498 484 258 81 252 226 149
cat_boundaries=0 1 2
cat_threshold=1288286656 2453014528
is_linear=0
shrinkage=0.0353657


Tree=116
num_leaves=12
num_cat=1
split_feature=89 31 1 27 5 41 57 79 51 22 84
split_gain=0.21298 0.404511 0.253193 0.310756 0.297999 0.43232 0.21023 0.204574 0.177835 0.1423 0.136931
threshold=-5.4999999999999991 2.0350000000000006 0 477911.25719602982 3.5150000000000001 635166.73809523822 27.500000000000004 -0.73658237863381826 0.89602591542520482 2.1250000000000004 0.14928606072009751
decision_type=8 2 1 8 2 2 10 2 2 10 10
left_child=1 -1 3 -2 7 -6 9 8 -4 10 -5
right_child=2 -3 4 6 5 -7 -8 -9 -10 -11 -12
leaf_value=0.0048167438431433122 0.0030552164822176759 0.00051541346020389479 -0.00037660881775316185 0.00082113131883579209 -0.0009827282364430587 -0.0060008344948281785 -0.00071396529748841042 -0.0009895416484047596 0.0017926245921299744 0.00014002061132221768 0.0031929559156205971
leaf_weight=13.999999999999998 29 62 77 34 15.999999999999998 20 150 323 62 77 43
leaf_count=14 29 62 77 34 16 20 150 323 62 77 43
internal_value=-8.97487e-05 0.00146315 -0.000253975 0.000464915 -0.000741733 -0.00314621 0.0001658 -0.000522463 0.000522087 0.00100954 0.00200299
internal_weight=907 76 831 333 498 36 304 462 139 154 77
internal_count=907 76 831 333 498 36 304 462 139 154 77
cat_boundaries=0 1
cat_threshold=1288286656
is_linear=0
shrinkage=0.0353657


Tree=117
num_leaves=12
num_cat=2
split_feature=89 91 1 51 44 60 16 1 41 15 79
split_gain=0.201181 0.303869 0.236337 0.349092 0.289929 0.275231 0.235628 0.279558 0.1805 0.23177 0.188415
threshold=-5.4999999999999991 0.79397733494094813 0 1.4050983832883375 301589.88896654226 22.894886363636367 2.5350000000000006 1 218182.10000000003 338307.35714285722 0.69314393729206814
decision_type=8 2 1 2 10 2 2 1 2 2 2
left_child=1 -1 3 8 6 -5 7 -4 -2 -10 -11
right_child=2 -3 4 5 -6 -7 -8 -9 9 10 -12
leaf_value=0.004244807361707334 -0.0024775287490182902 0.00055899001730381614 -2.679416710982e-07 0.0048138570726830778 -0.0037418071578938887 0.0014047516038575316 0.00021113050767360576 -0.0021515110832414646 0.0025768809558065803 0.00021866647373706668 -0.0019594172465273226
leaf_weight=15.999999999999998 13.999999999999998 60 108 20 13.999999999999998 61 226 150 18 180 40
leaf_count=16 14 60 108 20 14 61 226 150 18 180 40
internal_value=-8.5213e-05 0.00142403 -0.000244863 0.000449585 -0.000716161 0.00224946 -0.000579202 -0.00127428 -0.000131012 8.27094e-05 -0.000226841
internal_weight=907 76 831 333 498 81 484 258 252 238 220
internal_count=907 76 831 333 498 81 484 258 252 238 220
cat_boundaries=0 1 2
cat_threshold=1288286656 2452752400
is_linear=0
shrinkage=0.0353657


Tree=118
num_leaves=12
num_cat=2
split_feature=89 31 1 5 31 41 29 34 1 42 41
split_gain=0.189899 0.381058 0.221371 0.417608 0.347322 0.338244 0.277996 0.192415 0.198641 0.218299 0.159928
threshold=-5.4999999999999991 2.0350000000000006 0 3.5150000000000001 2.1250000000000004 635166.73809523822 463330.77777777787 2.5350000000000006 1 556572.19791666686 218182.10000000003
decision_type=8 2 1 2 2 2 2 2 1 2 2
left_child=1 -1 4 7 6 -5 -2 8 9 -4 -6
right_child=2 -3 3 5 10 -7 -8 -9 -10 -11 -12
leaf_value=0.0046342269360572456 0.0040243321948028217 0.00045826434420400563 0.00081957412973229088 -0.0016483275866038436 -0.0025142324565376024 -0.0062318905066355602 0.00099125208995671154 0.00024446902199217531 -0.0019813512584309937 -0.0020207817812275489 -7.5886103785733017e-05
leaf_weight=13.999999999999998 35 62 83 14.999999999999998 13.999999999999998 20 79 236 120 25 204
leaf_count=14 35 62 83 15 14 20 79 236 120 25 204
internal_value=-8.24321e-05 0.00138383 -0.000237577 -0.000692643 0.000436033 -0.00355818 0.00190472 -0.000431568 -0.00112176 -8.83898e-05 -0.000308085
internal_weight=907 76 831 499 332 35 114 464 228 108 218
internal_count=907 76 831 499 332 35 114 464 228 108 218
cat_boundaries=0 1 2
cat_threshold=1289269696 2183612424
is_linear=0
shrinkage=0.0353657


Tree=119
num_leaves=12
num_cat=0
split_feature=66 92 43 187 22 60 78 43 21 82 293
split_gain=0.147188 0.285313 0.258144 0.204497 0.188806 0.207868 0.18371 0.196673 0.192621 0.166672 0.185872
threshold=2.7559523809523814 -71963.105732035576 832375.73767360835 1.0000000180025095e-35 2.2950000000000004 16.642857142857149 0.61685134855867874 759097.33580250782 591228.0700231482 -46280.62575020748 12.108114769036282
decision_type=10 2 2 2 10 2 2 2 10 2 10
left_child=2 -2 6 -4 5 -3 -1 8 9 -8 -11
right_child=1 4 3 -5 -6 -7 7 -9 -10 10 -12
leaf_value=0.0017386365246834434 -0.000842725731806261 0.0042244827021363247 0.00029448034228145748 -0.0026570595934299009 0.00028083739767368129 0.00148154253881551 0.0013260341592275782 0.0014535486421908561 -0.0020898541963223459 -0.00028134968194435604 -0.0027015519970626841
leaf_weight=40 89 30 14.999999999999998 85 82 72 51 50 58 315 20
leaf_count=40 89 30 15 85 82 72 51 50 58 315 20
internal_value=-8.04765e-05 0.000575066 -0.00037182 -0.0018521 0.00135472 0.0023146 -7.16678e-05 -0.000254074 -0.000495199 -0.000217824 -0.000493223
internal_weight=907 273 634 100 184 102 534 494 444 386 335
internal_count=907 273 634 100 184 102 534 494 444 386 335
is_linear=0
shrinkage=0.0353657


Tree=120
num_leaves=12
num_cat=0
split_feature=251 83 43 50 51 77 48 78 51 94 196
split_gain=0.176559 0.301352 0.229059 0.264832 0.215295 0.304463 0.224552 0.190162 0.160871 0.233152 0.183602
threshold=62236188.141721241 0.73754893485700468 579156.96277760796 1176391.5957567394 1.4154786483280148 1.2369935285722475 -95949.005021885081 1.0593698887352445 0.70312612855486145 -99080.975000000079 9.3990384615384635
decision_type=2 2 2 2 2 2 8 2 2 2 2
left_child=4 -2 -3 -4 5 7 -6 8 9 -1 -10
right_child=1 2 3 -5 6 -7 -8 -9 10 -11 -12
leaf_value=-0.00010580766093365692 0.0013278243009168693 -0.00073645431698630395 -0.0056362671404641164 -0.0017455162675453712 0.0036391939765384805 -0.0025111255370090838 0.00085615098923714247 -0.0010648891853858114 0.0012433045007439528 -0.0032093445769136092 -0.00024393997954508527
leaf_weight=85 17 37 27 15.999999999999998 22 35 132 112 272 15.999999999999998 133
leaf_count=85 17 37 27 16 22 35 132 112 272 16 133
internal_value=4.46173e-05 -0.00122517 -0.00222122 -0.00374587 0.000215654 -5.59196e-05 0.00132178 0.00012139 0.000412679 -0.000705982 0.000728204
internal_weight=904 97 80 43 807 653 154 618 506 101 405
internal_count=904 97 80 43 807 653 154 618 506 101 405
is_linear=0
shrinkage=0.0353657


Tree=121
num_leaves=12
num_cat=0
split_feature=82 9 51 78 48 7 51 94 76 36 81
split_gain=0.175413 0.144289 0.308798 0.263203 0.249125 0.190073 0.189551 0.225618 0.139792 0.129728 0.124016
threshold=340284.39784894651 1.0000000180025095e-35 1.2708764133932038 1.0593698887352445 -95949.005021885081 1.0000000180025095e-35 0.99999999996752897 -125829.75000000001 -1.0000000180025095e-35 52084.37115923722 1.4153890408783902
decision_type=2 2 2 2 8 2 2 2 8 8 2
left_child=1 2 3 5 -4 9 8 -8 -7 -1 -6
right_child=-2 -3 4 -5 10 6 7 -9 -10 -11 -12
leaf_value=-0.00024296834936545677 -0.0019200546271552442 -0.0011961766202820724 0.0040080806561040763 -0.0014220697092476461 0.0014290769015317026 0.00073298099386814332 0.0030112331288934184 0.00057326145423752741 -0.00072124838691539617 -0.0024167163234021134 -0.00075068975117309055
leaf_weight=56 30 68 22 122 127 151 60 86 131 36 14.999999999999998
leaf_count=56 30 68 22 122 127 151 60 86 131 36 15
internal_value=4.27971e-05 0.000138078 0.000272105 -6.80034e-05 0.00155023 0.000263582 0.000579575 0.0015439 6.98494e-05 -0.00101821 0.00109729
internal_weight=904 874 806 642 164 520 428 146 282 92 142
internal_count=904 874 806 642 164 520 428 146 282 92 142
is_linear=0
shrinkage=0.0353657


Tree=122
num_leaves=12
num_cat=0
split_feature=82 51 48 78 94 51 7 51 145 83 81
split_gain=0.166492 0.250881 0.312737 0.246215 0.173311 0.230896 0.199962 0.258963 0.306353 0.184478 0.162652
threshold=340284.39784894651 1.3500000916018622 -95949.005021885081 1.0593698887352445 -1.8490313583152637e-10 0.8535821694311948 1.0000000180025095e-35 0.99999999996752897 9.278273809523812 0.74488090004217533 1.4261359905186159
decision_type=2 2 8 2 2 2 2 2 2 2 2
left_child=1 3 -3 4 6 9 -1 -8 -9 -6 -4
right_child=-2 2 10 -5 5 -7 7 8 -10 -11 -12
leaf_value=-0.00094286492839054236 -0.0018730562910947682 0.0039413019135084732 0.0010856096440729891 -0.001369847353633404 -0.0012826619237243943 -3.2120345622011206e-05 0.00044540927211817334 0.0043124479631253491 0.00078127878990218679 -0.0044173813916549799 -0.0013959210782252904
leaf_weight=53 30 23 144 145 28 173 200 45 29 19 14.999999999999998
leaf_count=53 30 23 144 145 28 173 200 45 29 19 15
internal_value=3.9216e-05 0.000132078 0.0012297 -0.00016746 0.000162016 -0.000555407 0.000668932 0.00106324 0.00262439 -0.00235921 0.000741881
internal_weight=904 874 182 692 547 220 327 274 74 47 159
internal_count=904 874 182 692 547 220 327 274 74 47 159
is_linear=0
shrinkage=0.0353657


Tree=123
num_leaves=12
num_cat=0
split_feature=251 83 53 136 51 56 11 2 60 83 71
split_gain=0.153919 0.282498 0.215582 0.255794 0.197792 0.233411 0.227104 0.360949 0.194112 0.190875 0.224952
threshold=62236188.141721241 0.73754893485700468 119.50000000000001 390000.00000000006 1.0563493336286893 16.500000000000004 0.68301270189221941 2025.5000000000002 24.183333333333337 1.1567812667910913 49009.476683501685
decision_type=2 2 10 2 2 2 2 2 2 2 2
left_child=4 -2 3 -3 5 8 7 -6 -1 10 -7
right_child=1 2 -4 -5 6 9 -8 -9 -10 -11 -12
leaf_value=-0.002963053543250836 0.0013249922596908726 -0.0018759654840507893 -0.00030588434460398448 -0.0054097476074253725 0.0010181092706911402 -0.0014481059715008124 4.2112392532014045e-06 0.0043202814778962725 -0.00044322633988890274 -0.0019987834346395688 0.00071402136282536395
leaf_weight=52 17 33 24 23 128 48 157 32 54 23 313
leaf_count=52 17 33 24 23 128 48 157 32 54 23 313
internal_value=3.52395e-05 -0.00115029 -0.00211031 -0.00326261 0.000195027 -0.000235238 0.000861022 0.00175797 -0.00156705 0.000145988 0.000365282
internal_weight=904 97 80 56 807 490 317 160 106 384 361
internal_count=904 97 80 56 807 490 317 160 106 384 361
is_linear=0
shrinkage=0.0353657


Tree=124
num_leaves=12
num_cat=0
split_feature=82 51 77 5 74 76 78 51 40 76 59
split_gain=0.150317 0.229914 0.273589 0.227398 0.193077 0.182113 0.169482 0.193943 0.213548 0.133115 0.117097
threshold=340284.39784894651 1.2708764133932038 1.1834153324789416 3.5150000000000001 0.090097402597402565 -1.0000000180025095e-35 1.3089729959777017 0.87813977548626287 210473.68098245238 2.5000000000000004 48.500000000000007
decision_type=2 2 2 2 10 10 2 2 10 10 2
left_child=1 2 3 6 5 10 7 9 -9 -1 -3
right_child=-2 4 -4 -5 -6 -7 -8 8 -10 -11 -12
leaf_value=7.0904085754181653e-05 -0.0017828321189015737 -0.0010011976989213415 -0.0023981316010790693 -0.0026048243542893248 0.0032534440441167622 0.0016767610641384562 -0.0019204068825217694 0.00054001341800999597 0.0030207218613519894 -0.001449229145686665 0.0012938593400552765
leaf_weight=161 30 70 41 15.999999999999998 23 98 24 310 25 91 14.999999999999998
leaf_count=161 30 70 41 16 23 98 24 310 25 91 15
internal_value=3.41412e-05 0.000122444 -0.000187902 -7.40446e-06 0.00109995 0.000765532 0.000112537 0.000240529 0.000782618 -0.000461067 -0.000297237
internal_weight=904 874 668 627 206 183 611 587 335 252 85
internal_count=904 874 668 627 206 183 611 587 335 252 85
is_linear=0
shrinkage=0.0353657


Tree=125
num_leaves=12
num_cat=0
split_feature=82 51 77 48 5 81 51 77 139 56 54
split_gain=0.14271 0.21793 0.258293 0.23487 0.218218 0.149652 0.14318 0.22824 0.218601 0.164582 0.14578
threshold=340284.39784894651 1.2708764133932038 1.1834153324789416 -95949.005021885081 3.5150000000000001 1.4261359905186159 0.93323017921945262 0.80118320588573411 825.00000000000011 34.500000000000007 13.500000000000002
decision_type=2 2 2 8 2 2 2 2 2 2 10
left_child=1 2 4 -3 6 -5 9 -8 -9 10 -1
right_child=-2 3 -4 5 -6 -7 7 8 -10 -11 -12
leaf_value=-0.0027453644170979505 -0.0017390365897958515 0.0033499271346757007 -0.0023322669462132535 0.0009660194579085373 -0.0025537350677081127 -0.0013911946625989489 0.0032576315876847676 -0.0019443549192203345 0.00065668614054869255 0.00017712665284652938 -0.00059402837399429953
leaf_weight=45 30 26 41 165 15.999999999999998 14.999999999999998 13.999999999999998 21 289 173 69
leaf_count=45 30 26 41 165 16 15 14 21 289 173 69
internal_value=3.13495e-05 0.000117424 -0.000184686 0.00106915 -9.26088e-06 0.000668868 0.000108168 0.000603159 0.00040101 -0.000439014 -0.00140618
internal_weight=904 874 668 206 627 180 611 324 310 287 114
internal_count=904 874 668 206 627 180 611 324 310 287 114
is_linear=0
shrinkage=0.0353657


Tree=126
num_leaves=12
num_cat=1
split_feature=1 35 21 19 55 78 63 71 21 188 38
split_gain=0.170676 0.272366 0.203215 0.225374 0.222013 0.216465 0.198309 0.26327 0.191748 0.174088 0.201364
threshold=0 731296.94792328053 910090.92522731423 1296603.0521604943 19.416666666666668 0.67979875442302495 44.240001356668024 231889.37698412701 218182.10000000003 0.14374500725831221 739809.75696536805
decision_type=1 2 8 10 2 2 2 2 10 2 2
left_child=1 6 3 4 -2 -4 7 8 -1 10 -7
right_child=2 -3 5 -5 -6 9 -8 -9 -10 -11 -12
leaf_value=0.0010402294592483546 0.0026661247815027247 -0.0035859347138286661 0.0016283944363460175 0.0034730942809564789 0.00040863007911723603 -0.00094203556360304545 0.001779916872727359 -0.0030189701573433629 -0.0011149311618670879 0.00021231861554443066 -0.00353969758418291
leaf_weight=66 39 13.999999999999998 32 14.999999999999998 358 99 21 30 94 93 29
leaf_count=66 39 14 32 15 358 99 21 30 94 93 29
internal_value=9.27346e-05 -0.000686611 0.00037287 0.000855078 0.000691457 -0.000366249 -0.000414386 -0.000765899 -0.000229914 -0.000790238 -0.00158909
internal_weight=890 225 665 412 397 253 211 190 160 221 128
internal_count=890 225 665 412 397 253 211 190 160 221 128
cat_boundaries=0 2
cat_threshold=556142080 1
is_linear=0
shrinkage=0.0353657


Tree=127
num_leaves=12
num_cat=0
split_feature=29 94 219 229 81 51 79 294 11 141 56
split_gain=0.143354 0.204066 0.186548 0.185734 0.190385 0.165105 0.238947 0.218428 0.206857 0.209295 0.184137
threshold=1047080.9469343292 -360980.59312443819 5.5000000000000009 0.030928446862094804 0.95133143724913949 1.0759389308707556 -0.50632686306209862 12.242601752553869 0.68301270189221941 1.0000000180025095e-35 69.500000000000014
decision_type=2 2 2 2 2 2 2 10 2 2 2
left_child=1 2 -1 4 -4 6 7 10 9 -7 -3
right_child=-2 5 3 -5 -6 8 -8 -9 -10 -11 -12
leaf_value=-0.00021496262888530542 -0.00099058748718561045 -0.00056852462502877217 0.0021681932514668019 0.0011255771280846039 0.0054450958407328692 0.0021519438908544678 -0.0013954707916750413 0.002812726126573004 -0.00018430774848890102 -0.00052951853202834118 0.0018070633195475998
leaf_weight=29 109 134 19 49 25 121 171 15.999999999999998 164 23 30
leaf_count=29 109 134 19 49 25 121 171 16 164 23 30
internal_value=9.11942e-05 0.000258273 0.00147121 0.00228791 0.00371098 1.67187e-05 -0.000492647 0.000328712 0.000588944 0.00151432 -6.48278e-06
internal_weight=890 781 122 93 44 659 351 180 308 144 164
internal_count=890 781 122 93 44 659 351 180 308 144 164
is_linear=0
shrinkage=0.0353657


Tree=128
num_leaves=12
num_cat=1
split_feature=1 35 92 21 2 79 63 82 21 54 4
split_gain=0.158929 0.261935 0.194576 0.201313 0.254217 0.214353 0.18873 0.230593 0.263635 0.162849 0.162178
threshold=0 731296.94792328053 263607.96954741533 428927.84905660379 2025.5000000000002 -0.50632686306209862 44.240001356668024 77686.891569561543 218182.10000000003 69.500000000000014 91.500000000000014
decision_type=1 2 2 8 2 2 2 2 10 8 2
left_child=1 6 3 4 9 -5 7 8 -1 -2 -10
right_child=2 -3 -4 5 -6 -7 -8 -9 10 -11 -12
leaf_value=0.0012647777068242486 0.0023119306174111402 -0.0035080554639606997 0.0022426950219812756 0.00083572496712145013 0.0035023040538966813 -0.00059708277210876134 0.0017431541801089254 -0.0030138115753151236 -0.0022794520486782818 -0.00035552098776186331 3.8850191753652998e-05
leaf_weight=62 19 13.999999999999998 40 180 33 335 21 24 65 58 39
leaf_count=62 19 14 40 180 33 335 21 24 65 58 39
internal_value=8.63998e-05 -0.000665519 0.000356829 0.000210799 0.00144824 -7.74842e-05 -0.00039747 -0.000740382 -0.000293447 0.000562968 -0.0012524
internal_weight=890 225 665 625 110 515 211 190 166 77 104
internal_count=890 225 665 625 110 515 211 190 166 77 104
cat_boundaries=0 2
cat_threshold=556142080 1
is_linear=0
shrinkage=0.0353657


Tree=129
num_leaves=12
num_cat=1
split_feature=1 71 294 71 92 42 51 21 2 212 79
split_gain=0.149439 0.254421 0.187993 0.205323 0.183678 0.220834 0.155307 0.154108 0.239526 0.180474 0.175015
threshold=0 384667.90479762206 11.915874646541205 227240.01055555555 263607.96954741533 970650.07575757592 0.96377762247742471 428927.84905660379 2025.5000000000002 0.065744591129563254 -0.15756421345489843
decision_type=1 2 10 2 2 2 2 8 2 2 2
left_child=1 2 3 6 5 7 -1 8 -2 10 -9
right_child=4 -3 -4 -5 -6 -7 -8 9 -10 -11 -12
leaf_value=-0.0019502829416061962 0.00054996620099818786 -0.0034443034594531232 0.0011839669338205305 -0.0032698946441985129 0.0021799661747754395 -0.002172797659403195 0.00016281443349042116 0.00082414723374321923 0.0034048249806926619 -0.0020654659721184025 -0.00047553199416001387
leaf_weight=40 77 13.999999999999998 49 17 40 22 105 257 33 22 214
leaf_count=40 77 14 49 17 40 22 105 257 33 22 214
internal_value=8.53695e-05 -0.00064374 -0.000378354 -0.000916589 0.000347604 0.000205665 -0.000511598 0.00033776 0.00142097 7.6225e-05 0.000224474
internal_weight=890 225 211 162 665 625 145 603 110 493 471
internal_count=890 225 211 162 665 625 145 603 110 493 471
cat_boundaries=0 2
cat_threshold=556142080 1
is_linear=0
shrinkage=0.0353657


Tree=130
num_leaves=12
num_cat=0
split_feature=58 5 78 187 16 219 63 84 201 56 29
split_gain=0.145585 0.244129 0.223608 0.330822 0.179421 0.179181 0.210139 0.166901 0.153002 0.104287 0.151714
threshold=15.500000000000002 1.2900000000000003 1.2977781046007908 10.500000000000002 2.6300000000000003 18.000000000000004 43.784391534391546 0.41063491416900294 4.5000000000000009 14.500000000000002 413877.09027777787
decision_type=8 2 2 2 2 2 2 10 2 2 2
left_child=4 -2 7 -4 5 9 -7 -3 -6 10 -1
right_child=1 2 3 -5 8 6 -8 -9 -10 -11 -12
leaf_value=0.0042423011334825865 -0.002156847560957245 0.00014082658326387075 -0.00034707205218880045 -0.0041302200561127832 0.0043623984619799508 0.0001864068571279234 -0.0028061585898171084 0.002475467294608302 0.001414636481398838 0.00036184054308149275 0.001355705699356755
leaf_weight=17 46 572 45 24 20 49 22 15.999999999999998 22 29 28
leaf_count=17 46 572 45 24 20 49 22 16 22 29 28
internal_value=7.93297e-05 -0.000148786 2.03337e-05 -0.00160666 0.000903939 0.000390037 -0.000730292 0.00024646 0.00255616 0.00141198 0.00241163
internal_weight=890 703 657 69 187 145 71 588 42 74 45
internal_count=890 703 657 69 187 145 71 588 42 74 45
is_linear=0
shrinkage=0.0353657


Tree=131
num_leaves=12
num_cat=1
split_feature=1 35 21 19 54 78 63 68 54 61 52
split_gain=0.141749 0.241012 0.175351 0.199573 0.229489 0.19302 0.174649 0.222992 0.190799 0.162933 0.149768
threshold=0 731296.94792328053 910090.92522731423 1296603.0521604943 25.500000000000004 0.67979875442302495 44.240001356668024 266489.3819277109 10.500000000000002 9.408333333333335 14.500000000000002
decision_type=1 2 8 10 8 2 2 2 8 8 2
left_child=1 6 3 4 -2 -4 7 8 -1 -10 -7
right_child=2 -3 5 -5 -6 10 -8 -9 9 -11 -12
leaf_value=-0.001843017507431379 0.0025956005039209774 -0.003360431555955069 0.0015279696966529815 0.0032425922081184355 0.00033040006691951443 -0.0027393355134684226 0.0016828801780242389 -0.0029706741442317181 0.0013454085786134026 -0.00086040505533793374 -0.00048237669663776014
leaf_weight=44 41 13.999999999999998 32 14.999999999999998 356 19 21 23 77 46 202
leaf_count=44 41 14 32 15 356 19 21 23 77 46 202
internal_value=7.56524e-05 -0.000634238 0.000331239 0.000778966 0.000624633 -0.000355475 -0.000376102 -0.000706148 -0.000275245 0.000408156 -0.000755527
internal_weight=890 225 665 412 397 253 211 190 167 123 221
internal_count=890 225 665 412 397 253 211 190 167 123 221
cat_boundaries=0 2
cat_threshold=556142080 1
is_linear=0
shrinkage=0.0353657


Tree=132
num_leaves=12
num_cat=1
split_feature=29 19 1 55 94 67 34 265 46 17 251
split_gain=0.184665 0.299002 0.161467 0.161301 0.255914 0.1828 0.165863 0.190236 0.185953 0.153663 0.150769
threshold=582716.42453703715 458589.93141025642 0 72.833333333333357 -351201.95282705798 2.9210454296661204 1.9100000000000004 1.0000000180025095e-35 178811.10683760684 500909.00000000006 62503895.507418811
decision_type=2 8 1 2 2 2 2 2 2 10 2
left_child=2 -2 -1 4 -4 -5 9 -8 -9 -6 -3
right_child=1 10 3 5 6 -7 7 8 -10 -11 -12
leaf_value=-0.00013369602272107233 -0.0027791030408246082 3.2823768242436003e-05 0.0045098040883464925 -0.001032770031384009 0.0042540478467888946 0.0015651502394951216 0.0018955999541604618 0.0003712573218669091 -0.0027118994149334633 0.0012588757108024642 -0.0017889401640362955
leaf_weight=214 39 377 17 54 27 35 37 27 20 14.999999999999998 41
leaf_count=214 39 377 17 54 27 35 37 27 20 15 41
internal_value=2.7533e-05 -0.000457661 0.000527059 0.00112906 0.00188558 0.000145637 0.001387 0.000522986 -0.000778156 0.00278177 -0.000191541
internal_weight=903 457 446 232 143 89 126 84 47 42 418
internal_count=903 457 446 232 143 89 126 84 47 42 418
cat_boundaries=0 1
cat_threshold=2717124096
is_linear=0
shrinkage=0.0353657


Tree=133
num_leaves=12
num_cat=0
split_feature=51 79 84 58 65 71 51 51 3 91 44
split_gain=0.181649 0.160168 0.331737 0.207725 0.188359 0.175738 0.169987 0.140923 0.137328 0.176581 0.19478
threshold=0.50555523414753989 0.89531096990735093 0.36740868436022794 48.500000000000007 2.7130750605326881 640746.07097578363 1.6622604545840358 1.8809000373535973 5.5000000000000009 0.91202429717034839 218416.85801804482
decision_type=2 2 10 10 8 2 2 2 2 2 8
left_child=-1 2 6 4 7 -6 8 -3 9 -2 -11
right_child=1 3 -4 -5 5 -7 -8 -9 -10 10 -12
leaf_value=-0.0017857339236793152 -0.0025556853497083068 0.00011338153944961313 0.0036025798583553879 -0.0031094301510888622 -0.002720057558861194 -6.601502447587735e-05 0.0023179415065160761 0.0025983533250563827 0.00046489616591654544 -0.00064822345060973471 0.0018983241844543412
leaf_weight=41 26 49 13.999999999999998 19 44 31 23 19 461 154 22
leaf_count=41 26 49 14 19 44 31 23 19 461 154 22
internal_value=2.60693e-05 0.000138126 0.000369267 -0.000791019 -0.00038877 -0.00142482 0.000249385 0.00078419 0.00013694 -0.000587949 -0.00022805
internal_weight=903 862 700 162 143 75 686 68 663 202 176
internal_count=903 862 700 162 143 75 686 68 663 202 176
is_linear=0
shrinkage=0.0353657


Tree=134
num_leaves=12
num_cat=1
split_feature=51 7 83 51 1 91 251 47 49 189 29
split_gain=0.172098 0.147777 0.382451 0.189265 0.19572 0.254599 0.173899 0.144123 0.141143 0.142612 0.139104
threshold=0.50555523414753989 1.5000000000000002 0.69886804538484137 1.6622604545840358 0 1.2171785310952572 62379291.978321053 77102.186507936582 -0.2005673209908739 0.026287453943466651 969947.75524475542
decision_type=2 2 2 2 1 2 2 10 8 2 2
left_child=-1 3 -3 4 5 -2 8 -5 -4 -10 -6
right_child=1 2 6 7 10 -7 -8 -9 9 -11 -12
leaf_value=-0.0017371944131737058 -0.0010730451882479612 0.0041377415965434643 0.0026829516324046571 0.0029069160867071348 0.00018420583484328703 -0.0042116900746468943 -0.0013510065776178341 0.00051629102322000545 0.00091797784874119337 -0.00097193520129008947 -0.0014921867436403153
leaf_weight=41 83 14.999999999999998 20 23 329 20 33 67 182 40 50
leaf_count=41 83 15 20 23 329 20 33 67 182 40 50
internal_value=2.62864e-05 0.000135392 0.000761752 -0.000184296 -0.000465574 -0.00162739 0.000462631 0.001123 0.000776555 0.000524392 -8.1863e-05
internal_weight=903 862 290 572 482 103 275 90 242 222 379
internal_count=903 862 290 572 482 103 275 90 242 222 379
cat_boundaries=0 1
cat_threshold=18284553
is_linear=0
shrinkage=0.0353657


Tree=135
num_leaves=12
num_cat=0
split_feature=251 5 21 40 51 91 196 83 67 89 51
split_gain=0.107973 0.215549 0.272576 0.197783 0.152985 0.217828 0.280729 0.154323 0.13331 0.113408 0.221103
threshold=62236188.141721241 3.5150000000000001 679360.46123411634 94652.535479235099 1.6622604545840358 1.2171785310952572 9.3019480519480542 1.20899718884579 2.50734126984127 -1.0000000180025095e-35 0.93323017921945262
decision_type=2 2 10 10 2 2 2 2 2 8 2
left_child=4 2 3 -2 5 9 7 -7 -6 -1 -11
right_child=1 -3 -4 -5 8 6 -8 -9 -10 10 -12
leaf_value=0.0013795676578295826 -0.00014592510076287575 -0.0033085678480973997 -0.0018325412945821419 0.0031637178578962813 0.003438668796878523 -0.0017050184211535142 0.00010774883277563069 -0.0045367867901523716 0.00095831359517306103 -0.00082255079420459187 0.00057747695159985799
leaf_weight=73 17 17 44 24 14.999999999999998 23 44 29 58 197 362
leaf_count=73 17 17 44 24 15 23 44 29 58 197 362
internal_value=2.46313e-05 -0.000945246 -0.0003427 0.00134767 0.000162554 9.31789e-06 -0.00138953 -0.00298929 0.00149668 0.000243594 7.67413e-05
internal_weight=903 102 85 41 801 728 96 52 73 632 559
internal_count=903 102 85 41 801 728 96 52 73 632 559
is_linear=0
shrinkage=0.0353657


Tree=136
num_leaves=12
num_cat=0
split_feature=51 78 29 58 78 93 21 46 76 62 46
split_gain=0.160009 0.142949 0.157115 0.139472 0.294241 0.175205 0.138871 0.142329 0.126657 0.110985 0.107903
threshold=0.50555523414753989 0.67979875442302495 376263.59140184143 38.500000000000007 1.549037229864936 3963103.3030303032 372178.17886904773 314574.44362745102 2.5000000000000004 62.010869565217398 631666.66666666686
decision_type=2 2 2 8 2 2 10 2 10 10 2
left_child=8 2 -2 5 -5 6 7 -3 -1 10 -8
right_child=1 3 -4 4 -6 -7 9 -9 -10 -11 -12
leaf_value=-0.00069514764967330291 0.0030007424738015399 0.0001758590847797441 0.00049514580669213779 -0.00020858086469483097 -0.0031761070719314968 0.001335683743683392 -0.0012955676965159476 0.0027285893278601067 -0.0033843376728245654 9.3184520409386433e-06 -0.0036330249552620521
leaf_weight=22 30 63 50 432 21 156 43 13.999999999999998 19 38 14.999999999999998
leaf_count=22 30 63 50 432 21 156 43 14 19 38 15
internal_value=2.36363e-05 0.000128889 0.00137338 -1.26682e-05 -0.000408332 0.000517954 -0.000182659 0.00073785 -0.00167675 -0.00103334 -0.00194712
internal_weight=903 862 80 782 453 329 173 77 41 96 58
internal_count=903 862 80 782 453 329 173 77 41 96 58
is_linear=0
shrinkage=0.0353657


Tree=137
num_leaves=12
num_cat=1
split_feature=29 226 5 66 219 21 88 179 1 80 136
split_gain=0.155968 0.240628 0.174425 0.247664 0.172688 0.161082 0.178502 0.153711 0.147098 0.206526 0.292209
threshold=582716.42453703715 -8.3549804499999976 2.7950000000000004 2.7559523809523814 23.500000000000004 897741.40476190497 630627.87817460333 0.027689672418345152 0 50967256.643589742 775000.00000000012
decision_type=2 2 2 8 2 8 2 2 1 2 2
left_child=8 -2 5 -4 -5 6 7 -3 -1 10 -10
right_child=1 2 3 4 -6 -7 -8 -9 9 -11 -12
leaf_value=-0.00014764268889952962 -0.002238521802546758 -0.00045978010081878352 -0.0028783036799361209 -0.00076724132559721184 0.0017264231719377931 -0.00036716539077437334 0.0035032627680202104 0.0017854633381627009 0.0013381725858029017 -0.00025219426507070461 0.0047222372502314569
leaf_weight=214 56 43 40 109 21 111 17 60 149 69 13.999999999999998
leaf_count=214 56 43 40 109 21 111 17 60 149 69 14
internal_value=2.26112e-05 -0.000423187 -0.000133217 -0.000930007 -0.000273804 0.000473592 0.00132334 0.000848591 0.000481796 0.00105627 0.00177312
internal_weight=903 457 401 170 130 231 120 103 446 232 163
internal_count=903 457 401 170 130 231 120 103 446 232 163
cat_boundaries=0 1
cat_threshold=2717124096
is_linear=0
shrinkage=0.0353657


Tree=138
num_leaves=12
num_cat=2
split_feature=89 20 31 16 1 1 93 58 20 20 71
split_gain=0.170052 0.284361 0.239434 0.203904 0.453615 0.312183 0.190417 0.293038 0.181664 0.180992 0.162777
threshold=-1.0000000180025095e-35 2.6850000000000005 2.1250000000000004 2.5650000000000004 0 1 2862540.2629731386 13.500000000000002 2.1250000000000004 2.2050000000000005 175581.57375816998
decision_type=8 8 2 2 1 1 2 8 10 8 2
left_child=1 2 -1 4 9 -5 -7 -8 -6 10 -2
right_child=3 -3 -4 5 8 6 7 -9 -10 -11 -12
leaf_value=0.0046381949468125554 0.0027411272581826678 -0.00053820571531478499 0.0013875087794314722 -0.00092177835744362943 -0.0025268367601345501 0.0024151362607665451 0.0032814809794093551 4.5477237533777883e-05 -0.00055160429431572741 -0.00078586965310051867 0.00055288346281772262
leaf_weight=25 37 38 43 110 144 78 18 167 68 71 114
leaf_count=25 37 38 43 110 144 78 18 167 68 71 114
internal_value=2.931e-05 0.00122844 0.00253614 -0.000142454 -0.000653059 0.000440243 0.00107521 0.000551216 -0.00172935 0.000401855 0.00112387
internal_weight=913 106 68 807 434 373 263 185 212 222 151
internal_count=913 106 68 807 434 373 263 185 212 222 151
cat_boundaries=0 1 2
cat_threshold=440318416 3545280
is_linear=0
shrinkage=0.0353657


Tree=139
num_leaves=12
num_cat=0
split_feature=51 87 11 77 58 51 46 56 79 199 91
split_gain=0.132932 0.254396 0.187255 0.208246 0.226588 0.279539 0.15866 0.158576 0.162956 0.153841 0.186776
threshold=0.93323017921945262 322805.97222222231 0.68301270189221941 0.79397733494094813 15.500000000000002 1.1653457935964582 651711.32305194822 34.500000000000007 -0.35488699631400006 1.0000000180025095e-35 1.1834153324789416
decision_type=2 2 2 2 8 2 2 2 2 2 2
left_child=1 -1 3 -2 5 -5 -7 -3 -9 -6 -11
right_child=2 7 -4 4 9 6 -8 8 -10 10 -12
leaf_value=-0.0026422438310469898 0.0032796995547898552 -0.0011766211246513794 -0.00045560926707980331 0.00030851217994334331 0.0013243523262369843 0.0052215465929125269 0.0021567278069729531 0.0012701179322293799 -0.00079546146473368883 0.00012630208161902446 -0.0020878526346158406
leaf_weight=40 14.999999999999998 95 223 25 85 30 13.999999999999998 103 51 197 35
leaf_count=40 15 95 223 25 85 30 14 103 51 197 35
internal_value=2.86867e-05 -0.000571527 0.000314886 0.00076519 0.000603176 0.00217207 0.00377461 -0.000180191 0.000484691 0.000205637 -0.000255326
internal_weight=913 289 624 401 386 69 44 249 154 317 232
internal_count=913 289 624 401 386 69 44 249 154 317 232
is_linear=0
shrinkage=0.0353657


Tree=140
num_leaves=12
num_cat=1
split_feature=89 31 16 0 28 76 3 116 201 31 36
split_gain=0.155099 0.409606 0.18985 0.249458 0.171387 0.160116 0.157495 0.18528 0.153685 0.148986 0.208871
threshold=-1.0000000180025095e-35 2.1250000000000004 2.5650000000000004 0 4.1650000000000009 45.500000000000007 10.500000000000002 0.072389526546696156 4.5000000000000009 1.7750000000000001 68924.738975450877
decision_type=8 2 2 1 10 8 2 2 2 2 10
left_child=1 -1 3 4 5 -2 -4 -8 -6 10 -5
right_child=2 -3 6 9 8 -7 7 -9 -10 -11 -12
leaf_value=0.0040378464153492943 -0.0015757441900367938 0.0001617011301998909 0.00082755289126882725 0.00012816384028050516 0.0020046015735520374 -0.0040581312305887178 -0.0016123513939013893 0.0012216130394126119 -0.00095914639843535342 -0.00037897665062859587 0.0030139011631640732
leaf_weight=25 184 81 287 38 20 13.999999999999998 69 17 18 124 36
leaf_count=25 184 81 287 38 20 14 69 17 18 124 36
internal_value=2.56145e-05 0.00117087 -0.000138366 -0.000631071 -0.0013527 -0.00184786 0.000423849 -0.000721123 0.000236509 0.000238181 0.00138537
internal_weight=913 106 807 434 236 198 373 86 38 198 74
internal_count=913 106 807 434 236 198 373 86 38 198 74
cat_boundaries=0 1
cat_threshold=583
is_linear=0
shrinkage=0.0353657


Tree=141
num_leaves=12
num_cat=0
split_feature=51 40 68 209 88 261 92 51 79 36 63
split_gain=0.126067 0.141963 0.251683 0.123971 0.106497 0.13966 0.125679 0.123347 0.156866 0.138854 0.135096
threshold=0.50555523414753989 347651.12452444748 584155.03125000012 0.053470941795264307 472606.03685897443 0.027109362435918303 -92219.341856172876 1.6622604545840358 -0.76056003639754666 99981.256583591545 93.949737646740985
decision_type=2 10 2 2 2 2 2 2 2 10 2
left_child=3 4 -3 -1 7 6 -6 8 -2 -9 -10
right_child=1 2 -4 -5 5 -7 -8 9 10 -11 -12
leaf_value=-0.00065176413769929423 0.00061282495785590862 0.0042696500344611204 0.00037609215541783346 -0.0032787707466060707 0.00045455196508328193 -0.00012677983186642485 0.0027942759405591008 0.0028914685373212677 -0.0007529551414897543 0.00043199996852633327 0.0012646794653639237
leaf_weight=28 150 14.999999999999998 17 14.999999999999998 20 55 51 17 461 64 20
leaf_count=28 150 15 17 15 20 55 51 17 461 64 20
internal_value=2.54782e-05 0.000120134 0.00185409 -0.00145994 2.95338e-05 0.000895218 0.00186463 -0.000135708 -0.000304893 0.000994621 -0.000613705
internal_weight=913 870 32 43 838 126 71 712 631 81 481
internal_count=913 870 32 43 838 126 71 712 631 81 481
is_linear=0
shrinkage=0.0353657


Tree=142
num_leaves=12
num_cat=2
split_feature=89 31 16 1 58 43 1 93 29 39 55
split_gain=0.140259 0.384718 0.173686 0.399667 0.228228 0.211297 0.192436 0.184937 0.165972 0.180882 0.198637
threshold=-1.0000000180025095e-35 2.1250000000000004 2.5650000000000004 0 13.500000000000002 878072.60968436336 1 2862540.2629731386 410933.75329218112 226153.15530303036 72.833333333333357
decision_type=8 2 2 1 8 2 1 2 2 2 2
left_child=1 -1 3 8 -4 -5 -6 -8 9 -2 -11
right_child=2 -3 4 5 6 -7 7 -9 -10 10 -12
leaf_value=0.0038913380509019877 -0.00024143928744212859 0.00014800089937746044 0.0025585660034132601 -0.0013122189230400764 -0.0009266286796954542 -0.0038237715680435585 0.0019889884841503814 9.1842297974771247e-05 -0.00014217637073373751 0.0044607177791922891 0.0013347172549230861
leaf_weight=25 13.999999999999998 81 32 185 106 27 74 161 153 26 29
leaf_count=25 14 81 32 185 106 27 74 161 153 26 29
internal_value=2.56896e-05 0.00111482 -0.00013018 -0.000601484 0.000407507 -0.00161184 0.000152634 0.000675491 0.000387954 0.00168546 0.0026972
internal_weight=913 106 807 434 373 212 341 235 222 69 55
internal_count=913 106 807 434 373 212 341 235 222 69 55
cat_boundaries=0 1 2
cat_threshold=440318416 2496736
is_linear=0
shrinkage=0.0353657


Tree=143
num_leaves=12
num_cat=1
split_feature=89 31 51 16 1 20 43 29 256 48 219
split_gain=0.132303 0.365646 0.168861 0.14178 0.342857 0.259102 0.226383 0.182781 0.126418 0.124423 0.124385
threshold=-1.0000000180025095e-35 2.1250000000000004 0.50555523414753989 2.5650000000000004 0 2.2050000000000005 878072.60968436336 392132.48759226192 0.035799352814138756 -106313.49189285711 18.000000000000004
decision_type=8 2 2 2 1 8 2 2 2 10 2
left_child=1 -1 -2 4 5 7 8 -4 9 -6 -5
right_child=2 -3 3 10 6 -7 -8 -9 -10 -11 -12
leaf_value=0.003788472523184819 -0.0020157165784203982 0.00014364709184198725 0.0030008747784464199 -0.00013780290652857046 -0.00071448368122717257 -0.00095994772081848905 -0.0037008917825146898 0.00068661219547415701 -4.5251310914914011e-05 -0.0027206973264802541 0.0010935361158109355
leaf_weight=25 32 81 40 173 51 70 26 103 68 59 185
leaf_count=25 32 81 40 173 51 70 26 103 68 59 185
internal_value=2.42004e-05 0.00108202 -0.000127146 -2.14715e-05 -0.00045194 0.00047503 -0.00140468 0.00135185 -0.00107397 -0.00172627 0.000477775
internal_weight=913 106 807 775 417 213 204 143 178 110 358
internal_count=913 106 807 775 417 213 204 143 178 110 358
cat_boundaries=0 1
cat_threshold=507427264
is_linear=0
shrinkage=0.0353657


Tree=144
num_leaves=12
num_cat=0
split_feature=7 82 29 167 37 36 14 9 31 51 78
split_gain=0.115288 0.227227 0.12721 0.129289 0.125166 0.229699 0.294123 0.126737 0.196822 0.145687 0.148172
threshold=1.0000000180025095e-35 -17759.64293981477 364048.21666666673 23.500000000000004 1486116.9501633991 264543.67551045452 3.3950000000000005 1.0000000180025095e-35 1.5600000000000003 0.99999999996752897 0.87941268734947486
decision_type=2 2 2 2 2 10 10 2 2 2 2
left_child=1 -1 -3 -4 5 7 -7 8 -2 10 -10
right_child=4 2 3 -5 -6 6 -8 -9 9 -11 -12
leaf_value=-0.0030360969151998385 0.0026717839021926826 0.00082831807937117183 -0.0015584297495487072 0.00039753462308341896 0.0018163216077350685 -0.0046132439456031127 -0.00034498172877952892 -0.00097290074039528313 0.00033444178830660244 0.00091378875062671304 -0.0011645247987968311
leaf_weight=21 23 61 93 40 35 17.000000000000004 13.999999999999998 65 193 247 107
leaf_count=21 23 61 93 40 35 17 14 65 193 247 107
internal_value=2.00317e-05 -0.000656723 -0.000306374 -0.000857782 0.000237478 0.000129322 -0.00208067 0.000277306 0.000448722 0.000309639 -0.000193588
internal_weight=916 215 194 133 701 666 31 635 570 547 300
internal_count=916 215 194 133 701 666 31 635 570 547 300
is_linear=0
shrinkage=0.0353657


Tree=145
num_leaves=12
num_cat=1
split_feature=47 37 42 1 51 37 89 31 84 54 44
split_gain=0.11083 0.126419 0.145016 0.123909 0.162442 0.155231 0.108527 0.299105 0.112629 0.101282 0.201761
threshold=281627.84602124197 1532496.8274159667 970650.07575757592 0 1.7282004116101233 1280349.2013888892 -1.0000000180025095e-35 2.1250000000000004 0.34209817028860062 79.500000000000014 175002.02936255076
decision_type=10 2 2 1 2 2 8 2 10 10 10
left_child=1 2 3 4 9 6 7 -5 -8 10 -1
right_child=-2 -3 -4 5 -6 -7 8 -9 -10 -11 -12
leaf_value=0.0011689708288041272 -0.0014438422441278122 0.0018208583437978297 -0.0020333226433560786 0.0038033848894646312 0.0030158479092243615 -0.0021804211191464151 -8.8298077111067234e-05 0.00013120853728831075 -0.001734254587457789 0.0017344618540439036 -0.0010313142057995085
leaf_weight=84 37 27 17 15.999999999999998 13.999999999999998 21 493 54 33 45 75
leaf_count=84 37 27 17 16 14 21 493 54 33 45 75
internal_value=1.99578e-05 0.000102462 2.38938e-05 9.5572e-05 0.00076446 -0.000156102 -5.07238e-05 0.00107152 -0.000222341 0.000559516 0.000144022
internal_weight=916 879 852 835 218 617 596 70 526 204 159
internal_count=916 879 852 835 218 617 596 70 526 204 159
cat_boundaries=0 1
cat_threshold=202482052
is_linear=0
shrinkage=0.0353657


Tree=146
num_leaves=12
num_cat=0
split_feature=87 82 29 78 55 10 31 24 36 19 33
split_gain=0.10732 0.216031 0.118908 0.11828 0.11698 0.118491 0.20145 0.154869 0.114043 0.113689 0.134774
threshold=1.0000000180025095e-35 -17759.64293981477 364048.21666666673 1.8247836930809591 2.8333333333333335 1.0000000180025095e-35 1.5600000000000003 3.1750000000000003 72665.761052756381 406317.09375000006 -0.055000000000000153
decision_type=2 2 2 2 2 2 2 10 8 8 2
left_child=1 -1 9 4 -2 6 -6 8 -7 10 -3
right_child=3 2 -4 -5 5 7 -8 -9 -10 -11 -12
leaf_value=-0.0029535824059138444 -0.0015288055508112239 -0.0016213894418705441 -0.0008248104372188548 -0.0016912804694154439 0.0029302768762892034 -0.002007873790128126 0.00048523538707304732 0.0013129166254029453 -0.00017068547894792473 0.0024503336876664614 0.0010929724936559026
leaf_weight=21 17 13.999999999999998 133 13.999999999999998 21 57 508 23 61 18 29
leaf_count=21 17 14 133 14 21 57 508 23 61 18 29
internal_value=1.90434e-05 -0.000633857 -0.000291728 0.000228886 0.000306848 0.000389157 0.00062954 -0.00044455 -0.00101038 0.000805275 0.000170354
internal_weight=916 215 194 701 687 670 529 141 118 61 43
internal_count=916 215 194 701 687 670 529 141 118 61 43
is_linear=0
shrinkage=0.0353657


Tree=147
num_leaves=12
num_cat=1
split_feature=47 37 37 1 31 93 79 43 29 22 47
split_gain=0.102895 0.119583 0.124387 0.162719 0.201017 0.154793 0.133184 0.164425 0.1177 0.113788 0.110334
threshold=281627.84602124197 1532496.8274159667 1377664.3727554565 0 1.5600000000000003 5522772.9504077332 -0.76056003639754666 848162.00739254651 430669.89668803423 1.5850000000000002 203521.25982142854
decision_type=10 2 2 1 2 2 2 2 2 10 10
left_child=1 2 3 4 8 -4 -5 10 -1 -9 -8
right_child=-2 -3 5 6 -6 -7 7 9 -10 -11 -12
leaf_value=0.0048349137037002931 -0.0013930970986181217 0.001768099505846679 -0.00046906218173545851 0.00058412990616169523 0.00052323703719631587 -0.0035830201587105292 -0.00045768801168346104 -0.0040638815464249427 0.0019698739534831813 -0.001403119517519517 0.0014809842463451321
leaf_weight=14.000000000000002 37 27 14.000000000000002 163 206 14.999999999999998 376 15.999999999999998 13.999999999999998 19 14.999999999999998
leaf_count=14 37 27 14 163 206 15 376 16 14 19 15
internal_value=1.73029e-05 9.68474e-05 2.0386e-05 0.000103388 0.000835345 -0.00164763 -0.00020378 -0.000535311 0.0029331 -0.00231778 -0.000333005
internal_weight=916 879 852 823 234 29 589 426 28 35 391
internal_count=916 879 852 823 234 29 589 426 28 35 391
cat_boundaries=0 2
cat_threshold=210870660 1
is_linear=0
shrinkage=0.0353657


Tree=148
num_leaves=12
num_cat=0
split_feature=51 78 45 57 76 108 92 48 3 51 29
split_gain=0.107012 0.112862 0.133918 0.105688 0.10202 0.100169 0.130334 0.11075 0.0973238 0.216455 0.107822
threshold=0.50555523414753989 0.67979875442302495 218182.10000000003 38.500000000000007 2.5000000000000004 16.000000000000004 263607.96954741533 244401.13544973542 3.5000000000000004 1.3500000916018622 234613.75000000003
decision_type=2 2 2 10 10 2 2 8 2 2 2
left_child=4 3 -3 -2 -1 6 8 -8 9 -4 -10
right_child=1 2 5 -5 -6 -7 7 -9 10 -11 -12
leaf_value=-0.000488078201711008 0.00039485286791649275 -0.0020030909244326605 -0.0019057939606106019 0.0024193436965990246 -0.0028560497479860267 -0.0017287733428897993 0.0033301060322664558 0.00090000559070634544 0.0017763086508702961 0.00019662204340273223 0.00011217459778106524
leaf_weight=19 47 17 81 36 20 13.999999999999998 13.999999999999998 35 29 118 486
leaf_count=19 47 17 81 36 20 14 14 35 29 118 486
internal_value=1.75889e-05 0.000100696 -2.53604e-05 0.00118995 -0.00139648 4.4755e-05 0.000107849 0.00154461 -1.08214e-05 -0.000640404 0.000236409
internal_weight=916 877 794 83 39 777 763 49 714 199 515
internal_count=916 877 794 83 39 777 763 49 714 199 515
is_linear=0
shrinkage=0.0353657


Tree=149
num_leaves=12
num_cat=1
split_feature=1 29 50 188 22 87 68 29 44 94 27
split_gain=0.0995886 0.21703 0.203803 0.16706 0.287 0.165968 0.147051 0.145277 0.193127 0.190064 0.103648
threshold=0 727838.37200276589 870252.74895705772 0.14374500725831221 1.5850000000000002 1313797.0833333337 354407.71428571438 585911.00855745154 197587.67551562021 -207991.12818223456 205845.99561403514
decision_type=1 2 2 2 10 2 2 2 10 2 8
left_child=1 5 7 4 -3 -1 -6 8 10 -9 -2
right_child=2 3 -4 -5 6 -7 -8 9 -10 -11 -12
leaf_value=0.00095923555920471868 0.0014299756531494642 -0.0032136531382900473 -0.0028548310771439977 0.00063411121010066704 0.0011735559635118326 0.0033419533128096236 -0.0010095255749570009 -0.00036952500392309752 0.002309396782732284 -0.0030092705493941592 -0.00027734272671300539
leaf_weight=155 26 33 13.999999999999998 124 39 21 71 58 22 34 319
leaf_count=155 26 33 14 124 39 21 71 58 22 34 319
internal_value=1.62767e-05 0.000383719 -0.00032711 -0.000202562 -0.000991651 0.00130482 -0.000237346 -0.000199097 0.000107727 -0.00131073 -9.00898e-05
internal_weight=916 443 473 267 143 176 110 459 367 92 345
internal_count=916 443 473 267 143 176 110 459 367 92 345
cat_boundaries=0 1
cat_threshold=1283564029
is_linear=0
shrinkage=0.0353657


Tree=150
num_leaves=12
num_cat=1
split_feature=1 35 63 21 87 29 201 16 51 16 59
split_gain=0.128804 0.233432 0.162237 0.209572 0.137706 0.158804 0.228648 0.146682 0.138996 0.126496 0.119057
threshold=0 737880.09153040068 44.240001356668024 223016.56818181821 185641.28526645771 653067.04545454553 4.5000000000000009 2.6300000000000003 1.3260716808202724 2.4400000000000004 52.166666666666679
decision_type=1 2 2 10 2 2 2 2 2 2 2
left_child=1 2 3 10 8 6 7 -6 9 -2 -1
right_child=4 -3 -4 -5 5 -7 -8 -9 -10 -11 -12
leaf_value=-5.2055485642434797e-05 -0.0028983757600284034 -0.0034347873941175597 0.0013848585816659616 -0.0017186296704576446 0.0021035663464682927 -1.7495703304189505e-05 0.00072481065023337875 0.005209099079826556 0.00032412391768639161 -0.00075520787688749614 0.0022507955628444029
leaf_weight=61 33 13.999999999999998 25 116 14.999999999999998 311 169 17 69 64 13.999999999999998
leaf_count=61 33 14 25 116 15 311 169 17 69 64 14
internal_value=-7.686e-05 -0.000746433 -0.000500912 -0.000838747 0.000165318 0.000454238 0.0011917 0.0032774 -0.000650697 -0.00147978 0.000391865
internal_weight=908 230 216 191 678 512 201 32 166 97 75
internal_count=908 230 216 191 678 512 201 32 166 97 75
cat_boundaries=0 2
cat_threshold=2736918016 1
is_linear=0
shrinkage=0.0353657


Tree=151
num_leaves=12
num_cat=0
split_feature=79 84 58 187 51 212 5 251 24 84 91
split_gain=0.123736 0.219269 0.21483 0.249406 0.113986 0.124987 0.187927 0.122726 0.117323 0.105864 0.101556
threshold=0.85513657534026566 0.41063491416900294 23.500000000000004 28.000000000000004 1.6622604545840358 0.052611353891074512 1.5850000000000002 60794228.770375915 2.5900000000000003 0.34209817028860062 1.1494837995968694
decision_type=2 10 8 2 2 2 2 2 8 8 2
left_child=1 4 -2 -4 5 7 -7 8 -1 -8 -10
right_child=2 -3 3 -5 -6 6 9 -9 10 -11 -12
leaf_value=0.0017623393268370404 0.00017899484555397235 0.0026826635551013387 -0.0013391037278639639 -0.0046684590120471652 0.0017584534454534043 -0.0028858985767892227 -3.7324297658264678e-05 -0.00074384541581592339 0.00046899297518451842 -0.002084466714779719 -0.00099372831681684959
leaf_weight=53 86 15.999999999999998 74 13.999999999999998 21 25 124 110 324 14.999999999999998 46
leaf_count=53 86 16 74 14 21 25 124 110 324 15 46
internal_value=-7.41746e-05 0.000122402 -0.000867938 -0.00200432 2.4502e-05 -5.71089e-05 -0.000855047 0.000196854 0.000471368 -0.000410582 0.000256257
internal_weight=908 734 174 88 718 697 164 533 423 139 370
internal_count=908 734 174 88 718 697 164 533 423 139 370
is_linear=0
shrinkage=0.0353657


Tree=152
num_leaves=12
num_cat=0
split_feature=78 29 239 95 76 129 11 62 61 44 78
split_gain=0.121876 0.185052 0.116955 0.137907 0.163255 0.136899 0.161033 0.132946 0.193358 0.128392 0.124509
threshold=0.61685134855867874 390457.28598484857 1.0000000180025095e-35 -109216.51967930039 45.500000000000007 8.2575757575757596 -0.6830127018922193 11.309523809523812 7.0625000000000009 204873.30872094166 0.9875663877385058
decision_type=2 2 2 2 8 2 2 10 10 10 2
left_child=1 -1 -2 7 5 6 -5 8 -4 -10 -8
right_child=2 -3 3 4 -6 -7 10 -9 9 -11 -12
leaf_value=0.00352646974235173 -0.0020025627506489799 0.00043373546401128044 0.00097420038383501492 0.00036163157225142496 -0.0021854916557574101 1.6028661655763707e-05 -0.0034920784700251013 0.0012286895586653202 -0.00046294497499218146 -0.0025825369233616296 -0.0012133779607809859
leaf_weight=13.999999999999998 18 38 89 21 40 360 33 135 91 27 42
leaf_count=14 18 38 89 21 40 360 33 135 91 27 42
internal_value=-7.186e-05 0.00129261 -0.000174467 -0.000109164 -0.000477086 -0.000293075 -0.0013453 0.00041744 -9.22031e-05 -0.00097936 -0.00216099
internal_weight=908 52 856 838 496 456 96 342 207 118 75
internal_count=908 52 856 838 496 456 96 342 207 118 75
is_linear=0
shrinkage=0.0353657


Tree=153
num_leaves=12
num_cat=1
split_feature=1 35 51 43 34 50 21 88 241 212 251
split_gain=0.119695 0.219139 0.151054 0.148274 0.146597 0.123428 0.114747 0.155596 0.130703 0.126926 0.127061
threshold=0 737880.09153040068 0.99919502435437302 524015.34109399951 1.6550000000000002 402123.27759905503 653067.04545454553 1.0000000180025095e-35 19.000000000000004 0.070353481356061662 60777096.759104066
decision_type=1 2 2 2 2 2 8 2 2 2 2
left_child=1 2 4 5 -1 -4 7 -2 -9 10 -8
right_child=6 -3 3 -5 -6 -7 9 8 -10 -11 -12
leaf_value=-0.00039160974539247486 0.00037060697303812153 -0.0033191897924348232 0.00037593830833697187 0.0021808538729060222 -0.0028004089717639344 -0.0016535863564685271 0.00029071076024013149 0.0014553655158546066 0.0041388971895934996 -0.0020903613051496657 -0.0010262293536653182
leaf_weight=38 192 13.999999999999998 89 17 42 30 326 29 15.999999999999998 15.999999999999998 99
leaf_count=38 192 14 89 17 42 30 326 29 16 16 99
internal_value=-6.91441e-05 -0.000714736 -0.000476167 0.000191095 -0.00152916 -0.000181752 0.000164155 0.00076838 0.00229389 -0.000155395 -3.60004e-05
internal_weight=908 230 216 136 80 119 678 237 45 441 425
internal_count=908 230 216 136 80 119 678 237 45 441 425
cat_boundaries=0 2
cat_threshold=2736918016 1
is_linear=0
shrinkage=0.0353657


Tree=154
num_leaves=12
num_cat=1
split_feature=78 29 66 1 63 92 36 60 12 40 25
split_gain=0.117384 0.175184 0.137596 0.217872 0.225 0.167546 0.159265 0.150707 0.131794 0.184409 0.119662
threshold=0.61685134855867874 390457.28598484857 2.765567765567766 0 28.181721061674192 -71963.105732035576 251073.40791145762 8.017241379310347 0.6830127018922193 122158.01960073297 364048.21666666673
decision_type=2 2 10 1 2 2 10 2 2 10 10
left_child=1 -1 3 4 -2 -4 8 -7 -5 10 -10
right_child=2 -3 5 6 -6 7 -8 -9 9 -11 -12
leaf_value=0.003446065468977735 0.0011996318022922288 0.00043615679096570725 -0.00064041592012509447 -0.00042730624943886157 -0.00084673466689937256 0.0028703575087671001 -0.0031042409508603096 0.00069378355428652153 -0.0019147550018508148 -0.0040002169287181406 0.00032844082655598359
leaf_weight=13.999999999999998 143 38 82 258 87 27 18 149 53 18 21
leaf_count=14 143 38 82 258 87 27 18 149 53 18 21
internal_value=-6.84147e-05 0.00127066 -0.000169139 -0.000460385 0.000342293 0.000479143 -0.000968822 0.00108932 -0.000830894 -0.00184801 -0.00122246
internal_weight=908 52 856 598 230 258 368 176 350 92 74
internal_count=908 52 856 598 230 258 368 176 350 92 74
cat_boundaries=0 1
cat_threshold=214741012
is_linear=0
shrinkage=0.0353657


Tree=155
num_leaves=12
num_cat=1
split_feature=79 136 136 93 25 1 51 61 80 94 83
split_gain=0.112496 0.184475 0.143633 0.124795 0.142335 0.11337 0.131518 0.105049 0.100905 0.0994806 0.0931096
threshold=0.85513657534026566 1100000.0000000002 850000.00000000012 758476.7275862071 511989.73538030597 0 1.171307493356895 20.873015873015877 94967710.12121214 517655.01547295001 1.1833877513830056
decision_type=2 2 2 2 8 1 2 10 2 2 2
left_child=1 3 -2 4 -1 -5 7 10 -9 -8 -7
right_child=2 -3 -4 5 -6 6 9 8 -10 -11 -12
leaf_value=-0.0029863023546600241 -0.00050903195398581522 0.0024394382632743181 -0.0027609669434364961 -0.00044919901289144123 -0.00038900142391182522 0.00098511557575585136 0.0027423872661700411 -0.0010155814411862355 0.00058154352867795722 0.00072855897062012228 -0.00082658932019298852
leaf_weight=22 155 17 19 214 37 187 41 109 53 37 17
leaf_count=22 155 17 19 214 37 187 41 109 53 37 17
internal_value=-6.67924e-05 0.000120582 -0.000823708 2.86117e-05 -0.00127676 0.000167775 0.000480223 0.000221614 -0.000408024 0.00164603 0.000719927
internal_weight=908 734 174 717 59 658 444 366 162 78 204
internal_count=908 734 174 717 59 658 444 366 162 78 204
cat_boundaries=0 1
cat_threshold=3006925312
is_linear=0
shrinkage=0.0353657


Tree=156
num_leaves=12
num_cat=1
split_feature=43 1 37 27 49 61 43 58 56 27 23
split_gain=0.10177 0.149275 0.180563 0.175181 0.118436 0.149894 0.105168 0.141945 0.163614 0.132321 0.126564
threshold=1325740.1624240619 0 1265089.9621212122 694844.8567894625 -0.21483872071965732 6.4891304347826102 882529.16715190944 14.500000000000002 19.500000000000004 278244.46085858595 631332.03333333344
decision_type=2 1 2 8 10 10 2 8 2 10 10
left_child=1 4 6 -4 -1 -6 7 10 -9 -10 -3
right_child=-2 2 3 -5 5 -7 -8 8 9 -11 -12
leaf_value=0.0023179027689457531 -0.0015926116489923035 0.00020883816145829184 -0.0009798595946943075 -0.0042907861013723762 -0.0011478166488051852 0.00093587629006519233 -0.0017931647729817087 -0.001104764985127564 0.00067610583469949028 -0.00067877253862000224 0.0022680541775396365
leaf_weight=35 22 47 14.000000000000002 14.999999999999998 30 166 17 151 234 113 50
leaf_count=35 22 47 14 15 30 166 17 151 234 113 50
internal_value=3.16661e-05 9.6238e-05 -0.000176957 -0.00218124 0.000810586 0.000545076 -5.04364e-05 3.44696e-05 -0.000198235 0.000202457 0.00114103
internal_weight=894 872 641 29 231 196 612 595 498 347 97
internal_count=894 872 641 29 231 196 612 595 498 347 97
cat_boundaries=0 1
cat_threshold=1216455104
is_linear=0
shrinkage=0.0353657


Tree=157
num_leaves=12
num_cat=1
split_feature=280 251 5 29 84 59 1 25 35 16 180
split_gain=0.108664 0.104438 0.176813 0.150724 0.262714 0.131055 0.143809 0.198319 0.164715 0.152492 0.148983
threshold=0.030668064915636405 62236188.141721241 3.5150000000000001 778197.91745370382 0.27115414842137681 118.66666666666667 0 924190.78947368439 316908.51120341098 2.6850000000000005 3.5000000000000004
decision_type=2 2 2 2 10 2 1 8 2 2 2
left_child=1 5 3 4 -3 6 9 -8 -9 -1 -10
right_child=-2 2 -4 -5 -6 -7 7 8 10 -11 -12
leaf_value=-0.00092085864104220086 -0.0012511866958965017 -0.00029614141954027327 -0.0029688153068081454 -0.0015052450994051392 0.0034266671207806325 0.0018911535795749031 0.0015129126018769117 -0.0021806785797733024 0.00098622364083389273 0.0005784255653929443 -0.00071876403283285036
leaf_weight=211 53 32 17 38 13.999999999999998 35 161 15.999999999999998 121 107 89
leaf_count=211 53 32 17 38 14 35 161 16 121 107 89
internal_value=2.78545e-05 0.000127317 -0.000824047 -0.000279523 0.000872799 0.000273982 0.000167949 0.000602463 -6.12617e-06 -0.000364549 0.000232084
internal_weight=894 841 101 84 46 740 705 387 226 318 210
internal_count=894 841 101 84 46 740 705 387 226 318 210
cat_boundaries=0 1
cat_threshold=894979606
is_linear=0
shrinkage=0.0353657


Tree=158
num_leaves=12
num_cat=1
split_feature=43 1 78 25 17 212 5 29 56 87 68
split_gain=0.0940984 0.135618 0.18258 0.273013 0.117036 0.0891616 0.131066 0.107621 0.168451 0.111818 0.123647
threshold=1325740.1624240619 0 1.4959773029332879 1107625.8653846157 1335332.4197530865 0.052611353891074512 1.5850000000000002 364048.21666666673 54.500000000000007 813615.43750000012 185421.25000000003
decision_type=2 1 2 8 8 2 2 2 2 2 2
left_child=1 4 5 -4 -1 7 -7 8 -3 -9 -11
right_child=-2 2 3 -5 -6 6 -8 9 -10 10 -12
leaf_value=0.00053750021712549293 -0.0015364939097280961 0.00056095812031279365 -0.00055821926234755155 -0.0045918890589940154 0.0023657286348176417 -0.002278062737504416 -0.00028014894308479117 -0.0005848855560465655 0.0031536698416269639 0.0025304633213519461 0.00031974756673894245
leaf_weight=189 22 78 17 15.999999999999998 30 29 148 194 20 13.999999999999998 137
leaf_count=189 22 78 17 16 30 29 148 194 20 14 137
internal_value=2.53882e-05 8.75331e-05 -0.000163929 -0.00210288 0.000790682 -3.03817e-05 -0.000657596 0.000231405 0.00116118 -4.32694e-05 0.00061249
internal_weight=894 872 653 33 219 620 177 443 98 345 151
internal_count=894 872 653 33 219 620 177 443 98 345 151
cat_boundaries=0 1
cat_threshold=1250009472
is_linear=0
shrinkage=0.0353657


Tree=159
num_leaves=12
num_cat=2
split_feature=280 251 5 92 59 1 16 27 44 1 97
split_gain=0.0987801 0.0973143 0.166482 0.164134 0.121791 0.134303 0.172576 0.142995 0.153623 0.139902 0.153805
threshold=0.030668064915636405 62236188.141721241 3.5150000000000001 189124.81875513922 118.66666666666667 0 2.8500000000000001 413546.47417105845 28201.026365559952 1 3.5000000000000004
decision_type=2 2 2 2 2 1 2 8 10 1 2
left_child=1 4 3 -3 5 6 -1 8 -7 10 -9
right_child=-2 2 -4 -5 -6 7 -8 9 -10 -11 -12
leaf_value=-0.0018201829179810179 -0.0011948776773856326 -0.0009164247912483959 -0.0028796716568985636 0.0017493376447857757 0.0018200670023323761 0.00068141653323929355 0.00073600797967166649 -0.0026968114219785466 0.0035422707442147269 0.00048469579059775815 -0.0003137039309460901
leaf_weight=75 53 68 17 15.999999999999998 35 22 25 21 24 441 97
leaf_count=75 53 68 17 16 35 22 25 21 24 441 97
internal_value=2.45628e-05 0.000119458 -0.000798849 -0.000269575 0.000261065 0.000158789 -0.000863376 0.000355041 0.00189043 0.000206503 -0.000738931
internal_weight=894 841 101 84 740 705 100 605 46 559 118
internal_count=894 841 101 84 740 705 100 605 46 559 118
cat_boundaries=0 1 2
cat_threshold=553665538 270145536
is_linear=0
shrinkage=0.0353657


Tree=160
num_leaves=12
num_cat=1
split_feature=280 12 251 83 90 59 1 29 31 51 94
split_gain=0.0931864 0.0930152 0.0912265 0.14939 0.188173 0.115388 0.124349 0.167617 0.125737 0.109163 0.109407
threshold=0.030668064915636405 1.0000000180025095e-35 62236188.141721241 0.73754893485700468 0.93084498186111209 118.66666666666667 0 305439.49358974368 2.8900000000000001 1.702939500738806 278418.18305555556
decision_type=2 2 2 2 10 2 1 2 2 2 2
left_child=2 -2 5 -4 -5 6 7 -1 -9 10 -8
right_child=1 -3 3 4 -6 -7 9 8 -10 -11 -12
leaf_value=0.00097591295891520592 -5.6414530793706547e-05 -0.0022049660580789271 0.00096620832435278549 -0.0037545836260587683 -0.0008293236618578028 0.0017704032543852119 0.00050087899570488655 -0.0024908177017918857 -0.00022876361581593627 0.0017178069887726982 -0.0005511434245630886
leaf_weight=18 18 35 19 13.999999999999998 68 35 416 60 22 43 146
leaf_count=18 18 35 19 14 68 35 416 60 22 43 146
internal_value=2.35473e-05 -0.00116082 0.000115755 -0.000773281 -0.00148171 0.000252906 0.000153295 -0.000830197 -0.00165493 0.000342156 0.000217433
internal_weight=894 53 841 101 82 740 705 100 82 605 562
internal_count=894 53 841 101 82 740 705 100 82 605 562
cat_boundaries=0 1
cat_threshold=553665538
is_linear=0
shrinkage=0.0353657


Tree=161
num_leaves=12
num_cat=1
split_feature=280 95 27 1 71 92 51 79 29 87 42
split_gain=0.0868686 0.088771 0.0877372 0.122169 0.340832 0.196554 0.163669 0.171093 0.115087 0.131926 0.134316
threshold=0.030668064915636405 1.0000000180025095e-35 218433.03935860062 0 227240.01055555555 -34633.600419127317 0.99999999996349231 -0.73194404433976612 398767.08788819885 342860.85076306394 447071.26111111121
decision_type=2 2 8 1 2 2 2 2 2 2 2
left_child=2 -2 -1 4 5 -4 7 -7 -5 10 -10
right_child=1 -3 3 8 -6 6 -8 -9 9 -11 -12
leaf_value=0.0016075586666154656 -3.7858628942994028e-05 -0.0021362423280393409 0.0019855317933313099 0.0012544557517000217 -0.0039400459740099852 -0.001093033875635816 0.00022376044289790307 -0.0042112450740189947 -0.0022320824401966741 0.00031947453448251167 -0.00021415109988306405
leaf_weight=23 18 35 15.999999999999998 95 15.999999999999998 25 47 15.999999999999998 42 476 85
leaf_count=23 18 35 16 95 16 25 47 16 42 476 85
internal_value=2.52078e-05 -0.00111823 0.000114279 5.0466e-05 -0.000856514 -0.00027184 -0.000850445 -0.00220278 0.000230215 5.68755e-05 -0.00086974
internal_weight=894 53 841 818 120 104 88 41 698 603 127
internal_count=894 53 841 818 120 104 88 41 698 603 127
cat_boundaries=0 2
cat_threshold=18881536 1
is_linear=0
shrinkage=0.0353657


Tree=162
num_leaves=12
num_cat=0
split_feature=51 77 87 79 136 51 77 18 94 90 63
split_gain=0.0833422 0.219709 0.154496 0.131255 0.112517 0.102645 0.207348 0.200671 0.142094 0.108825 0.0979021
threshold=0.93323017921945262 0.79397733494094813 196058.04206138689 -0.35488699631400006 1100000.0000000002 1.6622604545840358 1.1494837995968694 2.3400000000000003 644128.30576748203 1.2183321210999578 19.721230158730162
decision_type=2 2 2 2 2 2 2 10 2 10 2
left_child=2 -2 -1 -4 5 6 10 9 -7 -8 -3
right_child=1 4 3 -5 -6 8 7 -9 -10 -11 -12
leaf_value=-0.0022592211236867848 0.0028255781025295296 0.0010111205438864338 0.00032694201800850819 -0.0012133364349825202 -0.0017039254022034164 0.0029751931315822886 -0.0006441217267371262 -0.0020945926144935187 0.00057771748101947832 0.001519681030089594 -9.0103312453441065e-05
leaf_weight=30 14.999999999999998 183 170 82 15.999999999999998 21 38 84 70 28 168
leaf_count=30 15 183 170 82 16 21 38 84 70 28 168
internal_value=7.94514e-06 0.000233286 -0.000474218 -0.00020592 0.000121315 0.000206822 1.12765e-05 -0.0010097 0.00117608 0.000147081 0.00046426
internal_weight=905 623 282 252 608 592 501 150 91 66 351
internal_count=905 623 282 252 608 592 501 150 91 66 351
is_linear=0
shrinkage=0.0353657


Tree=163
num_leaves=12
num_cat=1
split_feature=29 27 1 49 22 84 54 57 16 25 221
split_gain=0.119003 0.163024 0.128033 0.179597 0.259179 0.122131 0.0928404 0.112658 0.140003 0.136918 0.202608
threshold=1047080.9469343292 879774.28667027422 0 0.19541156406719756 2.8500000000000001 0.19497440821386156 5.5000000000000009 10.500000000000002 2.1250000000000004 955858.98410087731 0.029806702909084503
decision_type=2 10 1 8 8 10 8 8 2 8 2
left_child=2 -2 3 4 5 -1 -4 8 -8 -10 -11
right_child=1 -3 6 -5 -6 -7 7 -9 9 10 -12
leaf_value=0.0026728413771013341 -0.0023125953375452042 -8.475085300664042e-05 -0.001322414134822518 -0.0004590476234546762 0.00058964566948145874 0.0053256499720750385 0.00037724087292596652 0.00032032922644844897 -0.00041905630741102671 -0.0048717486971083376 -0.0015948442019182261
leaf_weight=23 48 66 41 32 48 20 52 487 39 15.999999999999998 33
leaf_count=23 48 66 41 32 48 20 52 487 39 16 33
internal_value=7.22702e-06 -0.000959017 0.000160781 0.00107567 0.00196927 0.00365115 -3.32951e-05 6.80976e-05 -0.000742105 -0.00157243 -0.00268556
internal_weight=905 114 791 123 91 43 668 627 140 88 49
internal_count=905 114 791 123 91 43 668 627 140 88 49
cat_boundaries=0 1
cat_threshold=1208025476
is_linear=0
shrinkage=0.0353657


Tree=164
num_leaves=12
num_cat=0
split_feature=78 60 77 77 29 58 84 60 130 52 25
split_gain=0.0740145 0.106906 0.0997211 0.112378 0.149823 0.111627 0.224142 0.152667 0.193002 0.119676 0.111301
threshold=0.63718531738347906 6.0227272727272743 0.67743896978212137 0.78084313348451306 525278.34749068611 14.500000000000002 0.32961098162753172 42.729166666666679 0.074131959960167623 246.00000000000003 846931.50982343697
decision_type=2 2 2 2 2 8 10 2 2 2 10
left_child=1 -1 -2 4 -4 7 9 10 -9 -7 -5
right_child=2 -3 3 5 -6 6 -8 8 -10 -11 -12
leaf_value=0.0021591867854746471 -0.001751874043597466 7.5404582020398143e-05 0.0032521676842459241 0.0011227241864999839 0.00049369645245625005 -0.00033730258736386533 -0.0025617543632111555 0.00070622815754103408 -0.001989479183183963 0.001275151569743838 0.0033476885200061967
leaf_weight=34 19 37 14.999999999999998 59 39 528 30 57 30 39 18
leaf_count=34 19 37 15 59 39 528 30 57 30 39 18
internal_value=5.6842e-06 0.000949626 -8.58703e-05 -2.25279e-05 0.00126578 -0.000133713 -0.000357171 0.000623455 -0.000212386 -0.000198497 0.00167159
internal_weight=905 71 834 815 54 761 597 164 87 567 77
internal_count=905 71 834 815 54 761 597 164 87 567 77
is_linear=0
shrinkage=0.0353657


Tree=165
num_leaves=12
num_cat=0
split_feature=51 77 87 78 251 5 27 69 91 51 18
split_gain=0.0779516 0.203202 0.145355 0.130583 0.106763 0.152913 0.108167 0.104024 0.103707 0.225683 0.122479
threshold=0.93323017921945262 0.79397733494094813 196058.04206138689 0.86600235451359653 62286760.649206385 3.5150000000000001 650523.64944083698 827794.40111614938 1.1494837995968694 1.6622604545840358 2.3400000000000003
decision_type=2 2 2 2 2 2 10 10 2 2 10
left_child=2 -2 -1 -4 7 6 -6 8 -3 10 -10
right_child=1 4 3 -5 5 -7 -8 -9 9 -11 -12
leaf_value=-0.0021925169478039983 0.0027162298265002759 0.00053159401550339797 0.00041244306456905217 -0.0010796051921542107 0.00081353589426542538 -0.003107320232093294 -0.0016560164767807125 0.0019163674742029479 -0.00024396802561551202 0.00093276831086634075 -0.0021041898951704796
leaf_weight=30 14.999999999999998 332 152 100 26 14.999999999999998 14.999999999999998 21 52 68 79
leaf_count=30 15 332 152 100 26 15 15 21 52 68 79
internal_value=5.18378e-06 0.000223165 -0.000461095 -0.000200646 0.000115429 -0.00110646 -0.000340437 0.000263327 0.00016283 -0.000438002 -0.0012671
internal_weight=905 623 282 252 608 56 41 552 531 199 131
internal_count=905 623 282 252 608 56 41 552 531 199 131
is_linear=0
shrinkage=0.0353657


Tree=166
num_leaves=12
num_cat=1
split_feature=1 73 22 63 129 83 92 42 23 28 74
split_gain=0.0764643 0.143773 0.117812 0.152039 0.153076 0.145968 0.113205 0.137056 0.108381 0.096959 0.150568
threshold=0 0.23408541498791299 2.2050000000000005 44.560418786694996 7.3611111111111116 0.79964717092702797 216782.38945743055 970650.07575757592 322375.21081859322 2.5900000000000003 0.032795698924731158
decision_type=1 8 10 2 2 2 2 2 8 10 10
left_child=1 2 5 4 -4 -1 7 9 -7 -2 -11
right_child=6 -3 3 -5 -6 8 -8 -9 -10 10 -12
leaf_value=0.0021132726356434292 0.00051165575366027185 -0.0023656714763127971 -0.0034255094799230607 0.00074182665394877828 -0.00098736080583450097 0.0015741928456605085 0.0014792701656297326 -0.0017625800139176584 -0.00044744737257780245 -0.001188938009002523 0.00091388471348530849
leaf_weight=26 363 20 21 24 86 18 59 23 121 106 38
leaf_count=26 363 20 21 24 86 18 59 23 121 106 38
internal_value=5.94015e-06 -0.000412493 -0.000234031 -0.000955284 -0.00155788 0.000354513 0.000239546 8.39278e-05 -3.52206e-05 0.000208435 -0.000501621
internal_weight=905 316 296 131 107 165 589 530 139 507 144
internal_count=905 316 296 131 107 165 589 530 139 507 144
cat_boundaries=0 2
cat_threshold=3005635584 1
is_linear=0
shrinkage=0.0353657


Tree=167
num_leaves=12
num_cat=0
split_feature=21 82 87 54 25 263 29 24 67 95 77
split_gain=0.0750895 0.167596 0.1125 0.130984 0.100331 0.090105 0.115624 0.24239 0.118791 0.140925 0.120167
threshold=982979.69065696676 -301890.12533286435 831184.80664682551 79.500000000000014 839366.59066205542 0.026778046590301401 582716.42453703715 3.0250000000000004 3.0070748967807801 1.0000000180025095e-35 0.75421326864181693
decision_type=10 2 2 10 8 2 2 10 2 2 2
left_child=1 -1 -2 4 -4 6 8 -8 10 -10 -3
right_child=2 5 3 -5 -6 -7 7 -9 9 -11 -12
leaf_value=0.0024062925614473296 -0.002404526911429024 0.0017997815535667511 -0.00029302368954267866 0.00079514429852295962 -0.0023975010545050478 0.0010212052719618741 -0.0012397854918494908 0.001074913309993975 0.003023748378560604 0.00047988047090449424 -0.00013219181238406419
leaf_weight=14.999999999999998 19 20 29 48 32 83 194 51 27 35 352
leaf_count=15 19 20 29 48 32 83 194 51 27 35 352
internal_value=6.56736e-06 0.000137026 -0.000718159 -0.000345852 -0.00123866 5.72321e-05 -7.54256e-05 -0.000664229 0.00025764 0.0014749 2.9579e-05
internal_weight=905 777 128 109 61 762 679 245 434 62 372
internal_count=905 777 128 109 61 762 679 245 434 62 372
is_linear=0
shrinkage=0.0353657


Tree=168
num_leaves=12
num_cat=0
split_feature=78 75 21 129 5 21 79 62 5 95 50
split_gain=0.0759316 0.100273 0.151134 0.0919245 0.138071 0.137776 0.124465 0.126184 0.16964 0.126781 0.11835
threshold=0.61685134855867874 0.041056166056166042 754451.03441295552 7.8673913043478274 1.6550000000000002 910090.92522731423 -0.25279131079575551 48.780660377358494 3.5150000000000001 -635414.6565222221 425713.49385378929
decision_type=2 2 8 2 2 8 2 8 2 2 2
left_child=1 2 -1 4 -2 6 10 8 9 -8 -5
right_child=3 -3 -4 5 -6 -7 7 -9 -10 -11 -12
leaf_value=0.00077595894279060881 -0.0024129808941896818 -0.00024857786270621667 0.0036979644201626284 0.00026794236992948013 -0.00035311767063297002 -0.00055465606945980742 0.001448397922974161 0.00078273708734403341 -0.0028756649768055856 -0.00071656515425380955 0.0018502642892943549
leaf_weight=20 31 13.999999999999998 19 87 126 242 19 106 14.999999999999998 113 106
leaf_count=20 31 14 19 87 126 242 19 106 15 113 106
internal_value=-5.10751e-07 0.00106891 0.00202755 -8.35202e-05 -0.000802591 8.71659e-05 0.000450666 -2.79101e-05 -0.000675008 -0.000304463 0.00109699
internal_weight=898 53 39 845 157 688 446 253 147 132 193
internal_count=898 53 39 845 157 688 446 253 147 132 193
is_linear=0
shrinkage=0.0353657


Tree=169
num_leaves=12
num_cat=1
split_feature=29 89 44 25 22 1 27 78 35 84 53
split_gain=0.0724522 0.130186 0.246765 0.105859 0.094431 0.0928329 0.161526 0.144209 0.133847 0.117406 0.114822
threshold=1047080.9469343292 -3.4999999999999996 173692.04270491336 646617.15367965377 2.3400000000000003 0 477911.25719602982 1.549037229864936 406903.63075261895 0.074187581668001309 19.500000000000004
decision_type=2 8 10 10 10 1 8 2 2 10 8
left_child=1 2 -1 -2 -5 6 -3 9 -8 -7 -10
right_child=3 5 -4 4 -6 7 8 -9 10 -11 -12
leaf_value=0.00032742866658300407 -0.0021638039651791278 0.0024083469676481743 0.0036952232753546203 0.00062761000637477486 -0.0012616689590228931 0.00081331894206146936 -0.0016460752362411791 -0.0022079319008213769 0.0020305895214905714 -0.00043686859896833335 0.00016416934072683404
leaf_weight=38 29 27 21 49 35 98 18 22 28 369 164
leaf_count=38 29 27 21 49 35 98 18 22 28 369 164
internal_value=-1.8734e-06 0.000115935 0.00145663 -0.000760831 -0.000243146 -1.00566e-05 0.000519923 -0.000284359 0.000234006 -0.000156931 0.00050231
internal_weight=898 785 59 113 84 726 237 489 210 467 192
internal_count=898 785 59 113 84 726 237 489 210 467 192
cat_boundaries=0 1
cat_threshold=206147980
is_linear=0
shrinkage=0.0353657


Tree=170
num_leaves=12
num_cat=0
split_feature=51 64 12 89 84 136 219 39 37 24 63
split_gain=0.0783928 0.137664 0.163076 0.132144 0.147864 0.0810311 0.0689974 0.0650962 0.0750083 0.0780411 0.0623836
threshold=0.70312612855486145 2.2875939849624065 0.25000000000000017 -5.4999999999999991 0.20683230700257246 1100000.0000000002 22.500000000000004 991588.7059528965 630627.87817460333 3.0250000000000004 93.949737646740985
decision_type=2 2 2 8 10 2 2 2 2 8 2
left_child=1 6 7 4 -2 10 -1 8 9 -3 -5
right_child=3 2 -4 5 -6 -7 -8 -9 -10 -11 -12
leaf_value=-6.0656007054694946e-05 0.00046410209004919297 -0.0023315657621399049 -0.0035616438122733655 1.1576263244182209e-05 0.0031735015157340661 -0.0014889423622888108 0.0019512485168227832 -0.0020565310111349579 0.00075926147237340049 -0.00021799863739909491 0.0013575280847080917
leaf_weight=17 24 17.000000000000004 14.999999999999998 682 25 19 17 17 26 17.999999999999996 21
leaf_count=17 24 17 15 682 25 19 17 17 26 18 21
internal_value=-1.9911e-06 -0.000747507 -0.00145472 0.000129094 0.00157716 8.56278e-06 0.000633176 -0.000899485 -0.000325445 -0.00108003 7.3924e-05
internal_weight=898 127 93 771 49 722 34 78 61 35 703
internal_count=898 127 93 771 49 722 34 78 61 35 703
is_linear=0
shrinkage=0.0353657


Tree=171
num_leaves=12
num_cat=0
split_feature=51 64 95 79 293 62 187 27 51 16 3
split_gain=0.0750246 0.133648 0.144315 0.0907069 0.197032 0.165525 0.192232 0.134184 0.0867995 0.116924 0.089431
threshold=0.66490526007735729 2.2875939849624065 -5.7825054872514702e-11 0.85513657534026566 12.729900734453532 63.137931034482769 28.000000000000004 650523.64944083698 1.3814499393033222 2.2050000000000005 5.5000000000000009
decision_type=2 2 2 2 10 10 2 10 2 2 2
left_child=1 -1 -3 4 8 6 7 -5 10 -10 -2
right_child=3 2 -4 5 -6 -7 -8 -9 9 -11 -12
leaf_value=0.0005859477851877324 -0.00061987887207196155 -0.00099166207167291406 -0.0035895926491211171 -0.00011131356049848332 0.0027949337573531592 0.00085679111705278086 -0.0035247728340576296 -0.0024037847312240275 0.0025588137321953769 0.00033572246535840729 0.00032481428757797363
leaf_weight=29 155 61 13.999999999999998 85 13.999999999999998 44 15.999999999999998 21 30 42 387
leaf_count=29 155 61 14 85 14 44 16 21 30 42 387
internal_value=-2.72061e-06 -0.000806002 -0.00159341 0.0001117 0.000305686 -0.000569787 -0.00124048 -0.000752393 0.000202648 0.00119508 4.70361e-05
internal_weight=898 104 75 794 628 166 122 106 614 72 542
internal_count=898 104 75 794 628 166 122 106 614 72 542
is_linear=0
shrinkage=0.0353657


Tree=172
num_leaves=12
num_cat=0
split_feature=129 5 253 21 89 196 108 51 5 94 111
split_gain=0.0666148 0.150886 0.106629 0.141519 0.0830936 0.188333 0.147799 0.128391 0.169101 0.163713 0.167938
threshold=7.8673913043478274 1.6550000000000002 0.019388393852228403 473012.93750000006 -3.4999999999999996 9.1145833333333339 16.000000000000004 1.4154786483280148 3.5150000000000001 440263.32150974026 8.3114035087719316
decision_type=2 2 2 10 8 2 2 2 2 2 2
left_child=1 -1 3 -3 5 -2 7 8 -6 10 -9
right_child=4 2 -4 -5 6 -7 -8 9 -10 -11 -12
leaf_value=-0.0022789356580373119 0.0030559879964038518 0.0014272057553914993 -0.0016537478618699319 -0.00064293911758959738 -1.9415383047792917e-05 0.00021293622334269026 -0.0021035028038912319 0.0046177744782783196 -0.0023783843784807783 0.00037566618253775225 0.0014497689471576211
leaf_weight=31 23 54 22 61 493 45 14.999999999999998 15.999999999999998 15.999999999999998 101 21
leaf_count=31 23 54 22 61 493 45 15 16 16 101 21
internal_value=-2.21744e-06 -0.000595932 -0.000148054 0.00029242 0.000140392 0.00114936 2.09e-05 0.000108797 -0.000141417 0.00099167 0.00260239
internal_weight=898 168 137 115 730 68 662 647 509 138 37
internal_count=898 168 137 115 730 68 662 647 509 138 37
is_linear=0
shrinkage=0.0353657


Tree=173
num_leaves=12
num_cat=1
split_feature=29 28 89 294 24 70 1 74 74 5 95
split_gain=0.0653011 0.111571 0.109833 0.2226 0.0927494 0.121301 0.117441 0.158247 0.107744 0.0920011 0.195605
threshold=1047080.9469343292 3.3950000000000005 -3.4999999999999996 12.065044897907065 3.3950000000000005 38880.000000000007 0 0.13423423423423422 0.28136363636363643 3.5150000000000001 397808.24848136719
decision_type=2 8 8 10 10 8 1 8 8 2 2
left_child=2 -2 3 -1 5 -4 7 -7 -9 -8 -11
right_child=1 -3 4 -5 -6 6 9 8 -10 10 -12
leaf_value=0.00026020181637355914 -9.957216847782116e-05 -0.0019759281940087314 0.0015308204977452851 0.00345884389273128 0.00097376826297209274 -0.00057071135809442738 -0.00047521874192488927 0.0029011824348252244 0.00081721382018113819 -0.0041596569591367677 -0.00071995759863797417
leaf_weight=38 74 39 26 21 81 97 362 14.999999999999998 114 14.000000000000002 17
leaf_count=38 74 39 26 21 81 97 362 15 114 14 17
internal_value=-5.12325e-06 -0.000725678 0.000106646 0.00133815 -8.8881e-06 -0.000152553 -0.000259704 0.000340164 0.00113261 -0.000612597 -0.00201387
internal_weight=898 113 785 59 726 645 619 226 129 393 31
internal_count=898 113 785 59 726 645 619 226 129 393 31
cat_boundaries=0 1
cat_threshold=214534546
is_linear=0
shrinkage=0.0353657


Tree=174
num_leaves=12
num_cat=1
split_feature=51 64 7 77 71 24 1 77 97 44 39
split_gain=0.0966392 0.133484 0.143401 0.119783 0.10352 0.0852191 0.0814591 0.102005 0.164082 0.129197 0.106088
threshold=0.66490526007735729 2.2875939849624065 1.5000000000000002 0.74116094850854497 327507.73900051432 2.6800000000000002 0 1.1868201812988655 21.500000000000004 218873.90330455409 360037.96650322544
decision_type=2 2 2 2 2 10 1 2 2 10 2
left_child=1 -1 -3 4 -2 -4 -5 9 10 -8 -9
right_child=3 2 5 6 -6 -7 7 8 -10 -11 -12
leaf_value=0.0004436366866136859 0.0034612840011983476 -0.0037339167100096057 -0.0022120428620883738 0.00044741742895350534 0.00082585065219702028 -0.00022294632064529893 -0.00011872469328144253 -0.0012801604441605092 -0.00025986582250989284 0.0019718681571316145 -0.0037901262853380722
leaf_weight=29 14.000000000000002 13.999999999999998 22 324 14.999999999999998 36 325 14.999999999999998 74 15.999999999999998 28
leaf_count=29 14 14 22 324 15 36 325 15 74 16 28
internal_value=0 -0.000924211 -0.00174555 0.000126697 0.00176451 -0.00112707 4.17687e-05 -0.000252253 -0.00108262 3.06251e-05 -0.00252937
internal_weight=912 101 72 811 29 58 782 458 117 341 43
internal_count=912 101 72 811 29 58 782 458 117 341 43
cat_boundaries=0 1
cat_threshold=478261646
is_linear=0
shrinkage=0.0353657


Tree=175
num_leaves=12
num_cat=2
split_feature=51 77 12 47 68 1 75 49 112 20 1
split_gain=0.0907668 0.112524 0.104284 0.0970113 0.0853017 0.0837526 0.142545 0.091254 0.153516 0.0897885 0.0951621
threshold=0.66490526007735729 0.74116094850854497 1.0000000180025095e-35 -120962.2446428571 419752.16964285722 0 0.14704585537918871 -0.18301573131783244 16.500000000000004 3.0650000000000004 1
decision_type=2 2 2 10 2 1 2 8 2 10 1
left_child=2 3 4 -2 -1 9 7 8 -7 10 -3
right_child=1 5 -4 -5 -6 6 -8 -9 -10 -11 -12
leaf_value=7.0574776469476639e-05 0.00080402799309044822 0.0013861630897712921 -0.0025329053039970582 0.0033072458963848824 -0.0018622585529197873 0.0030004867228041504 -0.0023529698905561834 -0.00039540615830361441 0.00016138511476544332 -0.00044183747614890464 0.00019888770330126881
leaf_weight=67 14.000000000000002 112 18 14.999999999999998 15.999999999999998 13.999999999999998 17 307 31 97 204
leaf_count=67 14 112 18 15 16 14 17 307 31 97 204
internal_value=0 0.000124368 -0.00089424 0.00171184 -0.000475375 4.20274e-05 -0.000328182 -0.000183384 0.00100621 0.000373438 0.000672971
internal_weight=912 811 101 29 83 782 369 352 45 413 316
internal_count=912 811 101 29 83 782 369 352 45 413 316
cat_boundaries=0 1 2
cat_threshold=478393806 134418568
is_linear=0
shrinkage=0.0353657


Tree=176
num_leaves=12
num_cat=0
split_feature=51 77 84 11 71 58 60 87 188 51 77
split_gain=0.0861538 0.105684 0.102994 0.0991931 0.0975399 0.0807008 0.129492 0.161822 0.139105 0.130141 0.122923
threshold=0.66490526007735729 0.74116094850854497 0.35387674772369898 -0.6830127018922193 327507.73900051432 14.500000000000002 42.729166666666679 813615.43750000012 0.12865904038162862 1.1997289254933257 1.1494837995968694
decision_type=2 2 10 2 2 8 2 2 2 2 2
left_child=2 4 3 -1 -2 6 7 -3 -8 -9 -7
right_child=1 5 -4 -5 -6 10 8 9 -10 -11 -12
leaf_value=0.00030654967644407467 0.0032912863619891392 0.00064646532890057055 -0.0023762705032177489 -0.0017542328966019113 0.00075057480842330513 0.00014521193064717872 -0.0016172298261924944 0.0019928501689059079 0.00068270535118017677 0.0049135107491222029 -0.0009190069761390924
leaf_weight=58 14.000000000000002 48 23 20 14.999999999999998 453 30 14.999999999999998 55 17 164
leaf_count=58 14 48 23 20 15 453 30 15 55 17 164
internal_value=0 0.000120096 -0.000872204 -0.000389222 0.00165856 4.0243e-05 0.000687668 0.00162315 -0.000104719 0.00318529 -0.000141852
internal_weight=912 811 101 78 29 782 165 80 85 32 617
internal_count=912 811 101 78 29 782 165 80 85 32 617
is_linear=0
shrinkage=0.0353657


Tree=177
num_leaves=12
num_cat=1
split_feature=1 61 93 94 69 21 294 19 121 60 66
split_gain=0.0687683 0.159927 0.194394 0.161715 0.164245 0.105379 0.161942 0.124592 0.101714 0.0960529 0.127883
threshold=0 10.91666666666667 4134552.7655580356 -9.8237211638978412e-11 143141.64141414143 367623.65196078439 10.216342969898195 422977.1481481482 27.500000000000004 36.341666666666676 2.8094758064516134
decision_type=1 8 2 2 10 8 10 8 2 2 8
left_child=1 3 -3 4 -1 6 -2 -7 -5 -9 -11
right_child=5 2 -4 8 -6 7 -8 9 -10 10 -12
leaf_value=0.00017010548312634959 -0.00016183825519808568 -0.00084658769104947328 -0.0036358743025573835 6.5831618094762051e-06 0.0027473838438170114 -0.0012925563739755674 0.0024287505556553502 0.00057657897827420417 -0.0020272613156410366 -0.0015104960773005031 0.00011979152694190792
leaf_weight=39 26 73 21 38 33 56 48 318 33 62 165
leaf_count=39 26 73 21 38 33 56 48 318 33 62 165
internal_value=0 -0.000482448 -0.00153165 0.000156825 0.00122882 0.000178013 0.0012721 2.84516e-05 -0.000818198 0.00018944 -0.000331371
internal_weight=912 237 94 143 72 675 74 601 71 545 227
internal_count=912 237 94 143 72 675 74 601 71 545 227
cat_boundaries=0 2
cat_threshold=2738096129 1
is_linear=0
shrinkage=0.0353657


Tree=178
num_leaves=12
num_cat=1
split_feature=1 78 55 22 82 25 61 23 78 21 294
split_gain=0.0642357 0.168838 0.130752 0.121451 0.12959 0.108946 0.105901 0.109099 0.102812 0.0979124 0.153777
threshold=0 0.93516144995485517 79.333333333333357 2.8500000000000001 -86951.186370835741 789092.85714285728 4.5108225108225115 259036.4666666667 0.78737045827812102 367623.65196078439 10.216342969898195
decision_type=1 2 2 8 2 8 10 10 2 8 10
left_child=1 3 5 6 -5 -3 8 -8 -1 10 -2
right_child=9 2 -4 4 -6 -7 7 -9 -10 -11 -12
leaf_value=-0.00050108796727644589 -0.0001731681816631943 -0.0019623902529821483 -0.0008217648743682602 0.0030097691001768957 0.00051952097596839083 -0.0046542102171515456 -0.0031774300503447372 -0.00070853277787553829 0.0017819566211955502 2.6159742225882631e-05 0.002350822847882076
leaf_weight=32 26 13.999999999999998 48 14.999999999999998 50 18 19 24 17 601 48
leaf_count=32 26 14 48 15 50 18 19 24 17 601 48
internal_value=-1.61287e-06 -0.0004679 -0.00166126 0.000112555 0.00114985 -0.00310879 -0.000575723 -0.00167 0.00025255 0.000170407 0.00122501
internal_weight=912 237 80 157 65 32 92 43 49 675 74
internal_count=912 237 80 157 65 32 92 43 49 675 74
cat_boundaries=0 2
cat_threshold=2738096129 1
is_linear=0
shrinkage=0.0353657


Tree=179
num_leaves=12
num_cat=1
split_feature=51 11 40 77 35 48 1 29 35 60 55
split_gain=0.0819396 0.112569 0.109976 0.0953006 0.0829106 0.0748325 0.066876 0.0906044 0.100537 0.106432 0.121017
threshold=0.66490526007735729 -0.6830127018922193 208037.73743967109 0.74116094850854497 550957.59197973029 -43327.043974225024 0 367623.65196078439 402221.63385620405 36.873511904761912 109.66666666666667
decision_type=2 2 8 2 2 8 1 2 2 2 2
left_child=1 2 -1 4 -2 -4 7 -5 -9 -10 -11
right_child=3 -3 5 6 -6 -7 -8 8 9 10 -12
leaf_value=0.00072031172977893429 0.0030937324361681911 -0.0023266515122432043 -0.00052703348241471906 0.0017965498726824174 0.00072967443531833903 -0.0026399673887299514 -0.00022589592732965831 -0.0014540416375499387 0.0010688294691453464 -0.0010241690454621049 0.00076545891162840861
leaf_weight=42 14.000000000000002 27 13.999999999999998 30 14.999999999999998 18 460 15.999999999999998 134 83 59
leaf_count=42 14 27 14 30 15 18 460 16 134 83 59
internal_value=-8.90437e-07 -0.000852676 -0.000288493 0.000114921 0.00157592 -0.00139471 3.90382e-05 0.000408505 0.000240053 0.000403908 -0.00020542
internal_weight=912 101 74 811 29 32 782 322 292 276 142
internal_count=912 101 74 811 29 32 782 322 292 276 142
cat_boundaries=0 1
cat_threshold=478258574
is_linear=0
shrinkage=0.0353657


Tree=180
num_leaves=12
num_cat=0
split_feature=76 63 42 21 66 22 87 20 62 83 116
split_gain=0.079356 0.0780786 0.2165 0.103069 0.118947 0.138752 0.115075 0.138489 0.0994555 0.152731 0.14878
threshold=57.500000000000007 23.883333333333344 315221.905994898 399344.45059523819 2.8535714285714291 2.5900000000000003 1264611.9301587304 2.4400000000000004 5.169540229885059 0.74488090004217533 0.072389526546696156
decision_type=10 2 2 8 10 10 2 10 8 2 2
left_child=1 8 -3 -4 5 -5 -6 -8 -1 -10 -11
right_child=-2 2 3 4 6 -7 7 -9 9 10 -12
leaf_value=-0.00035415022065182132 -0.0014160512459758256 -0.002545615049588969 0.0014395238985077088 -0.0016048911325387844 -0.00028162312952750336 -9.0762285734567547e-06 0.0026983699287513744 0.00034648522894317919 0.0023200825662211422 1.3666178009034304e-05 0.0016910387109300806
leaf_weight=130 22 24 28 102 78 119 37 36 41 220 65
leaf_count=130 22 24 28 102 78 119 37 36 41 220 65
internal_value=1.84337e-05 7.51107e-05 -0.000258205 -6.33438e-05 -0.000218214 -0.0007214 0.000481241 0.00140476 0.000389787 0.000718011 0.000439891
internal_weight=902 880 424 400 372 221 151 73 456 326 285
internal_count=902 880 424 400 372 221 151 73 456 326 285
is_linear=0
shrinkage=0.0353657


Tree=181
num_leaves=12
num_cat=0
split_feature=76 63 65 21 11 219 61 19 5 29 5
split_gain=0.0757568 0.0733503 0.209839 0.121178 0.0970287 0.174535 0.0992993 0.141179 0.111387 0.107039 0.103984
threshold=57.500000000000007 23.883333333333344 2.1523947750362846 317734.38367346948 -0.6830127018922193 27.500000000000004 0.77500000000000013 678131.97786023514 2.1250000000000004 510288.49229691888 2.5650000000000004
decision_type=10 2 10 10 2 2 8 10 2 2 2
left_child=1 4 -3 -4 5 -1 10 9 -9 -8 -6
right_child=-2 2 3 -5 6 -7 7 8 -10 -11 -12
leaf_value=0.00054087949759245842 -0.0013845268746847637 -0.0022588039737292658 -0.0016431086254748381 0.00015959370762109627 0.0002493459831544328 0.0028818413186129871 -0.00023158700470786995 -3.6860959299366359e-05 0.0024095590612530173 -0.0018138709902033722 0.0024508927345794872
leaf_weight=122 22 35 28 361 28 30 151 15.999999999999998 29 53 27
leaf_count=122 22 35 28 361 28 30 151 16 29 53 27
internal_value=1.70365e-05 7.24445e-05 -0.000250564 -2.03263e-05 0.000377485 0.0010613 3.02362e-05 -0.000269547 0.00114519 -0.000667677 0.0011473
internal_weight=902 880 424 389 456 152 304 249 45 204 55
internal_count=902 880 424 389 456 152 304 249 45 204 55
is_linear=0
shrinkage=0.0353657


Tree=182
num_leaves=12
num_cat=1
split_feature=51 12 1 94 5 36 44 157 62 58 29
split_gain=0.0763399 0.169339 0.124377 0.171701 0.151047 0.121806 0.153136 0.114083 0.113452 0.0857069 0.0828426
threshold=0.93323017921945262 0.6830127018922193 0 290436.67013888893 2.8900000000000001 261913.63768322568 234129.94423295269 3.5000000000000004 19.253030303030307 57.500000000000007 196058.04206138689
decision_type=2 2 1 2 2 8 10 2 10 8 2
left_child=1 8 3 4 -2 6 10 -7 -1 -3 -4
right_child=2 9 5 -5 -6 7 -8 -9 -10 -11 -12
leaf_value=-0.00058330687368642541 0.0011307458847871635 -0.0015238621512434303 0.0011409504259199182 2.7005970771167547e-05 0.0034153097668358414 -0.0033815402715371892 0.002183396435084398 -0.00075434488447168806 0.00088514750541068214 -0.003783769774068523 -0.00028990032417240826
leaf_weight=170 76 25 34 104 33 16.000000000000004 14.999999999999998 14.999999999999998 74 13.999999999999998 326
leaf_count=170 76 25 34 104 33 16 15 15 74 14 326
internal_value=1.44539e-05 -0.000445433 0.000231564 0.000869097 0.00182642 -0.000121016 3.97038e-05 -0.00171515 -0.000121654 -0.00214752 -0.000109359
internal_weight=902 283 619 213 109 406 375 31 244 39 360
internal_count=902 283 619 213 109 406 375 31 244 39 360
cat_boundaries=0 1
cat_threshold=1544135817
is_linear=0
shrinkage=0.0353657


Tree=183
num_leaves=12
num_cat=0
split_feature=61 5 68 95 57 29 2 62 29 45 53
split_gain=0.0714897 0.147215 0.118168 0.0816735 0.125426 0.163086 0.106458 0.121107 0.108277 0.138887 0.10586
threshold=0.77500000000000013 2.6850000000000005 37711.216666666674 2.5489581482423464e-11 34.500000000000007 422266.31481481489 2024.5000000000002 67.990384615384627 585911.00855745154 755050.28993055562 20.500000000000004
decision_type=8 2 2 2 10 2 2 10 2 2 10
left_child=1 -1 -2 4 -4 -6 10 8 9 -8 -5
right_child=2 -3 3 6 5 -7 7 -9 -10 -11 -12
leaf_value=3.8321400237931957e-05 -0.0017418339694787327 0.0024061468780611148 -9.664690676337494e-05 0.0019196503124825673 0.0028610526413908976 0.0005935038705362878 -0.0017301200479672696 0.0003991482196653387 -0.002227528472501121 0.00041434534776126558 -1.4828891197868308e-05
leaf_weight=51 27 31 269 19 30 120 46 46 72 55 136
leaf_count=51 27 31 269 19 30 120 46 46 72 55 136
internal_value=1.49112e-05 0.000887658 -8.25832e-05 -1.38408e-06 0.000327833 0.00109608 -0.000369526 -0.000858611 -0.00129416 -0.000636228 0.000271913
internal_weight=902 82 820 793 419 150 374 219 173 101 155
internal_count=902 82 820 793 419 150 374 219 173 101 155
is_linear=0
shrinkage=0.0353657


Tree=184
num_leaves=12
num_cat=1
split_feature=76 63 65 1 83 54 46 19 29 57 18
split_gain=0.0707174 0.0650381 0.193402 0.13802 0.115451 0.166023 0.120603 0.110843 0.120641 0.0902382 0.0757974
threshold=57.500000000000007 23.883333333333344 2.1523947750362846 0 0.74488090004217533 25.500000000000004 408056.00208333338 406317.09375000006 525278.34749068611 9.5000000000000018 2.3400000000000003
decision_type=10 2 10 1 2 8 2 8 2 8 10
left_child=1 3 9 -1 6 -6 -5 -7 -9 -3 -4
right_child=-2 2 10 4 5 7 -8 8 -10 -11 -12
leaf_value=-0.00021649106466363447 -0.0013390659287670695 -0.0014099050487997372 0.00053606552697296793 0.0042839485094514447 0.0026149688018880508 -0.00086945037328403554 0.0014792327262757503 0.0020146186833654399 0.00011068396300862461 -0.003794337751642353 -0.00040459783931328931
leaf_weight=231 22 19 161 14.000000000000002 23 50 17 44 77 15.999999999999998 228
leaf_count=231 22 19 161 14 23 50 17 44 77 16 228
internal_value=1.50599e-05 6.86393e-05 -0.000235398 0.000355955 0.000932848 0.000682177 0.00248367 0.000285441 0.000798022 -0.0021632 -1.40727e-05
internal_weight=902 880 424 456 225 194 31 171 121 35 389
internal_count=902 880 424 456 225 194 31 171 121 35 389
cat_boundaries=0 1
cat_threshold=2738753024
is_linear=0
shrinkage=0.0353657


Tree=185
num_leaves=12
num_cat=0
split_feature=51 94 77 62 77 58 84 60 251 84 112
split_gain=0.0728198 0.156762 0.114014 0.0942585 0.0819888 0.164027 0.177881 0.133346 0.12493 0.138773 0.134868
threshold=0.93323017921945262 -1.9345389594165832e-10 0.79397733494094813 19.253030303030307 1.1494837995968694 20.500000000000004 0.31181883545198968 42.729166666666679 60204451.605379023 0.15401093203866187 11.500000000000002
decision_type=2 2 2 8 2 8 10 2 2 10 2
left_child=1 3 -2 -1 8 7 -7 -6 9 -4 -11
right_child=2 -3 4 -5 5 6 -8 -9 -10 10 -12
leaf_value=-0.00056774247785390585 0.0020953547580097637 -0.0016426954558426887 0.00038057345938459703 0.0007911778875764969 0.0018873685197365684 -0.00072975114414993878 -0.0034151005572098732 -0.00017696496122813314 -0.00052174688276005778 0.0033932729772975117 0.0010452333800591233
leaf_weight=114 14.999999999999998 76 195 93 41 119 13.999999999999998 68 90 33 44
leaf_count=114 15 76 195 93 41 119 14 68 90 33 44
internal_value=1.40385e-05 -0.000435089 0.000226114 2.04745e-05 0.000145291 -0.000333345 -0.00112464 0.000555346 0.000471133 0.000847166 0.00196798
internal_weight=902 283 619 207 604 242 133 109 362 272 77
internal_count=902 283 619 207 604 242 133 109 362 272 77
is_linear=0
shrinkage=0.0353657


Tree=186
num_leaves=12
num_cat=1
split_feature=92 48 42 1 29 44 280 16 258 65 251
split_gain=0.0664445 0.146107 0.111169 0.0770832 0.0947444 0.151285 0.0960277 0.070412 0.0699731 0.0592714 0.0585491
threshold=277745.01396189746 259346.85066791103 970650.07575757592 0 427905.18238993717 179473.53702208193 0.030668064915636405 3.0250000000000004 0.024699946989859851 2.5270467836257313 62379291.978321053
decision_type=2 10 2 1 2 8 2 2 2 10 2
left_child=2 -2 3 10 5 9 7 -6 -9 -5 -1
right_child=1 -3 -4 4 6 -7 -8 8 -10 -11 -12
leaf_value=-0.00023391435879712444 0.0029708192232378652 0.00015280606228299236 -0.0017495694580774721 -0.00012362357199081079 -0.0001146795638063477 0.0032529320083379914 -0.0016530917525629421 0.00046998431445893291 0.0021977869551317265 0.0013973138260839086 -0.0013945049406032769
leaf_weight=394 13.999999999999998 27 25 38 225 14.999999999999998 14.999999999999998 54 23 38 38
leaf_count=394 14 27 25 38 225 15 15 54 23 38 38
internal_value=-3.6633e-05 0.00105836 -0.000104681 -3.20535e-05 0.000302475 0.00120896 3.62695e-05 0.000176918 0.000984548 0.000688624 -0.000348258
internal_weight=906 41 865 840 408 91 317 302 77 76 432
internal_count=906 41 865 840 408 91 317 302 77 76 432
cat_boundaries=0 1
cat_threshold=1366236714
is_linear=0
shrinkage=0.0353657


Tree=187
num_leaves=12
num_cat=1
split_feature=51 83 6 95 143 62 1 69 16 70 21
split_gain=0.0760249 0.134352 0.106135 0.1058 0.10114 0.0837044 0.067963 0.119044 0.116746 0.102917 0.0901982
threshold=0.83193653958857028 0.72922799118554771 2.5000000000000004 291207.069675926 0.019927944120631102 19.253030303030307 0 827794.40111614938 2.5650000000000004 415556.42380952387 754451.03441295552
decision_type=2 2 2 2 2 8 1 10 2 8 8
left_child=2 -2 4 5 -1 -4 8 10 -3 -10 -8
right_child=1 6 3 -5 -6 -7 7 -9 9 -11 -12
leaf_value=-0.0033728113886574147 0.0021991346634324372 -0.0001492285133888408 -0.00055026246163767593 -0.0019029739655428107 -0.00088661464322379755 0.00086100950293211526 2.937426491648938e-05 0.0016993504122677101 0.0029378954198680095 0.00091357244699411563 -0.00097920925056514153
leaf_weight=20 13.999999999999998 113 94 18 17 69 288 14.999999999999998 18 95 145
leaf_count=20 14 113 94 18 17 69 288 15 18 95 145
internal_value=-3.58268e-05 0.000142088 -0.000582028 -0.000264331 -0.00193795 3.51046e-05 6.43901e-05 -0.000181633 0.000525444 0.00129945 -0.000311193
internal_weight=906 688 218 181 37 163 674 448 226 113 433
internal_count=906 688 218 181 37 163 674 448 226 113 433
cat_boundaries=0 1
cat_threshold=2516624653
is_linear=0
shrinkage=0.0353657


Tree=188
num_leaves=12
num_cat=1
split_feature=51 83 3 84 84 78 1 84 54 22 79
split_gain=0.0720589 0.129171 0.0989371 0.0855118 0.0674254 0.0650668 0.0723211 0.130964 0.107523 0.111995 0.089819
threshold=0.83193653958857028 0.72922799118554771 6.5000000000000009 0.26625452798925936 0.35387674772369898 1.7813649834093641 0 0.27204731014501943 113.50000000000001 2.7950000000000004 -0.73194404433976612
decision_type=2 2 2 10 10 2 1 8 8 10 2
left_child=2 -2 3 -1 -4 6 8 -8 -3 10 -10
right_child=1 5 4 -5 -6 -7 7 -9 9 -11 -12
leaf_value=-0.0031746577818557256 0.002156830595114552 0.00044867747981782558 4.0174927053053708e-06 -0.00087404836304688681 -0.0014911235067588075 -0.0012001227188504588 0.00019866077396524213 0.0018591492885935298 -0.00052813673439403594 4.1055158070557842e-05 -0.0024083928899695205
leaf_weight=21 13.999999999999998 92 159 15.999999999999998 22 24 376 45 23 52 62
leaf_count=21 14 92 159 16 22 24 376 45 23 52 62
internal_value=-3.33467e-05 0.000139832 -0.000565148 -0.00187463 -0.000258391 6.35881e-05 0.000133464 0.000398728 -0.000335955 -0.00095565 -0.00170621
internal_weight=906 688 218 37 181 674 650 421 229 137 85
internal_count=906 688 218 37 181 674 650 421 229 137 85
cat_boundaries=0 1
cat_threshold=555618914
is_linear=0
shrinkage=0.0353657


Tree=189
num_leaves=12
num_cat=0
split_feature=29 69 25 67 87 29 80 80 21 42 62
split_gain=0.0639334 0.145377 0.106966 0.10585 0.0792104 0.166104 0.160566 0.134853 0.126809 0.0917405 0.0910004
threshold=196058.04206138689 50615.000000000007 197591.10576923081 2.2282354529073154 415296.16666666669 575843.60159759677 49565519.927536234 12239883.639880953 499806.23194444453 315221.905994898 19.253030303030307
decision_type=2 8 8 2 2 2 2 2 10 2 10
left_child=-1 2 -2 -3 7 6 8 -5 -6 -8 -7
right_child=1 3 -4 4 5 10 9 -9 -10 -11 -12
leaf_value=0.001061536040014428 -0.00037490174231591243 0.0010129365397851329 -0.0026388625490535275 -0.0023952901687892387 0.0029380245468146721 -0.00076869185035728508 -0.0015270537747544394 -0.00036102316504109838 0.00060974439479748654 0.00050667117535593592 0.0003203046307982101
leaf_weight=39 19 95 38 25 58 198 13.999999999999998 198 19 61 142
leaf_count=39 19 95 38 25 58 198 14 198 19 61 142
internal_value=-3.05705e-05 -9.58043e-05 -0.00153638 2.32786e-05 -0.000119119 0.000121122 0.00102889 -0.000646629 0.00207977 9.68464e-05 -0.000290412
internal_weight=906 867 57 810 715 492 152 223 77 75 340
internal_count=906 867 57 810 715 492 152 223 77 75 340
is_linear=0
shrinkage=0.0353657


Tree=190
num_leaves=12
num_cat=0
split_feature=29 71 20 57 29 46 87 18 65 94 69
split_gain=0.0605919 0.14483 0.134043 0.112052 0.0746112 0.107229 0.11134 0.0745425 0.054911 0.0803313 0.0549016
threshold=196058.04206138689 49009.476683501685 2.4400000000000004 -1.0000000180025095e-35 307263.95188492077 250663.26785714287 428522.66666666669 2.1250000000000004 3.8627819548872182 -421280.35511363618 837555.32155172422
decision_type=2 2 8 10 2 2 2 10 10 2 10
left_child=-1 2 -2 -3 7 6 -6 -5 10 -10 -7
right_child=1 3 -4 4 5 8 -8 -9 9 -11 -12
leaf_value=0.0010332045578659269 -0.00044910350015527279 0.0016554273027553441 -0.002973888373532056 0.0023735556569255273 -0.0033959339732898483 -1.492990001799805e-05 -0.00073095039898122486 0.00037450140242773562 -9.798702754005194e-05 -0.0019007056968974739 0.001199879775424711
leaf_weight=39 24 26 30 18 14.000000000000002 614 15.999999999999998 29 37 34 25
leaf_count=39 24 26 30 18 14 614 16 29 37 34 25
internal_value=-2.99329e-05 -9.34735e-05 -0.00156105 2.21381e-05 -5.29828e-05 -0.000142774 -0.00167415 0.00104794 -5.27277e-05 -0.000854481 4.97436e-05
internal_weight=906 867 54 813 787 740 30 47 710 71 639
internal_count=906 867 54 813 787 740 30 47 710 71 639
is_linear=0
shrinkage=0.0353657


Tree=191
num_leaves=12
num_cat=0
split_feature=47 51 294 36 9 173 51 12 64 66 136
split_gain=0.0603856 0.0959105 0.133303 0.128597 0.0943094 0.112011 0.0650628 0.0986823 0.134783 0.0823846 0.099209
threshold=281627.84602124197 1.7186642318261087 12.732761523747554 99981.256583591545 1.0000000180025095e-35 0.094923596643863919 1.0294358487509572 0.6830127018922193 2.5463121783876503 2.5313725490196082 275000.00000000006
decision_type=10 2 10 10 2 2 2 2 2 8 2
left_child=1 2 4 -3 6 -6 7 -1 -9 10 -8
right_child=-2 3 -4 -5 5 -7 9 8 -10 -11 -12
leaf_value=-2.7354524078882335e-05 -0.0011090107305610495 0.0029664757364105659 0.0017824870247544547 0.0005048740244783422 -0.0027096684211089673 -0.00031684323564337724 0.00038198214805012712 -0.00030209540806454223 -0.0023994290037928859 2.7629222613501346e-05 0.0024571493260446497
leaf_weight=389 37 15.999999999999998 22 50 27 20 35 63 45 168 34
leaf_count=389 37 16 22 50 27 20 35 63 45 168 34
internal_value=-2.72109e-05 3.20221e-05 -7.18485e-05 0.00113742 -0.000155425 -0.00139812 -5.62655e-05 -0.000280624 -0.00113787 0.000401975 0.00130259
internal_weight=906 869 803 66 781 47 734 497 108 237 69
internal_count=906 869 803 66 781 47 734 497 108 237 69
is_linear=0
shrinkage=0.0353657


Tree=192
num_leaves=12
num_cat=0
split_feature=57 41 29 76 45 70 26 78 134 63 90
split_gain=0.0702045 0.13647 0.115707 0.12637 0.120921 0.158081 0.114243 0.108307 0.10353 0.0921233 0.111298
threshold=10.500000000000002 1443102.9605859679 836644.87468487408 2.5000000000000004 1078079.1686261401 549628.80882352951 3.7600000000000002 1.4840076400942672 9.5383522727272734 44.05260295260296 1.3902565829149747
decision_type=8 2 2 10 2 8 10 2 2 2 8
left_child=1 7 4 -4 -2 6 -6 9 -5 10 -1
right_child=2 -3 3 8 5 -7 -8 -9 -10 -11 -12
leaf_value=-0.00043935343321325804 0.00014236291953496371 0.001240546636390828 8.9532361213485347e-05 -0.0025287858608780767 -0.0007794793429282957 0.0028617308319739804 0.0017149638021642416 -0.0026919847102093112 -0.00047134651682751707 0.00012470549641301594 -0.0024622676864688568
leaf_weight=48 449 18 97 49 29 39 15.999999999999998 15.999999999999998 31 74 42
leaf_count=48 449 18 97 49 29 39 16 16 31 74 42
internal_value=-5.37917e-05 -0.000609584 0.000106377 -0.000622071 0.000365245 0.00145254 0.00040405 -0.000944136 -0.00157569 -0.000679266 -0.00133758
internal_weight=908 198 710 177 533 84 45 180 80 164 90
internal_count=908 198 710 177 533 84 45 180 80 164 90
is_linear=0
shrinkage=0.0353657


Tree=193
num_leaves=12
num_cat=0
split_feature=57 41 78 51 71 43 57 78 87 51 15
split_gain=0.0652986 0.130657 0.103842 0.0891971 0.106418 0.12519 0.119445 0.0967633 0.10213 0.113997 0.0963496
threshold=10.500000000000002 1443102.9605859679 1.4840076400942672 1.0913698359425157 45853.162500000006 300058.11049045768 27.500000000000004 1.2902888903872844 245682.16666666669 0.81979612472879504 1254329.2022058826
decision_type=8 2 2 2 2 2 8 2 2 2 2
left_child=1 2 -1 4 6 -6 -2 8 -7 -10 -5
right_child=3 -3 -4 10 5 7 -8 -9 9 -11 -12
leaf_value=-0.00065400438921650985 -0.0003346022377224275 0.0012239746008383156 -0.0026249911835829047 0.0010634345988407151 0.0018841560430341246 -0.001110258412923184 -0.0026646953285151603 -0.0016153459455450678 -0.00034099575706147549 0.00085457584918629734 -0.00055995280955536877
leaf_weight=164 28 18 15.999999999999998 170 19 57 30 24 167 181 34
leaf_count=164 28 18 16 170 19 57 30 24 167 181 34
internal_value=-5.04618e-05 -0.000586525 -0.000913543 0.000103961 -0.000137403 3.63526e-05 -0.00133375 -8.74204e-05 3.91936e-05 0.000268312 0.000696707
internal_weight=908 198 180 710 506 448 58 429 405 348 204
internal_count=908 198 180 710 506 448 58 429 405 348 204
is_linear=0
shrinkage=0.0353657


Tree=194
num_leaves=12
num_cat=1
split_feature=29 27 57 1 89 16 58 41 90 190 22
split_gain=0.0625204 0.138944 0.0852385 0.087229 0.18241 0.174478 0.133286 0.109719 0.0945023 0.0856805 0.107522
threshold=1047080.9469343292 879774.28667027422 10.500000000000002 0 -1.0000000180025095e-35 2.4400000000000004 14.500000000000002 538965.77081644267 0.89253893074945334 1.0000000180025095e-35 1.9100000000000004
decision_type=2 10 8 1 8 2 8 2 10 2 8
left_child=2 -2 9 -4 -5 7 -7 -6 -9 10 -1
right_child=1 -3 3 4 5 6 -8 8 -10 -11 -12
leaf_value=-0.00010892975382190233 -0.0019701734411181008 0.00010229983641375698 -0.00010651020137491805 0.0028409259495594595 0.00097826897704761948 0.0031522464190920935 0.00086306763209125675 -0.0024561363828855616 -0.00051736032266601741 -1.9531438636488503e-05 -0.0022109147849062498
leaf_weight=23 49 62 342 22 18 14.999999999999998 131 26 61 104 55
leaf_count=23 49 62 342 22 18 15 131 26 61 104 55
internal_value=-4.95539e-05 -0.000760726 5.73473e-05 0.000255701 0.00069747 0.000460894 0.00118495 -0.000530518 -0.00112803 -0.000569654 -0.00137763
internal_weight=908 111 797 615 273 251 146 105 87 182 78
internal_count=908 111 797 615 273 251 146 105 87 182 78
cat_boundaries=0 1
cat_threshold=2726043203
is_linear=0
shrinkage=0.0353657


Tree=195
num_leaves=12
num_cat=1
split_feature=29 23 46 57 16 102 77 45 1 89 16
split_gain=0.0586905 0.0915961 0.0817192 0.0793419 0.0863844 0.0891385 0.123551 0.0965169 0.0827579 0.173486 0.162736
threshold=1047080.9469343292 644410.68376068387 913533.98415268946 10.500000000000002 2.2050000000000005 27.500000000000004 1.2809700864574483 796766.15151515172 0 -1.0000000180025095e-35 2.4400000000000004
decision_type=2 10 2 8 2 2 2 2 1 8 2
left_child=3 -2 -3 4 -1 6 7 -6 -5 -10 -11
right_child=1 2 -4 8 5 -7 -8 -9 9 10 -12
leaf_value=0.00021047961503767589 -0.0019814936966775407 0.0004865595615634069 -0.0013507567307438353 -0.00010319207130422541 -0.0023174043983009598 -0.0001269963751817652 -0.0036487980149217617 -0.00021446687168546848 0.002770325538146544 -0.00050833651303272933 0.0011482199663205568
leaf_weight=74 32 55 24 342 25 35 14.999999999999998 33 22 105 146
leaf_count=74 32 55 24 342 25 35 15 33 22 105 146
internal_value=-4.53582e-05 -0.000734455 -0.000208672 5.81774e-05 -0.000546653 -0.0011625 -0.0018411 -0.00123954 0.000249595 0.000679867 0.000448983
internal_weight=908 111 79 797 182 108 73 58 615 273 251
internal_count=908 111 79 797 182 108 73 58 615 273 251
cat_boundaries=0 1
cat_threshold=2726043203
is_linear=0
shrinkage=0.0353657


Tree=196
num_leaves=12
num_cat=1
split_feature=43 37 36 13 51 1 27 27 94 64 84
split_gain=0.05767 0.119969 0.105981 0.0655859 0.137906 0.0983124 0.116012 0.0877442 0.0798717 0.0798314 0.104315
threshold=1325740.1624240619 1443102.9605859679 289607.80485288816 552003.01048534806 1.6622604545840358 0 205845.99561403514 1083568.0859682541 644128.30576748203 2.3735465116279078 0.23854558428876596
decision_type=2 2 10 10 2 1 8 8 2 2 10
left_child=1 2 3 4 5 6 -1 -7 -6 -5 -11
right_child=-2 -3 -4 9 8 7 -8 -9 -10 10 -12
leaf_value=0.0012573435524427057 -0.0012680809119358183 0.00161155362612862 -0.0016996518408050874 6.6499886251922383e-05 0.0028485958079991205 -0.0003724359847211126 -0.00071570103688500754 0.00065251929179581945 0.0008960820342427616 -0.00096641117718650269 -0.003533601253214654
leaf_weight=17 22 31 24 13.999999999999998 19 135 298 272 43 18 14.999999999999998
leaf_count=17 22 31 24 14 19 135 298 272 43 18 15
internal_value=-4.38875e-05 1.61476e-06 -7.68658e-05 -6.52129e-06 7.03817e-05 -6.37048e-05 -0.000509581 0.000283028 0.00142333 -0.00104366 -0.00199963
internal_weight=908 886 855 831 784 722 315 407 62 47 33
internal_count=908 886 855 831 784 722 315 407 62 47 33
cat_boundaries=0 1
cat_threshold=3273596064
is_linear=0
shrinkage=0.0353657


Tree=197
num_leaves=12
num_cat=1
split_feature=43 37 57 25 116 94 49 1 21 78 48
split_gain=0.0551348 0.113841 0.101931 0.089382 0.121846 0.108723 0.0803703 0.0781784 0.153434 0.111494 0.0723066
threshold=1325740.1624240619 1443102.9605859679 10.500000000000002 910724.34366998263 0.030362720623596604 344937.01973535685 0.56039857939272786 0 872662.80003401369 1.4222475215326287 -183666.38571044157
decision_type=2 2 8 8 2 2 10 1 10 2 8
left_child=1 2 3 -1 5 -5 7 8 9 -4 -9
right_child=-2 -3 6 4 -6 -7 -8 10 -10 -11 -12
leaf_value=-3.892353389807572e-05 -0.0012385539671507383 0.0015712165978461073 0.0026972082771065456 -0.0042527756826050743 -0.00065042878173727982 -0.0017231430908285462 -0.0014606270611343469 0.0012632586416676528 -0.00044620281821609886 0.00043471596174861089 -8.0948859702898766e-05
leaf_weight=78 22 31 56 18 64 22 13.999999999999998 30 29 14.999999999999998 529
leaf_count=78 22 31 56 18 64 22 14 30 29 15 529
internal_value=-4.15411e-05 2.9204e-06 -7.34914e-05 -0.000771704 -0.00142577 -0.00268748 0.000121361 0.000189001 0.000959863 0.00191378 1.7956e-05
internal_weight=908 886 855 182 104 40 673 659 100 71 559
internal_count=908 886 855 182 104 40 673 659 100 71 559
cat_boundaries=0 2
cat_threshold=201367564 1
is_linear=0
shrinkage=0.0353657


Tree=198
num_leaves=12
num_cat=1
split_feature=251 83 136 1 84 54 67 51 78 11 23
split_gain=0.0583427 0.115706 0.152917 0.0886641 0.106823 0.115324 0.0772941 0.0687518 0.105476 0.104757 0.0852741
threshold=62379291.978321053 0.75009050932420995 275000.00000000006 0 0.076836910546721884 10.500000000000002 2.207870370370371 1.4295758078395979 1.1220708267013537 0.68301270189221941 774232.63888888899
decision_type=2 2 2 1 10 8 2 2 2 2 10
left_child=3 -2 -3 4 -1 -6 -7 8 -5 10 -9
right_child=1 2 -4 7 5 6 -8 9 -10 -11 -12
leaf_value=0.00057941075509833101 0.00068524612996008949 -0.00059850916239162922 -0.0032104981403386526 0.00024627705682613076 -0.0030350040923358408 0.00026216355214621773 -0.0014820749118127018 0.0014355156864236541 -0.00097306375886398785 0.00039048816086676986 0.0037594887545768438
leaf_weight=27 19 45 23 492 18 28 50 20 82 95 13.999999999999998
leaf_count=27 19 45 23 492 18 28 50 20 82 95 14
internal_value=-3.05385e-05 -0.000799203 -0.00151282 5.91232e-05 -0.000703591 -0.00134054 -0.000844445 0.000214626 5.52909e-05 0.000895697 0.00222052
internal_weight=913 87 68 826 123 96 78 703 574 129 34
internal_count=913 87 68 826 123 96 78 703 574 129 34
cat_boundaries=0 1
cat_threshold=2702183424
is_linear=0
shrinkage=0.0353657


Tree=199
num_leaves=12
num_cat=1
split_feature=1 95 76 44 124 37 51 67 29 54 35
split_gain=0.0547484 0.160598 0.118355 0.106529 0.111722 0.110215 0.106019 0.0838411 0.0814776 0.151047 0.115984
threshold=0 -348501.48188405804 -4.4999999999999991 149622.55269384143 0.029068829553547056 471259.9096601074 0.96377762247742471 2.3079549649317097 727838.37200276589 114.50000000000001 327727.85944084561
decision_type=1 2 8 10 2 2 2 2 2 8 2
left_child=1 2 -1 5 -5 6 7 -3 9 -2 -11
right_child=8 3 -4 4 -6 -7 -8 -9 -10 10 -12
leaf_value=-0.0012660815665124674 0.0014653454544789279 -0.0024999460495287546 -0.004051854841938215 -3.284246317425082e-05 0.0024068793708521127 -0.002036583027343811 0.00050696398432615707 -0.00037192837114732831 -0.00027467273588846047 -0.0015731907193544984 0.00026487242037468882
leaf_weight=15.999999999999998 112 23 15.000000000000002 18 26 27 86 18 310 26 236
leaf_count=16 112 23 15 18 26 27 86 18 310 26 236
internal_value=-2.92336e-05 -0.000468096 -0.00225829 -0.00014221 0.00108904 -0.000542656 -0.000147191 -0.00128386 0.000126332 0.000472442 3.34545e-05
internal_weight=913 229 31 198 44 154 127 41 684 374 262
internal_count=913 229 31 198 44 154 127 41 684 374 262
cat_boundaries=0 2
cat_threshold=556928512 1
is_linear=0
shrinkage=0.0353657


Tree=200
num_leaves=12
num_cat=1
split_feature=1 95 252 44 124 37 63 213 36 65 16
split_gain=0.0514306 0.150589 0.116026 0.0995418 0.106782 0.104678 0.0789992 0.0959844 0.0897726 0.0750601 0.0670435
threshold=0 -348501.48188405804 690.00000000000011 149622.55269384143 0.029068829553547056 471259.9096601074 0.99603318250377082 9.1500000000000004 343375.18481523677 3.0408333333333339 2.6300000000000003
decision_type=1 2 2 10 2 2 2 2 8 8 2
left_child=1 2 -1 5 -5 -3 -2 8 -8 -9 -10
right_child=6 3 -4 4 -6 -7 7 9 10 -11 -12
leaf_value=-0.0040006756804019418 0.0015851257225371626 -0.00014051688025884507 -0.0012504139205669423 -4.7734054677733018e-05 0.0023369113804937499 -0.0019820978728034215 5.7702943408205029e-05 -0.00058440199593458872 0.00066648342630013728 -0.0026483315026211746 0.0026181084624607074
leaf_weight=14.000000000000002 20 127 17 18 26 27 585 26 14.999999999999998 15.999999999999998 22
leaf_count=14 20 127 17 18 26 27 585 26 15 16 22
internal_value=-2.9464e-05 -0.000454825 -0.00218846 -0.000139143 0.00105085 -0.000526363 0.000121294 5.39505e-05 0.000165544 -0.00124012 0.00147274
internal_weight=913 229 31 198 44 154 684 664 622 42 37
internal_count=913 229 31 198 44 154 684 664 622 42 37
cat_boundaries=0 2
cat_threshold=556928512 1
is_linear=0
shrinkage=0.0353657


Tree=201
num_leaves=12
num_cat=0
split_feature=251 251 21 55 51 67 83 213 84 84 213
split_gain=0.0536941 0.118148 0.13242 0.114048 0.0720484 0.091262 0.0877404 0.111289 0.0748813 0.0681491 0.0684243
threshold=62379291.978321053 63111921.794049256 491210.37728637736 96.833333333333357 1.702939500738806 2.50734126984127 1.2380701810889676 8.0854545454545477 0.40523705137323379 0.35949967814245604 9.094117647058825
decision_type=2 2 10 2 2 2 2 2 10 10 2
left_child=4 3 -3 -2 6 -6 8 -8 9 10 -1
right_child=1 2 -4 -5 5 -7 7 -9 -10 -11 -12
leaf_value=0.0002006091108819197 -0.0039135707378473049 0.0016852692503664145 -0.00083943942631627881 -0.0011264148768084005 0.0026096704581033705 0.00052024543459397888 -0.0026427503907046437 -0.00039234161769004705 0.0015897845451857916 -0.0014466440293419527 -0.00080499651076215088
leaf_weight=590 14.000000000000002 15.999999999999998 43 13.999999999999998 13.999999999999998 54 21 45 14.999999999999998 13.999999999999998 73
leaf_count=590 14 16 43 14 14 54 21 45 15 14 73
internal_value=-2.8951e-05 -0.000766394 -9.74968e-05 -0.0022054 5.7009e-05 0.00100171 -3.85969e-05 -0.00109012 7.50042e-05 1.50554e-05 7.29142e-05
internal_weight=913 87 59 28 826 68 758 66 692 677 663
internal_count=913 87 59 28 826 68 758 66 692 677 663
is_linear=0
shrinkage=0.0353657


Tree=202
num_leaves=12
num_cat=1
split_feature=1 93 94 63 71 84 66 69 63 28 143
split_gain=0.0488228 0.111408 0.116976 0.140501 0.156838 0.124433 0.0803895 0.119301 0.0720541 0.0947226 0.0668411
threshold=0 6130068.618641776 -351201.95282705798 44.560418786694996 225671.48936680818 0.21951377048146273 1.2250000000000003 50615.000000000007 25.719820384294071 3.0650000000000004 0.032567215680608358
decision_type=1 2 2 2 2 10 8 8 2 10 2
left_child=1 2 -1 4 -4 -6 -2 -8 9 10 -9
right_child=6 -3 3 -5 5 -7 7 8 -10 -11 -12
leaf_value=0.0015917379459706809 0.0015937616371739358 -0.0022997792692579849 -0.00023266495322238399 0.0013971834152049884 -0.0041012475314259394 -0.0015144649849287346 -0.00178626803052842 0.00054776152585996063 -0.00019680494142172849 -0.00078729056950738543 0.0018626179093860808
leaf_weight=13.999999999999998 20 13.999999999999998 130 18 13.999999999999998 35 18 232 348 34 36
leaf_count=14 20 14 130 18 14 35 18 232 348 34 36
internal_value=-2.79816e-05 -0.000446803 -0.000266593 -0.000496095 -0.00081811 -0.00222084 0.000117215 4.94998e-05 0.000134343 0.000521207 0.000759237
internal_weight=913 225 211 197 179 49 688 668 650 302 268
internal_count=913 225 211 197 179 49 688 668 650 302 268
cat_boundaries=0 2
cat_threshold=554896896 1
is_linear=0
shrinkage=0.0353657


Tree=203
num_leaves=12
num_cat=1
split_feature=251 15 130 28 1 44 81 51 50 29 18
split_gain=0.0493746 0.0919769 0.134962 0.0799855 0.0730015 0.092776 0.0612882 0.076529 0.0846792 0.0608229 0.098727
threshold=62379291.978321053 741354.94166666677 0.023558639562873056 2.5900000000000003 0 28201.026365559952 0.89185042374720613 0.99999999996752897 413841.81943572842 425395.61742993857 2.1250000000000004
decision_type=2 2 2 8 1 10 2 2 2 2 8
left_child=4 3 -3 -2 5 -1 -7 -8 -9 10 -6
right_child=1 2 -4 -5 9 6 7 8 -10 -11 -12
leaf_value=0.00064305945702220423 -0.00080594803455861065 -0.00072438198780219775 -0.0034921429943150814 0.0011846716815410573 0.0016927260509750112 -0.00024199831693698994 -0.0030476624851941375 -0.00013098368063596753 -0.0021294991772421658 9.2870460249617952e-06 0.00018484646445055097
leaf_weight=23 29 18 18 22 65 27 19 28 26 521 117
leaf_count=23 29 18 18 22 65 27 19 28 26 521 117
internal_value=-2.69422e-05 -0.000734145 -0.00185866 -3.34401e-05 5.54326e-05 -0.000636495 -0.00118962 -0.00172155 -0.00117521 0.000196629 0.000723573
internal_weight=913 87 36 51 826 123 100 73 54 703 182
internal_count=913 87 36 51 826 123 100 73 54 703 182
cat_boundaries=0 1
cat_threshold=2702183424
is_linear=0
shrinkage=0.0353657


Tree=204
num_leaves=12
num_cat=0
split_feature=27 69 17 163 29 5 136 92 69 177 43
split_gain=0.0618814 0.068656 0.0997208 0.0980834 0.0697827 0.122309 0.161923 0.0923588 0.0898163 0.0993129 0.0919151
threshold=205845.99561403514 50615.000000000007 192252.95000000004 1.0000000180025095e-35 307263.95188492077 3.5150000000000001 390000.00000000006 211300.81472243086 562775.60357142868 1.0000000180025095e-35 599412.56365407526
decision_type=8 10 10 2 2 2 2 2 10 2 2
left_child=-1 2 -2 -4 -3 7 -7 8 10 -10 -6
right_child=1 4 3 -5 5 6 -8 -9 9 -11 -12
leaf_value=0.0011925795601873566 -7.0083008175045547e-05 0.0011097459566241749 -0.0032409620639823841 -0.00096431996025193683 -0.00029715428883717282 -0.00053885202157310554 -0.0035379139797587751 0.0010720427702994937 -0.0021741089044135273 -0.00031538286775995369 0.00060904511622859381
leaf_weight=25 52 45 22 27 292 22 15.999999999999998 74 36 66 225
leaf_count=25 52 45 22 27 292 22 16 74 36 66 225
internal_value=-3.29152e-05 -8.58338e-05 -0.000863434 -0.00187266 2.36167e-05 -5.67622e-05 -0.0015756 4.8596e-05 -8.74295e-05 -0.000950216 9.34984e-05
internal_weight=902 877 101 49 776 731 38 693 619 102 517
internal_count=902 877 101 49 776 731 38 693 619 102 517
is_linear=0
shrinkage=0.0353657


Tree=205
num_leaves=12
num_cat=2
split_feature=1 35 84 21 24 50 21 1 3 81 45
split_gain=0.0835308 0.171164 0.10291 0.102754 0.120442 0.102811 0.0718817 0.0821825 0.0972845 0.0760105 0.0780861
threshold=0 606000.12153052562 0.37009907729303076 305318.24358974368 2.9300000000000002 517857.9560304741 904193.48296221334 1 5.5000000000000009 0.83581139307730568 1135595.9332368083
decision_type=1 2 10 10 10 2 8 1 2 2 2
left_child=1 3 6 -1 5 -5 7 -2 -9 -10 -11
right_child=2 -3 -4 4 -6 -7 -8 8 9 10 -12
leaf_value=0.0010153075810072135 -0.00016570473290054038 -0.0027415560211901118 0.0017221685309337996 -0.0028772872335756979 0.00043846137760669576 -0.00054897766224558191 -0.00040383349587478327 0.00011682157329189475 0.00020603062866436178 0.0013178368124961294 0.0030343743525225505
leaf_weight=30 230 24 23 33 23 13.999999999999998 274 129 22 71 29
leaf_count=30 230 24 23 33 23 14 274 129 22 71 29
internal_value=-3.0595e-05 -0.00077575 0.000105828 -0.000286022 -0.000896901 -0.00184099 3.32727e-05 0.000287671 0.000701372 0.00139907 0.00185213
internal_weight=902 124 778 100 70 47 755 481 251 122 100
internal_count=902 124 778 100 70 47 755 481 251 122 100
cat_boundaries=0 2 3
cat_threshold=17433600 1 845466114
is_linear=0
shrinkage=0.0353657


Tree=206
num_leaves=12
num_cat=2
split_feature=1 50 21 294 84 51 97 21 1 3 45
split_gain=0.0770591 0.14545 0.104197 0.0994535 0.0982665 0.0855278 0.0792111 0.0667166 0.0763932 0.0904824 0.097621
threshold=0 634907.82804830291 305318.24358974368 11.907841840909493 0.37009907729303076 0.99999999998056033 5.5000000000000009 904193.48296221334 1 5.5000000000000009 1250840.3575396829
decision_type=1 2 10 10 10 2 2 8 1 2 2
left_child=1 2 5 6 7 -1 -4 8 -2 -10 -11
right_child=4 -3 3 -5 -6 -7 -8 -9 9 10 -12
leaf_value=0.0024790438008057331 -0.00016097696438344055 -0.0026397994878160237 -0.0010897973220908752 -4.1020773873098501e-05 0.0016811806721840116 0.00019398557731794877 -0.0033129226609541094 -0.00039027736502598445 0.00011072610599940281 0.00097022051438394672 0.002899756694011376
leaf_weight=14.000000000000002 230 21 17 37 23 15.999999999999998 19 274 129 102 20
leaf_count=14 230 21 17 37 23 16 19 274 129 102 20
internal_value=-2.91883e-05 -0.000744938 -0.000333493 -0.000938342 0.000101785 0.000976019 -0.00203462 3.07924e-05 0.000275922 0.000674844 0.00134765
internal_weight=902 124 103 73 778 30 36 755 481 251 122
internal_count=902 124 103 73 778 30 36 755 481 251 122
cat_boundaries=0 2 3
cat_threshold=17433600 1 845466114
is_linear=0
shrinkage=0.0353657


Tree=207
num_leaves=12
num_cat=1
split_feature=1 50 84 30 24 67 80 67 84 65 84
split_gain=0.0721975 0.139005 0.0937487 0.0927661 0.089553 0.0625365 0.0553202 0.086472 0.0871209 0.0868429 0.0755909
threshold=0 634907.82804830291 0.37009907729303076 9.5000000000000018 2.9300000000000002 2.6594474153297685 741173.00000000012 2.2282354529073154 0.15768532463242188 2.1523947750362846 0.31181883545198968
decision_type=1 2 10 2 10 2 2 2 8 8 10
left_child=1 3 6 -1 5 -5 -2 8 -8 -9 -11
right_child=2 -3 -4 4 -6 -7 7 9 -10 10 -12
leaf_value=0.0012539486481210193 -0.0011650079140538218 -0.0025720926292857847 0.0016415376955139134 -0.0021849064982976439 0.00050668990025957538 -0.00047317465562668346 0.00020582116052323836 -0.0013573645400686422 0.0018080402499362743 0.00012627356469087632 -0.0012255168708345484
leaf_weight=14.999999999999998 22 21 23 38 24 26 71 38 54 538 32
leaf_count=15 22 21 23 38 24 26 71 38 54 538 32
internal_value=-2.78291e-05 -0.000720674 9.88935e-05 -0.00031704 -0.000708202 -0.00136664 2.94884e-05 8.51128e-05 0.000860097 -8.3424e-05 2.11154e-05
internal_weight=902 124 778 103 88 64 755 733 125 608 570
internal_count=902 124 778 103 88 64 755 733 125 608 570
cat_boundaries=0 2
cat_threshold=17433600 1
is_linear=0
shrinkage=0.0353657


Tree=208
num_leaves=12
num_cat=1
split_feature=1 36 30 63 21 87 55 29 56 66 111
split_gain=0.0667076 0.184777 0.127195 0.132694 0.118472 0.112955 0.0884367 0.08792 0.101263 0.0835392 0.0772441
threshold=0 258981.06557869216 9.5000000000000018 48.099871261635975 727561.78125000012 1313797.0833333337 6.166666666666667 245454.75000000003 20.500000000000004 2.6693989071038255 9.7361111111111125
decision_type=1 8 2 2 8 2 2 2 2 8 2
left_child=1 2 -1 7 5 6 -2 -4 9 -9 -6
right_child=4 -3 3 -5 10 -7 -8 8 -10 -11 -12
leaf_value=0.0014556533933666499 0.0020319081803870133 -0.0027430631624699255 0.00023834775769981874 0.0012232067427567458 -0.00014323672702448904 0.002282136272861487 0.00027917407061553022 -0.0015548615543847317 -0.00071053248026312727 -0.0037353519352240788 -0.001796695333243705
leaf_weight=24 17 18 42 22 351 26 246 23 98 21 13.999999999999998
leaf_count=24 17 18 42 22 351 26 246 23 98 21 14
internal_value=-2.7168e-05 -0.000487744 -0.000244447 -0.000519626 0.000156223 0.000676302 0.000471336 -0.000848535 -0.00126587 -0.00242282 -0.0002456
internal_weight=902 248 230 206 654 289 263 184 142 44 365
internal_count=902 248 230 206 654 289 263 184 142 44 365
cat_boundaries=0 2
cat_threshold=592055808 1
is_linear=0
shrinkage=0.0353657


Tree=209
num_leaves=12
num_cat=1
split_feature=1 36 30 84 66 69 67 84 76 11 82
split_gain=0.0614893 0.177618 0.120478 0.0840259 0.0780185 0.114477 0.102735 0.0840428 0.0986008 0.0742199 0.0641104
threshold=0 258981.06557869216 9.5000000000000018 0.37009907729303076 1.2250000000000003 57371.835820895525 2.1848145216305626 0.24169756421359909 -33.499999999999993 -0.5 -210302.40188555056
decision_type=1 8 2 10 8 8 2 10 10 2 2
left_child=1 2 -1 4 -2 -6 9 10 -9 -7 -8
right_child=3 -3 -4 -5 5 6 7 8 -10 -11 -12
leaf_value=0.0014276450375879212 0.0015057147492405735 -0.0026769738277572733 -0.00049484639640999105 0.0016101235859645269 -0.0017361395031374371 0.00042434392721465687 -0.001068428158662627 0.00081177457190786354 -0.0011969701168476224 0.0023920445206643821 0.00030599981162564006
leaf_weight=24 21 18 206 23 21 15.999999999999998 22 13.999999999999998 112 31 394
leaf_count=24 21 18 206 23 21 16 22 14 112 31 394
internal_value=-2.42576e-05 -0.000466541 -0.000227024 0.000151723 7.5368e-05 -9.29037e-07 9.1816e-05 -4.13666e-05 -0.000776674 0.00137497 0.000189451
internal_weight=902 248 230 654 631 610 589 542 126 47 416
internal_count=902 248 230 654 631 610 589 542 126 47 416
cat_boundaries=0 2
cat_threshold=592055808 1
is_linear=0
shrinkage=0.0353657


Tree=210
num_leaves=12
num_cat=1
split_feature=51 78 45 56 29 1 84 29 84 51 112
split_gain=0.0679605 0.0623243 0.0853872 0.0826747 0.076735 0.066955 0.111429 0.0773072 0.0773018 0.0750374 0.108594
threshold=0.50555523414753989 0.67979875442302495 218182.10000000003 53.500000000000007 447071.26111111121 0 0.31181883545198968 378205.69176136371 0.50766268691159178 1.6803417004688221 33.500000000000007
decision_type=2 2 2 2 2 1 8 2 8 2 2
left_child=-1 3 -3 -2 -5 6 7 -4 9 -7 -11
right_child=1 2 5 4 -6 8 -8 -9 -10 10 -12
leaf_value=-0.0010895944141088745 0.00020949271039112953 -0.0015903029221362216 0.0015585677815185802 0.0033869482381853199 0.0011814726628654871 -0.00029142488215136208 0.0021467157543355307 7.2510779908623694e-05 -0.0017115964731345217 0.0024784370909567738 0.00018129875684351742
leaf_weight=42 42 17 27 14.999999999999998 19 395 20 265 17 18 34
leaf_count=42 42 17 27 15 19 395 20 265 17 18 34
internal_value=9.49038e-06 7.87241e-05 -1.09173e-05 0.000919092 0.00200183 4.50053e-05 0.000424788 0.000267381 -0.000214154 -0.000127448 0.000907445
internal_weight=911 869 793 76 34 776 312 292 464 447 52
internal_count=911 869 793 76 34 776 312 292 464 447 52
cat_boundaries=0 1
cat_threshold=1547874648
is_linear=0
shrinkage=0.0353657


Tree=211
num_leaves=12
num_cat=1
split_feature=51 19 71 57 15 47 25 46 29 27 1
split_gain=0.064262 0.0609077 0.0543007 0.0959342 0.0895893 0.108413 0.122165 0.0522215 0.0531969 0.0848623 0.0543758
threshold=0.50555523414753989 463330.77777777787 41954.061111111114 55.500000000000007 334858.88715277787 -11769.053640350901 227668.59608360394 250663.26785714287 1047080.9469343292 837872.07864906837 0
decision_type=2 10 2 8 2 10 10 2 2 10 1
left_child=1 -1 3 -2 5 6 -4 -6 10 -10 -9
right_child=2 -3 4 -5 7 -7 -8 8 9 -11 -12
leaf_value=-0.0022265275155074027 -0.00019636078695889613 -0.00037129756128906853 0.0037842963228889369 -0.0022936880670265569 -0.001049543320006613 0.00028563726678042527 0.001110302069971124 0.0007988896335938742 -0.0017047511619499075 5.9087331870939386e-06 4.4948833534456901e-05
leaf_weight=19 56 23 22 15.999999999999998 28 43 13.999999999999998 125 35 62 468
leaf_count=19 56 23 22 16 28 43 14 125 35 62 468
internal_value=8.71203e-06 -0.00106002 7.60724e-05 -0.000722174 0.000161864 0.00114869 0.00236392 3.81443e-05 0.000100275 -0.0005804 0.000226587
internal_weight=911 42 869 72 797 79 36 718 690 97 593
internal_count=911 42 869 72 797 79 36 718 690 97 593
cat_boundaries=0 1
cat_threshold=67182984
is_linear=0
shrinkage=0.0353657


Tree=212
num_leaves=12
num_cat=1
split_feature=51 64 78 45 57 1 84 5 15 84 51
split_gain=0.0601941 0.0581857 0.0559156 0.0804418 0.0785918 0.0619198 0.106568 0.0946221 0.0835565 0.0727121 0.0706042
threshold=0.50555523414753989 2.2875939849624065 0.67979875442302495 218182.10000000003 38.500000000000007 0 0.31181883545198968 1.5600000000000003 378878.90625000006 0.50766268691159178 1.702939500738806
decision_type=2 2 2 2 10 1 8 2 2 8 2
left_child=1 -1 4 -4 -2 6 7 -5 -9 10 -7
right_child=2 -3 3 5 -6 9 -8 8 -10 -11 -12
leaf_value=-0.00018729801277917292 0.00019090707519669903 -0.0019683713414436602 -0.0015455537831980343 -0.0010469353037112334 0.0019393242371535237 -0.00027744805281922476 0.0020904857691988947 0.0020582644396351765 0.00032049438961963029 -0.0016598003757793789 0.00090450708277280774
leaf_weight=14.999999999999998 43 27 17 36 33 398 20 14.999999999999998 241 17 49
leaf_count=15 43 27 17 36 33 398 20 15 241 17 49
internal_value=6.97472e-06 -0.00102736 7.22122e-05 -1.26238e-05 0.000868239 4.16419e-05 0.000406962 0.000252449 0.000484218 -0.000207472 -0.00012323
internal_weight=911 42 869 793 76 776 312 292 256 464 447
internal_count=911 42 869 793 76 776 312 292 256 464 447
cat_boundaries=0 1
cat_threshold=1547874648
is_linear=0
shrinkage=0.0353657


Tree=213
num_leaves=12
num_cat=1
split_feature=29 27 1 90 5 93 78 5 37 60 93
split_gain=0.0578639 0.113307 0.0676217 0.0746693 0.0830863 0.124155 0.0966615 0.0938148 0.0875725 0.087394 0.0888198
threshold=1047080.9469343292 879774.28667027422 0 0.98466755105252701 1.9100000000000004 4447629.0310685253 0.61685134855867874 2.6850000000000005 218182.10000000003 18.041039671682629 1572250.7154061627
decision_type=2 10 1 8 2 2 2 2 2 2 2
left_child=2 -2 -1 -4 9 6 -6 -7 -8 -5 -11
right_child=1 -3 3 4 5 7 8 -9 -10 10 -12
leaf_value=0.00079217545561882294 -0.0017849640730053032 6.8116565174705196e-05 0.00069461216524043694 -0.0015347436016208346 0.0020307657413586541 9.516762086485484e-05 -0.0011907500633500847 -0.001638557354439132 0.0004728115330248607 -0.0014616811248033725 0.00052614306632281819
leaf_weight=118 48 67 122 88 21 42 21 66 238 17 63
leaf_count=118 48 67 122 88 21 42 21 66 238 17 63
internal_value=6.66843e-06 -0.000664181 0.000113916 -2.26222e-05 -0.000197803 7.17677e-05 0.000460567 -0.000834461 0.000280552 -0.000814994 -0.000109368
internal_weight=911 115 796 678 556 388 280 108 259 168 80
internal_count=911 115 796 678 556 388 280 108 259 168 80
cat_boundaries=0 1
cat_threshold=134291848
is_linear=0
shrinkage=0.0353657


Tree=214
num_leaves=12
num_cat=1
split_feature=43 35 17 88 261 21 1 22 29 23 84
split_gain=0.0497506 0.0541116 0.0845725 0.0467447 0.0885125 0.103552 0.0788812 0.0884083 0.0800078 0.0952593 0.0742415
threshold=1325740.1624240619 1213954.0470178055 1274429.3837719301 451094.00833333336 0.027109362435918303 778197.91745370382 0 3.7600000000000002 653067.04545454553 750003.67333333346 0.33955455702749976
decision_type=2 2 10 2 2 10 1 8 2 10 10
left_child=1 2 3 6 5 -5 8 10 9 -1 -8
right_child=-2 -3 -4 4 -6 -7 7 -9 -10 -11 -12
leaf_value=-0.00039030573636165326 -0.0011165102229119257 0.0010264253417615454 -0.0016434842477905049 0.0024667027924869613 -0.00024627492705499001 0.00047105152526867567 9.5685041846281421e-05 0.0010592053835475931 -0.0013368346781820961 0.0013767728089346804 -0.0014741474202473273
leaf_weight=210 23 43 13.999999999999998 35 60 50 254 103 81 20 18
leaf_count=210 23 43 14 35 60 50 254 103 81 20 18
internal_value=6.80944e-06 5.23424e-05 -8.50043e-06 4.03211e-05 0.000574764 0.00126576 -7.74956e-05 0.00025144 -0.000472858 -0.000175253 -4.84245e-05
internal_weight=911 888 845 831 145 85 686 375 311 230 272
internal_count=911 888 845 831 145 85 686 375 311 230 272
cat_boundaries=0 1
cat_threshold=3784792588
is_linear=0
shrinkage=0.0353657


Tree=215
num_leaves=12
num_cat=0
split_feature=51 19 80 94 21 145 95 47 89 20 261
split_gain=0.0531669 0.0580376 0.0406297 0.113056 0.0458769 0.0533836 0.0434023 0.0858205 0.0857972 0.0784063 0.071852
threshold=0.50555523414753989 463330.77777777787 827726.50000000012 -125829.75000000001 191672.86666666667 7.133838383838385 260808.71666666676 -52033.422613229071 13.000000000000002 1.6550000000000002 0.027109362435918303
decision_type=2 10 2 2 8 2 2 10 10 8 2
left_child=1 -1 3 -2 -4 -6 8 -8 9 -7 -9
right_child=2 -3 4 -5 5 6 7 10 -10 -11 -12
leaf_value=-0.0020888800334456542 -0.0021847743058851891 -0.00033856507512703332 0.0012530215739576208 0.0003444662452521642 -0.0011522562698694813 0.0011985111541545114 -0.0016054165819505868 0.00047295468606796767 0.0019093481823672525 5.4569245063872677e-05 -0.00063530418006866294
leaf_weight=19 21 23 19 17 18 65 26 138 15.999999999999998 441 108
leaf_count=19 21 23 19 17 18 65 26 138 16 441 108
internal_value=5.46183e-06 -0.000966573 6.6854e-05 -0.000808283 0.000121514 7.77444e-05 0.000124969 -0.000218524 0.000311173 0.000225695 -2.41353e-05
internal_weight=911 42 869 38 831 812 794 272 522 506 246
internal_count=911 42 869 38 831 812 794 272 522 506 246
is_linear=0
shrinkage=0.0353657


Tree=216
num_leaves=12
num_cat=1
split_feature=58 34 21 62 27 78 11 52 1 77 82
split_gain=0.0520311 0.0898218 0.120629 0.109972 0.0954948 0.081493 0.0719039 0.0638837 0.0826834 0.101092 0.0736139
threshold=15.500000000000002 2.6300000000000003 392132.48759226192 36.791125541125545 521617.43333333341 1.5581606584639449 0.68301270189221941 227.00000000000003 0 1.1494837995968694 -3085.0289059454803
decision_type=8 2 10 10 10 2 2 2 1 2 2
left_child=1 2 6 -4 -3 7 -1 8 9 10 -2
right_child=5 4 3 -5 -6 -7 -8 -9 -10 -11 -12
leaf_value=0.0024967336081810876 -0.00087782520962931038 0.0030415395297293916 -0.0018054917151182257 0.00011966405133877736 0.00070007015249508298 -0.0015941452293767081 0.0005168672886518025 0.00090875816506508103 8.8660516014768643e-05 -0.0019431942601022655 0.00039543584160140822
leaf_weight=21 115 19 37 64 22 25 25 46 409 46 69
leaf_count=21 115 19 37 64 22 25 25 46 409 46 69
internal_value=-5.06686e-05 0.000439101 7.5655e-05 -0.000563519 0.00161464 -0.000188241 0.00126073 -0.000113525 -0.000205645 -0.000701079 -0.000393794
internal_weight=898 188 147 101 41 710 46 685 639 230 184
internal_count=898 188 147 101 41 710 46 685 639 230 184
cat_boundaries=0 1
cat_threshold=288517504
is_linear=0
shrinkage=0.0353657


Tree=217
num_leaves=12
num_cat=0
split_feature=51 77 94 180 79 60 19 64 196 23 81
split_gain=0.0529073 0.0821559 0.0734772 0.0822685 0.0904837 0.152547 0.0912282 0.0776434 0.074298 0.12372 0.0619875
threshold=1.0162093838576205 1.1494837995968694 -346672.23817734013 9.5000000000000018 -0.82108730879528014 11.263546798029559 422977.1481481482 2.4451137884872831 9.1145833333333339 413546.47417105845 1.4842298860588341
decision_type=2 2 2 2 2 2 8 2 2 10 2
left_child=1 2 8 4 5 -4 -6 -8 9 -1 -2
right_child=10 -3 3 -5 6 -7 7 -9 -10 -11 -12
leaf_value=0.0026229765555367663 0.00036081327332755506 -0.0016402604530609778 0.0010337685985550842 0.00020001941848683892 -0.0025642990634735618 -0.0014913347984638636 0.00023284877898808743 -0.0014766120623983066 -0.00011120164532790938 0.00028662012143920794 -0.001095341554536292
leaf_weight=27 372 28 47 109 42 27 29 56 106 40 14.999999999999998
leaf_count=27 372 28 47 109 42 27 29 56 106 40 15
internal_value=-4.8879e-05 -0.000280737 -0.000173183 -0.000486117 -0.000900408 -8.76803e-05 -0.00144983 -0.000884661 0.000371536 0.00119198 0.000251876
internal_weight=898 511 483 310 201 74 127 85 173 67 387
internal_count=898 511 483 310 201 74 127 85 173 67 387
is_linear=0
shrinkage=0.0353657


Tree=218
num_leaves=12
num_cat=1
split_feature=58 1 77 29 28 16 29 62 201 46 69
split_gain=0.0473109 0.105872 0.21362 0.0996807 0.0947253 0.0849743 0.112647 0.104211 0.0966843 0.0765836 0.0948741
threshold=15.500000000000002 0 1.1868201812988655 1079100.7241568628 4.6500000000000012 2.6300000000000003 392132.48759226192 36.791125541125545 4.5000000000000009 176172.59722222225 61947.000000000007
decision_type=8 1 2 2 10 2 2 10 2 2 8
left_child=5 2 3 -2 9 6 -1 -8 -7 -3 -11
right_child=1 4 -4 -5 -6 8 7 -9 -10 10 -12
leaf_value=0.0012095498178045783 1.2958373585750934e-05 0.0015143161842788556 -0.0025901507228936554 -0.0018604001312760824 -0.0015804022149994896 0.0030591710743794452 -0.0017620161376674858 0.00011166275660956281 0.00070686714321354011 -0.0013678190960055635 0.00022576388964108053
leaf_weight=46 155 28 44 19 14.999999999999998 17 37 64 24 27 422
leaf_count=46 155 28 44 19 15 17 37 64 24 27 422
internal_value=-4.84398e-05 -0.00017968 -0.000777795 -0.00030615 0.000101793 0.000418502 6.4255e-05 -0.000553425 0.00156128 0.000207848 9.36338e-05
internal_weight=898 710 218 174 492 188 147 101 41 477 449
internal_count=898 710 218 174 492 188 147 101 41 477 449
cat_boundaries=0 2
cat_threshold=20139136 1
is_linear=0
shrinkage=0.0353657


Tree=219
num_leaves=12
num_cat=0
split_feature=51 82 282 92 77 94 58 51 167 78 36
split_gain=0.0491117 0.0777812 0.0817048 0.058473 0.0864141 0.0677973 0.0995311 0.0858831 0.114246 0.0836748 0.0628992
threshold=1.0162093838576205 8867.9377143261536 3.0000000000000004 -120057.29064873482 0.93995391658803762 201247.28105590062 20.500000000000004 1.6622604545840358 28.500000000000004 1.1914327651323844 99981.256583591545
decision_type=2 2 2 2 2 2 8 2 2 2 10
left_child=1 -1 -3 -2 -5 6 -6 8 -7 -8 -9
right_child=3 2 -4 4 5 7 9 10 -10 -11 -12
leaf_value=-6.7759876661103709e-05 -0.0010669610267281531 -0.00021117834568064737 -0.001875572315484071 0.0017385090486613025 0.0021206616832462047 -0.0011745499034449228 0.0007817049157616367 0.0020194429228831989 0.00056586527566699339 -0.0011818433139350606 0.00033805367620784102
leaf_weight=414 14.999999999999998 39 58 27 34 113 51 13.999999999999998 46 15.999999999999998 71
leaf_count=414 15 39 58 27 34 113 51 14 46 16 71
internal_value=-4.82938e-05 -0.000271716 -0.00108072 0.000241407 0.000347218 0.000194064 0.000879893 -0.000111862 -0.000583063 0.000246389 0.000665735
internal_weight=898 511 97 387 372 345 101 244 159 67 85
internal_count=898 511 97 387 372 345 101 244 159 67 85
is_linear=0
shrinkage=0.0353657


Tree=220
num_leaves=12
num_cat=1
split_feature=27 1 95 44 19 28 95 29 19 29 67
split_gain=0.0464756 0.0958098 0.149806 0.129439 0.0831391 0.0669582 0.0650256 0.0639508 0.0970416 0.0953475 0.0841296
threshold=205845.99561403514 0 -337560.95575744088 149622.55269384143 182272.66666666669 2.8500000000000001 -109216.51967930039 727838.37200276589 561530.69981203019 372178.17886904773 2.9411109605132384
decision_type=8 1 2 10 10 8 2 2 10 2 2
left_child=-1 2 -2 4 -4 -6 -7 8 9 10 -3
right_child=1 7 3 -5 5 6 -8 -9 -10 -11 -12
leaf_value=0.0010049592576128151 -0.0028347306349474728 0.00037682898321336387 0.00017377278559980024 0.001066426154737257 -0.00052758640221619245 -0.0012378602130322515 -0.0031219071275155469 -0.00031401935121098284 0.00097787221964589573 -0.00052947610080360046 0.0022745300262233541
leaf_weight=26 20 89 19 26 13.999999999999998 18 34 299 163 176 13.999999999999998
leaf_count=26 20 89 19 26 14 18 34 299 163 176 14
internal_value=-4.53205e-05 -9.23164e-05 -0.000867309 -0.000494857 -0.00107563 -0.0016836 -0.00229369 6.43799e-05 0.00033216 -4.08839e-05 0.000706019
internal_weight=898 872 131 111 85 66 52 741 442 279 103
internal_count=898 872 131 111 85 66 52 741 442 279 103
cat_boundaries=0 2
cat_threshold=16915456 1
is_linear=0
shrinkage=0.0353657


Tree=221
num_leaves=12
num_cat=0
split_feature=29 19 94 253 22 67 31 42 65 48 251
split_gain=0.0441663 0.0961463 0.0875901 0.0545695 0.0982809 0.141538 0.0925418 0.0861369 0.0525502 0.0516551 0.0724906
threshold=575843.60159759677 458589.93141025642 -212732.68393343079 0.027705444045188102 1.7750000000000001 2.8722964479062045 2.3400000000000003 725892.85714285728 3.9741379310344827 -185924.96891121028 63111921.794049256
decision_type=2 10 2 2 8 2 2 2 10 8 2
left_child=9 2 -2 6 5 -5 8 -6 -3 -1 -11
right_child=1 3 -4 4 7 -7 -8 -9 -10 10 -12
leaf_value=0.0013955658046424162 -0.00074103536227619138 0.00078347054209359026 -0.0027538355907400095 -0.0024815198485908505 0.0012516830976650449 0.00025261930486315581 -0.0012576856636550382 -8.3016410220835361e-05 -0.00076241548259567426 9.9057264681921305e-06 0.0015203780152809681
leaf_weight=19 44 57 21 23 103 21 88 87 17 399 19
leaf_count=19 44 57 21 23 103 21 88 87 17 399 19
internal_value=-4.14746e-05 -0.000277829 -0.0013547 -7.78983e-05 0.000253361 -0.00092407 -0.000538769 0.000607842 0.000216231 0.00020476 0.000122114
internal_weight=898 461 65 396 234 44 162 190 74 437 418
internal_count=898 461 65 396 234 44 162 190 74 437 418
is_linear=0
shrinkage=0.0353657


Tree=222
num_leaves=12
num_cat=1
split_feature=1 87 31 56 69 29 212 44 77 94 65
split_gain=0.0423192 0.138671 0.162834 0.112092 0.0787743 0.121001 0.0749506 0.0846371 0.0560657 0.0457339 0.0768594
threshold=0 1159688.2034632037 1.5600000000000003 20.500000000000004 50615.000000000007 337281.10714285722 0.047113235236970454 132191.73245793351 0.91999642475240606 -298413.72841204033 3.8102564102564105
decision_type=1 2 2 2 8 2 2 8 2 2 8
left_child=1 2 3 -1 -2 -6 -4 8 -8 -7 -11
right_child=4 -3 6 -5 5 9 7 -9 -10 10 -12
leaf_value=0.00072526354069957276 -0.0014263522008039434 -0.0023742130067439669 -3.6312108096057232e-05 0.0033824600319757423 0.0017911317081004071 0.00044459774561257686 0.00044577890534317806 -0.0026408682765107156 -0.0012177314540744559 -1.3151580277707736e-05 -0.0013911025298281115
leaf_weight=15.000000000000002 15.999999999999998 18 99 13.999999999999998 30 227 13.999999999999998 23 40 380 33
leaf_count=15 16 18 99 14 30 227 14 23 40 380 33
internal_value=-3.59198e-05 -0.000427447 -0.000192548 0.00160263 9.92577e-05 0.000168503 -0.000578111 -0.0013205 -0.000736646 6.2474e-05 -0.000152764
internal_weight=909 223 205 29 686 670 176 77 54 640 413
internal_count=909 223 205 29 686 670 176 77 54 640 413
cat_boundaries=0 2
cat_threshold=2166364705 1
is_linear=0
shrinkage=0.0353657


Tree=223
num_leaves=12
num_cat=0
split_feature=46 46 87 87 22 36 78 41 87 56 53
split_gain=0.0414556 0.0940604 0.103976 0.0934488 0.0706649 0.0930236 0.071536 0.0779605 0.0582016 0.0555578 0.0607919
threshold=314574.44362745102 337281.10714285722 658677.97561327578 998118.33142857149 1.6550000000000002 34433.431118332424 0.69393384048231765 218182.10000000003 379016.78710277221 13.500000000000002 39.500000000000007
decision_type=2 2 2 2 8 10 2 2 2 2 10
left_child=3 2 -2 4 9 6 -6 -8 -7 -1 -11
right_child=1 -3 -4 -5 5 8 7 -9 -10 10 -12
leaf_value=-0.00018269236336054194 0.00042267751257260675 -2.3125374292854251e-05 0.0026058568466485873 -0.0020216661090074052 0.0012485520903513846 -0.0024641452110165246 -0.0016794905747500423 8.3734810485223092e-05 -0.00084595832955316607 0.00069900818964445041 0.0026114724861556293
leaf_weight=18 38 591 25 17 23 28 20 71 40 21 17
leaf_count=18 38 591 25 17 23 28 20 71 40 21 17
internal_value=-3.55162e-05 0.000109506 0.00121111 -0.000401542 -0.000224524 -0.000540467 -7.06728e-06 -0.000361053 -0.0014431 0.000687492 0.0014612
internal_weight=909 654 63 255 238 182 114 91 68 56 38
internal_count=909 654 63 255 238 182 114 91 68 56 38
is_linear=0
shrinkage=0.0353657


Tree=224
num_leaves=12
num_cat=1
split_feature=81 51 1 94 255 3 38 64 70 94 33
split_gain=0.0501142 0.0693448 0.10841 0.112442 0.100421 0.0830518 0.0964674 0.0653898 0.0598004 0.0584167 0.0625436
threshold=1.4842298860588341 0.99999999996349231 0 848702.65611893882 1.0000000180025095e-35 10.500000000000002 344578.49285714288 3.0851449275362319 57371.835820895525 4.6974876364471854e-11 -1.0000000180025095e-35
decision_type=2 2 1 2 2 2 2 2 8 2 2
left_child=1 4 -3 5 9 6 -4 -8 -6 -1 -11
right_child=-2 2 3 -5 8 -7 7 -9 -10 10 -12
leaf_value=8.8617516227904454e-05 -0.0012769876588259272 -0.00029586068275980209 0.0028027711079549886 -0.00050247017939647725 -0.00065259323870001345 1.360791465632027e-05 0.00056686741344832666 0.0018370767412855926 -0.0024671527566894912 -0.0018039704377274749 -0.00010990411936771962
leaf_weight=261 14.999999999999998 220 26 53 18 52 112 60 33 37 22
leaf_count=261 15 220 26 53 18 52 112 60 33 37 22
internal_value=-3.50181e-05 1.16574e-06 0.00025936 0.00067109 -0.000355006 0.00101396 0.00134621 0.00105855 -0.00155876 -0.000134987 -0.000970254
internal_weight=909 894 523 303 371 250 198 172 51 320 59
internal_count=909 894 523 303 371 250 198 172 51 320 59
cat_boundaries=0 1
cat_threshold=557075061
is_linear=0
shrinkage=0.0353657


Tree=225
num_leaves=12
num_cat=0
split_feature=81 51 36 91 51 112 57 26 63 87 79
split_gain=0.0481446 0.066571 0.085945 0.0610486 0.0698497 0.0785768 0.0936841 0.08892 0.079047 0.0688183 0.0978487
threshold=1.4842298860588341 1.6622604545840358 101141.94230872502 1.2369935285722475 0.99999999996349231 11.500000000000002 10.500000000000002 3.3950000000000005 44.05260295260296 803341.52611408208 -0.50632686306209862
decision_type=2 2 10 2 2 2 10 8 2 2 2
left_child=1 3 -3 4 9 6 8 -8 -6 10 -1
right_child=-2 2 -4 -5 5 -7 7 -9 -10 -11 -12
leaf_value=-0.00032704619144712741 -0.0012522150095658118 0.0022985514002485663 0.00038160122554221004 -0.00088540695141475225 -0.00067003222465275016 -3.0421954956226508e-05 0.0005840673105889548 0.0024772543796537879 0.0013163280694052277 0.00017914733715886403 -0.0018338425007095893
leaf_weight=157 14.999999999999998 18 67 85 43 217 24 55 15.999999999999998 159 53
leaf_count=157 15 18 67 85 43 217 24 55 16 159 53
internal_value=-3.49099e-05 5.28314e-07 0.000829906 -9.57817e-05 5.36221e-06 0.000351034 0.00096955 0.00171456 0.000140526 -0.000321101 -0.000730377
internal_weight=909 894 85 809 724 355 138 79 59 369 210
internal_count=909 894 85 809 724 355 138 79 59 369 210
is_linear=0
shrinkage=0.0353657


Tree=226
num_leaves=12
num_cat=0
split_feature=68 53 65 65 18 29 40 41 47 11 65
split_gain=0.0509724 0.0947315 0.0634557 0.104781 0.0972589 0.0729921 0.104893 0.0837276 0.0666124 0.0573603 0.0897003
threshold=45813.590277777788 1.5000000000000002 1.9045454545454545 2.1523947750362846 2.4400000000000004 367623.65196078439 49004.777375233389 827002.05248015886 11646.668926218323 -0.6830127018922193 3.8627819548872182
decision_type=2 10 10 10 10 2 8 2 8 2 10
left_child=1 -1 5 4 8 6 -2 -7 -4 -5 -11
right_child=2 -3 3 9 -6 7 -8 -9 -10 10 -12
leaf_value=-0.0023814301193809226 0.00083958771296787445 -0.00031570557968145768 -0.0038787501839348112 0.00056530697397189848 -0.00032475101538585656 -0.00062044798147508815 0.0032648593119902498 0.0013676274632683186 -0.0017175674892976932 -1.5012797766412937e-05 -0.001475263990402463
leaf_weight=14.999999999999998 26 65 14.999999999999998 172 18 43 17 19 14.000000000000002 471 34
leaf_count=15 26 65 15 172 18 43 17 19 14 471 34
internal_value=-3.44725e-05 -0.000779412 4.58692e-05 -6.78238e-05 -0.00137449 0.000778004 0.00173451 0.000171219 -0.00256644 4.09277e-05 -0.000140971
internal_weight=909 80 829 724 47 105 43 62 29 677 505
internal_count=909 80 829 724 47 105 43 62 29 677 505
is_linear=0
shrinkage=0.0353657


Tree=227
num_leaves=12
num_cat=0
split_feature=68 53 29 20 184 46 70 78 27 242 93
split_gain=0.0481903 0.090784 0.0696409 0.0747101 0.070883 0.049284 0.0491524 0.0537204 0.0997926 0.139736 0.0829328
threshold=45813.590277777788 1.5000000000000002 307263.95188492077 1.5850000000000002 1.0000000180025095e-35 178811.10683760684 135027.73484848489 1.3415350923211478 650523.64944083698 0.032106933275886505 3251611.4659774438
decision_type=2 10 2 10 2 2 8 2 8 2 2
left_child=1 -1 3 -2 6 -3 -4 -8 10 -10 -9
right_child=2 5 4 -5 -6 -7 7 8 9 -11 -12
leaf_value=-0.002325516191824055 0.0024617744354555088 0.00027282147014396545 -0.00094010206181753249 0.00052755883062724409 -0.0014617343981220671 -0.0012331759559411307 0.00021278795587455803 -0.00016087818105922362 -0.00023692132268478459 -0.0025558704070965037 0.0020812982092736181
leaf_weight=14.999999999999998 14.999999999999998 46 39 43 18 19 605 17.000000000000004 42 36 13.999999999999998
leaf_count=15 15 46 39 43 18 19 605 17 42 36 14
internal_value=-3.33958e-05 -0.000757741 4.46843e-05 0.00103431 -4.14385e-05 -0.000302857 1.19663e-05 8.19428e-05 -0.000566193 -0.00123595 0.000615299
internal_weight=909 80 829 58 771 65 753 714 109 78 31
internal_count=909 80 829 58 771 65 753 714 109 78 31
is_linear=0
shrinkage=0.0353657


Tree=228
num_leaves=12
num_cat=1
split_feature=76 88 83 66 25 222 41 204 95 1 61
split_gain=0.0604921 0.0424002 0.107139 0.123508 0.0728654 0.106058 0.0743218 0.0610126 0.0587592 0.057579 0.0904706
threshold=57.500000000000007 206888.31704260656 0.73421207352548101 3.2433797909407671 855198.88372564956 1.0000000180025095e-35 1402913.9678571431 116.05845900000001 -427102.91445084685 0 0.91868131868131886
decision_type=10 2 2 8 8 2 2 2 2 1 10
left_child=1 9 3 -3 5 8 7 -6 -4 10 -1
right_child=-2 2 4 -5 6 -7 -8 -9 -10 -11 -12
leaf_value=0.00057645603711527096 -0.0013019676024879719 0.00073826896350427022 0.0026925218247599554 0.0034003455751475706 0.0008720847620269671 -0.0005455241976959085 -0.0019003623670572432 -0.00066333331528202998 0.0010204362698202406 0.00013888214784274787 -0.00091537247387329837
leaf_weight=43 18 18 17 19 28 25 14.999999999999998 57 52 441 173
leaf_count=43 18 18 17 19 28 25 15 57 52 441 173
internal_value=1.05323e-05 5.62146e-05 0.000449147 0.00180999 0.000141075 0.00075684 -0.000464837 -0.000125486 0.00146416 -8.39714e-05 -0.000521779
internal_weight=906 888 231 37 194 94 100 85 69 657 216
internal_count=906 888 231 37 194 94 100 85 69 657 216
cat_boundaries=0 1
cat_threshold=1629361161
is_linear=0
shrinkage=0.0353657


Tree=229
num_leaves=12
num_cat=2
split_feature=65 7 1 25 88 90 124 36 90 51 1
split_gain=0.0498899 0.0696826 0.0615772 0.0882158 0.081988 0.0501494 0.0965609 0.0909552 0.0719275 0.0816085 0.0907041
threshold=3.8627819548872182 1.5000000000000002 0 924190.78947368439 265939.65416666673 1.2623502077734545 0.051314552693363207 289607.80485288816 1.1717709484840726 2.0630378207042885 1
decision_type=10 2 1 10 2 10 2 10 10 2 1
left_child=2 -2 3 4 -1 7 -7 8 9 10 -4
right_child=1 -3 5 -5 -6 6 -8 -9 -10 -11 -12
leaf_value=0.00088657707215676086 -0.0017229775636790497 -5.1408218013031279e-05 -0.00054758086874891979 -0.00023716752366302561 0.002780095374282063 0.00024500417623663228 0.0023254872176388243 -0.001829231235584345 -0.001015054153233509 0.0016342654266583744 0.00032524507487952472
leaf_weight=49 35 37 211 32 24 71 13.999999999999998 13.999999999999998 65 14.999999999999998 339
leaf_count=49 35 37 211 32 24 71 14 14 65 15 339
internal_value=9.53942e-06 -0.000758774 8.7609e-05 0.00077199 0.00151032 -2.88799e-05 0.000676767 -0.000138136 -6.88292e-05 5.73645e-05 -1.4487e-05
internal_weight=906 72 834 105 73 729 85 644 630 565 550
internal_count=906 72 834 105 73 729 85 644 630 565 550
cat_boundaries=0 1 2
cat_threshold=1208066048 2199540928
is_linear=0
shrinkage=0.0353657


Tree=230
num_leaves=12
num_cat=1
split_feature=76 78 93 94 77 84 61 84 0 76 5
split_gain=0.0572495 0.0429823 0.0805155 0.0489956 0.047067 0.0665289 0.074365 0.114454 0.0836922 0.0796041 0.0521574
threshold=57.500000000000007 0.63718531738347906 2600100.3145161294 -298413.72841204033 0.67743896978212137 0.15401093203866187 1.2097560975609758 0.15849658667617664 0 4.5000000000000009 2.7950000000000004
decision_type=10 2 2 2 2 8 8 8 1 10 2
left_child=1 2 -1 -4 -3 10 9 -8 -9 -7 -6
right_child=-2 4 3 -5 5 6 7 8 -10 -11 -12
leaf_value=0.0019702517186694448 -0.0012679973774264697 -0.0011218888042701914 0.00065769703693900399 -0.00096290067651263317 -5.6571650625580583e-05 0.00066065247257629577 0.0019076254281520744 -0.00058799697949382462 0.00033858719365239046 0.0026865637154345509 -0.00098002313092344852
leaf_weight=26 18 22 29 14.999999999999998 175 34 18 158 291 18 102
leaf_count=26 18 22 29 15 175 34 18 158 291 18 102
internal_value=8.83813e-06 5.33163e-05 0.000776262 0.00014413 -1.62723e-05 2.81826e-05 0.000261121 0.000123758 3.32584e-06 0.00130938 -0.000393379
internal_weight=906 888 70 44 818 796 519 467 449 52 277
internal_count=906 888 70 44 818 796 519 467 449 52 277
cat_boundaries=0 1
cat_threshold=642
is_linear=0
shrinkage=0.0353657


Tree=231
num_leaves=12
num_cat=1
split_feature=76 78 29 51 1 20 60 61 61 84 78
split_gain=0.0548762 0.0403017 0.0785323 0.0626311 0.0485728 0.0911048 0.082361 0.110798 0.0750566 0.0723449 0.0722204
threshold=57.500000000000007 0.63718531738347906 390457.28598484857 0.5280300382176949 0 2.5900000000000003 7.8759398496240607 9.8117647058823554 3.1503759398496247 0.36740868436022794 0.76781530862315417
decision_type=10 2 2 2 1 8 2 10 10 8 2
left_child=1 2 -1 -3 9 6 7 -6 -8 -5 -7
right_child=-2 3 -4 4 5 10 8 -9 -10 -11 -12
leaf_value=0.0020912806987860555 -0.0012415926423693852 -0.001290491124364472 0.00020631600965981712 0.00021733994663065834 -2.2492877490761674e-05 0.00026692270689777345 0.0022529175247476964 -0.0020913945459832941 0.00051698283835667882 0.0017224626224629168 -0.0011248351459413868
leaf_weight=19 18 22 51 336 101 37 14.999999999999998 17 118 20 152
leaf_count=19 18 22 51 336 101 37 15 17 118 20 152
internal_value=8.47622e-06 5.20507e-05 0.000752099 -1.52792e-05 3.64271e-05 -0.000201526 0.000205396 -0.000388261 0.000780988 0.000330136 -0.000764826
internal_weight=906 888 70 818 796 440 251 118 133 356 189
internal_count=906 888 70 818 796 440 251 118 133 356 189
cat_boundaries=0 1
cat_threshold=1552015708
is_linear=0
shrinkage=0.0353657


Tree=232
num_leaves=12
num_cat=1
split_feature=65 7 82 15 65 84 145 1 25 60 62
split_gain=0.0458362 0.0661673 0.0461912 0.0877109 0.049905 0.0476574 0.0499403 0.0421016 0.0720324 0.0700424 0.103166
threshold=3.8627819548872182 1.5000000000000002 -301890.12533286435 672611.86720779224 3.4154761904761908 0.22376928673865948 9.0767045454545485 0 218182.10000000003 42.729166666666679 51.937158469945366
decision_type=10 2 2 2 10 10 2 1 8 2 8
left_child=2 -2 3 -1 7 6 -6 9 -9 -4 -11
right_child=1 -3 4 -5 5 -7 -8 8 -10 10 -12
leaf_value=0.0024831337743755296 -0.0016662314481731676 -3.7602962505558121e-05 0.00053033735575330298 0.0002295099604615339 0.0025879362538019143 0.0001781180029777578 0.00082589370602605312 0.0010784850038580113 -0.00042561764361473197 -0.001672587951039507 0.00023884816473437257
leaf_weight=14.999999999999998 35 37 248 19 19 30 18 19 375 38 53
leaf_count=15 35 37 248 19 19 30 18 19 375 38 53
internal_value=8.36435e-06 -0.00072803 8.32511e-05 0.001054 2.74333e-05 0.000816074 0.00158653 -5.58472e-05 -0.000295568 0.000217111 -0.000505095
internal_weight=906 72 834 34 800 67 37 733 394 339 91
internal_count=906 72 834 34 800 67 37 733 394 339 91
cat_boundaries=0 1
cat_threshold=1020308124
is_linear=0
shrinkage=0.0353657


Tree=233
num_leaves=12
num_cat=1
split_feature=65 66 61 60 60 1 51 17 63 5 29
split_gain=0.0428099 0.0693757 0.0961519 0.0896455 0.0717472 0.0904291 0.095009 0.0818796 0.0778361 0.106365 0.071786
threshold=3.8627819548872182 3.0286650286650292 97.058510638297903 3.3078947368421057 89.774456521739154 0 0.81979612472879504 416100.60870181414 48.852579365079364 2.7350000000000008 196058.04206138689
decision_type=10 10 10 2 2 1 2 8 2 2 2
left_child=1 2 4 -3 5 6 -1 -8 10 -10 -7
right_child=-2 3 -4 -5 -6 8 7 -9 9 -11 -12
leaf_value=-0.00049619298077328313 -0.00070296910981836915 0.0023482923673957138 -0.0018008020413642436 0.00047032039367939847 -0.0013712872865116804 0.00073311848079599465 0.0024971655170251917 0.00076350428255794929 0.0022615435115897432 -0.00016853881046249229 -0.00056079795698825126
leaf_weight=47 72 14.999999999999998 13.999999999999998 129 21 37 17 169 23 17 345
leaf_count=47 72 15 14 129 21 37 17 169 23 17 345
internal_value=8.64589e-06 8.10617e-05 -6.13941e-05 0.000734461 9.54709e-07 7.26333e-05 0.000592114 0.000987864 -0.000224837 0.00092077 -0.000395441
internal_weight=906 834 690 144 676 655 233 186 422 40 382
internal_count=906 834 690 144 676 655 233 186 422 40 382
cat_boundaries=0 2
cat_threshold=205627678 1
is_linear=0
shrinkage=0.0353657


Tree=234
num_leaves=12
num_cat=0
split_feature=81 29 84 67 69 48 19 94 242 61 173
split_gain=0.0800501 0.0677336 0.0900633 0.0751744 0.0700793 0.0695264 0.066978 0.0799322 0.0657617 0.0639229 0.0664222
threshold=1.4842298860588341 430669.89668803423 0.23995037883512613 2.7145670307435021 164847.42329545456 -67492.31195652172 489056.29166666669 -8.9951381185120784e-11 0.034591919987229956 0.77500000000000013 0.077274291772049461
decision_type=2 2 8 2 8 10 10 2 2 10 2
left_child=1 2 3 9 -4 -5 7 -3 -6 -1 -11
right_child=-2 6 4 5 8 -7 -8 -9 -10 10 -12
leaf_value=0.00057097400291802338 -0.0015909053311040254 -0.00044786680547306444 0.002803952034788032 0.0023460551374886811 0.0016812766041335769 0.00040436001252880122 3.4362888626399225e-05 -0.0020891230902634942 -5.9521249076184782e-05 -0.0014237158920128625 -2.1549791427226285e-05
leaf_weight=63 13.999999999999998 116 15.999999999999998 22 35 18 450 26 22 55 61
leaf_count=63 14 116 16 22 35 18 450 26 22 55 61
internal_value=0 4.59721e-05 0.000470733 0.00013971 0.00141491 0.0012111 -0.000164972 -0.000786869 0.000997423 -0.00016861 -0.000642288
internal_weight=898 884 292 219 73 40 592 142 57 179 116
internal_count=898 884 292 219 73 40 592 142 57 179 116
is_linear=0
shrinkage=0.0353657


Tree=235
num_leaves=12
num_cat=1
split_feature=78 139 51 63 47 51 76 95 1 63 87
split_gain=0.0531628 0.115649 0.077603 0.0720973 0.0683401 0.0581941 0.105284 0.0714361 0.0681036 0.0704576 0.0701589
threshold=0.94377835079379968 825.00000000000011 1.6622604545840358 51.439402958152961 -10568.349999999989 0.83193653958857028 2.5000000000000004 291207.069675926 0 45.678722165712209 1425413.2641609979
decision_type=2 2 2 2 10 2 10 2 1 2 2
left_child=5 -2 4 -4 -3 6 -1 -8 9 -7 -10
right_child=1 2 3 -5 -6 8 7 -9 10 -11 -12
leaf_value=0.0004003801929319954 -0.0020988192782252064 0.00022610191300189943 0.0014020163373428855 -0.00030746013481348466 -0.0007457383728586705 -0.00056397610712962732 -0.00071688380192682667 -0.0025431215924270668 0.00077524109503745422 0.0010756678344812662 0.0023524764765962235
leaf_weight=108 17 117 57 24 218 87 58 14.999999999999998 156 22 19
leaf_count=108 17 117 57 24 218 87 58 15 156 22 19
internal_value=0 -0.000275265 -0.00015521 0.000701791 -0.000384881 0.000254821 -0.000198803 -0.00112385 0.000565627 -6.46178e-05 0.000955843
internal_weight=898 433 416 81 335 465 181 73 284 109 175
internal_count=898 433 416 81 335 465 181 73 284 109 175
cat_boundaries=0 1
cat_threshold=16912752
is_linear=0
shrinkage=0.0353657


Tree=236
num_leaves=12
num_cat=1
split_feature=81 78 38 91 1 43 19 23 97 63 22
split_gain=0.0772547 0.0409447 0.0760346 0.0433287 0.0569464 0.117087 0.0919698 0.0823418 0.119092 0.0765311 0.0624368
threshold=1.4842298860588341 0.61685134855867874 301537.70343137259 0.67743896978212137 0 859820.57002774102 1016688.9663461539 712677.20458049898 35.500000000000007 46.164883635621429 2.3400000000000003
decision_type=2 2 2 2 1 2 10 10 2 2 10
left_child=1 2 -1 -3 10 7 -7 9 -9 -6 -5
right_child=-2 3 -4 4 5 6 -8 8 -10 -11 -12
leaf_value=0.0022573796367785573 -0.0015631269459923413 -0.00095376232870247749 0.00026330335151625187 0.00081422688710666399 -0.00042525193196550984 -0.0027305467110785432 -0.00058706750886588989 0.0021033529996672593 -0.000387090085058549 0.00082369799943484247 -7.4452999696130522e-05
leaf_weight=13.999999999999998 13.999999999999998 34 38 180 305 29 20 38 13.999999999999998 50 162
leaf_count=14 14 34 38 180 305 29 20 38 14 50 162
internal_value=0 4.47969e-05 0.000836925 -1.34986e-05 3.79235e-05 -0.000210431 -0.00154806 -2.41855e-05 0.0010567 -0.000210719 0.000366884
internal_weight=898 884 52 832 798 456 49 407 52 355 342
internal_count=898 884 52 832 798 456 49 407 52 355 342
cat_boundaries=0 1
cat_threshold=470606785
is_linear=0
shrinkage=0.0353657


Tree=237
num_leaves=12
num_cat=0
split_feature=79 201 64 59 90 63 212 5 293 251 87
split_gain=0.0523021 0.112987 0.0547831 0.0735715 0.0711068 0.0487734 0.0411341 0.0855297 0.0814693 0.0738964 0.0700157
threshold=0.89531096990735093 2.5000000000000004 2.8480769230769236 24.833333333333339 1.1972724564832131 45.678722165712209 0.052611353891074512 1.6550000000000002 11.656768282475477 60777096.759104066 368169.03571428574
decision_type=2 2 2 2 8 2 2 2 8 2 2
left_child=6 -2 4 -4 5 -3 9 -8 10 -1 -9
right_child=1 2 3 -5 -6 -7 7 8 -10 -11 -12
leaf_value=0.00048308486333076956 -0.0019541706805381994 -0.00099695686826306671 0.0016321158461596289 -0.00023858215619098147 4.8376525125930165e-05 -0.0027803290245706782 -0.0015408324753256593 -4.7658693400543719e-05 -0.00083716386696157722 -0.00043091281592856645 0.0015368437398276136
leaf_weight=440 33 19 29 25 43 13.999999999999998 34 45 55 119 42
leaf_count=440 33 19 29 25 43 14 34 45 55 119 42
internal_value=-5.27668e-07 -0.000535516 -0.00012115 0.000613071 -0.000628467 -0.0016201 0.000123374 -0.000312987 1.29751e-05 0.000272095 0.00064249
internal_weight=898 163 130 54 76 33 735 176 142 559 87
internal_count=898 163 130 54 76 33 735 176 142 559 87
is_linear=0
shrinkage=0.0353657


Tree=238
num_leaves=12
num_cat=0
split_feature=81 29 77 67 70 28 19 94 27 5 17
split_gain=0.0735584 0.0622615 0.0857522 0.0990043 0.0734212 0.0653237 0.0624399 0.0714695 0.0621287 0.0596609 0.0839127
threshold=1.4842298860588341 430669.89668803423 0.77322825673303908 2.9113559540349017 382840.25081168837 3.7600000000000002 489056.29166666669 -8.9951381185120784e-11 249612.22396605703 2.7950000000000004 1329650.6029411766
decision_type=2 2 2 2 10 10 10 2 8 2 10
left_child=1 2 -1 4 5 8 7 -3 -4 -8 -11
right_child=-2 6 3 -5 -6 -7 9 -9 -10 10 -12
leaf_value=0.0020772841933203189 -0.0015276892868482505 -0.000441117449742704 0.0014261296685836279 0.0017386308546175758 0.0015537832109540936 -0.0013783059778831766 0.00036872717501562814 -0.0019942597677881585 -7.5987684014086368e-05 -0.00074075460003901038 0.00086151744867930878
leaf_weight=13.999999999999998 13.999999999999998 116 14.999999999999998 29 13.999999999999998 20 262 26 200 161 27
leaf_count=14 14 116 15 29 14 20 262 26 200 161 27
internal_value=-2.35273e-06 4.11946e-05 0.000448491 0.000313566 7.67529e-05 -8.77459e-05 -0.000161003 -0.00076143 8.17416e-05 3.13971e-05 -0.00041244
internal_weight=898 884 292 278 249 235 592 142 215 450 188
internal_count=898 884 292 278 249 235 592 142 215 450 188
is_linear=0
shrinkage=0.0353657


Tree=239
num_leaves=12
num_cat=0
split_feature=79 209 27 75 31 29 51 77 53 51 64
split_gain=0.0486488 0.0720746 0.0784606 0.0809512 0.0623679 0.0524377 0.0520408 0.0648233 0.0655912 0.0638169 0.0695494
threshold=0.89531096990735093 0.050357291100280359 650523.64944083698 0.055555555555555546 2.3400000000000003 731416.66666666686 1.6622604545840358 1.2171785310952572 118.50000000000001 0.83193653958857028 2.2875939849624065
decision_type=2 2 8 2 2 2 2 2 10 2 2
left_child=6 2 -2 5 -3 -4 7 9 -9 10 -1
right_child=1 4 3 -5 -6 -7 -8 8 -10 -11 -12
leaf_value=0.00050752487679506177 -1.7821131485836851e-05 0.0010182098449249624 -0.00040315785387614114 -0.0032588767521255797 -0.00057251654092335821 -0.0019671067608842724 0.0012551232236504006 -0.0018581855486239584 -5.2699298630603175e-05 0.00039564053699225611 -0.00071186151459096255
leaf_weight=61 23 38 26 13.999999999999998 35 27 24 32 19 444 155
leaf_count=61 23 38 26 14 35 27 24 32 19 444 155
internal_value=-6.23099e-07 -0.000516632 -0.0011472 -0.00176473 0.000150108 -0.00125981 0.000118825 6.19921e-05 -0.000931489 0.000156451 -0.000310983
internal_weight=898 163 90 67 73 53 735 711 51 660 216
internal_count=898 163 90 67 73 53 735 711 51 660 216
is_linear=0
shrinkage=0.0353657


Tree=240
num_leaves=12
num_cat=0
split_feature=37 81 29 27 40 51 11 205 94 219 43
split_gain=0.047467 0.0580659 0.060835 0.0880485 0.0541544 0.0522033 0.07446 0.0798671 0.0679491 0.0714303 0.0604728
threshold=1549925.1888756615 1.4640494644840103 1047080.9469343292 867125.82302476827 306737.67306229391 1.0913698359425157 0.68301270189221941 1.0000000180025095e-35 -314598.59821428556 8.5000000000000018 853192.87165648292
decision_type=2 2 2 10 10 2 2 2 2 2 2
left_child=1 2 4 -4 5 8 7 -7 9 -1 -8
right_child=-2 -3 3 -5 -6 6 10 -9 -10 -11 -12
leaf_value=-0.00051341869597452613 0.0011230071152115212 -0.0013236575728641535 -0.00174636558480712 3.0247181869641015e-06 0.0013443591716109959 0.0014314318286006045 0.00026922129048323533 -0.00026502141393947796 -0.00039867508491356969 0.00091138414638457005 -0.0011281346712650755
leaf_weight=39 26 14.999999999999998 41 51 22 115 111 20 325 113 28
leaf_count=39 26 15 41 51 22 115 111 20 325 113 28
internal_value=5.90811e-05 1.19194e-05 5.43657e-05 -0.000705555 0.000157618 0.000104204 0.000476661 0.00103633 -0.000112594 0.000450684 -2.9577e-05
internal_weight=906 880 865 92 773 751 274 135 477 152 139
internal_count=906 880 865 92 773 751 274 135 477 152 139
is_linear=0
shrinkage=0.0353657


Tree=241
num_leaves=11
num_cat=1
split_feature=17 42 61 60 38 83 69 1 29 41
split_gain=0.0447838 0.0524418 0.0595835 0.0458748 0.0625678 0.0685067 0.059711 0.0445407 0.0860402 0.0485576
threshold=1522015.080392157 970650.07575757592 97.058510638297903 91.426111111111126 786595.62731092446 1.2196954005932861 594580.20597484289 0 372178.17886904773 651616.75014240155
decision_type=10 2 10 2 2 2 10 1 2 2
left_child=1 2 3 4 7 6 -6 9 -9 -1
right_child=-2 -3 -4 -5 5 -7 -8 8 -10 -11
leaf_value=-1.1452773417060327e-05 0.0011867683935389214 -0.0011241055133258688 -0.0012354175783477717 -0.00097352486389673152 0.0012046414024302057 0.0022218610687899831 -0.00026385415379347963 0.00152119980821786 0.00012290158529702007 -0.00088197415478409483
leaf_weight=248 18 24 18 22 48 18 39 40 342 89
leaf_count=248 18 24 18 22 48 18 39 40 342 89
internal_value=5.60178e-05 1.64718e-05 6.46907e-05 0.000112866 0.000159735 0.000885642 0.000555133 4.23263e-05 0.000291109 -0.000240517
internal_weight=906 888 864 846 824 105 87 719 382 337
internal_count=906 888 864 846 824 105 87 719 382 337
cat_boundaries=0 1
cat_threshold=2439323457
is_linear=0
shrinkage=0.0353657


Tree=242
num_leaves=12
num_cat=0
split_feature=37 81 51 11 27 5 91 13 63 68 73
split_gain=0.043773 0.05567 0.0615884 0.079878 0.0840089 0.0789283 0.0729867 0.0576629 0.0503581 0.04512 0.0718388
threshold=1549925.1888756615 1.4640494644840103 1.2708764133932038 0.68301270189221941 672611.86720779224 3.5150000000000001 1.1834153324789416 449932.22672413796 22.517593355138157 526340.42394957994 0.037749287749287708
decision_type=2 2 2 2 8 2 2 10 2 2 8
left_child=1 2 5 4 -4 6 9 8 -5 -1 -11
right_child=-2 -3 3 7 -6 -7 -8 -9 -10 10 -12
leaf_value=0.00017391841671940793 0.0010753122459873251 -0.0012994335443727125 0.0026232549574653494 -0.00047739286097886946 0.00074298847638935481 -0.001626020844962914 -0.0011535971434529877 -0.001173738834619145 0.00081300301701347426 -0.0016587332822851843 3.5346079722188456e-05
leaf_weight=528 26 14.999999999999998 26 35 51 17 44 15.999999999999998 75 33 40
leaf_count=528 26 15 26 35 51 17 44 16 75 33 40
internal_value=5.36836e-05 8.34188e-06 4.99457e-05 0.000559977 0.00136616 -0.000110363 -4.37293e-05 7.60097e-05 0.000327025 5.76561e-05 -0.000648884
internal_weight=906 880 865 203 77 662 645 126 110 601 73
internal_count=906 880 865 203 77 662 645 126 110 601 73
is_linear=0
shrinkage=0.0353657


Tree=243
num_leaves=12
num_cat=1
split_feature=89 94 51 89 76 24 124 84 16 1 17
split_gain=0.0422791 0.0859531 0.0395045 0.0690668 0.0673424 0.0695776 0.0640828 0.0636596 0.0567707 0.0547736 0.0937143
threshold=16.500000000000004 -2.1537597917540194e-10 0.96377762247742471 -3.4999999999999996 2.5000000000000004 2.7950000000000004 0.0079791692771560025 0.4247245476451047 0.89500000000000013 0 476543.21033574728
decision_type=10 2 2 8 10 10 2 10 2 1 8
left_child=2 -2 4 -4 6 -6 -1 9 -8 -5 -11
right_child=1 -3 3 7 5 -7 8 -9 -10 10 -12
leaf_value=-0.00079032784416326735 0.0022224622555402852 0.00011964310531735523 0.0015113448446376775 0.00056145305450710527 -0.0018395828763589264 -0.000279698515637199 0.0015149880860590339 -0.0013227245133171815 0.000123745238180329 0.00047307239645838576 -0.00065595855997289281
leaf_weight=58 19 26 21 209 50 48 25 13.999999999999998 116 144 176
leaf_count=58 19 26 21 209 50 48 25 14 116 144 176
internal_value=4.97741e-05 0.000897378 -4.51898e-06 0.000163491 -0.000323675 -0.0010128 1.16566e-05 8.39674e-05 0.000414852 0.000153016 -0.000126242
internal_weight=906 45 861 564 297 98 199 543 141 529 320
internal_count=906 45 861 564 297 98 199 543 141 529 320
cat_boundaries=0 1
cat_threshold=453092776
is_linear=0
shrinkage=0.0353657


Tree=244
num_leaves=10
num_cat=1
split_feature=17 42 61 60 38 83 69 61 1
split_gain=0.0410585 0.0494409 0.0562237 0.0429514 0.056771 0.0635975 0.056452 0.0432716 0.0586532
threshold=1522015.080392157 970650.07575757592 97.058510638297903 91.426111111111126 786595.62731092446 1.2196954005932861 594580.20597484289 74.426470588235318 0
decision_type=10 2 10 2 2 2 10 10 1
left_child=1 2 3 4 7 6 -6 8 -1
right_child=-2 -3 -4 -5 5 -7 -8 -9 -10
leaf_value=-0.00032109345059745686 0.0011312056042537505 -0.0010968329167261725 -0.001205398043432903 -0.00094678745561655071 0.001153628524171681 0.0021281864811065936 -0.00027434196912154419 0.0011726945534378695 0.00029458106628172683
leaf_weight=347 18 24 18 22 48 18 39 15.999999999999998 356
leaf_count=347 18 24 18 22 48 18 39 16 356
internal_value=4.86202e-05 1.07004e-05 5.75698e-05 0.00010441 0.000149812 0.00084128 0.000521555 3.79066e-05 -7.3584e-06
internal_weight=906 888 864 846 824 105 87 719 703
internal_count=906 888 864 846 824 105 87 719 703
cat_boundaries=0 1
cat_threshold=2447842113
is_linear=0
shrinkage=0.0353657


Tree=245
num_leaves=12
num_cat=0
split_feature=37 47 62 64 54 78 71 41 64 47 37
split_gain=0.0396263 0.0444874 0.0699486 0.119056 0.0382043 0.0394363 0.0785127 0.0631166 0.0740136 0.062137 0.0578787
threshold=1549925.1888756615 -248190.5989608021 16.786641929499073 2.7453703703703707 5.5000000000000009 0.64344397084120886 227240.01055555555 259841.16666666669 2.090026954177898 3256.2581094831553 512640.5141806723
decision_type=2 8 10 2 8 2 2 2 2 10 2
left_child=1 2 3 -1 -3 6 -6 9 10 -7 -9
right_child=-2 4 -4 -5 5 7 -8 8 -10 -11 -12
leaf_value=-0.00054813151594910645 0.0010187361642975078 -0.00075320558778817789 0.00015814266682760895 -0.0032000726357791008 0.0017741570390455907 -0.0022535831622123416 -7.5256796649708968e-05 0.0015373325938393499 -2.6440633296959271e-05 -0.00035607144317502723 0.00018162436684151392
leaf_weight=14.999999999999998 26 42 17 18 37 18 27 65 583 15.999999999999998 42
leaf_count=15 26 42 17 18 37 18 27 65 583 16 42
internal_value=4.67969e-05 3.59335e-06 -0.000832333 -0.0017292 6.63409e-05 0.000124554 0.000839826 4.96525e-05 0.000124595 -0.00107828 0.000895858
internal_weight=906 880 50 33 830 788 64 724 690 34 107
internal_count=906 880 50 33 830 788 64 724 690 34 107
is_linear=0
shrinkage=0.0353657


Tree=246
num_leaves=12
num_cat=0
split_feature=29 19 11 23 47 82 3 93 20 61 199
split_gain=0.0421158 0.0721423 0.0693478 0.0618998 0.101174 0.0553105 0.0957663 0.0486848 0.0476483 0.0752971 0.0619321
threshold=582716.42453703715 458589.93141025642 -0.6830127018922193 779901.24561403517 140991.85000000003 -94437.982456718848 6.5000000000000009 5857594.2194444453 1.5600000000000003 1.1678321678321681 0.071779422156001707
decision_type=2 10 2 10 8 2 2 2 10 8 2
left_child=3 2 -2 5 -5 6 -1 8 9 -7 -11
right_child=1 -3 -4 4 -6 7 -8 -9 -10 10 -12
leaf_value=0.00038389534206060313 -0.00046553282173534709 -7.4510841307286935e-06 -0.002218841131851286 0.0030043104139687712 0.00052559429797636894 0.0020125988820384969 0.0027128550371725139 -0.0011724229538399062 -9.6523215371484885e-05 -0.00059495849902074685 0.0010527629989578755
leaf_weight=25 41 384 27 13.999999999999998 16.000000000000004 23 13.999999999999998 14.999999999999998 267 33 31
leaf_count=25 41 384 27 14 16 23 14 15 267 33 31
internal_value=4.31342e-05 -0.000188455 -0.00110125 0.000284658 0.00143658 0.000172672 0.00115791 3.30229e-05 0.000121806 0.000758977 0.000265388
internal_weight=890 452 68 438 30 408 39 369 354 87 64
internal_count=890 452 68 438 30 408 39 369 354 87 64
is_linear=0
shrinkage=0.0353657


Tree=247
num_leaves=12
num_cat=0
split_feature=80 89 282 36 49 53 47 61 19 50 20
split_gain=0.0351618 0.0780852 0.153676 0.0625511 0.0870618 0.0804168 0.055616 0.0544624 0.064748 0.0654708 0.0672136
threshold=32965530.375000004 -1.0000000180025095e-35 3.0000000000000004 306412.90988976305 -0.28490129605491304 34.500000000000007 23462.256511849762 0.65476190476190488 344162.40612244903 450686.37264641823 2.1250000000000004
decision_type=2 8 2 8 10 10 10 8 8 2 10
left_child=1 2 -1 4 -2 -6 7 -3 -9 -10 -11
right_child=3 6 -4 -5 5 -7 -8 8 9 10 -12
leaf_value=0.0030141720199482859 -0.0017557144220658617 0.00067735149189851679 0.00033176852228503236 0.00091486161526134957 -0.0016887808998634181 -4.9784970964104254e-05 0.00069674368342611691 -0.0014894832716235572 0.00066600721369307369 -0.0014674872394772865 4.6710054810535164e-05
leaf_weight=22 22 42 36 38 15.999999999999998 426 102 39 53 47 47
leaf_count=22 22 42 36 38 16 426 102 39 53 47 47
internal_value=4.18577e-05 0.000288022 0.001295 -0.000147356 -0.000267243 -0.000155119 8.62943e-05 -0.000209479 -0.00047734 -0.000164069 -0.000649361
internal_weight=890 388 58 502 464 442 330 228 186 147 94
internal_count=890 388 58 502 464 442 330 228 186 147 94
is_linear=0
shrinkage=0.0353657


Tree=248
num_leaves=12
num_cat=1
split_feature=29 27 72 56 78 47 90 1 22 63 11
split_gain=0.0398878 0.0854337 0.072395 0.0530714 0.0437575 0.040908 0.0448159 0.0386358 0.0678327 0.0581594 0.0601728
threshold=1047080.9469343292 879774.28667027422 0.22361111111111112 172.50000000000003 0.54832776586557974 253921.57725033586 1.2038983593226424 0 2.8500000000000001 23.883333333333344 -0.5
decision_type=2 10 2 2 2 8 8 1 10 2 2
left_child=2 -2 3 4 -1 6 -4 8 -6 -9 -11
right_child=1 -3 5 -5 7 -7 -8 9 -10 10 -12
leaf_value=0.0011623673373157542 -0.0014872374500505756 0.00013364535395955895 0.0010841694291596638 0.0013135682429858729 -0.00064940909041169895 0.0004360836813250794 0.002775108850635435 0.00055379679126024782 0.00038301657310727417 -0.0012350388248555909 4.5740649178466502e-05
leaf_weight=13.999999999999998 48 64 15.999999999999998 14.999999999999998 233 13.999999999999998 21 214 89 40 122
leaf_count=14 48 64 16 15 233 14 21 214 89 40 122
internal_value=4.04227e-05 -0.000522017 0.000130504 3.97215e-05 -8.31284e-06 0.00118743 0.0018792 -5.4391e-05 -0.000324662 0.000177518 -0.00027678
internal_weight=890 112 778 727 712 51 37 698 322 376 162
internal_count=890 112 778 727 712 51 37 698 322 376 162
cat_boundaries=0 1
cat_threshold=2704671603
is_linear=0
shrinkage=0.0353657


Tree=249
num_leaves=12
num_cat=0
split_feature=63 63 29 41 94 45 52 21 76 55 41
split_gain=0.0346786 0.0910956 0.0353299 0.0546408 0.0680945 0.0541077 0.10549 0.0504092 0.0687197 0.0630147 0.0543733
threshold=93.949737646740985 79.160846032750712 582716.42453703715 846182.0335546399 -1.4262488794985109e-10 1042562.9918126256 67.500000000000014 904193.48296221334 3.5000000000000004 27.500000000000004 1083568.0859682541
decision_type=2 2 2 2 2 2 2 8 10 2 2
left_child=1 2 5 4 -4 -1 -7 9 10 -5 -9
right_child=-2 -3 3 7 -6 6 -8 8 -10 -11 -12
leaf_value=0.00015199509572225156 0.00097845628881127909 -0.0016721918550584821 -0.00038312920184774084 0.0016188352596944533 -0.0019799802910595043 0.002552006220242754 0.00012388438917470114 0.0011183780933218847 -0.0011825047741279016 0.00018623350918449416 -0.00027816980333604567
leaf_weight=399 23 14.999999999999998 76 27 26 23 15.999999999999998 28 59 126 72
leaf_count=399 23 15 76 27 26 23 16 28 59 126 72
internal_value=3.99323e-05 7.50879e-07 5.46438e-05 -0.000170358 -0.000813543 0.000271877 0.00125982 4.40615e-05 -0.000354115 0.00048021 0.000117211
internal_weight=890 867 852 414 102 438 39 312 159 153 100
internal_count=890 867 852 414 102 438 39 312 159 153 100
is_linear=0
shrinkage=0.0353657


Tree=250
num_leaves=12
num_cat=0
split_feature=80 89 145 36 49 209 21 53 47 47 79
split_gain=0.0315788 0.0729871 0.129079 0.058372 0.0823025 0.0557662 0.0650275 0.0634163 0.0620988 0.0511773 0.0519572
threshold=32965530.375000004 -1.0000000180025095e-35 8.4166666666666696 306412.90988976305 -0.28490129605491304 0.074235184183114353 764926.6663059165 64.500000000000014 -10568.349999999989 23462.256511849762 -1.020207237263044
decision_type=2 8 2 8 10 2 10 10 10 10 2
left_child=1 2 -1 4 -2 6 8 -8 -6 10 -3
right_child=3 9 -4 -5 5 -7 7 -9 -10 -11 -12
leaf_value=0.00033265057061147965 -0.0017041928354779685 0.00060782628972299191 0.0027642936918335736 0.00088488776836732474 0.00057447238271250548 0.00037120560680116324 -0.0025356496314071037 -0.00078195403861803625 -0.00052132685127569307 0.00066184139067526333 -0.00048816980441934949
leaf_weight=34 22 48 24 38 74 147 18 44 159 102 180
leaf_count=34 22 48 24 38 74 147 18 44 159 102 180
internal_value=3.8071e-05 0.000271423 0.00124479 -0.00014117 -0.000256972 -0.000147859 -0.000416625 -0.00128614 -0.000161564 7.61419e-05 -0.000207521
internal_weight=890 388 58 502 464 442 295 62 233 330 228
internal_count=890 388 58 502 464 442 295 62 233 330 228
is_linear=0
shrinkage=0.0353657


Tree=251
num_leaves=12
num_cat=0
split_feature=29 19 94 23 49 93 45 57 29 93 63
split_gain=0.0357476 0.0654936 0.0610694 0.0555754 0.100795 0.0531046 0.082655 0.0503345 0.0791837 0.0659297 0.0618388
threshold=582716.42453703715 458589.93141025642 -212732.68393343079 779901.24561403517 0.20661091726131386 5857594.2194444453 1094285.38537415 53.500000000000007 225860.16818181821 3038142.013888889 48.099871261635975
decision_type=2 10 2 10 8 2 2 8 2 2 2
left_child=3 2 -2 5 -5 6 7 10 -9 -10 -1
right_child=1 -3 -4 4 -6 -7 -8 8 9 -11 -12
leaf_value=-0.00035612709556315627 -0.0005313099182564728 -5.5005088363137177e-06 -0.0021956059170290818 0.0029039632495551511 0.0004279565335249245 -0.0011049349212646283 0.0018155563277718364 -0.0007384252299903471 0.0018086058614802548 0.00031206980998680088 0.00091438469868509325
leaf_weight=227 46 384 22 13.999999999999998 16.000000000000004 14.999999999999998 14.999999999999998 13.999999999999998 55 48 34
leaf_count=227 46 384 22 14 16 15 15 14 55 48 34
internal_value=3.74059e-05 -0.000175845 -0.00104535 0.000260023 0.00135135 0.00015359 0.000238435 0.000127284 0.000678632 0.00107273 -0.000134201
internal_weight=890 452 68 438 30 408 393 378 117 103 261
internal_count=890 452 68 438 30 408 393 378 117 103 261
is_linear=0
shrinkage=0.0353657


Tree=252
num_leaves=12
num_cat=1
split_feature=88 79 199 251 67 66 78 21 1 21 64
split_gain=0.0473542 0.0765166 0.096161 0.0817341 0.0537444 0.0565763 0.0482822 0.08704 0.0628147 0.0815628 0.0937492
threshold=401670.76305704104 0.72857646654785435 0.036562826239876556 60277235.200646348 2.8668997668997673 2.5916666666666672 0.61685134855867874 388995.50000000006 0 591228.0700231482 2.980015299292408
decision_type=2 2 2 2 2 10 2 10 1 8 2
left_child=6 2 3 -2 5 -4 7 -1 -8 -10 -11
right_child=1 -3 4 -5 -6 -7 8 -9 9 10 -12
leaf_value=0.0021791502582653634 0.0012155004924624001 -0.0008177543998389487 0.001812427266901779 0.0033200001438722219 -0.00048633539294533172 0.00016441358793663056 0.00014019220091187367 8.5755173085814176e-05 -0.00010216082235687648 -0.00054568188146947392 -0.0021615096783366332
leaf_weight=17 31 19 25 17 46 26 340 31 209 89 52
leaf_count=17 31 19 25 17 46 26 340 31 209 89 52
internal_value=8.59591e-06 0.000516182 0.000830107 0.00190009 0.000263683 0.000863215 -0.000109082 0.000765303 -0.000188103 -0.000503443 -0.00113361
internal_weight=902 164 145 48 97 51 738 48 690 350 141
internal_count=902 164 145 48 97 51 738 48 690 350 141
cat_boundaries=0 1
cat_threshold=508081648
is_linear=0
shrinkage=0.0353657


Tree=253
num_leaves=12
num_cat=0
split_feature=89 44 47 89 282 31 81 258 24 25 50
split_gain=0.0538556 0.0752427 0.0619083 0.0565761 0.110969 0.0930781 0.0514784 0.0512831 0.0491973 0.0438423 0.088461
threshold=16.500000000000004 154051.9595520554 -326127.83333333331 -1.0000000180025095e-35 3.0000000000000004 2.2950000000000004 0.83326229528584139 0.068355946682565769 2.7950000000000004 704411.85007974494 734383.78552715247
decision_type=10 10 8 8 2 2 2 2 10 10 2
left_child=2 -2 -1 4 5 -4 8 9 -5 -8 -11
right_child=1 -3 3 6 -6 -7 7 -9 -10 10 -12
leaf_value=-0.0012554700248775621 0.00027130196401917552 0.0022318053464648081 0.0034074697663538747 -0.0016432011702414977 4.2848836062119337e-05 0.00096791446834048808 -0.00021527073612066252 0.0012299719172299459 -0.00030715355312085685 0.001973494246967493 0.00015920673407777476
leaf_weight=27 26 19 19 36 60 14.999999999999998 465 17 60 17 141
leaf_count=27 26 19 19 36 60 15 465 17 60 17 141
internal_value=8.17048e-06 0.00096552 -5.3618e-05 2.20833e-07 0.000728452 0.0020194 -0.000100772 8.71928e-06 -0.000782668 -4.3711e-05 0.00042589
internal_weight=902 45 857 830 94 34 736 640 96 623 158
internal_count=902 45 857 830 94 34 736 640 96 623 158
is_linear=0
shrinkage=0.0353657


Tree=254
num_leaves=12
num_cat=0
split_feature=89 44 47 89 282 20 81 258 24 78 51
split_gain=0.0504678 0.0719729 0.0589603 0.0523123 0.104181 0.109796 0.0483423 0.0491307 0.046514 0.0407811 0.0731282
threshold=16.500000000000004 154051.9595520554 -326127.83333333331 -1.0000000180025095e-35 3.0000000000000004 2.5350000000000006 0.83326229528584139 0.068355946682565769 2.7950000000000004 1.7813649834093641 2.1304266957764217
decision_type=10 10 8 8 2 10 2 2 10 2 2
left_child=2 -2 -1 4 5 -4 8 9 -5 10 -8
right_child=1 -3 3 6 -6 -7 7 -9 -10 -11 -12
leaf_value=-0.001224365926164446 0.00025497483290205173 0.0021720229451295888 0.0033762423266770862 -0.0015933516781377356 3.6951154926235888e-05 0.00083748400343657383 -5.6674700229766768e-05 0.0012053878883799612 -0.00029372261966183904 -0.0010423699776851598 0.0014351179888416341
leaf_weight=27 26 19 20 36 60 13.999999999999998 580 17 60 24 19
leaf_count=27 26 19 20 36 60 14 580 17 60 24 19
internal_value=8.30324e-06 0.000935076 -5.14665e-05 1.04792e-06 0.000701349 0.00195175 -9.59964e-05 1.00673e-05 -0.00075681 -4.123e-05 1.53165e-05
internal_weight=902 45 857 830 94 34 736 640 96 623 599
internal_count=902 45 857 830 94 34 736 640 96 623 599
is_linear=0
shrinkage=0.0353657


Tree=255
num_leaves=12
num_cat=1
split_feature=88 77 51 84 79 51 80 5 1 136 11
split_gain=0.0378947 0.0725767 0.0861519 0.158321 0.0386907 0.0666652 0.0717596 0.0509141 0.0853366 0.0791923 0.077326
threshold=401670.76305704104 1.1903892222543513 0.81979612472879504 0.19371500263998262 -0.78370008421384896 0.99999999995889721 2373355.0000000005 0.89500000000000013 0 275000.00000000006 0.93301270189221952
decision_type=2 2 2 10 2 2 2 2 1 2 2
left_child=4 2 -2 -4 -1 6 -6 9 -9 -7 -10
right_child=1 -3 3 -5 5 7 -8 8 10 -11 -12
leaf_value=0.00033396271801599647 -1.9609826403462177e-05 -0.00085961889995962834 0.00071013091644610586 0.0032979117773236882 -0.0021440084335867739 -0.0020487609429052978 -0.00055481375583399568 -0.00059800810003349345 0.00073935229028391299 5.343924732304973e-05 -0.00054090163133510398
leaf_weight=171 65 18 60 21 23 25 118 113 221 14.999999999999998 52
leaf_count=171 65 18 60 21 23 25 118 113 221 15 52
internal_value=7.86438e-06 0.000462052 0.00075904 0.00145693 -9.72608e-05 -0.000238135 -0.000855394 -2.33234e-05 0.000103643 -0.000961353 0.000429842
internal_weight=902 164 146 81 738 567 141 426 386 40 273
internal_count=902 164 146 81 738 567 141 426 386 40 273
cat_boundaries=0 1
cat_threshold=33964573
is_linear=0
shrinkage=0.0353657


Tree=256
num_leaves=11
num_cat=1
split_feature=89 294 78 51 51 1 40 70 69 88
split_gain=0.0449733 0.0671311 0.0377855 0.0737649 0.0514164 0.0451902 0.0646323 0.0691805 0.0514439 0.0654704
threshold=16.500000000000004 11.945051107088629 1.7813649834093641 2.1304266957764217 2.018448965127758 0 313894.9233391913 38880.000000000007 594580.20597484289 630627.87817460333
decision_type=10 10 2 2 2 1 10 8 10 2
left_child=2 -2 3 4 5 8 7 -7 9 -1
right_child=1 -3 -4 -5 -6 6 -8 -9 -10 -11
leaf_value=-0.00033545619796946041 0.00022101940315231937 0.0020721743134229772 -0.0010198920519682152 0.0014057882237821257 -0.0013389548072355018 0.0015066564917709563 0.0016178660377954746 2.1081218186755003e-05 -0.0014069275520525849 0.0011601044816016792
leaf_weight=287 26 19 24 20 13.999999999999998 18 13.999999999999998 437 27 15.999999999999998
leaf_count=287 26 19 24 20 14 18 14 437 27 16
internal_value=5.71886e-06 0.000880681 -5.06302e-05 -8.26588e-06 -6.46293e-05 -2.25099e-05 0.000192832 0.000119666 -0.00032337 -0.000206543
internal_weight=902 45 857 833 813 799 469 455 330 303
internal_count=902 45 857 833 813 799 469 455 330 303
cat_boundaries=0 1
cat_threshold=2201955848
is_linear=0
shrinkage=0.0353657


Tree=257
num_leaves=12
num_cat=0
split_feature=89 44 143 46 47 89 201 73 15 77 5
split_gain=0.0420785 0.0642141 0.034322 0.0394343 0.0435529 0.0508224 0.0995818 0.0481957 0.0498907 0.0425402 0.0257954
threshold=16.500000000000004 154051.9595520554 0.052348919752864813 913533.98415268946 -381459.77678571426 -1.0000000180025095e-35 2.5000000000000004 0.2752525252525253 1254329.2022058826 1.0589072161455906 2.7350000000000008
decision_type=10 10 2 2 8 8 2 10 2 2 2
left_child=2 -2 3 4 -1 6 -6 8 -7 -8 -5
right_child=1 -3 -4 10 5 7 9 -9 -10 -11 -12
leaf_value=-0.0012060422485422016 0.0002068236139240906 0.0020169419936204684 0.00099015463028478859 -0.0019145776714099615 0.0023439468066493632 -9.6847877982212543e-05 -0.00021951714387907588 0.00091209428465482674 -0.0012086795686352301 0.0010984544712095055 -0.0005485686929373834
leaf_weight=13.999999999999998 26 19 13.999999999999998 14 14.999999999999998 645 56 31 30 24 14
leaf_count=14 26 19 14 14 15 645 56 31 30 24 14
internal_value=6.76604e-06 0.000853109 -4.76936e-05 -8.19546e-05 -3.45975e-05 2.62941e-06 0.000687797 -9.74437e-05 -0.00016478 0.000275295 -0.00103185
internal_weight=902 45 857 843 815 801 95 706 675 80 28
internal_count=902 45 857 843 815 801 95 706 675 80 28
is_linear=0
shrinkage=0.0353657


Tree=258
num_leaves=12
num_cat=1
split_feature=61 42 17 1 63 19 5 15 65 34 94
split_gain=0.0351229 0.0400779 0.0671658 0.0500443 0.0919777 0.0957247 0.0596797 0.0535931 0.0811765 0.0526515 0.0663848
threshold=117.91666666666667 970650.07575757592 1296603.0521604943 0 44.240001356668024 366448.75824175827 2.6850000000000005 338307.35714285722 1.2750000000000001 2.5350000000000006 -360980.59312443819
decision_type=10 2 10 1 2 10 2 2 8 2 2
left_child=1 2 3 4 5 -1 -6 8 -5 10 -9
right_child=-2 -3 -4 7 6 -7 -8 9 -10 -11 -12
leaf_value=-5.2377394041951063e-05 -0.0010722764512428636 -0.00092133407985722608 0.0013978905477363174 0.00040762145214362597 0.0016390624727419313 -0.0012551421430529921 -9.5866710276160051e-05 0.00067100410381514832 0.0026349364699219001 0.00047817013857003239 -0.00056561319750680124
leaf_weight=162 14.999999999999998 32 20 14.000000000000002 35 127 17 49 15.999999999999998 236 176
leaf_count=162 15 32 20 14 35 127 17 49 16 236 176
internal_value=-3.2701e-05 -4.52339e-07 4.68211e-05 -2.86557e-06 -0.00031748 -0.00058023 0.000781437 0.000216453 0.00129532 0.000127656 -0.000238546
internal_weight=899 884 852 832 341 289 52 491 30 461 225
internal_count=899 884 852 832 341 289 52 491 30 461 225
cat_boundaries=0 1
cat_threshold=2208766529
is_linear=0
shrinkage=0.0353657


Tree=259
num_leaves=12
num_cat=0
split_feature=58 57 76 77 90 48 112 33 61 94 46
split_gain=0.0353695 0.0579556 0.0717027 0.0563285 0.0825988 0.122043 0.0638531 0.0530617 0.0587194 0.0519831 0.0732505
threshold=15.500000000000002 30.500000000000004 13.500000000000002 1.1494837995968694 1.2950490587328407 126589.35244691807 25.500000000000004 1.2700000000000002 10.522727272727273 -2.6123993794721995e-10 602119.78030303039
decision_type=8 10 10 2 10 8 2 2 10 2 2
left_child=1 2 7 -2 5 -5 -7 8 -1 -10 -11
right_child=3 -3 -4 4 -6 6 -8 -9 9 10 -12
leaf_value=-0.00022474494982442259 1.4589866452978562e-05 -0.0005623062358518303 0.0021098600403632118 -0.0029241973694137742 0.00059488056460859707 -0.0013444683233470899 2.617284510639746e-05 -0.00052011973092001417 0.0003123506037328644 0.0029777878183824416 0.0010725067455713097
leaf_weight=24 560 36 15.999999999999998 14.999999999999998 23 61 56 30 20 21 37
leaf_count=24 560 36 16 15 23 61 56 30 20 21 37
internal_value=-3.1296e-05 0.000377387 0.000700211 -0.000143336 -0.000699003 -0.00107245 -0.000706611 0.000442153 0.000781602 0.00124701 0.00177664
internal_weight=899 184 148 715 155 132 117 132 102 78 58
internal_count=899 184 148 715 155 132 117 132 102 78 58
is_linear=0
shrinkage=0.0353657


Tree=260
num_leaves=12
num_cat=0
split_feature=78 29 51 45 71 78 81 80 167 53 4
split_gain=0.0357144 0.0921028 0.0534513 0.0424951 0.0930012 0.0472033 0.050995 0.061579 0.0708683 0.0481596 0.0614884
threshold=0.61685134855867874 390457.28598484857 0.50555523414753989 259841.16666666669 34249.635616416112 0.94618642629297267 0.91451051442254838 669545.00000000012 8.5000000000000018 20.500000000000004 61.000000000000007
decision_type=2 2 2 2 2 2 2 2 2 10 2
left_child=1 -1 -2 4 -4 9 -7 -8 -9 -5 -11
right_child=2 -3 3 5 -6 6 7 8 -10 10 -12
leaf_value=0.0022484523492739888 -0.0012409648282415066 0.00010461839005868905 7.4581787226830527e-05 0.0011336541335122963 -0.0019930902851420331 -0.0010909851809375313 0.0012982932621416852 -0.00063251327095339006 0.00030286360396462837 -0.00084148680209041179 0.00035526872107319887
leaf_weight=13.999999999999998 24 38 29 55 28 49 13.999999999999998 183 171 41 253
leaf_count=14 24 38 29 55 28 49 14 183 171 41 253
internal_value=-3.1234e-05 0.000706414 -8.79445e-05 -3.70717e-05 -0.000813806 3.14063e-05 -0.000212554 -7.548e-05 -0.000173188 0.00032703 0.000157535
internal_weight=899 52 847 823 57 766 417 368 354 349 294
internal_count=899 52 847 823 57 766 417 368 354 349 294
is_linear=0
shrinkage=0.0353657


Tree=261
num_leaves=12
num_cat=1
split_feature=61 49 64 62 56 1 78 58 66 94 55
split_gain=0.0341797 0.0392789 0.0797457 0.0594173 0.0620858 0.0525316 0.0692981 0.0590802 0.0582575 0.068705 0.0918035
threshold=117.91666666666667 -0.17445229329325737 2.6079192546583854 11.309523809523812 45.500000000000007 0 0.61685134855867874 60.500000000000007 2.5270467836257313 -346672.23817734013 98.500000000000014
decision_type=10 8 2 8 2 1 2 10 8 2 2
left_child=1 2 -1 -4 -5 7 -7 -3 -8 -10 -11
right_child=-2 5 3 4 -6 6 8 -9 9 10 -12
leaf_value=0.0012687637457269069 -0.0010556237917757377 0.00039928476215341283 -0.0012336548185451883 -0.00032555975246254486 0.0013193081123094356 0.00086631538483242156 9.6171538055950771e-05 -0.00077794770800082623 0.00021851099192344661 -0.0016539291571647657 -0.00033443727037659664
leaf_weight=70 14.999999999999998 289 23 40 25 26 108 39 42 122 100
leaf_count=70 15 289 23 40 25 26 108 39 42 122 100
internal_value=-3.00742e-05 -1.01905e-07 0.000471169 -0.000112951 0.000290114 -0.000106684 -0.000369264 0.000207047 -0.000514188 -0.000791022 -0.00104522
internal_weight=899 884 158 88 65 726 398 328 372 264 222
internal_count=899 884 158 88 65 726 398 328 372 264 222
cat_boundaries=0 1
cat_threshold=807003548
is_linear=0
shrinkage=0.0353657


Tree=262
num_leaves=12
num_cat=1
split_feature=29 69 28 61 23 68 64 1 60 5 61
split_gain=0.0331372 0.1016 0.064979 0.0423371 0.054774 0.0784232 0.0470955 0.049085 0.071918 0.0844475 0.069106
threshold=196058.04206138689 50615.000000000007 3.7600000000000002 1.2097560975609758 750003.67333333346 120338.08333333333 1.9795918367346943 0 17.237037037037037 2.5900000000000003 43.274436090225571
decision_type=2 8 8 8 8 2 2 1 2 2 8
left_child=-1 2 -2 4 -3 -6 -5 -8 10 -10 -9
right_child=1 3 -4 6 5 -7 7 8 9 -11 -12
leaf_value=0.00074419885692305449 -0.00038719860575892268 0.00016623083989922063 -0.002155888376143267 0.00079771493046438527 0.00072113714234717957 0.0029837574744527805 0.00015366084918281328 -0.00069458950999522174 0.00070213987872779914 -0.00062094520627263919 -0.002246427840401122
leaf_weight=41 18 40 38 50 16.000000000000004 14.999999999999998 339 127 91 101 23
leaf_count=41 18 40 38 50 16 15 339 127 91 101 23
internal_value=-2.83623e-05 -7.71757e-05 -0.00128919 2.2362e-05 0.000733722 0.00165054 -5.41248e-05 -0.000133928 -0.000417903 -1.84487e-05 -0.000976304
internal_weight=899 858 56 802 71 31 731 681 342 192 150
internal_count=899 858 56 802 71 31 731 681 342 192 150
cat_boundaries=0 1
cat_threshold=1950474626
is_linear=0
shrinkage=0.0353657


Tree=263
num_leaves=10
num_cat=0
split_feature=61 40 64 51 83 78 94 111 51
split_gain=0.032658 0.0360309 0.112175 0.0430258 0.0409523 0.0371397 0.0347348 0.0767355 0.0516254
threshold=117.91666666666667 347651.12452444748 3.5217785843920146 2.1304266957764217 1.4469544218081249 0.54832776586557974 -421280.35511363618 8.4687500000000018 0.81979612472879504
decision_type=10 10 2 2 2 2 2 2 2
left_child=1 3 -3 4 5 -1 7 -7 -8
right_child=-2 2 -4 -5 -6 6 8 -9 -10
leaf_value=0.0010323786258095943 -0.0010292466253797497 0.0021508749975485673 -0.00041163151401231706 0.001035167811346479 -0.0011955204753579579 0.0013487883065110367 -0.0008020729038839368 -9.2338539725881795e-05 -4.8037771453420941e-05
leaf_weight=13.999999999999998 14.999999999999998 22 13.999999999999998 20 15.999999999999998 47 119 99 533
leaf_count=14 15 22 14 20 16 47 119 99 533
internal_value=-2.67037e-05 2.56535e-06 0.000845937 -4.3022e-05 -8.67285e-05 -4.76939e-05 -8.38024e-05 0.000368776 -0.000194231
internal_weight=899 884 36 848 828 812 798 146 652
internal_count=899 884 36 848 828 812 798 146 652
is_linear=0
shrinkage=0.0353657


Tree=264
num_leaves=12
num_cat=1
split_feature=78 90 91 65 92 51 78 1 87 17 51
split_gain=0.0362176 0.0355627 0.0576833 0.0702598 0.0670783 0.0603776 0.0756789 0.0667808 0.0827481 0.0625852 0.0535799
threshold=1.8247836930809591 1.2766451466904056 1.1494837995968694 2.3373983739837398 263607.96954741533 0.93323017921945262 0.87941268734947486 0 1622537.7857142859 475341.53045244695 1.6622604545840358
decision_type=2 10 2 10 2 2 2 1 2 8 2
left_child=1 2 5 -4 10 6 -1 -7 9 -9 -5
right_child=-2 -3 3 4 -6 7 -8 8 -10 -11 -12
leaf_value=3.1305946735240455e-05 -0.0011059939914193481 0.00059050663985482546 -0.0016501807826214835 -0.0011506579335919395 0.00093025542625782987 -0.00028844353174355098 -0.001132927365077958 0.001075718248954353 0.0021660974276180964 2.5735900484002346e-05 9.92360456668464e-05
leaf_weight=185 14.999999999999998 84 41 71 23 104 78 104 19 128 50
leaf_count=185 15 84 41 71 23 104 78 104 19 128 50
internal_value=-4.98323e-05 -1.62864e-05 -8.90254e-05 -0.000604961 -0.000281112 6.91455e-05 -0.000313614 0.000364752 0.000660288 0.00050439 -0.000581706
internal_weight=902 887 803 185 144 618 263 355 251 232 121
internal_count=902 887 803 185 144 618 263 355 251 232 121
cat_boundaries=0 1
cat_threshold=35656546
is_linear=0
shrinkage=0.0353657


Tree=265
num_leaves=12
num_cat=0
split_feature=78 36 43 38 45 38 44 53 47 90 40
split_gain=0.0348317 0.0349019 0.0352914 0.0457435 0.0808617 0.048187 0.0454439 0.0540522 0.045123 0.0419212 0.0341785
threshold=1.8247836930809591 343375.18481523677 1298304.5129097716 881543.81666666677 1354595.4166666667 971816.01282051299 218416.85801804482 31.500000000000004 45557.885849452818 0.98466755105252701 188952.85501100292
decision_type=2 10 2 2 2 2 10 10 8 8 8
left_child=1 2 3 4 6 8 9 -8 -5 -1 -7
right_child=-2 -3 -4 5 -6 10 7 -9 -10 -11 -12
leaf_value=0.00044809585111573987 -0.001083760544568753 0.00096944485610010332 -0.0009982186849497145 0.0008760725377866417 -0.0014595345479835882 -0.00048511204067967182 0.00013555862267461085 0.0018872765337514539 0.0026200799691727594 -0.00022168112654152028 0.00074792723976691402
leaf_weight=120 14.999999999999998 19 23 15.999999999999998 28 29 14.999999999999998 22 15.000000000000002 567 33
leaf_count=120 15 19 23 16 28 29 15 22 15 567 33
internal_value=-4.80196e-05 -1.50957e-05 -5.11461e-05 -1.11277e-05 -0.000102545 0.000644877 -2.79641e-05 0.000903741 0.00155279 -9.42121e-05 0.000208023
internal_weight=902 887 868 845 752 93 724 37 31 687 62
internal_count=902 887 868 845 752 93 724 37 31 687 62
is_linear=0
shrinkage=0.0353657


Tree=266
num_leaves=12
num_cat=0
split_feature=54 40 25 105 80 51 57 20 51 20 93
split_gain=0.0357909 0.0855391 0.0615397 0.0684668 0.0500571 0.0718877 0.048268 0.0504059 0.0847086 0.0479252 0.0738103
threshold=5.5000000000000009 23925.711813117825 187561.27211538461 1.0000000180025095e-35 34346820.642658733 0.60222252970121148 36.500000000000007 2.2950000000000004 0.8535821694311948 0.89500000000000013 2346445.4843750005
decision_type=8 10 8 2 2 2 10 10 2 10 2
left_child=1 -1 -2 4 6 -6 7 -4 -9 -8 -11
right_child=2 -3 3 -5 5 -7 9 8 -10 10 -12
leaf_value=-7.8962272434600928e-05 0.001394843184023634 -0.0022460478819772128 -0.00042525775175785032 -0.0014920691442929302 -0.0015272069491450665 -0.0001170440127418268 4.5511181718125253e-05 -0.00064307842665956494 0.0010889817553385315 0.0026284249555514742 0.00083849692738677847
leaf_weight=23 13.999999999999998 15.999999999999998 117 14.999999999999998 25 469 29 27 83 19 65
leaf_count=23 14 16 117 15 25 469 29 27 83 19 65
internal_value=-4.69963e-05 -0.000865268 -3.59019e-07 -4.10161e-05 3.90552e-06 -0.000215826 0.000324739 4.74944e-05 0.000529268 0.000875917 0.00131622
internal_weight=902 39 863 849 834 494 340 227 110 113 84
internal_count=902 39 863 849 834 494 340 227 110 113 84
is_linear=0
shrinkage=0.0353657


Tree=267
num_leaves=12
num_cat=0
split_feature=54 40 80 51 69 78 39 60 69 7 68
split_gain=0.0335681 0.0820318 0.0426869 0.0684485 0.0703793 0.0657903 0.0611771 0.0555087 0.0489714 0.0425212 0.0660227
threshold=5.5000000000000009 23925.711813117825 34346820.642658733 0.60222252970121148 827794.40111614938 0.94648425218460053 1192005.9828795004 10.79166666666667 562775.60357142868 1.0000000180025095e-35 264899.84444444452
decision_type=8 10 2 2 8 2 2 2 8 2 2
left_child=1 -1 8 -4 5 -5 -6 -7 9 10 -2
right_child=2 -3 3 4 6 7 -8 -9 -10 -11 -12
leaf_value=-6.8033786994319313e-05 0.00041287799256920036 -0.0021899358822079062 -0.001488985304511513 0.00021767249023045437 0.0019832908608731306 -0.0016175320727948334 0.0002530402139174513 -0.00041516908983675089 -0.00056598451893003551 0.00064585770221978992 -0.0012844157252365498
leaf_weight=23 37 15.999999999999998 25 177 24 37 25 206 47 258 27
leaf_count=23 37 16 25 177 24 37 25 206 47 258 27
internal_value=-4.68139e-05 -0.000839248 -6.63092e-07 -0.000209437 -0.000112847 -0.000259128 0.000916751 -0.000624643 0.000278902 0.000443032 -0.000232053
internal_weight=902 39 863 494 469 420 49 243 369 322 64
internal_count=902 39 863 494 469 420 49 243 369 322 64
is_linear=0
shrinkage=0.0353657


Tree=268
num_leaves=12
num_cat=0
split_feature=143 82 8 29 43 76 134 15 41 40 42
split_gain=0.0326155 0.0293807 0.0501328 0.040774 0.0871936 0.058588 0.0631212 0.0524957 0.0666997 0.0650288 0.0536184
threshold=0.052348919752864813 -301890.12533286435 1.0000000180025095e-35 727838.37200276589 736541.78231402545 2.5000000000000004 9.5383522727272734 853335.53695569152 789092.85714285728 140883.36907362661 415079.83969780226
decision_type=2 2 2 2 2 8 2 2 2 10 2
left_child=1 2 -1 4 7 -5 -7 8 9 -3 -10
right_child=-2 3 -4 5 -6 6 -8 -9 10 -11 -12
leaf_value=7.6203686008509007e-05 0.00096620815678972875 -5.2229839698822672e-05 0.0017453444982241022 -6.7983453225760649e-05 0.0010975551655064291 -0.00166373565425302 -0.00023971818033953878 -0.0011984175977440572 0.0021614575093617289 -0.0014144358300147608 0.000488933341667753
leaf_weight=21 13.999999999999998 403 15.999999999999998 167 63 69 46 27 15.999999999999998 24 36
leaf_count=21 14 403 16 167 63 69 46 27 16 24 36
internal_value=-4.65739e-05 -7.76378e-05 0.000672748 -0.000122445 4.37674e-05 -0.000456767 -0.0010271 -0.000103149 -1.65311e-05 -0.000160748 0.000964998
internal_weight=902 888 37 851 569 282 115 506 479 427 52
internal_count=902 888 37 851 569 282 115 506 479 427 52
is_linear=0
shrinkage=0.0353657


Tree=269
num_leaves=12
num_cat=0
split_feature=78 90 77 65 51 11 90 62 58 173 251
split_gain=0.0322545 0.033555 0.052344 0.0674598 0.0715874 0.0696223 0.0488704 0.0417585 0.0375544 0.0343714 0.0343088
threshold=1.8247836930809591 1.2766451466904056 1.1494837995968694 2.3017857142857143 1.2779507215218169 0.68301270189221941 1.2992835094728077 32.509957325746804 5.5000000000000009 0.053967633204890758 60443989.017253079
decision_type=2 10 2 10 2 2 10 8 10 2 2
left_child=1 2 10 8 9 -6 -3 -7 -4 -5 -1
right_child=-2 6 3 4 5 7 -8 -9 -10 -11 -12
leaf_value=0.00022326264705079609 -0.0010408578243550485 0.0017602728715467391 -0.0011546050225647059 -0.00086957638112580122 0.0014922755625140915 -0.0011173887463944042 0.00027154636122394697 0.00014195638621111747 -0.0027094426021712554 -0.00236938103184415 -0.00034326947178983696
leaf_weight=459 14.999999999999998 13.999999999999998 21 20 15.999999999999998 22 70 77 14.999999999999998 13.999999999999998 159
leaf_count=459 15 14 21 20 16 22 70 77 15 14 159
internal_value=-4.42157e-05 -1.24829e-05 -8.31955e-05 -0.000574738 -0.000280853 0.000123995 0.000576936 -0.000168701 -0.00165523 -0.00134047 6.73771e-05
internal_weight=902 887 803 185 149 115 84 99 36 34 618
internal_count=902 887 803 185 149 115 84 99 36 34 618
is_linear=0
shrinkage=0.0353657


Tree=270
num_leaves=12
num_cat=1
split_feature=1 21 267 36 78 57 76 95 54 51 36
split_gain=0.0330753 0.0585324 0.0574609 0.0727929 0.0548641 0.0626512 0.0520533 0.0517026 0.0497686 0.0480674 0.0556884
threshold=0 982979.69065696676 0.057909834318182758 165552.76350408202 0.93201944932406489 12.500000000000002 3.5000000000000004 -635414.6565222221 9.5000000000000018 1.6622604545840358 99981.256583591545
decision_type=1 8 2 8 2 8 8 2 10 2 10
left_child=1 7 3 -3 5 8 -7 -1 -2 -6 -11
right_child=4 2 -4 -5 9 6 -8 -9 -10 10 -12
leaf_value=0.0019094111647485926 -0.0017032325126834444 -1.5481628576181919e-05 0.00083568631456353167 -0.00162300770953127 -0.00072051358016704417 0.00083307880899712776 -3.2340201841327288e-05 0.00053911232995968513 -0.00015754245562452722 0.0013896673771461936 -0.00018665299791191482
leaf_weight=23 26 58 25 34 236 135 160 106 25 17 51
leaf_count=23 26 58 25 34 236 135 160 106 25 17 51
internal_value=-7.10721e-06 0.000316823 -0.000168688 -0.000597962 -0.000138237 0.00014889 0.000354708 0.000821814 -0.000773443 -0.00047696 0.000207943
internal_weight=896 246 117 92 650 346 295 129 51 304 68
internal_count=896 246 117 92 650 346 295 129 51 304 68
cat_boundaries=0 1
cat_threshold=1476927912
is_linear=0
shrinkage=0.0353657


Tree=271
num_leaves=12
num_cat=1
split_feature=1 46 21 242 5 56 81 57 97 58 67
split_gain=0.0311092 0.0537438 0.0510218 0.0678249 0.0492035 0.0482086 0.04534 0.0379769 0.0633412 0.0539332 0.0646051
threshold=0 349355.92187500006 904193.48296221334 0.032106933275886505 2.4400000000000004 162.50000000000003 0.89185042374720613 10.500000000000002 27.500000000000004 14.500000000000002 2.6557931532069468
decision_type=1 2 8 2 2 2 2 10 2 8 2
left_child=1 -1 6 -4 -5 7 -3 8 9 -2 -11
right_child=5 2 3 4 -6 -7 -8 -9 -10 10 -12
leaf_value=0.0015468634982059193 -0.0003349131450215617 -6.1492407169042596e-05 0.00017587147791012903 -0.0022411722887027224 -0.00054761619842191411 0.0010119685462113973 0.0012174093800742007 -4.1722543970867419e-05 8.8221559745001009e-05 -0.00268347680267225 -0.00096560265071168243
leaf_weight=17 31 28 95 21 15.999999999999998 19 69 477 57 31 35
leaf_count=17 31 28 95 21 16 19 69 477 57 31 35
internal_value=-5.88389e-06 0.000308218 0.000181816 -0.000233948 -0.00125424 -0.00013312 0.000727534 -0.000195479 -0.000644931 -0.00117223 -0.00172482
internal_weight=896 246 229 132 37 650 97 631 154 97 66
internal_count=896 246 229 132 37 650 97 631 154 97 66
cat_boundaries=0 1
cat_threshold=1476927912
is_linear=0
shrinkage=0.0353657


Tree=272
num_leaves=12
num_cat=1
split_feature=1 21 95 44 79 57 27 51 109 76 5
split_gain=0.0289536 0.0512823 0.0624172 0.0535514 0.0506568 0.0502132 0.0489798 0.0457053 0.0554515 0.0448152 0.0455756
threshold=0 982979.69065696676 -481179.46775183495 196245.2053934935 -0.19562396393416673 12.500000000000002 890368.62500000012 1.6622604545840358 1.5000000000000002 3.5000000000000004 2.5650000000000004
decision_type=1 10 2 8 2 8 10 2 2 8 2
left_child=1 2 3 -1 5 -2 -3 -6 -9 -7 -11
right_child=4 6 -4 -5 7 9 -8 8 -10 10 -12
leaf_value=0.00089976328064576405 -0.00066586157930833168 -0.0011356616801126173 0.00034267676737240475 0.0027712933699727636 -0.00069673984791072507 0.00077205963665844164 0.00024328198972685148 0.00080756366793176314 -0.00080937737668756895 0.00050319179013640894 -0.00054133603357973828
leaf_weight=14.999999999999998 53 36 135 19 232 137 41 52 15.999999999999998 73 87
leaf_count=15 53 36 135 19 232 137 41 52 16 73 87
internal_value=-3.77007e-06 0.000299184 0.000651285 0.00169918 -0.000126613 0.000146013 -0.000324277 -0.000455822 0.000210421 0.000332533 -2.77906e-05
internal_weight=896 246 169 34 650 350 77 300 68 297 160
internal_count=896 246 169 34 650 350 77 300 68 297 160
cat_boundaries=0 1
cat_threshold=1476927912
is_linear=0
shrinkage=0.0353657


Tree=273
num_leaves=12
num_cat=1
split_feature=78 51 1 29 68 62 66 92 76 57 60
split_gain=0.0294668 0.0552527 0.0508273 0.0758928 0.0612789 0.0801675 0.0559151 0.0458577 0.0424 0.0463843 0.0388656
threshold=0.63718531738347906 0.62105517646816322 0 427905.18238993717 379038.52447163529 11.309523809523812 3.0408333333333339 229123.98026513986 1.0000000180025095e-35 36.500000000000007 29.00961538461539
decision_type=2 2 1 2 2 10 10 2 8 10 2
left_child=8 -2 3 -3 6 10 -4 -5 9 -1 -6
right_child=1 2 4 7 5 -7 -8 -9 -10 -11 -12
leaf_value=0.0006588005745256654 -0.0009555121844559407 0.0017765857743978594 -0.00011597098730580993 3.5397521751023957e-05 -0.0027906965447604621 -0.00025423120294389894 0.0012446705853162501 0.0010742239293460199 5.3164709787245981e-05 0.0024066160900084854 -0.0012405201961739076
leaf_weight=15.999999999999998 56 19 334 263 24 58 17 41 34 15.999999999999998 18
leaf_count=16 56 19 334 263 24 58 17 41 34 16 18
internal_value=-4.12613e-06 -6.2484e-05 1.27024e-05 0.000335732 -0.000219076 -0.000919863 -1.30425e-05 0.000212507 0.000607203 0.00138469 -0.00191834
internal_weight=896 830 774 323 451 100 351 304 66 32 42
internal_count=896 830 774 323 451 100 351 304 66 32 42
cat_boundaries=0 1
cat_threshold=436822504
is_linear=0
shrinkage=0.0353657


Tree=274
num_leaves=12
num_cat=0
split_feature=95 58 46 74 53 17 167 212 20 46 80
split_gain=0.028623 0.0761882 0.10025 0.0872373 0.0691549 0.107663 0.0651773 0.049083 0.0641121 0.0674883 0.0621751
threshold=-109216.51967930039 26.500000000000004 368893.57886904769 0.017862838915470452 48.500000000000007 321104.56157616898 23.500000000000004 0.052611353891074512 1.2900000000000003 286466.23214285722 32965530.375000004
decision_type=2 10 2 10 10 8 2 2 8 2 2
left_child=1 2 4 -4 5 -1 -3 -2 -9 -10 -11
right_child=7 6 3 -5 -6 -7 -8 8 9 10 -12
leaf_value=0.0010799657601645038 3.4694172423720745e-05 -0.00071784258840367095 -0.00024880038214223114 0.0014837064784043803 0.00062071752114713891 0.0035034930307771784 0.00077195797306982587 0.00037991918258303511 -0.0018499109076947683 0.00062205363018593026 -0.0010084310984538566
leaf_weight=19 377 120 125 23 29 29 24 28 54 25 43
leaf_count=19 377 120 125 23 29 29 24 28 54 25 43
internal_value=-2.65889e-06 0.000227193 0.000622734 0.000134054 0.00154059 0.00233911 -0.000347096 -0.000167468 -0.000672384 -0.00104445 -0.0004213
internal_weight=896 369 225 148 77 48 144 527 150 122 68
internal_count=896 369 225 148 77 48 144 527 150 122 68
is_linear=0
shrinkage=0.0353657


Tree=275
num_leaves=12
num_cat=1
split_feature=95 1 62 293 84 17 52 15 63 33 17
split_gain=0.0266529 0.077006 0.0666444 0.0956527 0.0791109 0.0655618 0.0486366 0.0464026 0.0762754 0.0662297 0.0774244
threshold=-109216.51967930039 0 11.309523809523812 12.339178322661352 0.23724003489275519 412054.01666666678 50.500000000000007 512665.31250000006 24.404179612716948 -1.0000000180025095e-35 413877.09027777787
decision_type=2 1 8 8 10 10 2 2 2 2 8
left_child=2 -2 3 -1 -4 -6 -7 8 9 -3 -11
right_child=1 7 4 -5 5 6 -8 -9 -10 10 -12
leaf_value=-7.3062329206602191e-05 0.00029682325843490796 -0.0007672650429409475 0.00011348233205848354 -0.0020879047118947647 0.0026498834962996559 0.00013560449546092915 0.0015226894493044177 -0.001100072795262159 -0.001484321554188567 -3.5798451589170286e-05 0.001508053940394637
leaf_weight=77 226 57 188 15.999999999999998 14.999999999999998 31 42 100 27 76 41
leaf_count=77 226 57 188 16 15 31 42 100 27 76 41
internal_value=-1.5357e-06 -0.000160624 0.000220226 -0.000494088 0.00049509 0.00127845 0.000937747 -0.000512291 -0.000242042 3.19059e-05 0.000496294
internal_weight=896 527 369 93 276 88 73 301 201 174 117
internal_count=896 527 369 93 276 88 73 301 201 174 117
cat_boundaries=0 1
cat_threshold=268624828
is_linear=0
shrinkage=0.0353657


Tree=276
num_leaves=12
num_cat=1
split_feature=61 1 61 20 64 23 111 92 79 27 251
split_gain=0.0332379 0.0992568 0.0827237 0.0586952 0.0462531 0.067456 0.0587005 0.0442811 0.0518742 0.0579383 0.0513591
threshold=1.2426470588235297 0 46.907008703618878 1.2900000000000003 1.9045454545454545 712677.20458049898 7.2301136363636367 216782.38945743055 1.609976450567985 643622.38376068382 60431122.849249668
decision_type=8 1 8 8 2 8 2 2 2 8 2
left_child=3 2 -2 -1 6 -6 -5 8 10 -10 -3
right_child=1 7 -4 4 5 -7 -8 -9 9 -11 -12
leaf_value=0.0017314559538659643 -0.00071420183654459079 0.00027594531910762687 -0.0025704158672564701 0.00070796871177154959 0.00017175280224052074 0.0020008674925441577 -0.00088929079905124102 0.00082141427434041499 -0.00028781542528212275 -0.002124398787706074 -0.000428172567306077
leaf_weight=17 87 405 14.999999999999998 21 26 22 52 66 14.999999999999998 19 160
leaf_count=17 87 405 15 21 26 22 52 66 15 19 160
internal_value=6.9371e-06 -8.14288e-05 -0.000955769 0.000473062 0.000229812 0.000904254 -0.000268078 7.7287e-05 -1.15849e-05 -0.00103236 6.64006e-05
internal_weight=905 767 102 138 121 48 73 665 599 34 565
internal_count=905 767 102 138 121 48 73 665 599 34 565
cat_boundaries=0 2
cat_threshold=2166099968 1
is_linear=0
shrinkage=0.0353657


Tree=277
num_leaves=12
num_cat=0
split_feature=5 51 36 51 83 124 94 84 63 22 7
split_gain=0.0395213 0.0908863 0.128601 0.0626792 0.0958149 0.076256 0.0646252 0.0541525 0.0412962 0.11585 0.0859202
threshold=3.5150000000000001 1.3500000916018622 166540.22590669795 1.702939500738806 1.1871730238658111 0.043788523560698858 669783.28229777829 0.41063491416900294 23.580555555555556 1.5850000000000002 1.5000000000000002
decision_type=2 2 10 2 2 2 2 10 2 10 2
left_child=3 -2 -3 4 7 -6 -5 8 -1 10 -10
right_child=1 2 -4 6 5 -7 -8 -9 9 -11 -12
leaf_value=0.00031369075212828087 -0.0022352003509068298 0.0011237560474460485 -0.0016027658168392559 0.0022952459690544717 -0.0017324537331511293 -0.00012276386010148533 0.00053643393016151769 0.0013657343839135927 -0.00088379664404213121 1.5140045198222927e-05 -0.0031628829974885554
leaf_weight=367 15.999999999999998 25 13.999999999999998 14.999999999999998 58 39 52 18 21 264 15.999999999999998
leaf_count=367 16 25 14 15 58 39 52 18 21 264 16
internal_value=6.99045e-06 -0.000753663 -0.000142551 6.78676e-05 -1.819e-05 -0.000948347 0.000954996 0.00012422 6.95337e-05 -0.000224272 -0.00166252
internal_weight=905 55 39 850 783 97 67 686 668 301 37
internal_count=905 55 39 850 783 97 67 686 668 301 37
is_linear=0
shrinkage=0.0353657


Tree=278
num_leaves=12
num_cat=0
split_feature=251 94 87 52 53 87 59 84 120 57 80
split_gain=0.0279428 0.0765789 0.075437 0.0564293 0.0599703 0.0441924 0.0745626 0.0415201 0.0471315 0.038743 0.076615
threshold=62236188.141721241 -581722.4345250231 467494.6166666667 58.500000000000007 110.50000000000001 1425413.2641609979 15.833333333333334 0.2149981407644527 1.0000000180025095e-35 12.500000000000002 13210852.91666667
decision_type=2 2 2 2 10 2 2 10 2 10 2
left_child=5 -2 -3 -4 -5 9 -7 8 -8 10 -1
right_child=1 2 3 4 -6 6 7 -9 -10 -11 -12
leaf_value=-0.0013679508760442117 -0.0018464213771147043 -0.0010736396709063239 0.0018313285528078471 -0.0010060846453830998 0.00089717939609559763 0.001927180528221355 0.0016142894115705427 -0.00069338986149368345 0.00013051639646868078 0.00014464123686854592 -4.3351339579866429e-05
leaf_weight=54 19 30 15.999999999999998 13.999999999999998 19 25 19 20 37 495 157
leaf_count=54 19 30 16 14 19 25 19 20 37 495 157
internal_value=6.93247e-06 -0.000495137 -8.55372e-05 0.000659441 0.000156986 7.60818e-05 0.000696865 0.000249478 0.000633017 -1.89996e-05 -0.000401466
internal_weight=905 98 79 49 33 807 101 76 56 706 211
internal_count=905 98 79 49 33 807 101 76 56 706 211
is_linear=0
shrinkage=0.0353657


Tree=279
num_leaves=12
num_cat=0
split_feature=27 5 48 62 105 51 91 92 42 94 204
split_gain=0.0400924 0.0442048 0.0726698 0.112308 0.0552102 0.0571696 0.0519648 0.0564315 0.0537569 0.0507759 0.0473825
threshold=205845.99561403514 3.5150000000000001 -233060.66611219654 47.026182432432442 1.0000000180025095e-35 1.702939500738806 1.2274777811593822 263607.96954741533 970650.07575757592 669783.28229777829 116.08093770000001
decision_type=8 2 10 10 2 2 2 2 2 2 2
left_child=-1 4 -3 -4 5 6 7 8 -2 -7 -8
right_child=1 2 3 -5 -6 9 10 -9 -10 -11 -12
leaf_value=0.0010052053724979115 0.0001051649921933937 0.00028016654424444735 -0.0031262904829330207 -0.00061358905150810615 -0.0012387153844280261 0.0021508056192676753 -0.0011683796597730767 0.0013955134078821145 -0.0011456339928410677 0.00057175458869895737 0.00020776140664656339
leaf_weight=24 616 13.999999999999998 18 21 17 13.999999999999998 73 15.999999999999998 21 51 20
leaf_count=24 616 14 18 21 17 14 73 16 21 51 20
internal_value=5.92794e-06 -3.34058e-05 -0.000850755 -0.00165277 2.8153e-05 7.5811e-05 -9.1174e-06 9.78436e-05 4.12376e-05 0.000931542 -0.00070606
internal_weight=905 881 53 39 828 811 746 653 637 65 93
internal_count=905 881 53 39 828 811 746 653 637 65 93
is_linear=0
shrinkage=0.0353657


Tree=280
num_leaves=12
num_cat=0
split_feature=95 5 103 90 51 83 58 58 44 40 59
split_gain=0.0305906 0.081798 0.062913 0.0619693 0.0583811 0.0706118 0.0564288 0.053633 0.052651 0.0565204 0.0496609
threshold=260808.71666666676 3.5150000000000001 1.0000000180025095e-35 1.1247975626901148 1.7186642318261087 1.1681845551685066 14.500000000000002 10.500000000000002 338662.248234378 323084.57615430269 117.50000000000001
decision_type=2 2 2 8 2 2 10 8 10 10 2
left_child=1 4 3 6 5 8 -2 -5 9 10 -1
right_child=2 -3 -4 7 -6 -7 -8 -9 -10 -11 -12
leaf_value=0.00015318439037200453 0.0015422300467615767 -0.001454576605068008 -0.0014290255397763926 -0.001484851588290502 0.0011823569981577096 -0.00085683976751862794 9.4204588750855571e-05 -0.00020240346347342227 0.0014962387071340926 -0.0011106070218781313 0.0012719418030437046
leaf_weight=450 30 13.999999999999998 30 32 47 59 55 125 15.999999999999998 15.999999999999998 31
leaf_count=450 30 14 30 32 47 59 55 125 16 16 31
internal_value=6.74795e-06 0.00014034 -0.000292084 -0.000112314 0.000211602 0.000112335 0.000565588 -0.000496205 0.000244045 0.000175019 0.000249783
internal_weight=905 633 272 242 619 572 85 157 513 497 481
internal_count=905 633 272 242 619 572 85 157 513 497 481
is_linear=0
shrinkage=0.0353657


Tree=281
num_leaves=12
num_cat=1
split_feature=27 1 95 42 57 34 64 53 34 21 219
split_gain=0.0380493 0.0689269 0.0752262 0.105225 0.0566912 0.0460953 0.0704205 0.0663881 0.0577971 0.0493195 0.0471655
threshold=205845.99561403514 0 -348501.48188405804 327103.71227312653 53.500000000000007 2.5350000000000006 2.9364919354838714 121.50000000000001 4.8650000000000011 1256967.3682247901 18.000000000000004
decision_type=8 1 2 2 8 2 2 10 2 8 2
left_child=-1 2 -2 4 -4 10 -7 8 9 -8 -3
right_child=1 5 3 -5 -6 6 7 -9 -10 -11 -12
leaf_value=0.00097889692312378351 -0.0022591414975265929 0.00020138723520925263 -0.00064644843219025601 0.00097202757760481747 -0.0022407037540062382 0.00072855713555712185 -0.00052792093067310453 0.00068149060666596972 0.00046165007910682555 -0.0018857099108404855 -0.00055266305528474727
leaf_weight=24 13.999999999999998 172 68 22 15.999999999999998 237 60 48 19 34 191
leaf_count=24 14 172 68 22 16 237 60 48 19 34 191
internal_value=5.38225e-06 -3.29018e-05 -0.000719067 -0.000503842 -0.0010156 9.13631e-05 0.000350616 -0.000167327 -0.000637211 -0.00102784 -0.000182185
internal_weight=905 881 120 106 84 761 398 161 113 94 363
internal_count=905 881 120 106 84 761 398 161 113 94 363
cat_boundaries=0 2
cat_threshold=2166364160 1
is_linear=0
shrinkage=0.0353657


Tree=282
num_leaves=12
num_cat=1
split_feature=90 18 67 76 51 1 17 40 188 76 79
split_gain=0.0413358 0.0612934 0.0387797 0.041762 0.0334021 0.0802407 0.0729451 0.0898868 0.0656548 0.0707698 0.0599291
threshold=1.2728272447678988 1.5850000000000002 2.4913113767952479 -1.4999999999999998 0.93323017921945262 0 773677.08333333337 150750.85798162845 0.14374500725831221 -1.0000000180025095e-35 -0.50632686306209862
decision_type=10 10 2 10 2 1 10 10 2 10 2
left_child=4 -2 -3 -4 10 6 7 -6 9 -8 -1
right_child=1 2 3 -5 5 -7 8 -9 -10 -11 -12
leaf_value=-2.5161988897753291e-05 0.0018938448493740522 0.0011281993358652263 0.00049786043105638311 -0.00090364968991421459 0.00082882277812882711 -0.00022860644812426335 -0.0021318067006090616 0.0027412064651492897 0.00064384784684807996 -0.00021949019024581663 -0.0010510648369124259
leaf_weight=171 18 21 26 30 113 337 18 14.999999999999998 45 26 87
leaf_count=171 18 21 26 30 113 337 18 15 45 26 87
internal_value=2.68515e-05 0.000648802 0.000297907 -0.000153116 -5.26785e-05 9.59282e-05 0.000587295 0.00113534 -3.86112e-05 -0.000892633 -0.000372167
internal_weight=907 95 77 56 812 554 217 128 89 44 258
internal_count=907 95 77 56 812 554 217 128 89 44 258
cat_boundaries=0 2
cat_threshold=1586013322 1
is_linear=0
shrinkage=0.0353657


Tree=283
num_leaves=12
num_cat=0
split_feature=29 43 35 55 70 87 92 226 71 51 25
split_gain=0.0395551 0.0626823 0.0494111 0.048526 0.0429745 0.0337511 0.0751984 0.0836497 0.0559375 0.0722979 0.0426288
threshold=196058.04206138689 218580.61646148996 253543.70933165474 8.5000000000000018 199342.13500000004 365204.15000000008 -71963.105732035576 -8.3611814999999989 374859.4646505827 1.5528998413593447 955858.98410087731
decision_type=2 2 2 2 8 2 2 2 2 2 8
left_child=-1 3 -3 -2 -4 6 -6 -8 9 -7 -10
right_child=1 2 4 -5 5 8 7 -9 10 -11 -12
leaf_value=0.00089532520198481601 -0.0023555634195004333 0.0011825465314468896 -0.0005879352806102973 -0.00057646332885650706 -0.0012770575555871371 0.00049185455619794687 0.0013337931007792185 -0.00028793847547750178 0.00035807721009014108 0.0021456548835799378 -0.00043560079085943861
leaf_weight=38 13.999999999999998 21 113 18 48 202 29 120 132 13.999999999999998 158
leaf_count=38 14 21 113 18 48 202 29 120 132 14 158
internal_value=2.7222e-05 -2.10189e-05 3.70672e-05 -0.00117349 -6.75917e-06 9.26303e-05 -0.000273001 6.70139e-05 0.000245077 0.000657071 -5.57719e-05
internal_weight=907 869 837 32 816 703 197 149 506 216 290
internal_count=907 869 837 32 816 703 197 149 506 216 290
is_linear=0
shrinkage=0.0353657


Tree=284
num_leaves=12
num_cat=0
split_feature=29 69 5 67 65 29 94 18 79 92 64
split_gain=0.0374091 0.0584073 0.0684885 0.0464407 0.0466576 0.0669314 0.041003 0.0549253 0.0669292 0.0595142 0.0501526
threshold=196058.04206138689 50615.000000000007 2.6850000000000005 2.2282354529073154 2.1579768270944748 390457.28598484857 -298413.72841204033 2.3400000000000003 0.011471394823336725 -17227.56659408216 3.5914149443561212
decision_type=2 8 2 2 8 2 2 8 2 2 2
left_child=-1 2 -2 -3 5 -5 7 9 -9 -6 -8
right_child=1 3 -4 4 6 -7 10 8 -10 -11 -12
leaf_value=0.00087145417844361266 -0.0017797950537925646 0.00073556224490036446 -8.5617776417107314e-06 0.00019158128186791393 0.00076500791174196822 -0.0016467497122666372 -9.9048641101104042e-06 0.00048135844458375586 -0.00090584786603905545 0.0024883739785238898 -0.0010036348527166213
leaf_weight=38 38 88 22 14.999999999999998 49 39 403 113 38 13.999999999999998 50
leaf_count=38 38 88 22 15 49 39 403 113 38 14 50
internal_value=2.72326e-05 -1.96427e-05 -0.000915716 5.71305e-05 -3.27655e-05 -0.000861488 4.47729e-05 0.000429222 9.98796e-05 0.00118982 -0.000137533
internal_weight=907 869 60 809 721 54 667 214 151 63 453
internal_count=907 869 60 809 721 54 667 214 151 63 453
is_linear=0
shrinkage=0.0353657


Tree=285
num_leaves=12
num_cat=1
split_feature=90 1 94 49 49 44 45 87 67 15 47
split_gain=0.039552 0.0460953 0.0765511 0.0540611 0.0623777 0.0945914 0.0601139 0.0628175 0.0555993 0.048331 0.0482865
threshold=1.2728272447678988 0 -633631.96445177111 0.09874980891112857 0.19059534376371196 132191.73245793351 475345.69545244699 467494.6166666667 1.341666666666667 270363.52335858595 -37635.694659715686
decision_type=10 1 2 10 10 10 2 2 2 2 8
left_child=1 -1 -3 6 5 -5 8 -8 -4 -10 -9
right_child=-2 2 3 4 -6 -7 7 10 9 -11 -12
leaf_value=0.00021726589790350644 0.00063535706478154875 -0.0018043416562399384 -0.00045656927109919847 0.00033079316384685906 -0.00010247275441760965 0.0025729186372890601 -0.0016807310810305245 6.4113745841576353e-05 0.0019384471010898199 0.00037914664064970968 -0.0011841350699565521
leaf_weight=383 95 15.999999999999998 74 20 68 22 58 73 13.999999999999998 46 38
leaf_count=383 95 16 74 20 68 22 58 73 14 46 38
internal_value=2.69676e-05 -5.07958e-05 -0.000294193 -0.000204653 0.000398751 0.00129973 -0.00043921 -0.000863358 5.80549e-05 0.000774382 -0.000429675
internal_weight=907 812 429 413 110 42 303 169 134 60 111
internal_count=907 812 429 413 110 42 303 169 134 60 111
cat_boundaries=0 1
cat_threshold=1586012406
is_linear=0
shrinkage=0.0353657


Tree=286
num_leaves=12
num_cat=0
split_feature=29 43 35 58 293 45 25 77 55 52 88
split_gain=0.0359187 0.0560983 0.046644 0.0503211 0.0861506 0.0636202 0.0775632 0.0479757 0.0462042 0.0388487 0.0383343
threshold=196058.04206138689 218580.61646148996 253543.70933165474 38.500000000000007 12.758957420600007 1296168.1486928107 393613.8166333129 1.0119743218728476 8.5000000000000018 58.500000000000007 754924.34210526326
decision_type=2 2 2 10 10 2 8 2 2 2 2
left_child=-1 8 -3 4 10 6 -5 -7 -2 -8 -4
right_child=1 2 3 5 -6 7 9 -9 -10 -11 -12
leaf_value=0.0008525294242489671 -0.0022560839147241162 0.0011471908138369531 -9.3785807095318364e-06 -0.0011301529660238763 0.0016641865189706128 -0.00094814563477682297 0.0013444815328289726 -0.0025507470591114439 -0.00052062902880563766 9.1109796880372491e-05 0.00092685260982071978
leaf_weight=38 13.999999999999998 21 572 40 20 39 20 13.999999999999998 18 76 35
leaf_count=38 14 21 572 40 20 39 20 14 18 76 35
internal_value=2.5254e-05 -2.06523e-05 3.42177e-05 -8.34626e-06 0.000139258 -0.000485698 -0.000128756 -0.0013673 -0.00111094 0.000384771 6.04561e-05
internal_weight=907 869 837 816 627 189 136 53 32 96 607
internal_count=907 869 837 816 627 189 136 53 32 96 607
is_linear=0
shrinkage=0.0353657


Tree=287
num_leaves=12
num_cat=1
split_feature=29 39 1 142 209 26 3 29 63 29 62
split_gain=0.0339524 0.0447428 0.0376272 0.094748 0.0794581 0.0792855 0.0885284 0.062227 0.0556693 0.0387621 0.0368571
threshold=196058.04206138689 222373.2627525253 0 5.5000000000000009 0.04039406411923651 3.0650000000000004 1.5000000000000002 337281.10714285722 53.667800075003463 444744.52083333337 14.852380952380953
decision_type=2 2 1 2 2 10 2 2 2 2 10
left_child=-1 -2 3 4 -3 6 -5 -4 -8 -6 -7
right_child=1 2 7 5 9 10 8 -9 -10 -11 -12
leaf_value=0.00082987547373052041 -0.0010629451207073003 -0.00010593600056060432 0.0014545455520227723 -0.0024618845062867774 0.0026585272169916451 0.00010605815212180337 -0.00047127972909641341 0.00013114056116641398 -0.0019371958021455033 0.0011169587792875949 0.0014445864444823709
leaf_weight=38 25 34 24 14.999999999999998 18 31 195 473 13.999999999999998 22 18
leaf_count=38 25 34 24 15 18 31 195 473 14 22 18
internal_value=2.55734e-05 -1.90192e-05 2.44849e-05 -0.000242598 0.000706513 -0.000554682 -0.000842085 0.000216996 -0.000652151 0.00167405 0.00046877
internal_weight=907 869 844 347 74 273 224 497 209 40 49
internal_count=907 869 844 347 74 273 224 497 209 40 49
cat_boundaries=0 2
cat_threshold=2704754185 1
is_linear=0
shrinkage=0.0353657


Tree=288
num_leaves=12
num_cat=0
split_feature=51 82 60 60 65 143 52 97 95 69 61
split_gain=0.0411664 0.0617918 0.0663773 0.0794717 0.124247 0.0929211 0.0674852 0.0505387 0.0441859 0.0473902 0.0735249
threshold=1.0913698359425157 37124.446316689609 7.5208333333333348 42.729166666666679 2.6614583333333335 0.019927944120631102 92.500000000000014 22.500000000000004 291207.069675926 50615.000000000007 0.65476190476190488
decision_type=2 2 2 2 10 2 2 2 2 8 10
left_child=8 -2 -3 4 6 -5 -4 -7 9 10 -1
right_child=1 2 3 5 -6 7 -8 -9 -10 -11 -12
leaf_value=4.5158968840485469e-05 0.0011237748324622882 -0.00089476023162354161 0.0036486565323212189 0.00042287490833158102 0.00021446548210728663 -0.0022717038045467664 0.0015715662387153725 -0.00056871624653050937 -0.00062641533712993363 0.00019530303648317843 -0.0017335030688504468
leaf_weight=33 78 44 19 89 41 21 17 22 142 380 31
leaf_count=33 78 44 19 89 41 21 17 22 142 380 31
internal_value=5.11326e-05 0.000356103 0.000104224 0.000350168 0.00114792 -0.000114074 0.00240764 -0.00122302 -0.000121819 4.14863e-05 -0.0007059
internal_weight=917 331 253 209 77 132 36 43 586 444 64
internal_count=917 331 253 209 77 132 36 43 586 444 64
is_linear=0
shrinkage=0.0353657


Tree=289
num_leaves=12
num_cat=0
split_feature=27 69 29 57 95 153 62 47 78 50 251
split_gain=0.0281526 0.0341831 0.0820213 0.0423433 0.0399772 0.0541286 0.052712 0.0477496 0.0476278 0.0450544 0.0427526
threshold=205845.99561403514 50615.000000000007 196058.04206138689 26.500000000000004 260808.71666666676 1.0000000180025095e-35 17.921740266527308 -52033.422613229071 1.0849149632109658 1004413.2928878235 62236188.141721241
decision_type=8 8 2 10 2 2 8 10 2 2 2
left_child=-1 2 -2 -4 6 7 9 -6 -7 -3 -9
right_child=1 4 3 -5 5 8 -8 10 -10 -11 -12
leaf_value=0.00088590768533779575 0.00038885267603646571 -3.2266894675981092e-05 -0.00068956934949089847 -0.0022533972435942158 -0.0010782016282594811 -0.0021241151396814888 0.0004899617255558473 0.00031725803388750712 -0.00046790548927073142 -0.0012830687770665487 -0.00083976701553314633
leaf_weight=24 27 153 18 28 25 23 370 186 19 20 24
leaf_count=24 27 153 18 28 25 23 370 186 19 20 24
internal_value=4.86815e-05 1.36611e-05 -0.000618335 -0.00145313 7.94597e-05 -0.000248633 0.000254106 -5.42252e-05 -0.00118488 -0.000214035 0.000123267
internal_weight=917 893 73 46 820 277 543 235 42 173 210
internal_count=917 893 73 46 820 277 543 235 42 173 210
is_linear=0
shrinkage=0.0353657


Tree=290
num_leaves=12
num_cat=1
split_feature=27 69 42 51 77 11 60 61 84 1 93
split_gain=0.0268843 0.0311963 0.0564888 0.045176 0.0559567 0.045302 0.0425005 0.0369708 0.0466667 0.0441914 0.0688777
threshold=205845.99561403514 50615.000000000007 178811.10683760684 0.81979612472879504 0.75421326864181693 -0.6830127018922193 18.416666666666668 1.2426470588235297 0.16820752068310985 0 4447629.0310685253
decision_type=8 8 2 2 2 2 2 8 10 1 2
left_child=-1 2 -2 5 -5 -3 -7 8 -6 -9 -11
right_child=1 3 -4 4 7 6 -8 9 -10 10 -12
leaf_value=0.00086444720520355278 0.00010919176651578076 -1.1096212194949375e-07 -0.0013939255018536711 0.0015543984976028153 0.00031947585248916417 -0.00032198695211531743 -0.0016407043073896326 0.00044580372862512826 0.0018692961050391168 0.00013505730818021811 -0.00086806026761543538
leaf_weight=24 34 124 39 13.999999999999998 30 37 42 213 22 237 101
leaf_count=24 34 124 39 14 30 37 42 213 22 237 101
internal_value=4.63252e-05 1.20729e-05 -0.000591644 7.49816e-05 0.000224932 -0.000353832 -0.000953365 0.000168918 0.000910058 8.07814e-05 -0.000162075
internal_weight=917 893 73 820 617 203 79 603 52 551 338
internal_count=917 893 73 820 617 203 79 603 52 551 338
cat_boundaries=0 1
cat_threshold=348234120
is_linear=0
shrinkage=0.0353657


Tree=291
num_leaves=12
num_cat=0
split_feature=90 95 233 51 77 58 84 89 51 16 3
split_gain=0.0293223 0.0437301 0.0382384 0.0294365 0.0404761 0.0971239 0.0680805 0.071634 0.0670278 0.0571774 0.0696808
threshold=1.2766451466904056 124190.00527210889 0.017503998576677202 0.8535821694311948 1.1494837995968694 23.500000000000004 0.15401093203866187 -1.0000000180025095e-35 1.5458793020076331 2.7950000000000004 7.5000000000000009
decision_type=10 2 2 2 2 10 10 10 2 2 2
left_child=3 2 -2 -1 6 8 9 -8 -6 -5 -11
right_child=1 -3 -4 4 5 -7 7 -9 -10 10 -12
leaf_value=-0.00036169962728882358 0.0019118435036914218 -7.5654679304891937e-05 0.00052076904147611695 -0.00056134514133877411 -0.00061625207874668948 -0.0016652063917519358 0.0022632026258012582 0.00060954569342123869 0.00061743074212235822 0.0014448968770594765 -5.0062916319099333e-06
leaf_weight=211 29 37 27 121 81 30 15.999999999999998 145 90 37 93
leaf_count=211 29 37 27 121 81 30 16 145 90 37 93
internal_value=4.62859e-05 0.000575201 0.00115916 -1.8892e-05 0.000100299 -0.000282572 0.000299204 0.000833301 4.46944e-06 -3.83562e-05 0.000413529
internal_weight=917 93 56 824 613 201 412 161 171 251 130
internal_count=917 93 56 824 613 201 412 161 171 251 130
is_linear=0
shrinkage=0.0353657


Tree=292
num_leaves=12
num_cat=0
split_feature=51 25 74 84 49 58 90 47 23 76 84
split_gain=0.0354983 0.0410759 0.0472641 0.0471597 0.043756 0.0613901 0.0680802 0.055255 0.0510895 0.0343288 0.0320123
threshold=1.0913698359425157 1076174.8366013074 0.17157275021026072 0.23995037883512613 0.22734133350879851 14.500000000000002 1.0411771105263454 164670.02572898802 583996.57073643419 -1.0000000180025095e-35 0.54674497609860706
decision_type=2 10 10 10 10 10 8 10 10 10 8
left_child=10 2 4 -3 5 6 -2 -6 -7 -8 -1
right_child=1 3 -4 -5 7 8 9 -9 -10 -11 -12
leaf_value=-0.00018809015709820871 0.0024103753375139566 -1.4321416051141551e-05 0.0016543786726669748 -0.0015704790437639094 -0.0013863051613429991 0.00052690533785567707 0.00015555517492453369 0.00017760085780853396 -0.00090578963457070029 0.0012046229145681437 0.00066806550458129008
leaf_weight=551 17 32 17 13.999999999999998 21 39 49 43 35 64 35
leaf_count=551 17 32 17 14 21 39 49 43 35 64 35
internal_value=4.41357e-05 0.000327425 0.000494541 -0.000442356 0.000375926 0.000614192 0.00105446 -0.00030207 -6.29773e-05 0.000770272 -0.000116374
internal_weight=917 331 285 46 268 204 130 64 74 113 586
internal_count=917 331 285 46 268 204 130 64 74 113 586
is_linear=0
shrinkage=0.0353657


Tree=293
num_leaves=12
num_cat=1
split_feature=51 82 60 60 65 54 52 1 15 94 204
split_gain=0.0331556 0.0571721 0.0613687 0.0732115 0.114785 0.0832124 0.0612516 0.0391898 0.0567658 0.0555741 0.0799526
threshold=1.0913698359425157 37124.446316689609 7.5208333333333348 42.729166666666679 2.6614583333333335 41.500000000000007 92.500000000000014 0 286772.75000000006 -314598.59821428556 116.07631110000001
decision_type=2 2 2 2 10 8 2 1 2 2 2
left_child=7 -2 -3 4 6 -5 -4 -1 -9 -10 -11
right_child=1 2 3 5 -6 -7 -8 8 9 10 -12
leaf_value=-0.00046329078988235662 0.0010547256668365134 -0.00088660974564116763 0.0034732299969511926 -0.0016915657527853704 0.00018028318906944201 0.00012890362446018732 0.001490715897899842 0.001295297902640621 0.00047520325021629272 0.00030372543534648534 -0.00095724935554159548
leaf_weight=215 78 44 19 13.999999999999998 41 118 17 22 147 89 113
leaf_count=215 78 44 19 14 41 118 17 22 147 89 113
internal_value=4.34227e-05 0.00031723 7.41736e-05 0.00031088 0.00107691 -0.000134519 0.00228789 -0.000111645 9.85495e-05 -1.8188e-06 -0.000368024
internal_weight=917 331 253 209 77 132 36 586 371 349 202
internal_count=917 331 253 209 77 132 36 586 371 349 202
cat_boundaries=0 1
cat_threshold=277946216
is_linear=0
shrinkage=0.0353657


Tree=294
num_leaves=12
num_cat=1
split_feature=58 1 78 63 49 33 54 95 33 253 163
split_gain=0.0353355 0.0651817 0.073813 0.0568392 0.0826009 0.0713773 0.0562867 0.0502203 0.0511021 0.0594086 0.0493597
threshold=20.500000000000004 0 1.2977781046007908 23.580555555555556 -0.14739831208191809 -1.1449999999999998 21.500000000000004 260808.71666666676 0.079999999999999974 0.017020599548310301 1.0000000180025095e-35
decision_type=8 1 2 2 8 2 8 2 2 2 2
left_child=-1 3 6 4 10 -5 -3 -8 9 -9 -2
right_child=1 2 -4 5 -6 -7 7 8 -10 -11 -12
leaf_value=0.00035847311965154653 0.0029015164682685444 -0.0013762131816552866 -0.0017421900257138074 0.00063021924920897031 0.00026584644864794847 -0.00074242794105846036 0.00015740605888890917 -0.0026104761293787608 -6.497834584006679e-05 -0.00078950325734650488 0.0011537312734771737
leaf_weight=239 17 31 29 48 155 109 183 19 28 26 21
leaf_count=239 17 31 29 48 155 109 183 19 28 26 21
internal_value=6.21449e-06 -0.000122508 -0.000471848 0.000193988 0.000594738 -0.00024937 -0.000322758 -0.000140936 -0.000811596 -0.00150344 0.00176127
internal_weight=905 666 316 350 193 157 287 256 73 45 38
internal_count=905 666 316 350 193 157 287 256 73 45 38
cat_boundaries=0 1
cat_threshold=1581576758
is_linear=0
shrinkage=0.0353657


Tree=295
num_leaves=12
num_cat=0
split_feature=51 48 81 78 48 25 293 82 61 54 76
split_gain=0.0343271 0.0590957 0.0624139 0.0465913 0.0432782 0.0512463 0.0428277 0.0569191 0.0420646 0.0831606 0.0529833
threshold=1.2708764133932038 -95949.005021885081 1.4842298860588341 1.0593698887352445 52577.804116548192 1076174.8366013074 11.46314251472573 217141.66234911958 27.803174603174607 9.5000000000000018 2.5000000000000004
decision_type=2 8 2 2 8 8 10 2 10 10 10
left_child=3 -2 4 8 -3 -6 -7 -8 -1 -10 -11
right_child=1 2 -4 -5 5 6 7 -9 9 10 -12
leaf_value=0.0002250869117296536 0.0015178795338218036 -0.00049457282786203758 -0.0011820754400743885 -0.00065283186037843851 0.0012941144986051726 -0.00078755260802069039 0.0012866877960208232 -0.0001931090354157386 -0.0014439992268781285 0.00054135398100542257 -0.0008134243085041829
leaf_weight=376 25 35 13.999999999999998 139 60 23 38 40 48 75 32
leaf_count=376 25 35 14 139 60 23 38 40 48 75 32
internal_value=5.68948e-06 0.000356602 0.000175338 -0.000119725 0.000342423 0.000590277 0.000157144 0.000481304 2.36765e-05 -0.000425649 3.25096e-05
internal_weight=905 235 210 670 196 161 101 78 531 155 107
internal_count=905 235 210 670 196 161 101 78 531 155 107
is_linear=0
shrinkage=0.0353657


Tree=296
num_leaves=12
num_cat=0
split_feature=51 77 74 25 38 67 64 5 57 63 111
split_gain=0.0317534 0.0665688 0.0590107 0.0579618 0.0623412 0.0577589 0.04957 0.0389009 0.0380183 0.0340488 0.0575247
threshold=1.2708764133932038 1.1834153324789416 0.054444444444444406 1076174.8366013074 648514.70632989227 2.6220579982834891 3.094235033259424 3.5150000000000001 11.500000000000002 23.883333333333344 9.3541666666666696
decision_type=2 2 10 10 2 2 2 2 10 2 2
left_child=1 7 3 4 5 -2 8 9 -7 -1 -11
right_child=2 -3 -4 -5 -6 6 -8 -9 -10 10 -12
leaf_value=0.00024566922572279902 0.00051010282806740785 -0.0011890083876481695 0.0013249309225228712 -0.0010012052481420078 0.0010927724599503483 -0.00080242919409779568 6.8449808601367973e-05 -0.0010983471222561073 -0.0023398070783191903 -0.00012198751448286297 -0.0015048516710884003
leaf_weight=353 53 43 40 26 63 17 13.999999999999998 15.999999999999998 22 239 19
leaf_count=353 53 43 40 26 63 17 14 16 22 239 19
internal_value=3.97239e-06 -0.000116603 0.000341536 0.000107318 0.000332762 -0.00011721 -0.000848683 -2.40963e-05 -0.00152018 2.47051e-05 -0.000267094
internal_weight=905 670 235 195 169 106 53 627 39 611 258
internal_count=905 670 235 195 169 106 53 627 39 611 258
is_linear=0
shrinkage=0.0353657


Tree=297
num_leaves=12
num_cat=0
split_feature=84 46 69 84 51 74 92 251 114 58 201
split_gain=0.0311646 0.0549069 0.0405977 0.0419459 0.0405696 0.0703948 0.0640268 0.0724944 0.071938 0.0527459 0.049346
threshold=0.14383344039545179 178811.10683760684 50615.000000000007 0.074187581668001309 0.77877523952578553 0.10396294390118371 -14564.956514191492 60443989.017253079 10.500000000000002 8.5000000000000018 1.5000000000000002
decision_type=8 2 10 10 2 10 2 2 2 10 2
left_child=1 -1 -3 -4 -2 6 7 8 -6 -7 -8
right_child=4 2 3 -5 5 9 10 -9 -10 -11 -12
leaf_value=0.00065829178526224952 -0.00029032401504392271 -0.0014387836859528528 0.00020019224713389435 -0.00070829187493726218 0.0027070763957870265 0.00058638517284957952 -0.0012317435646756649 -8.0565616115873816e-06 0.00082568169179853717 0.0023159087939251229 4.6972525140311543e-05
leaf_weight=37 171 28 82 126 27 17 17 30 30 27 313
leaf_count=37 171 28 82 126 27 17 17 30 30 27 313
internal_value=3.23145e-06 -0.00029769 -0.000507792 -0.000343366 0.00013842 0.000310665 0.000170959 0.000919706 0.00163806 0.00139033 -4.7864e-05
internal_weight=905 273 236 208 632 461 417 87 57 44 330
internal_count=905 273 236 208 632 461 417 87 57 44 330
is_linear=0
shrinkage=0.0353657


Tree=298
num_leaves=12
num_cat=1
split_feature=90 95 136 58 16 29 56 1 91 31 70
split_gain=0.029867 0.0347848 0.0470156 0.0347326 0.0621888 0.0804614 0.0852562 0.0513422 0.0802394 0.0643934 0.0584893
threshold=1.2728272447678988 124190.00527210889 275000.00000000006 14.500000000000002 2.6300000000000003 405918.13541666669 13.500000000000002 0 1.1494837995968694 1.5600000000000003 343038.86363636371
decision_type=10 2 2 8 2 2 2 1 2 2 10
left_child=3 2 -2 4 5 6 -1 10 9 -9 -5
right_child=1 -3 -4 7 -6 -7 -8 8 -10 -11 -12
leaf_value=0.0023178005559085653 0.00039135233323414555 -5.6829316272115384e-05 0.0018977094178031246 0.00039046838826720576 0.0013820938899118279 -0.00058716935945369046 7.0938307527076684e-05 0.0011613041449539559 -0.0013957414131327197 -0.00034688072075665113 -0.00060563799757591132
leaf_weight=20 32 36 27 254 37 73 13.999999999999998 14.999999999999998 71 251 75
leaf_count=20 32 36 27 254 37 73 14 15 71 251 75
internal_value=2.23586e-06 0.000531322 0.00103916 -6.53603e-05 0.000391155 3.89024e-05 0.0010705 -0.000173659 -0.000464655 -0.000211339 0.0001265
internal_weight=905 95 59 810 144 107 34 666 337 266 329
internal_count=905 95 59 810 144 107 34 666 337 266 329
cat_boundaries=0 1
cat_threshold=2120523894
is_linear=0
shrinkage=0.0353657


Tree=299
num_leaves=12
num_cat=0
split_feature=51 77 25 38 62 48 61 38 63 25 180
split_gain=0.0296914 0.0612775 0.0399944 0.0613096 0.0584721 0.0472327 0.0506586 0.0683025 0.0413603 0.029842 0.0291901
threshold=1.2708764133932038 1.1834153324789416 1076174.8366013074 727561.78125000012 62.236111111111121 -131371.10052201428 23.578947368421055 325765.14754098369 44.05260295260296 812352.38269841275 1.0000000180025095e-35
decision_type=2 2 10 2 10 8 10 2 2 10 2
left_child=1 -1 3 5 -4 -2 7 -7 9 -5 -8
right_child=2 -3 4 8 -6 6 10 -9 -10 -11 -12
leaf_value=-2.5591247617552571e-05 0.0012474406791660108 -0.0011433843667950326 -0.0015946669031628206 0.0015870805835212797 0.00020965735231756025 0.00012873836883271411 -9.013702753334993e-05 -0.001584367024914981 0.00073589927593404865 0.0030687651804357746 0.0010879451414102222
leaf_weight=627 17 43 17 15.000000000000002 21 29 19 36 29 14.999999999999998 37
leaf_count=627 17 43 17 15 21 29 19 36 29 15 37
internal_value=2.14403e-06 -0.000114412 0.000328623 0.000543593 -0.000459752 0.000168138 -9.53864e-05 -0.000697691 0.00135454 0.00216666 0.000520376
internal_weight=905 670 235 197 38 138 121 65 59 30 56
internal_count=905 670 235 197 38 138 121 65 59 30 56
is_linear=0
shrinkage=0.0353657


Tree=300
num_leaves=12
num_cat=0
split_feature=95 103 93 95 164 69 40 84 69 36 68
split_gain=0.0249144 0.0599178 0.043195 0.0335705 0.0865273 0.0624816 0.0489992 0.0402629 0.0399355 0.0698365 0.0430095
threshold=260808.71666666676 1.0000000180025095e-35 587726.75000000012 8.7211976824960349e-11 9.2343750000000018 232540.9226190476 23925.711813117825 0.11174298674277101 827794.40111614938 264543.67551045452 530741.10714285716
decision_type=2 2 2 2 2 8 10 10 10 10 2
left_child=3 2 -2 4 8 6 -5 -6 9 10 -1
right_child=1 -3 -4 5 7 -7 -8 -9 -10 -11 -12
leaf_value=0.00036571240472540653 0.00096550150658893553 -0.0013548357029595415 -0.00021947216757158518 0.0010869968618214914 -0.0021456068588355521 0.0018811474011736673 -0.00030354411628711302 -0.00067728981285051983 0.0011227394167377799 -0.00116619827550444 -0.00046714196428542957
leaf_weight=347 20 31 225 30 19 20 49 31 27 27 72
leaf_count=347 20 31 225 30 19 20 49 31 27 27 72
internal_value=8.71631e-06 -0.00025768 -8.07341e-05 0.000131764 2.07831e-05 0.00066778 0.00029689 -0.00112089 0.000167254 8.6402e-05 0.000201335
internal_weight=898 276 245 622 523 99 79 50 473 446 419
internal_count=898 276 245 622 523 99 79 50 473 446 419
is_linear=0
shrinkage=0.0353657


Tree=301
num_leaves=12
num_cat=0
split_feature=54 80 68 58 109 201 20 4 68 293 45
split_gain=0.0242956 0.0287442 0.0312502 0.0701332 0.0898397 0.0572296 0.113089 0.0972085 0.0401785 0.0465314 0.039147
threshold=285.00000000000006 222908330.49710667 371451.07603686641 45.500000000000007 1.5000000000000002 2.5000000000000004 1.5600000000000003 61.000000000000007 394030.02850877197 12.431564752638117 1090171.2385487531
decision_type=10 2 2 8 2 2 10 2 2 8 2
left_child=1 2 5 -4 8 6 -1 -8 -5 -10 -6
right_child=-2 -3 3 4 10 -7 7 -9 9 -11 -12
leaf_value=-0.00016971860579379329 -0.00086670096057045063 0.0008995104247539929 0.0002070659773268938 -0.0013284588147308531 -0.0014935156808570001 5.3822924854796738e-05 0.0013090060980957489 0.0038310052190708051 0.00024860668016004603 -0.0010578481911203302 -0.0031287467861212336
leaf_weight=15.999999999999998 13.999999999999998 22 168 20 18 479 17.000000000000004 13.999999999999998 92 23 14.999999999999998
leaf_count=16 14 22 168 20 18 479 17 14 92 23 15
internal_value=8.1799e-06 3.5321e-05 5.00874e-07 -0.000255867 -0.000743255 0.000167556 0.00112256 0.00226945 -0.000383631 -9.86685e-05 -0.00201681
internal_weight=898 884 862 336 168 526 47 31 135 115 33
internal_count=898 884 862 336 168 526 47 31 135 115 33
is_linear=0
shrinkage=0.0353657


Tree=302
num_leaves=12
num_cat=0
split_feature=251 5 92 126 51 67 57 59 83 49 294
split_gain=0.0264596 0.068216 0.0701638 0.0388027 0.0276396 0.0571083 0.0447045 0.0470267 0.0458049 0.0558163 0.0517371
threshold=62236188.141721241 3.5150000000000001 189124.81875513922 1.0000000180025095e-35 1.6622604545840358 2.50734126984127 92.000000000000014 64.833333333333357 1.2380701810889676 0.031342966626756931 12.29416528648437
decision_type=2 2 2 2 2 2 10 2 2 8 10
left_child=4 2 3 -2 6 -6 7 8 9 10 -1
right_child=1 -3 -4 -5 5 -7 -8 -9 -10 -11 -12
leaf_value=-0.00034942383594234873 -0.00017040345031896139 -0.0018435670809400129 0.0011529726092927436 -0.0015075288363257968 0.0019112612872647064 0.00025292210952118367 0.00078386995375813418 -0.00084060083785070596 -0.00079828742851457241 0.00056325545611935575 0.00061296141127877317
leaf_weight=283 50 14.999999999999998 17 19 13.999999999999998 54 61 65 52 203 65
leaf_count=283 50 15 17 19 14 54 61 65 52 203 65
internal_value=6.6222e-06 -0.000474888 -0.000141922 -0.000574032 7.56064e-05 0.000659902 1.17346e-05 -7.09136e-05 2.22228e-05 0.000120249 -0.000137729
internal_weight=898 101 86 69 797 68 729 668 603 551 348
internal_count=898 101 86 69 797 68 729 668 603 551 348
is_linear=0
shrinkage=0.0353657


Tree=303
num_leaves=12
num_cat=1
split_feature=251 5 92 126 57 59 89 61 87 45 1
split_gain=0.024929 0.0654967 0.067139 0.0370115 0.034746 0.0518493 0.0463193 0.0363702 0.0860188 0.0487173 0.0453936
threshold=62236188.141721241 3.5150000000000001 189124.81875513922 1.0000000180025095e-35 92.000000000000014 64.833333333333357 16.500000000000004 0.77500000000000013 236379.23506944449 257059.30000000002 0
decision_type=2 2 2 2 10 2 10 10 2 2 1
left_child=4 2 3 -2 5 6 7 8 -1 -10 -9
right_child=1 -3 -4 -5 -6 -7 -8 10 9 -11 -12
leaf_value=0.0016584829369215917 -0.00016212125740964586 -0.00180149653084552 0.0011328057970093621 -0.0014684053781747715 0.00075327886557603274 -0.00079450761566282971 0.0011571809905206367 -0.00059591151388278731 -0.0012227244291432245 0.00032565400429706583 9.7666096834851345e-05
leaf_weight=39 50 14.999999999999998 17 19 62 67 25 121 13.999999999999998 41 428
leaf_count=39 50 15 17 19 62 67 25 121 14 41 428
internal_value=6.53707e-06 -0.000460796 -0.000133834 -0.000556654 7.35349e-05 5.33224e-06 9.92388e-05 3.87643e-05 0.000610064 -6.60811e-05 -6.86517e-05
internal_weight=898 101 86 69 797 735 668 643 94 55 549
internal_count=898 101 86 69 797 735 668 643 94 55 549
cat_boundaries=0 1
cat_threshold=26243074
is_linear=0
shrinkage=0.0353657


Tree=304
num_leaves=12
num_cat=1
split_feature=78 93 51 16 82 83 92 18 1 84 35
split_gain=0.0246806 0.0790999 0.0321298 0.0443169 0.0638676 0.0422365 0.0348226 0.0398802 0.0328918 0.0490943 0.0570643
threshold=0.61685134855867874 2600100.3145161294 0.59163915935071254 1.2900000000000003 -7424.6767603924081 0.73421207352548101 -117101.91174531168 1.9100000000000004 0 0.10504290609777157 463797.3181699125
decision_type=2 2 2 2 2 2 2 10 1 8 2
left_child=1 -1 5 4 -4 -2 7 -5 -8 -10 -11
right_child=2 -3 3 6 -6 -7 8 -9 9 10 -12
leaf_value=0.001897707703050225 -0.00023909407466488511 -7.2050664120788883e-05 0.0016085695040675733 -0.0017553951492549924 -0.00020758081496105669 -0.0016774445989915729 -0.00032392320142444949 -0.00030916015768889162 -0.00045604018474383666 0.0012203747730066697 0.00017878765936004754
leaf_weight=19 27 32 38 18 13.999999999999998 21 215 33 96 57 328
leaf_count=19 27 32 38 18 14 21 215 33 96 57 328
internal_value=6.17314e-06 0.000626225 -3.8135e-05 1.33828e-05 0.000835488 -0.000759722 -5.38701e-05 -0.000785724 8.71142e-06 0.000169522 0.000352648
internal_weight=898 51 847 799 52 48 747 51 696 481 385
internal_count=898 51 847 799 52 48 747 51 696 481 385
cat_boundaries=0 1
cat_threshold=52566051
is_linear=0
shrinkage=0.0353657


Tree=305
num_leaves=12
num_cat=1
split_feature=78 93 64 1 38 31 25 29 70 37 94
split_gain=0.0232579 0.0755768 0.0256063 0.040038 0.0516149 0.0612744 0.0549979 0.0541009 0.0480836 0.088685 0.0391437
threshold=0.61685134855867874 2600100.3145161294 3.6220238095238098 0 748888.66389573074 2.4400000000000004 704411.85007974494 708621.03722943726 167223.6906158358 402468.00000000006 5.7383518360382606e-11
decision_type=2 2 2 1 2 2 10 2 8 2 2
left_child=1 -1 3 8 6 -6 -5 -8 -2 -10 -4
right_child=2 -3 10 4 5 -7 7 -9 9 -11 -12
leaf_value=0.0018495916869952043 0.0013349798368681401 -7.5522056097337089e-05 -0.00019624071730833844 -0.00022056880889352934 -0.0024699257222598374 -0.00051122052463987327 0.0018690665891161562 0.00017444817464092049 -0.0013173455012377535 0.00035982724341855594 -0.0014460637938459543
leaf_weight=19 29 32 70 354 13.999999999999998 20 23 19 20 275 23
leaf_count=19 29 32 70 354 14 20 23 19 20 275 23
internal_value=5.25674e-06 0.000607219 -3.77169e-05 2.77395e-05 -0.000185791 -0.00119813 -7.89414e-05 0.00087666 0.000310777 0.000190709 -0.000530425
internal_weight=898 51 847 754 430 34 396 42 324 295 93
internal_count=898 51 847 754 430 34 396 42 324 295 93
cat_boundaries=0 1
cat_threshold=503443909
is_linear=0
shrinkage=0.0353657


Tree=306
num_leaves=12
num_cat=1
split_feature=80 94 29 84 84 54 1 5 62 21 7
split_gain=0.0251878 0.069192 0.0538615 0.0332815 0.0438224 0.0917059 0.0624004 0.0567332 0.0547915 0.0494557 0.0660101
threshold=741173.00000000012 -125829.75000000001 196058.04206138689 0.14383344039545179 0.15849658667617664 82.500000000000014 0 1.9100000000000004 17.921740266527308 982979.69065696676 1.5000000000000002
decision_type=2 2 2 10 10 8 1 2 8 8 2
left_child=1 -1 -2 -4 5 -5 9 -8 -9 10 -6
right_child=2 -3 3 4 6 -7 7 8 -10 -11 -12
leaf_value=-0.0019449742849921531 0.0011187399014608204 0.0001075946960030349 -0.00038038183802397465 3.9488273584094356e-05 0.00036184298620212145 0.0021700672489047015 -0.0011065695784934727 -0.00076880438977482504 0.00027291441072256601 -0.00025457045036014932 0.0017045593474297
leaf_weight=17.000000000000004 26 13.999999999999998 264 26 124 23 71 73 152 68 43
leaf_count=17 26 14 264 26 124 23 71 73 152 68 43
internal_value=-5.02807e-05 -0.000787872 -1.26063e-05 -6.42281e-05 8.01205e-05 0.000906008 -7.63575e-06 -0.00033492 -9.04229e-05 0.000388508 0.000733782
internal_weight=901 31 870 844 580 49 531 296 225 235 167
internal_count=901 31 870 844 580 49 531 296 225 235 167
cat_boundaries=0 1
cat_threshold=1108771052
is_linear=0
shrinkage=0.0353657


Tree=307
num_leaves=12
num_cat=0
split_feature=80 7 61 65 64 48 31 47 16 92 48
split_gain=0.0235434 0.0733386 0.0345733 0.0565464 0.0773195 0.0471583 0.0390337 0.037524 0.0319705 0.0314317 0.0454254
threshold=741173.00000000012 1.5000000000000002 1.2426470588235297 2.1523947750362846 2.5080645161290325 -4596.4801462905589 1.7750000000000001 -5061.0486770904381 2.3400000000000003 277745.01396189746 262522.79117063497
decision_type=2 2 8 8 2 10 2 10 2 2 10
left_child=1 -1 6 4 5 8 -2 -6 -4 -5 -11
right_child=2 -3 3 9 7 -7 -8 -9 -10 10 -12
leaf_value=9.1979609086202598e-05 0.0013620978734918646 -0.0020141539556324051 -0.0016243884157522463 -4.9887364134309048e-05 -0.0030403435395297863 0.0007380326250056731 0.00019605216017916965 -0.0014325849372208805 -0.00028399730600675268 0.0018378702371897918 0.00025744442936390897
leaf_weight=15.999999999999998 29 15.000000000000002 14.999999999999998 630 13.999999999999998 20 88 18 19 14.999999999999998 22
leaf_count=16 29 15 15 630 14 20 88 18 19 15 22
internal_value=-4.85416e-05 -0.000761659 -1.20709e-05 -9.97253e-05 -0.000852378 -0.000233858 0.000500374 -0.0019598 -0.00077378 5.86981e-06 0.000782401
internal_weight=901 31 870 753 86 54 117 32 34 667 37
internal_count=901 31 870 753 86 54 117 32 34 667 37
is_linear=0
shrinkage=0.0353657


Tree=308
num_leaves=12
num_cat=1
split_feature=80 87 29 84 84 54 67 1 34 139 76
split_gain=0.0221188 0.0715484 0.0508363 0.0308446 0.0418575 0.0873475 0.0589179 0.0486244 0.0658788 0.0536382 0.0484906
threshold=741173.00000000012 322805.97222222231 196058.04206138689 0.14383344039545179 0.15849658667617664 82.500000000000014 2.3466481681491831 0 2.6850000000000005 825.00000000000011 13.500000000000002
decision_type=2 2 2 8 8 8 2 1 2 2 8
left_child=1 -1 -2 -4 5 -5 10 8 -8 -9 -6
right_child=2 -3 3 4 6 -7 7 9 -10 -11 -12
leaf_value=0.00014747168569362112 0.0010880415092046987 -0.0019367667450342085 -0.00038726041726578117 3.1765092009453677e-05 0.00038675090084835522 0.0021106360750579268 0.0009855598932230771 -0.0016947949551922245 -0.00040557457873725811 -0.0003082618590688266 0.0017986304234898786
leaf_weight=15.000000000000002 26 15.999999999999998 238 26 77 23 76 13.999999999999998 48 323 19
leaf_count=15 26 16 238 26 77 23 76 14 48 323 19
internal_value=-4.64402e-05 -0.000737638 -1.10476e-05 -6.1256e-05 6.77482e-05 0.000876381 -1.44745e-05 -0.000180884 0.000342454 -0.000394405 0.000691486
internal_weight=901 31 870 844 606 49 557 461 124 337 96
internal_count=901 31 870 844 606 49 557 461 124 337 96
cat_boundaries=0 1
cat_threshold=1107460288
is_linear=0
shrinkage=0.0353657


Tree=309
num_leaves=12
num_cat=0
split_feature=80 87 15 69 51 11 25 81 251 49 51
split_gain=0.0207255 0.068777 0.024233 0.0443632 0.0238937 0.0489243 0.053238 0.0407709 0.0587083 0.0506597 0.0477406
threshold=741173.00000000012 322805.97222222231 225860.16818181821 35967.750000000007 0.81979612472879504 -0.6830127018922193 629653.94642857148 0.99999999997997902 60398936.99974893 0.093820691395259309 1.3765204209384814
decision_type=2 2 2 8 2 2 8 2 2 10 2
left_child=1 -1 3 -2 5 -4 -7 8 9 -6 -10
right_child=2 -3 4 -5 7 6 -8 -9 10 -11 -12
leaf_value=0.00015546785945530007 0.00016903145351658926 -0.0018877083423396298 1.720997660542962e-05 0.0016767700191748184 0.00037267021731046061 -0.0019821002103682559 -0.0004973285990937232 -0.00014788768704972823 -0.00078925507757801302 0.0015505549338432373 0.00072299214349537909
leaf_weight=15.000000000000002 30 15.999999999999998 118 14.999999999999998 88 26 55 412 56 56 13.999999999999998
leaf_count=15 30 16 118 15 88 26 55 412 56 56 14
internal_value=-4.45879e-05 -0.00071366 -1.02835e-05 0.000629568 -5.51062e-05 -0.000374604 -0.000977247 4.78908e-05 0.000425975 0.000827754 -0.000264773
internal_weight=901 31 870 45 825 199 81 626 214 144 70
internal_count=901 31 870 45 825 199 81 626 214 144 70
is_linear=0
shrinkage=0.0353657


Tree=310
num_leaves=12
num_cat=1
split_feature=84 5 87 1 36 64 4 53 45 31 37
split_gain=0.0228557 0.0582882 0.0486951 0.042907 0.0516404 0.0456564 0.0494623 0.0744891 0.0562253 0.0527005 0.0446277
threshold=0.14383344039545179 2.7950000000000004 452248.71620370378 0 33499.576481178337 2.3017857142857143 61.000000000000007 48.500000000000007 1385220.8975694447 1.7750000000000001 382968.68081154343
decision_type=10 2 2 1 10 2 2 10 2 2 2
left_child=1 2 -1 5 -5 -2 9 -8 -9 -7 -6
right_child=3 -3 -4 4 10 6 7 8 -10 -11 -12
leaf_value=0.00050673241814866313 0.0012429967096779298 -0.00087604370255427752 -0.00049846406781006106 0.0008019778891172457 -0.0013618652461992876 -0.0016581665731987181 0.0017426561935537357 -0.0002619757192681514 0.0012183871041445749 -7.1987294386869727e-05 -0.00019075265690506041
leaf_weight=113 49 111 82 37 22 17 28 81 21 37 303
leaf_count=113 49 111 82 37 22 17 28 81 21 37 303
internal_value=-4.26298e-05 -0.000282342 5.06275e-05 8.0998e-05 -0.00014812 0.000429907 0.0002143 0.000551654 0.000156847 -0.000530883 -0.000303923
internal_weight=901 306 195 595 362 233 184 130 102 54 325
internal_count=901 306 195 595 362 233 184 130 102 54 325
cat_boundaries=0 1
cat_threshold=1712619724
is_linear=0
shrinkage=0.0353657


Tree=311
num_leaves=12
num_cat=1
split_feature=84 5 93 1 84 5 153 36 46 42 21
split_gain=0.0215563 0.0544702 0.0463289 0.0408205 0.0443741 0.0592349 0.0640197 0.0573913 0.0501446 0.0445254 0.0387845
threshold=0.14383344039545179 2.7950000000000004 2909002.5261528329 0 0.35387674772369898 1.9100000000000004 1.0000000180025095e-35 33499.576481178337 328640.59205500392 537527.05416666681 818143.62599206355
decision_type=10 2 2 1 10 2 2 10 2 2 8
left_child=1 2 10 -2 5 6 9 -7 -6 -5 -1
right_child=3 -3 -4 4 8 7 -8 -9 -10 -11 -12
leaf_value=0.0001587274637936858 0.00042536066677031247 -0.00084726403588256279 -0.00045767061443422168 0.00049682103342676271 -0.0021736065692526019 0.0013758410825038612 -0.0019008600205621107 7.6801492847733014e-05 -0.0004757000775733977 -0.00090978750811730334 0.0013273774433447073
leaf_weight=75 228 111 88 30 13.999999999999998 27 22 214 28 32 32
leaf_count=75 228 111 88 30 14 27 22 214 28 32 32
internal_value=-4.04425e-05 -0.000273276 4.83753e-05 7.95795e-05 -0.000140164 -9.56851e-06 -0.000717726 0.000261358 -0.0010047 -0.000272141 0.000517621
internal_weight=901 306 195 595 367 325 84 241 42 62 107
internal_count=901 306 195 595 367 325 84 241 42 62 107
cat_boundaries=0 1
cat_threshold=1712586988
is_linear=0
shrinkage=0.0353657


Tree=312
num_leaves=12
num_cat=0
split_feature=68 201 53 7 60 63 94 51 94 82 242
split_gain=0.0293408 0.0515975 0.112578 0.0493695 0.0485232 0.033859 0.0351885 0.0427569 0.0388922 0.0421428 0.0307748
threshold=371451.07603686641 2.5000000000000004 34.500000000000007 1.5000000000000002 5.7712121212121223 50.943305394369226 440263.32150974026 1.0913698359425157 317327.56437700271 8867.9377143261536 0.049217198598121563
decision_type=2 2 8 2 2 2 2 2 2 2 2
left_child=1 2 3 -1 -2 6 7 8 9 -3 -6
right_child=4 5 -4 -5 10 -7 -8 -9 -10 -11 -12
leaf_value=-0.00060055335311350066 -0.0012737513220693166 -8.8405604597689995e-06 0.0027896498818467757 0.0010988748626805658 -1.2913699109555809e-05 0.00092031575299876219 -0.00088204380522701972 0.00070616786121255163 0.00094642313559657949 -0.00090880266318854781 -0.0010391921155767036
leaf_weight=19 25 257 13.999999999999998 17 333 31 28 85 17 59 15.999999999999998
leaf_count=19 25 257 14 17 333 31 28 85 17 59 16
internal_value=2.65134e-05 0.000193873 0.00108051 0.000349931 -0.000203924 8.25456e-05 2.23282e-06 8.07752e-05 -8.91916e-05 -0.000192075 -9.77072e-05
internal_weight=901 527 50 36 374 477 446 418 333 316 349
internal_count=901 527 50 36 374 477 446 418 333 316 349
is_linear=0
shrinkage=0.0353657


Tree=313
num_leaves=12
num_cat=0
split_feature=29 92 45 219 94 47 48 226 21 129 190
split_gain=0.0329229 0.04766 0.0923769 0.0466095 0.0782641 0.0705693 0.0403226 0.038753 0.0528114 0.0357574 0.0350582
threshold=585911.00855745154 -68259.393897739224 988511.24586640217 5.5000000000000009 -212732.68393343079 -25603.384920634966 -43327.043974225024 -8.3549804499999976 428927.84905660379 8.6237373737373755 0.017900798355023003
decision_type=2 2 2 2 2 10 8 2 8 2 2
left_child=1 2 -1 4 -3 -5 -6 8 9 -7 -2
right_child=10 3 -4 5 6 7 -8 -9 -10 -11 -12
leaf_value=0.00042608691069855623 -0.00049906169488186318 -0.0016766466593292914 0.0026405422621072522 0.0011895004278647849 -0.00096712574652494244 -0.00026533808593173032 0.00025300392372596536 0.00094301612524129593 -0.00095664615470863817 0.00083442240930271469 8.7467690729928042e-05
leaf_weight=36 212 23 13.999999999999998 75 21 49 104 23 52 47 245
leaf_count=36 212 23 14 75 21 49 104 23 52 47 245
internal_value=2.58222e-05 0.000238057 0.00108392 0.000111623 -0.000346737 0.00039485 -3.64914e-05 2.85845e-05 -0.000193856 0.000222497 -0.000177909
internal_weight=901 444 50 394 148 246 125 171 148 96 457
internal_count=901 444 50 394 148 246 125 171 148 96 457
is_linear=0
shrinkage=0.0353657


Tree=314
num_leaves=12
num_cat=0
split_feature=29 19 27 251 251 53 136 69 180 54 90
split_gain=0.0306454 0.0495245 0.0476563 0.0452458 0.0680887 0.0621731 0.0606912 0.0418055 0.0389476 0.0349074 0.0295836
threshold=585911.00855745154 348758.16666666669 727838.37200276589 63111921.794049256 62014345.559775047 119.50000000000001 775000.00000000012 382826.40706168837 7.5000000000000009 252.00000000000003 0.98108274238872462
decision_type=2 10 8 2 2 10 2 8 2 10 8
left_child=3 7 -3 4 6 -6 9 -2 -4 10 -1
right_child=1 2 8 -5 5 -7 -8 -9 -10 -11 -12
leaf_value=0.00084661322151299563 -0.0022042182382728528 -0.00074333555079421256 0.0003123428453615032 0.0013182796619211673 -0.0023197745013695801 -0.00041179464652519557 0.0015971453860767957 -0.00055341420556124252 -0.0004867910478758234 -0.00083649809335184587 0.00010842323207969188
leaf_weight=63 15.999999999999998 81 265 21 13.999999999999998 18 17 17 78 14.999999999999998 296
leaf_count=63 16 81 265 21 14 18 17 17 78 15 296
internal_value=2.49293e-05 -0.000171576 -7.03222e-05 0.000229732 0.000149231 -0.00102136 0.000278651 -0.00117138 0.000106611 0.000179295 0.000254236
internal_weight=901 457 424 444 423 32 391 33 343 374 359
internal_count=901 457 424 444 423 32 391 33 343 374 359
is_linear=0
shrinkage=0.0353657


Tree=315
num_leaves=12
num_cat=0
split_feature=29 76 92 50 69 5 38 236 82 56 111
split_gain=0.0290512 0.0601491 0.0467396 0.0788719 0.0835175 0.035916 0.0545336 0.0438848 0.0341304 0.048538 0.0386809
threshold=653067.04545454553 45.500000000000007 -65819.108331963143 416434.98687699443 213315.18009768016 3.5150000000000001 648514.70632989227 1.0000000180025095e-35 37124.446316689609 11.500000000000002 7.2301136363636367
decision_type=2 8 2 2 10 2 2 2 2 2 2
left_child=2 -2 3 -1 -5 6 8 -7 10 -10 -4
right_child=1 -3 5 4 -6 7 -8 -9 9 -11 -12
leaf_value=1.6813207868391977e-05 -8.9384436654077693e-05 -0.0014409470897334669 0.00086220885871514906 0.00329271155562443 0.0010675688230871092 -0.00018467939446098713 0.001144792870087155 -0.001791361356894839 0.00023366380466149618 -0.0010938216130423851 4.9936319952239988e-06
leaf_weight=26 381 21 65 14.999999999999998 24 15.999999999999998 39 15.999999999999998 33 57 208
leaf_count=26 381 21 65 15 24 16 39 16 33 57 208
internal_value=2.38403e-05 -0.000191777 0.00020097 0.000957065 0.00186589 7.20326e-05 0.000162466 -0.00078026 2.76689e-05 -0.000501002 0.000215815
internal_weight=901 402 499 65 39 434 402 32 363 90 273
internal_count=901 402 499 65 39 434 402 32 363 90 273
is_linear=0
shrinkage=0.0353657


Tree=316
num_leaves=12
num_cat=0
split_feature=68 136 60 69 209 22 28 22 90 232 51
split_gain=0.0260057 0.051808 0.0454796 0.0334344 0.0305138 0.0452873 0.0388284 0.0305106 0.0492785 0.0462304 0.0240581
threshold=371451.07603686641 850000.00000000012 5.7712121212121223 272550.76161616168 0.069139917713549173 4.6500000000000012 4.6500000000000012 1.5600000000000003 1.2183321210999578 1.0000000180025095e-35 1.0759389308707556
decision_type=2 2 2 10 2 8 8 10 10 2 2
left_child=1 10 -2 -4 7 6 -6 9 -9 -5 -1
right_child=2 -3 3 4 5 -7 -8 8 -10 -11 -12
leaf_value=-4.6825357554841569e-05 -0.0012296421669085477 0.0012833491731367881 -0.00087140839693635537 -0.0019429857437790502 0.00061838015391286495 0.001447490871455314 -0.00042411426863451769 -0.00029446648513480772 0.0010863933828442508 -0.00035816885604549812 0.00046234050045303768
leaf_weight=362 25 26 36 18 72 19 57 109 17 21 139
leaf_count=362 25 26 36 18 72 19 57 109 17 21 139
internal_value=2.27958e-05 0.000180438 -0.000194077 -9.09412e-05 2.52868e-05 0.00037395 0.000157413 -0.000274892 -3.66689e-05 -0.000964768 9.93527e-05
internal_weight=901 527 374 349 313 148 129 165 126 39 501
internal_count=901 527 374 349 313 148 129 165 126 39 501
is_linear=0
shrinkage=0.0353657


Tree=317
num_leaves=12
num_cat=0
split_feature=76 25 16 71 94 57 54 3 51 57 59
split_gain=0.0240138 0.0250854 0.044863 0.0342088 0.0395434 0.0740371 0.0246286 0.0475063 0.0344571 0.0404073 0.0510234
threshold=57.500000000000007 227668.59608360394 2.0350000000000006 55871.439561766747 142928.14425505052 49.500000000000007 192.50000000000003 3.5000000000000004 0.81979612472879504 10.500000000000002 11.833333333333334
decision_type=10 8 2 2 2 8 10 2 2 8 2
left_child=1 2 -1 4 5 -3 8 -8 -5 10 -10
right_child=-2 3 -4 6 -6 -7 7 -9 9 -11 -12
leaf_value=0.0017222651069312652 -0.00077469015551880072 -0.00044246465139781421 0.00019055121581030822 -0.00025202382340844335 0.00011496015048365615 -0.0024600199372984909 -0.0014575919798052509 -2.1518461948075664e-05 0.00010976697995998811 0.00048888963237962073 -0.0011188015848366839
leaf_weight=17 21 27 25 182 18 18 22 43 136 361 31
leaf_count=17 21 27 25 182 18 18 22 43 136 361 31
internal_value=2.23916e-05 5.36052e-05 0.00072214 9.8449e-06 -0.000659891 -0.00123642 7.48538e-05 -0.000481141 0.000137247 0.000280993 -0.000134915
internal_weight=901 880 42 838 63 45 775 65 710 528 167
internal_count=901 880 42 838 63 45 775 65 710 528 167
is_linear=0
shrinkage=0.0353657


Tree=318
num_leaves=12
num_cat=1
split_feature=143 33 5 136 1 5 62 27 69 53 21
split_gain=0.0271895 0.0283168 0.0281024 0.0563613 0.0334462 0.0537369 0.0754696 0.0500479 0.0447854 0.0424843 0.0418692
threshold=0.041989617278908854 -0.090000000000000066 0.89500000000000013 275000.00000000006 0 3.5150000000000001 36.016393442622963 365234.80931372562 57371.835820895525 48.500000000000007 613592.7927927929
decision_type=2 2 2 2 1 2 8 8 8 8 10
left_child=2 -2 3 -1 7 -6 -7 -4 -9 10 -10
right_child=1 -3 4 -5 5 6 -8 8 9 -11 -12
leaf_value=-0.0016078958900008404 0.00023898493759775546 0.001496617108900529 0.0015637067376593774 0.00010692685963528598 -7.5395185994141657e-05 -0.002437527732079869 -0.00038722001828530819 -0.00086829052447649161 0.0018957527184735009 3.1446590823699836e-05 0.00048085199509502778
leaf_weight=29 17 18 13.999999999999998 17 567 18 19 19 25 130 36
leaf_count=29 17 18 14 17 567 18 19 19 25 130 36
internal_value=-3.14812e-05 0.000704994 -7.22544e-05 -0.000758256 -2.37187e-05 -0.000158321 -0.00117238 0.000317179 0.000197785 0.000361141 0.00101716
internal_weight=909 35 874 46 828 604 37 224 210 191 61
internal_count=909 35 874 46 828 604 37 224 210 191 61
cat_boundaries=0 1
cat_threshold=1280348418
is_linear=0
shrinkage=0.0353657


Tree=319
num_leaves=12
num_cat=0
split_feature=258 68 68 40 209 125 22 207 46 66 54
split_gain=0.0264202 0.0267625 0.0703258 0.0601552 0.0464856 0.0487177 0.05015 0.0475565 0.037011 0.0325679 0.0322827
threshold=0.068355946682565769 383898.88094021467 394030.02850877197 313894.9233391913 0.074235184183114353 1.0000000180025095e-35 2.2950000000000004 1.0000000180025095e-35 614672.55162601627 3.2060606060606065 151.50000000000003
decision_type=2 2 2 10 2 2 10 2 2 10 8
left_child=1 3 -3 -1 5 6 7 -4 -6 -7 -10
right_child=-2 2 4 -5 8 9 -8 -9 10 -11 -12
leaf_value=1.213028962307864e-05 0.0007533716173368254 -0.001689610515197815 -0.00085299791343440101 0.0014323647126246453 0.0013713227666306846 0.00039151613496187762 -0.00032777139401776674 -0.0024364554992133999 0.00055671208346320445 -0.00070428229631653888 -0.00050670406986991494
leaf_weight=539 27 19 22 14.999999999999998 14.999999999999998 72 45 32 58 28 37
leaf_count=539 27 19 22 15 15 72 45 32 58 28 37
internal_value=-3.01738e-05 -6.60684e-05 -0.000311378 7.83975e-05 -0.000182357 -0.000484863 -0.000999299 -0.0016573 0.000343108 -1.93421e-05 0.000129979
internal_weight=909 882 328 554 309 199 99 54 110 100 95
internal_count=909 882 328 554 309 199 99 54 110 100 95
is_linear=0
shrinkage=0.0353657


Tree=320
num_leaves=12
num_cat=0
split_feature=258 76 57 136 58 17 51 94 43 27 49
split_gain=0.0251115 0.0240856 0.0236915 0.0510099 0.0390465 0.0484885 0.0448276 0.0808675 0.0706039 0.0383274 0.036596
threshold=0.068355946682565769 57.500000000000007 36.500000000000007 850000.00000000012 15.500000000000002 1241301.3897058826 1.1653457935964582 454426.03054893127 526770.39187014627 278244.46085858595 0.35909984553748847
decision_type=2 10 10 2 8 10 2 2 2 8 10
left_child=1 2 4 9 6 10 -1 8 -8 -4 -6
right_child=-2 -3 3 -5 5 -7 7 -9 -10 -11 -12
leaf_value=-0.00036571998325633922 0.00073575777396349146 -0.0008643420223142154 0.0011371922055486178 0.0013958206739517738 -0.00018129537721035829 -0.0015261466975743023 0.00091058606594157415 0.0001008538541803301 0.0029756938093776241 -1.2372308436085374e-05 -0.0012892605274268424
leaf_weight=60 27 21 15.999999999999998 18 356 18 20 70 18 268 17
leaf_count=60 27 21 16 18 356 18 20 70 18 268 17
internal_value=-2.81258e-05 -6.31542e-05 -3.16019e-05 0.00020972 -0.000165856 -0.000358194 0.000248179 0.000670212 0.00172218 9.40057e-05 -0.000269058
internal_weight=909 882 861 302 559 391 168 108 38 284 373
internal_count=909 882 861 302 559 391 168 108 38 284 373
is_linear=0
shrinkage=0.0353657


Tree=321
num_leaves=12
num_cat=1
split_feature=68 1 87 63 294 75 31 51 56 54 11
split_gain=0.0244326 0.061667 0.0698835 0.0585523 0.0549533 0.0503047 0.0357526 0.0316337 0.0549937 0.0369677 0.0435011
threshold=526340.42394957994 0 415296.16666666669 40.570767195767196 12.655662812806257 0.17717909734918721 2.7350000000000008 1.171307493356895 16.500000000000004 111.50000000000001 0.68301270189221941
decision_type=2 1 2 2 8 2 2 2 2 8 2
left_child=1 2 -1 4 6 -2 -4 8 -3 10 -9
right_child=5 7 3 -5 -6 -7 -8 9 -10 -11 -12
leaf_value=-0.00016426778181584064 -0.00080659484805764494 -0.00084737621932425206 0.00079155640384320563 0.00043231431447609224 0.0032194402293372142 0.00024151145697146948 0.0022748366546700548 0.0017365404632583665 -1.2969128818263506e-05 -3.8276627570099245e-05 0.00030821100574841094
leaf_weight=32 115 110 27 21 13.999999999999998 70 13.999999999999998 29 355 89 33
leaf_count=32 115 110 27 21 14 70 14 29 355 89 33
internal_value=-2.75297e-05 6.2303e-05 0.000731536 0.00138072 0.00198842 -0.000368896 0.00149785 -7.38315e-05 -0.000220294 0.000331524 0.000919652
internal_weight=909 724 108 76 55 185 41 616 465 151 62
internal_count=909 724 108 76 55 185 41 616 465 151 62
cat_boundaries=0 2
cat_threshold=1140858886 1
is_linear=0
shrinkage=0.0353657


Tree=322
num_leaves=12
num_cat=1
split_feature=1 63 57 64 5 70 61 29 74 49 93
split_gain=0.0233619 0.0659993 0.0463121 0.0550634 0.047094 0.0459586 0.100933 0.045232 0.0335893 0.0317753 0.0391844
threshold=0 40.185432065802921 27.500000000000004 2.7029411764705888 2.3400000000000003 57371.835820895525 3.2808080808080811 680724.29560755345 1.0000000180025095e-35 -0.28490129605491304 4393017.3902518982
decision_type=1 2 10 2 2 8 10 2 8 10 2
left_child=1 2 3 7 -5 -4 -7 -1 -3 10 -2
right_child=9 8 5 4 -6 6 -8 -9 -10 -11 -12
leaf_value=0.0026902122822101697 -0.00045584085843728686 -0.0010739200733593834 0.0011587169276621174 -0.00063288343426284063 0.001009504705367347 -0.0013382755026975642 0.00043243222358823187 0.0010719010872485342 -4.7487141251244894e-05 -7.9513444241208567e-05 -0.0018833834924518119
leaf_weight=27 42 48 24 15.999999999999998 21 35 95 19 57 511 13.999999999999998
leaf_count=27 42 48 24 16 21 35 95 19 57 511 14
internal_value=-2.69683e-05 0.000191334 0.000518886 0.00112571 0.000383686 0.000187986 -8.03066e-05 0.00186111 -0.000453976 -0.000163195 -0.000834502
internal_weight=909 342 237 83 37 154 130 46 105 567 56
internal_count=909 342 237 83 37 154 130 46 105 567 56
cat_boundaries=0 1
cat_threshold=1279308886
is_linear=0
shrinkage=0.0353657


Tree=323
num_leaves=12
num_cat=1
split_feature=76 89 84 81 51 1 5 60 81 63 33
split_gain=0.0242847 0.0286049 0.0474108 0.0287121 0.03447 0.0439473 0.0421931 0.051621 0.0491637 0.0420374 0.0461457
threshold=57.500000000000007 16.500000000000004 0.19640508785664132 1.4842298860588341 2.1304266957764217 0 2.9600000000000004 50.663636363636371 1.2283746179617878 29.083148148148151 -0.94999999999999962
decision_type=10 10 10 2 2 1 2 2 2 2 2
left_child=1 3 -3 4 5 6 7 -1 -8 -7 -11
right_child=-2 2 -4 -5 -6 9 8 -9 -10 10 -12
leaf_value=-0.00033749883109505729 -0.00082993748918395711 0.00023368196131246836 0.0018350375614531764 -0.00099245495623066652 0.00092440349173266855 0.00047272821603037724 -0.0015960717541361052 0.00086199587577702301 -0.00012589730519167594 0.00046652425452411631 -0.00047564993349612748
leaf_weight=226 21 25 13.999999999999998 13.999999999999998 23 247 53 29 18 73 166
leaf_count=226 21 25 14 14 23 247 53 29 18 73 166
internal_value=-2.6413e-05 2.02417e-06 0.000734612 -3.98489e-05 -9.32965e-06 -5.04603e-05 -0.000352112 -0.000163952 -0.00102906 0.000154937 -0.000151561
internal_weight=909 888 39 849 835 812 326 255 71 486 239
internal_count=909 888 39 849 835 812 326 255 71 486 239
cat_boundaries=0 1
cat_threshold=2210351624
is_linear=0
shrinkage=0.0353657


Tree=324
num_leaves=12
num_cat=0
split_feature=251 53 91 282 57 60 61 76 68 84 57
split_gain=0.0275665 0.0423874 0.0668961 0.0383351 0.029495 0.0286365 0.0284276 0.0513698 0.0418932 0.0463877 0.0451353
threshold=62236188.141721241 120.50000000000001 0.86797628130389748 3.0000000000000004 92.000000000000014 12.97169811320755 0.77500000000000013 1.5000000000000002 45813.590277777788 0.48227465791926322 26.500000000000004
decision_type=2 10 2 2 10 2 8 10 2 8 8
left_child=4 2 -2 -4 6 -6 7 -1 10 -10 -8
right_child=1 -3 3 -5 5 -7 8 -9 9 -11 -12
leaf_value=3.3456808963473946e-05 -8.0865685677605629e-05 0.00028965435683428475 -0.0027735663138917102 -0.0012544831227768343 0.0002939834218348902 0.0014790310960725304 -9.4396096522690565e-05 0.0014344542248972262 -6.507687744133656e-05 0.0010148496965175658 -0.0016422937006889632
leaf_weight=47 27 25 14.999999999999998 27 37 22 13.999999999999998 32 595 29 32
leaf_count=47 27 25 15 27 37 22 14 32 595 29 32
internal_value=-3.07301e-06 -0.000513748 -0.00097581 -0.00175196 6.16551e-05 0.000700612 1.17253e-06 0.000554726 -7.22623e-05 5.41596e-07 -0.000902328
internal_weight=902 94 69 42 808 59 749 79 670 624 46
internal_count=902 94 69 42 808 59 749 79 670 624 46
is_linear=0
shrinkage=0.0353657


Tree=325
num_leaves=12
num_cat=0
split_feature=93 280 25 42 42 67 48 40 16 70 229
split_gain=0.0219166 0.063203 0.041222 0.0341444 0.0685352 0.0518599 0.0459996 0.0414156 0.0294812 0.0276098 0.0257361
threshold=758476.7275862071 0.0094436763601941 227668.59608360394 327103.71227312653 348635.66666666669 2.9411109605132384 -11630.796769896753 139462.46239563034 2.3400000000000003 35932.750000000007 0.03206001161597536
decision_type=2 2 8 2 2 2 8 8 2 10 2
left_child=1 9 8 5 6 7 -5 10 -2 -1 -4
right_child=2 -3 3 4 -6 -7 -8 -9 -10 -11 -12
leaf_value=0.00071276600227015822 0.0018659930212793065 -0.0016451926861777563 -0.0010031607696629737 0.00059372890764475804 2.0331969692038288e-05 0.00057727865205336201 0.0022222640280219167 -0.0017597738858335483 0.00045795440705661834 -0.00049150672653697582 -0.00010830000440001552
leaf_weight=23 15.999999999999998 22 47 13.999999999999998 602 25 22 18 15.999999999999998 22 75
leaf_count=23 16 22 47 14 602 25 22 18 16 22 75
internal_value=-1.3992e-06 -0.000527809 4.64697e-05 -2.11758e-06 0.000110901 -0.000426821 0.00126409 -0.000715876 0.000979905 6.65156e-06 -0.000497253
internal_weight=902 67 835 803 638 165 36 140 32 45 122
internal_count=902 67 835 803 638 165 36 140 32 45 122
is_linear=0
shrinkage=0.0353657


Tree=326
num_leaves=12
num_cat=1
split_feature=251 55 77 212 56 1 41 29 94 180 88
split_gain=0.0255335 0.0382829 0.0583804 0.0331722 0.0299681 0.0250186 0.0377296 0.0383352 0.0385399 0.038069 0.0324515
threshold=62236188.141721241 118.50000000000001 0.86797628130389748 0.04887447889187526 162.50000000000003 0 218182.10000000003 427905.18238993717 -222121.82986833295 2.5000000000000004 265939.65416666673
decision_type=2 2 2 2 2 1 2 2 2 2 2
left_child=4 2 -2 -4 5 -1 -7 8 -8 -10 -9
right_child=1 -3 3 -5 -6 6 7 10 9 -11 -12
leaf_value=-0.00025658487214940225 -0.00011476883831255256 0.00025469988421123168 -0.0024418664853022177 -0.0010022089467745742 0.0009854477732743872 -0.00092224397696331829 -8.826308105364858e-05 -0.00013566255743089828 0.0019887876050333664 0.00073751176379632181 0.00051069554191648968
leaf_weight=237 27 26 24 17 18 13.999999999999998 26 301 21 78 113
leaf_count=237 27 26 24 17 18 14 26 301 21 78 113
internal_value=-1.53628e-06 -0.000493089 -0.000941382 -0.00167845 6.07119e-05 2.51031e-05 0.000152801 0.000212202 0.000709465 0.00105086 5.08046e-05
internal_weight=902 94 68 41 808 790 553 539 125 99 414
internal_count=902 94 68 41 808 790 553 539 125 99 414
cat_boundaries=0 1
cat_threshold=2702199363
is_linear=0
shrinkage=0.0353657


Tree=327
num_leaves=12
num_cat=0
split_feature=93 33 84 25 33 42 42 48 212 79 40
split_gain=0.0208991 0.0653226 0.0437046 0.0386884 0.032781 0.0317389 0.0636273 0.0438335 0.0300021 0.0295223 0.0548935
threshold=758476.7275862071 -0.055000000000000153 0.1519510330001225 227668.59608360394 -0.53999999999999981 327103.71227312653 348635.66666666669 -11630.796769896753 0.056426664333708361 -0.80742770686234022 128754.12393789261
decision_type=2 2 8 8 2 2 2 8 2 2 8
left_child=1 8 -3 4 -2 9 7 -7 -1 -5 -11
right_child=3 2 -4 5 -6 6 -8 -9 -10 10 -12
leaf_value=-0.00092975837726801689 0.0019124748986713417 -0.00042775269731855397 0.001192241441591759 0.00013937672459520551 0.00044249441766370802 0.00057244957573332272 2.0287368801925723e-05 0.0021503124212036528 -0.0023426404104970331 -0.00045559732555828814 -0.0019820272954396935
leaf_weight=19 13.999999999999998 14.999999999999998 18 49 18 13.999999999999998 602 22 14.999999999999998 102 13.999999999999998
leaf_count=19 14 15 18 49 18 14 602 22 15 102 14
internal_value=-9.7823e-07 -0.000515058 0.000240806 4.57354e-05 0.00095002 -1.28214e-06 0.000107628 0.00121879 -0.00141858 -0.000410814 -0.000723059
internal_weight=902 67 33 835 32 803 638 36 34 165 116
internal_count=902 67 33 835 32 803 638 36 34 165 116
is_linear=0
shrinkage=0.0353657


Tree=328
num_leaves=12
num_cat=0
split_feature=251 65 65 54 56 51 11 5 62 82 51
split_gain=0.0234105 0.0371986 0.0386858 0.0328964 0.0289241 0.0241355 0.044198 0.0538599 0.0423319 0.042758 0.0329448
threshold=62236188.141721241 2.5527777777777785 2.9023809523809527 68.500000000000014 162.50000000000003 1.0913698359425157 0.68301270189221941 1.2900000000000003 37.097857142857144 43299.671767614527 1.5321023310295663
decision_type=2 10 10 10 2 2 2 2 8 2 2
left_child=4 -2 -3 -4 5 -1 7 -7 9 -8 -9
right_child=1 2 3 -5 -6 6 8 10 -10 -11 -12
leaf_value=-0.00011826446827072025 -0.001223315843205294 0.00088991037790550793 -0.0013448777166404162 -3.8094192242340724e-05 0.00096713433760100035 -0.00040246764543939783 1.5678665715771562e-05 0.00079276173613865623 0.00026439498980900856 -0.0014424601484542897 0.001958011894603799
leaf_weight=506 34 15.999999999999998 14.999999999999998 29 18 17 15.999999999999998 98 98 37 18
leaf_count=506 34 16 15 29 18 17 16 98 98 37 18
internal_value=-8.65428e-07 -0.000471601 -8.07689e-05 -0.000470391 5.86829e-05 2.36493e-05 0.000274548 0.0007172 -9.27583e-05 -0.000784148 0.00102592
internal_weight=902 94 60 44 808 790 284 133 151 53 116
internal_count=902 94 60 44 808 790 284 133 151 53 116
is_linear=0
shrinkage=0.0353657


Tree=329
num_leaves=12
num_cat=0
split_feature=251 53 77 236 87 119 77 53 79 51 77
split_gain=0.0218662 0.0369855 0.0600568 0.0320457 0.0237112 0.0566563 0.0279702 0.0281803 0.0268127 0.0441641 0.0335941
threshold=62236188.141721241 120.50000000000001 0.86797628130389748 1.0000000180025095e-35 1425413.2641609979 1.0000000180025095e-35 0.96699510900531471 78.500000000000014 1.9617358250701529 1.6622604545840358 1.2369935285722475
decision_type=2 10 2 2 2 2 2 8 2 2 2
left_child=4 2 -2 -4 8 6 -6 -8 9 10 -1
right_child=1 -3 3 -5 5 -7 7 -9 -10 -11 -12
leaf_value=3.0286552844443826e-05 -3.7100061514644338e-05 0.00029633299472131271 -0.00099522558264845268 -0.0023969556992850028 0.00037327824634122389 -0.00056322376056619592 0.0022146141458526621 0.00094850116511691735 -0.00080978850037838562 0.00083271779170656756 -0.0007090963681966008
leaf_weight=563 27 25 19 23 35 19 20 28 26 54 63
leaf_count=563 27 25 19 23 35 19 20 28 26 54 63
internal_value=-3.8779e-07 -0.000455381 -0.000885214 -0.0016201 5.71189e-05 0.000509914 0.000934897 0.00144247 -1.22768e-05 2.89292e-05 -5.19413e-05
internal_weight=902 94 69 42 808 102 83 48 706 680 626
internal_count=902 94 69 42 808 102 83 48 706 680 626
is_linear=0
shrinkage=0.0353657


Tree=330
num_leaves=12
num_cat=0
split_feature=5 136 51 91 27 62 66 22 91 175 28
split_gain=0.0211438 0.0627735 0.0327044 0.0614037 0.0373662 0.0547914 0.0352221 0.0323895 0.0315443 0.0244794 0.0236588
threshold=0.89500000000000013 275000.00000000006 1.2708764133932038 1.3028169175726594 643622.38376068382 70.634090909090915 2.8765243902439028 2.8900000000000001 1.2274777811593822 1.0000000180025095e-35 3.3950000000000005
decision_type=2 2 2 2 8 8 10 10 2 2 10
left_child=1 9 8 6 -5 7 -4 -6 10 -1 -2
right_child=2 -3 3 4 5 -7 -8 -9 -10 -11 -12
leaf_value=-0.00093298096314194546 4.9424643575036274e-05 0.00035906234554606989 0.00073703420640843702 0.00062804542584006507 -0.0023025231036590686 5.7885070108700325e-05 0.0019348050205494753 -0.00079919799258583988 -0.00094968928426064842 -0.0022411275942045934 -0.00064095467502166942
leaf_weight=17 588 20 80 31 17 44 21 14.000000000000002 23 14.999999999999998 44
leaf_count=17 588 20 80 31 17 44 21 14 23 15 44
internal_value=1.7333e-05 -0.000550311 6.05498e-05 0.000427862 -7.86026e-05 -0.000515457 0.00100769 -0.00141375 -5.75498e-05 -0.0014002 -8.90022e-06
internal_weight=914 52 862 207 106 75 101 31 655 32 632
internal_count=914 52 862 207 106 75 101 31 655 32 632
is_linear=0
shrinkage=0.0353657


Tree=331
num_leaves=12
num_cat=1
split_feature=82 49 46 82 251 17 36 47 0 97 5
split_gain=0.0187299 0.0305311 0.0530516 0.0419776 0.0499065 0.0336257 0.037358 0.0363721 0.0421884 0.0772903 0.0674779
threshold=-386029.63765281782 -0.17445229329325737 287344.33333333343 -301890.12533286435 60174349.978232034 1335332.4197530865 200158.63979527517 -52033.422613229071 0 6.5000000000000009 1.5850000000000002
decision_type=2 8 2 2 2 10 10 8 1 2 2
left_child=-1 2 -2 -4 -5 6 7 -3 10 -10 -9
right_child=1 5 3 4 -6 -7 -8 8 9 -11 -12
leaf_value=-0.00074062798498423501 0.0015663355571101279 -0.00069311453937847558 0.0012703803192490259 0.00070054800401680832 -0.00054272183284111207 0.00083850460435771785 -0.00087381763274475604 -0.0010333169608721052 0.0015263501316516027 0.00014050924267635604 3.8966448264362051e-05
leaf_weight=14.999999999999998 23 68 14.999999999999998 44 73 26 48 68 42 181 311
leaf_count=15 23 68 15 44 73 26 48 68 42 181 311
internal_value=1.70235e-05 4.11535e-05 0.000461221 0.000217836 -1.88318e-05 -4.97869e-05 -9.9719e-05 -3.03039e-05 5.58253e-05 0.000414262 -0.000160678
internal_weight=914 899 155 132 117 744 718 670 602 223 379
internal_count=914 899 155 132 117 744 718 670 602 223 379
cat_boundaries=0 1
cat_threshold=410
is_linear=0
shrinkage=0.0353657


Tree=332
num_leaves=12
num_cat=1
split_feature=33 36 33 1 51 89 92 74 35 293 51
split_gain=0.0194668 0.0270063 0.0268997 0.0428899 0.0502801 0.0401132 0.0398442 0.0397572 0.0489004 0.037094 0.0352466
threshold=-1.99 112534.16354965836 -1.1449999999999998 0 0.81979612472879504 -4.4999999999999991 8982.5595328282816 0.10396294390118371 467232.80986457347 12.228004640993705 1.1415364095825231
decision_type=2 10 2 1 2 8 2 10 2 10 2
left_child=1 -1 -2 4 9 -6 10 8 -7 -4 -5
right_child=2 -3 3 6 5 7 -8 -9 -10 -11 -12
leaf_value=-0.0013028747227121034 0.00047804182812058492 -6.9313000439700812e-05 2.7104564316475797e-06 -0.00014714808156380312 0.0016214948168622157 0.00083953477042575679 -0.00067103978869517775 0.001392800959450063 -0.00015037483930612167 -0.0012055099395913461 0.00082130115589297526
leaf_weight=21 133 14.999999999999998 46 233 14.999999999999998 79 162 21 128 29 32
leaf_count=21 133 15 46 233 15 79 162 21 128 29 32
internal_value=1.70507e-05 -0.000600702 5.20145e-05 -2.7571e-05 0.000264528 0.000522835 -0.000252643 0.00040581 0.000243326 -0.000403184 -1.12929e-05
internal_weight=914 36 878 745 318 243 427 228 207 75 265
internal_count=914 36 878 745 318 243 427 228 207 75 265
cat_boundaries=0 2
cat_threshold=1285497989 1
is_linear=0
shrinkage=0.0353657


Tree=333
num_leaves=12
num_cat=1
split_feature=5 136 93 49 91 5 201 84 90 1 40
split_gain=0.0184432 0.0575474 0.0276405 0.0720837 0.0236404 0.0216494 0.0453453 0.0335414 0.0264051 0.0536698 0.0499512
threshold=0.89500000000000013 275000.00000000006 605875.66043985181 0.039456752741380892 1.1114367882290306 3.5150000000000001 4.5000000000000009 0.41513372265539744 1.2147206346767374 0 243428.44429569304
decision_type=2 2 2 8 2 2 2 10 10 1 8
left_child=1 4 3 -2 -1 7 -7 8 9 -4 -11
right_child=2 -3 5 -5 -6 6 -8 -9 -10 10 -12
leaf_value=-0.00083655198543091378 -2.7483058043182688e-05 0.00035957750467292495 0.00023170244785390384 0.0020886509982954568 -0.0021233634495798266 -0.0016022326732992153 -4.0746616565881839e-05 0.00099311329705877331 0.00048123979779494339 -0.00023723350702145037 -0.0013480786122760263
leaf_weight=15.999999999999998 13.999999999999998 20 339 15.000000000000002 15.999999999999998 17 23 22 108 288 36
leaf_count=16 14 20 339 15 16 17 23 22 108 288 36
internal_value=1.7659e-05 -0.000512346 5.81037e-05 0.000845795 -0.00132439 1.86651e-05 -0.000609899 6.04831e-05 1.8619e-05 -6.27933e-05 -0.000372857
internal_weight=914 52 862 29 32 833 40 793 771 663 324
internal_count=914 52 862 29 32 833 40 793 771 663 324
cat_boundaries=0 1
cat_threshold=265068599
is_linear=0
shrinkage=0.0353657


Tree=334
num_leaves=12
num_cat=1
split_feature=253 66 47 56 94 1 95 20 267 60 48
split_gain=0.0178928 0.0225642 0.0423177 0.038632 0.0411342 0.0357796 0.0526752 0.0641 0.0585404 0.0496715 0.0458072
threshold=0.10526711384895956 3.0286650286650292 -248190.5989608021 20.500000000000004 306031.14277320803 0 340117.84202146385 1.6550000000000002 0.049639252090205005 45.508547008547019 -92913.566317703939
decision_type=2 10 8 2 2 1 2 8 2 2 8
left_child=1 2 -1 -3 -5 6 7 -4 -8 10 -7
right_child=-2 3 5 4 -6 9 8 -9 -10 -11 -12
leaf_value=-0.001069914075495585 0.00058290058091933924 0.00095180090044629678 0.00084406476883779318 0.00021564883251764746 -0.0010640803938881159 -0.00047826900895772716 -0.000663541929405261 -0.00033410278101878059 -0.0023350285472509935 -0.00048613396509757361 0.00063211729942988016
leaf_weight=30 42 59 51 108 14.999999999999998 31 58 212 13.999999999999998 71 223
leaf_count=30 42 59 51 108 15 31 58 212 14 71 223
internal_value=1.77319e-05 -1.5638e-05 -0.000108337 0.00031083 1.18312e-05 -4.75788e-05 -0.000290638 -7.93815e-05 -0.00103658 0.00020382 0.000444157
internal_weight=914 872 690 182 123 660 335 263 72 325 254
internal_count=914 872 690 182 123 660 335 263 72 325 254
cat_boundaries=0 1
cat_threshold=2736398305
is_linear=0
shrinkage=0.0353657


Tree=335
num_leaves=12
num_cat=1
split_feature=33 219 33 1 51 78 251 81 91 78 219
split_gain=0.0182345 0.0297738 0.0248382 0.0402068 0.0498511 0.0497817 0.0384559 0.0445914 0.0505182 0.0428054 0.036152
threshold=-1.99 20.500000000000004 -1.1449999999999998 0 0.78732984272880258 0.76003051301374702 57785487.29022821 1.0374095846428422 0.99436213411406371 0.96763051160112845 19.500000000000004
decision_type=2 2 2 1 2 2 2 2 2 2 2
left_child=1 -1 10 5 -5 -4 -7 8 -8 -9 -2
right_child=2 -3 3 4 -6 6 7 9 -10 -11 -12
leaf_value=-0.001449431730090928 5.1688861424192141e-06 -0.00016761422250547491 0.00031517426295520556 -0.00047147728455420234 0.00039285846469982403 -0.0015553014694911027 -0.00051226746116907619 -0.0017733282716060619 0.00071014098212527591 -0.00051849315237301457 0.0009868496549119666
leaf_weight=13.999999999999998 66 22 85 83 334 22 70 32 51 68 67
leaf_count=14 66 22 85 83 334 22 70 32 51 68 67
internal_value=1.5854e-05 -0.000581993 4.97357e-05 -2.6676e-05 0.000192759 -0.00030643 -0.000574307 -0.000438672 -2.43995e-05 -0.000926349 0.000459138
internal_weight=914 36 878 745 417 328 243 221 121 100 133
internal_count=914 36 878 745 417 328 243 221 121 100 133
cat_boundaries=0 1
cat_threshold=2736839474
is_linear=0
shrinkage=0.0353657


Tree=336
num_leaves=12
num_cat=0
split_feature=47 51 63 77 49 145 201 93 27 33 25
split_gain=0.0238919 0.0225326 0.0481116 0.0394062 0.0350936 0.0356169 0.0316974 0.0398092 0.0550973 0.0421655 0.0284059
threshold=-381459.77678571426 1.6622604545840358 51.439402958152961 1.2274777811593822 0.21406701153175861 8.0625000000000018 1.5000000000000002 719273.84354838717 577665.66250000009 -1.0000000180025095e-35 227668.59608360394
decision_type=8 2 2 2 10 2 2 2 8 2 8
left_child=-1 3 4 6 -3 -6 -2 8 -8 -10 -9
right_child=1 2 -4 -5 5 -7 7 10 9 -11 -12
leaf_value=-0.00086937545513628936 0.00091874562025237333 0.0016870595870971498 -0.00038786920112300805 -0.00065533134145525751 0.0010339131361504121 -0.00040787468507775285 -0.0019630766771774493 0.0008749289277715038 -0.00087205331940772707 0.00070268827708933805 1.2036946156430259e-05
leaf_weight=15.999999999999998 24 31 25 96 18 17 15.999999999999998 27 20.999999999999996 14.000000000000002 589
leaf_count=16 24 31 25 96 18 17 16 27 21 14 589
internal_value=-2.28999e-05 2.7145e-06 0.000470927 -5.59079e-05 0.000970381 0.000418828 3.36823e-05 -1.02867e-05 -0.000789984 -0.000265078 6.55483e-05
internal_weight=894 878 91 787 66 35 691 667 51 35 616
internal_count=894 878 91 787 66 35 691 667 51 35 616
is_linear=0
shrinkage=0.0353657


Tree=337
num_leaves=12
num_cat=1
split_feature=79 1 62 93 60 59 21 95 93 55 29
split_gain=0.0217025 0.041834 0.0491926 0.0504478 0.049108 0.0451639 0.0424835 0.0576948 0.0405646 0.0353044 0.0388047
threshold=-0.76056003639754666 0 36.791125541125545 2326917.0333333337 60.032967032967044 28.166666666666668 1359746.6666666667 468921.31655653374 719273.84354838717 27.166666666666668 704411.85007974494
decision_type=2 1 8 2 2 2 8 2 2 2 2
left_child=-1 6 4 5 -3 -4 8 -8 -2 -5 -11
right_child=1 2 3 9 -6 -7 7 -9 -10 10 -12
leaf_value=0.0002801241759792516 -0.0011744063364258395 -7.6537225202737036e-05 0.00076868942531652009 -0.00058029500320958731 -0.001417433140478469 0.0022801956505725442 -0.0019547224728136258 -0.00022515116811937678 -9.6167633516668665e-05 0.0011361634351516293 5.3075602653781638e-05
leaf_weight=202 27 117 38 35 20 19 35 13.999999999999998 269 42 76
leaf_count=202 27 117 38 35 20 19 35 14 269 42 76
internal_value=-2.25175e-05 -0.000116383 0.000144639 0.000481948 -0.000317267 0.00124787 -0.00037901 -0.00118405 -0.000237891 0.000178411 0.000434786
internal_weight=894 692 347 210 137 57 345 49 296 153 118
internal_count=894 692 347 210 137 57 345 49 296 153 118
cat_boundaries=0 1
cat_threshold=3274930711
is_linear=0
shrinkage=0.0353657


Tree=338
num_leaves=12
num_cat=2
split_feature=47 89 136 16 1 1 94 26 163 36 59
split_gain=0.0225836 0.0218373 0.0722514 0.0394818 0.0647649 0.0507031 0.056734 0.0433496 0.0401869 0.0379294 0.0383124
threshold=-381459.77678571426 -1.0000000180025095e-35 725000.00000000012 2.5650000000000004 0 1 -609928.84223345132 3.0650000000000004 1.0000000180025095e-35 69607.184417843877 24.416666666666668
decision_type=8 10 2 2 1 1 2 8 2 10 2
left_child=-1 2 -2 4 7 -5 -7 8 -3 10 -9
right_child=1 3 -4 5 -6 6 -8 9 -10 -11 -12
leaf_value=-0.00084525960554418468 9.0920291179668664e-05 0.0014108379726989148 0.001746461678643641 -0.00034180814155443493 -0.00071222681235469311 -0.00056383962194223253 0.0007387728981687752 -0.00055674946535789343 0.00023625936346080516 0.0001077967093978612 -0.0020436223283784166
leaf_weight=15.999999999999998 116 27 18 103 201 26 196 28 104 44 14.999999999999998
leaf_count=16 116 27 18 103 201 26 196 28 104 44 15
internal_value=-2.22846e-05 2.58019e-06 0.000385696 -6.95339e-05 -0.000292414 0.000209138 0.00049595 0.00010555 0.000509091 -0.00040168 -0.00105613
internal_weight=894 878 134 744 419 325 222 218 131 87 43
internal_count=894 878 134 744 419 325 222 218 131 87 43
cat_boundaries=0 1 2
cat_threshold=444373968 3545280
is_linear=0
shrinkage=0.0353657


Tree=339
num_leaves=12
num_cat=1
split_feature=47 51 1 47 53 55 17 22 134 79 95
split_gain=0.021668 0.0212614 0.0355446 0.0440805 0.0440115 0.0459607 0.0609432 0.0391617 0.059997 0.0326997 0.0389157
threshold=-381459.77678571426 0.81979612472879504 0 -159820.4859675788 52.500000000000007 28.833333333333339 416100.60870181414 1.6550000000000002 8.6805555555555571 -0.19562396393416673 -663435.57505322422
decision_type=8 2 1 8 10 2 10 10 2 2 2
left_child=-1 -2 3 -3 5 7 -7 8 -4 -6 -11
right_child=1 2 4 -5 9 6 -8 -9 -10 10 -12
leaf_value=-0.0008284423576239388 -0.00029756009799228756 0.00086444605405353102 0.00038803387923020235 -0.00029312695970254752 0.0006259482761123658 0.0026923975699342352 0.00094724041768200651 0.00097090121115861884 -0.0014671419560826676 0.00063074214252136949 -0.00044683000679604761
leaf_weight=15.999999999999998 201 22 19 297 67 17 43 26 17 31 138
leaf_count=16 201 22 19 297 67 17 43 26 17 31 138
internal_value=-2.23399e-05 1.98672e-06 9.69353e-05 -0.000159537 0.000328404 0.000841621 0.00147431 0.000294905 -0.000356017 7.08565e-05 -0.00018292
internal_weight=894 878 677 319 358 122 60 62 36 236 169
internal_count=894 878 677 319 358 122 60 62 36 236 169
cat_boundaries=0 1
cat_threshold=3778158182
is_linear=0
shrinkage=0.0353657


Tree=340
num_leaves=12
num_cat=1
split_feature=69 54 204 95 38 43 1 93 19 136 47
split_gain=0.0205701 0.0815655 0.038458 0.0322368 0.0278961 0.0340975 0.0376388 0.0442969 0.0439322 0.0500137 0.0437117
threshold=562775.60357142868 77.500000000000014 116.08093770000001 -622566.84521437774 891049.02708333347 848162.00739254651 0 692524.78958916909 338307.35714285722 850000.00000000012 4325.7800595237941
decision_type=10 10 2 2 2 2 1 2 10 2 8
left_child=4 2 -2 -3 5 6 7 -1 10 -10 -8
right_child=1 3 -4 -5 -6 -7 8 -9 9 -11 -12
leaf_value=-0.0010322052767252534 -0.00079055385491448962 0.0010605824503367688 -0.0021165692296252446 -4.6361259422405065e-05 0.00083737822593109139 -0.00064527502733640382 -0.0015148518608747638 -1.5452862725176922e-05 0.00044163285999716134 0.0017968253197036686 1.9048443487655137e-07
leaf_weight=39 62 29 17 52 30 65 13.999999999999998 311 231 14.999999999999998 29
leaf_count=39 62 29 17 52 30 65 14 311 231 15 29
internal_value=-2.04767e-05 -0.000359357 -0.00109065 0.000298088 5.61448e-05 9.51346e-06 8.83205e-05 -0.000146292 0.000370193 0.000573974 -0.000425952
internal_weight=894 160 79 81 734 704 639 350 289 246 43
internal_count=894 160 79 81 734 704 639 350 289 246 43
cat_boundaries=0 1
cat_threshold=2168331779
is_linear=0
shrinkage=0.0353657


Tree=341
num_leaves=12
num_cat=0
split_feature=81 88 77 51 77 236 5 76 78 60 76
split_gain=0.0189569 0.0212265 0.0501062 0.0404118 0.0398726 0.0359095 0.0529403 0.0647807 0.0427052 0.0534077 0.0345911
threshold=1.4842298860588341 206888.31704260656 0.6997620520625315 2.1304266957764217 0.69317837873518806 1.0000000180025095e-35 1.6550000000000002 -1.4999999999999998 1.3447627945338938 4.0333333333333341 -3.4999999999999996
decision_type=2 2 2 2 2 2 2 8 2 2 10
left_child=1 2 -1 5 -3 6 7 -4 9 -7 -8
right_child=-2 4 3 -5 -6 8 10 -9 -10 -11 -12
leaf_value=-0.0010416307672692514 -0.00079401761515264253 0.0013563791967102883 -0.0017350261683877523 0.00098951015096821805 0.00015730602247880483 -0.0010058199771873107 0.00088741607403328864 -6.7330448034296384e-05 -0.0012242914682718165 8.524980233914091e-05 0.00010789906439025282
leaf_weight=41 13.999999999999998 15.999999999999998 22 23 208 52 94 45 39 177 163
leaf_count=41 14 16 22 23 208 52 94 45 39 177 163
internal_value=-2.00508e-05 1.46407e-06 -9.65738e-05 -1.61103e-05 0.000285001 -7.53983e-05 0.000162363 -0.000578732 -0.000367662 -0.000195171 0.000396304
internal_weight=894 880 656 615 224 592 324 67 268 229 257
internal_count=894 880 656 615 224 592 324 67 268 229 257
is_linear=0
shrinkage=0.0353657


Tree=342
num_leaves=12
num_cat=0
split_feature=29 43 43 251 94 66 187 24 58 251 23
split_gain=0.0181175 0.0462591 0.0395364 0.0389684 0.0375773 0.0371872 0.0526923 0.0404433 0.0396547 0.0369276 0.0462488
threshold=575843.60159759677 721019.00740688143 832375.73767360835 63111921.794049256 -212732.68393343079 2.7795138888888893 1.0000000180025095e-35 2.6800000000000002 40.500000000000007 62286760.649206385 777737.07386363647
decision_type=2 2 2 2 2 10 2 10 10 2 10
left_child=3 4 -3 9 -2 6 -4 -8 -7 10 -1
right_child=1 2 5 -5 -6 8 7 -9 -10 -11 -12
leaf_value=7.1760043325565565e-05 -0.00029486272863156059 0.00058427596258303594 0.00043568530794659889 0.0011788886354987757 -0.0013280014850635758 0.00064543146701827217 -0.0015214138665517261 -0.00027057341239269847 -0.00044967845315394228 -0.00084455344564592809 0.0012491588473832029
leaf_weight=366 93 105 15.999999999999998 20 49 77 59 24 44 25 22
leaf_count=366 93 105 16 20 49 77 59 24 44 25 22
internal_value=-8.0558e-08 -0.000150301 6.72409e-05 0.000158839 -0.000645728 -0.000177035 -0.000646135 -0.00104208 0.000182756 8.28837e-05 0.000170238
internal_weight=900 467 325 433 142 220 99 83 121 413 388
internal_count=900 467 325 433 142 220 99 83 121 413 388
is_linear=0
shrinkage=0.0353657


Tree=343
num_leaves=12
num_cat=0
split_feature=17 43 46 27 66 19 46 196 47 190 5
split_gain=0.0179629 0.0342998 0.025629 0.0295584 0.0224109 0.0452826 0.120259 0.0759378 0.0340347 0.0338712 0.0328059
threshold=182272.66666666669 200173.01911913321 188402.89285714287 182954.45833333334 3.0286650286650292 406317.09375000006 343172.92142857151 9.1987179487179507 -37635.694659715686 1.0000000180025095e-35 2.8900000000000001
decision_type=8 2 2 10 8 8 2 2 10 2 2
left_child=-1 -2 3 -3 -4 8 7 -7 -6 -8 -10
right_child=1 2 4 -5 5 6 9 -9 10 -11 -12
leaf_value=0.00071574263612208741 -0.0010261014434899505 0.00023283319669984302 -0.00025027793202064407 0.0015005836346624287 0.00022342506701753954 0.0028003266616982887 -0.00025755266681873746 0.00073206512193453154 -0.0014300932132517738 0.00038311626553506689 -0.00019153836970365703
leaf_weight=18 17 24 337 18 18 27 184 15.999999999999998 49 178 13.999999999999998
leaf_count=18 17 24 337 18 18 27 184 16 49 178 14
internal_value=0 -2.443e-05 7.38365e-06 0.000683495 -3.46957e-05 0.000112917 0.000267874 0.0016767 -0.000546786 6.12496e-05 -0.000982157
internal_weight=900 882 865 42 823 486 405 43 81 362 63
internal_count=900 882 865 42 823 486 405 43 81 362 63
is_linear=0
shrinkage=0.0353657


Tree=344
num_leaves=12
num_cat=0
split_feature=78 72 61 65 59 31 63 21 87 53 5
split_gain=0.0172098 0.020677 0.0395144 0.0449073 0.0368907 0.0430718 0.0460178 0.0349995 0.0281139 0.0347812 0.0261025
threshold=1.7813649834093641 0.22361111111111112 33.123589743589754 2.1523947750362846 18.500000000000004 1.5850000000000002 45.678722165712209 1027484.403215832 1723275.8211111112 78.500000000000014 1.9100000000000004
decision_type=2 2 10 10 2 2 2 10 2 10 2
left_child=1 2 8 -4 5 -5 -7 -3 10 -10 -1
right_child=-2 7 3 4 -6 6 -8 -9 9 -11 -12
leaf_value=-0.00031921806785263976 -0.00065366505248866424 0.0010967250134939501 -0.0015580171274086291 -0.0009443882257746016 -0.0007559356711078917 -0.00034662127361159792 0.00081971472636156641 -0.00011139960223029671 0.0016101016461419894 0.00021841784853852617 0.0002126560076832048
leaf_weight=134 24 44 13.999999999999998 18 90 46 77 26 24 13.999999999999998 389
leaf_count=134 24 44 14 18 90 46 77 26 24 14 389
internal_value=0 2.73521e-05 -2.12122e-05 -0.000380149 -0.000265615 6.29138e-05 0.000328261 0.000528772 0.000136715 0.000862193 6.97773e-05
internal_weight=900 876 806 245 231 141 123 70 561 38 523
internal_count=900 876 806 245 231 141 123 70 561 38 523
is_linear=0
shrinkage=0.0353657


Tree=345
num_leaves=12
num_cat=0
split_feature=143 56 16 61 94 76 17 87 145 24 55
split_gain=0.0176928 0.0176378 0.0204918 0.0224014 0.0787516 0.0553694 0.0247881 0.0219502 0.0442772 0.0393575 0.0370087
threshold=0.052348919752864813 162.50000000000003 5.1250000000000009 0.77500000000000013 -212732.68393343079 -2.4999999999999996 413877.09027777787 428522.66666666669 8.9211538461538478 2.8500000000000001 40.833333333333336
decision_type=2 2 2 10 2 8 8 2 2 10 2
left_child=1 2 3 4 -1 -6 -7 8 -5 -10 -9
right_child=-2 -3 -4 7 5 6 -8 10 9 -11 -12
leaf_value=-0.00073789008212818267 0.00073677459007873538 0.00060885969719703297 -0.0007544467126940922 -0.00071044724610635828 -3.4441393820557102e-05 0.0012119544262204987 0.0023836117345696771 0.00050773203434560221 0.00053991298043493802 -0.00066525779802959232 -0.00013556845935232918
leaf_weight=23 14.999999999999998 28 26 153 14.999999999999998 40 15.999999999999998 135 81 25 343
leaf_count=23 15 28 26 153 15 40 16 135 81 25 343
internal_value=-9.72625e-08 -2.39693e-05 -5.51342e-05 -2.22914e-05 0.000433366 0.00101304 0.00155575 -8.8087e-05 -0.000340146 0.000140343 4.72315e-05
internal_weight=900 885 857 831 94 71 56 737 259 106 478
internal_count=900 885 857 831 94 71 56 737 259 106 478
is_linear=0
shrinkage=0.0353657


Tree=346
num_leaves=12
num_cat=0
split_feature=51 62 16 79 34 89 48 94 196 293 97
split_gain=0.0220406 0.0388144 0.0434669 0.0352869 0.0273672 0.0564463 0.0357737 0.0397511 0.0509785 0.0426059 0.0409391
threshold=0.83193653958857028 5.5568022440392717 2.7950000000000004 -0.80742770686234022 2.6300000000000003 -1.0000000180025095e-35 24531.142519545105 -4.964542999251091e-11 9.1987179487179507 10.451625717887053 4.5000000000000009
decision_type=2 10 2 2 2 8 8 2 2 10 2
left_child=1 2 3 -1 5 -2 -6 8 -8 -9 -10
right_child=4 -3 -4 -5 6 -7 7 9 10 -11 -12
leaf_value=0.00031780264321019035 0.0010107189276771318 3.9985748186050188e-05 -0.0017998553411286832 -0.00091927000142265618 0.0011323345480197047 -0.00021854088425071104 0.00047630928101382181 0.0016061928742190264 -0.0017592531119442268 0.00034606693463602885 -0.00039820916602338786
leaf_weight=24 28 126 22 41 39 363 56 23 14.999999999999998 94 69
leaf_count=24 28 126 22 41 39 363 56 23 15 94 69
internal_value=-8.06893e-07 -0.00029946 -0.000821745 -0.000454774 9.36793e-05 -9.06429e-05 0.000342576 0.000198776 -0.00017226 0.000631507 -0.000692959
internal_weight=900 213 87 65 687 391 296 257 140 117 84
internal_count=900 213 87 65 687 391 296 257 140 117 84
is_linear=0
shrinkage=0.0353657


Tree=347
num_leaves=12
num_cat=0
split_feature=51 77 77 73 61 63 44 36 63 59 43
split_gain=0.0208226 0.0301624 0.0428745 0.0352769 0.0469948 0.0561403 0.0440556 0.0322394 0.0331243 0.0416236 0.0285688
threshold=0.81979612472879504 0.93995391658803762 0.96699510900531471 0.024540800963565156 8.2761699507389181 2.369117647058824 140775.26187749067 183721.07679237056 58.568076999663027 11.833333333333334 736541.78231402545
decision_type=2 2 2 10 10 2 10 10 2 2 2
left_child=-1 3 -3 4 5 -2 -7 10 9 -9 -4
right_child=1 2 7 -5 -6 6 -8 8 -10 -11 -12
leaf_value=-0.00029755824533769624 0.00010277913026488764 -0.00084074001944839502 1.0759794713304124e-05 0.0013878242585126474 -0.00024919617984350102 0.0011023471970787522 0.0028054265539870895 0.00079216443532021774 -0.0013700482059077275 -0.00067277430477302833 0.00060949519730582233
leaf_weight=204 22 49 308 25 68 19 13.999999999999998 15.999999999999998 22 33 120
leaf_count=204 22 49 308 25 68 19 14 16 22 33 120
internal_value=0 8.95902e-05 -2.53625e-05 0.000505819 0.000291207 0.000914649 0.00172723 6.73358e-05 -0.000527144 -0.000154876 0.000185323
internal_weight=900 696 548 148 123 55 33 499 71 49 428
internal_count=900 696 548 148 123 55 33 499 71 49 428
is_linear=0
shrinkage=0.0353657


Tree=348
num_leaves=12
num_cat=0
split_feature=57 25 59 97 83 60 28 187 51 27 27
split_gain=0.0185977 0.0382743 0.0463625 0.0444945 0.0408416 0.0393763 0.0300748 0.0389569 0.0353444 0.0345071 0.0497423
threshold=10.500000000000002 955858.98410087731 6.166666666666667 35.500000000000007 1.2359835781116988 46.27380952380954 3.3950000000000005 23.000000000000004 1.6064308084180576 348029.47420634929 442331.98457482998
decision_type=8 8 2 2 2 2 10 2 2 8 8
left_child=1 5 4 -4 -3 -1 8 -8 9 -2 -11
right_child=6 2 3 -5 -6 -7 7 -9 -10 10 -12
leaf_value=0.00066975469833415152 0.00094649853808571448 0.00056509459812383316 -0.0019914833281834536 -0.00053237518431777586 -0.00092649524814202402 -0.00053752086116067824 -0.0011398653118894241 0.0001826170684119558 0.00086153607147591014 -0.0010993468343965826 7.5565458289067691e-05
leaf_weight=60 28 34 37 26 13.999999999999998 31 43 21 55 24 535
leaf_count=60 28 34 37 26 14 31 43 21 55 24 535
internal_value=-9.85287e-06 -0.000293272 -0.000710116 -0.00128604 -9.71471e-05 0.000158291 7.30151e-05 -0.000542603 0.000148341 6.76472e-05 1.60135e-06
internal_weight=908 202 111 63 48 91 706 64 642 587 559
internal_count=908 202 111 63 48 91 706 64 642 587 559
is_linear=0
shrinkage=0.0353657


Tree=349
num_leaves=12
num_cat=0
split_feature=51 83 76 12 48 95 136 69 69 40 36
split_gain=0.0167809 0.036997 0.0310343 0.0320919 0.029854 0.025887 0.0291894 0.024145 0.0450834 0.0320888 0.0523744
threshold=0.81979612472879504 0.72922799118554771 2.5000000000000004 0.6830127018922193 86824.141970297307 -155041.43394777275 1.0000000180025095e-35 827794.40111614938 577116.06756756769 105059.39566088612 77740.35471908997
decision_type=2 2 10 2 8 2 2 10 10 10 10
left_child=2 -2 5 4 -4 -1 -7 8 9 -3 -11
right_child=1 7 3 -5 -6 6 -8 -9 -10 10 -12
leaf_value=-0.00032112338648779932 0.0011230392981706866 -0.00010251092799059984 -4.1354857687612499e-05 -0.0017005801884442688 -0.0012493249896163231 -7.5597259762327196e-05 0.0011047454340624716 0.00073178934404154856 -0.00070742812032765449 0.0013687278748600634 0.00018176329761286682
leaf_weight=82 15.999999999999998 362 42 17 14.999999999999998 20 34 33 80 37 170
leaf_count=82 16 362 42 17 15 20 34 33 80 37 170
internal_value=-9.26817e-06 7.13892e-05 -0.000272451 -0.00078947 -0.000478108 -1.73356e-06 0.000521458 2.80436e-05 -1.92116e-05 8.7036e-05 0.000422116
internal_weight=908 698 210 74 57 136 54 682 649 569 207
internal_count=908 698 210 74 57 136 54 682 649 569 207
is_linear=0
shrinkage=0.0353657


Tree=350
num_leaves=12
num_cat=1
split_feature=57 57 66 93 56 63 63 62 62 3 1
split_gain=0.017712 0.0301976 0.0349359 0.0263781 0.0342934 0.0258283 0.0258759 0.0214877 0.0393018 0.0404718 0.0369906
threshold=10.500000000000002 5.5000000000000009 2.899275362318841 3148191.8809523811 3.5000000000000004 44.240001356668024 28.181721061674192 4.6644736842105265 1.892857142857143 7.5000000000000009 0
decision_type=8 10 10 2 2 2 2 8 10 2 1
left_child=1 2 3 5 -5 6 -1 8 -2 -10 -9
right_child=7 -3 -4 4 -6 -7 -8 10 9 -11 -12
leaf_value=-0.00079328268994942233 3.0664826683757422e-05 -0.00076260687825010197 0.00086720577222703786 0.001090619093216204 -0.00021554439847333058 -0.00019161277076634099 -0.0021521185500617229 0.00050514632515807022 -0.0019333065705214622 -0.00040281055149175062 -4.6342195795580627e-05
leaf_weight=15.000000000000002 95 81 25 14.999999999999998 37 14.999999999999998 13.999999999999998 215 20 22 354
leaf_count=15 95 81 25 15 37 15 14 215 20 22 354
internal_value=-8.88989e-06 -0.000285516 1.35659e-05 -0.000235371 0.000169102 -0.000773802 -0.00135015 7.19508e-05 -0.000289537 -0.00102676 0.000168685
internal_weight=908 202 121 96 52 44 29 706 137 42 569
internal_count=908 202 121 96 52 44 29 706 137 42 569
cat_boundaries=0 2
cat_threshold=102295064 1
is_linear=0
shrinkage=0.0353657


Tree=351
num_leaves=12
num_cat=1
split_feature=49 66 49 51 79 77 51 1 57 79 36
split_gain=0.0197772 0.0650389 0.0267061 0.044279 0.0570948 0.0263613 0.0253343 0.040646 0.0568173 0.0655887 0.0343755
threshold=-0.28490129605491304 2.6583333333333337 -0.17445229329325737 0.99999999995889721 -0.76056003639754666 0.72856073890727402 1.6622604545840358 0 11.500000000000002 -0.19562396393416673 52925.824156392227
decision_type=8 10 8 2 2 2 2 1 10 2 10
left_child=1 -1 3 4 5 -2 7 -4 -9 10 -10
right_child=2 -3 6 -5 -6 -7 -8 8 9 -11 -12
leaf_value=-0.0015476304213277684 0.00039222388432235859 0.00024306461997977539 0.00014602243049098514 0.001200655429357699 -0.00075047429957768828 0.0016760497391013773 0.00043644443941219535 -0.0011402833215004671 0.00062974815284575739 -0.00084713742273893541 -0.00026465871432497138
leaf_weight=26 14.000000000000002 24 322 47 37 13.999999999999998 94 76 101 86 67
leaf_count=26 14 24 322 47 37 14 94 76 101 86 67
internal_value=-7.75946e-06 -0.000567033 3.09191e-05 0.000492647 3.91866e-05 0.000835074 -4.256e-05 -0.000122496 -0.000384292 -0.000155783 0.000230192
internal_weight=908 50 858 112 65 28 746 652 330 254 168
internal_count=908 50 858 112 65 28 746 652 330 254 168
cat_boundaries=0 1
cat_threshold=2498799002
is_linear=0
shrinkage=0.0353657


Tree=352
num_leaves=12
num_cat=1
split_feature=51 89 282 16 1 58 77 40 93 7 173
split_gain=0.0158731 0.029753 0.0502228 0.0271417 0.0552793 0.0599158 0.0465162 0.0378934 0.0306243 0.0269669 0.0623269
threshold=0.81979612472879504 -4.4999999999999991 3.0000000000000004 2.5650000000000004 0 17.500000000000004 1.1494837995968694 180203.15956966853 3590564.7743893019 1.5000000000000002 0.035423293707475802
decision_type=2 8 2 2 1 8 2 8 2 2 2
left_child=9 2 -2 -3 7 -6 8 -5 -7 10 -1
right_child=1 3 -4 4 5 6 -8 -9 -10 -11 -12
leaf_value=-0.00019144753437370644 0.0019868404693384194 -0.00017643933337362704 0.00023671421582137077 -8.8077017445992002e-05 0.0017829263147913434 0.0013376795232307773 -0.00031809118999164839 -0.0013161214002298791 0.00035523947820909567 -2.5200639942842342e-05 -0.0018472082598775085
leaf_weight=39 14 366 15 88 24 48 53 18 72 147 24
leaf_count=39 14 366 15 88 24 48 53 18 72 147 24
internal_value=-7.66662e-06 7.07475e-05 0.000884947 2.08971e-05 0.000259599 0.000585552 0.000398311 -0.000301633 0.000743957 -0.000263683 -0.000793604
internal_weight=908 698 29 669 303 197 173 106 120 210 63
internal_count=908 698 29 669 303 197 173 106 120 210 63
cat_boundaries=0 1
cat_threshold=2496848
is_linear=0
shrinkage=0.0353657


Tree=353
num_leaves=12
num_cat=1
split_feature=57 16 26 190 25 28 251 51 27 1 22
split_gain=0.0156434 0.036713 0.0406925 0.0290193 0.0296766 0.0275878 0.0342055 0.032246 0.0334831 0.0514868 0.04366
threshold=10.500000000000002 2.2050000000000005 2.0350000000000006 1.0000000180025095e-35 980807.30721966212 3.3950000000000005 59367726.143924482 1.6064308084180576 348029.47420634929 0 3.3950000000000005
decision_type=8 2 8 2 8 10 2 2 8 1 8
left_child=1 -1 -3 4 -4 7 -7 8 -2 -10 -11
right_child=5 2 3 -5 -6 6 -8 -9 9 10 -12
leaf_value=0.00021380131262075058 0.00092910831385055296 0.00010830645924978594 -0.0011791028637959935 -0.00066961102298761926 -0.0026454164750521324 0.00022633251767084533 -0.0010349695536073056 0.00082180993134459059 -0.00038228973843807828 1.4142071927229553e-05 0.00079672188635375625
leaf_weight=82 28 32 15.000000000000002 59 13.999999999999998 17 47 55 226 221 112
leaf_count=82 28 32 15 59 14 17 47 55 226 221 112
internal_value=-7.49376e-06 -0.000267546 -0.000644407 -0.0010361 -0.0017557 6.84007e-05 -0.000521171 0.000140554 6.33855e-05 1.37548e-06 0.0002662
internal_weight=908 202 120 88 29 706 64 642 587 559 333
internal_count=908 202 120 88 29 706 64 642 587 559 333
cat_boundaries=0 1
cat_threshold=1249450177
is_linear=0
shrinkage=0.0353657


Tree=354
num_leaves=12
num_cat=0
split_feature=78 51 77 92 43 46 43 280 62 251 94
split_gain=0.0266185 0.03584 0.0240753 0.0336369 0.0224784 0.0471864 0.0226652 0.0197065 0.0309979 0.0196324 0.0178678
threshold=1.7813649834093641 2.1304266957764217 1.2369935285722475 271677.35142663907 1274531.5863283335 780856.99702380958 929067.30693313631 0.0094436763601941 54.363526570048315 61557653.075478017 644128.30576748203
decision_type=2 2 2 2 2 2 2 2 10 2 2
left_child=1 2 3 4 5 6 -1 8 10 -7 -4
right_child=-2 -3 7 -5 -6 9 -8 -9 -10 -11 -12
leaf_value=4.0568793939057539e-05 -0.00083850025040081797 0.0010034801668021866 -0.00078101870840889304 0.0010889240282306021 -0.00073870109547840462 0.0016742001211434527 -0.00066163425352959361 -6.907509300625485e-05 -7.617117510944665e-06 0.00051662356355367369 -0.0017495093430947295
leaf_weight=615 23 20 34 13.999999999999998 22 23 38 62 15.999999999999998 13.999999999999998 25
leaf_count=615 23 20 34 14 22 23 38 62 16 14 25
internal_value=-1.55377e-05 1.56215e-05 -1.9091e-05 5.89648e-05 2.10638e-05 5.93588e-05 -8.58392e-06 -0.000416009 -0.000781755 0.00100909 -0.00117045
internal_weight=906 883 863 726 712 690 653 137 75 37 59
internal_count=906 883 863 726 712 690 653 137 75 37 59
is_linear=0
shrinkage=0.0353657


Tree=355
num_leaves=12
num_cat=1
split_feature=78 51 40 77 294 43 63 294 63 1 53
split_gain=0.0254315 0.0342506 0.0232964 0.019588 0.0254106 0.0311725 0.0279319 0.0234892 0.0225104 0.0214377 0.035412
threshold=1.7813649834093641 2.1304266957764217 368101.25179764454 1.260660963913079 11.945051107088629 426667.66052223794 98.224187134116207 12.535705607309337 51.862570324335032 0 3.5000000000000004
decision_type=2 2 10 2 10 2 2 10 2 1 10
left_child=1 2 3 7 5 -5 8 9 -6 10 -1
right_child=-2 -3 -4 4 6 -7 -8 -9 -10 -11 -12
leaf_value=0.00070124772612739162 -0.00081883167693619157 0.00098173189014775456 0.00078508369123835161 -0.00041755621266493793 -0.00073599519774775744 0.00086386224940371 -3.9816180473625003e-05 -0.00063863651980893346 -0.0017919824877759625 0.0002551613269369524 -0.00025163443189959837
leaf_weight=32 23 20 19 25 38 19 13.999999999999998 39 25 347 305
leaf_count=32 23 20 19 25 38 19 14 39 25 347 305
internal_value=-1.43912e-05 1.60358e-05 -1.78668e-05 -4.9237e-05 -0.0004292 6.10105e-05 -0.000804948 1.74822e-05 -0.00115098 6.88669e-05 -0.000121231
internal_weight=906 883 863 844 121 44 77 723 63 684 337
internal_count=906 883 863 844 121 44 77 723 63 684 337
cat_boundaries=0 1
cat_threshold=2205943746
is_linear=0
shrinkage=0.0353657


Tree=356
num_leaves=12
num_cat=1
split_feature=78 51 91 51 23 251 22 1 5 102 60
split_gain=0.0243188 0.0327083 0.0205708 0.0241392 0.0525212 0.0300726 0.0564039 0.0396261 0.0356648 0.0263622 0.0254191
threshold=1.7813649834093641 2.1304266957764217 1.2369935285722475 1.3814499393033222 777737.07386363647 60431122.849249668 1.2900000000000003 0 3.1600000000000006 24.500000000000004 11.263546798029559
decision_type=2 2 2 2 10 2 10 1 2 2 2
left_child=1 2 3 5 -5 7 -7 10 -9 -8 -1
right_child=-2 -3 -4 4 -6 6 9 8 -10 -11 -12
leaf_value=9.3430814470851268e-05 -0.00079943817689863037 0.00096066340236290358 -0.00038311967042428788 7.5851831237994075e-05 0.0016455351996666886 -0.0016733514721721109 9.2542365333100031e-05 0.00028762099974269796 0.001296204557654051 -0.000719169292101633 -0.00059105604783651997
leaf_weight=118 23 20 137 32 22 13.999999999999998 110 249 28 53 100
leaf_count=118 23 20 137 32 22 14 110 249 28 53 100
internal_value=-1.27397e-05 1.69858e-05 -1.61118e-05 5.59194e-05 0.000651702 1.01311e-06 -0.000371797 0.000136686 0.000402096 -0.000195225 -0.000192822
internal_weight=906 883 863 726 54 672 177 495 277 163 218
internal_count=906 883 863 726 54 672 177 495 277 163 218
cat_boundaries=0 1
cat_threshold=56270272
is_linear=0
shrinkage=0.0353657


Tree=357
num_leaves=12
num_cat=1
split_feature=90 94 94 84 1 3 294 41 71 94 70
split_gain=0.0182103 0.0436826 0.0522022 0.0292665 0.0269754 0.0391084 0.0355931 0.0496847 0.0462064 0.0374389 0.0347467
threshold=0.98466755105252701 290436.67013888893 -141711.27965244497 0.15401093203866187 0 10.500000000000002 10.468421259512207 780929.733391813 233177.51314814822 -8.0582107183586781e-11 709832.21031746047
decision_type=8 2 2 10 1 2 8 2 2 2 8
left_child=1 2 -1 -4 6 10 9 8 -8 -2 -6
right_child=4 -3 3 -5 5 -7 7 -9 -10 -11 -12
leaf_value=0.00017425750405786186 0.0012444920325534706 -0.00049172672988892073 0.00075824086353139275 0.0020997090582679252 -0.00010033142012185176 -0.00057589628352211117 -0.00069379858738195604 -7.3016726353260518e-05 -0.0019887814423703632 -0.00017952525160791426 0.00050472182934752834
leaf_weight=91 18 39 15.999999999999998 28 213 77 78 87 30 22 207
leaf_count=91 18 39 16 28 213 77 78 87 30 22 207
internal_value=-1.25615e-05 0.000290071 0.000596512 0.00141616 -8.99974e-05 5.31601e-05 -0.000379942 -0.00060242 -0.00107263 0.000333072 0.000191487
internal_weight=906 174 135 44 732 497 235 195 108 40 420
internal_count=906 174 135 44 732 497 235 195 108 40 420
cat_boundaries=0 1
cat_threshold=1762793733
is_linear=0
shrinkage=0.0353657


Tree=358
num_leaves=12
num_cat=0
split_feature=78 51 293 84 20 89 90 219 66 20 54
split_gain=0.0229626 0.0317362 0.0217278 0.0275796 0.049075 0.0420642 0.0344909 0.0358779 0.0287308 0.0429564 0.046714
threshold=1.7813649834093641 2.1304266957764217 12.816114613500948 0.21585093606256586 2.1250000000000004 -1.0000000180025095e-35 1.1365237054258455 22.500000000000004 2.9920634920634925 2.0350000000000006 140.50000000000003
decision_type=2 2 10 10 10 10 10 2 10 10 10
left_child=1 2 3 8 5 -5 7 -6 -1 10 -10
right_child=-2 -3 -4 4 6 -7 -8 -9 9 -11 -12
leaf_value=-3.3490149014642009e-05 -0.00077719547209119833 0.0009456715743715805 0.00075893182428791246 3.4334176656199699e-05 -0.00016673556923518603 -0.0012089902955661519 -0.00085766138335088675 0.00083631558329321561 0.00210872944328312 0.0001097276116358994 0.00053910211782599361
leaf_weight=470 23 20 19 21 67 92 18 59 26 74 17
leaf_count=470 23 20 19 21 67 92 18 59 26 74 17
internal_value=-1.27444e-05 1.61015e-05 -1.64864e-05 -4.68281e-05 -0.000339852 -0.000852555 4.01163e-05 0.000280264 8.21868e-05 0.000535317 0.00127822
internal_weight=906 883 863 844 257 113 144 126 587 117 43
internal_count=906 883 863 844 257 113 144 126 587 117 43
is_linear=0
shrinkage=0.0353657


Tree=359
num_leaves=12
num_cat=0
split_feature=78 51 293 84 22 54 66 45 84 28 81
split_gain=0.0219246 0.0303449 0.0208057 0.025673 0.04145 0.041158 0.0338636 0.024318 0.0226894 0.0376248 0.0211466
threshold=1.7813649834093641 2.1304266957764217 12.816114613500948 0.21585093606256586 1.5600000000000003 82.500000000000014 2.9920634920634925 858236.09617647075 0.19371500263998262 2.2050000000000005 1.0237510336669502
decision_type=2 2 10 10 10 10 10 2 10 10 2
left_child=1 2 3 8 7 6 -6 -5 10 -10 -1
right_child=-2 -3 -4 4 5 -7 -8 -9 9 -11 -12
leaf_value=0.00014052274414487389 -0.00075911917443938269 0.00092500083996681359 0.00074296136943063787 -0.00070848112434808083 0.00042540448143995772 -0.00085802526441879578 -0.00053337449368799758 -0.0019002112601078874 7.1670334574775875e-06 0.0011312202835713509 -0.00032444969793683748
leaf_weight=331 23 20 19 26 121 49 42 19 46 49 161
leaf_count=331 23 20 19 26 121 49 42 19 46 49 161
internal_value=-1.21221e-05 1.60339e-05 -1.58013e-05 -4.55215e-05 -0.000328269 -0.000135532 0.000123978 -0.00112136 7.88879e-05 0.000526636 -1.0947e-05
internal_weight=906 883 863 844 257 212 163 45 587 95 492
internal_count=906 883 863 844 257 212 163 45 587 95 492
is_linear=0
shrinkage=0.0353657


Tree=360
num_leaves=12
num_cat=1
split_feature=280 28 60 1 16 90 60 180 69 51 91
split_gain=0.0161383 0.0411531 0.033648 0.0180265 0.0326866 0.0356682 0.0307991 0.0526922 0.0270883 0.0248362 0.0366843
threshold=0.030668064915636405 3.0650000000000004 4.258012820512822 0 0.89500000000000013 1.0134139429704525 57.81818181818182 2.5000000000000004 342154.87012987019 1.4154786483280148 1.3512471265729835
decision_type=2 10 2 1 2 8 2 2 8 2 2
left_child=3 2 -2 6 5 -5 7 8 -1 -6 -11
right_child=1 -3 -4 4 9 -7 -8 -9 -10 10 -12
leaf_value=-0.0019085762039990702 0.00067381476970593528 -0.0015038822980790721 -0.00065276566041355948 0.00031492220463641462 -3.7779389903728097e-05 0.0017172474189336626 0.00064598122072530826 -7.0074630347339477e-05 -0.00064373252359751088 0.0010325022970338713 4.805959381027101e-05
leaf_weight=27 21 13.999999999999998 25 14.999999999999998 461 23 20 154 19 62 73
leaf_count=27 21 14 25 15 461 23 20 154 19 62 73
internal_value=8.9352e-06 -0.000460772 -9.78323e-05 4.96085e-05 0.000144537 0.000930577 -0.000203865 -0.000364373 -0.0012159 8.17363e-05 0.000468661
internal_weight=914 60 46 854 634 38 220 200 46 596 135
internal_count=914 60 46 854 634 38 220 200 46 596 135
cat_boundaries=0 1
cat_threshold=3106736128
is_linear=0
shrinkage=0.0353657


Tree=361
num_leaves=12
num_cat=1
split_feature=51 81 94 73 47 0 84 20 12 21 21
split_gain=0.0170478 0.0321866 0.0290209 0.0360074 0.0259022 0.0215436 0.0848802 0.0638955 0.0410122 0.0405849 0.0404066
threshold=1.6622604545840358 1.1539925872056556 971890.61110873276 0.24621212121212124 60255.361713927712 0 0.50766268691159178 1.2900000000000003 0.6830127018922193 1239225.3688725494 672611.86720779224
decision_type=2 2 2 10 10 1 8 10 2 8 10
left_child=2 -2 5 -4 -3 6 7 -1 9 -9 -10
right_child=1 4 3 -5 -6 -7 -8 8 10 -11 -12
leaf_value=-0.00093395561210819951 0.0012211547722095213 0.00082849583955646575 -0.0015697171252097551 -0.00014350009440446896 -0.00025687857371045972 -9.8971552350589988e-05 0.0019060979594615489 0.00047138431994813644 0.0022608222413770256 -0.0007202142098973514 0.00065038388791752296
leaf_weight=34 24 17 23 13.999999999999998 55 592 13.999999999999998 78 14.999999999999998 29 19
leaf_count=34 24 17 23 14 55 592 14 78 15 29 19
internal_value=8.56878e-06 0.000406748 -4.19247e-05 -0.00079035 9.94043e-05 2.33191e-06 0.000304124 0.000109124 0.000416903 0.000116042 0.00124679
internal_weight=914 96 818 37 72 781 189 175 141 107 34
internal_count=914 96 818 37 72 781 189 175 141 107 34
cat_boundaries=0 1
cat_threshold=548
is_linear=0
shrinkage=0.0353657


Tree=362
num_leaves=12
num_cat=0
split_feature=212 93 84 95 48 64 180 93 90 84 16
split_gain=0.0159499 0.0480392 0.0497128 0.0399759 0.0511809 0.0298783 0.0342892 0.0289468 0.0201827 0.0269841 0.0388582
threshold=0.052611353891074512 692524.78958916909 0.36740868436022794 340117.84202146385 81504.676730225983 2.7130750605326881 1.5000000000000002 587726.75000000012 1.2147206346767374 0.50766268691159178 3.5350000000000006
decision_type=2 2 8 2 10 2 2 2 10 8 2
left_child=7 -2 3 4 5 6 -3 -1 9 -9 -11
right_child=1 2 -4 -5 -6 -7 -8 8 -10 10 -12
leaf_value=0.00097078368440167749 -0.0012470347331164074 0.0019789884080600446 -0.0012075940146269242 -0.00064674470282098651 -0.00059502147593009063 0.00010765626876567797 0.00073946242588883502 -9.6343451958137266e-05 0.00045917199830999513 0.0016716015474771938 0.00017503030857330914
leaf_weight=21 27 18 17 39 26 38 67 525 103 14.999999999999998 18
leaf_count=21 27 18 17 39 26 38 67 525 103 15 18
internal_value=8.96954e-06 -0.000230295 -5.40058e-05 0.000119989 0.000385169 0.000696541 0.00105356 9.49558e-05 5.12686e-05 -3.00444e-05 0.000705383
internal_weight=914 232 205 188 149 123 85 682 661 558 33
internal_count=914 232 205 188 149 123 85 682 661 558 33
is_linear=0
shrinkage=0.0353657


Tree=363
num_leaves=12
num_cat=0
split_feature=51 81 78 47 80 29 66 84 87 29 58
split_gain=0.0162216 0.0305519 0.0288004 0.0381135 0.0343637 0.0286351 0.0370056 0.0267112 0.0685456 0.0524414 0.0267306
threshold=1.6622604545840358 1.1539925872056556 0.95230150588944495 -10568.349999999989 669545.00000000012 532816.74722222227 2.6693989071038255 0.21585093606256586 428522.66666666669 475376.73500000004 23.500000000000004
decision_type=2 2 2 10 2 2 8 10 2 2 8
left_child=2 -2 4 5 -1 6 -4 -6 -9 -10 -11
right_child=1 -3 3 -5 7 -7 -8 8 9 10 -12
leaf_value=-0.00090106826209434708 0.0011894188251271279 9.6122328229197428e-05 6.7992123268038892e-05 -0.00057537014335375895 0.0003668392208713409 -0.0001801927796201531 0.001437895490896272 -0.0011948579043885945 0.0013148322712117206 -0.00093561179829697847 0.00011877119194773813
leaf_weight=13.999999999999998 24 72 18 208 320 74 29 38 20 14.999999999999998 82
leaf_count=14 24 72 18 208 320 74 29 38 20 15 82
internal_value=7.43383e-06 0.00039589 -4.17904e-05 -0.000290268 0.000123721 0.000148433 0.000738765 0.000185968 -0.000161208 0.000198593 -7.99443e-05
internal_weight=914 96 818 329 489 121 47 475 155 117 97
internal_count=914 96 818 329 489 121 47 475 155 117 97
is_linear=0
shrinkage=0.0353657


Tree=364
num_leaves=12
num_cat=0
split_feature=280 28 124 25 52 83 15 46 69 62 116
split_gain=0.0152538 0.0383104 0.0311322 0.0228259 0.0301546 0.0275828 0.0272682 0.0243338 0.0220866 0.020374 0.0287575
threshold=0.030668064915636405 3.0650000000000004 0.029068829553547056 187561.27211538461 6.5000000000000009 0.99999999995571598 218182.10000000003 236754.26785714287 46474.916666666679 4.6644736842105265 0.096171240981052217
decision_type=2 10 2 8 2 2 2 2 10 8 2
left_child=3 2 -2 -1 5 8 -6 -8 -5 -9 -11
right_child=1 -3 -4 4 6 -7 7 9 -10 10 -12
leaf_value=0.00088463276871586082 0.00047287985409500392 -0.0014572427207849208 -0.00082796212629035655 -0.0020634539017747285 0.00092052228793314771 -0.00016777219311976758 -0.00067259468937398909 -0.0003784633603310817 -0.00079665609303740295 9.3445704400254079e-05 0.00090787575211537198
leaf_weight=14.999999999999998 31 13.999999999999998 14.999999999999998 14.000000000000002 22 33 32 79 14.999999999999998 609 35
leaf_count=15 31 14 15 14 22 33 32 79 15 609 35
internal_value=6.39881e-06 -0.000450283 -9.56051e-05 4.59836e-05 1.81229e-05 -0.00061428 7.88498e-05 4.04956e-05 -0.00128631 8.45778e-05 0.000151764
internal_weight=914 60 46 854 839 62 777 755 29 723 644
internal_count=914 60 46 854 839 62 777 755 29 723 644
is_linear=0
shrinkage=0.0353657


Tree=365
num_leaves=12
num_cat=1
split_feature=51 81 77 49 1 17 16 55 84 62 5
split_gain=0.0151679 0.0289324 0.0271455 0.028594 0.0313373 0.0666609 0.0683266 0.0282493 0.0272289 0.035918 0.0289539
threshold=1.6622604545840358 1.1539925872056556 1.2274777811593822 0.35909984553748847 0 416100.60870181414 2.6300000000000003 111.16666666666667 0.20801273384824046 5.169540229885059 2.7950000000000004
decision_type=2 2 2 10 1 10 2 2 10 8 2
left_child=2 -2 3 4 5 -1 -7 -4 10 -10 -6
right_child=1 -3 7 -5 8 6 -8 -9 9 -11 -12
leaf_value=0.0019229192229412919 0.0011537805475551771 8.9512172809854621e-05 -0.0010077097706098542 -0.00077883578356670161 0.00032725225609445905 -0.0004766248900507675 0.0010452068780875362 -4.8204803312838274e-05 -0.0011333006064223696 -0.00011946447658884042 -0.00024129617480242159
leaf_weight=15.999999999999998 24 72 58 27 272 50 47 42 41 112 153
leaf_count=16 24 72 58 27 272 50 47 42 41 112 153
internal_value=6.15708e-06 0.000381843 -4.14003e-05 3.14402e-05 7.98629e-05 0.000544242 0.000282114 -0.000530948 -2.52804e-05 -0.000404447 0.000111671
internal_weight=914 96 818 718 691 113 97 100 578 153 425
internal_count=914 96 818 718 691 113 97 100 578 153 425
cat_boundaries=0 2
cat_threshold=1140858916 1
is_linear=0
shrinkage=0.0353657


Tree=366
num_leaves=12
num_cat=0
split_feature=51 76 53 201 33 213 95 29 5 43 69
split_gain=0.0187297 0.0226291 0.0222507 0.04284 0.0455024 0.0407981 0.0390854 0.0380413 0.0373037 0.0341697 0.033843
threshold=0.50555523414753989 1.0000000180025095e-35 52.500000000000007 1.5000000000000002 0.23500000000000001 9.1500000000000004 1.4628193850009433e-11 372178.17886904773 1.8550000000000002 715340.00000000012 37711.216666666674
decision_type=2 10 8 2 2 2 2 2 2 2 10
left_child=1 -1 3 -2 6 -4 8 10 -5 -9 -8
right_child=2 -3 5 4 -6 -7 7 9 -10 -11 -12
leaf_value=-0.00012037667295845068 0.0013545120333609943 -0.0012135044970091437 -2.3478026791394486e-06 -0.00094535350599962015 -0.00039085183864639029 -0.0010525381151256217 0.00079469438638542331 -0.00017554217603558492 0.00024229014878906805 0.00097911455021701312 0.0021929508153732649
leaf_weight=19 19 21 488 18 98 26 18 39 107 37 30
leaf_count=19 19 21 488 18 98 26 18 39 107 37 30
internal_value=3.23768e-05 -0.000552811 6.8119e-05 0.000273259 0.000182441 -7.61613e-05 0.000424973 0.00084205 3.83514e-05 0.000428922 0.00151191
internal_weight=920 40 880 366 347 514 249 124 125 76 48
internal_count=920 40 880 366 347 514 249 124 125 76 48
is_linear=0
shrinkage=0.0353657


Tree=367
num_leaves=12
num_cat=1
split_feature=82 82 84 58 39 82 84 1 40 95 46
split_gain=0.0151682 0.0477546 0.0302503 0.0460312 0.0399472 0.0311642 0.021836 0.0273682 0.0370268 0.0332274 0.0271372
threshold=-386029.63765281782 -301890.12533286435 0.34209817028860062 25.500000000000004 573721.34356060612 -212663.78635947863 0.14383344039545179 0 77208.836375101106 -92148.123152709362 178811.10683760684
decision_type=2 2 10 10 2 2 8 1 8 2 2
left_child=-1 -2 5 4 -4 -3 10 9 -9 -8 -7
right_child=1 2 3 -5 -6 6 7 8 -10 -11 -12
leaf_value=-0.00065055716793922282 0.0011421942033817062 -0.00080105365455381884 -0.00088385193091278084 -0.001668592827680224 0.0005690641168013147 0.00052762792973150025 0.00040854365742666246 0.0013610595604886188 0.00033856828992675922 -0.00039596179033114207 -0.00028123480030332144
leaf_weight=14.999999999999998 24 25 21 18 24 39 85 28 272 129 240
leaf_count=15 24 25 21 18 24 39 85 28 272 129 240
internal_value=3.04727e-05 5.21565e-05 6.66641e-06 -0.000624466 -0.000186341 6.47779e-05 0.000107409 0.000242516 0.000447669 -4.51396e-05 -0.000130611
internal_weight=920 905 881 63 45 818 793 514 300 214 279
internal_count=920 905 881 63 45 818 793 514 300 214 279
cat_boundaries=0 1
cat_threshold=1911075
is_linear=0
shrinkage=0.0353657


Tree=368
num_leaves=12
num_cat=1
split_feature=51 78 91 63 92 18 63 21 161 1 48
split_gain=0.0164301 0.0284988 0.0171337 0.05347 0.0294679 0.0268582 0.0450628 0.0403511 0.0264258 0.0251691 0.0463886
threshold=0.50555523414753989 0.65259253755453972 0.74971483666661254 9.0816491625315177 -120057.29064873482 1.6550000000000002 12.487873823269366 357694.01157105615 1.0000000180025095e-35 0 36797.9730392157
decision_type=2 2 2 2 2 8 2 10 2 1 8
left_child=1 -1 3 -2 -4 6 7 -6 -8 -7 -11
right_child=2 -3 4 -5 5 9 8 -9 -10 10 -12
leaf_value=-8.4709164903998122e-05 0.001558023030703791 -0.0013141950738310363 -0.00061598561932605603 -1.7078246909098766e-05 0.00058162559356370665 0.00028220028949468677 0.0020949321195413086 -0.00083715413001657834 0.00087456150282844115 0.00049797368110386468 -0.00033007326394245422
leaf_weight=23 22 17 59 34 27 224 14.999999999999998 23 35 83 358
leaf_count=23 22 17 59 34 27 224 15 23 35 83 358
internal_value=2.93342e-05 -0.000518651 6.28919e-05 0.000561705 2.11233e-05 8.05575e-05 0.000564766 1.73899e-05 0.00122811 1.47457e-06 -0.000150469
internal_weight=920 40 880 56 824 765 100 50 50 665 441
internal_count=920 40 880 56 824 765 100 50 50 665 441
cat_boundaries=0 1
cat_threshold=386475034
is_linear=0
shrinkage=0.0353657


Tree=369
num_leaves=12
num_cat=0
split_feature=61 22 84 65 61 77 49 81 41 70 93
split_gain=0.0174712 0.0447943 0.0360208 0.026956 0.0467136 0.0441689 0.02531 0.0244912 0.0231012 0.0526951 0.0510149
threshold=1.2426470588235297 1.7750000000000001 0.14694380357167031 2.1523947750362846 32.67004504504505 1.000274288120435 -0.082772072390539644 1.0264451689544474 475376.73500000004 191109.55232558143 3063033.8000000003
decision_type=8 10 10 8 10 2 10 2 2 8 2
left_child=1 2 -1 4 5 6 -2 -7 10 -10 -5
right_child=3 -3 -4 8 -6 7 -8 -9 9 -11 -12
leaf_value=0.0005770037472332014 -0.00042870495424399862 1.0788196852906267e-05 0.0020048913218321664 0.0010652991783421449 -0.001644498676690987 0.0011965799353131413 -0.0016282999127068345 5.2255738957689676e-05 -0.00098444971372501646 4.8615066462728524e-05 -0.00025966038068081558
leaf_weight=25 13.999999999999998 96 20 62 17 17 19 22 44 548 36
leaf_count=25 14 96 20 62 17 17 19 22 44 548 36
internal_value=2.86451e-05 0.000363231 0.00112257 -3.46512e-05 -0.000548104 -0.000227014 -0.000912745 0.000432148 3.65995e-05 -4.22637e-05 0.000487516
internal_weight=920 141 45 779 89 72 33 39 690 592 98
internal_count=920 141 45 779 89 72 33 39 690 592 98
is_linear=0
shrinkage=0.0353657


Tree=370
num_leaves=12
num_cat=1
split_feature=61 22 84 65 61 77 213 15 65 94 1
split_gain=0.0163405 0.0420733 0.0343938 0.0254006 0.0446449 0.041344 0.0319742 0.0417053 0.0301823 0.0280918 0.0472939
threshold=1.2426470588235297 1.7750000000000001 0.14694380357167031 2.1523947750362846 32.67004504504505 1.000274288120435 9.1500000000000004 286772.75000000006 3.2565789473684217 -314598.59821428556 0
decision_type=8 10 10 8 10 2 2 2 8 2 1
left_child=1 2 -1 4 5 -2 7 -5 -8 -9 -11
right_child=3 -3 -4 6 -6 -7 8 9 -10 10 -12
leaf_value=0.00055129661457978664 -0.00088159381845916238 8.9665968866259342e-06 0.0019471941184225649 0.0011414948430460274 -0.0016044781772208813 0.0004194588492224267 -0.00029837169207028164 0.0003776653388180253 -0.0016122082472306977 -0.00045999303220994431 0.0002154226840119394
leaf_weight=25 33 96 20 21 17 39 15.999999999999998 189 17 216 231
leaf_count=25 33 96 20 21 17 39 16 189 17 216 231
internal_value=2.66393e-05 0.00035026 0.00108618 -3.45316e-05 -0.000532951 -0.000218315 3.45863e-05 9.24284e-05 -0.000772243 3.75949e-05 -0.000110288
internal_weight=920 141 45 779 89 72 690 657 33 636 447
internal_count=920 141 45 779 89 72 690 657 33 636 447
cat_boundaries=0 1
cat_threshold=1698119687
is_linear=0
shrinkage=0.0353657


Tree=371
num_leaves=12
num_cat=1
split_feature=61 31 68 15 61 61 1 75 44 84 33
split_gain=0.0152075 0.0447944 0.022504 0.0266735 0.0388357 0.0222617 0.0215958 0.0650193 0.0403222 0.0249441 0.0214568
threshold=1.2426470588235297 1.7750000000000001 37711.216666666674 270363.52335858595 1.8708333333333336 0.44155844155844154 0 0.03069177380816929 153055.59769062151 0.50766268691159178 -1.5849999999999997
decision_type=8 2 2 2 8 10 1 2 10 8 2
left_child=1 5 -2 -4 -5 -1 7 8 -6 10 -8
right_child=2 -3 3 4 6 -7 9 -9 -10 -11 -12
leaf_value=0.00079666295182408045 -0.00083377049183275969 5.2009454791725462e-05 0.00076873629078001281 -0.0010468977691809964 -0.00057200186162243718 0.0020796766987335696 0.00055748207090812246 -0.0015677862408715285 0.00069454221139277951 0.00086771041547986378 -3.6463191340800863e-05
leaf_weight=14.000000000000002 18 112 29 22 41 14.999999999999998 63 25 35 24 522
leaf_count=14 18 112 29 22 41 15 63 25 35 24 522
internal_value=2.55956e-05 0.000337821 -3.33666e-05 -1.25686e-06 -4.5201e-05 0.00126038 3.78307e-08 -0.000404373 -3.41907e-05 8.26743e-05 3.59057e-05
internal_weight=920 141 779 761 732 29 710 101 76 609 585
internal_count=920 141 779 761 732 29 710 101 76 609 585
cat_boundaries=0 2
cat_threshold=18219009 1
is_linear=0
shrinkage=0.0353657


Tree=372
num_leaves=12
num_cat=0
split_feature=69 58 167 58 70 41 22 49 83 94 67
split_gain=0.016353 0.0435883 0.0473504 0.0242138 0.0194718 0.0274308 0.0460898 0.0318974 0.0355043 0.0320995 0.0251067
threshold=562775.60357142868 44.500000000000007 9.5000000000000018 89.000000000000014 641345.34375000012 951580.45000000007 4.6500000000000012 -0.17732236959584893 0.84776100549552591 -212732.68393343079 2.2282354529073154
decision_type=10 8 2 8 10 2 8 8 2 2 2
left_child=4 2 -2 -3 5 7 10 -1 9 -9 -7
right_child=1 3 -4 -5 -6 6 -8 8 -10 -11 -12
leaf_value=0.00061225033744633753 -0.00052431044030290172 -0.0015806960430634748 0.00078921165508321147 -0.00052317015517277079 -0.00061865694235972029 0.0010481673849288716 0.0015061185672294636 -0.00043411311125261137 -2.7712354567921309e-06 -0.0017612371251904946 8.1784073058769634e-05
leaf_weight=68 38 25 50 44 22 19 24 32 437 15.999999999999998 134
leaf_count=68 38 25 50 44 22 19 24 32 437 16 134
internal_value=1.65372e-05 -0.000286828 0.000144029 -0.000879609 8.5379e-05 0.000120811 0.000480089 2.64946e-06 -0.000100439 -0.000842397 0.000273771
internal_weight=909 157 88 69 752 730 177 553 485 48 153
internal_count=909 157 88 69 752 730 177 553 485 48 153
is_linear=0
shrinkage=0.0353657


Tree=373
num_leaves=12
num_cat=1
split_feature=54 40 25 95 1 17 54 21 90 64 61
split_gain=0.0161113 0.0364446 0.0261365 0.0199464 0.042336 0.0286889 0.0396744 0.0359126 0.0374186 0.0298581 0.0275901
threshold=5.5000000000000009 23925.711813117825 187561.27211538461 260808.71666666676 0 367623.65196078439 113.50000000000001 672611.86720779224 1.0411771105263454 2.7029411764705888 83.370833333333351
decision_type=8 10 8 2 1 10 10 8 8 2 8
left_child=1 -1 -2 4 -4 -5 7 8 -7 -8 -6
right_child=2 -3 3 5 10 6 9 -9 -10 -11 -12
leaf_value=1.4784500697448926e-07 0.00094773919896855448 -0.0013906874679042323 0.00048962910718685704 -0.00098488676612526536 -2.0324898162548891e-06 0.0017494144060100269 -0.0015418594115502015 -0.00016044715639649808 0.00040136314778155334 -0.00036884249793991307 -0.00080732001330737619
leaf_weight=23 14.999999999999998 18 224 30 315 14.999999999999998 20 110 52 50 37
leaf_count=23 15 18 224 30 315 15 20 110 52 50 37
internal_value=1.61964e-05 -0.00052223 5.02541e-05 2.09021e-05 0.000137954 -0.000214082 -9.4572e-05 0.00017151 0.00074032 -0.000703149 -9.39929e-05
internal_weight=909 41 868 853 576 277 247 177 67 70 352
internal_count=909 41 868 853 576 277 247 177 67 70 352
cat_boundaries=0 1
cat_threshold=130614467
is_linear=0
shrinkage=0.0353657


Tree=374
num_leaves=12
num_cat=0
split_feature=69 54 180 187 95 51 36 49 124 47 88
split_gain=0.0152593 0.0425554 0.0333614 0.0312499 0.0298492 0.0189107 0.0299823 0.0228772 0.0292353 0.0287185 0.0302604
threshold=562775.60357142868 44.500000000000007 7.5000000000000009 28.000000000000004 -293280.9520404287 1.6315301559791917 83607.43920545798 0.35909984553748847 0.029068829553547056 113739.87324324578 478331.11961538467
decision_type=10 10 2 2 2 2 10 10 2 10 2
left_child=5 3 4 -2 -3 7 -7 9 -9 -1 -11
right_child=1 2 -4 -5 -6 6 -8 8 -10 10 -12
leaf_value=9.6575722222430823e-06 -0.00059807530342971657 0.0011627696133289958 -0.00060045218174437467 -0.0018743624698109081 7.077217395696715e-05 0.0014733011665010399 0.00027349658909563856 -6.7060756497249417e-05 -0.0013081258683925346 0.00034722744622678033 0.0016402876195479195
leaf_weight=591 42 31 29 14.999999999999998 40 13.999999999999998 58 18 24 31 15.999999999999998
leaf_count=591 42 31 29 15 40 14 58 18 24 31 16
internal_value=1.54575e-05 -0.000277543 8.83198e-05 -0.000940205 0.000499402 8.20023e-05 0.000553104 2.39891e-05 -0.000607634 7.76075e-05 0.000758303
internal_weight=909 157 100 57 71 752 72 680 42 638 47
internal_count=909 157 100 57 71 752 72 680 42 638 47
is_linear=0
shrinkage=0.0353657


Tree=375
num_leaves=12
num_cat=1
split_feature=54 40 95 1 29 16 69 90 61 36 180
split_gain=0.0150927 0.0349026 0.0210814 0.0330988 0.0430313 0.0502847 0.0473805 0.0323499 0.0312437 0.036202 0.0378734
threshold=5.5000000000000009 22361.65934276515 260808.71666666676 0 575843.60159759677 2.3400000000000003 295630.59523809532 1.0624809323421145 34.041666666666679 233571.88677345045 1.0000000180025095e-35
decision_type=8 8 2 1 2 2 8 10 8 10 2
left_child=1 -1 3 4 5 -2 -7 -6 -5 10 -10
right_child=2 -3 -4 8 7 6 -8 -9 9 -11 -12
leaf_value=5.5298753239084341e-06 0.00026109857604880634 -0.0013552385006108513 -0.00019297458743804948 0.00019674397197544152 -0.00049912872712202497 0.00098107904250424182 0.0024382613053491702 0.00052996168318736802 0.00040385922666114548 -0.0013854974665715631 -0.00066619982952149546
leaf_weight=23 59 18 278 217 57 49 24 47 47 20 70
leaf_count=23 59 18 278 217 57 49 24 47 47 20 70
internal_value=1.48805e-05 -0.000506221 4.78875e-05 0.000166726 0.000467635 0.000890346 0.00146338 2.74175e-05 -4.17446e-05 -0.000436774 -0.000227555
internal_weight=909 41 868 590 236 132 73 104 354 137 117
internal_count=909 41 868 590 236 132 73 104 354 137 117
cat_boundaries=0 1
cat_threshold=1204356291
is_linear=0
shrinkage=0.0353657


Tree=376
num_leaves=12
num_cat=0
split_feature=61 60 60 51 49 58 62 26 62 83 33
split_gain=0.0139374 0.024852 0.0449411 0.0281382 0.0483664 0.0321032 0.0229594 0.0261128 0.0226932 0.020431 0.0203868
threshold=117.91666666666667 87.48238482384825 76.952747252747272 1.6064308084180576 0.22734133350879851 5.5000000000000009 57.808510638297882 2.7950000000000004 48.780660377358494 1.2407808009257959 -0.64499999999999991
decision_type=10 2 2 2 10 8 10 8 10 2 2
left_child=1 2 3 6 10 -6 8 -8 9 -1 -5
right_child=-2 -3 -4 4 5 -7 7 -9 -10 -11 -12
leaf_value=1.2365964263053573e-05 -0.00063113814191977145 -0.00068754691122639537 0.0011311585178663882 0.00076160806056402655 0.00056120493264705891 -0.0007747001266399119 -0.00023241508696237567 -0.0014692789673078136 0.00075440889386875335 -0.00065703086712809 0.0018892254033066429
leaf_weight=650 15.999999999999998 32 24 18 17 24 24 17 24 37 26
leaf_count=650 16 32 24 18 17 24 24 17 24 37 26
internal_value=1.37961e-05 3.53873e-05 7.38559e-05 2.76571e-05 0.000564026 -4.44154e-05 -3.98236e-05 -0.000682268 4.73945e-06 -3.1724e-05 0.00127988
internal_weight=909 893 861 837 85 41 752 41 711 687 44
internal_count=909 893 861 837 85 41 752 41 711 687 44
is_linear=0
shrinkage=0.0353657


Tree=377
num_leaves=12
num_cat=0
split_feature=54 54 40 93 58 204 72 70 22 75 55
split_gain=0.0143795 0.0150613 0.0333246 0.0184133 0.0515849 0.0582635 0.0543347 0.0318301 0.0311142 0.0454884 0.0263971
threshold=285.00000000000006 5.5000000000000009 23925.711813117825 3391874.0357142868 38.500000000000007 116.07874455000001 0.12347560975609757 562489.72857142868 1.7750000000000001 0.045081833060556457 17.833333333333339
decision_type=10 8 10 2 8 2 2 10 10 2 2
left_child=1 2 -1 -3 8 7 -7 10 9 -5 -6
right_child=-2 3 -4 4 5 6 -8 -9 -10 -11 -12
leaf_value=1.2564875527236656e-05 -0.00065067852844372977 0.00024068479565301514 -0.001316723645830365 -0.0007186325304139689 -0.00078589161057130178 -0.0021115394405433288 -0.00052814884310102637 -0.0010736164984269264 0.00069101935652931548 0.00068550686222364904 0.000171522548632006
leaf_weight=23 14.999999999999998 396 18 48 19 30 34 13.999999999999998 116 23 173
leaf_count=23 15 396 18 48 19 30 34 14 116 23 173
internal_value=1.3014e-05 3.44369e-05 -0.000484963 6.82179e-05 -7.83179e-05 -0.000383642 -0.00118602 -0.000114646 0.000338803 -0.000126663 1.94993e-05
internal_weight=909 894 41 853 457 270 64 206 187 71 192
internal_count=909 894 41 853 457 270 64 206 187 71 192
is_linear=0
shrinkage=0.0353657


Tree=378
num_leaves=12
num_cat=1
split_feature=92 15 47 1 79 51 63 22 59 31 20
split_gain=0.018025 0.0248189 0.0235423 0.0352715 0.0570451 0.0352431 0.0340073 0.0551439 0.0335099 0.0306468 0.0303719
threshold=216782.38945743055 1235423.979166667 221520.63392857139 0 -0.76056003639754666 1.4154786483280148 23.883333333333344 1.5850000000000002 19.166666666666668 1.5600000000000003 2.8500000000000001
decision_type=2 2 10 1 2 2 2 10 2 2 8
left_child=1 2 3 4 -1 6 9 -8 -7 -5 -4
right_child=-2 -3 10 5 -6 8 7 -9 -10 -11 -12
leaf_value=0.0002873580638631115 0.00050738534514604245 -0.00064206753503644686 0.0013645547734154138 0.0012760602276489293 -0.00060430908810013052 0.00041903529801335217 -0.0012541850518333333 1.8777406139946428e-05 0.0018375142688127758 0.00025281554669912421 8.2970780082727567e-05
leaf_weight=116 69 48 26 20 217 20 32 131 20 190 14.999999999999998
leaf_count=116 69 48 26 20 217 20 32 131 20 190 15
internal_value=3.64108e-05 -7.37551e-06 3.83583e-05 -5.11318e-06 -0.000264246 0.000202651 0.000103749 -0.000252118 0.000995572 0.000384439 0.000689458
internal_weight=904 835 787 746 333 413 373 163 40 210 41
internal_count=904 835 787 746 333 413 373 163 40 210 41
cat_boundaries=0 1
cat_threshold=3274377803
is_linear=0
shrinkage=0.0353657


Tree=379
num_leaves=12
num_cat=0
split_feature=280 93 59 80 7 21 87 102 66 288 76
split_gain=0.0169716 0.031513 0.0284488 0.0188794 0.0394059 0.0218848 0.0272428 0.0640597 0.0496319 0.033105 0.027506
threshold=0.030668064915636405 470874.02083333343 55.000000000000007 827726.50000000012 1.5000000000000002 270363.52335858595 412054.01666666678 23.500000000000004 2.8029126213592237 1.0000000180025095e-35 45.500000000000007
decision_type=2 2 2 2 2 8 2 2 8 2 10
left_child=1 -1 -2 4 -3 -5 7 9 -9 -7 -8
right_child=2 3 -4 5 -6 6 10 8 -10 -11 -12
leaf_value=0.0010377229506224688 -0.0009903076311473533 0.00011744743765280479 0.00016175840297211929 0.00070336059469643445 -0.0013851599222138315 -0.0013357668955610517 0.00022781767266814162 -0.00033719155231575111 0.00095143848289238892 -0.00032916264344430281 -0.00067788060574791738
leaf_weight=17 38 14.999999999999998 20 42 21 60 510 44 55 62 20
leaf_count=17 38 15 20 42 21 60 510 44 55 62 20
internal_value=3.5467e-05 7.68539e-05 -0.000451663 4.24246e-05 -0.000564041 7.987e-05 3.44337e-05 -0.000277002 0.000296932 -0.000790622 0.000169681
internal_weight=904 846 58 829 36 793 751 221 99 122 530
internal_count=904 846 58 829 36 793 751 221 99 122 530
is_linear=0
shrinkage=0.0353657


Tree=380
num_leaves=12
num_cat=1
split_feature=92 15 1 63 54 45 93 17 33 45 49
split_gain=0.0166085 0.0235821 0.0275432 0.0441547 0.0456115 0.039848 0.0495043 0.03934 0.0287385 0.0262214 0.0502644
threshold=216782.38945743055 1235423.979166667 0 48.099871261635975 149.50000000000003 482044.61666666676 2238278.3920454551 743910.08934523817 -0.055000000000000153 259841.16666666669 -0.062499689667619644
decision_type=2 2 1 2 10 2 2 8 2 2 10
left_child=1 2 -1 5 -5 9 8 -8 -7 -4 -11
right_child=-2 -3 3 4 -6 6 7 -9 -10 10 -12
leaf_value=0.00027215690989649302 0.00048659816675830528 -0.00062617069076970728 -0.00030485276418000182 0.0013408036196300966 -0.00019825186799466487 -0.0019389363346099763 -1.7063466860958427e-05 -0.001044271451962126 -0.00076074824890587259 0.0014496512446059951 8.206612545102096e-05
leaf_weight=329 69 48 58 37 13.999999999999998 32 155 37 32 28 65
leaf_count=329 69 48 58 37 14 32 155 37 32 28 65
internal_value=3.44879e-05 -7.48634e-06 3.70661e-05 -0.000132813 0.000658988 -0.000263745 -0.00052562 -0.000260594 -0.00126104 0.000148929 0.000512268
internal_weight=904 835 787 458 51 407 256 192 64 151 93
internal_count=904 835 787 458 51 407 256 192 64 151 93
cat_boundaries=0 2
cat_threshold=202696116 1
is_linear=0
shrinkage=0.0353657


Tree=381
num_leaves=12
num_cat=1
split_feature=143 33 92 20 18 1 25 87 59 29 5
split_gain=0.016604 0.020423 0.019665 0.0321529 0.0186711 0.0224678 0.0321393 0.0638126 0.0310673 0.0294349 0.0252157
threshold=0.041989617278908854 -0.090000000000000066 282838.21378659474 2.2950000000000004 5.3750000000000009 0 831838.21498015884 827092.9483421169 8.5000000000000018 653067.04545454553 1.5600000000000003
decision_type=2 2 2 10 10 1 8 2 2 2 2
left_child=2 -2 4 -4 5 6 7 9 -8 -1 -7
right_child=1 -3 3 -5 -6 10 8 -9 -10 -11 -12
leaf_value=-0.00012372712164373994 0.0002261513099451656 0.0012915652832083571 0.00014337307239992245 0.0015202147479481001 0.00073352003192308276 -0.00049109299253424386 -0.0015451809804519422 0.00089819976726444374 -0.00045450779952596674 -0.0011645956749031137 0.00019242302335501293
leaf_weight=97 17 17 16.000000000000004 14.999999999999998 13.999999999999998 54 15.999999999999998 53 158 23 424
leaf_count=97 17 17 16 15 14 54 16 53 158 23 424
internal_value=3.29049e-05 0.000615119 8.93108e-07 0.000652556 -3.13435e-05 -5.74058e-05 -0.000263548 3.54445e-05 -0.000595795 -0.000353408 9.40238e-05
internal_weight=904 34 870 31 839 825 347 173 174 120 478
internal_count=904 34 870 31 839 825 347 173 174 120 478
cat_boundaries=0 1
cat_threshold=3240847913
is_linear=0
shrinkage=0.0353657


Tree=382
num_leaves=12
num_cat=1
split_feature=18 190 64 1 95 61 88 81 92 18 37
split_gain=0.0149786 0.0213522 0.02205 0.0170263 0.0530787 0.0285876 0.0409447 0.0468856 0.0538125 0.0394989 0.0296268
threshold=5.3750000000000009 0.1198867877227119 2.8100961538461542 0 -663435.57505322422 14.471042471042473 265939.65416666673 0.8545056669077572 -14564.956514191492 2.6850000000000005 630627.87817460333
decision_type=10 2 2 1 2 8 2 2 2 10 2
left_child=1 3 -3 5 -5 6 7 -1 -9 -8 -7
right_child=-2 2 -4 4 -6 10 9 8 -10 -11 -12
leaf_value=-0.00068240289168727852 0.00071116745863590016 -0.00020520978948536183 -0.0013323406656754432 0.0010330862434256283 -0.00017607104007558868 -0.00090944116566185791 0.0022438607438457128 0.001732491680050941 0.00020639052127754498 0.00066887323820095544 0.00010682767290043664
leaf_weight=24 14.999999999999998 26 17 25 462 17 22 19 63 15.999999999999998 198
leaf_count=24 15 26 17 25 462 17 22 19 63 16 198
internal_value=3.17893e-05 9.77076e-06 -0.000600532 5.02766e-05 -8.04973e-05 0.000226779 0.000594518 0.00028252 0.000626662 0.00139348 -8.57234e-07
internal_weight=904 889 43 846 487 359 144 106 82 38 215
internal_count=904 889 43 846 487 359 144 106 82 38 215
cat_boundaries=0 2
cat_threshold=1308931284 1
is_linear=0
shrinkage=0.0353657


Tree=383
num_leaves=12
num_cat=1
split_feature=143 92 37 84 21 48 1 19 29 79 95
split_gain=0.0154486 0.0182471 0.0262314 0.0447909 0.0251378 0.0204927 0.0267878 0.0512464 0.0414529 0.0304333 0.0295185
threshold=0.041989617278908854 216782.38945743055 1265089.9621212122 0.23854558428876596 955858.98410087731 -178200.91623376624 0 1005087.2553711815 653067.04545454553 -0.73658237863381826 -109216.51967930039
decision_type=2 2 2 10 10 8 1 8 2 2 2
left_child=1 2 5 4 -4 -1 7 8 -7 -8 -11
right_child=-2 -3 3 -5 -6 6 9 -9 -10 10 -12
leaf_value=0.00061788348220165345 0.00059247513122347173 0.00048533865264198145 0.0006326480928641237 -0.0016024887700874539 -0.00055350200753304546 0.0011635175381324897 0.00021910412505917311 -0.0005668374232954802 0.00018345181247376787 -1.0715418041994904e-05 -0.00062782644749990177
leaf_weight=41 34 65 13.999999999999998 21 26 65 135 45 119 138 201
leaf_count=41 34 65 14 21 26 65 135 45 119 138 201
internal_value=3.09104e-05 4.34355e-07 -4.49213e-05 -0.000639618 -0.000151356 1.04138e-05 -3.22475e-05 0.000256917 0.000536078 -0.00018118 -0.000363115
internal_weight=904 870 805 61 40 744 703 229 184 474 339
internal_count=904 870 805 61 40 744 703 229 184 474 339
cat_boundaries=0 2
cat_threshold=201638300 1
is_linear=0
shrinkage=0.0353657


Tree=384
num_leaves=12
num_cat=0
split_feature=66 61 40 25 62 3 3 70 134 90 59
split_gain=0.0143296 0.0300664 0.0241978 0.0228464 0.0277639 0.0371793 0.029192 0.0285917 0.0320147 0.0259852 0.043132
threshold=3.0286650286650292 97.058510638297903 77208.836375101106 187561.27211538461 4.6644736842105265 5.5000000000000009 10.500000000000002 305798.82195121958 9.5521390374331556 1.0283063410718749 19.833333333333339
decision_type=10 10 10 8 8 2 2 8 2 8 2
left_child=1 3 -2 -1 5 -5 9 -8 -9 -6 -11
right_child=2 -3 -4 4 6 -7 7 8 -10 10 -12
leaf_value=0.00072629147032639133 0.0010456336912637763 -0.0010555203612384388 0.0001110897676301804 -0.0013470537777741677 0.00064933259752457634 -0.00020913788402831651 0.00028834959879776319 -0.0011510768732059275 1.2549484085148631e-05 -0.00038983934417772083 0.00030806809615166578
leaf_weight=20 18 14.999999999999998 163 33 73 76 15.999999999999998 67 15.999999999999998 171 230
leaf_count=20 18 15 163 33 73 76 16 67 16 171 230
internal_value=-2.25335e-05 -9.3661e-05 0.000239348 -5.62793e-05 -9.39006e-05 -0.000561158 9.61601e-08 -0.00048952 -0.000797644 0.000117163 7.75742e-06
internal_weight=898 717 181 702 682 109 573 99 83 474 401
internal_count=898 717 181 702 682 109 573 99 83 474 401
is_linear=0
shrinkage=0.0353657


Tree=385
num_leaves=12
num_cat=0
split_feature=56 25 70 40 11 93 58 204 25 204 55
split_gain=0.0175346 0.0213803 0.021041 0.0345027 0.0282961 0.0155937 0.0371061 0.0519615 0.0407585 0.0287579 0.0323337
threshold=191.50000000000003 187561.27211538461 135027.73484848489 23925.711813117825 1.0000000180025095e-35 3391874.0357142868 38.500000000000007 116.07874455000001 1133616.7665701418 116.08093770000001 50.166666666666679
decision_type=2 8 8 10 2 2 8 2 8 2 2
left_child=1 -1 3 -3 -5 9 -7 -8 -9 -4 -11
right_child=-2 2 5 4 -6 6 7 8 -10 10 -12
leaf_value=0.0007149280585773026 0.00071194871382997561 9.580044399858338e-05 3.2433767177595369e-05 -0.000582591579041236 -0.0018298671633135033 0.00019672661370886499 -0.00015442414423683299 -0.00042132719122071595 -0.0017673729171645608 0.0017324718477856695 0.00037677412817873273
leaf_weight=20 14.999999999999998 25 295 27 22 187 199 19 45 15.999999999999998 28
leaf_count=20 15 25 295 27 22 187 199 19 45 16 28
internal_value=-2.0744e-05 -4.45414e-05 -7.43956e-05 -0.000568275 -0.00109259 -2.00738e-05 -0.000153465 -0.000417499 -0.00117215 0.000153862 0.000832078
internal_weight=898 883 863 74 49 789 450 263 64 339 44
internal_count=898 883 863 74 49 789 450 263 64 339 44
is_linear=0
shrinkage=0.0353657


Tree=386
num_leaves=12
num_cat=1
split_feature=56 25 1 76 24 58 54 48 53 66 76
split_gain=0.0168159 0.0204111 0.0205643 0.0374963 0.0431642 0.0488215 0.0403781 0.0376769 0.0341908 0.0320501 0.0233766
threshold=191.50000000000003 187561.27211538461 0 -5.4999999999999991 2.9300000000000002 14.500000000000002 111.50000000000001 60099.48255861787 125.50000000000001 2.4577380952380956 12.500000000000002
decision_type=2 8 1 10 10 10 10 10 10 8 10
left_child=1 -1 3 9 5 7 -6 -5 -7 -3 -4
right_child=-2 2 10 4 6 8 -8 -9 -10 -11 -12
leaf_value=0.00070043604670908845 0.0006992742750330759 -0.0006445815948527225 -5.2052366270675718e-05 -0.00066033861232507661 0.00081752305650676683 -0.0021656350522480162 -0.00062026956113101232 0.00055402143262718768 -0.00075064535826774119 0.00050976675167948128 0.0004707275879464077
leaf_weight=20 14.999999999999998 15.999999999999998 416 108 37 38 15.999999999999998 14.999999999999998 13.999999999999998 88 115
leaf_count=20 15 16 416 108 37 38 16 15 14 88 115
internal_value=-1.82921e-05 -4.16267e-05 -7.08301e-05 -0.000277757 -0.000536615 -0.000805175 0.000165007 -0.000456156 -0.00157155 0.000199702 6.14486e-05
internal_weight=898 883 863 332 228 175 53 123 52 104 531
internal_count=898 883 863 332 228 175 53 123 52 104 531
cat_boundaries=0 2
cat_threshold=2177308171 1
is_linear=0
shrinkage=0.0353657


Tree=387
num_leaves=12
num_cat=0
split_feature=27 70 40 3 134 29 48 111 89 49 95
split_gain=0.0133397 0.0211657 0.0409858 0.0205079 0.0200085 0.0260708 0.0215023 0.0199915 0.0258746 0.0272324 0.0235291
threshold=205845.99561403514 135027.73484848489 23925.711813117825 10.500000000000002 9.3634259259259274 688696.51813855174 -22210.675510204132 9.3541666666666696 13.000000000000002 -0.28490129605491304 -3.6736740367632441e-11
decision_type=8 8 10 2 2 2 10 2 8 10 2
left_child=-1 2 -2 7 5 6 -5 8 9 -3 -9
right_child=1 3 -4 4 -6 -7 -8 10 -10 -11 -12
leaf_value=0.00055753126009444956 0.00024312812160025326 -0.00060589925458849267 -0.0010874700373488158 -0.00060390856767530521 0.00017170067816452977 -0.0012857469840503381 0.00035216236211524908 -0.0011890256097859266 0.00084628550061668537 0.00015049097191611096 -9.3120343148224939e-05
leaf_weight=24 21 41 50 50 32 30 21 20 37 549 23
leaf_count=24 21 41 50 50 32 30 21 20 37 549 23
internal_value=-1.65608e-05 -4.15264e-05 -0.000545474 8.12635e-06 -0.000357645 -0.000615765 -0.000298747 8.87702e-05 0.000142613 8.39709e-05 -0.000492365
internal_weight=898 874 71 803 133 101 71 670 627 590 43
internal_count=898 874 71 803 133 101 71 670 627 590 43
is_linear=0
shrinkage=0.0353657


Tree=388
num_leaves=12
num_cat=1
split_feature=56 25 1 24 48 20 66 35 90 48 48
split_gain=0.0159456 0.0193068 0.0193449 0.03981 0.0604477 0.0497742 0.0314625 0.026525 0.0249569 0.0264393 0.0197135
threshold=191.50000000000003 187561.27211538461 0 2.7950000000000004 126589.35244691807 2.8900000000000001 2.5916666666666672 606000.12153052562 1.058095226349232 61111.182497847964 79788.262500000055
decision_type=2 8 1 10 8 8 10 2 8 10 10
left_child=1 -1 3 4 6 7 -3 -6 -5 -10 -4
right_child=-2 2 10 8 5 -7 -8 -9 9 -11 -12
leaf_value=0.000683528282392016 0.00068337350635458893 -0.002325346464178531 0.00014060431537213006 0.00091586908155375673 0.0013782098002017363 -0.00072001669943659173 -0.0010115613905049942 0.00017084738410227292 -0.00067971434676859668 0.0005052079099597777 -0.00030110824870707665
leaf_weight=20 14.999999999999998 22 490 27 15.999999999999998 65 29 27 27 18 142
leaf_count=20 15 22 490 27 16 65 29 27 27 18 142
internal_value=-1.54346e-05 -3.81952e-05 -6.66376e-05 -0.000323174 -0.000643939 -0.000223185 -0.00148626 0.000542868 0.000236021 -8.83604e-05 3.24944e-05
internal_weight=898 883 863 231 159 108 51 43 72 45 632
internal_count=898 883 863 231 159 108 51 43 72 45 632
cat_boundaries=0 2
cat_threshold=463371 1
is_linear=0
shrinkage=0.0353657


Tree=389
num_leaves=12
num_cat=1
split_feature=25 105 54 95 1 68 74 54 40 64 53
split_gain=0.0176841 0.0244434 0.0163602 0.023028 0.0328765 0.0328276 0.0371397 0.0286606 0.0344056 0.0306976 0.0237122
threshold=187561.27211538461 1.0000000180025095e-35 16.500000000000004 260808.71666666676 0 524299.12996031763 0.017862838915470452 111.50000000000001 77208.836375101106 2.7303030303030309 50.500000000000007
decision_type=8 2 8 2 1 2 10 8 10 2 10
left_child=-1 2 -2 5 -5 10 -7 8 -6 -9 -4
right_child=1 -3 3 4 7 6 -8 9 -10 -11 -12
leaf_value=0.00067784596670493772 -0.00049834720309795209 -0.00089717109519646735 0.00060666358998334106 0.00019861615899985274 0.00093171790956300899 -0.00076511982300993362 0.00027386263194011454 -0.0013418175538067051 -0.0003722856769613826 -0.00034513593727546654 8.8181734131979086e-05
leaf_weight=20 56 15.999999999999998 179 105 14.999999999999998 75 49 60 39 54 230
leaf_count=20 56 16 179 105 15 75 49 60 39 54 230
internal_value=-1.40522e-05 -4.06133e-05 -1.176e-05 2.78386e-05 -0.000222636 0.000162069 -0.000290411 -0.00050542 -1.21294e-05 -0.000843682 0.000315404
internal_weight=898 878 862 806 273 533 124 168 54 114 409
internal_count=898 878 862 806 273 533 124 168 54 114 409
cat_boundaries=0 1
cat_threshold=57748
is_linear=0
shrinkage=0.0353657


Tree=390
num_leaves=12
num_cat=1
split_feature=54 51 1 48 93 48 93 134 44 46 19
split_gain=0.016427 0.015836 0.0242708 0.0357087 0.0339757 0.0326916 0.0289529 0.0526846 0.0382568 0.0286893 0.03785
threshold=285.00000000000006 0.81979612472879504 0 79788.262500000055 780012.96969696984 50129.377370599082 4624292.0666666673 9.5383522727272734 265982.17103046057 631666.66666666686 561530.69981203019
decision_type=10 2 1 8 2 8 2 2 8 2 10
left_child=1 -1 5 4 -4 9 8 -8 -5 10 -3
right_child=-2 2 3 6 -6 -7 7 -9 -10 -11 -12
leaf_value=-0.00023726510218359417 -0.00071830046011869667 -0.00037508668558602963 -0.00057897459818363978 -0.00027342328116290975 0.00060293873604940038 0.0005328754174514479 -0.0016678814334586776 -0.00020635962570485388 0.00092175244407339228 -0.0010751506325001859 0.00094106565255353133
leaf_weight=211 14.999999999999998 47 13.999999999999998 144 107 235 36 39 15.999999999999998 15.999999999999998 18
leaf_count=211 15 47 14 144 107 235 36 39 16 16 18
internal_value=-6.7335e-06 1.36642e-05 9.77424e-05 -9.27921e-05 0.000343382 0.000311693 -0.000346531 -0.000855419 -9.96453e-05 -0.000198308 2.57979e-05
internal_weight=898 883 672 356 121 316 235 75 160 81 65
internal_count=898 883 672 356 121 316 235 75 160 81 65
cat_boundaries=0 1
cat_threshold=516678410
is_linear=0
shrinkage=0.0353657


Tree=391
num_leaves=12
num_cat=0
split_feature=5 83 93 36 39 74 40 90 92 11 66
split_gain=0.0173267 0.049646 0.0430782 0.0216459 0.0183406 0.0467119 0.022086 0.0227051 0.0289297 0.0265521 0.0334391
threshold=3.5150000000000001 1.1721744999373882 1474956.5621621623 343375.18481523677 973724.00165457965 0.050641025641025607 289122.5405372458 0.98466755105252701 -117101.91174531168 -0.24999999999999994 2.5080645161290325
decision_type=2 2 2 10 2 10 10 8 2 2 10
left_child=3 -2 -3 4 6 -6 7 9 -9 -1 -11
right_child=1 2 -4 -5 5 -7 -8 8 -10 10 -12
leaf_value=0.00010470920666218016 -0.0015402842884405543 0.00096880103477286117 -0.00067481833231927051 0.00081459772836322045 -0.00090061106984668546 0.00026309196253226929 0.00089328715872035748 -0.00077468401302309637 1.150251274215308e-05 0.0018171704321750294 0.00044318852472306389
leaf_weight=76 19 16.000000000000004 13.999999999999998 18 72 51 14.999999999999998 40 532 21 24
leaf_count=76 19 16 14 18 72 51 15 40 532 21 24
internal_value=-7.13474e-06 -0.000534335 2.73882e-05 2.90125e-05 4.26537e-07 -0.000362633 6.91103e-05 3.65567e-05 -5.35872e-05 0.000437675 0.00101564
internal_weight=898 49 30 849 831 123 708 693 572 121 45
internal_count=898 49 30 849 831 123 708 693 572 121 45
is_linear=0
shrinkage=0.0353657


Tree=392
num_leaves=12
num_cat=0
split_feature=5 83 93 36 29 40 79 51 58 83 23
split_gain=0.0164864 0.047217 0.0414292 0.0207267 0.0190572 0.028749 0.0251901 0.0245783 0.039173 0.0266681 0.0225718
threshold=3.5150000000000001 1.1721744999373882 1474956.5621621623 343375.18481523677 1047080.9469343292 289122.5405372458 1.9617358250701529 1.6622604545840358 2.5000000000000004 1.1833877513830056 640762.79166666686
decision_type=2 2 2 10 2 10 2 2 10 2 10
left_child=3 -2 -3 4 5 6 7 9 -9 -1 -6
right_child=1 2 -4 -5 10 -7 -8 8 -10 -11 -12
leaf_value=9.7010043892689689e-05 -0.0015019966475977059 0.00094901572423590236 -0.00066268129536635099 0.00079740042065113001 -0.0010386636218183579 0.00098023262757718503 -0.00078702005174278967 0.001547349349316083 0.00016189064803886737 -0.00049918859176724883 -0.0001315231698648033
leaf_weight=554 19 16.000000000000004 13.999999999999998 18 30 17 21 22 26 87 74
leaf_count=554 19 16 14 18 30 17 21 22 26 87 74
internal_value=-6.55623e-06 -0.000520848 2.62833e-05 2.86709e-05 4.21516e-07 6.43598e-05 2.64773e-05 6.63027e-05 0.000692901 7.24968e-06 -0.000401066
internal_weight=898 49 30 849 831 727 710 689 48 641 104
internal_count=898 49 30 849 831 727 710 689 48 641 104
is_linear=0
shrinkage=0.0353657


Tree=393
num_leaves=12
num_cat=0
split_feature=5 83 93 36 25 5 164 12 73 219 69
split_gain=0.0156611 0.0449074 0.0398434 0.019865 0.0162267 0.032839 0.020699 0.049166 0.0207374 0.0260277 0.0225637
threshold=3.5150000000000001 1.1721744999373882 1474956.5621621623 343375.18481523677 227668.59608360394 1.9100000000000004 9.2343750000000018 1.0000000180025095e-35 0.27207792207792209 5.5000000000000009 562775.60357142868
decision_type=2 2 2 10 8 2 2 2 8 2 10
left_child=3 -2 -3 4 5 -1 8 -8 10 -10 -6
right_child=1 2 -4 -5 6 -7 7 -9 9 -11 -12
leaf_value=6.1521423267396516e-06 -0.0014647051219743895 0.00092962082427441113 -0.00065077595554764657 0.00078033151797810029 5.7489975348841356e-05 0.001356442738311839 -0.0013156365579918825 -3.8834632333196221e-06 0.00010075503469990021 0.001141472327744821 -0.00046710285826488164
leaf_weight=18 19 16.000000000000004 13.999999999999998 18 536 19 35 58 32 33 100
leaf_count=18 19 16 14 18 536 19 35 58 32 33 100
internal_value=-6.53775e-06 -0.000507809 2.51697e-05 2.77613e-05 4.08142e-07 0.000559999 -3.35276e-05 -0.000474791 2.93482e-05 0.000542347 -2.87852e-05
internal_weight=898 49 30 849 831 37 794 93 701 65 636
internal_count=898 49 30 849 831 37 794 93 701 65 636
is_linear=0
shrinkage=0.0353657


Tree=394
num_leaves=12
num_cat=0
split_feature=5 83 93 36 51 83 52 53 51 53 49
split_gain=0.0148822 0.0427107 0.0383184 0.0190353 0.0177519 0.039319 0.0317567 0.0296855 0.0239627 0.0436489 0.0422855
threshold=3.5150000000000001 1.1721744999373882 1474956.5621621623 343375.18481523677 1.9348672159797424 1.1833877513830056 117.50000000000001 130.50000000000003 0.99999999996349231 47.500000000000007 0.14387279282932586
decision_type=2 2 2 10 2 2 2 10 2 8 10
left_child=3 -2 -3 4 5 8 -6 -7 -1 10 -10
right_child=1 2 -4 -5 6 7 -8 -9 9 -11 -12
leaf_value=-0.00011594676064923958 -0.0014283308745519428 0.00091062615292042165 -0.00063907906085139453 0.0007636794596826811 0.0014415236744509394 -0.00086228664974296514 0.00010562110297682376 0.00010914913415376081 0.00054566270886680188 -1.7050433142694361e-06 0.0018449766649375171
leaf_weight=354 19 16.000000000000004 13.999999999999998 18 15.999999999999998 101 19 30 100 193 18
leaf_count=354 19 16 14 18 16 101 19 30 100 193 18
internal_value=-6.40335e-06 -0.000495072 2.40876e-05 2.69974e-05 3.96912e-07 -3.43696e-05 0.000595959 -0.000549045 7.21265e-05 0.000293101 0.000787932
internal_weight=898 49 30 849 831 796 35 131 665 311 118
internal_count=898 49 30 849 831 796 35 131 665 311 118
is_linear=0
shrinkage=0.0353657


Tree=395
num_leaves=12
num_cat=1
split_feature=54 52 27 1 92 71 50 50 92 84 83
split_gain=0.0155222 0.0160771 0.0143481 0.0246819 0.0521212 0.0333405 0.0322725 0.0305644 0.0299076 0.0307457 0.0357907
threshold=285.00000000000006 247.50000000000003 205845.99561403514 0 -37687.540901011256 34249.635616416112 429907.598467173 231262.01274222173 -56073.955778629483 0.20801273384824046 0.73421207352548101
decision_type=10 2 8 1 2 2 2 2 2 10 2
left_child=1 2 -1 4 6 -6 -4 -7 9 -5 -11
right_child=-2 -3 3 8 5 7 -8 -9 -10 10 -12
leaf_value=0.00057873335781269528 -0.00069736097344142941 0.00057742887652229165 0.00012514067359996477 6.2400592382200732e-05 0.00010488393988205152 -0.001887446364362512 0.0014056429984694548 -0.00074363734459249192 0.00022814094004095382 -0.00017599459111166562 -0.0013077899366546106
leaf_weight=24 14.999999999999998 36 31 105 25 13.999999999999998 13.999999999999998 117 430 39 48
leaf_count=24 15 36 31 105 25 14 14 117 430 39 48
internal_value=-5.61126e-06 1.418e-05 -1.58212e-05 -4.36477e-05 -0.000356437 -0.000683553 0.000448757 -0.000926064 6.39622e-05 -0.000275591 -0.000729547
internal_weight=898 883 847 823 201 156 45 131 622 192 87
internal_count=898 883 847 823 201 156 45 131 622 192 87
cat_boundaries=0 2
cat_threshold=2704284928 1
is_linear=0
shrinkage=0.0353657


Tree=396
num_leaves=12
num_cat=1
split_feature=151 16 29 76 1 58 41 38 34 68 64
split_gain=0.0141311 0.020682 0.0176285 0.017186 0.0227772 0.0280004 0.0370777 0.0366256 0.0225833 0.0247612 0.0194728
threshold=0.17521811281730668 5.1250000000000009 181447.58461538461 -33.499999999999993 0 37.500000000000007 1368446.6418526785 467880.87590579718 2.5650000000000004 339300.6785714287 3.3550420168067232
decision_type=2 2 2 10 1 8 2 2 2 2 2
left_child=1 2 -1 -4 5 7 -7 -5 10 -10 -6
right_child=-2 -3 3 4 8 6 -8 -9 9 -11 -12
leaf_value=0.0007127023048604089 0.00066110498114409927 -0.00072182210333434347 0.00044997031002084922 -0.00031428393164031741 -0.0002548742808239118 -0.00034408520702154167 -0.0013792139361750719 0.00064279229363195826 0.00074138833985367596 3.1729548363829924e-05 0.00045987864684939961
leaf_weight=18 13.999999999999998 27 64 93 199 174 32 61 99 90 35
leaf_count=18 14 27 64 93 199 174 32 61 99 90 35
internal_value=-5.90067e-06 -2.67338e-05 2.77988e-06 -2.04722e-05 -6.75713e-05 -0.000264941 -0.000534098 4.98827e-05 0.000100878 0.000379567 -0.00010914
internal_weight=906 892 865 847 783 360 206 154 423 189 234
internal_count=906 892 865 847 783 360 206 154 423 189 234
cat_boundaries=0 2
cat_threshold=569585537 1
is_linear=0
shrinkage=0.0353657


Tree=397
num_leaves=12
num_cat=1
split_feature=5 62 51 77 79 59 1 26 73 20 64
split_gain=0.0156697 0.0412275 0.0324939 0.0318659 0.0270581 0.0299707 0.0241255 0.037253 0.0324775 0.0501307 0.0494034
threshold=3.5150000000000001 36.016393442622963 1.702939500738806 1.4352460586957665 0.72857646654785435 12.833333333333334 0 2.1250000000000004 0.10072463768115943 1.2900000000000003 2.8900966183574881
decision_type=2 8 2 2 2 2 1 10 8 10 2
left_child=2 -2 4 -4 6 -6 7 -1 9 -8 -11
right_child=1 -3 3 -5 5 -7 8 -9 -10 10 -12
leaf_value=-0.00047307290005896009 -0.0013285774264003749 5.5197628782430698e-05 0.0014420371211987251 0.0002403503154427538 3.6611493728670136e-05 -0.00090832011452780153 -0.00077215557901331446 0.00022028439515102912 0.00095175336698635586 0.00068486171715633393 -0.00026278166480551236
leaf_weight=186 24 31 26 41 45 73 41 152 50 151 86
leaf_count=186 24 31 26 41 45 73 41 152 50 151 86
internal_value=-5.08087e-06 -0.000485848 3.10216e-05 0.00067012 -3.05855e-05 -0.000480773 5.30048e-05 -0.00014455 0.000259632 0.000124699 0.000314962
internal_weight=906 55 851 67 784 118 666 338 328 278 237
internal_count=906 55 851 67 784 118 666 338 328 278 237
cat_boundaries=0 1
cat_threshold=2470156992
is_linear=0
shrinkage=0.0353657


Tree=398
num_leaves=12
num_cat=0
split_feature=5 62 51 77 9 27 83 51 124 59 61
split_gain=0.0146631 0.0392882 0.0304674 0.0302692 0.0251402 0.0347077 0.0244821 0.0334813 0.028258 0.0263505 0.0231014
threshold=3.5150000000000001 36.016393442622963 1.702939500738806 1.4352460586957665 1.0000000180025095e-35 698624.79863256123 1.1833877513830056 1.171307493356895 0.043788523560698858 12.16666666666667 27.803174603174607
decision_type=2 8 2 2 2 8 2 2 2 2 8
left_child=2 -2 4 -4 6 -6 7 10 -8 -9 -1
right_child=1 -3 3 -5 5 -7 8 9 -10 -11 -12
leaf_value=0.00016910924819196936 -0.001292190949117943 5.8337691918557173e-05 0.0014006453389072821 0.00022889007601645719 -0.0016171546454531915 -0.00026820771192377846 -0.00095767895292221228 0.0013094372485487075 3.7657875041612881e-05 0.0002716084277675808 -0.00028162201189398697
leaf_weight=359 24 31 26 41 13.999999999999998 40 52 36 38 44 201
leaf_count=359 24 31 26 41 14 40 52 36 38 44 201
internal_value=-4.87588e-06 -0.000469977 3.00037e-05 0.000648872 -2.96056e-05 -0.000639769 2.2311e-05 0.000100588 -0.000458078 0.000692626 4.56071e-06
internal_weight=906 55 851 67 784 54 730 640 90 80 560
internal_count=906 55 851 67 784 54 730 640 90 80 560
is_linear=0
shrinkage=0.0353657


Tree=399
num_leaves=12
num_cat=0
split_feature=18 129 16 48 61 60 51 107 9 173 56
split_gain=0.0140018 0.0142035 0.0237389 0.0253124 0.0133647 0.0175181 0.0331006 0.025877 0.0204548 0.0208217 0.0196879
threshold=5.3750000000000009 9.7916666666666696 1.8550000000000002 67955.616666666712 117.91666666666667 80.522875816993476 1.6064308084180576 1.0000000180025095e-35 1.0000000180025095e-35 0.099134291128230204 13.500000000000002
decision_type=10 2 2 8 10 2 2 2 2 2 2
left_child=1 4 -3 -4 5 6 8 -7 -1 -10 -8
right_child=-2 2 3 -5 -6 7 10 -9 9 -11 -12
leaf_value=4.3782651430520355e-05 0.00065919242246775605 -0.0012609557852251612 0.00051828248858075811 -0.00071340092044279619 -0.0006155548163705542 -0.00014231653136072571 0.0011293547838801962 -0.0012760624375751468 -0.0011503782846816206 -9.5405163889773672e-05 0.00022338059302720543
leaf_weight=654 13.999999999999998 15.999999999999998 18 15.999999999999998 17 31 46 17 28 13.999999999999998 35
leaf_count=654 14 16 18 16 17 31 46 17 28 14 35
internal_value=-4.79996e-06 -2.55451e-05 -0.000499006 -0.000133351 7.28953e-06 3.11148e-05 7.35442e-05 -0.000498121 -2.04838e-06 -0.000603371 0.000665715
internal_weight=906 892 50 34 842 825 777 48 696 42 81
internal_count=906 892 50 34 842 825 777 48 696 42 81
is_linear=0
shrinkage=0.0353657


Tree=400
num_leaves=12
num_cat=0
split_feature=5 62 51 83 124 77 51 180 68 46 63
split_gain=0.0138514 0.0372215 0.0273345 0.030833 0.0288124 0.0283411 0.0235274 0.0405367 0.0218149 0.0215957 0.0214617
threshold=3.5150000000000001 36.016393442622963 1.702939500738806 1.1833877513830056 0.043788523560698858 1.4352460586957665 1.171307493356895 8.5000000000000018 715029.45108695666 614672.55162601627 23.883333333333344
decision_type=2 8 2 2 2 2 2 2 2 2 2
left_child=2 -2 3 6 -5 -4 10 9 -6 -8 -1
right_child=1 -3 5 4 8 -7 7 -9 -10 -11 -12
leaf_value=0.00014839093457885488 -0.0012573823632089196 5.6604636659179547e-05 0.0013406249551836068 -0.0010069856959236123 0.00043501806446327837 0.00020637179908714805 0.001539032355654752 -0.00016929865370981639 -0.00065865715065037671 0.00051105776320147552 -0.00026959256149598423
leaf_weight=337 24 31 26 61 33 41 36 34 13.999999999999998 28 241
leaf_count=337 24 31 26 61 33 41 36 34 14 28 241
internal_value=-5.00509e-06 -0.000457068 2.88566e-05 -2.75135e-05 -0.000529308 0.000615077 5.74433e-05 0.000511586 -6.45442e-05 0.00101495 -2.36053e-05
internal_weight=906 55 851 784 108 67 676 98 47 64 578
internal_count=906 55 851 784 108 67 676 98 47 64 578
is_linear=0
shrinkage=0.0353657


Tree=401
num_leaves=9
num_cat=0
split_feature=151 16 29 40 37 69 67 69
split_gain=0.0135786 0.0191613 0.0163701 0.01558 0.0180545 0.0275975 0.0294401 0.0167569
threshold=0.17521811281730668 5.1250000000000009 181447.58461538461 9403.9029168201778 245454.75000000003 50615.000000000007 2.3143262001156741 39431.583333333336
decision_type=2 2 2 8 2 8 2 10
left_child=1 2 -1 -4 -5 7 -7 -6
right_child=-2 -3 3 4 5 6 -8 -9
leaf_value=0.00068674701257426599 0.00064853393880665835 -0.00069480390738020377 -0.00070311571296664051 0.0007195484409421441 -0.00034667995957239969 0.0004946065396423038 -6.7591358364374156e-05 -0.00138547511658689
leaf_weight=18 13.999999999999998 27 15.999999999999998 18 14.999999999999998 115 663 20
leaf_count=18 14 27 16 18 15 115 663 20
internal_value=-5.30167e-06 -2.57503e-05 2.59966e-06 -1.97574e-05 1.46299e-06 -2.31721e-05 1.94327e-05 -0.000766067
internal_weight=906 892 865 847 831 813 778 35
internal_count=906 892 865 847 831 813 778 35
is_linear=0
shrinkage=0.0353657


Tree=402
num_leaves=12
num_cat=1
split_feature=25 1 36 50 48 20 285 89 62 151 167
split_gain=0.0129284 0.0196701 0.026038 0.0390366 0.0475598 0.0461911 0.0344738 0.0158063 0.0337492 0.0166017 0.0158314
threshold=187561.27211538461 0 245240.08119092646 425713.49385378929 173982.57564538324 2.5350000000000006 6.5000000000000009 17.500000000000004 30.790243902439027 0.10199716324880602 25.500000000000004
decision_type=8 1 8 2 8 8 2 10 8 2 2
left_child=-1 2 3 6 -5 -6 -2 9 -9 10 -3
right_child=1 7 -4 4 5 -7 -8 8 -10 -11 -12
leaf_value=0.00056332369482831718 -0.001594952768886577 -0.00012467462172637795 -0.0012306512817602882 -0.00046993476193859325 0.0020427773794904408 0.00036737048838531141 -0.00028683065052137572 0.0014783037745377376 0.00012866330192384123 0.0007039867356517269 0.00028086739386066849
leaf_weight=20 25 571 20 26 14.999999999999998 21 24 13.999999999999998 25 13.999999999999998 125
leaf_count=20 25 571 20 26 15 21 24 14 25 14 125
internal_value=-2.73633e-05 -5.01902e-05 -0.000401732 -0.000244677 0.000257888 0.000989554 -0.000842008 1.94697e-05 0.000562312 -1.59667e-05 -4.51574e-05
internal_weight=900 880 131 111 62 36 49 749 39 710 696
internal_count=900 880 131 111 62 36 49 749 39 710 696
cat_boundaries=0 2
cat_threshold=25169960 1
is_linear=0
shrinkage=0.0353657


Tree=403
num_leaves=12
num_cat=1
split_feature=82 82 51 226 82 1 44 43 81 33 124
split_gain=0.0118816 0.0357872 0.0132381 0.0238907 0.0146816 0.0168315 0.0227305 0.0293685 0.023006 0.0216681 0.0205734
threshold=-301890.12533286435 -386029.63765281782 0.50555523414753989 -8.3549804499999976 -210302.40188555056 0 94008.246405335696 596996.42931021808 1.0121361613773943 0.079999999999999974 0.016869451187920655
decision_type=2 2 2 2 2 1 8 2 2 2 2
left_child=1 -1 3 -2 -4 6 8 9 -6 -8 -9
right_child=2 -3 4 -5 5 -7 7 10 -10 -11 -12
leaf_value=-0.00023937484431094173 -0.0013283085518577347 0.0011984215283192853 -0.00059223647093733665 -0.00015638071041429097 0.0015327210552759797 -9.2782755030374004e-05 -0.0011204557640112998 0.0011222642117763386 0.00040918415764250283 -8.8280788275685396e-05 0.00020853285811790626
leaf_weight=13.999999999999998 14.999999999999998 22 30 17 22 581 25 14.999999999999998 13.999999999999998 22 123
leaf_count=14 15 22 30 17 22 581 25 15 14 22 123
internal_value=-2.59377e-05 0.00045563 -5.39391e-05 -0.000584243 -2.50063e-05 3.45204e-06 0.000247774 0.000111921 0.000893007 -0.000502633 0.000351632
internal_weight=900 36 864 32 832 802 221 185 36 47 138
internal_count=900 36 864 32 832 802 221 185 36 47 138
cat_boundaries=0 1
cat_threshold=470327681
is_linear=0
shrinkage=0.0353657


Tree=404
num_leaves=12
num_cat=0
split_feature=65 151 175 66 40 69 65 131 92 40 199
split_gain=0.0106312 0.0290264 0.0182304 0.0144332 0.0252384 0.0234817 0.0335743 0.0290339 0.028735 0.0269453 0.026501
threshold=3.8627819548872182 0.06401706076556582 1.0000000180025095e-35 3.0351851851851857 77208.836375101106 562775.60357142868 3.427051671732523 0.75000000000000011 185467.03039113191 234352.86975474065 0.088456771056235659
decision_type=8 2 2 10 10 10 10 2 2 10 2
left_child=3 2 -2 5 -5 6 9 8 -7 -1 -8
right_child=1 -3 -4 4 -6 7 10 -9 -10 -11 -12
leaf_value=-0.00011957515678323966 -0.0010347470036169175 0.00037575285292343433 -0.00019728696407211586 0.0011453361142907193 0.00015757747727500719 -0.00088530473783338039 0.0016940796180771123 -0.0015101900240784474 0.00031925772857863388 0.00063628756535660412 0.00037484766545717253
leaf_weight=519 51 24 29 17 124 23 14.999999999999998 13.999999999999998 25 41 18
leaf_count=519 51 24 29 17 124 23 15 14 25 41 18
internal_value=-2.51807e-05 -0.000327666 -0.000658702 1.68487e-05 0.000317666 -4.96653e-05 1.50457e-05 -0.000603881 -0.000301114 -4.7129e-05 0.000843771
internal_weight=900 104 80 796 141 655 593 62 48 560 33
internal_count=900 104 80 796 141 655 593 62 48 560 33
is_linear=0
shrinkage=0.0353657


Tree=405
num_leaves=12
num_cat=0
split_feature=25 52 7 61 21 76 87 36 51 34 67
split_gain=0.0124817 0.0139849 0.0390721 0.0229645 0.0217332 0.0176431 0.0149834 0.0379729 0.0401557 0.0415452 0.0283208
threshold=187561.27211538461 7.5000000000000009 1.5000000000000002 0.77500000000000013 372178.17886904773 -1.0000000180025095e-35 428522.66666666669 17981.257961573992 1.3260716808202724 2.5350000000000006 2.9113559540349017
decision_type=8 2 2 8 8 8 2 10 2 2 2
left_child=-1 2 5 -3 -4 -2 7 -5 9 -9 -10
right_child=1 3 4 6 -6 -7 -8 8 10 -11 -12
leaf_value=0.0005572159504976873 -0.00040386393015408333 0.00066146646417006467 -0.00071979314292384803 0.00046813483541733323 -0.00195180321094098 0.0005947295131372419 6.0933587999810383e-05 -0.0014126185171624524 -0.00033767330226467014 -0.00030215491435714453 0.00067391940641208165
leaf_weight=20 14.999999999999998 37 15.999999999999998 46 15.999999999999998 25 510 64 53 62 36
leaf_count=20 15 37 16 46 16 25 510 64 53 62 36
internal_value=-2.33023e-05 -4.57601e-05 -0.000453077 -2.69377e-06 -0.00119544 5.60411e-05 -4.54663e-05 -0.000255219 -0.000457845 -0.000841388 2.87168e-05
internal_weight=900 880 72 808 32 40 771 261 215 126 89
internal_count=900 880 72 808 32 40 771 261 215 126 89
is_linear=0
shrinkage=0.0353657


Tree=406
num_leaves=12
num_cat=1
split_feature=25 1 24 16 63 17 21 16 151 84 18
split_gain=0.0119139 0.018152 0.0269481 0.0465053 0.0347833 0.033565 0.0182379 0.0172265 0.0142419 0.0208835 0.0337945
threshold=187561.27211538461 0 2.9300000000000002 2.1250000000000004 39.266126022018256 613592.7927927929 238015.73506944449 3.1750000000000003 0.10199716324880602 0.14383344039545179 3.5000000000000004
decision_type=8 1 8 2 2 8 8 2 2 10 10
left_child=-1 2 4 -4 -2 6 -5 -7 9 10 -3
right_child=1 8 3 5 -6 7 -8 -9 -10 -11 -12
leaf_value=0.00054578057901374737 -0.00054662951420571444 -0.00048423657430216011 0.00087910791773788781 -0.00060245092197452627 -0.0019965398893056919 0.00060907109964794862 -0.0017209465369345722 -0.00039518796652496897 0.00069380261164478135 0.00012698421440037751 0.00038884300242193417
leaf_weight=20 25 186 20 13.999999999999998 13.999999999999998 21 22 14.999999999999998 13.999999999999998 500 49
leaf_count=20 25 186 20 14 14 21 22 15 14 500 49
internal_value=-2.13972e-05 -4.33706e-05 -0.00038121 -0.000125633 -0.00103822 -0.000488395 -0.00112561 3.04129e-05 2.33852e-05 3.87966e-07 -0.000260692
internal_weight=900 880 131 92 39 72 36 36 749 735 235
internal_count=900 880 131 92 39 72 36 36 749 735 235
cat_boundaries=0 2
cat_threshold=25169960 1
is_linear=0
shrinkage=0.0353657


Tree=407
num_leaves=12
num_cat=0
split_feature=57 16 26 167 274 61 23 59 78 37 57
split_gain=0.0102503 0.0291503 0.0297226 0.0267072 0.0168125 0.0165654 0.0163662 0.0187757 0.0143492 0.042979 0.034982
threshold=10.500000000000002 2.2050000000000005 2.0350000000000006 6.5000000000000009 1.0000000180025095e-35 11.461111111111114 725892.85714285728 7.166666666666667 0.69393384048231765 350604.37562929076 14.500000000000002
decision_type=10 2 8 2 2 10 8 2 2 2 10
left_child=1 6 -3 5 -5 -4 -1 -8 9 -2 -10
right_child=8 2 3 4 -6 -7 7 -9 10 -11 -12
leaf_value=-0.00018523139257996203 0.0013659048291100972 0.00016913390868585326 -0.00082509275498527702 -0.00093502503511587291 -2.6332277762375225e-05 -0.0018077431782665603 0.0011595189752883644 0.00019040407828109802 0.0006428308984378218 5.902113884087779e-05 -0.00011370288949155942
leaf_weight=30 22 30 22 13.999999999999998 45 30 25 27 64 73 518
leaf_count=30 22 30 22 14 45 30 25 27 64 73 518
internal_value=-1.94182e-05 -0.000217552 -0.000515794 -0.00079109 -0.000361464 -0.00130128 0.000228009 0.000605009 4.64477e-05 0.000406498 -1.51604e-05
internal_weight=900 223 141 111 59 52 82 52 677 95 582
internal_count=900 223 141 111 59 52 82 52 677 95 582
is_linear=0
shrinkage=0.0353657


Tree=408
num_leaves=12
num_cat=1
split_feature=1 49 49 258 88 5 48 39 152 36 33
split_gain=0.0160189 0.0586141 0.0340978 0.0312013 0.0298059 0.0289367 0.0230724 0.0396069 0.0239808 0.0202694 0.0183547
threshold=0 -0.30655457263077279 -0.3722240442382066 0.029326727213472854 218433.03935860062 2.5900000000000003 58420.492859275015 492473.43410162145 0.034782319103617461 37141.508796037211 -1.1449999999999998
decision_type=1 10 10 2 2 2 10 2 2 10 2
left_child=1 -1 3 -2 6 -6 7 8 9 -3 -4
right_child=2 4 10 -5 5 -7 -8 -9 -10 -11 -12
leaf_value=-0.0014637708817108284 0.00024753251238083824 0.0005959474830758534 0.0003676962134916369 0.0015480815700774631 0.0013408241825696812 7.7290193897468286e-05 0.00034497110074719559 -0.0012935521564744932 -0.00085331144995653269 -0.0003297871883486739 -6.9110508284354975e-05
leaf_weight=21 13.999999999999998 42 127 27 22 15.999999999999998 29 34 18 27 548
leaf_count=21 14 42 127 27 22 16 29 34 18 27 548
internal_value=-1.60332e-07 -0.000251953 7.72657e-05 0.000860039 -7.27314e-05 0.000614164 -0.000279811 -0.000502197 -0.000148132 0.000154017 1.72039e-05
internal_weight=925 209 716 41 188 38 150 121 87 69 675
internal_count=925 209 716 41 188 38 150 121 87 69 675
cat_boundaries=0 2
cat_threshold=538056713 1
is_linear=0
shrinkage=0.0353657


Tree=409
num_leaves=12
num_cat=1
split_feature=1 61 49 88 5 51 12 93 77 62 5
split_gain=0.015331 0.0528957 0.0428436 0.0319016 0.0310879 0.0250539 0.0341118 0.0284099 0.0229688 0.0222665 0.0223331
threshold=0 117.91666666666667 -0.35330649526227537 218433.03935860062 0.89500000000000013 0.93323017921945262 0.6830127018922193 1572250.7154061627 1.1642826972353266 4.291666666666667 2.5900000000000003
decision_type=1 8 10 2 2 2 2 2 2 8 2
left_child=1 3 -2 -1 8 6 -6 -7 -4 -5 -11
right_child=2 -3 4 9 5 7 -8 -9 -10 10 -12
leaf_value=-0.00027877409548495065 0.0010049802475637119 -0.0014680745440858794 -0.00037942258640722684 -1.4825457160891265e-05 -5.798024462329401e-05 0.00092608729016227141 -0.001129604180220297 0.00014192252700383554 -0.0016180372620226346 0.0015034852860939163 0.0003835845888576577
leaf_weight=240 37 13.999999999999998 14.000000000000002 26 172 47 21 295 13.999999999999998 27 18
leaf_count=240 37 14 14 26 172 47 21 295 14 27 18
internal_value=-9.58391e-07 -0.000187425 0.000101251 -9.22363e-05 2.55197e-05 8.7559e-05 -0.000210978 0.000266231 -0.000807819 0.000471671 0.000940422
internal_weight=925 325 600 311 563 535 193 342 28 71 45
internal_count=925 325 600 311 563 535 193 342 28 71 45
cat_boundaries=0 2
cat_threshold=571890185 1
is_linear=0
shrinkage=0.0353657


Tree=410
num_leaves=12
num_cat=0
split_feature=81 47 143 72 53 68 201 69 68 75 93
split_gain=0.0123669 0.0121634 0.0143117 0.0156997 0.0229055 0.020852 0.0592658 0.0601923 0.0278017 0.0300061 0.0271661
threshold=0.69793790742196882 340107.21730939712 0.041989617278908854 0.22361111111111112 119.50000000000001 371451.07603686641 2.5000000000000004 303815.9791987674 402321.45648148155 0.015235690235690205 692524.78958916909
decision_type=2 10 2 2 10 2 2 8 2 2 2
left_child=-1 2 3 5 -5 6 7 -2 9 -7 -8
right_child=1 -3 -4 4 -6 8 10 -9 -10 -11 -12
leaf_value=-0.00056963117391323388 0.0024142476302535772 -0.00054822102112385841 0.00059201773552293403 2.1205575827244571e-05 0.0009875179205983812 -0.00046875252894137606 -0.00069658015540264499 0.00053933103285374825 -0.00010822287120063994 -0.001725326484860977 7.0977926588159968e-05
leaf_weight=22 13.999999999999998 21 32 32 36 35 41 26 229 18 419
leaf_count=22 14 21 32 32 36 35 41 26 229 18 419
internal_value=-1.74497e-06 1.8249e-05 4.10582e-05 1.15912e-05 0.000452934 -3.19845e-05 9.95121e-05 0.00112582 -0.000266875 -0.000878171 -8.26777e-06
internal_weight=925 903 882 850 68 782 500 40 282 53 460
internal_count=925 903 882 850 68 782 500 40 282 53 460
is_linear=0
shrinkage=0.0353657


Tree=411
num_leaves=12
num_cat=1
split_feature=1 49 73 49 94 48 18 19 60 60 60
split_gain=0.014353 0.0547202 0.0261062 0.0274244 0.0246556 0.0309806 0.035352 0.0226043 0.01969 0.0258 0.024086
threshold=0 -0.30655457263077279 0.27207792207792209 -0.3722240442382066 -1.6476554110191208e-10 58420.492859275015 1.8550000000000002 472346.7512254903 89.774456521739154 67.234567901234584 45.043650793650805
decision_type=1 10 8 10 2 10 10 10 2 2 2
left_child=1 -1 3 -2 7 6 -6 -3 9 10 -5
right_child=2 4 -4 8 5 -7 -8 -9 -10 -11 -12
leaf_value=-0.0014109022123029963 0.00093155302526928352 6.7980284362347982e-05 0.00064394718598341115 3.5748085548560027e-05 0.00018757706745639428 0.00034132153690994809 -0.0010572935359072443 0.0010042190712556446 -0.00077935197023840889 0.00062630237407000785 -0.00051069745316049357
leaf_weight=21 13.999999999999998 52 66 466 13.999999999999998 26 70 26 18 51 101
leaf_count=21 14 52 66 466 14 26 70 26 18 51 101
internal_value=-2.04648e-06 -0.000240384 7.12042e-05 4.02037e-06 -6.65959e-05 -0.000370344 -0.000705684 0.000354875 -3.3128e-05 1.71031e-07 -6.5502e-05
internal_weight=925 209 716 650 188 110 84 78 636 618 567
internal_count=925 209 716 650 188 110 84 78 636 618 567
cat_boundaries=0 2
cat_threshold=538056713 1
is_linear=0
shrinkage=0.0353657


Tree=412
num_leaves=12
num_cat=1
split_feature=1 49 49 75 152 64 73 68 74 5 251
split_gain=0.0133201 0.0524114 0.028955 0.0257012 0.0311374 0.0254618 0.0242418 0.0230183 0.0344463 0.0224101 0.0286005
threshold=0 -0.30655457263077279 -0.3722240442382066 0.033621933621933622 0.031453385036182557 2.8900966183574881 0.27207792207792209 526340.42394957994 0.017862838915470452 0.89500000000000013 60431122.849249668
decision_type=1 10 8 2 2 2 8 2 8 2 2
left_child=1 -1 -2 4 5 -3 7 9 -9 -4 -11
right_child=2 3 6 -5 -6 -7 -8 8 -10 10 -12
leaf_value=-0.0013759733766113183 0.0010010632551003236 0.00062568090666562321 -0.00064619453494208661 -0.00072017792745836121 -0.00066321910553181684 -0.00028168832377523388 0.00058923007390112117 -0.0010499607787552332 -6.161972620236885e-05 0.0003151862672025374 -0.00024504839236094017
leaf_weight=21 15.999999999999998 101 25 34 24 29 64 48 93 329 141
leaf_count=21 16 101 25 34 24 29 64 48 93 329 141
internal_value=-1.13037e-06 -0.000230806 6.93747e-05 -6.02033e-05 0.000129132 0.000356813 3.27208e-05 -3.16515e-05 -0.000401446 7.61441e-05 0.000137472
internal_weight=925 209 716 188 154 130 700 636 141 495 470
internal_count=925 209 716 188 154 130 700 636 141 495 470
cat_boundaries=0 2
cat_threshold=538056713 1
is_linear=0
shrinkage=0.0353657


Tree=413
num_leaves=12
num_cat=1
split_feature=1 47 49 88 5 94 51 94 48 29 29
split_gain=0.0127946 0.0493388 0.0400185 0.0346291 0.0289107 0.0264421 0.0327326 0.0392841 0.0283039 0.0257851 0.0244296
threshold=0 -248190.5989608021 -0.3722240442382066 218433.03935860062 0.89500000000000013 -8.0582107183586781e-11 0.86059446643591653 1.1118834414628637e-10 -178200.91623376624 196058.04206138689 489956.45104918903
decision_type=1 10 10 2 2 2 2 2 10 2 2
left_child=1 -1 10 9 -4 -6 -7 -8 -9 -3 -2
right_child=2 3 4 -5 5 6 7 8 -10 -11 -12
leaf_value=-0.0011117244812129559 0.0018495576933831338 0.00048109688953025228 -0.00078534007393066382 0.00054994264192332872 -0.00013440263666648341 -0.00047170109181050754 0.0015200139719689697 0.00075532451142962481 -1.11454734850544e-05 -0.00035998865246020327 0.00056933476642578851
leaf_weight=37 14.999999999999998 30 27 75 271 25 20 88 98 221 18
leaf_count=37 15 30 27 75 271 25 20 88 98 221 18
internal_value=-2.5188e-06 -0.000159583 9.9092e-05 -2.75755e-05 2.51717e-05 8.78662e-05 0.000354921 0.000517281 0.000357463 -0.00021767 0.00100353
internal_weight=925 363 562 326 529 502 231 206 186 251 33
internal_count=925 363 562 326 529 502 231 206 186 251 33
cat_boundaries=0 2
cat_threshold=571890313 1
is_linear=0
shrinkage=0.0353657


Tree=414
num_leaves=12
num_cat=0
split_feature=56 49 66 43 73 69 27 70 45 27 63
split_gain=0.0149374 0.0150324 0.0294481 0.0204557 0.013322 0.0228898 0.023605 0.0200938 0.0268428 0.0425307 0.0304188
threshold=162.50000000000003 -0.28490129605491304 2.6583333333333337 605890.45594316057 0.2752525252525253 617742.99057315255 703005.45227272739 641345.34375000012 956912.2681818183 650523.64944083698 48.099871261635975
decision_type=2 8 10 2 10 10 10 10 2 10 2
left_child=1 2 3 -1 5 7 -7 8 10 -10 -3
right_child=-2 4 -4 -5 -6 6 -8 -9 9 -11 -12
leaf_value=-0.00066235428485818064 0.0005768789677172894 -0.000184180909806385 1.8970680290018867e-05 -0.0018829900140367659 0.00050901460811894703 -0.0010416084073595518 -0.00011043350737133753 -0.00069375201879861518 0.00070969103432737528 -0.00017879544041392794 0.00061391903774352802
leaf_weight=14.000000000000002 27 408 24 14.999999999999998 36 42 45 21 150 82 44
leaf_count=14 27 408 24 15 36 42 45 21 150 82 44
internal_value=-1.21937e-05 -3.9552e-05 -0.000515975 -0.00115878 -1.41382e-06 -3.30702e-05 -0.000511216 3.09141e-05 6.85788e-05 0.000364017 -8.32417e-05
internal_weight=908 881 53 29 828 792 87 705 684 232 452
internal_count=908 881 53 29 828 792 87 705 684 232 452
is_linear=0
shrinkage=0.0353657


Tree=415
num_leaves=12
num_cat=1
split_feature=56 9 61 51 1 34 44 77 89 59 83
split_gain=0.0142075 0.0135593 0.0213162 0.0156629 0.025548 0.0359937 0.0215356 0.025118 0.0189447 0.0286479 0.0284058
threshold=162.50000000000003 1.0000000180025095e-35 12.480769230769232 1.0294358487509572 0 2.5350000000000006 268951.31897691981 0.97389276076719311 20.000000000000004 53.833333333333336 0.99999999997771816
decision_type=2 2 8 2 1 2 10 2 8 2 2
left_child=1 3 -3 8 5 -5 7 -6 -1 -10 -11
right_child=-2 2 -4 4 6 -7 -8 -9 9 10 -12
leaf_value=-0.00019619408711403296 0.00056317734025156997 -0.0011069686598514632 -0.00013186123977616492 -0.00077987334599754999 0.0013053681596970992 0.000296148891806191 -0.00031183840466639175 0.00039677154824669893 0.0011394395452824096 0.00055482643963857177 -0.00076192550878290068
leaf_weight=444 27 22 51 54 25 50 17 164 22 14.999999999999998 17
leaf_count=444 27 22 51 54 25 50 17 164 22 15 17
internal_value=-1.13061e-05 -3.8021e-05 -0.000436878 1.59181e-06 0.000193481 -0.000193196 0.000407799 0.000553053 -0.000116239 0.000392762 -1.58318e-05
internal_weight=908 881 73 808 310 104 206 189 498 54 32
internal_count=908 881 73 808 310 104 206 189 498 54 32
cat_boundaries=0 1
cat_threshold=16900135
is_linear=0
shrinkage=0.0353657


Tree=416
num_leaves=12
num_cat=1
split_feature=9 61 72 36 93 65 52 36 5 42 1
split_gain=0.0142163 0.0202712 0.0174421 0.0151995 0.0357984 0.0458949 0.0397003 0.0313978 0.0346971 0.0258295 0.0237741
threshold=1.0000000180025095e-35 12.480769230769232 0.40394736842105267 34433.431118332424 3010481.0138888895 2.3373983739837398 160.50000000000003 42346.413332294695 2.5350000000000006 176172.59722222225 0
decision_type=2 8 2 10 2 8 2 10 2 2 1
left_child=2 -2 3 4 5 9 -7 8 -5 -1 -9
right_child=1 -3 -4 7 -6 6 -8 10 -10 -11 -12
leaf_value=0.00083693683665316844 -0.0010758586653597363 -0.00012481490488135214 0.00076176265797447929 -0.0016397922271431172 -0.00021471503669188779 0.0021425469693232258 0.00064854700029379924 -0.0003998927570938749 -0.00026377360461913386 -0.000169177166609584 0.00010861612442869748
leaf_weight=24 22 51 14.999999999999998 21 95 26 21 116 26 66 425
leaf_count=24 22 51 15 21 95 26 21 116 26 66 425
internal_value=-1.06265e-05 -0.000420031 2.9178e-05 4.17588e-06 0.000235507 0.000586611 0.00133542 -8.84535e-05 -0.00079843 0.000182721 -1.20955e-05
internal_weight=908 73 835 820 232 137 47 588 47 90 541
internal_count=908 73 835 820 232 137 47 588 47 90 541
cat_boundaries=0 1
cat_threshold=1090584611
is_linear=0
shrinkage=0.0353657


Tree=417
num_leaves=12
num_cat=0
split_feature=9 61 72 74 79 90 27 51 129 51 49
split_gain=0.0133695 0.01929 0.0167777 0.0153273 0.0271989 0.0324568 0.0341917 0.0249595 0.0202301 0.0193793 0.0269632
threshold=1.0000000180025095e-35 12.480769230769232 0.40394736842105267 0.15504807692307693 0.97881203697815933 1.2306772741158143 425395.61742993857 1.1811485755831017 7.8673913043478274 1.0913698359425157 0.19861285184159624
decision_type=2 8 2 10 2 8 10 2 2 2 10
left_child=2 -2 3 4 9 6 -6 -5 -7 -1 -11
right_child=1 -3 -4 7 5 8 -8 -9 -10 10 -12
leaf_value=-5.6345536850987232e-05 -0.0010470371631463205 -0.00011882898375649983 0.00074649058931902613 0.00013304673096049041 -0.002089693220163091 0.00059231627993684016 -0.00067679660590332005 0.0012955456223473815 -0.00038991662820922181 0.00061213997709051639 -0.00027007682547159208
leaf_weight=509 22 51 14.999999999999998 34 14.999999999999998 17 28 14.999999999999998 42 126 34
leaf_count=509 22 51 15 34 15 17 28 15 42 126 34
internal_value=-1.05377e-05 -0.00040758 2.80209e-05 3.46488e-06 -3.40995e-05 -0.000517581 -0.00115026 0.000497866 -9.33743e-05 4.45793e-05 0.000362622
internal_weight=908 73 835 820 771 102 43 49 59 669 160
internal_count=908 73 835 820 771 102 43 49 59 669 160
is_linear=0
shrinkage=0.0353657


Tree=418
num_leaves=12
num_cat=1
split_feature=56 49 64 62 1 47 92 60 60 55 49
split_gain=0.0133826 0.013601 0.0279031 0.0340778 0.017362 0.0510508 0.0203561 0.0339642 0.0241424 0.0239045 0.0187445
threshold=162.50000000000003 -0.28490129605491304 2.8100961538461542 9.0916666666666686 0 106298.50934343423 -79869.836685425122 17.506410256410259 18.416666666666668 14.16666666666667 0.10969598551209216
decision_type=2 8 2 10 1 10 2 2 2 2 8
left_child=1 2 -1 -4 5 6 8 9 -3 -8 -6
right_child=-2 4 3 -5 10 -7 7 -9 -10 -11 -12
leaf_value=6.4977279715852258e-05 0.00054745050658671908 0.0010375530340064911 -0.001907460849092477 -0.00049899453919774375 -1.0253017183072954e-05 -0.00094096296491672751 -5.9448564425590756e-05 0.00034392248410709391 -4.0007562773068603e-05 -0.0008512373675365816 0.00042469370242488694
leaf_weight=22 27 36 17.000000000000004 13.999999999999998 323 67 60 86 18 75 163
leaf_count=22 27 36 17 14 323 67 60 86 18 75 163
internal_value=-1.00985e-05 -3.60667e-05 -0.000489196 -0.00108631 -5.32139e-07 -0.000184042 6.23026e-06 -0.000125859 0.000524629 -0.000458945 0.00013087
internal_weight=908 881 53 31 828 342 275 221 54 135 486
internal_count=908 881 53 31 828 342 275 221 54 135 486
cat_boundaries=0 1
cat_threshold=1831160358
is_linear=0
shrinkage=0.0353657


Tree=419
num_leaves=12
num_cat=0
split_feature=56 49 64 62 83 48 209 5 71 19 53
split_gain=0.012727 0.0124629 0.0263899 0.0327626 0.0123349 0.0289623 0.0160264 0.0300684 0.0216466 0.029583 0.0211528
threshold=162.50000000000003 -0.28490129605491304 2.8100961538461542 9.0916666666666686 0.68949864874143973 -59479.222878086432 0.061288523874654957 1.5850000000000002 403923.01401856716 338307.35714285722 20.500000000000004
decision_type=2 8 2 10 2 8 2 2 2 10 10
left_child=1 2 -1 -4 5 -3 8 -8 9 -6 -11
right_child=-2 4 3 -5 6 -7 7 -9 -10 10 -12
leaf_value=7.101042238109043e-05 0.00053444668648601728 9.3700411176516572e-06 -0.0018524000607889528 -0.00047175800044988472 -0.00041494826331930581 0.0012662282417903641 -0.00044169944634833594 0.00032018789651429134 -0.00050164529474331883 0.00088216169102386596 9.5905090033359495e-05
leaf_weight=22 27 21 17.000000000000004 13.999999999999998 118 17 58 260 141 30 183
leaf_count=22 27 21 17 14 118 17 58 260 141 30 183
internal_value=-9.2598e-06 -3.46175e-05 -0.000468382 -0.00104825 -5.10758e-07 0.000482729 -3.10964e-05 0.00015345 -0.0001603 -8.8933e-06 0.00022888
internal_weight=908 881 53 31 828 38 790 318 472 331 213
internal_count=908 881 53 31 828 38 790 318 472 331 213
is_linear=0
shrinkage=0.0353657


Tree=420
num_leaves=12
num_cat=1
split_feature=78 1 61 5 95 87 90 56 31 29 67
split_gain=0.0119029 0.0134394 0.0361296 0.0347377 0.0430501 0.0411399 0.0391329 0.0213341 0.0210839 0.015915 0.0347555
threshold=0.54832776586557974 0 80.522875816993476 1.9100000000000004 -122841.08333333333 236379.23506944449 1.2766451466904056 40.500000000000007 2.0350000000000006 413877.09027777787 2.9411109605132384
decision_type=2 1 8 2 2 2 8 2 2 2 2
left_child=-1 2 3 6 8 7 -2 -6 -5 10 -3
right_child=1 9 -4 4 5 -7 -8 -9 -10 -11 -12
leaf_value=0.00059046143153064815 -0.0002072466040168911 0.00014072538700368186 -0.0013121178286920774 0.0014453714035275395 0.00091793741200727245 -0.00098938134775389893 -0.0015859932229168676 -0.00016167578018431227 0.00043166966789499699 -4.6343369966479998e-05 0.0012380405690555893
leaf_weight=14.999999999999998 33 138 13.999999999999998 20 20 42 25 19 44 519 22
leaf_count=15 33 138 14 20 20 42 25 19 44 519 22
internal_value=-1.31839e-05 -3.27484e-05 -0.000256701 -0.000147028 0.000125261 -0.000320759 -0.000754005 0.000255311 0.000730853 4.26837e-05 0.000332229
internal_weight=911 896 217 203 145 81 58 39 64 679 160
internal_count=911 896 217 203 145 81 58 39 64 679 160
cat_boundaries=0 2
cat_threshold=1091116048 1
is_linear=0
shrinkage=0.0353657


Tree=421
num_leaves=12
num_cat=1
split_feature=51 7 204 83 1 7 22 65 167 76 65
split_gain=0.0123403 0.0268634 0.0349757 0.0184877 0.0208892 0.0339834 0.0513081 0.0331998 0.0575385 0.0369151 0.0311434
threshold=0.83193653958857028 1.5000000000000002 116.0766636 0.72922799118554771 0 1.5000000000000002 1.5600000000000003 2.2875939849624065 28.500000000000004 -9.4999999999999982 2.1579768270944748
decision_type=2 2 2 2 1 2 10 10 2 10 10
left_child=1 2 -1 -2 -5 7 -7 -6 9 -9 -8
right_child=3 -3 -4 4 5 6 10 8 -10 -11 -12
leaf_value=-0.00029876101904137122 0.0008027227649282971 5.4358900820898136e-06 -0.0015321055969712194 0.0002241639331710311 0.00045528966737243645 -0.0015736936580813953 -0.00068661907021597851 -7.1204900845324339e-05 0.00043492040402140893 -0.0012308132252264834 0.00051892623610945855
leaf_weight=49 15.999999999999998 149 25 319 113 33 31 27 56 67 26
leaf_count=49 16 149 25 319 113 33 31 27 56 67 26
internal_value=-1.27272e-05 -0.000230599 -0.000717059 5.87379e-05 2.73593e-05 -0.000150868 -0.000685341 2.96547e-05 -0.000277633 -0.000783098 -0.000181931
internal_weight=911 223 74 688 672 353 90 263 150 94 57
internal_count=911 223 74 688 672 353 90 263 150 94 57
cat_boundaries=0 1
cat_threshold=2498158731
is_linear=0
shrinkage=0.0353657


Tree=422
num_leaves=12
num_cat=0
split_feature=78 66 21 36 41 65 75 56 62 57 20
split_gain=0.0114103 0.0123759 0.0216182 0.0232009 0.0225932 0.0522537 0.0240283 0.0201376 0.0198182 0.0228211 0.0173728
threshold=0.54832776586557974 3.0286650286650292 904193.48296221334 251073.40791145762 799502.44183773233 2.021276595744681 0.17717909734918721 20.500000000000004 61.650000000000006 81.500000000000014 2.4400000000000004
decision_type=2 10 10 10 2 10 2 2 10 10 10
left_child=-1 2 3 4 -2 -6 -7 10 9 -9 -3
right_child=1 7 -4 -5 5 6 -8 8 -10 -11 -12
leaf_value=0.00057974128198904056 -0.00012254409326637039 0.0011563419575597918 -0.00058448862146134861 -0.00075941835036726513 0.0014986357564639207 5.4705019696256738e-07 0.00094014867664062333 -0.0001070632723598945 -0.00070453296729684409 0.00077471559575387292 0.0002672595646088299
leaf_weight=14.999999999999998 420 34 77 27 18 160 15.999999999999998 75 18 31 20
leaf_count=15 420 34 77 27 18 160 16 75 18 31 20
internal_value=-1.13262e-05 -3.05114e-05 -9.64055e-05 -2.89887e-05 1.6321e-05 0.000315932 0.00013827 0.000214544 1.00632e-05 0.000161714 0.000698919
internal_weight=911 896 718 641 614 194 176 178 124 106 54
internal_count=911 896 718 641 614 194 176 178 124 106 54
is_linear=0
shrinkage=0.0353657


Tree=423
num_leaves=12
num_cat=1
split_feature=51 11 60 37 79 84 1 87 62 56 87
split_gain=0.0114857 0.0248523 0.0212734 0.0206459 0.01857 0.0292837 0.0281847 0.0438945 0.029495 0.0334557 0.0288518
threshold=0.83193653958857028 -0.6830127018922193 18.416666666666668 402468.00000000006 -0.19562396393416673 0.10751626843211083 0 322805.97222222231 54.363526570048315 25.500000000000004 723360.10714285728
decision_type=2 2 2 2 2 8 1 2 8 2 2
left_child=1 -1 3 -3 6 -6 7 -2 10 -10 -8
right_child=4 2 -4 -5 5 -7 8 -9 9 -11 -12
leaf_value=4.5775503843404411e-05 0.0005007864085338783 -0.00085905393695790431 -0.0011474522623265034 0.00017641650095421394 -0.00066860005031237405 3.5202417195237442e-05 0.00077579928351557113 -0.0006791668361326986 -0.00034372925054983601 0.00066765283860020796 0.0019980022371159788
leaf_weight=132 45 14.999999999999998 41 35 67 336 46 65 47 67 14.999999999999998
leaf_count=132 45 15 41 35 67 336 46 65 47 67 15
internal_value=-1.06193e-05 -0.000220878 -0.000630399 -0.000249542 5.82872e-05 -8.82935e-05 0.000270045 -0.000119606 0.000524887 0.000250463 0.00109769
internal_weight=911 223 91 50 688 403 285 110 175 114 61
internal_count=911 223 91 50 688 403 285 110 175 114 61
cat_boundaries=0 1
cat_threshold=16783728
is_linear=0
shrinkage=0.0353657


Tree=424
num_leaves=12
num_cat=0
split_feature=78 84 36 233 37 65 87 84 294 48 87
split_gain=0.0108291 0.0123421 0.0219937 0.0487731 0.0294545 0.0391076 0.0229593 0.0336249 0.0288332 0.0207798 0.0195725
threshold=0.54832776586557974 0.12885473056566957 30820.250349723927 0.017503998576677202 350604.37562929076 1.9045454545454545 785686.95708020066 0.228375918155621 11.839154039663565 -86807.708715913745 733921.51648351655
decision_type=2 10 10 2 2 10 2 10 10 10 2
left_child=-1 10 3 -3 -4 9 8 -8 -7 -6 -2
right_child=1 2 4 -5 5 6 7 -9 -10 -11 -12
leaf_value=0.00056550884681265791 -4.0866482432400097e-05 0.0013123260558884535 -0.0009545267271985475 -0.00026826614053150302 0.0016014826266781941 0.00022123591439080574 0.00050998658873007492 -0.00022156994465471621 -0.0004974585892728678 0.00043806321375305246 -0.00064533425995948386
leaf_weight=14.999999999999998 184 36 14.999999999999998 14.999999999999998 20 76 152 114 190 17 77
leaf_count=15 184 36 15 15 20 76 152 114 190 17 77
internal_value=-1.03064e-05 -2.90315e-05 5.17712e-05 0.00063011 -5.96182e-06 3.53899e-05 -3.9443e-05 0.000178475 -0.000265122 0.000895404 -0.000225727
internal_weight=911 896 635 51 584 569 532 266 266 37 261
internal_count=911 896 635 51 584 569 532 266 266 37 261
is_linear=0
shrinkage=0.0353657


Tree=425
num_leaves=9
num_cat=0
split_feature=61 60 92 60 42 61 60 75
split_gain=0.0107281 0.0161871 0.0167964 0.0194957 0.0153173 0.0248585 0.0147042 0.0145977
threshold=117.91666666666667 87.48238482384825 277745.01396189746 76.952747252747272 970650.07575757592 74.426470588235318 45.043650793650805 0.10472274931477966
decision_type=10 2 2 2 2 10 2 2
left_child=1 2 3 4 5 6 -1 -3
right_child=-2 7 -4 -5 -6 -7 -8 -9
leaf_value=3.1165850562808835e-05 -0.0005706129076552838 -0.0012136193921131353 0.00068448018707102361 0.000728804431950061 -0.0006713229960888785 0.00076618295013641737 -0.00036146238467930989 -0.00023538817885894141
leaf_weight=652 17 13.999999999999998 24 21 19 27 119 18
leaf_count=652 17 14 24 21 19 27 119 18
internal_value=-1.00815e-05 6.73977e-06 3.80336e-05 9.37042e-06 -1.85433e-05 4.80113e-06 -3.15482e-05 -0.000577094
internal_weight=911 894 862 838 817 798 771 32
internal_count=911 894 862 838 817 798 771 32
is_linear=0
shrinkage=0.0353657


Tree=426
num_leaves=12
num_cat=1
split_feature=61 6 42 54 69 61 1 54 66 274 26
split_gain=0.015158 0.0367662 0.0159587 0.0163447 0.0175729 0.0149005 0.0231259 0.0243361 0.0231908 0.0161973 0.012489
threshold=117.91666666666667 2.5000000000000004 970650.07575757592 285.00000000000006 827794.40111614938 74.426470588235318 0 15.500000000000002 2.5313725490196082 0.61666666666666681 1.8950000000000002
decision_type=8 2 2 10 10 10 1 10 10 2 8
left_child=2 -2 3 4 5 6 8 -8 -1 -7 -4
right_child=1 -3 10 -5 -6 9 7 -9 -10 -11 -12
leaf_value=0.00048051186312799945 5.5406345024875591e-05 -0.0012940146500510399 -0.00025328845706180545 -0.00063194644751590767 0.00079950323055881154 0.0011398137747156555 -0.00039000741078496843 0.00013063601743524284 -6.0345112131500976e-05 0.00021003546027012574 -0.001101042249070148
leaf_weight=204 26 22 13.999999999999998 13.999999999999998 20 22 216 181 144 22 16.000000000000004
leaf_count=204 26 22 14 14 20 22 216 181 144 22 16
internal_value=1.32814e-05 -0.000481096 4.92103e-05 8.10868e-05 0.000105986 7.67944e-05 3.70173e-05 -0.000139725 0.000237095 0.000582693 -0.00053927
internal_weight=901 48 853 823 809 789 745 397 348 44 30
internal_count=901 48 853 823 809 789 745 397 348 44 30
cat_boundaries=0 2
cat_threshold=1108144190 1
is_linear=0
shrinkage=0.0353657


Tree=427
num_leaves=12
num_cat=0
split_feature=73 3 29 45 87 71 76 36 251 251 87
split_gain=0.0144516 0.0291743 0.0157293 0.0397252 0.0378602 0.0422179 0.0291419 0.0235396 0.0220846 0.023095 0.0351755
threshold=0.51428571428571435 6.5000000000000009 653067.04545454553 1002607.0321800596 593155.68675595254 364558.25731505343 38.500000000000007 33061.520721342786 58080281.61321225 58935106.054629996 322805.97222222231
decision_type=8 2 2 2 2 2 10 10 2 2 2
left_child=2 -2 3 8 -5 -6 7 -4 -1 10 -10
right_child=1 -3 6 4 5 -7 -8 -9 9 -11 -12
leaf_value=0.00059427330399883379 8.6635812119227281e-05 -0.0011900538101967003 -0.00074124332204815577 0.00026682518004581733 0.002620271997690612 0.00097694810128719743 -0.0010409848017034213 3.474263150795216e-05 -0.0016074758322899832 3.6353110742567652e-05 -0.00020346449813151874
leaf_weight=55 14.999999999999998 23 31 32 13.999999999999998 21 15.999999999999998 343 15.999999999999998 316 19
leaf_count=55 15 23 31 32 14 21 16 343 16 316 19
internal_value=1.25989e-05 -0.000510179 4.41051e-05 0.000179209 0.000863508 0.00157543 -0.000114832 -4.86709e-05 5.04073e-05 -5.14662e-05 -0.000712561
internal_weight=901 38 863 473 67 35 390 374 406 351 35
internal_count=901 38 863 473 67 35 390 374 406 351 35
is_linear=0
shrinkage=0.0353657


Tree=428
num_leaves=12
num_cat=0
split_feature=17 58 199 56 20 63 48 45 51 69 63
split_gain=0.0141778 0.0258283 0.0268808 0.0287003 0.030618 0.0201583 0.0372017 0.0303558 0.0350503 0.0341288 0.0310628
threshold=776173.32277753216 40.500000000000007 0.088456771056235659 78.500000000000014 2.5650000000000004 46.164883635621429 131598.68086390934 976245.53875487333 0.76526022437293062 192226.60583333336 24.404179612716948
decision_type=8 8 2 2 8 2 8 2 2 10 2
left_child=5 -2 3 4 -3 7 -7 10 -9 -10 -1
right_child=1 2 -4 -5 -6 6 -8 8 9 -11 -12
leaf_value=6.0874744386957816e-05 0.00013791924270192927 -0.0018573244871871633 6.1775513649434913e-05 -0.000114472709259675 -0.00072123654342505072 0.00017683166849815932 0.0015196873775870285 -8.0797666573814055e-05 0.0017904996373857025 0.00057313425843235851 -0.0005949628084140682
leaf_weight=313 140 25 50 30 61 28 21 51 20 65 97
leaf_count=313 140 25 50 30 61 28 21 51 20 65 97
internal_value=1.15574e-05 -0.00017508 -0.000462345 -0.000754397 -0.00107946 0.000111422 0.000673443 4.96346e-05 0.000470496 0.000895579 -9.71201e-05
internal_weight=901 306 166 116 86 595 49 546 136 85 410
internal_count=901 306 166 116 86 595 49 546 136 85 410
is_linear=0
shrinkage=0.0353657


Tree=429
num_leaves=12
num_cat=0
split_feature=17 58 199 226 58 70 80 63 48 33 17
split_gain=0.0130314 0.0239484 0.0252349 0.0235552 0.0226533 0.0207045 0.019642 0.0188784 0.0355317 0.0238244 0.0215101
threshold=776173.32277753216 40.500000000000007 0.088456771056235659 -8.3580425999999992 8.5000000000000018 553919.78285714297 71754136.413815245 46.164883635621429 131598.68086390934 -1.99 623556.63888888899
decision_type=8 8 2 2 10 10 2 2 8 2 10
left_child=7 4 3 -3 -2 -6 -5 9 -9 -1 -11
right_child=1 2 -4 6 5 -7 -8 8 -10 10 -12
leaf_value=-0.00077841443164436072 -0.00030722850481019017 -0.001528067153507899 6.3710433895223921e-05 -4.4474387183852316e-05 0.00012079395642293287 0.001017903130947354 -0.00084659914392762553 0.00016573808740514979 0.0014777195788028151 -1.551094103397692e-05 0.00049192848991826295
leaf_weight=17 53 17 50 37 52 35 62 28 21 419 110
leaf_count=17 53 17 50 37 52 35 62 28 21 419 110
internal_value=1.17267e-05 -0.000167136 -0.000443798 -0.000726753 0.000134085 0.000474422 -0.000535706 0.000107516 0.00065142 4.76298e-05 9.33919e-05
internal_weight=901 306 166 116 140 87 99 595 49 546 529
internal_count=901 306 166 116 140 87 99 595 49 546 529
is_linear=0
shrinkage=0.0353657


Tree=430
num_leaves=12
num_cat=0
split_feature=61 261 54 51 47 28 22 58 251 167 80
split_gain=0.0124732 0.0340645 0.014499 0.0152916 0.0233855 0.0416674 0.0286344 0.0269073 0.023572 0.0181757 0.0167363
threshold=117.91666666666667 0.053614672182044153 285.00000000000006 1.2708764133932038 106298.50934343423 2.6800000000000002 2.6850000000000005 14.500000000000002 60662055.286100008 17.500000000000004 71754136.413815245
decision_type=8 2 10 2 10 10 10 8 2 2 2
left_child=2 -2 3 10 7 6 -6 8 -5 -7 -1
right_child=1 -3 -4 4 5 9 -8 -9 -10 -11 -12
leaf_value=7.763692984933227e-05 -0.0011470735424979604 0.00015743645878626766 -0.00062938022477729294 0.00081677535373179922 -0.0015342720359029444 0.0010843120901994432 -0.00027311260130881274 0.00033491429281628436 0.0020757639413597701 0.00014060605779275134 -0.00032535123640724289
leaf_weight=475 26 22 13.999999999999998 19 17 24 29 90 14.999999999999998 22 148
leaf_count=475 26 22 14 19 17 24 29 90 15 22 148
internal_value=1.09907e-05 -0.00043736 4.37073e-05 6.65023e-05 0.000309927 -4.61054e-05 -0.000699749 0.000613597 0.00128321 0.000510837 -1.86137e-05
internal_weight=901 48 853 839 216 92 46 124 34 46 623
internal_count=901 48 853 839 216 92 46 124 34 46 623
is_linear=0
shrinkage=0.0353657


Tree=431
num_leaves=12
num_cat=0
split_feature=79 94 94 57 84 63 63 84 84 73 196
split_gain=0.0119787 0.0195012 0.0194187 0.0210285 0.027759 0.0315527 0.0170337 0.0163813 0.018826 0.0166803 0.0176177
threshold=0.89531096990735093 1.359493598117887e-10 454426.03054893127 27.500000000000004 0.2149981407644527 49.420661745661739 22.833386058386058 0.41063491416900294 0.35387674772369898 0.3133928571428572 9.3019480519480542
decision_type=2 2 2 8 10 2 2 10 10 10 2
left_child=7 -2 -3 4 -4 6 -6 8 9 10 -1
right_child=1 2 3 -5 5 -7 -8 -9 -10 -11 -12
leaf_value=0.00019819334439434851 -0.00085544870754915184 0.00053208613928068191 0.00060378248150043498 -0.00092432741176423779 -0.00039274414048974835 -0.0011694249500823269 0.00061431046700048892 0.00075651640482215078 -0.00065116996289308628 0.00078549687774976231 -0.00015317104877736102
leaf_weight=391 30 27 31 24 14.999999999999998 23 19 18 22 15.999999999999998 285
leaf_count=391 30 27 31 24 15 23 19 18 22 16 285
internal_value=9.99117e-06 -0.000239019 -7.86383e-05 -0.000265989 -3.817e-05 -0.000416678 2.98991e-05 7.23273e-05 4.30611e-05 7.8199e-05 4.78619e-05
internal_weight=901 169 139 112 88 57 34 732 714 692 676
internal_count=901 169 139 112 88 57 34 732 714 692 676
is_linear=0
shrinkage=0.0353657


Tree=432
num_leaves=12
num_cat=0
split_feature=280 79 57 79 67 84 84 66 67 267 24
split_gain=0.0115564 0.0130013 0.0236294 0.0201151 0.0181866 0.0190269 0.0222022 0.0419107 0.0301774 0.0175422 0.0294525
threshold=0.030668064915636405 -0.76056003639754666 12.500000000000002 -0.71319247442063671 4.5505050505050519 0.14383344039545179 0.15849658667617664 2.8856209150326801 2.3466481681491831 0.038991874025650609 3.0250000000000004
decision_type=2 2 8 2 2 10 10 8 2 2 8
left_child=1 2 -1 -3 5 -5 7 -7 -8 -4 -11
right_child=-2 3 9 4 -6 6 8 -9 -10 10 -12
leaf_value=-0.00036833266741691516 -0.00038045278311582282 -0.00074563289404468061 0.00020211471419570698 -0.00021273003549376532 -0.00071445033676209959 9.8802781443778847e-05 0.0006749315861992708 0.0016389129904622695 -3.6669985195710166e-05 0.00027864020462286724 0.0013868846044927483
leaf_weight=28 58 21 102 197 15.999999999999998 13.999999999999998 70 23 310 25 41
leaf_count=28 58 21 102 197 16 14 70 23 310 25 41
internal_value=2.14205e-05 5.57752e-05 0.000294421 -1.66924e-05 1.78892e-05 5.37444e-05 0.000187599 0.000831803 0.000107587 0.000466077 0.000862672
internal_weight=905 847 196 651 630 614 417 37 380 168 66
internal_count=905 847 196 651 630 614 417 37 380 168 66
is_linear=0
shrinkage=0.0353657


Tree=433
num_leaves=12
num_cat=1
split_feature=47 72 83 90 89 1 51 16 16 44 84
split_gain=0.0105098 0.0161162 0.0218044 0.0184127 0.0307466 0.025275 0.0429017 0.0412483 0.0363703 0.0236456 0.0213721
threshold=340107.21730939712 0.22361111111111112 1.243137432064819 0.98466755105252701 9.5000000000000018 0 0.99999999996349231 3.0250000000000004 0.89500000000000013 256376.52073174971 0.17137682496869286
decision_type=10 2 2 8 10 1 2 2 2 10 8
left_child=1 3 -3 4 9 8 -7 -8 -5 -1 -10
right_child=-2 2 -4 5 -6 6 7 -9 10 -11 -12
leaf_value=0.0003407293034208052 -0.00050143014241831832 0.00021224828255335198 0.0012299616731853854 0.00064958419669263552 0.0012517058621535622 -0.00035266155982951997 0.00015497003413710985 0.0011369258143223877 -0.00075151950797725431 -0.00054323329231378717 -0.00018345597041651124
leaf_weight=129 22 52 17 20 14.999999999999998 117 151 54 123 24 181
leaf_count=129 22 52 17 20 15 117 151 54 123 24 181
internal_value=1.91531e-05 4.05297e-05 0.000485547 -1.49178e-06 0.000304195 -8.79128e-05 0.000121652 0.000427561 -0.000297845 0.000162697 -0.000416653
internal_weight=905 883 69 814 168 646 322 205 324 153 304
internal_count=905 883 69 814 168 646 322 205 324 153 304
cat_boundaries=0 1
cat_threshold=3776141797
is_linear=0
shrinkage=0.0353657


Tree=434
num_leaves=12
num_cat=0
split_feature=54 80 33 76 219 33 4 76 89 54 47
split_gain=0.0108549 0.0113743 0.0188867 0.0165577 0.0140141 0.0124159 0.0205925 0.0214404 0.0163527 0.0275986 0.0252398
threshold=285.00000000000006 222908330.49710667 -1.99 57.500000000000007 20.500000000000004 -1.3249999999999997 59.000000000000007 3.5000000000000004 13.000000000000002 39.500000000000007 -326127.83333333331
decision_type=10 2 2 10 2 2 2 10 8 10 10
left_child=1 2 4 5 -1 6 -4 -8 10 -10 -7
right_child=-2 -3 3 -5 -6 8 7 -9 9 -11 -12
leaf_value=-0.0011832532830773888 -0.00054948528826815311 0.0005954697299954797 -0.00017298591570864702 -0.00062147809160798396 -0.00023643799534050849 -0.00082441256245801339 0.0011362474852234248 0.00021288885384131186 0.00012853956367981343 0.0012320598949488268 1.4575216788006419e-05
leaf_weight=17 15.999999999999998 20 22 19 20 23 46 29 54 21 618
leaf_count=17 16 20 22 19 20 23 46 29 54 21 618
internal_value=1.90949e-05 3.83762e-05 1.67705e-05 5.31705e-05 -0.000585893 8.08756e-05 0.000416863 0.000710793 2.91923e-05 0.000457047 -2.71323e-05
internal_weight=905 889 869 832 37 813 97 75 716 75 641
internal_count=905 889 869 832 37 813 97 75 716 75 641
is_linear=0
shrinkage=0.0353657


Tree=435
num_leaves=12
num_cat=0
split_feature=280 28 124 57 54 40 46 84 93 294 87
split_gain=0.0105797 0.0208982 0.0182005 0.0129548 0.0117108 0.0204824 0.0156863 0.0158108 0.0179809 0.0353703 0.0289102
threshold=0.030668064915636405 3.0650000000000004 0.029068829553547056 48.500000000000007 5.5000000000000009 23925.711813117825 178811.10683760684 0.14383344039545179 1456649.1239711938 11.968144340923276 368169.03571428574
decision_type=2 10 2 10 8 10 2 8 2 8 2
left_child=4 2 3 -2 5 -1 -6 -8 9 -9 -10
right_child=1 -3 -4 -5 6 -7 7 8 10 -11 -12
leaf_value=-5.7157360345676009e-05 2.7950757276097727e-05 -0.0011155354429993347 -0.00064736286302095381 0.00090481247908818152 0.00064603067806236257 -0.0011307245689306717 -0.00019954653986787847 0.00010299369750906695 -0.00043531303819554297 0.0013890396715084412 0.00019578121051117093
leaf_weight=19 14.000000000000002 13.999999999999998 14.999999999999998 14.999999999999998 34 14.999999999999998 212 26 88 27 426
leaf_count=19 14 14 15 15 34 15 212 26 88 27 426
internal_value=1.7377e-05 -0.000367168 -8.07224e-05 0.000351908 5.03122e-05 -0.000434273 7.95412e-05 4.52283e-05 0.000141422 0.000656367 7.73696e-05
internal_weight=905 58 44 29 847 34 813 779 567 53 514
internal_count=905 58 44 29 847 34 813 779 567 53 514
is_linear=0
shrinkage=0.0353657


Tree=436
num_leaves=12
num_cat=0
split_feature=280 64 21 17 84 51 69 36 59 251 22
split_gain=0.0102057 0.0127272 0.0165259 0.0122725 0.0137918 0.0157597 0.0248389 0.0272701 0.0363951 0.0262904 0.0164838
threshold=0.030668064915636405 3.0699186991869927 255012.02396605702 192252.95000000004 0.14383344039545179 0.81979612472879504 827794.40111614938 90813.20758858179 64.833333333333357 60431122.849249668 2.3400000000000003
decision_type=2 2 8 8 8 2 10 10 2 2 10
left_child=3 2 -2 -1 -5 10 7 8 -7 -9 -6
right_child=1 -3 -4 4 5 6 -8 9 -10 -11 -12
leaf_value=0.00061394435984615846 -0.00062119130383906599 -0.00090170239443437719 0.00034980284042431832 -0.00019164863147489794 7.8724305428959821e-05 0.0007532257128161961 0.0010254398366196166 0.00013384415406670331 -0.00031452104949562055 -0.00060957451170733047 -0.00052052918489577625
leaf_weight=22 14.999999999999998 19 24 236 115 132 23 162 27 61 69
leaf_count=22 15 19 24 236 115 132 23 162 27 61 69
internal_value=1.59886e-05 -0.000361703 -9.89522e-05 4.83625e-05 2.41361e-05 0.000114813 0.000237629 0.000167654 0.000495516 -6.95187e-05 -0.000134201
internal_weight=905 58 39 847 825 589 405 382 159 223 184
internal_count=905 58 39 847 825 589 405 382 159 223 184
is_linear=0
shrinkage=0.0353657


Tree=437
num_leaves=12
num_cat=1
split_feature=78 79 69 1 93 36 21 51 71 25 167
split_gain=0.0101236 0.0245018 0.0227265 0.0210503 0.0399782 0.0362274 0.0250107 0.0192756 0.0270408 0.0268923 0.0183236
threshold=0.94377835079379968 -0.26719829045251381 344387.83333333343 0 5522772.9504077332 69607.184417843877 466826.30507246376 0.93323017921945262 332932.58155131916 490402.79968352563 35.500000000000007
decision_type=2 2 8 1 2 8 8 2 2 10 2
left_child=1 -1 -3 7 5 6 -5 9 -9 -2 -7
right_child=3 2 -4 4 -6 10 -8 8 -10 -11 -12
leaf_value=6.0502064937635562e-05 -0.0012230738056591994 0.0016243613485937892 0.00040387905803432349 -0.00039974397974246054 -0.0012900550889983016 0.00036448220229457265 -0.0014580528611266956 0.0010184293175459287 0.0001112521449564388 -2.3626343403897011e-05 -0.00050485196855264299
leaf_weight=442 13.999999999999998 15.000000000000002 13.999999999999998 55 25 107 21 31 141 26 13.999999999999998
leaf_count=442 14 15 14 55 25 107 21 31 141 26 14
internal_value=1.51142e-05 0.000126941 0.000859889 -0.00010322 -0.0003278 -0.000179602 -0.000698778 0.000128187 0.000306348 -0.000393451 0.000168974
internal_weight=905 471 29 434 222 197 76 212 172 40 121
internal_count=905 471 29 434 222 197 76 212 172 40 121
cat_boundaries=0 1
cat_threshold=344040920
is_linear=0
shrinkage=0.0353657


Tree=438
num_leaves=12
num_cat=1
split_feature=66 69 1 44 70 44 95 71 274 22 267
split_gain=0.0155971 0.0287598 0.0238924 0.0362087 0.0293913 0.0338655 0.0253417 0.0245937 0.0219295 0.0218815 0.0233872
threshold=2.8535714285714291 562775.60357142868 0 28201.026365559952 360356.25000000006 23726.806431924979 369724.87697633688 34249.635616416112 0.61666666666666681 2.6300000000000003 0.062206158544219153
decision_type=10 10 1 8 10 8 2 2 2 8 2
left_child=1 2 3 -1 5 7 -6 -4 -3 -7 -11
right_child=-2 8 4 -5 6 9 -8 -9 -10 10 -12
leaf_value=0.00037269905194056691 0.000200842323187698 -0.0014082055716028745 2.8878078211087729e-05 -0.00059241961377496321 -0.00011826373474097484 3.2739041238810374e-05 -0.0012529391898024255 -0.0011338745545548708 -0.00037278742849193954 0.00042135511020833491 0.0012561785775043128
leaf_weight=40 239 24 13.999999999999998 160 21 125 23 27 37 147 34
leaf_count=40 239 24 14 160 21 125 23 27 37 147 34
internal_value=-2.99477e-05 -0.000119131 -4.37469e-05 -0.000330647 0.000112305 0.000230285 -0.00056255 -0.000509263 -0.000737114 0.000362782 0.0006012
internal_weight=891 652 591 200 391 347 44 41 61 306 181
internal_count=891 652 591 200 391 347 44 41 61 306 181
cat_boundaries=0 1
cat_threshold=607259969
is_linear=0
shrinkage=0.0353657


Tree=439
num_leaves=12
num_cat=1
split_feature=143 1 44 81 11 60 48 68 56 293 21
split_gain=0.010132 0.0112455 0.0253741 0.0292338 0.0421259 0.0350305 0.0397629 0.0304336 0.0216661 0.0174584 0.0149271
threshold=0.052348919752864813 0 28201.026365559952 0.87481126900044848 -0.5 49.493355481727583 92202.179567139348 555924.70714285725 55.500000000000007 12.816114613500948 731416.66666666686
decision_type=2 1 8 2 2 2 10 2 2 10 8
left_child=1 2 -1 4 -4 6 8 -7 -5 10 -3
right_child=-2 9 3 5 -6 7 -8 -9 -10 -11 -12
leaf_value=0.00054989155309259044 0.00052708458772799424 0.00016734220541208305 -0.00020821715202463525 -0.0014249844574657081 0.0012566453049189423 0.0010057251157760583 1.2387173021336218e-05 -0.00033822715310368991 -0.00048242840865995068 0.0007484359134433471 -0.00016449252054925368
leaf_weight=18 14.999999999999998 304 33 85 14.999999999999998 15.999999999999998 23 17 24 15.999999999999998 325
leaf_count=18 15 304 33 85 15 16 23 17 24 16 325
internal_value=-2.86681e-05 -4.7196e-05 -0.000243467 -0.000378003 0.0002237 -0.000599218 -0.000859735 0.000141823 -0.0011508 2.66845e-05 -1.48477e-06
internal_weight=891 876 231 213 48 165 132 33 109 645 629
internal_count=891 876 231 213 48 165 132 33 109 645 629
cat_boundaries=0 2
cat_threshold=85331200 1
is_linear=0
shrinkage=0.0353657


Tree=440
num_leaves=12
num_cat=0
split_feature=66 69 109 89 90 16 92 35 3 47 24
split_gain=0.0143621 0.027235 0.0225737 0.0182643 0.0179338 0.0194177 0.0220494 0.0249382 0.0198928 0.0171821 0.0145165
threshold=2.8599439775910374 562775.60357142868 1.5000000000000002 13.000000000000002 0.95078969988136575 2.8500000000000001 32768.610509860453 1155810.5731767078 9.5000000000000018 -25603.384920634966 2.6800000000000002
decision_type=10 10 2 10 8 2 2 2 2 8 10
left_child=1 -1 -3 4 9 6 8 -8 10 -2 -6
right_child=3 2 -4 -5 5 -7 7 -9 -10 -11 -12
leaf_value=-3.7347297672624675e-05 -4.7783885370921022e-06 -0.00044148026693669926 -0.0015154333719678231 0.00094796962829786274 0.0017726163683843283 -0.00021546744711861565 -0.00051294918308485594 0.00057558839489952793 0.00027610600035467736 -0.00089567488568184129 0.0008724805645552125
leaf_weight=593 28 46 14.999999999999998 13.999999999999998 20 41 29 27 15.999999999999998 25 37
leaf_count=593 28 46 15 14 20 41 29 27 16 25 37
internal_value=-2.53774e-05 -0.000110548 -0.000711905 0.000197258 0.000119558 0.000287034 0.000500208 9.06782e-05 0.000868612 -0.000343418 0.00119466
internal_weight=891 654 61 237 223 170 129 56 73 53 57
internal_count=891 654 61 237 223 170 129 56 73 53 57
is_linear=0
shrinkage=0.0353657


Tree=441
num_leaves=12
num_cat=1
split_feature=66 69 109 1 294 294 34 38 47 71 20
split_gain=0.013338 0.0256407 0.0216271 0.0213108 0.0289454 0.0222029 0.023846 0.0289217 0.0226084 0.0223043 0.0185461
threshold=2.8599439775910374 562775.60357142868 1.5000000000000002 0 10.247148475274447 10.074396155677414 2.8500000000000001 245454.75000000003 167215.84047619044 34249.635616416112 2.7950000000000004
decision_type=10 10 2 1 8 8 2 2 10 2 10
left_child=1 3 -3 4 -1 9 7 -7 -9 -5 -6
right_child=-2 2 -4 5 10 6 -8 8 -10 -11 -12
leaf_value=0.00033458309419931762 0.00018951832554486937 -0.00042465470178993352 -0.0014764433918063214 3.9765162358949686e-05 -0.00079095088403572527 0.00089241106242216647 0.00061130282345948981 -0.00025464267137109464 0.0005813657003107814 -0.0010685231234961417 -0.0001274780025417525
leaf_weight=42 237 46 14.999999999999998 13.999999999999998 106 18 111 179 25 26 72
leaf_count=42 237 46 15 14 106 18 111 179 25 26 72
internal_value=-2.49623e-05 -0.000107081 -0.000690581 -3.59825e-05 -0.000290114 0.000120975 0.000225384 2.24809e-05 -0.000105656 -0.0004825 -0.000507612
internal_weight=891 654 61 593 220 373 333 222 204 40 178
internal_count=891 654 61 593 220 373 333 222 204 40 178
cat_boundaries=0 1
cat_threshold=70389073
is_linear=0
shrinkage=0.0353657


Tree=442
num_leaves=12
num_cat=2
split_feature=66 1 37 78 60 51 41 66 1 76 22
split_gain=0.0123366 0.0307258 0.0564555 0.0225632 0.0397906 0.029923 0.0204955 0.0232261 0.0221244 0.0276268 0.0232246
threshold=2.8599439775910374 0 1280349.2013888892 0.61685134855867874 6.0227272727272743 1.0069887370204331 218182.10000000003 2.5420197740112997 1 7.5000000000000009 1.5600000000000003
decision_type=10 1 2 2 2 2 2 10 1 10 8
left_child=1 6 3 4 -3 -5 -1 8 -8 10 -10
right_child=-2 2 -4 5 -6 -7 7 -9 9 -11 -12
leaf_value=-0.00060123863784690022 0.00018324793934547105 0.0013173947453576837 -0.0016498095035005916 -0.00068960749627126211 -0.00019520245626592587 -1.0995113570462659e-05 0.00069880585613855506 -0.00029572704123315114 -0.00096853778117185626 0.00069645242034054012 -2.1911318765513969e-05
leaf_weight=19 237 17 14.999999999999998 137 18 131 102 63 17 39 96
leaf_count=19 237 17 15 137 18 131 102 63 17 39 96
internal_value=-2.29743e-05 -0.000102003 -0.000338317 -0.000240785 0.000395832 -0.000348484 0.000121989 0.000207058 0.000357949 7.63663e-05 -0.000191554
internal_weight=891 654 318 303 35 268 336 317 254 152 113
internal_count=891 654 318 303 35 268 336 317 254 152 113
cat_boundaries=0 1 2
cat_threshold=2588733998 4763682
is_linear=0
shrinkage=0.0353657


Tree=443
num_leaves=12
num_cat=0
split_feature=66 47 89 70 51 41 75 70 67 49 82
split_gain=0.0115899 0.024051 0.0176669 0.016838 0.02514 0.0246886 0.0355581 0.0328414 0.0174511 0.0173505 0.0249477
threshold=2.8535714285714291 -248190.5989608021 13.000000000000002 360356.25000000006 2.0936378270122558 961271.3906455863 0.0115079365079365 335621.37307692313 2.7750900727759076 -0.17445229329325737 -19218.853963658254
decision_type=10 8 10 10 2 2 2 8 2 8 2
left_child=1 -1 -2 5 8 9 7 -7 -5 -3 -11
right_child=2 3 -4 4 -6 6 -8 -9 -10 10 -12
leaf_value=-0.0008244402173995817 9.9332825604163394e-05 0.00038493312718019992 0.00091327041607617177 -0.0012662592245330888 0.00025030914440145725 0.00037016509575872115 -0.00016425028913776734 0.0015982004882624161 -0.0003389503565715438 -0.00068326341240271249 -4.2789697021815198e-05
leaf_weight=30 225 56 13.999999999999998 36 13.999999999999998 33 35 33 27 75 313
leaf_count=30 225 56 14 36 14 33 35 33 27 75 313
internal_value=-2.26355e-05 -9.96966e-05 0.000176118 -5.08219e-05 -0.000475687 1.61967e-05 0.000465977 0.000933865 -0.000816098 -9.10366e-05 -0.000178745
internal_weight=891 652 239 622 77 545 101 66 63 444 388
internal_count=891 652 239 622 77 545 101 66 63 444 388
is_linear=0
shrinkage=0.0353657


Tree=444
num_leaves=12
num_cat=1
split_feature=51 83 1 94 94 17 164 66 190 87 87
split_gain=0.0111744 0.0183085 0.0195576 0.0260685 0.0288054 0.0332976 0.027744 0.022032 0.0306046 0.0239907 0.0185839
threshold=0.81979612472879504 0.72922799118554771 0 -642174.23890244483 -265429.268467599 315617.26339285722 8.4687500000000018 2.5313725490196082 0.025106643075781806 813615.43750000012 1510978.4608225112
decision_type=2 2 1 2 2 10 2 8 2 2 2
left_child=-1 -2 10 -4 5 -5 -7 9 -9 -6 -3
right_child=1 2 3 4 7 6 -8 8 -10 -11 -12
leaf_value=-0.00016572665587740289 0.00086028256091590213 0.00022759145220834008 -0.00089004559926542093 -0.00020141773676004909 3.4264491183639181e-05 0.001733399682428976 0.00053058071889498988 -0.00054519731560806234 0.00019127969875156901 0.00095398937599743146 0.00095682072457716448
leaf_weight=202 15.999999999999998 199 19 15.999999999999998 82 24 30 176 81 26 31
leaf_count=202 16 199 19 16 82 24 30 176 81 26 31
internal_value=5.06021e-05 0.000117437 8.65636e-05 -4.51064e-05 6.70084e-06 0.000573947 0.00103007 -0.000112181 -0.000288947 0.000260861 0.000331216
internal_weight=902 700 684 454 435 70 54 365 257 108 230
internal_count=902 700 684 454 435 70 54 365 257 108 230
cat_boundaries=0 1
cat_threshold=318283912
is_linear=0
shrinkage=0.0353657


Tree=445
num_leaves=12
num_cat=0
split_feature=61 29 94 19 77 180 59 167 81 136 27
split_gain=0.010823 0.00936061 0.0235539 0.021901 0.0311527 0.0167972 0.0313075 0.0241865 0.0264051 0.0225551 0.0172223
threshold=117.91666666666667 575843.60159759677 -360980.59312443819 348758.16666666669 0.99999999998453648 7.5000000000000009 40.500000000000007 1.5000000000000002 0.89185042374720613 1.0000000180025095e-35 983819.77360449755
decision_type=10 2 2 10 2 2 2 2 2 2 8
left_child=1 2 -1 4 -3 7 -7 9 10 -5 -9
right_child=-2 3 -4 5 -6 6 -8 8 -10 -11 -12
leaf_value=0.0009167060035012171 -0.00050311506691080898 -0.001542282672797448 0.00011492943105421576 0.00038097169965957319 -0.00021588033291607703 -0.00086692649109651812 0.0001344594888542517 -0.0010724654369009209 0.00022711608234392934 0.001505119156811947 -0.00016326186314977208
leaf_weight=27 18 15.999999999999998 412 13.999999999999998 18 51 52 25 212 20 37
leaf_count=27 18 16 412 14 18 51 52 25 212 20 37
internal_value=4.90425e-05 6.9143e-05 0.000182663 -3.96481e-05 -0.00069695 2.62871e-05 -0.000319155 0.000157105 4.84404e-05 0.000836226 -0.000492012
internal_weight=902 884 439 445 34 411 103 308 274 34 62
internal_count=902 884 439 445 34 411 103 308 274 34 62
is_linear=0
shrinkage=0.0353657


Tree=446
num_leaves=12
num_cat=1
split_feature=51 62 167 60 1 78 44 52 52 12 40
split_gain=0.0103962 0.018002 0.025551 0.017594 0.0163863 0.0367177 0.0264794 0.0211818 0.0211055 0.0185464 0.0174653
threshold=0.81979612472879504 5.5568022440392717 5.5000000000000009 3.3078947368421057 0 1.3685885630579253 260419.82372175305 143.50000000000003 59.500000000000007 -0.9330127018922193 105059.39566088612
decision_type=2 10 2 2 1 2 10 2 2 2 10
left_child=1 2 -1 -3 9 6 10 8 -7 -2 -6
right_child=4 3 -4 -5 5 7 -8 -9 -10 -11 -12
leaf_value=-0.00023881575878166507 0.00098977737122698259 0.00078217407581155154 -0.0012979513610472664 -5.7076139854320867e-05 -0.00020260818775352723 -0.0008860780441169989 0.00095244478238653619 -0.00035499975323698829 -0.0021408069866237396 0.00022344638003307882 0.00029393849810971015
leaf_weight=60 21 13.999999999999998 20 108 188 14.000000000000002 15.999999999999998 15.999999999999998 13.999999999999998 304 127
leaf_count=60 21 14 20 108 188 14 16 16 14 304 127
internal_value=4.71607e-05 -0.00016145 -0.000533948 6.62233e-05 0.000111673 -4.09336e-05 7.54445e-05 -0.000813081 -0.00139916 0.000285621 2.85729e-06
internal_weight=902 202 80 122 700 375 331 44 28 325 315
internal_count=902 202 80 122 700 375 331 44 28 325 315
cat_boundaries=0 1
cat_threshold=519677065
is_linear=0
shrinkage=0.0353657


Tree=447
num_leaves=12
num_cat=1
split_feature=61 51 62 167 83 1 87 21 48 5 59
split_gain=0.0102363 0.00958744 0.0189256 0.0243351 0.0162117 0.0162412 0.0207996 0.0151926 0.0268034 0.0198548 0.0141301
threshold=117.91666666666667 0.81979612472879504 5.5568022440392717 5.5000000000000009 0.72922799118554771 0 1510978.4608225112 412054.01666666678 -19424.305555555558 3.1600000000000006 29.166666666666668
decision_type=10 2 10 2 2 1 2 10 8 2 2
left_child=1 2 3 -1 -3 6 7 9 -9 -6 -4
right_child=-2 4 10 -5 5 -7 -8 8 -10 -11 -12
leaf_value=-0.00022853400143538777 -0.00049056225427486944 0.00082907372651660268 -0.00027939788553954812 -0.0012622812001861564 0.0002734056658841028 -2.0857963702228553e-05 0.0010485096833661425 -0.00083079293065603575 0.00019195550094763667 0.0011698136062248943 0.00037572735630741724
leaf_weight=60 18 15.999999999999998 42 20 82 447 23 21 73 21 79
leaf_count=60 18 16 42 20 82 447 23 21 73 21 79
internal_value=4.63909e-05 6.59758e-05 -0.000133541 -0.000514782 0.000129324 9.94153e-05 0.000327281 0.000229204 -5.5493e-05 0.000491841 0.000102742
internal_weight=902 884 201 80 683 667 220 197 94 103 121
internal_count=902 884 201 80 683 667 220 197 94 103 121
cat_boundaries=0 1
cat_threshold=318283785
is_linear=0
shrinkage=0.0353657


Tree=448
num_leaves=12
num_cat=0
split_feature=57 16 24 116 57 180 21 90 93 257 68
split_gain=0.00971529 0.0246796 0.0229495 0.0215861 0.0210159 0.0509334 0.0265479 0.0220282 0.0340573 0.0402714 0.0356175
threshold=10.500000000000002 2.2050000000000005 1.7750000000000001 0.030362720623596604 14.500000000000002 1.0000000180025095e-35 679360.46123411634 1.2766451466904056 3391874.0357142868 1.0000000180025095e-35 48130.957142857143
decision_type=8 2 8 2 8 2 8 8 2 2 2
left_child=1 -1 -3 -4 5 -2 -7 -6 10 -10 -9
right_child=4 2 3 -5 7 6 -8 8 9 -11 -12
leaf_value=0.00023209698987221192 0.001548173620504532 6.7676866218813848e-05 -0.0014200094841015768 -0.00046463958059793635 -0.00016726473070499776 0.000463566788709415 -0.00072707366913042442 -6.9919353482545581e-05 -0.00052828525318703696 0.00046830043568166739 0.00087302323898596254
leaf_weight=82 26 33 27 56 302 29 14.999999999999998 47 98 61 126
leaf_count=82 26 33 27 56 302 29 15 47 98 61 126
internal_value=4.47532e-05 -0.00015925 -0.00047627 -0.000789254 0.000106388 0.000607437 9.89487e-05 4.17918e-05 0.000233891 -0.000101003 0.000562993
internal_weight=902 198 116 83 704 70 44 634 332 159 173
internal_count=902 198 116 83 704 70 44 634 332 159 173
is_linear=0
shrinkage=0.0353657


Tree=449
num_leaves=12
num_cat=0
split_feature=74 63 29 61 11 251 251 23 58 56 19
split_gain=0.00991524 0.0318046 0.0154267 0.0215916 0.0143454 0.0131981 0.0269455 0.0337211 0.0141391 0.0265445 0.0228501
threshold=0.039480519480519456 79.160846032750712 425395.61742993857 36.016393442622963 -0.5 64249053.179005243 62379291.978321053 698969.8314732837 14.500000000000002 33.500000000000007 398767.08788819885
decision_type=10 2 2 10 2 2 2 8 10 2 10
left_child=1 5 -2 4 -4 6 8 -8 10 -10 -1
right_child=2 -3 3 -5 -6 -7 7 -9 9 -11 -12
leaf_value=-0.00011900184422409984 0.00089805585029260426 -0.00099393535310468941 -6.661224575974371e-05 0.00046341909258414631 -0.00090718098926281896 0.00064071814546980707 -0.00024620786217699155 -0.0016036429145536591 -0.0004856989305702366 0.00016775610166225394 0.00037713632960686966
leaf_weight=164 22 14.999999999999998 26 76 19 18 23 15.999999999999998 126 132 265
leaf_count=164 22 15 26 76 19 18 23 16 126 132 265
internal_value=4.34715e-05 -5.17721e-06 0.000292895 0.000150785 -0.000339917 2.82123e-05 1.8869e-06 -0.000702901 5.49783e-05 -0.000139168 0.000178196
internal_weight=902 759 143 121 45 744 726 39 687 258 429
internal_count=902 759 143 121 45 744 726 39 687 258 429
is_linear=0
shrinkage=0.0353657


Tree=450
num_leaves=12
num_cat=1
split_feature=27 1 19 5 180 36 76 4 56 62 26
split_gain=0.0117164 0.0213776 0.0295363 0.0358257 0.0440128 0.0318289 0.0202856 0.0184531 0.0171837 0.016181 0.0264236
threshold=234613.75000000003 0 985437.40658068785 1.9100000000000004 1.5000000000000002 174087.66158516865 -1.0000000180025095e-35 59.000000000000007 15.500000000000002 4.6644736842105265 2.8500000000000001
decision_type=8 1 8 2 2 8 10 2 2 8 8
left_child=7 2 3 8 -5 -4 -6 -1 -2 10 -3
right_child=1 9 5 4 6 -7 -8 -9 -10 -11 -12
leaf_value=0.00011728719970632822 -0.0016737519965666495 -0.00089739313473938688 -0.00063508692557955699 0.0012300419682734804 0.00036602562921212556 -0.0021139908645426142 -0.00062316500978842665 0.0011428551244860633 -0.00055232112718578527 7.9939918861207074e-05 4.0418031453508335e-05
leaf_weight=18 14.000000000000002 46 16.000000000000004 15.999999999999998 19 13.999999999999998 37 13.999999999999998 14.999999999999998 654 50
leaf_count=18 14 46 16 16 19 14 37 14 15 654 50
internal_value=-3.17815e-05 -5.78014e-05 -0.000424213 -0.000205484 0.000178814 -0.00119552 -0.000169972 0.000464022 -0.000953198 1.48849e-05 -0.000363878
internal_weight=913 881 131 101 72 30 56 32 29 750 96
internal_count=913 881 131 101 72 30 56 32 29 750 96
cat_boundaries=0 2
cat_threshold=17045760 1
is_linear=0
shrinkage=0.0353657


Tree=451
num_leaves=12
num_cat=1
split_feature=70 163 54 1 81 38 71 18 55 54 93
split_gain=0.0129453 0.0300081 0.0267972 0.0179336 0.0271461 0.0308546 0.0301958 0.018403 0.0143365 0.0121469 0.0186453
threshold=57371.835820895525 1.0000000180025095e-35 12.500000000000002 0 0.95133143724913949 354326.28438375361 384667.90479762206 5.3750000000000009 50.166666666666679 211.50000000000003 2346445.4843750005
decision_type=8 2 8 1 2 2 2 10 2 10 2
left_child=1 -1 -2 4 8 -6 -7 9 -4 10 -5
right_child=2 -3 3 7 5 6 -8 -9 -10 -11 -12
leaf_value=0.0010406382658821726 -0.00091354316605090442 -7.7166236709005708e-05 0.00059030119543506158 0.00035568654596221817 -0.0017568579972552824 -4.4027700590495499e-05 -0.00126692039138984 0.00079225678057346749 -0.00029636278081567052 -0.0004179062423034984 -5.7402780417499332e-05
leaf_weight=30 21 37 24 160 14.999999999999998 37 15.999999999999998 13.999999999999998 17 54 488
leaf_count=30 21 37 24 160 15 37 16 14 17 54 488
internal_value=-3.03574e-05 0.000371421 -6.89568e-05 -3.437e-05 -0.000396957 -0.00084258 -0.000525174 3.05388e-05 8.46436e-05 2.23483e-06 4.58129e-05
internal_weight=913 67 846 825 109 68 53 716 41 702 648
internal_count=913 67 846 825 109 68 53 716 41 702 648
cat_boundaries=0 2
cat_threshold=553914372 1
is_linear=0
shrinkage=0.0353657


Tree=452
num_leaves=12
num_cat=0
split_feature=57 201 28 157 77 57 54 93 44 61 294
split_gain=0.0116565 0.0204015 0.018555 0.0267683 0.0270945 0.0255166 0.0137773 0.0196654 0.0327979 0.0370481 0.0411085
threshold=10.500000000000002 5.5000000000000009 2.7950000000000004 3.5000000000000004 1.2254075661736452 3.5000000000000004 213.50000000000003 2346445.4843750005 211791.64702703696 15.801313628899836 11.451140347300553
decision_type=10 2 10 2 2 8 10 2 10 10 10
left_child=1 2 3 4 5 -1 7 8 9 10 -2
right_child=6 -3 -4 -5 -6 -7 -8 -9 -10 -11 -12
leaf_value=-8.8198192034180561e-05 0.00031369821443642543 0.00020545950051381799 -5.2643163870383243e-05 -0.00017480923961497795 -0.0019503737132764165 -0.0011860937075876216 -0.00044518693597508425 -4.1888568733752431e-05 0.0013573463612202336 0.00099278307603539316 -0.0007537140023707381
leaf_weight=18.000000000000004 107 59 56 36 15.999999999999998 34 43 449 13.999999999999998 38 43
leaf_count=18 107 59 56 36 16 34 43 449 14 38 43
internal_value=-2.98723e-05 -0.00024374 -0.000452308 -0.00071997 -0.00110476 -0.000786798 3.84405e-05 8.19625e-05 0.000356763 0.000235803 -7.66759e-07
internal_weight=913 219 160 104 68 52 694 651 202 188 150
internal_count=913 219 160 104 68 52 694 651 202 188 150
is_linear=0
shrinkage=0.0353657


Tree=453
num_leaves=12
num_cat=0
split_feature=57 47 40 59 59 94 51 25 216 19 55
split_gain=0.0113251 0.0152201 0.0153929 0.0133478 0.0166004 0.0313569 0.0281911 0.0230941 0.0367645 0.0295811 0.0228491
threshold=92.000000000000014 3256.2581094831553 130739.43224704314 64.833333333333357 41.500000000000007 142928.14425505052 1.3765204209384814 344162.40612244903 1.0000000180025095e-35 334858.88715277787 71.833333333333357
decision_type=10 10 10 2 2 2 2 8 2 10 2
left_child=3 2 -2 4 -1 7 -7 -6 10 -10 -9
right_child=1 -3 -4 -5 5 6 -8 8 9 -11 -12
leaf_value=-0.00011316054944584315 0.0013980303011053416 2.9390656607955414e-05 0.00038217266588706767 -0.00044604808072334093 0.00075922627429210097 0.0015695498493070673 0.00037324123965762639 9.5066286190809428e-05 -0.0015229163404034652 -0.00033824849137064006 0.0011515257758757452
leaf_weight=571 15.999999999999998 39 18 80 19 27 18 38 15.999999999999998 55 15.999999999999998
leaf_count=571 16 39 18 80 19 27 18 38 16 55 16
internal_value=-2.79237e-05 0.00033472 0.000796426 -6.57021e-05 -1.92131e-05 0.000249669 0.000915064 1.9794e-05 -0.000161978 -0.000640389 0.00038641
internal_weight=913 73 34 840 760 189 45 144 125 71 54
internal_count=913 73 34 840 760 189 45 144 125 71 54
is_linear=0
shrinkage=0.0353657


Tree=454
num_leaves=12
num_cat=1
split_feature=57 84 54 53 62 1 37 51 53 188 16
split_gain=0.0105028 0.0210469 0.0191924 0.0168712 0.0135853 0.0236844 0.0368289 0.0204495 0.0229986 0.0221434 0.0216373
threshold=92.000000000000014 0.24367551553530256 211.50000000000003 266.50000000000006 37.097857142857144 0 1280349.2013888892 0.99999999996349231 3.5000000000000004 0.013130517560010501 3.0250000000000004
decision_type=10 10 10 10 10 1 2 2 10 2 2
left_child=2 -2 4 -4 5 6 -1 8 -7 -10 -9
right_child=1 -3 3 -5 -6 7 -8 10 9 -11 -12
leaf_value=-0.00020026882998592041 0.00070235022337841681 -0.00024400637203131305 -0.0011513444416413967 -0.00023721009611732548 0.00027389449798226979 -0.00098191308086625104 -0.0012553553063780222 0.00014424982618971486 0.00054255673821582595 -0.00028132638889039134 0.00087881312164109747
leaf_weight=294 52 21 27 18 135 14.999999999999998 23 146 36 97 49
leaf_count=294 52 21 27 18 135 15 23 146 36 97 49
internal_value=-2.68656e-05 0.000322286 -6.32923e-05 -0.000634143 -2.1742e-05 -8.76168e-05 -0.000296648 0.00010576 -0.000169706 -3.16632e-05 0.000341742
internal_weight=913 73 840 45 795 660 317 343 148 133 195
internal_count=913 73 840 45 795 660 317 343 148 133 195
cat_boundaries=0 2
cat_threshold=589710076 1
is_linear=0
shrinkage=0.0353657


Tree=455
num_leaves=12
num_cat=1
split_feature=70 136 70 1 16 97 71 56 62 188 69
split_gain=0.0110381 0.0272115 0.0253727 0.0182233 0.0404056 0.0254058 0.0224527 0.02076 0.0134343 0.0199168 0.0208801
threshold=57371.835820895525 275000.00000000006 135027.73484848489 0 2.0350000000000006 17.500000000000004 166833.69587597143 162.50000000000003 4.6644736842105265 0.27775116184672083 339300.6785714287
decision_type=8 2 8 1 2 2 2 2 8 2 8
left_child=1 -1 -2 4 6 -6 -4 8 -5 10 -10
right_child=2 -3 3 7 5 -7 -8 -9 9 -11 -12
leaf_value=-8.3405019389972136e-05 -0.00076892989256025944 0.00098066866670211894 -0.0002082748324756952 -0.0003907913169836065 -0.0015567561474006712 -0.00050032192941606415 0.00090183239124154153 0.00082721969172476842 0.00026543979134296177 0.00080140398729657729 -0.00014228788142870528
leaf_weight=37 36 30 17 66 27 48 23 17 247 20 345
leaf_count=37 36 30 17 66 27 48 23 17 247 20 345
internal_value=-2.63582e-05 0.000344537 -6.21011e-05 -1.95429e-05 -0.000376258 -0.000868575 0.000257818 4.88581e-05 1.5881e-05 6.82621e-05 2.79961e-05
internal_weight=913 67 846 810 115 75 40 695 678 612 592
internal_count=913 67 846 810 115 75 40 695 678 612 592
cat_boundaries=0 2
cat_threshold=555749632 1
is_linear=0
shrinkage=0.0353657


Tree=456
num_leaves=12
num_cat=0
split_feature=78 136 60 91 70 26 60 59 285 69 76
split_gain=0.0107419 0.0190829 0.0197027 0.0218113 0.0194577 0.0211651 0.0204047 0.0197467 0.0228895 0.0179767 0.0171648
threshold=0.94377835079379968 1100000.0000000002 50.663636363636371 0.96699510900531471 348236.32954545465 0.89500000000000013 31.585714285714293 20.833333333333339 28.500000000000004 827794.40111614938 -33.499999999999993
decision_type=2 2 2 2 8 10 2 2 2 10 8
left_child=1 2 4 -4 5 -1 7 -6 -9 10 -2
right_child=9 -3 3 -5 6 -7 -8 8 -10 -11 -12
leaf_value=-0.0003886541809535372 0.00047406119377066234 0.00088288280471842285 0.00028406756526787021 0.0013890659242632186 -0.00057213752146794653 0.00046291462468487114 -0.0007106642997674967 0.00035279452821009917 -0.00048017849473097076 0.00046184619595353955 -0.00024544518369250446
leaf_weight=21 20 14.999999999999998 32 14.999999999999998 42 136 52 127 31 35 393
leaf_count=21 20 15 32 15 42 136 52 127 31 35 393
internal_value=2.78215e-06 0.000118989 7.47484e-05 0.000627468 -1.53844e-06 0.000280453 -0.000190449 -3.79441e-05 0.000136459 -0.000116553 -0.000187376
internal_weight=919 471 456 47 409 157 252 200 158 448 413
internal_count=919 471 456 47 409 157 252 200 158 448 413
is_linear=0
shrinkage=0.0353657


Tree=457
num_leaves=12
num_cat=0
split_feature=79 136 79 65 240 69 62 84 57 93 180
split_gain=0.0107441 0.0266652 0.0240285 0.0264311 0.0234044 0.0157979 0.0125298 0.0113287 0.0157938 0.0206332 0.0258299
threshold=0.97881203697815933 1100000.0000000002 1.0881859767008362 2.7130750605326881 1.0000000180025095e-35 745422.39444444457 35.702352941176478 0.35387674772369898 92.000000000000014 719273.84354838717 7.5000000000000009
decision_type=2 2 2 8 2 8 10 10 8 2 2
left_child=1 7 -2 6 5 -5 -4 8 9 10 -1
right_child=2 -3 3 4 -6 -7 -8 -9 -10 -11 -12
leaf_value=-0.0013766281647878303 -0.0010284053455470803 0.00092975204168423619 0.00013367787503312911 -0.0013812802901418857 3.6050992828918174e-05 -0.00042534399858727473 0.00091450114695858459 -0.00047296529620596237 0.00044058915000240022 4.6120870752530605e-05 -0.0001824594115711495
leaf_weight=17 19 18 47 31 26 14.999999999999998 18 30 90 580 28
leaf_count=17 19 18 47 31 26 15 18 30 90 580 28
internal_value=2.93282e-06 5.81595e-05 -0.00024404 -9.14341e-05 -0.000489073 -0.000939893 0.000350688 2.2453e-05 5.24166e-05 -7.42733e-06 -0.00059448
internal_weight=919 763 156 137 72 46 65 745 715 625 45
internal_count=919 763 156 137 72 46 65 745 715 625 45
is_linear=0
shrinkage=0.0353657


Tree=458
num_leaves=12
num_cat=0
split_feature=78 79 58 74 40 36 57 60 82 66 45
split_gain=0.00948244 0.00867978 0.0262734 0.0217739 0.0186853 0.0173666 0.0161988 0.0169073 0.0158152 0.0263183 0.0161515
threshold=0.54832776586557974 0.97881203697815933 23.500000000000004 0.15192307692307691 368101.25179764454 110841.22308593993 27.500000000000004 83.370833333333351 -199660.31756722907 4.3712406015037599 956912.2681818183
decision_type=2 2 10 10 10 10 8 2 2 8 2
left_child=-1 4 3 6 8 -4 7 -3 9 -2 -10
right_child=1 2 5 -5 -6 -7 -8 -9 10 -11 -12
leaf_value=0.00054409965755420036 -7.9344026167089442e-05 0.00028814994961321339 -0.00047902563819745821 0.00076102636895317318 0.00079347845342914712 -0.0015833650342455385 -0.00073298455740585585 -0.0005667259512050208 -5.8933335642051397e-05 -0.0010898481251086067 0.00029108766742875342
leaf_weight=14.999999999999998 51 65 14.999999999999998 13.999999999999998 14.999999999999998 17 27 18 422 27 233
leaf_count=15 51 65 15 14 15 17 27 18 422 27 233
internal_value=3.11061e-06 -1.17195e-05 -0.000235656 -2.34262e-05 3.6011e-05 -0.000922419 -0.000181192 1.32699e-05 7.30795e-06 -0.000405691 6.45626e-05
internal_weight=919 904 156 124 748 32 110 83 733 78 655
internal_count=919 904 156 124 748 32 110 83 733 78 655
is_linear=0
shrinkage=0.0353657


Tree=459
num_leaves=12
num_cat=1
split_feature=54 61 1 76 21 27 61 199 76 57 59
split_gain=0.0104205 0.00987512 0.0100291 0.0307641 0.0268199 0.0231091 0.0248966 0.0194823 0.018639 0.016143 0.0197204
threshold=285.00000000000006 117.91666666666667 0 12.500000000000002 672611.86720779224 685672.78287194518 0.52586206896551735 0.088456771056235659 -1.0000000180025095e-35 55.500000000000007 58.166666666666679
decision_type=10 10 1 10 10 10 8 2 10 10 2
left_child=1 2 9 5 7 6 -4 -5 -8 -1 -11
right_child=-2 -3 3 4 -6 -7 8 -9 -10 10 -12
leaf_value=0.00027692662242895141 -0.00056193317354902446 -0.00052736099996851938 0.00039512183809318249 0.00029264810215678711 -0.00025646688226699628 0.00036544904696583671 -0.0002466559122310808 0.0012241552381927841 -0.00081319025306181888 -0.00087920839172792357 -1.5350278534838623e-05
leaf_weight=342 14.999999999999998 14.999999999999998 24 32 21 42 178 41 97 18 94
leaf_count=342 15 15 24 32 21 42 178 41 97 18 94
internal_value=3.30939e-06 2.15549e-05 3.98587e-05 -7.57924e-05 0.000418992 -0.000234543 -0.000349638 0.000769436 -0.000453218 0.000152293 -0.00016917
internal_weight=919 904 889 435 94 341 299 73 275 454 112
internal_count=919 904 889 435 94 341 299 73 275 454 112
cat_boundaries=0 2
cat_threshold=3426856286 1
is_linear=0
shrinkage=0.0353657


Tree=460
num_leaves=12
num_cat=1
split_feature=78 27 60 94 271 0 21 77 20 47 83
split_gain=0.00924511 0.0188624 0.0192674 0.0303964 0.0255612 0.0247595 0.0315044 0.02074 0.0189437 0.0168276 0.0243122
threshold=0.94377835079379968 348029.47420634929 50.663636363636371 -1.8490313583152637e-10 1.0000000180025095e-35 0 376263.59140184143 0.96699510900531471 1.0000000180025095e-35 -17840.874999999996 0.87528794724417069
decision_type=2 8 2 2 2 1 10 2 10 8 2
left_child=1 -1 3 5 -5 8 -7 -4 -3 -2 -11
right_child=9 2 7 4 -6 6 -8 -9 -10 10 -12
leaf_value=0.00076077831105642805 0.0002025888792706678 -0.00078298660400839392 0.0002648459808513493 -0.00010347340337310403 -0.0009430442695370501 0.0012341599144591602 0.00022811039286997097 0.001342621522829516 2.8826143145351344e-05 -0.0011130751332828067 -0.00017285526088624224
leaf_weight=28 125 22 32 92 53 37 87 14.999999999999998 105 13.999999999999998 309
leaf_count=28 125 22 32 92 53 37 87 15 105 14 309
internal_value=2.64296e-06 0.000110541 5.30875e-05 -2.50429e-05 -0.000406263 0.000194405 0.000508011 0.000599028 -0.000112558 -0.000107968 -0.000242955
internal_weight=919 471 443 396 145 251 124 47 127 448 323
internal_count=919 471 443 396 145 251 124 47 127 448 323
cat_boundaries=0 1
cat_threshold=412
is_linear=0
shrinkage=0.0353657


Tree=461
num_leaves=12
num_cat=0
split_feature=54 58 16 201 21 27 72 5 77 60 92
split_gain=0.00992864 0.00958425 0.0294106 0.0173366 0.0143289 0.0253571 0.0150911 0.0146598 0.0142299 0.0237648 0.0348665
threshold=285.00000000000006 14.500000000000002 2.6300000000000003 4.5000000000000009 406317.09375000006 330339.98473214294 0.22361111111111112 1.8550000000000002 1.1494837995968694 61.029411764705891 129602.53255902669
decision_type=10 8 2 2 10 10 2 2 2 2 2
left_child=1 2 4 -4 5 -1 7 -6 -3 -10 -11
right_child=-2 8 3 -5 6 -7 -8 -9 9 10 -12
leaf_value=8.2873842954373042e-05 -0.0005490242319519255 4.5208764745158195e-05 0.0016280157691111643 0.00054775232250665071 9.0471928428745012e-05 0.0012309261983500016 0.0003400913918548108 -0.00071948822597874115 -0.00057028945387376483 0.0011335158131788325 -0.0002370886742617836
leaf_weight=29 14.999999999999998 579 17 18 13.999999999999998 13.999999999999998 17 58 117 15.999999999999998 25
leaf_count=29 15 579 17 18 14 14 17 58 117 16 25
internal_value=2.71784e-06 2.05597e-05 0.000247198 0.000953097 2.64087e-05 0.000436688 -0.00021259 -0.000454827 -3.17554e-05 -0.000309913 0.000233367
internal_weight=919 904 167 35 132 43 89 72 737 158 41
internal_count=919 904 167 35 132 43 89 72 737 158 41
is_linear=0
shrinkage=0.0353657


Tree=462
num_leaves=12
num_cat=0
split_feature=78 61 76 94 16 43 56 60 67 21 93
split_gain=0.0104782 0.00990019 0.0250489 0.0204177 0.0168654 0.0142635 0.0146503 0.0251385 0.0217583 0.0212935 0.0170586
threshold=0.54832776586557974 0.77500000000000013 -2.4999999999999996 -207991.12818223456 2.1250000000000004 200173.01911913321 22.500000000000004 16.414444444444449 2.3143262001156741 420529.6768292684 1635524.7090909092
decision_type=2 8 10 2 2 2 2 2 2 8 2
left_child=-1 2 -2 -4 -5 -3 7 8 -7 -10 -8
right_child=1 5 3 4 -6 6 10 -9 9 -11 -12
leaf_value=0.00060430002306788495 -0.00036077614987942836 -0.00069776204428291641 6.9178744315286916e-05 0.0016651877081774564 0.0006804280103805242 -6.8957725090269847e-05 0.00066515195762786579 3.7025831855697599e-06 -0.001624389654841603 -0.00062079863901097368 5.849707886154378e-05
leaf_weight=13.999999999999998 18 13.999999999999998 15.999999999999998 17 33 31 44 267 20 53 374
leaf_count=14 18 14 16 17 33 31 44 267 20 53 374
internal_value=2.8345e-05 1.00686e-05 0.000331471 0.000666447 0.0010246 -2.6695e-05 -3.61929e-06 -0.000161339 -0.000584888 -0.000923012 0.000134678
internal_weight=901 887 84 66 50 803 789 371 104 73 418
internal_count=901 887 84 66 50 803 789 371 104 73 418
is_linear=0
shrinkage=0.0353657


Tree=463
num_leaves=12
num_cat=1
split_feature=79 79 136 73 93 61 27 1 48 54 102
split_gain=0.0103191 0.0224568 0.0193643 0.0204254 0.0137675 0.0322281 0.0217559 0.0233251 0.02911 0.0241915 0.019191
threshold=0.97881203697815933 1.1965040344182636 1100000.0000000002 0.3133928571428572 719273.84354838717 0.77500000000000013 278244.46085858595 0 102877.12776347218 21.500000000000004 17.500000000000004
decision_type=2 2 2 10 2 10 8 1 10 10 2
left_child=2 -2 3 4 5 -1 -6 9 -9 -8 -7
right_child=1 -3 -4 -5 6 10 7 8 -10 -11 -12
leaf_value=0.00029870831170027617 -0.00085907686622484452 -2.2397810304699237e-05 0.00082612652198576749 0.00084207168075399355 0.0007449231220912814 -0.0016889145008350741 -0.00058770242343048843 0.00030104263307796511 -0.00043540812665169985 6.8569162544001249e-05 -0.00057729217673638115
leaf_weight=14.999999999999998 31 124 18 14.999999999999998 31 14.999999999999998 120 348 56 106 22
leaf_count=15 31 124 18 15 31 15 120 348 56 106 22
internal_value=2.72196e-05 -0.000214538 8.22074e-05 5.09192e-05 1.88017e-05 -0.000434883 6.34283e-05 1.63299e-05 0.000172066 -0.000249313 -0.000980601
internal_weight=901 155 746 728 713 52 661 630 404 226 37
internal_count=901 155 746 728 713 52 661 630 404 226 37
cat_boundaries=0 1
cat_threshold=848959936
is_linear=0
shrinkage=0.0353657


Tree=464
num_leaves=12
num_cat=0
split_feature=79 79 65 66 136 93 61 51 97 65 82
split_gain=0.00978639 0.0212695 0.031329 0.0334667 0.0185198 0.0142156 0.0308055 0.0199799 0.0183954 0.0164169 0.0202873
threshold=0.97881203697815933 1.1965040344182636 2.7130750605326881 2.8441295546558707 1100000.0000000002 719273.84354838717 0.77500000000000013 1.2708764133932038 17.500000000000004 2.7453703703703707 43299.671767614527
decision_type=2 2 8 8 2 2 10 2 2 10 2
left_child=4 -2 -3 -4 5 6 -1 -7 -8 10 -9
right_child=1 2 3 -5 -6 7 8 9 -10 -11 -12
leaf_value=0.0003039796144156135 -0.00083560424440189531 0.00048058585013702036 -0.0013170532049352464 -0.00010149873698243077 0.00080817605565402031 1.5459685633290084e-05 -0.0016411184174221943 0.00084560560133047525 -0.00055221014334501969 0.001010725552970557 -0.00013769973026255163
leaf_weight=14.999999999999998 31 59 20 45 18 579 14.999999999999998 17 22 37 43
leaf_count=15 31 59 20 45 18 579 15 17 22 37 43
internal_value=2.70329e-05 -0.000208339 -2.11142e-05 -0.000469855 8.06112e-05 4.99708e-05 -0.000410455 9.42823e-05 -0.000947241 0.000514142 0.000230193
internal_weight=901 155 124 65 746 728 52 676 37 97 60
internal_count=901 155 124 65 746 728 52 676 37 97 60
is_linear=0
shrinkage=0.0353657


Tree=465
num_leaves=12
num_cat=1
split_feature=78 51 48 5 79 1 61 61 61 79 76
split_gain=0.0102813 0.0100831 0.0199237 0.0148174 0.0133206 0.0230611 0.0237969 0.0336047 0.022293 0.0201349 0.0206166
threshold=0.54832776586557974 0.77877523952578553 93684.750000000015 2.0350000000000006 0.97881203697815933 0 61.300000000000004 49.050880626223098 0.77500000000000013 1.1965040344182636 29.500000000000004
decision_type=2 2 8 2 2 1 10 10 8 2 8
left_child=-1 2 3 -2 5 6 7 8 -3 -6 -11
right_child=1 4 -4 -5 9 -7 -8 -9 -10 10 -12
leaf_value=0.00059714020465779409 -0.000512143323257242 0.00050373390353275873 -0.00070124813113135189 0.00022074098769041397 -0.00081194897025537002 0.00031358128149785308 0.00055460132846339326 -0.0012756349288984955 -0.00031686858340866197 0.00015045725951257018 -0.00077053870023773214
leaf_weight=13.999999999999998 25 29 53 89 31 353 27 14.999999999999998 141 110 13.999999999999998
leaf_count=14 25 29 53 89 31 353 27 15 141 110 14
internal_value=2.66919e-05 8.57723e-06 -0.000221084 -4.92706e-06 6.62087e-05 0.000146594 -0.000123417 -0.000289002 -0.00014529 -0.000199425 -1.96416e-05
internal_weight=901 887 167 114 720 565 212 185 170 155 124
internal_count=901 887 167 114 720 565 212 185 170 155 124
cat_boundaries=0 1
cat_threshold=2736132688
is_linear=0
shrinkage=0.0353657


Tree=466
num_leaves=12
num_cat=1
split_feature=78 51 89 212 59 1 65 97 76 152 212
split_gain=0.00990886 0.00948201 0.0183366 0.0254228 0.0151514 0.0151016 0.0244688 0.0229881 0.0247009 0.0214467 0.0197998
threshold=0.54832776586557974 0.77877523952578553 -5.4999999999999991 0.022014772028294403 32.833333333333336 0 2.021276595744681 21.500000000000004 11.500000000000002 0.034782319103617461 0.043156075707064555
decision_type=2 2 8 2 2 1 8 2 10 2 2
left_child=-1 4 3 -3 -2 -4 9 8 -8 10 -7
right_child=1 2 5 -5 -6 6 7 -9 -10 -11 -12
leaf_value=0.00058529402020996823 -0.00063484385194878556 0.00018122309971381056 0.00018332713043031895 0.0013830761682039011 -2.1108751471504227e-05 0.0010839481860324765 -0.00091153673790286935 -2.6350514721182536e-05 1.4476553162294675e-05 -0.00039555978703294389 0.00017828282814182496
leaf_weight=13.999999999999998 53 14.999999999999998 336 19 114 34 97 136 23 14.999999999999998 45
leaf_count=14 53 15 336 19 114 34 97 136 23 15 45
internal_value=2.53145e-05 7.50709e-06 6.34355e-05 0.000673431 -0.00021518 2.21371e-05 -0.00013226 -0.000315367 -0.000648142 0.000287116 0.000562149
internal_weight=901 887 720 34 167 686 350 256 120 94 79
internal_count=901 887 720 34 167 686 350 256 120 94 79
cat_boundaries=0 1
cat_threshold=2364122537
is_linear=0
shrinkage=0.0353657


Tree=467
num_leaves=12
num_cat=0
split_feature=17 29 73 36 94 82 61 41 136 69 63
split_gain=0.00970264 0.0174238 0.017166 0.0182307 0.0173375 0.0236352 0.0199473 0.0172508 0.0168698 0.0160275 0.0143752
threshold=776173.32277753216 444744.52083333337 0.27207792207792209 343375.18481523677 929041.06856012077 131088.46049942166 54.14705882352942 1265089.9621212122 1100000.0000000002 617742.99057315255 46.164883635621429
decision_type=10 2 10 10 2 2 10 2 2 10 2
left_child=8 -2 3 4 5 6 -3 -6 10 -7 -1
right_child=1 2 -4 -5 7 9 -8 -9 -10 -11 -12
leaf_value=1.0476675402224046e-05 -0.00087539304647348524 -0.00064575433224303865 0.00050759803553860109 0.00052148190570203189 -0.00037022119705300868 0.0011340354189238702 9.1580027787921894e-05 -0.0013728981654541727 0.0008033641740571348 0.00019378716892577523 0.00051599330700272377
leaf_weight=557 13.999999999999998 79 30 15.999999999999998 24 17 53 21 17 17 56
leaf_count=557 14 79 30 16 24 17 53 21 17 17 56
internal_value=2.49216e-05 -0.000142658 -7.39916e-05 -0.000178588 -0.000278908 -0.000118113 -0.000314803 -0.00077886 0.00010077 0.000510407 6.72738e-05
internal_weight=901 271 257 227 211 166 132 45 630 34 613
internal_count=901 271 257 227 211 166 132 45 630 34 613
is_linear=0
shrinkage=0.0353657


Tree=468
num_leaves=12
num_cat=1
split_feature=1 53 80 78 76 70 21 49 81 25 80
split_gain=0.0113241 0.022382 0.0315434 0.0248934 0.0199564 0.0211515 0.0285317 0.0196094 0.0310908 0.0314357 0.0275684
threshold=0 131.50000000000003 69834040.855820119 1.3447627945338938 11.500000000000002 392742.57142857154 583467.13703703717 -0.015983053517307052 0.92191855814297108 386989.03273809532 19386529.920000006
decision_type=1 10 2 2 8 8 8 10 2 10 2
left_child=4 2 -2 -4 7 -6 -7 -1 9 -9 -10
right_child=1 -3 3 -5 5 6 -8 8 10 -11 -12
leaf_value=0.00024175676478587607 -0.00014009129674659958 0.00023953588051502326 -0.00063818636123260622 -0.001793055033088366 -3.6286889418765354e-05 0.0015654709226958351 0.00045351635078332226 -0.0018209555476354328 0.0006574056387591594 -0.0005126109471799466 -0.00026528746814363736
leaf_weight=152 280 112 42 13.999999999999998 36 21 63 13.999999999999998 34 37 101
leaf_count=152 280 112 42 14 36 21 63 14 34 37 101
internal_value=-1.83109e-05 -0.000140746 -0.000288562 -0.000932029 9.9776e-05 0.000461628 0.000770947 -2.63155e-05 -0.000262541 -0.000883046 -2.20855e-05
internal_weight=906 448 336 56 458 120 84 338 186 51 135
internal_count=906 448 336 56 458 120 84 338 186 51 135
cat_boundaries=0 1
cat_threshold=1316676756
is_linear=0
shrinkage=0.0353657


Tree=469
num_leaves=12
num_cat=1
split_feature=1 53 52 44 69 53 83 95 68 76 95
split_gain=0.0105484 0.0204964 0.0209201 0.0229359 0.0202886 0.0211368 0.0212176 0.0206127 0.0318441 0.0222086 0.0215008
threshold=0 131.50000000000003 110.50000000000001 282174.83662657166 50615.000000000007 48.500000000000007 1.2196954005932861 340117.84202146385 558774.40740740753 6.5000000000000009 539223.63854225131
decision_type=1 10 2 10 8 10 2 2 2 8 2
left_child=4 2 3 -2 -1 7 -7 8 -6 10 -9
right_child=1 -3 -4 -5 5 6 -8 9 -10 -11 -12
leaf_value=-0.00068355489245124123 -7.1614686256557937e-05 0.00023268508943995411 -0.0008242037608106826 -0.00095931813593164899 0.00095313100930501083 -0.00019487539595529352 0.0004882782529472521 -0.0013185620227540657 -0.00014840852825299177 0.00044992322981790101 -0.00018022499257618985
leaf_weight=13.999999999999998 281 112 50 17 102 210 50 14.000000000000002 17 25 13.999999999999998
leaf_count=14 281 112 50 17 102 210 50 14 17 25 14
internal_value=-1.76738e-05 -0.000132959 -0.000270331 -0.000160502 9.9177e-05 0.000154014 -3.27371e-05 0.00044026 0.000697195 -2.84844e-06 -0.00058851
internal_weight=906 460 348 298 446 432 260 172 119 53 28
internal_count=906 460 348 298 446 432 260 172 119 53 28
cat_boundaries=0 1
cat_threshold=1853023380
is_linear=0
shrinkage=0.0353657


Tree=470
num_leaves=12
num_cat=1
split_feature=92 87 97 23 48 1 78 47 61 92 25
split_gain=0.0101807 0.0188881 0.0259798 0.014176 0.0132435 0.0117997 0.0181702 0.0175874 0.012343 0.015626 0.0120227
threshold=-117101.91174531168 379016.78710277221 6.5000000000000009 783132.80024790252 -257040.45857699803 0 1.0849149632109658 21854.093644470999 100.67888563049854 216782.38945743055 924190.78947368439
decision_type=2 2 2 8 8 1 2 8 10 2 8
left_child=1 3 -3 -1 -2 6 7 10 9 -7 -6
right_child=4 2 -4 -5 5 8 -8 -9 -10 -11 -12
leaf_value=-0.00050709129118747939 0.00061602449262360094 0.00069325325734022249 -0.0003762889658464934 -0.0014770170627296571 0.00075444390899567565 -7.8176909507434852e-05 1.3949594343508711e-05 0.0013398650294293498 -0.00066189358254896348 0.00051363203026370916 -9.5187287532714837e-05
leaf_weight=22 21 20 50 13.999999999999998 14.000000000000002 605 69 21 17 36 17
leaf_count=22 21 20 50 14 14 605 69 21 17 36 17
internal_value=-1.79588e-05 -0.000311664 -4.68993e-05 -0.000840639 2.33286e-05 3.65509e-07 0.000278139 0.0007323 -6.06408e-05 -3.38043e-05 0.000366079
internal_weight=906 106 70 36 800 779 121 52 658 641 31
internal_count=906 106 70 36 800 779 121 52 658 641 31
cat_boundaries=0 1
cat_threshold=67166336
is_linear=0
shrinkage=0.0353657


Tree=471
num_leaves=12
num_cat=1
split_feature=1 44 92 81 22 5 31 49 47 164 68
split_gain=0.00953566 0.0162555 0.020123 0.0189765 0.0203043 0.0197954 0.0187454 0.0244111 0.0333134 0.0237222 0.0233762
threshold=0 297552.48221182096 211300.81472243086 0.99999999998572464 1.2900000000000003 1.6550000000000002 2.7950000000000004 0.09874980891112857 63782.83442954062 8.9642857142857171 62288.250000000007
decision_type=1 10 2 2 10 2 2 8 10 2 2
left_child=-1 2 3 6 -5 -6 7 9 -9 -2 -8
right_child=1 -3 -4 4 5 -7 10 8 -10 -11 -12
leaf_value=8.7672438229390164e-05 -0.00097515019926326045 -0.00085039406653261446 0.00056039630766442855 -0.00090658443570010175 -0.00073885030344570746 3.127005771968031e-05 -0.00011282750386398726 0.0011611552839593589 -0.0001194914905442629 -1.1067681918807318e-05 0.00088504266428286336
leaf_weight=474 48 13.999999999999998 29 52 35 105 21 18 32 28 50
leaf_count=474 48 14 29 52 35 105 21 18 32 28 50
internal_value=-1.69493e-05 -0.000133195 -9.28604e-05 -0.000162061 -0.000400525 -0.000197991 6.07239e-05 -0.000157735 0.0003074 -0.000530651 0.000471153
internal_weight=906 432 418 389 192 140 197 126 50 76 71
internal_count=906 432 418 389 192 140 197 126 50 76 71
cat_boundaries=0 1
cat_threshold=1853547668
is_linear=0
shrinkage=0.0353657


Tree=472
num_leaves=12
num_cat=1
split_feature=92 87 112 23 1 18 71 16 69 48 20
split_gain=0.00948644 0.017822 0.024859 0.01358 0.0108896 0.0247234 0.0143928 0.0160839 0.0151698 0.0146937 0.0131422
threshold=-117101.91174531168 379016.78710277221 6.5000000000000009 783132.80024790252 0 1.6550000000000002 327507.73900051432 3.1750000000000003 264899.84444444452 150707.95051948054 1.2900000000000003
decision_type=2 2 2 8 1 10 2 2 10 8 8
left_child=1 3 -3 -1 5 -2 8 9 -7 -8 -6
right_child=4 2 -4 -5 10 6 7 -9 -10 -11 -12
leaf_value=-0.00048569907679462304 0.00092119760422662653 0.00068029665685238915 -0.00036569625765298916 -0.0014356631819596589 0.00041626311251792461 0.00021009392366209005 9.1186976287460682e-05 0.00044483053734554686 0.0011976874813323895 -0.00057713208964234905 -0.00010234330834439859
leaf_weight=22 32 20 50 13.999999999999998 43 21 45 30 13.999999999999998 67 548
leaf_count=22 32 20 50 14 43 21 45 30 14 67 548
internal_value=-1.64819e-05 -0.000300044 -4.51508e-05 -0.000813703 2.33273e-05 0.000226205 8.26354e-05 -6.92735e-05 0.000565912 -0.000269548 -5.13237e-05
internal_weight=906 106 70 36 800 209 177 142 35 112 591
internal_count=906 106 70 36 800 209 177 142 35 112 591
cat_boundaries=0 1
cat_threshold=68346000
is_linear=0
shrinkage=0.0353657


Tree=473
num_leaves=12
num_cat=1
split_feature=92 22 102 40 1 18 34 71 62 20 66
split_gain=0.00888689 0.0140419 0.0124729 0.0147184 0.0103744 0.0232849 0.0130524 0.0163763 0.0203116 0.0124177 0.0290992
threshold=-117101.91174531168 1.5600000000000003 6.5000000000000009 255454.87698253503 0 1.6550000000000002 3.1750000000000003 332932.58155131916 14.852380952380953 1.2900000000000003 2.3944444444444448
decision_type=2 8 2 10 1 10 2 2 10 8 8
left_child=1 -1 -3 -4 5 -2 7 -7 -9 10 -6
right_child=4 2 3 -5 9 6 -8 8 -10 -11 -12
leaf_value=-0.00091079373832880285 0.00089647032928256087 0.00031631994086054108 -0.00011639451910526222 -0.00097817709478954253 0.0012602533592742458 0.00049121241382546075 0.00049316336779778227 -0.00076038713038729553 3.1855824102704534e-05 -9.8755067866268214e-05 2.6048622080336461e-05
leaf_weight=15.999999999999998 32 27 48 14.999999999999998 13.999999999999998 22 45 44 66 548 29
leaf_count=16 32 27 48 15 14 22 45 44 66 548 29
internal_value=-1.47562e-05 -0.00028927 -0.000138098 -0.00036704 2.37344e-05 0.000221741 8.23506e-05 -8.43827e-05 -0.000273112 -4.91145e-05 0.000405331
internal_weight=906 106 90 63 800 209 177 132 110 591 43
internal_count=906 106 90 63 800 209 177 132 110 591 43
cat_boundaries=0 1
cat_threshold=68346000
is_linear=0
shrinkage=0.0353657


Tree=474
num_leaves=12
num_cat=0
split_feature=58 48 51 16 77 16 63 44 60 58 47
split_gain=0.00894875 0.0209796 0.0250011 0.0254638 0.0162691 0.0147027 0.0134431 0.0114894 0.0329284 0.0207183 0.0138217
threshold=14.500000000000002 -131371.10052201428 1.5321023310295663 2.6300000000000003 1.4352460586957665 1.8550000000000002 31.695638097812012 278090.63040534552 5.7712121212121223 30.500000000000004 221520.63392857139
decision_type=8 10 2 2 2 2 2 10 2 10 10
left_child=1 -1 3 5 -4 -3 -5 10 -9 -10 -2
right_child=7 2 4 6 -6 -7 -8 8 9 -11 -12
leaf_value=0.00093571077390042494 -4.5271996041831812e-05 -0.00017783132502208188 0.0010821875775786647 0.00095003745381021557 0.00018671339276897327 -0.00099485910296106465 9.035283910633714e-05 -0.0013540715054198688 0.00048732745659676833 -0.00051688192318257082 0.00055883734744950077
leaf_weight=20 634 29 29 13.999999999999998 26 40 20 14.999999999999998 23 30 26
leaf_count=20 634 29 29 14 26 40 20 15 23 30 26
internal_value=-6.6238e-07 0.000208535 7.8259e-05 -0.000217064 0.000578224 -0.000593743 0.000338263 -5.61241e-05 -0.000431542 -9.73698e-05 -1.04244e-05
internal_weight=906 178 158 103 55 69 34 728 68 53 660
internal_count=906 178 158 103 55 69 34 728 68 53 660
is_linear=0
shrinkage=0.0353657


Tree=475
num_leaves=12
num_cat=1
split_feature=79 79 1 84 76 76 95 97 29 167 36
split_gain=0.0108371 0.0276839 0.0192178 0.0309218 0.0244764 0.0194013 0.0267103 0.0261108 0.0229861 0.0354386 0.0185448
threshold=-0.73658237863381826 -0.71319247442063671 0 0.10310578651303039 45.500000000000007 1.0000000180025095e-35 -6.5419708058179016e-11 9.5000000000000018 897741.40476190497 3.5000000000000004 36497.713508525958
decision_type=2 2 1 8 8 8 2 2 2 2 10
left_child=10 -2 4 -4 -3 6 -5 -8 9 -7 -1
right_child=1 2 3 5 -6 8 7 -9 -10 -11 -12
leaf_value=0.00056001949084749365 -0.0010026692564281535 -0.00013708439173896591 -0.00044948713225625785 0.00029046976046486427 -0.00098207990231604834 0.00023127991108741326 -0.0013632300868536777 -0.00019334674751001336 5.6053377295851131e-05 0.0013367923204504709 -3.06809289828644e-05
leaf_weight=90 13.999999999999998 301 62 104 25 43 17 23 41 62 124
leaf_count=90 14 301 62 104 25 43 17 23 41 62 124
internal_value=-1.28641e-07 -6.836e-05 -3.20735e-05 0.000140327 -0.000217716 0.000301426 3.06893e-05 -0.000586923 0.000573572 0.00084821 0.000206715
internal_weight=906 692 678 352 326 290 144 40 146 105 214
internal_count=906 692 678 352 326 290 144 40 146 105 214
cat_boundaries=0 2
cat_threshold=237206067 1
is_linear=0
shrinkage=0.0353657


Tree=476
num_leaves=12
num_cat=1
split_feature=90 90 56 21 43 16 241 19 93 1 82
split_gain=0.00877934 0.0214634 0.0115511 0.0263083 0.0455452 0.0206254 0.0232812 0.0188368 0.0171938 0.0191935 0.0188567
threshold=1.2766451466904056 1.2992835094728077 11.500000000000002 396388.5261904762 416115.49258240446 2.6300000000000003 19.000000000000004 786978.38657212898 8553000.0000000019 0 -301890.12533286435
decision_type=10 10 2 8 2 2 2 10 2 1 2
left_child=2 -2 3 4 -1 7 -7 -5 9 10 -4
right_child=1 -3 8 5 -6 6 -8 -9 -10 -11 -12
leaf_value=0.00024478274204910551 0.0010635321098538836 8.7515494266260249e-05 0.0010345553679055894 -0.00078204758782110236 0.0017860853817837355 -7.9865772663567021e-05 0.00094108035175069092 1.5435404016017917e-05 -0.00067482756556206845 -0.00016086266366548764 0.00015593818665672688
leaf_weight=24 13.999999999999998 81 17 43 18 25 34 50 40 470 90
leaf_count=24 14 81 17 43 18 25 34 50 40 470 90
internal_value=-1.55688e-06 0.000283393 -4.02212e-05 0.000181038 0.000810853 -3.18068e-06 0.000409639 -0.000316199 -0.000115499 -6.52653e-05 0.000300799
internal_weight=906 95 811 194 42 152 59 93 617 577 107
internal_count=906 95 811 194 42 152 59 93 617 577 107
cat_boundaries=0 1
cat_threshold=1073815904
is_linear=0
shrinkage=0.0353657


Tree=477
num_leaves=12
num_cat=1
split_feature=280 60 17 1 40 73 164 87 40 209 75
split_gain=0.00780197 0.015255 0.00929297 0.0117967 0.0446492 0.0222129 0.0216105 0.0173736 0.0270342 0.0259918 0.0229191
threshold=0.030668064915636405 3.5390625000000004 192252.95000000004 0 179416.42991393773 0.27207792207792209 8.4687500000000018 376804.38942307699 117930.7147529269 0.051991077059876559 0.033003903726795271
decision_type=2 2 8 1 8 8 2 2 10 2 2
left_child=2 -2 -1 4 7 -5 -7 9 -9 10 -4
right_child=1 -3 3 5 -6 6 -8 8 -10 -11 -12
leaf_value=0.00051592631955987649 2.5737210311972869e-05 -0.00079940383016803378 0.001414885560155155 1.4637481903553202e-05 -0.0010629081395709152 0.0013382561109639361 0.00029551585255818241 -0.00066002219483622573 0.00032817249395598294 -0.00017942366725013788 0.00029919335169953756
leaf_weight=22 27 30 26 553 39 20 38 65 30 32 24
leaf_count=22 27 30 26 553 39 20 38 65 30 32 24
internal_value=-1.01701e-06 -0.000336102 2.45485e-05 3.32027e-06 -0.000202747 8.24671e-05 0.000635599 -6.42485e-07 -0.000271912 0.000347588 0.000811529
internal_weight=906 57 849 827 216 611 58 177 95 82 50
internal_count=906 57 849 827 216 611 58 177 95 82 50
cat_boundaries=0 2
cat_threshold=740449280 1
is_linear=0
shrinkage=0.0353657


Tree=478
num_leaves=12
num_cat=0
split_feature=79 79 62 36 219 61 17 65 62 242 51
split_gain=0.0100288 0.0262681 0.0220239 0.0252504 0.0268735 0.0220848 0.0128238 0.0127803 0.013982 0.0127107 0.0120493
threshold=-0.73658237863381826 -0.71319247442063671 41.13750000000001 36497.713508525958 25.500000000000004 12.67135549872123 458895.33201058203 2.7905844155844162 19.700404858299599 0.032106933275886505 0.59163915935071254
decision_type=2 2 10 10 2 8 10 10 8 2 2
left_child=2 -2 3 4 5 9 -5 -8 -9 -1 -3
right_child=1 10 -4 6 -6 -7 7 8 -10 -11 -12
leaf_value=0.00026333035943588198 -0.00097673867649717924 -0.00063777655209780871 0.00093977260846431958 -0.00071758755571024388 0.0013284081397536543 -0.00031289083635885844 0.0004133337594824228 7.5456173911628388e-05 -0.00074419093013915801 0.0011330179025953473 -4.1266791399294912e-06
leaf_weight=18 13.999999999999998 14.999999999999998 21 31 15.999999999999998 30 27 22 28 21 663
leaf_count=18 14 15 21 31 16 30 27 22 28 21 663
internal_value=-9.33821e-07 -6.66166e-05 0.000197981 8.33659e-05 0.000481958 0.00023221 -0.000240649 -4.02665e-05 -0.00030661 0.000645599 -3.12092e-05
internal_weight=906 692 214 193 85 69 108 77 50 39 678
internal_count=906 692 214 193 85 69 108 77 50 39 678
is_linear=0
shrinkage=0.0353657


Tree=479
num_leaves=12
num_cat=1
split_feature=79 79 62 36 36 1 84 60 61 84 22
split_gain=0.00958122 0.0252593 0.020966 0.023634 0.0206851 0.0172269 0.0288011 0.0241443 0.0262269 0.023676 0.0234786
threshold=-0.73658237863381826 -0.71319247442063671 41.13750000000001 36497.713508525958 24258.242163795014 0 0.10310578651303039 2.2250000000000005 1.1225000000000003 0.074187581668001309 2.5900000000000003
decision_type=2 2 10 10 10 1 8 2 10 10 8
left_child=2 -2 3 4 -1 -3 9 10 -9 -7 -8
right_child=1 5 -4 -5 -6 6 7 8 -10 -11 -12
leaf_value=0.00021342844616244042 -0.00095780889584212866 -0.00020638035769979146 0.00091714018379951314 -0.00023196817229881916 0.0011534054819561908 -0.00010743309325721974 -0.00095715258763345596 0.0012790291867127918 0.00032867636455726444 -0.001117296157025687 0.00010876077437560576
leaf_weight=64 13.999999999999998 326 21 108 21 38 22 19 221 24 28
leaf_count=64 14 326 21 108 21 38 22 19 221 24 28
internal_value=-1.08594e-06 -6.5315e-05 0.000193306 8.1338e-05 0.00046703 -3.05556e-05 0.000132575 0.000287968 0.000438954 -0.000436676 -0.00027212
internal_weight=906 692 214 193 85 678 352 290 240 62 50
internal_count=906 692 214 193 85 678 352 290 240 62 50
cat_boundaries=0 2
cat_threshold=237206067 1
is_linear=0
shrinkage=0.0353657


Tree=480
num_leaves=12
num_cat=1
split_feature=82 82 82 1 48 48 51 34 87 92 44
split_gain=0.0111556 0.0105298 0.0172074 0.0130973 0.0311462 0.0303789 0.0242264 0.0229981 0.0223735 0.022625 0.0188943
threshold=-386029.63765281782 -289156.41414141405 -210302.40188555056 0 36797.9730392157 1520.9476685965058 1.3260716808202724 0.89500000000000013 262556.24429403484 -101341.66315906066 278090.63040534552
decision_type=2 2 2 1 8 8 2 2 2 2 10
left_child=-1 -2 -3 5 6 8 -5 -6 -4 -10 -9
right_child=1 2 3 4 7 -7 -8 10 9 -11 -12
leaf_value=-0.00058972309597714518 0.00051742920068326864 -0.0005448605588491231 -0.00081075590433942054 0.0001619257639687134 0.00056554421709444221 0.00039726656269104064 0.0011014975052406866 -0.00025824406995243824 0.00077510547424398891 -0.00030951866836062444 -0.0010904761359317294
leaf_weight=13.999999999999998 27 44 42 110 14.999999999999998 254 22 332 18 27 13.999999999999998
leaf_count=14 27 44 42 110 15 254 22 332 18 27 14
internal_value=2.98878e-06 2.13887e-05 2.97855e-07 3.56817e-05 -7.59163e-05 0.00019651 0.000342805 -0.000246958 -0.000288713 7.97512e-05 -0.000318431
internal_weight=919 905 878 834 493 341 132 361 87 45 346
internal_count=919 905 878 834 493 341 132 361 87 45 346
cat_boundaries=0 1
cat_threshold=377791883
is_linear=0
shrinkage=0.0353657


Tree=481
num_leaves=12
num_cat=0
split_feature=49 49 57 61 65 64 16 44 44 93 48
split_gain=0.00935529 0.0200854 0.0280217 0.0223549 0.0219994 0.0287827 0.0196666 0.0299664 0.025062 0.0195305 0.0191834
threshold=0.031342966626756931 -0.018936304531600345 82.500000000000014 0.65476190476190488 2.1291666666666669 2.5080645161290325 1.9100000000000004 197587.67551562021 239764.99211615717 1844963.0454545456 50129.377370599082
decision_type=8 10 10 10 10 2 2 10 10 2 10
left_child=1 2 3 -1 5 9 7 -2 -8 -5 -3
right_child=6 10 -4 4 -6 -7 8 -9 -10 -11 -12
leaf_value=0.00062324453474096137 0.00026170875858956371 -0.00069618086580682599 0.00070866228746326021 -0.00084294905819773391 -4.4236233980185888e-05 -0.0016252753253286904 9.7257612174501948e-05 0.0013892393742229161 -0.00071718822801165492 0.00023304792693609692 0.00010878839684390689
leaf_weight=26 71 99 42 15.999999999999998 258 13.999999999999998 302 19 30 17 25
leaf_count=26 71 99 42 16 258 14 302 19 30 17 25
internal_value=2.84587e-06 -9.72887e-05 2.31415e-05 -7.75172e-05 -0.000170113 -0.000741706 0.000123107 0.000536226 4.43225e-06 -0.000356874 -0.000455706
internal_weight=919 497 373 331 305 47 422 90 332 33 124
internal_count=919 497 373 331 305 47 422 90 332 33 124
is_linear=0
shrinkage=0.0353657


Tree=482
num_leaves=12
num_cat=1
split_feature=51 27 51 51 90 9 27 27 79 73 1
split_gain=0.00895207 0.0113724 0.0113724 0.0124181 0.0177655 0.0151759 0.0224969 0.010336 0.0208797 0.0109215 0.0217545
threshold=2.0936378270122558 348758.16666666669 1.992581740222634 1.702939500738806 1.2728272447678988 1.0000000180025095e-35 698624.79863256123 348029.47420634929 -0.17222271041749099 0.10300618921308571 0
decision_type=2 10 2 2 8 2 8 8 2 10 1
left_child=2 -2 3 5 -5 7 -7 8 -1 10 -9
right_child=1 -3 -4 4 -6 6 -8 9 -10 -11 -12
leaf_value=0.0010044306963865246 0.00015330195208501689 0.00095956273212227531 -0.00060043093562817183 0.00015238841384454955 0.0011168220947268455 -0.0012935786507831722 -0.00019079378533995274 0.00016577762206176799 3.3263401206488208e-05 0.00026153714351531161 -0.00024226548827645835
leaf_weight=24 14.000000000000002 15.999999999999998 15.999999999999998 22 17 13.999999999999998 37 232 32 114 381
leaf_count=24 14 16 16 22 17 14 37 232 32 114 381
internal_value=3.27276e-06 0.000448018 -1.62795e-05 7.91469e-07 0.000483649 -2.68248e-05 -0.000511805 9.85171e-06 0.000396221 -2.3608e-05 -8.38732e-05
internal_weight=919 30 889 873 39 834 51 783 56 727 613
internal_count=919 30 889 873 39 834 51 783 56 727 613
cat_boundaries=0 1
cat_threshold=872949291
is_linear=0
shrinkage=0.0353657


Tree=483
num_leaves=12
num_cat=0
split_feature=82 82 82 54 83 65 251 53 136 49 119
split_gain=0.0108793 0.00985811 0.0160889 0.0127731 0.0113631 0.0180988 0.0101757 0.0153724 0.0230567 0.0141286 0.0251726
threshold=-386029.63765281782 -289156.41414141405 -210302.40188555056 92.500000000000014 0.73754893485700468 2.5916666666666672 62379291.978321053 110.50000000000001 275000.00000000006 0.09874980891112857 1.0000000180025095e-35
decision_type=2 2 2 8 2 10 2 10 2 8 2
left_child=-1 -2 3 -3 5 -4 9 8 -8 -6 -11
right_child=1 2 4 -5 6 -7 7 -9 -10 10 -12
leaf_value=-0.00058227367521337665 0.00050117665149909511 -0.00020807581824753128 0.00013614954486285786 -0.0010743417937660901 -6.8916849485717164e-05 0.0011673926179790429 -0.00029578277632989606 7.3446272096438494e-05 -0.0014476634944591811 0.00042432919912348775 -0.0002604355784686276
leaf_weight=13.999999999999998 27 25 14.000000000000002 19 452 15.999999999999998 28 26 15.999999999999998 216 66
leaf_count=14 27 25 14 19 452 16 28 26 16 216 66
internal_value=3.03399e-06 2.12209e-05 2.95518e-07 -0.000526424 3.50246e-05 0.000534972 8.07738e-06 -0.00034041 -0.000720655 4.77529e-05 0.000237651
internal_weight=919 905 878 44 834 30 804 70 44 734 282
internal_count=919 905 878 44 834 30 804 70 44 734 282
is_linear=0
shrinkage=0.0353657


Tree=484
num_leaves=12
num_cat=0
split_feature=82 82 29 29 39 94 84 19 63 37 35
split_gain=0.0104665 0.00938908 0.0107212 0.0220144 0.0155088 0.0201545 0.0186208 0.0189028 0.0180698 0.0171242 0.0164094
threshold=-386029.63765281782 -289156.41414141405 653067.04545454553 641946.71388888906 807035.20215548354 -298413.72841204033 0.23854558428876596 952517.34375000012 44.05260295260296 1060027.4341666668 700163.60930735932
decision_type=2 2 2 2 2 2 10 10 2 2 2
left_child=-1 -2 3 -3 5 10 7 -6 -8 -9 -4
right_child=1 2 4 -5 6 -7 8 9 -10 -11 -12
leaf_value=-0.00057160872792462068 0.00048875771349797558 5.929444091339401e-05 0.00015616549230382847 0.00092426950998905698 0.000578272711763609 -0.00082117597480479596 -0.000153984593596521 -0.00075316922109902433 -0.0011828992322255821 8.0610381857373144e-05 -0.00065686271142583093
leaf_weight=13.999999999999998 27 486 70 14.999999999999998 75 64 28 14.999999999999998 13.999999999999998 90 21
leaf_count=14 27 486 70 15 75 64 28 15 14 90 21
internal_value=2.49019e-06 2.03545e-05 2.83453e-07 0.000104261 -0.000138374 -0.000395219 3.24619e-05 0.000195716 -0.000483332 -6.13416e-05 -9.93684e-05
internal_weight=919 905 878 501 377 155 222 180 42 105 91
internal_count=919 905 878 501 377 155 222 180 42 105 91
is_linear=0
shrinkage=0.0353657


Tree=485
num_leaves=12
num_cat=0
split_feature=82 51 51 51 90 9 27 90 18 27 40
split_gain=0.0100713 0.00790273 0.0113146 0.0108842 0.0170033 0.015278 0.0213313 0.0134228 0.0198735 0.0108443 0.00987521
threshold=-386029.63765281782 2.0936378270122558 1.992581740222634 1.702939500738806 1.2728272447678988 1.0000000180025095e-35 698624.79863256123 0.89537586846614936 1.6550000000000002 348758.16666666669 116845.031103475
decision_type=2 2 2 2 8 2 8 8 10 10 8
left_child=-1 2 3 5 -5 7 -7 8 -2 -3 -8
right_child=1 9 -4 4 -6 6 10 -9 -10 -11 -12
leaf_value=-0.00056108562027925863 -4.140640385861766e-05 0.00014613717143073759 -0.00058243751460957391 0.00014226113811392188 0.0010854985633265942 -0.0012579225865561551 -0.00054723337310310608 -1.6856232893650592e-05 0.00083256052222100069 0.00093245867613858582 0.00020396370476692804
leaf_weight=13.999999999999998 30 14.000000000000002 15.999999999999998 22 17 13.999999999999998 15.999999999999998 691 48 15.999999999999998 21
leaf_count=14 30 14 16 22 17 14 16 691 48 16 21
internal_value=2.07024e-06 1.96197e-05 2.74143e-07 1.86434e-05 0.000469897 -7.46646e-06 -0.00049441 3.00504e-05 0.000413813 0.000436765 -0.000183652
internal_weight=919 905 875 859 39 820 51 769 78 30 37
internal_count=919 905 875 859 39 820 51 769 78 30 37
is_linear=0
shrinkage=0.0353657


Tree=486
num_leaves=12
num_cat=0
split_feature=54 40 25 105 29 29 91 65 67 76 97
split_gain=0.0100547 0.019581 0.0108484 0.0220122 0.0123173 0.0191269 0.0218647 0.0259904 0.0186017 0.0178013 0.0179834
threshold=5.5000000000000009 23925.711813117825 187561.27211538461 1.0000000180025095e-35 653067.04545454553 641946.71388888906 1.0153641707378658 2.5527777777777785 3.0106537979087 2.5000000000000004 5.5000000000000009
decision_type=8 10 8 2 2 2 2 10 2 10 2
left_child=1 -1 -2 4 5 6 7 -4 -8 -6 -11
right_child=2 -3 3 -5 9 -7 8 -9 -10 10 -12
leaf_value=-9.1713649261552407e-05 0.00061908199297044518 -0.001111185199606719 6.3507193978599202e-05 -0.00081826053845743816 8.1608470722455178e-05 0.00093505276991970342 -0.00030769557266243161 0.00077110541659661225 0.00040119600246366088 -0.0010970950365885726 -0.00025328598531440522
leaf_weight=24 13.999999999999998 14.999999999999998 134 13.999999999999998 243 14.999999999999998 160 90 36 14.999999999999998 147
leaf_count=24 14 15 134 14 243 15 160 90 36 15 147
internal_value=6.17814e-06 -0.000426191 3.28209e-05 1.39157e-05 4.08602e-05 0.000169349 0.000121663 0.000348392 -0.000132452 -9.311e-05 -0.00036557
internal_weight=907 39 868 854 840 435 420 224 196 405 162
internal_count=907 39 868 854 840 435 420 224 196 405 162
is_linear=0
shrinkage=0.0353657


Tree=487
num_leaves=12
num_cat=0
split_feature=54 40 29 45 51 27 54 25 95 64 41
split_gain=0.00945996 0.0188009 0.0100098 0.0165241 0.0325494 0.0164708 0.0140752 0.0202951 0.0198756 0.0289501 0.0246728
threshold=5.5000000000000009 23925.711813117825 653067.04545454553 1042562.9918126256 1.9714126960283302 658056.97130310477 113.50000000000001 476188.87130749709 260808.71666666676 2.7303030303030309 678245.12565897719
decision_type=8 10 2 2 2 8 8 8 2 2 2
left_child=1 -1 3 6 5 -5 7 -2 -8 -10 -11
right_child=2 -3 -4 4 -6 -7 8 -9 9 10 -12
leaf_value=-8.5157680812414119e-05 5.5668686427676679e-05 -0.0010838032059824903 -9.0504463014275059e-05 0.00065517127793167395 -5.8245321429754045e-05 0.0017156555206953644 0.00010703472335541806 0.00085856917121684279 -0.0010201807799309194 -0.00038001256436353918 0.00078540530977559741
leaf_weight=24 69 14.999999999999998 405 13.999999999999998 19 24 208 45 44 25 14.999999999999998
leaf_count=24 69 15 405 14 19 24 208 45 44 25 15
internal_value=6.11455e-06 -0.000413223 3.19965e-05 0.00014282 0.000616876 0.00117857 6.45268e-05 0.00036545 -5.95689e-05 -0.000469226 3.32487e-06
internal_weight=907 39 868 463 57 38 406 114 292 84 40
internal_count=907 39 868 463 57 38 406 114 292 84 40
is_linear=0
shrinkage=0.0353657


Tree=488
num_leaves=12
num_cat=1
split_feature=54 293 1 88 53 58 20 54 76 56 44
split_gain=0.00888015 0.0180523 0.0086593 0.0173301 0.0402978 0.0207015 0.0200889 0.0190103 0.0188326 0.0259903 0.0179677
threshold=5.5000000000000009 10.082748911645291 0 218433.03935860062 48.500000000000007 8.5000000000000018 1.9100000000000004 27.500000000000004 3.5000000000000004 45.500000000000007 230608.30801362343
decision_type=8 10 1 2 8 10 8 8 10 2 10
left_child=1 -1 -2 5 7 6 10 -5 -7 -10 -4
right_child=2 -3 3 4 -6 8 -8 -9 9 -11 -12
leaf_value=-7.8935121130014902e-05 0.00015325790229694599 -0.0010571912557231712 -0.00064588860276279839 0.00056489378409973687 -9.6865757086050645e-05 0.00037329566598208111 -0.00027278891773958256 0.001646979440831909 2.7009257061739789e-05 -0.0010452477071328323 -0.0017487680208931758
leaf_weight=24 376 14.999999999999998 20 21 88 99 166 21 43 20 13.999999999999998
leaf_count=24 376 15 20 21 88 99 166 21 43 20 14
internal_value=5.47433e-06 -0.000400786 3.05928e-05 -6.26312e-05 0.000251167 -0.000190097 -0.000422415 0.000987678 7.67101e-05 -0.000301257 -0.00103322
internal_weight=907 39 868 492 130 362 200 42 162 63 34
internal_count=907 39 868 492 130 362 200 42 162 63 34
cat_boundaries=0 1
cat_threshold=2642996448
is_linear=0
shrinkage=0.0353657


Tree=489
num_leaves=12
num_cat=1
split_feature=256 54 61 27 1 19 71 39 62 188 15
split_gain=0.00880565 0.0100748 0.0174091 0.00853037 0.0116941 0.041367 0.0351216 0.0200398 0.0156582 0.0168339 0.0127885
threshold=0.15311197057503592 5.5000000000000009 0.65476190476190488 205845.99561403514 0 338307.35714285722 278966.16651419865 827899.39597657218 4.6644736842105265 0.27775116184672083 239271.56785714289
decision_type=2 8 10 8 1 10 2 2 8 2 2
left_child=1 2 -1 -3 5 -5 -7 -8 -6 10 -10
right_child=-2 3 -4 4 8 6 7 -9 9 -11 -12
leaf_value=-0.00011393057162225048 0.00050086504174993432 0.00052484219729745905 -0.001086517419539782 -0.0011378150314663568 -0.00032711952081426277 0.0010048017972831981 -0.00092648803023256065 1.1702211572018427e-06 0.00064253564551002224 0.00080966420154097302 4.4411123252472965e-05
leaf_weight=20 19 14.999999999999998 15.999999999999998 32 92 13.999999999999998 17 57 24 18 583
leaf_count=20 19 15 16 32 92 14 17 57 24 18 583
internal_value=4.99368e-06 -1.09299e-05 -0.000456987 1.23914e-05 -2.3474e-06 -0.000284788 1.40147e-05 -0.000231575 5.05788e-05 0.000116213 8.1503e-05
internal_weight=907 888 36 852 837 120 88 74 717 625 607
internal_count=907 888 36 852 837 120 88 74 717 625 607
cat_boundaries=0 2
cat_threshold=1207963908 1
is_linear=0
shrinkage=0.0353657


Tree=490
num_leaves=12
num_cat=0
split_feature=13 212 60 20 16 3 242 54 54 53 22
split_gain=0.008885 0.00951898 0.0360777 0.0171092 0.0237183 0.0116739 0.0225903 0.0166618 0.0123944 0.0157649 0.029617
threshold=449932.22672413796 0.065744591129563254 5.5166666666666675 1.2900000000000003 2.3400000000000003 1.5000000000000002 0.034591919987229956 119.50000000000001 5.5000000000000009 48.500000000000007 1.5600000000000003
decision_type=8 2 2 10 2 2 2 8 8 10 8
left_child=-1 5 3 -3 -5 6 7 -2 -7 10 -10
right_child=1 2 -4 4 -6 8 -8 -9 9 -11 -12
leaf_value=0.00052234619035312262 0.00049907504468348269 0.00065529291671921641 -0.0012031076455036667 -0.00097404928398822329 0.00011704318475826078 -0.00057489564426430756 0.0011369822658365374 -0.00048173155157736397 -0.0006395075914490914 -0.00011528075457752216 0.00031805609463639019
leaf_weight=15.999999999999998 20 15.999999999999998 21 14.999999999999998 35 22 19 17 21 428 277
leaf_count=16 20 16 21 15 35 22 19 17 21 428 277
internal_value=5.55941e-06 -9.32209e-06 -0.00032016 -8.89178e-06 -0.000229573 2.67877e-05 0.000437123 0.00010972 -7.91303e-06 1.62488e-05 0.000207801
internal_weight=907 891 87 66 50 804 56 37 748 726 298
internal_count=907 891 87 66 50 804 56 37 748 726 298
is_linear=0
shrinkage=0.0353657


Tree=491
num_leaves=12
num_cat=1
split_feature=33 65 1 93 61 58 88 61 61 22 119
split_gain=0.00860399 0.0107372 0.00991984 0.0220583 0.0194914 0.0186865 0.0186672 0.0258959 0.0256177 0.0228887 0.0176812
threshold=-1.99 2.5488095238095241 0 1787460.9260214895 33.123589743589754 14.500000000000002 206888.31704260656 20.226190476190478 0.77500000000000013 2.6300000000000003 3.5000000000000004
decision_type=2 10 1 2 8 10 2 10 10 8 2
left_child=1 -1 3 5 6 -2 7 8 -4 -8 -5
right_child=2 -3 4 10 -6 -7 9 -9 -10 -11 -12
leaf_value=-0.00094130974461699142 0.0012825086809464996 -0.00015804356970030764 0.00038027716381546108 0.00016856540985585105 -0.00035948222201478503 0.00032218140034910554 0.0001440346563572898 0.00055051929961537544 -0.00038577818781674315 0.001070911666764499 -0.00050979610686331515
leaf_weight=13.999999999999998 29 20 46 241 168 17 63 46 198 32 33
leaf_count=14 29 20 46 241 168 17 63 46 198 32 33
internal_value=4.81304e-06 -0.000412962 2.80989e-05 0.000177102 -5.89665e-05 0.000763899 7.01013e-05 -5.81965e-05 -0.000207855 0.000457721 6.59808e-05
internal_weight=907 34 873 320 553 46 385 290 244 95 274
internal_count=907 34 873 320 553 46 385 290 244 95 274
cat_boundaries=0 1
cat_threshold=478405792
is_linear=0
shrinkage=0.0353657


Tree=492
num_leaves=12
num_cat=0
split_feature=199 3 164 3 76 21 63 59 18 97 111
split_gain=0.0104423 0.0227075 0.0255702 0.0246985 0.0225591 0.0207853 0.00963804 0.024202 0.022422 0.021209 0.0167063
threshold=1.0000000180025095e-35 9.5000000000000018 9.2343750000000018 6.5000000000000009 1.5000000000000002 341719.05555555556 17.160704926624742 45.833333333333336 1.7750000000000001 6.5000000000000009 8.5357142857142865
decision_type=2 2 2 2 10 8 2 2 10 2 2
left_child=1 2 5 -4 -3 -1 7 -2 9 -8 -11
right_child=6 4 3 -5 -6 -7 8 -9 -10 10 -12
leaf_value=-2.3138435123545113e-05 -0.00053996628092270547 0.00030123287265668608 -0.00014843897454895871 -0.0012430827973617057 0.001395165848163307 0.00090123668806904795 0.001155588408180712 7.5521905203673449e-05 -7.8453908769312788e-05 -0.00020517670245022063 0.00065316265273254281
leaf_weight=34 135 20 29 19 25 33 24 129 392 34 28
leaf_count=34 135 20 29 19 25 33 24 129 392 34 28
internal_value=-5.5018e-06 0.000234096 1.79315e-05 -0.000513185 0.000787111 0.000372671 -6.18901e-05 -0.000227248 2.73698e-05 0.000486056 0.000218366
internal_weight=902 160 115 48 45 67 742 264 478 86 62
internal_count=902 160 115 48 45 67 742 264 478 86 62
is_linear=0
shrinkage=0.0353657


Tree=493
num_leaves=12
num_cat=1
split_feature=61 87 209 1 21 5 65 70 16 97 78
split_gain=0.0104168 0.0152874 0.015901 0.00998911 0.0196357 0.0181225 0.0217672 0.0376478 0.0245892 0.0184473 0.0212522
threshold=0.77500000000000013 236379.23506944449 0.050357291100280359 0 701885.43112244911 1.9100000000000004 2.4301948051948057 348236.32954545465 3.5000000000000004 11.500000000000002 1.1354453856272515
decision_type=8 2 2 1 8 2 10 10 2 2 2
left_child=1 -1 -3 4 -2 9 7 8 -7 -5 -11
right_child=3 2 -4 5 -6 6 -8 -9 -10 10 -12
leaf_value=0.00077361937996566746 0.00050897074325629676 -0.0003875297858215624 0.00052522315957932481 -0.0011082300038977009 -5.0645802283934444e-05 7.4224090612839131e-05 0.00016821383846864874 -0.00140540098519765 -0.00085787795468482246 -2.5588215415491209e-06 -0.00087275204676339076
leaf_weight=37 87 32 17 26 225 97 243 13.999999999999998 24 72 28
leaf_count=37 87 32 17 26 225 97 243 14 24 72 28
internal_value=-4.99501e-06 0.000319525 3.979e-05 -4.50304e-05 0.000102224 -0.000140215 -2.29976e-05 -0.000352812 -0.000165921 -0.000480786 -0.000293033
internal_weight=902 86 49 816 312 504 378 135 121 126 100
internal_count=902 86 49 816 312 504 378 135 121 126 100
cat_boundaries=0 1
cat_threshold=2457970860
is_linear=0
shrinkage=0.0353657


Tree=494
num_leaves=12
num_cat=0
split_feature=61 7 116 68 68 38 61 60 5 39 57
split_gain=0.00987461 0.0157107 0.0131477 0.0127333 0.0291019 0.0207948 0.0202916 0.0134007 0.0265217 0.023314 0.0209781
threshold=0.77500000000000013 1.5000000000000002 0.10894383614626552 45813.590277777788 101391.25000000001 301537.70343137259 1.0357142857142858 17.237037037037037 2.0350000000000006 831336.55753968272 20.500000000000004
decision_type=8 2 2 2 2 2 10 2 2 2 10
left_child=1 -1 -3 6 5 -5 -2 8 -6 -10 -11
right_child=3 2 -4 4 7 -7 -8 -9 9 10 -12
leaf_value=0.00067230897045845171 -0.0011498495309140093 -0.0005807609410929741 0.00030217369975581257 0.0015672476957088689 -0.00075099273122224879 0.00036458579888831716 -0.00013681590488760602 5.9133389947933262e-05 -0.0002247709131668422 0.0012521383259032051 0.00016473092260963642
leaf_weight=52 20 20 13.999999999999998 14.000000000000002 72 15.999999999999998 23 450 176 15.999999999999998 29
leaf_count=52 20 20 14 14 72 16 23 450 176 16 29
internal_value=-5.48168e-06 0.000310423 -8.08634e-05 -4.44938e-05 -1.02513e-05 0.000786242 -0.00051643 -5.60273e-05 -0.000236285 -5.44559e-05 0.000522363
internal_weight=902 86 34 816 773 30 43 743 293 221 45
internal_count=902 86 34 816 773 30 43 743 293 221 45
is_linear=0
shrinkage=0.0353657


Tree=495
num_leaves=12
num_cat=0
split_feature=51 79 79 51 11 46 90 251 251 36 33
split_gain=0.0109613 0.0134211 0.0163107 0.0160875 0.0224715 0.0220556 0.0172296 0.0236814 0.0202844 0.0177488 0.0172574
threshold=0.50555523414753989 -0.19562396393416673 -0.26719829045251381 1.1811485755831017 0.68301270189221941 353481.71875000006 1.0870722545214913 59156609.589973994 57884707.648188643 5931.5902718368952 0.31000000000000011
decision_type=2 2 2 2 2 2 8 2 2 10 2
left_child=-1 2 -2 6 5 -5 -3 8 -8 -9 -11
right_child=1 3 -4 4 -6 -7 7 9 -10 10 -12
leaf_value=-0.00045124291038097766 0.00010623216817264106 -0.00079711540609833371 0.00078833192308943722 6.2733800338770054e-05 -0.00013295546566594954 0.00098409879914342405 -0.000273932601602154 -0.00053985669822338115 -0.0013561779557854435 0.00062221117325010687 -0.00014596935689255826
leaf_weight=41 390 52 25 31 159 45 24 17 20 64 34
leaf_count=41 390 52 25 31 159 45 24 17 20 64 34
internal_value=-4.97185e-06 2.09018e-05 0.000163032 -0.000108228 7.58522e-05 0.000520478 -0.000324769 -0.000155768 -0.000702904 9.32211e-05 0.000300942
internal_weight=902 861 415 446 235 76 211 159 44 115 98
internal_count=902 861 415 446 235 76 211 159 44 115 98
is_linear=0
shrinkage=0.0353657


Tree=496
num_leaves=12
num_cat=0
split_feature=29 43 78 46 36 180 34 25 73 79 79
split_gain=0.00939811 0.0255737 0.020565 0.0190938 0.0390921 0.0389162 0.0174791 0.027964 0.0198418 0.0147337 0.0190377
threshold=430669.89668803423 446333.68875175406 0.61685134855867874 378023.86363636371 105076.72251082354 20.500000000000004 1.9100000000000004 187561.27211538461 0.027402402402402354 0.27459725593692536 -0.50444515896776154
decision_type=2 2 2 2 8 2 2 10 10 2 2
left_child=2 -2 -1 4 6 -6 7 -4 -9 10 -8
right_child=1 -3 3 -5 5 -7 9 8 -10 -11 -12
leaf_value=0.00090010060377270667 -0.00085570047900787377 -3.4926956201681512e-05 0.0012704916367900884 0.00072857570210232969 -0.0016360964387838422 -0.00021616870578790431 4.1947594406975717e-05 -0.00032884707714310636 0.00072814737328060343 0.00040107514055474957 -0.00072628432647603262
leaf_weight=18 27 567 26 25 23 20 69 28 13.999999999999998 43 42
leaf_count=18 27 567 26 25 23 20 69 28 14 43 42
internal_value=-5.68779e-06 -8.75385e-05 0.000145378 7.16255e-05 -1.57992e-05 -0.000796574 0.000158851 0.000571157 0.000148828 -1.99414e-05 -0.00023691
internal_weight=902 594 308 290 265 43 222 68 42 154 111
internal_count=902 594 308 290 265 43 222 68 42 154 111
is_linear=0
shrinkage=0.0353657


Tree=497
num_leaves=12
num_cat=1
split_feature=18 190 77 81 81 50 23 1 49 22 51
split_gain=0.00943482 0.0105656 0.0150177 0.0109577 0.012384 0.0136255 0.0166118 0.0127783 0.0214544 0.0234931 0.0158844
threshold=5.3750000000000009 0.1198867877227119 0.91999642475240606 0.69793790742196882 0.7881016275836662 434709.63741228549 539612.59523809538 0 0.23014107560177835 2.5900000000000003 1.0913698359425157
decision_type=10 2 2 2 2 2 10 1 10 8 2
left_child=1 3 -3 -1 5 -5 -7 8 9 -6 -9
right_child=-2 2 -4 4 7 6 -8 10 -10 -11 -12
leaf_value=-0.00053449665075902748 0.00052602140697333329 -4.7152890241212743e-05 -0.00093182156992125721 8.3007669348516351e-05 0.00074486185526115908 0.0015454036388822818 0.00046156075784008915 -0.00026232235909889602 -0.00038983311044120682 5.2529510743615218e-05 0.00010960151226733368
leaf_weight=21 15.999999999999998 15.999999999999998 26 15.999999999999998 87 14.000000000000002 15.999999999999998 314 37 120 219
leaf_count=21 16 16 26 16 87 14 16 314 37 120 219
internal_value=-4.63744e-06 -2.27844e-05 -0.000456706 3.07678e-06 2.64286e-05 0.000480833 0.000909259 -5.25977e-06 0.000190037 0.000346369 -0.00010181
internal_weight=902 886 42 844 823 46 30 777 244 207 533
internal_count=902 886 42 844 823 46 30 777 244 207 533
cat_boundaries=0 1
cat_threshold=3372301444
is_linear=0
shrinkage=0.0353657


Tree=498
num_leaves=12
num_cat=1
split_feature=27 1 49 57 64 17 97 93 28 88 69
split_gain=0.00886105 0.0126913 0.0204725 0.0181981 0.0117706 0.0218902 0.00922628 0.0262616 0.0213754 0.0245182 0.0121944
threshold=205845.99561403514 0 0.20841829229781006 -1.0000000180025095e-35 2.3861111111111115 192252.95000000004 5.5000000000000009 1635524.7090909092 3.1750000000000003 265939.65416666673 827794.40111614938
decision_type=8 1 8 10 2 10 2 2 8 2 10
left_child=-1 2 4 -3 5 -2 7 -5 -9 -10 -8
right_child=1 3 -4 6 -6 -7 10 8 9 -11 -12
leaf_value=0.00044228990810352874 0.00018111667276790239 0.00061930066794706922 -0.0010020837114471811 0.0010936630826513904 0.00024388656662400649 -0.00086407288763762282 -0.00012777858751493432 0.00061032550652837273 -0.0006410459698658154 0.00033613963120129371 0.00038665556067425124
leaf_weight=25 15.999999999999998 34 27 13.999999999999998 35 35 569 34 54 28 38
leaf_count=25 16 34 27 14 35 35 569 34 54 28 38
internal_value=-2.00552e-05 -4.07203e-05 -0.000342926 1.04108e-05 -0.000142771 -0.000412145 -2.46483e-05 0.000220209 5.46662e-05 -0.00022714 -8.36327e-05
internal_weight=909 884 113 771 86 51 737 130 116 82 607
internal_count=909 884 113 771 86 51 737 130 116 82 607
cat_boundaries=0 1
cat_threshold=34347008
is_linear=0
shrinkage=0.0353657


Tree=499
num_leaves=12
num_cat=1
split_feature=61 54 1 27 84 294 21 21 47 49 82
split_gain=0.0105825 0.00866254 0.00981776 0.0231203 0.0226673 0.0201228 0.0213343 0.0136809 0.0132003 0.0169377 0.0121984
threshold=117.91666666666667 285.00000000000006 0 727838.37200276589 0.50766268691159178 12.010631185395281 591228.0700231482 989000.00000000012 -106900.77781007746 -0.082772072390539644 -84106.606790123493
decision_type=10 10 1 10 8 8 8 10 10 10 2
left_child=1 2 3 5 10 8 -7 -5 -1 -10 -4
right_child=-2 -3 4 7 -6 6 -8 -9 9 -11 -12
leaf_value=0.0005417906391757824 -0.00057400290319252847 -0.00052274155595426468 -0.0002110584150685342 0.0010338091714081133 0.00085770439026845128 -9.5651477075106521e-05 -0.00086543414110090363 0.00018275306546010564 -0.00062810158763320029 2.3696959288790759e-05 0.00019142563369585434
leaf_weight=24 17 13.999999999999998 110 21 27 62 79 32 37 210 276
leaf_count=24 17 14 110 21 27 62 79 32 37 210 276
internal_value=-1.76855e-05 -2.42473e-07 1.61437e-05 -9.0017e-05 0.000137521 -0.000185135 -0.000503624 0.000474059 -1.25538e-05 -8.68435e-05 7.05251e-05
internal_weight=909 892 878 465 413 412 141 53 271 247 386
internal_count=909 892 878 465 413 412 141 53 271 247 386
cat_boundaries=0 1
cat_threshold=2805881568
is_linear=0
shrinkage=0.0353657


Tree=500
num_leaves=12
num_cat=0
split_feature=53 49 33 213 84 49 90 167 50 43 87
split_gain=0.00848516 0.0173501 0.0272276 0.02585 0.0202516 0.0160886 0.0179372 0.015402 0.0245744 0.031655 0.025503
threshold=54.500000000000007 0.020487694430300848 0.23500000000000001 8.7250000000000014 0.16744561755723267 -0.018936304531600345 1.0424600170196083 9.5000000000000018 447748.20798611123 218580.61646148996 412054.01666666678
decision_type=10 10 2 2 10 10 10 2 2 2 2
left_child=1 5 3 -3 -4 7 -7 8 9 -1 -10
right_child=-2 2 4 -5 -6 6 -8 -9 10 -11 -12
leaf_value=-0.00035183762650459882 -0.00011692773910606198 0.00096439818040731484 0.00030580054553381756 7.3298516949885393e-05 -0.00066775971456643323 -0.00097042193773331912 -3.1095087580605291e-05 0.00065204206039809606 -0.001245930559107492 0.00077040577525533296 -0.00018915260997568386
leaf_weight=25 484 86 23 35 34 37 14.999999999999998 22 15.999999999999998 57 75
leaf_count=25 484 86 23 35 34 37 15 22 16 57 75
internal_value=-1.70512e-05 9.34792e-05 0.000347092 0.000641231 -0.000155226 -8.26372e-05 -0.000544654 4.4351e-05 -5.32604e-05 0.00032227 -0.000419731
internal_weight=909 425 178 121 57 247 52 195 173 82 91
internal_count=909 425 178 121 57 247 52 195 173 82 91
is_linear=0
shrinkage=0.0353657


Tree=501
num_leaves=12
num_cat=1
split_feature=61 54 38 42 24 1 93 112 69 71 53
split_gain=0.0100268 0.00828014 0.00987611 0.0160654 0.0148825 0.0176869 0.0252672 0.0239397 0.0133514 0.0175953 0.0135183
threshold=117.91666666666667 285.00000000000006 786595.62731092446 737040.81757142872 2.9300000000000002 0 1146282.4444444447 4.5000000000000009 594580.20597484289 486130.61062024051 115.50000000000001
decision_type=10 10 2 2 10 1 2 2 10 2 10
left_child=1 2 3 4 5 6 -1 -7 9 -4 -10
right_child=-2 -3 8 -5 -6 7 -8 -9 10 -11 -12
leaf_value=0.00090713191367041595 -0.00055827774164308064 -0.00051073869511865269 0.00018399256932378179 -0.00070280437282782212 0.00027366009867823291 0.00030220338942541685 1.6225734056180889e-05 -0.00038577778035432859 -0.00026737903151992511 0.0010340985052831207 0.0004637938448551806
leaf_weight=24 17 13.999999999999998 27 19 159 53 190 283 58 38 27
leaf_count=24 17 14 27 19 159 53 190 283 58 38 27
internal_value=-1.67481e-05 -2.2962e-07 1.6239e-05 -3.51307e-05 -5.24372e-06 -9.17767e-05 0.000138839 -0.000245416 0.000259288 0.000600299 3.18961e-05
internal_weight=909 892 878 728 709 550 214 336 150 65 85
internal_count=909 892 878 728 709 550 214 336 150 65 85
cat_boundaries=0 2
cat_threshold=1557170194 1
is_linear=0
shrinkage=0.0353657


Tree=502
num_leaves=12
num_cat=1
split_feature=27 1 71 293 29 81 64 19 39 70 93
split_gain=0.0082767 0.0118179 0.0169604 0.0290666 0.0123181 0.0220154 0.0255225 0.0132561 0.0229041 0.0184715 0.0180964
threshold=205845.99561403514 0 34249.635616416112 10.510941063003552 337281.10714285722 1.0001206485468599 2.4629120879120885 338307.35714285722 405563.71238619316 135027.73484848489 2862540.2629731386
decision_type=8 1 2 10 2 2 2 8 2 8 2
left_child=-1 2 -2 -4 5 6 -3 -6 10 -10 -9
right_child=1 4 3 -5 7 -7 -8 8 9 -11 -12
leaf_value=0.00043071581657021398 0.00016247208131754817 0.00045061376892427906 -0.0014967469329418628 -0.00033831316988381814 -0.00056749138156788519 4.5304389871891476e-05 0.0017131224967904472 0.0013211434554688479 -0.00079709265335958302 -1.9798269547038955e-05 0.00029389617602004178
leaf_weight=25 23 23 15.999999999999998 63 32 63 13.999999999999998 18 15.999999999999998 600 15.999999999999998
leaf_count=25 23 23 16 63 32 63 14 18 16 600 16
internal_value=-1.62225e-05 -3.62449e-05 -0.000341095 -0.000632347 1.04116e-05 0.000340176 0.000897969 -4.01972e-05 -3.93984e-06 -5.51795e-05 0.000673132
internal_weight=909 884 102 79 782 100 37 682 650 616 34
internal_count=909 884 102 79 782 100 37 682 650 616 34
cat_boundaries=0 1
cat_threshold=2181306368
is_linear=0
shrinkage=0.0353657


Tree=503
num_leaves=12
num_cat=0
split_feature=61 60 39 39 29 78 26 74 19 5 47
split_gain=0.00961039 0.0087708 0.0116564 0.0327769 0.0171958 0.0169128 0.0155026 0.0251075 0.0191528 0.0149841 0.0127315
threshold=117.91666666666667 87.48238482384825 807035.20215548354 836439.01925925945 437254.78665816336 0.61685134855867874 3.3950000000000005 0.084039548022598873 489056.29166666669 2.1250000000000004 102584.40159017711
decision_type=10 2 2 2 2 2 10 10 10 2 10
left_child=1 2 4 -4 5 -1 7 8 -6 -5 -7
right_child=-2 -3 3 9 6 10 -8 -9 -10 -11 -12
leaf_value=0.00082426795957977626 -0.00054610552976741642 -0.00042174524391857572 0.0011172671007234531 -0.00034523602874897614 -0.00056036165084390232 0.00015339168694240821 0.00021716190094935749 -0.0011924309283129076 -6.9351332088617341e-06 0.00025514279076104446 -0.00040354497408383121
leaf_weight=17 17 34 23 48 111 256 53 15.999999999999998 149 148 37
leaf_count=17 17 34 23 48 111 256 53 16 149 148 37
internal_value=-1.59166e-05 -4.44531e-08 2.40781e-05 0.000236289 -4.8955e-05 0.000129149 -0.00022341 -0.000335092 -0.000246266 9.33533e-05 6.54272e-05
internal_weight=909 892 858 219 639 310 329 276 260 196 293
internal_count=909 892 858 219 639 310 329 276 260 196 293
is_linear=0
shrinkage=0.0353657


Tree=504
num_leaves=12
num_cat=0
split_feature=108 79 56 20 48 84 73 64 56 55 280
split_gain=0.0160632 0.0101052 0.0147675 0.0210396 0.0230236 0.017303 0.0162732 0.0150047 0.0146329 0.0177112 0.0160509
threshold=16.000000000000004 -0.73658237863381826 11.500000000000002 1.9100000000000004 63992.651509455442 0.16392532781947039 0.10620300751879695 3.8627819548872182 22.500000000000004 20.166666666666668 0.013512381743328901
decision_type=2 2 2 10 8 10 10 2 2 2 2
left_child=1 -1 3 -3 5 -5 7 8 9 -4 -10
right_child=-2 2 6 4 -6 -7 -8 -9 10 -11 -12
leaf_value=0.0002194405394192182 -0.00071455876826125877 -0.00026159833356855595 -4.145632091676622e-06 0.00065515611676450383 0.00021516522404452254 0.0017779090984375804 0.00026069671803059439 -0.00081317058193760118 -0.00013471076542205586 -0.00074579368241469411 0.00050128239938698629
leaf_weight=215 13.999999999999998 55 34 15.000000000000002 107 14.999999999999998 74 29 233 85 36
leaf_count=215 14 55 34 15 107 15 74 29 233 85 36
internal_value=-1.22558e-06 1.81056e-05 -4.56147e-05 0.00019818 0.000434088 0.0010905 -0.000148623 -0.000236828 -0.000176889 -0.000472431 -3.1864e-05
internal_weight=912 898 683 192 137 30 491 417 388 119 269
internal_count=912 898 683 192 137 30 491 417 388 119 269
is_linear=0
shrinkage=0.0353657


Tree=505
num_leaves=12
num_cat=0
split_feature=79 79 219 20 76 291 199 47 97 22 61
split_gain=0.0110149 0.0207234 0.0159775 0.0385813 0.0111299 0.0118723 0.0108565 0.0101159 0.00997393 0.00933599 0.00868343
threshold=-0.73658237863381826 -0.71319247442063671 23.500000000000004 2.7350000000000008 -14.499999999999998 0.086664346677598356 0.083365922359110459 -106900.77781007746 16.500000000000004 2.2950000000000004 133.00603864734302
decision_type=2 2 2 8 10 2 2 10 2 10 8
left_child=2 -2 4 7 8 6 9 -4 -1 -6 -3
right_child=1 10 3 -5 5 -7 -8 -9 -10 -11 -12
leaf_value=-0.00080576584991101489 -0.00087903822595866699 -1.1095367589449129e-05 0.00052784252708333276 0.001538443664612512 0.00107309376638351 -0.00027196977621285901 8.6572708336878353e-05 -0.00022550202499302405 -9.7205656710220467e-05 0.00033431453485399296 -0.00050112786206254632
leaf_weight=21 13.999999999999998 658 15.999999999999998 19 27 23 42 25 20 23 24
leaf_count=21 14 658 16 19 27 23 42 25 20 23 24
internal_value=-1.26984e-06 -6.99347e-05 0.000206303 0.00062811 3.29196e-05 0.000191856 0.000379814 0.000167681 -0.000363444 0.000688729 -3.8625e-05
internal_weight=912 696 216 60 156 115 92 41 41 50 682
internal_count=912 696 216 60 156 115 92 41 41 50 682
is_linear=0
shrinkage=0.0353657


Tree=506
num_leaves=12
num_cat=0
split_feature=273 79 56 73 27 56 24 49 163 79 145
split_gain=0.0115568 0.00899302 0.0139542 0.0155305 0.0182506 0.0147098 0.0165222 0.0195477 0.018146 0.0165457 0.0125467
threshold=2.5000000000000004 -0.73658237863381826 11.500000000000002 0.10620300751879695 660861.56686827971 8.5000000000000018 2.5900000000000003 -0.017762195115659459 1.0000000180025095e-35 0.36079033332429394 9.6825396825396819
decision_type=2 2 2 10 8 2 10 10 2 2 2
left_child=1 10 5 -4 -5 6 7 9 -9 -3 -1
right_child=-2 2 3 4 -6 -7 -8 8 -10 -11 -12
leaf_value=0.00037811693701194743 -0.00059908099777828913 1.9553362901435767e-05 -0.00023206024521874228 0.00092177410648900142 4.6038046364907135e-05 0.00073399681219944854 0.00066921326395427303 -0.00083737320875446519 -2.6229850730803311e-05 0.00087819250784197092 -0.00013245355267000629
leaf_weight=153 14.999999999999998 33 416 18 56 30 23 43 39 24 62
leaf_count=153 15 33 416 18 56 30 23 43 39 24 62
internal_value=-1.8741e-06 1.4764e-05 -4.5378e-05 -0.00014568 0.00025396 0.000191479 6.9355e-05 -7.27617e-05 -0.000397722 0.000326106 0.000204744
internal_weight=912 897 682 490 74 192 162 139 82 57 215
internal_count=912 897 682 490 74 192 162 139 82 57 215
is_linear=0
shrinkage=0.0353657


Tree=507
num_leaves=12
num_cat=0
split_feature=108 73 73 73 79 64 293 219 20 76 36
split_gain=0.0149164 0.00810076 0.0106561 0.0161738 0.0139916 0.01709 0.0173994 0.0134561 0.0367094 0.0133743 0.0133329
threshold=16.000000000000004 0.27207792207792209 0.19296690307328604 0.10620300751879695 -0.73658237863381826 3.6449579831932781 11.562290660047006 23.500000000000004 2.7350000000000008 11.500000000000002 98243.499773953328
decision_type=2 10 10 10 2 2 10 2 8 10 8
left_child=1 2 3 4 7 6 -6 10 -9 -5 -1
right_child=-2 -3 -4 9 5 -7 -8 8 -10 -11 -12
leaf_value=0.00025434165190509604 -0.00068872902076252051 0.00040695605995933452 -0.00044028872489820423 0.00028564591770616112 -0.00024593423951247372 -0.00064649269327994303 0.00014351642667897698 0.00015131147116246424 0.0014890636286195122 0.0011166980766693507 -0.0003765270093639683
leaf_weight=88 13.999999999999998 39 42 49 263 44 258 41 19 13.999999999999998 41
leaf_count=88 14 39 42 49 263 44 258 41 19 14 41
internal_value=-1.30756e-06 1.72723e-05 -4.03432e-06 2.27745e-05 -2.05967e-05 -0.000109106 -5.20309e-05 0.000224362 0.000605468 0.000484379 4.19901e-05
internal_weight=912 898 859 817 754 565 521 189 60 63 129
internal_count=912 898 859 817 754 565 521 189 60 63 129
is_linear=0
shrinkage=0.0353657


Tree=508
num_leaves=12
num_cat=1
split_feature=273 51 63 1 61 84 76 65 81 58 56
split_gain=0.0106407 0.0101323 0.0145752 0.013107 0.0167167 0.0186632 0.0176739 0.0160199 0.01564 0.0156332 0.015417
threshold=2.5000000000000004 1.6622604545840358 51.439402958152961 0 2.0071428571428576 0.32550574307303809 2.5000000000000004 3.4742063492063497 1.1068489647737205 35.500000000000007 55.500000000000007
decision_type=2 2 2 1 8 8 10 10 2 8 2
left_child=1 3 -3 4 10 6 7 -6 -5 -10 -1
right_child=-2 2 -4 8 5 -7 -8 -9 9 -11 -12
leaf_value=-0.00095486649573377192 -0.00057451041718931855 0.00060694070028399934 -0.00012980254862700173 -1.1654367845603557e-05 0.00072366074962608039 0.0010989454233885953 -0.0001657004233726684 -6.4173695999225549e-05 -0.00079103121165052749 -0.0001247155721892533 4.5275165632524112e-07
leaf_weight=15.000000000000002 14.999999999999998 67 25 467 81 14.999999999999998 57 18 62 75 14.999999999999998
leaf_count=15 15 67 25 467 81 15 57 18 62 75 15
internal_value=-1.41259e-06 1.44991e-05 0.000327274 -2.36997e-05 0.000201339 0.000358695 0.000242517 0.000494962 -0.00010612 -0.000415049 -0.000333658
internal_weight=912 897 92 805 201 171 156 99 604 137 30
internal_count=912 897 92 805 201 171 156 99 604 137 30
cat_boundaries=0 1
cat_threshold=1610622122
is_linear=0
shrinkage=0.0353657


Tree=509
num_leaves=12
num_cat=1
split_feature=108 51 94 1 79 69 45 76 36 94 87
split_gain=0.0138908 0.00925092 0.0141578 0.0126685 0.0199755 0.0192713 0.0192406 0.0190084 0.02166 0.0180233 0.016975
threshold=16.000000000000004 1.6622604545840358 644128.30576748203 0 -0.14206399363639183 393140.78472222231 513492.03369963373 6.5000000000000009 40209.482614704313 -421280.35511363618 1418499.1844405595
decision_type=2 2 2 1 2 10 2 10 10 2 2
left_child=1 3 -3 7 -5 6 -6 -1 -9 -7 -10
right_child=-2 2 -4 4 5 9 -8 8 10 -11 -12
leaf_value=0.00032510301799094129 -0.00066536253450874441 0.00090366874467282833 0.00012719434727007483 1.805547947778625e-05 -0.00029890218115774639 0.00058626200200381762 -0.001163850552962782 -0.00093945512984862931 -0.00027602023427623933 -0.00029708022515852585 0.00060242481805049546
leaf_weight=221 13.999999999999998 19 73 331 39 17 52 20 45 62 19
leaf_count=221 14 19 73 331 39 17 52 20 45 62 19
internal_value=-1.99995e-06 1.58822e-05 0.000314762 -2.04675e-05 -0.000128003 -0.000424215 -0.000755138 0.000147426 -0.000232376 -7.65423e-05 -1.02919e-05
internal_weight=912 898 92 806 501 170 91 305 84 79 64
internal_count=912 898 92 806 501 170 91 305 84 79 64
cat_boundaries=0 1
cat_threshold=1883514042
is_linear=0
shrinkage=0.0353657


Tree=510
num_leaves=12
num_cat=1
split_feature=1 51 44 37 87 40 44 16 79 94 13
split_gain=0.0102741 0.0176526 0.0232308 0.0208229 0.020537 0.0176728 0.0215759 0.0170822 0.0163063 0.0126351 0.0119004
threshold=0 0.93323017921945262 25603.794099606657 469537.20098039223 1492402.4161904764 71623.906028370824 187176.15777744481 0.89500000000000013 0.27910261915278572 -8.0582107183586781e-11 408954.35870181414
decision_type=1 2 8 2 2 8 8 2 2 2 10
left_child=-1 7 -3 9 5 -5 -7 -2 -6 -4 -9
right_child=1 2 3 4 8 6 -8 10 -10 -11 -12
leaf_value=-0.00012060801468338144 0.00037076711574536336 -0.00040479986850668211 0.00056421946312311822 -0.00050792234364502493 0.0014842723768222655 0.00061445372377349735 -0.00012577973608484923 -0.00055759501689283742 0.00046410496453706037 0.0015093103083742029 0.00010310326532128196
leaf_weight=487 26 28 13.999999999999998 27 15.999999999999998 73 70 95 22 23 19
leaf_count=487 26 28 14 27 16 73 70 95 22 23 19
internal_value=-1.33463e-05 0.000109905 0.000276648 0.000396425 0.00026146 8.77788e-05 0.000232885 -0.000176785 0.000832362 0.00100369 -0.000381005
internal_weight=900 413 273 245 208 170 143 140 38 37 114
internal_count=900 413 273 245 208 170 143 140 38 37 114
cat_boundaries=0 2
cat_threshold=2168408931 1
is_linear=0
shrinkage=0.0353657


Tree=511
num_leaves=12
num_cat=1
split_feature=1 84 70 34 21 94 164 29 88 87 93
split_gain=0.00960025 0.0158699 0.0236206 0.0181721 0.0157613 0.0190413 0.0148373 0.0146674 0.0145077 0.0132113 0.0160928
threshold=0 0.12885473056566957 57371.835820895525 3.0250000000000004 1460351.3157091099 3.0663104567261157e-11 9.9264705882352953 674017.92207792215 776524.94500000018 1418499.1844405595 4044107.5324675324
decision_type=1 8 8 2 8 2 2 2 2 2 2
left_child=1 2 -1 4 9 -6 -4 -5 -2 10 -3
right_child=8 3 6 7 5 -7 -8 -9 -10 -11 -12
leaf_value=0.00051348325041237998 -8.651445848873975e-05 0.00033368852298844753 -0.00027123007687031363 0.0013683470510502224 -0.001044975120224334 6.7948716488181191e-06 -0.0010794295399666528 0.00047704533958317798 -0.00078555532904404739 0.00063417058603275627 -0.00025959599838987858
leaf_weight=20 432 103 98 14.999999999999998 19 13.999999999999998 13.999999999999998 42 15.999999999999998 50 77
leaf_count=20 432 103 98 15 19 14 14 42 16 50 77
internal_value=-1.28538e-05 9.67284e-05 -0.000193162 0.000233458 0.000113206 -0.000427302 -0.00041601 0.000717322 -0.000125439 0.000213373 7.6947e-05
internal_weight=900 452 132 320 263 33 112 57 448 230 180
internal_count=900 452 132 320 263 33 112 57 448 230 180
cat_boundaries=0 1
cat_threshold=2126558428
is_linear=0
shrinkage=0.0353657


Tree=512
num_leaves=12
num_cat=1
split_feature=1 36 70 36 52 294 24 36 27 22 49
split_gain=0.00911667 0.0160386 0.0188449 0.0232073 0.0235719 0.0226665 0.0171712 0.0149692 0.020748 0.013135 0.0215172
threshold=0 8813.3261267947182 57371.835820895525 42346.413332294695 21.500000000000004 12.168295606145522 2.0350000000000006 343375.18481523677 827840.01513157913 2.5900000000000003 0.19059534376371196
decision_type=1 8 8 8 2 10 10 10 10 8 10
left_child=-1 -2 -3 4 -4 9 -6 8 -7 10 -5
right_child=1 2 3 5 6 7 -8 -9 -10 -11 -12
leaf_value=-0.0001134001820183803 -0.00051984596844176407 0.00084969240060135307 -0.0011490873803620748 0.00053194114703881544 0.00027735337310281431 -0.00062415906196815359 -0.00061255071867620775 0.00052936551898634669 0.000167904678195105 0.00077563423934783819 -0.0004228563042150016
leaf_weight=487 22 23 17 46 37 63 23 15.999999999999998 50 92 24
leaf_count=487 22 23 17 46 37 63 23 16 50 92 24
internal_value=-1.2285e-05 0.000103728 0.000166182 0.000101371 -0.000369527 0.000241539 -0.000116588 -6.57903e-05 -0.000240796 0.000507749 0.00019344
internal_weight=900 413 391 368 77 291 60 129 113 162 70
internal_count=900 413 391 368 77 291 60 129 113 162 70
cat_boundaries=0 2
cat_threshold=2168408931 1
is_linear=0
shrinkage=0.0353657


Tree=513
num_leaves=12
num_cat=1
split_feature=82 82 1 87 19 51 53 71 16 263 29
split_gain=0.00890436 0.0187179 0.0119061 0.0121388 0.0190678 0.015318 0.0156354 0.0179972 0.0116129 0.0218705 0.0146708
threshold=-386029.63765281782 -301890.12533286435 0 1710337.0915584418 1095611.6273148151 0.99999999996349231 10.500000000000002 150868.81810570383 3.0250000000000004 0.021722703092676304 398767.08788819885
decision_type=2 2 1 2 10 2 8 2 2 2 2
left_child=-1 -2 3 5 -5 6 -3 -8 10 -10 -7
right_child=1 2 -4 4 -6 8 7 -9 9 -11 -12
leaf_value=-0.00054259443761887861 0.00068526838341564466 -0.00079262254895609292 -0.00012885438519786498 0.0012725500467482389 0.00024788240967835216 0.00048332392366452997 0.00053597816591313208 -0.00029179993554280737 0.0012734808796490854 0.00018514369420497223 -0.00012725706751908018
leaf_weight=13.999999999999998 24 25 521 15.999999999999998 18 58 25 69 23 14.999999999999998 92
leaf_count=14 24 25 521 16 18 58 25 69 23 15 92
internal_value=-1.19998e-05 2.21984e-06 -2.46029e-05 0.000128249 0.000618453 6.32999e-05 -0.000219636 -3.9617e-05 0.00025095 0.000691935 0.00012083
internal_weight=900 886 862 341 34 307 119 94 188 38 150
internal_count=900 886 862 341 34 307 119 94 188 38 150
cat_boundaries=0 1
cat_threshold=1052816521
is_linear=0
shrinkage=0.0353657


Tree=514
num_leaves=12
num_cat=0
split_feature=82 78 82 82 167 69 251 69 60 20 71
split_gain=0.00857351 0.00974042 0.0108117 0.0143961 0.0115825 0.0207737 0.0150155 0.0168082 0.0126457 0.0124328 0.00965254
threshold=-386029.63765281782 0.54832776586557974 -301890.12533286435 -210302.40188555056 9.5000000000000018 827794.40111614938 58960523.124703869 555924.70714285725 52.876114081996441 2.1250000000000004 835137.43627450976
decision_type=2 2 2 2 2 8 2 8 2 10 2
left_child=-1 -2 -3 -4 6 9 8 -8 -5 -6 -7
right_child=1 2 3 4 5 10 7 -9 -10 -11 -12
leaf_value=-0.0005322038120139902 0.00055794122378019951 0.00050940481641569024 -0.00053349524795484279 -0.00069673342345444084 -0.00022870549201163616 0.0013001011363163771 8.0173856479539939e-05 -0.00047881998188443174 -1.4723134303238957e-05 0.00022617947640687509 0.00045739003767628913
leaf_weight=13.999999999999998 13.999999999999998 23 44 75 93 19 347 57 22 177 14.999999999999998
leaf_count=14 14 23 44 75 93 19 347 57 22 177 15
internal_value=-1.15432e-05 2.38447e-06 -1.26101e-05 -3.57095e-05 -5.41694e-07 0.000164391 -0.000103203 -1.01145e-05 -0.000457886 6.36022e-05 0.000795324
internal_weight=900 886 872 849 805 304 501 404 97 270 34
internal_count=900 886 872 849 805 304 501 404 97 270 34
is_linear=0
shrinkage=0.0353657


Tree=515
num_leaves=12
num_cat=0
split_feature=82 78 82 82 54 167 65 229 19 251 36
split_gain=0.0082561 0.00937282 0.0103192 0.013611 0.0118055 0.0110101 0.0153283 0.0402138 0.0212839 0.0136774 0.0166926
threshold=-386029.63765281782 0.54832776586557974 -301890.12533286435 -212663.78635947863 103.50000000000001 9.5000000000000018 3.0381263616557739 0.018861220372741454 714902.21179558767 58960523.124703869 103850.00736650809
decision_type=2 2 2 2 8 2 8 2 10 2 8
left_child=-1 -2 -3 4 -4 9 8 -8 -7 -5 -11
right_child=1 2 3 5 -6 6 7 -9 -10 10 -12
leaf_value=-0.00052198029026882375 0.00054758537281437395 0.00049788973811594993 -0.0002480212884226296 -0.00044071590269230122 -0.0011084030847005953 -0.00036974685648255481 0.0014210365425970032 0.00018791969529956872 0.00031370853999586345 0.00014372619991228483 -0.00029940535269526583
leaf_weight=13.999999999999998 13.999999999999998 23 24 97 14.999999999999998 94 20 106 84 267 142
leaf_count=14 14 23 24 97 15 94 20 106 84 267 142
internal_value=-1.10276e-05 2.61481e-06 -1.20677e-05 -3.46671e-05 -0.000538858 -1.9972e-06 0.000158709 0.000438063 -2.74117e-05 -0.000101679 -1.36691e-05
internal_weight=900 886 872 849 39 810 304 126 178 506 409
internal_count=900 886 872 849 39 810 304 126 178 506 409
is_linear=0
shrinkage=0.0353657


Tree=516
num_leaves=12
num_cat=0
split_feature=89 62 167 78 61 81 59 19 180 199 37
split_gain=0.0121384 0.022609 0.0101597 0.010986 0.0217809 0.0146394 0.0177457 0.0140359 0.0295463 0.0225867 0.0209532
threshold=13.000000000000002 25.792500000000004 28.500000000000004 0.74591097838893128 117.91666666666667 0.99999999994148903 25.833333333333339 406317.09375000006 1.5000000000000002 1.0000000180025095e-35 469537.20098039223
decision_type=10 8 2 2 8 2 2 10 2 2 2
left_child=2 -2 3 5 7 -1 -7 8 9 -5 -9
right_child=1 -3 -4 4 -6 6 -8 10 -10 -11 -12
leaf_value=-3.7134601293822636e-05 0.0011435163956254751 0.00010586958611366751 0.00024127661512297516 -0.0005250158031468267 -0.0008959208323298573 0.00012899768015471572 0.0010410270862895895 0.00075685232309916138 -0.00012184767954668905 -0.0017285631947474816 -5.3513935340619099e-05
leaf_weight=100 18 33 119 17 23 20 32 19 119 21 375
leaf_count=100 18 33 119 17 23 20 32 19 119 21 375
internal_value=0 0.000434658 -3.14684e-05 -8.22017e-05 -0.000153641 0.000161293 0.00057364 -0.000106386 -0.000368113 -0.00105009 1.11748e-06
internal_weight=896 51 845 726 574 152 52 551 157 38 394
internal_count=896 51 845 726 574 152 52 551 157 38 394
is_linear=0
shrinkage=0.0353657


Tree=517
num_leaves=12
num_cat=0
split_feature=89 62 167 63 274 61 78 63 256 29 69
split_gain=0.0113972 0.0216304 0.00952925 0.0108429 0.0176545 0.0102455 0.0215848 0.0103722 0.010357 0.0108928 0.0188186
threshold=13.000000000000002 25.792500000000004 28.500000000000004 49.896725772809468 2.666666666666667 117.91666666666667 0.83905884504610562 70.511688649412037 0.15311197057503592 181447.58461538461 50615.000000000007
decision_type=10 8 2 2 2 8 2 2 2 2 10
left_child=2 -2 5 4 -4 7 -7 8 9 -1 -11
right_child=1 -3 3 -5 -6 6 -8 -9 -10 10 -12
leaf_value=0.00043187541490281476 0.0011140925580252743 9.9479870781245939e-05 0.00020335238281257058 -2.1628973645897322e-05 0.0011323266606329714 -2.9449448301780916e-05 -0.0011366539788614793 0.00045402303550499398 0.00046601884342433516 -0.00064176644492085829 -6.9275127468753546e-05
leaf_weight=20 18 33 41 57 21 13.999999999999998 21 24 17 58 572
leaf_count=20 18 33 41 57 21 14 21 24 17 58 572
internal_value=0 0.000421228 -3.0432e-05 0.000233647 0.000532346 -7.96057e-05 -0.000533191 -4.81545e-05 -7.62997e-05 -0.000102758 -0.000132152
internal_weight=896 51 845 119 62 726 35 691 667 650 630
internal_count=896 51 845 119 62 726 35 691 667 650 630
is_linear=0
shrinkage=0.0353657


Tree=518
num_leaves=12
num_cat=0
split_feature=89 48 167 63 274 78 61 51 81 19 180
split_gain=0.0106704 0.0132636 0.00883134 0.0102447 0.0168098 0.00998966 0.0195795 0.0192902 0.0131527 0.012782 0.0276807
threshold=13.000000000000002 -98643.744044806444 28.500000000000004 49.896725772809468 2.666666666666667 0.74591097838893128 117.91666666666667 0.99999999994695765 0.99999999997475941 406317.09375000006 1.5000000000000002
decision_type=10 10 2 2 2 2 8 2 2 10 2
left_child=2 -2 5 4 -4 7 9 -1 -9 10 -7
right_child=1 -3 3 -5 -6 6 -8 8 -10 -11 -12
leaf_value=-5.696892587344497e-05 9.4898443830347608e-05 0.00087728601400509961 0.0001939705238517613 -2.2456063330363258e-05 0.0011009765342485699 -0.0010089016083834651 -0.00084812943416609054 0.0012039473445122249 0.00032803514146400047 3.1606603866510115e-06 -0.00011024483100796169
leaf_weight=106 25 26 41 57 21 38 23 20 26 394 119
leaf_count=106 25 26 41 57 21 38 23 20 26 394 119
internal_value=7.66161e-08 0.000408225 -2.86659e-05 0.000225501 0.000515722 -7.60474e-05 -0.000144222 0.000156053 0.000658322 -9.93062e-05 -0.000349119
internal_weight=896 51 845 119 62 726 574 152 46 551 157
internal_count=896 51 845 119 62 726 574 152 46 551 157
is_linear=0
shrinkage=0.0353657


Tree=519
num_leaves=12
num_cat=1
split_feature=89 62 1 49 52 17 251 129 77 34 51
split_gain=0.00996544 0.0202055 0.00852002 0.0157538 0.0167771 0.0148744 0.0143517 0.0186755 0.0220861 0.021066 0.0153961
threshold=13.000000000000002 25.792500000000004 0 -0.2005673209908739 4.5000000000000009 843960.06403200643 61182753.955476291 7.8673913043478274 0.98532028898296264 1.9100000000000004 1.9348672159797424
decision_type=10 8 1 8 2 10 2 2 2 2 2
left_child=2 -2 3 5 -5 -1 7 8 -6 -9 -8
right_child=1 -3 -4 4 6 -7 10 9 -10 -11 -12
leaf_value=0.00070112212507354276 0.0010622632528483544 8.1605996924925711e-05 5.8189101143630643e-05 -0.00091834547079223938 -0.0012585590776575644 -0.00014920247364440294 -0.00098328404317948523 0.00064211288799211324 -0.00016482143844143238 -0.00010192683646343621 -0.00012219799563654936
leaf_weight=35 18 33 513 23 17 18 40 48 32 105 13.999999999999998
leaf_count=35 18 33 513 23 17 18 40 48 32 105 14
internal_value=0 0.000394163 -2.81161e-05 -0.000161293 -0.000276456 0.000282316 -0.000192524 -5.17007e-05 -0.000535889 0.000131144 -0.000612993
internal_weight=896 51 845 332 279 53 256 202 49 153 54
internal_count=896 51 845 332 279 53 256 202 49 153 54
cat_boundaries=0 1
cat_threshold=1832736776
is_linear=0
shrinkage=0.0353657


Tree=520
num_leaves=12
num_cat=1
split_feature=89 62 53 1 53 69 45 25 19 15 38
split_gain=0.00936598 0.0193307 0.00877163 0.00801338 0.0266247 0.0180945 0.0195263 0.0180346 0.0159188 0.0159073 0.0217651
threshold=13.000000000000002 25.792500000000004 58.500000000000007 0 3.5000000000000004 344387.83333333343 788030.77857142873 576782.74371069192 398767.08788819885 286772.75000000006 189188.50128205129
decision_type=10 8 10 1 10 10 2 8 8 2 2
left_child=3 -2 -3 4 -1 7 -7 -5 -9 10 -6
right_child=1 2 -4 5 9 6 -8 8 -10 -11 -12
leaf_value=-0.00089058606159056702 0.0010350558355038386 0.0003736725845511697 -0.00035722979523891338 -6.6323996812550195e-05 0.00010938210502360032 -0.00084283010630698061 -4.4885316453546359e-05 7.2053113454498722e-05 0.00071403212841592045 -0.00016360587059130748 0.0011544451323410956
leaf_weight=32 18 14.999999999999998 18 88 29 20 249 43 113 255 15.999999999999998
leaf_count=32 18 15 18 88 29 20 249 43 113 255 16
internal_value=0 0.000381995 7.61848e-05 -2.74144e-05 -0.000156596 5.62347e-05 -0.000129249 0.000270929 0.000495126 -5.86269e-05 0.000430112
internal_weight=896 51 33 845 332 513 269 244 156 300 45
internal_count=896 51 33 845 332 513 269 244 156 300 45
cat_boundaries=0 1
cat_threshold=1832736776
is_linear=0
shrinkage=0.0353657


Tree=521
num_leaves=12
num_cat=0
split_feature=83 163 88 51 91 60 16 29 36 57 57
split_gain=0.00830994 0.0210604 0.026371 0.0202193 0.00943408 0.00915637 0.0129137 0.0376133 0.0257891 0.0150547 0.0355751
threshold=0.73421207352548101 1.0000000180025095e-35 206888.31704260656 0.59163915935071254 0.69317837873518806 17.237037037037037 2.1250000000000004 427905.18238993717 61584.005191661439 10.500000000000002 14.500000000000002
decision_type=2 2 2 2 2 2 2 2 10 10 10
left_child=1 2 4 -2 -1 -5 7 -7 -9 -8 -11
right_child=3 -3 -4 5 -6 6 9 8 -10 10 -12
leaf_value=-0.00021696801849528264 -0.00076800792817189397 -0.00013200157507651207 0.0014523077102101124 -0.0001297022418447617 0.00055201042061790294 0.0013081802655588303 -0.00033208477177702501 -0.00059658891544881419 0.00039313284110252783 0.00093059704985441662 -4.5476286840467451e-05
leaf_weight=14.000000000000002 21 41 20 367 14.999999999999998 22 100 23 75 36 162
leaf_count=14 21 41 20 367 15 22 100 23 75 36 162
internal_value=0 0.000285207 0.000725729 -3.56415e-05 0.000259265 -3.97407e-06 0.000104904 0.000389871 0.000124573 -8.32663e-06 0.0001521
internal_weight=896 90 49 806 29 785 418 120 98 298 198
internal_count=896 90 49 806 29 785 418 120 98 298 198
is_linear=0
shrinkage=0.0353657


Tree=522
num_leaves=12
num_cat=0
split_feature=94 84 27 201 51 77 82 173 17 251 82
split_gain=0.0108822 0.0151973 0.0124402 0.0138613 0.00734161 0.00817667 0.0103984 0.0148897 0.0145356 0.0112453 0.0221403
threshold=-652187.10446196015 0.41513372265539744 921394.26964285725 4.5000000000000009 2.0936378270122558 1.3566926910396686 117730.89600476342 0.03905948472620021 984597.32363315707 58778366.14441824 11827.280555555555
decision_type=2 10 10 2 2 2 2 2 10 2 2
left_child=2 4 3 -1 5 6 9 -8 -9 10 -2
right_child=1 -3 -4 -5 -6 -7 7 8 -10 -11 -12
leaf_value=-0.0013386899063668348 -3.2351747821123462e-05 0.00063563578950248244 -4.1415021239913646e-05 -0.00038443645035076454 0.00044163941941156745 -0.00034480188778416839 2.2322094318961127e-05 0.0012999688355259111 0.00035857712014349211 4.6746114686149394e-05 -0.00082692367004060375
leaf_weight=15.999999999999998 97 26 25 20 22 61 39 20 22 512 44
leaf_count=16 97 26 25 20 22 61 39 20 22 512 44
internal_value=0 3.39347e-05 -0.00038339 -0.000771331 5.09807e-06 -1.24171e-05 1.83265e-05 0.000350025 0.00075792 -2.58073e-05 -0.000285436
internal_weight=904 843 61 36 817 795 734 81 42 653 141
internal_count=904 843 61 36 817 795 734 81 42 653 141
is_linear=0
shrinkage=0.0353657


Tree=523
num_leaves=12
num_cat=0
split_feature=29 78 45 23 21 28 157 17 35 199 19
split_gain=0.00876513 0.0187322 0.0187421 0.014784 0.0133148 0.0108992 0.0126287 0.0104702 0.0100259 0.00972166 0.00956788
threshold=337281.10714285722 0.69935390447786894 257059.30000000002 305577.23790322588 218182.10000000003 4.1650000000000009 2.5000000000000004 329764.28353174607 190748.87897727275 0.089693479173022617 348758.16666666669
decision_type=2 2 2 8 8 8 2 8 2 2 8
left_child=1 8 4 -2 -3 -4 7 -7 -1 -8 -5
right_child=3 2 5 10 -6 6 9 -9 -10 -11 -12
leaf_value=0.000509660702427131 -0.00072541858275719485 -0.00015182731391192293 0.00069685358589088766 -0.00045253176280485638 -0.0010273174427135586 0.00014030344438114745 -0.00082775958864841025 0.0008916292766640581 0.0013988912060996068 -9.4234262126759093e-05 4.296770833719937e-06
leaf_weight=14.000000000000002 14.999999999999998 24 35 37 15.999999999999998 18 13.999999999999998 15.999999999999998 13.999999999999998 18 683
leaf_count=14 15 24 35 37 16 18 14 16 14 18 683
internal_value=0 0.000215486 6.23225e-05 -5.08406e-05 -0.000445698 0.000291191 6.64053e-05 0.000409809 0.000832681 -0.00032748 -2.47817e-05
internal_weight=904 169 141 735 40 101 66 34 28 32 720
internal_count=904 169 141 735 40 101 66 34 28 32 720
is_linear=0
shrinkage=0.0353657


Tree=524
num_leaves=12
num_cat=0
split_feature=71 23 44 31 92 78 20 175 19 116 31
split_gain=0.00847823 0.0253666 0.0207383 0.0135101 0.0173794 0.0216539 0.0179899 0.0171847 0.0124002 0.0164906 0.0154765
threshold=374859.4646505827 753884.92424242443 244357.65078048533 5.1250000000000009 -3980.6906754391962 0.74591097838893128 2.5350000000000006 1.0000000180025095e-35 303998.27982026146 0.039117383822866413 2.6300000000000003
decision_type=2 10 10 2 2 2 10 2 10 2 2
left_child=1 2 3 4 8 -6 -7 -5 9 -1 -10
right_child=-2 -3 -4 7 5 6 -8 -9 10 -11 -12
leaf_value=-0.00014682002268630654 -0.00012487049907718495 0.00081425896169026659 0.00075153011625954391 -0.0012016520472385667 0.00090250617690894026 0.00037677499000395747 -0.00020531801176217119 -0.0001915573215236656 -0.00053293425014707763 0.00082798884159556764 9.8102469068784469e-05
leaf_weight=15.999999999999998 371 32 22 13.999999999999998 28 115 99 22 124 18 43
leaf_count=16 371 32 22 14 28 115 99 22 124 18 43
internal_value=0 8.91419e-05 2.61844e-05 -2.36724e-05 2.62275e-05 0.000222204 0.000106096 -0.00053143 -0.000198725 0.00024304 -0.000335402
internal_weight=904 533 501 479 443 242 214 36 201 34 167
internal_count=904 533 501 479 443 242 214 36 201 34 167
is_linear=0
shrinkage=0.0353657


Tree=525
num_leaves=12
num_cat=0
split_feature=94 27 294 68 84 29 65 72 90 5 17
split_gain=0.00986637 0.0117058 0.0113544 0.0164373 0.0101717 0.00787881 0.0125009 0.00935224 0.0111122 0.0114922 0.0199848
threshold=-652187.10446196015 921394.26964285725 12.692535355357892 588855.7636968767 0.20683230700257246 1047080.9469343292 3.010869565217392 0.20794025157232701 0.98466755105252701 0.89500000000000013 623556.63888888899
decision_type=2 10 10 2 8 2 8 2 8 2 8
left_child=1 4 5 -4 -1 7 -7 8 -2 10 -10
right_child=2 -3 3 -5 -6 6 -8 -9 9 -11 -12
leaf_value=-0.00043504826128505224 0.00027524800948755621 -3.2049389973429841e-05 0.0011763210859093711 0.00019616092512162825 -0.0012664495074288552 -6.098928200827148e-05 -0.0007898046710446418 0.00042428187853915119 -0.0011074285966701889 -1.7451786087058076e-05 -4.8645432269546112e-05
leaf_weight=22 131 25 14.000000000000002 14.999999999999998 13.999999999999998 36 25 49 22 537 13.999999999999998
leaf_count=22 131 25 14 15 14 36 25 49 22 537 14
internal_value=4.67761e-07 -0.000364192 3.31993e-05 0.000537899 -0.000739738 6.91518e-06 -0.000317437 3.92043e-05 5.03909e-06 -5.97693e-05 -0.000531263
internal_weight=904 61 843 29 36 814 61 753 704 573 36
internal_count=904 61 843 29 36 814 61 753 704 573 36
is_linear=0
shrinkage=0.0353657


Tree=526
num_leaves=12
num_cat=0
split_feature=69 31 4 27 71 28 56 116 88 22 67
split_gain=0.00799159 0.0275522 0.0132503 0.0130226 0.0144113 0.012991 0.0113614 0.0107936 0.0136377 0.0104332 0.0194491
threshold=166747.02545454548 1.5600000000000003 61.000000000000007 205845.99561403514 150868.81810570383 5.1250000000000009 2.5000000000000004 0.039491326671621661 176172.59722222225 2.2950000000000004 2.6733048775065584
decision_type=8 2 2 10 2 8 2 2 2 8 2
left_child=1 2 -1 4 5 -3 -2 8 -7 10 -8
right_child=6 3 -4 -5 -6 7 9 -9 -10 -11 -12
leaf_value=0.00054773407171025061 0.00036847422447428208 0.00057932190149197964 0.0015372483394690438 -0.00044536287339373877 0.00073238917606058122 -0.00012605412455049842 -0.0003353591423079692 0.00025602709071570153 -0.00091562320553516046 -0.00020545176299996868 0.00028118241967628178
leaf_weight=15.000000000000002 47 18 15.999999999999998 35 22 60 70 32 18 403 168
leaf_count=15 47 18 16 35 22 60 70 32 18 403 168
internal_value=7.88599e-07 0.000179731 0.00091096 2.39605e-05 0.000156639 1.85108e-05 -5.58043e-05 -0.000124697 -0.000344967 -9.73354e-05 7.50445e-05
internal_weight=904 216 31 185 150 128 688 110 78 641 238
internal_count=904 216 31 185 150 128 688 110 78 641 238
is_linear=0
shrinkage=0.0353657


Tree=527
num_leaves=12
num_cat=0
split_feature=94 40 40 47 47 93 90 253 36 78 21
split_gain=0.00909903 0.0123136 0.0119529 0.00837789 0.0155573 0.00874555 0.0128644 0.0160873 0.0150398 0.0119107 0.02098
threshold=-652187.10446196015 347651.12452444748 255454.87698253503 224771.99091880341 281627.84602124197 3490344.1111111115 1.0340445620290069 0.095890738571732262 121677.98354738833 0.61685134855867874 675600.00000000012
decision_type=2 10 8 10 10 2 10 2 8 2 8
left_child=2 3 -1 5 -5 9 7 8 -7 10 -2
right_child=1 -3 -4 4 -6 6 -8 -9 -10 -11 -12
leaf_value=-0.0001351255999047198 0.00017262053336975148 0.00055828098952470076 -0.0009176163837961728 0.00087483881307486976 1.1605488209540692e-05 -0.00029779061442093913 0.0001040844551085768 0.0001032466739789282 -0.00095054053072003426 2.7383591385067082e-05 0.001274304951550553
leaf_weight=46 16.000000000000004 29 14.999999999999998 25 24 126 123 56 43 386 14.999999999999998
leaf_count=46 16 29 15 25 24 126 123 56 43 386 15
internal_value=1.32856e-06 3.28117e-05 -0.000348782 5.46827e-06 0.000370959 -2.2249e-05 -0.00015036 -0.000307365 -0.00047972 8.16049e-05 0.000580613
internal_weight=904 843 61 814 49 765 348 225 169 417 31
internal_count=904 843 61 814 49 765 348 225 169 417 31
is_linear=0
shrinkage=0.0353657


Tree=528
num_leaves=12
num_cat=1
split_feature=114 59 36 60 94 19 61 51 79 1 48
split_gain=0.0105677 0.0254103 0.030851 0.0204159 0.0184098 0.026531 0.0236936 0.0118278 0.0114633 0.010206 0.0143734
threshold=4.5000000000000009 32.833333333333336 10588.386813499168 2.6181818181818186 -1.236046828050421e-10 431027.19047619059 3.3725490196078431 0.81979612472879504 -0.50632686306209862 0 -167588.8134920634
decision_type=2 2 10 2 2 10 10 2 2 1 8
left_child=1 4 -3 -4 6 -6 -1 8 -2 10 -9
right_child=7 2 3 -5 5 -7 -8 9 -10 -11 -12
leaf_value=-0.0011770719615708507 -8.4046386350313803e-05 0.00013229939574197199 0.00092129773350440539 0.002062134695105198 0.001130419299376159 -0.00012995309363977257 -7.5471087671614593e-05 -0.00036006995087411932 -0.00064467174143785131 -4.5430428451730363e-05 0.00034245774435043009
leaf_weight=18 109 19 25 14.999999999999998 16.000000000000004 14.999999999999998 25 17 49 377 208
leaf_count=18 109 19 25 15 16 15 25 17 49 377 208
internal_value=4.20163e-05 0.000309075 0.000789788 0.00132105 -3.55883e-05 0.000393979 -0.000471501 -6.65991e-06 -0.00026179 6.11101e-05 0.000236298
internal_weight=893 133 59 40 74 31 43 760 158 602 225
internal_count=893 133 59 40 74 31 43 760 158 602 225
cat_boundaries=0 1
cat_threshold=338438316
is_linear=0
shrinkage=0.0353657


Tree=529
num_leaves=12
num_cat=0
split_feature=97 57 65 94 22 37 58 61 93 51 94
split_gain=0.00978973 0.0268083 0.0202887 0.0193017 0.0294029 0.0268113 0.0136964 0.00963159 0.0128693 0.0113786 0.0178316
threshold=4.5000000000000009 36.500000000000007 2.5527777777777785 -8.0582107183586781e-11 1.7750000000000001 512640.5141806723 61.500000000000007 0.77500000000000013 508165.32857142872 0.81979612472879504 -169444.88884703533
decision_type=2 10 10 2 10 2 8 10 2 2 2
left_child=1 3 6 4 -1 -5 -3 -2 -9 10 -10
right_child=7 2 -4 5 -6 -7 -8 8 9 -11 -12
leaf_value=-0.0012339176404162391 0.00034269137539424141 0.0008877722698115622 0.0015525320369454295 0.0011501005842797566 -3.4748794151740334e-05 -9.3601046485335316e-05 -1.0906384554080071e-05 -0.00063795562311589477 -7.0750766881027185e-05 5.5412394678106146e-05 -0.00080125170079229334
leaf_weight=17 64 14.999999999999998 18 18 33 15.999999999999998 16.000000000000004 20 110 528 38
leaf_count=17 64 15 18 18 33 16 16 20 110 528 38
internal_value=3.97679e-05 0.000296833 0.000850586 -1.00159e-05 -0.000421404 0.000434664 0.000488706 -7.02717e-06 -4.73029e-05 -1.84384e-05 -0.000272702
internal_weight=893 133 49 84 50 34 31 760 696 676 148
internal_count=893 133 49 84 50 34 31 760 696 676 148
is_linear=0
shrinkage=0.0353657


Tree=530
num_leaves=12
num_cat=1
split_feature=54 6 72 17 63 22 1 19 48 54 81
split_gain=0.00952716 0.0147086 0.0124169 0.0129754 0.0330073 0.0213307 0.0211814 0.0197683 0.0289696 0.0221877 0.0190352
threshold=211.50000000000003 1.5000000000000002 0.22361111111111112 776173.32277753216 45.678722165712209 2.5650000000000004 0 416100.60870181414 -82523.145243182706 26.500000000000004 1.0398212991187641
decision_type=10 2 2 10 2 8 1 10 10 10 2
left_child=2 -2 3 4 6 -6 10 8 -8 -9 -1
right_child=1 -3 -4 -5 5 -7 7 9 -10 -11 -12
leaf_value=-2.3327779856471245e-05 -0.00088966677966111551 -7.6088649772296482e-05 0.00049679732964792343 -0.00018855661352561051 0.00039977286615281246 0.0014879921121608711 -0.00042038716673066496 0.00086064567860198 0.00052138072056781104 0.00015302411595341953 -0.00066727958325064115
leaf_weight=154 20 36 55 214 14.999999999999998 26 88 79 39 105 62
leaf_count=154 20 36 55 214 15 26 88 79 39 105 62
internal_value=3.82483e-05 -0.000330484 6.93925e-05 3.20643e-05 0.000119449 0.000883388 4.35444e-05 0.000220077 -6.97106e-05 0.000454746 -0.00020546
internal_weight=893 56 837 782 568 41 527 311 127 184 216
internal_count=893 56 837 782 568 41 527 311 127 184 216
cat_boundaries=0 1
cat_threshold=858917377
is_linear=0
shrinkage=0.0353657


Tree=531
num_leaves=12
num_cat=0
split_feature=97 59 36 60 94 19 61 51 11 54 81
split_gain=0.00923433 0.0224168 0.0281829 0.0191602 0.0161913 0.0247551 0.0219974 0.0104552 0.0172744 0.0148887 0.0112021
threshold=4.5000000000000009 32.833333333333336 10588.386813499168 2.6181818181818186 -1.236046828050421e-10 431027.19047619059 3.3725490196078431 0.81979612472879504 -0.6830127018922193 103.50000000000001 0.99999999998572464
decision_type=2 2 10 2 2 10 10 2 2 8 2
left_child=1 4 -3 -4 6 -6 -1 8 -2 -10 -9
right_child=7 2 3 -5 5 -7 -8 10 9 -11 -12
leaf_value=-0.001124114670733639 2.5657750872323684e-05 0.00010986802565233575 0.0008556056176992965 0.0019612611393180048 0.0010745697049203318 -0.00014277996884713327 -6.3167926591028298e-05 0.00024409297858615347 -0.00031326195394346226 -0.0011329219561731128 -5.5671164205810369e-05
leaf_weight=18 85 19 25 14.999999999999998 16.000000000000004 14.999999999999998 25 226 46 27 376
leaf_count=18 85 19 25 15 16 15 25 226 46 27 376
internal_value=3.69193e-05 0.000286637 0.000738226 0.00124514 -3.64463e-05 0.000365413 -0.000445823 -8.49272e-06 -0.000248387 -0.000610204 5.51175e-05
internal_weight=893 133 59 40 74 31 43 760 158 73 602
internal_count=893 133 59 40 74 31 43 760 158 73 602
is_linear=0
shrinkage=0.0353657


Tree=532
num_leaves=12
num_cat=1
split_feature=54 3 72 17 63 22 1 36 59 71 94
split_gain=0.00884962 0.0140396 0.01182 0.0118415 0.0308464 0.0203966 0.0193101 0.0193097 0.0219354 0.0176629 0.0211311
threshold=211.50000000000003 3.5000000000000004 0.22361111111111112 776173.32277753216 45.678722165712209 2.5650000000000004 0 12875.949412812704 60.500000000000007 225671.48936680818 -1.3281706146373887e-10
decision_type=10 2 2 10 2 8 1 8 2 2 2
left_child=2 -2 3 4 6 -6 9 -8 -9 -1 -11
right_child=1 -3 -4 -5 5 -7 7 8 -10 10 -12
leaf_value=-1.5438963471236207e-05 -0.00086563550500510589 -7.1085790161984808e-05 0.00048244860924159859 -0.00018166967974126344 0.00038513082275245706 0.0014400284062645197 -0.00036784015176132175 0.0005104725358799707 -0.00011005683157675685 -0.00022947613624362974 -0.0012052259816469919
leaf_weight=147 20 36 55 214 14.999999999999998 26 35 201 75 40 29
leaf_count=147 20 36 55 214 15 26 35 201 75 40 29
internal_value=3.54322e-05 -0.000319906 6.54978e-05 2.90398e-05 0.000112577 0.000851033 3.91065e-05 0.000207815 0.000321393 -0.000198472 -0.000617842
internal_weight=893 56 837 782 568 41 527 311 276 216 69
internal_count=893 56 837 782 568 41 527 311 276 216 69
cat_boundaries=0 1
cat_threshold=858917377
is_linear=0
shrinkage=0.0353657


Tree=533
num_leaves=12
num_cat=1
split_feature=54 6 49 1 84 291 21 40 68 49 65
split_gain=0.00827601 0.0134122 0.00864926 0.0172985 0.0159808 0.0256642 0.0195984 0.0153466 0.020901 0.0199768 0.0195182
threshold=211.50000000000003 1.5000000000000002 0.09874980891112857 0 0.15849658667617664 0.083597205075684258 460413.49074074085 105059.39566088612 524299.12996031763 0.20661091726131386 2.2601351351351355
decision_type=10 2 8 1 8 2 10 8 2 10 8
left_child=2 -2 3 -1 5 -4 -7 9 10 -6 -9
right_child=1 -3 4 -5 7 6 -8 8 -10 -11 -12
leaf_value=0.00019965778488876393 -0.0008429323653114134 -6.6668352573724806e-05 0.00014650437136954378 -0.000179003982218807 0.00017333784409498493 0.001890361647383198 0.0007425327481373617 0.0012361809219112818 -0.00021999076945186042 -0.00083555194038456733 0.0003190843801737193
leaf_weight=226 20 36 39 319 14.999999999999998 15.999999999999998 19 14.999999999999998 57 35 96
leaf_count=226 20 36 39 319 15 16 19 15 57 35 96
internal_value=3.36073e-05 -0.000309962 6.27252e-05 -1.62339e-05 0.000212546 0.000607302 0.00118789 6.7226e-05 0.000217391 -0.000376028 0.000488451
internal_weight=893 56 837 545 292 74 35 218 168 50 111
internal_count=893 56 837 545 292 74 35 218 168 50 111
cat_boundaries=0 1
cat_threshold=1712928838
is_linear=0
shrinkage=0.0353657


Tree=534
num_leaves=12
num_cat=1
split_feature=82 61 82 49 1 47 73 79 82 31 64
split_gain=0.00748011 0.0118675 0.00868178 0.0093014 0.0136469 0.0250856 0.019521 0.0130302 0.0239633 0.0129217 0.0127355
threshold=-301890.12533286435 31.343137254901961 -199660.31756722907 -0.17445229329325737 0 -47562.728470276859 0.27207792207792209 1.8117587861098323 270801.57752109779 2.2950000000000004 3.2253968253968259
decision_type=2 10 2 8 1 10 8 2 2 2 2
left_child=1 -1 -2 -4 6 9 -5 8 -7 -6 -8
right_child=2 -3 3 4 5 7 10 -9 -10 -11 -12
leaf_value=0.00081974815635912435 -0.00038706436317950725 9.4455382816441777e-06 0.00027412922778327067 1.0926628357599129e-05 -0.00036629880627437694 -9.589246226038612e-05 0.0012007428698908135 -0.00065075731722451203 0.00081122191520894421 -0.0012446873565744368 0.00029833021915072965
leaf_weight=22 57 13.999999999999998 105 299 18 289 22 22 15.999999999999998 32 18
leaf_count=22 57 14 105 299 18 289 22 22 16 32 18
internal_value=-1.25156e-05 0.000369686 -3.46755e-05 -4.18159e-06 -5.02115e-05 -0.000191048 0.000103195 -8.586e-05 -1.66436e-05 -0.000802771 0.00068507
internal_weight=914 36 878 821 716 377 339 327 305 50 40
internal_count=914 36 878 821 716 377 339 327 305 50 40
cat_boundaries=0 1
cat_threshold=2429920665
is_linear=0
shrinkage=0.0353657


Tree=535
num_leaves=12
num_cat=0
split_feature=51 83 11 60 60 64 60 67 12 69 53
split_gain=0.00818191 0.0165509 0.0118612 0.0198397 0.0114095 0.0178211 0.0195089 0.0289955 0.0191885 0.019056 0.0133569
threshold=0.81979612472879504 0.74488090004217533 -0.6830127018922193 18.416666666666668 17.237037037037037 2.1970149253731353 22.267857142857146 2.7708091004763489 -0.9330127018922193 336838.45967741945 67.500000000000014
decision_type=2 2 2 2 2 2 2 2 2 8 10
left_child=2 -2 -1 -4 10 9 7 -7 -8 -6 -3
right_child=1 4 3 -5 5 6 8 -9 -10 -11 -12
leaf_value=-1.4580587346086041e-05 0.00074728034641472851 3.4307119562163244e-06 -0.00010575922375038329 -0.00098780334338671207 -0.00010537773144051229 0.0016907618479160582 0.00089464999703174858 0.00034624779510020805 5.7555748477472804e-05 -0.0011557545544662556 -0.00044264254492553572
leaf_weight=126 15.999999999999998 214 47 38 17.000000000000004 13.999999999999998 13.999999999999998 22 292 13.999999999999998 100
leaf_count=126 16 214 47 38 17 14 14 22 292 14 100
internal_value=-1.19146e-05 4.37088e-05 -0.000195557 -0.000488749 1.43633e-05 0.000143485 0.000223995 0.000827289 0.000131552 -0.000448656 -0.000135437
internal_weight=914 703 211 85 687 373 342 36 306 31 314
internal_count=914 703 211 85 687 373 342 36 306 31 314
is_linear=0
shrinkage=0.0353657


Tree=536
num_leaves=12
num_cat=1
split_feature=51 83 11 67 40 17 25 58 1 7 36
split_gain=0.0076684 0.0158705 0.0111231 0.0137692 0.0129248 0.0175732 0.0103971 0.00969415 0.00944873 0.0155872 0.0221568
threshold=0.81979612472879504 0.74488090004217533 -0.6830127018922193 2.1848145216305626 208037.73743967109 490890.77250768564 629653.94642857148 22.500000000000004 0 1.5000000000000002 35367.112628787938
decision_type=2 2 2 2 10 10 8 10 1 2 10
left_child=2 -2 4 -4 5 -1 -5 -8 -3 10 -10
right_child=1 8 3 6 -6 -7 7 -9 9 -11 -12
leaf_value=-0.00012205193377035256 0.0007321618904940349 0.00019568687573222833 5.4652110395183173e-05 -0.0011625096266293486 -0.00041315201029906435 0.00066548910022671366 -0.00075307632841073891 -7.0128833364386048e-05 0.00039850994555621732 -0.00037796525207409171 -0.00014781630844495764
leaf_weight=46 15.999999999999998 212 14.999999999999998 24 38 42 24 22 122 129 224
leaf_count=46 16 212 15 24 38 42 24 22 122 129 224
internal_value=-1.06273e-05 4.31836e-05 -0.000188466 -0.000472412 -1.34758e-05 0.000221047 -0.00070536 -0.000448776 1.43986e-05 -7.00207e-05 4.30977e-05
internal_weight=914 703 211 85 126 88 70 46 687 475 346
internal_count=914 703 211 85 126 88 70 46 687 475 346
cat_boundaries=0 1
cat_threshold=341614728
is_linear=0
shrinkage=0.0353657


Tree=537
num_leaves=12
num_cat=0
split_feature=51 12 67 51 11 60 40 17 62 52 5
split_gain=0.00718896 0.0109393 0.0208886 0.0105352 0.0102454 0.0186078 0.0121691 0.0166286 0.00985581 0.00963118 0.00893162
threshold=0.81979612472879504 -0.9330127018922193 2.6139533722485671 0.86059446643591653 -0.6830127018922193 18.416666666666668 208037.73743967109 490890.77250768564 7.9155172413793116 27.500000000000004 2.4400000000000004
decision_type=2 2 2 2 2 2 10 10 10 2 2
left_child=4 2 -2 -3 6 8 7 -1 9 -6 -7
right_child=1 3 -4 -5 5 10 -8 -9 -10 -11 -12
leaf_value=-0.00012035196485761874 9.8313480590493175e-05 0.00049728366451761081 0.0011086128766336785 -2.5298447494918597e-05 -4.0516105751164488e-05 -0.00063997626873352339 -0.00040241189541735607 0.0006454932270810262 0.00037254546832937881 -0.00078956420286212627 -0.0014335418960793238
leaf_weight=46 27 27 20 629 14.000000000000002 21 38 42 18 14.999999999999998 17
leaf_count=46 27 27 20 629 14 21 38 42 18 15 17
internal_value=-9.84914e-06 4.22109e-05 0.000464175 3.83315e-06 -0.00018208 -0.000454643 -1.45996e-05 0.00021304 -9.49059e-05 -0.000342114 -0.000936062
internal_weight=914 703 47 656 211 85 126 88 47 29 38
internal_count=914 703 47 656 211 85 126 88 47 29 38
is_linear=0
shrinkage=0.0353657


Tree=538
num_leaves=12
num_cat=0
split_feature=51 83 94 40 67 60 50 70 79 77 56
split_gain=0.0067462 0.0149154 0.00959046 0.0221338 0.0153255 0.0120219 0.0124997 0.0117719 0.00828469 0.00693978 0.0101885
threshold=0.81979612472879504 0.74488090004217533 -298413.72841204033 213814.18596511098 2.1702020202020207 15.801313628899836 368509.06776101602 228411.55851063834 -0.72676317493933207 0.82725183230271215 29.500000000000004
decision_type=2 2 2 10 2 2 2 8 2 2 2
left_child=2 -2 3 7 -4 6 -6 -1 -5 10 -3
right_child=1 9 4 8 5 -7 -8 -9 -10 -11 -12
leaf_value=-0.00015621009147417163 0.00070900268984376883 -0.00011188099384394772 9.3811294100810166e-05 -0.00026574367752300258 -0.00082147558868129133 -0.0011355830831543722 8.8056463418863059e-06 0.00053390150358861833 -0.0010028891046706225 3.8185839862595751e-05 -0.00088290951197909234
leaf_weight=19 15.999999999999998 14.000000000000002 18 21 13.999999999999998 29 25 67 18 659 13.999999999999998
leaf_count=19 16 14 18 21 14 29 25 67 18 659 14
internal_value=-9.27296e-06 4.11165e-05 -0.000176154 -1.28153e-05 -0.000437788 -0.000694471 -0.000377117 0.000292982 -0.000534849 1.31272e-05 -0.000381398
internal_weight=914 703 211 125 86 68 39 86 39 687 28
internal_count=914 703 211 125 86 68 39 86 39 687 28
is_linear=0
shrinkage=0.0353657


Tree=539
num_leaves=12
num_cat=0
split_feature=82 66 51 102 53 53 67 60 60 95 87
split_gain=0.00720363 0.012876 0.00883578 0.0151636 0.0135064 0.0248313 0.0257261 0.021688 0.026898 0.0288219 0.0175407
threshold=-301890.12533286435 3.2253968253968259 0.99999999996349231 12.500000000000002 54.500000000000007 92.500000000000014 2.5015151515151515 40.987500000000004 18.416666666666668 -337560.95575744088 1330973.2666666668
decision_type=2 8 2 2 10 10 2 2 2 2 2
left_child=1 -1 3 -2 7 6 -6 8 -4 -10 -8
right_child=2 -3 4 -5 5 -7 10 -9 9 -11 -12
leaf_value=-1.5879832205936448e-05 -0.0003790804418734139 0.00083078599052667642 0.00022875497380311517 6.2787068905454876e-05 0.00017840093343344228 8.6276123398676665e-05 -0.0006325039129346263 -0.00024513627403755932 0.00047856519533107008 0.0018166355515236326 -0.0015776956354608752
leaf_weight=13.999999999999998 183 22 146 150 14.999999999999998 221 55 55 15.999999999999998 22 14.999999999999998
leaf_count=14 183 22 146 150 15 221 55 55 16 22 15
internal_value=-8.85617e-06 0.000366359 -3.06362e-05 -0.00017024 5.31753e-05 -9.18913e-05 -0.000549959 0.00024594 0.000432912 0.00109609 -0.000876044
internal_weight=914 36 878 333 545 306 85 239 184 38 70
internal_count=914 36 878 333 545 306 85 239 184 38 70
is_linear=0
shrinkage=0.0353657


Tree=540
num_leaves=12
num_cat=0
split_feature=94 60 60 136 95 93 251 83 62 94 4
split_gain=0.00760665 0.01329 0.016452 0.0110692 0.00976381 0.0140654 0.013513 0.0200387 0.0125765 0.0199012 0.020313
threshold=884496.59374553151 76.952747252747272 85.678196721311494 1.0000000180025095e-35 260808.71666666676 1035224.7974413647 59849835.02418863 1.1871730238658111 5.5568022440392717 110795.43577816492 61.000000000000007
decision_type=2 2 2 2 2 2 2 2 8 2 2
left_child=1 4 -3 -2 8 6 -6 -8 9 -1 -11
right_child=3 2 -4 -5 5 -7 7 -9 -10 10 -12
leaf_value=4.2294827262786735e-05 4.139929359990136e-06 0.0012083346837419404 0.00021136696077960927 -0.00062677859933287546 -0.00012861567426676005 -0.00032091504457931405 0.00025549288960125324 0.0013412459670801122 0.00018251781977363479 -0.00026504292229221705 -0.0013541037063431181
leaf_weight=93 38 13.999999999999998 20 44 21 190 14.000000000000002 14.999999999999998 405 21 20
leaf_count=93 38 14 20 44 21 190 14 15 405 21 20
internal_value=0 3.22468e-05 0.000552294 -0.000284473 7.0407e-07 -0.000176829 0.000235498 0.000682521 8.34948e-05 -0.000183398 -0.000713923
internal_weight=895 813 34 82 779 240 50 29 539 134 41
internal_count=895 813 34 82 779 240 50 29 539 134 41
is_linear=0
shrinkage=0.0353657


Tree=541
num_leaves=12
num_cat=0
split_feature=17 60 39 43 29 65 111 29 36 242 63
split_gain=0.00715946 0.0165309 0.0138247 0.0206802 0.0181183 0.0159556 0.0360257 0.0194115 0.0152661 0.017017 0.0146392
threshold=776173.32277753216 11.750000000000002 546721.98490560183 579156.96277760796 510288.49229691888 3.145502645502646 7.9527243589743604 451273.17209450837 41260.747383520706 0.034591919987229956 8.5297619047619069
decision_type=10 2 2 2 2 10 2 2 8 2 2
left_child=2 -2 3 5 -4 7 -7 -1 -9 -10 -6
right_child=1 -3 4 -5 10 6 -8 8 9 -11 -12
leaf_value=5.1646255894692053e-05 -0.00066148462378527446 -3.1515519340857461e-05 0.00084627763179139404 -0.00078475807325058722 -0.00037047080119617898 0.0012836861302528853 -8.2277899367732874e-05 -0.0011219329110212231 -0.00061868509878501988 0.00030523568348611433 0.00027528758503177187
leaf_weight=265 42 227 36 21 31 23 21 21 32 17 159
leaf_count=265 42 227 36 21 31 23 21 21 32 17 159
internal_value=0 -0.000146186 6.41233e-05 -5.34544e-05 0.000276023 2.07651e-06 0.000510932 -7.5005e-05 -0.000527937 -0.000276211 0.000146549
internal_weight=895 269 626 400 226 379 44 335 70 49 190
internal_count=895 269 626 400 226 379 44 335 70 49 190
is_linear=0
shrinkage=0.0353657


Tree=542
num_leaves=12
num_cat=1
split_feature=94 51 58 90 64 12 258 90 58 53 1
split_gain=0.00712462 0.0120174 0.0138259 0.0259958 0.0256002 0.0328947 0.0240798 0.0184635 0.0214936 0.0134241 0.0132008
threshold=950644.79574468092 1.0872497880495346 14.500000000000002 1.1520985653120708 2.7453703703703707 1.0000000180025095e-35 0.049775347744698752 1.1496544124235768 51.500000000000007 25.500000000000004 0
decision_type=2 2 10 8 2 2 2 10 10 10 1
left_child=1 10 3 6 5 -5 -3 8 -4 -7 -1
right_child=-2 2 7 4 -6 9 -8 -9 -10 -11 -12
leaf_value=-0.00026363529280552204 -0.00028808229809999841 0.0017240267615351848 -0.00092641925268501326 0.0003911768280385678 0.00066941960899058299 -0.00035780231753602888 0.00052135412437166154 0.00031404926298063342 0.000109516153456602 -0.0012045744076208836 6.6978431462142403e-05
leaf_weight=212 74 21 37 31 49 13.999999999999998 21 46 14.999999999999998 29 346
leaf_count=212 74 21 37 31 49 14 21 46 15 29 346
internal_value=0 2.90037e-05 0.000218747 0.000413042 0.000174999 -0.000196255 0.00102715 -6.09869e-05 -0.000474083 -0.000761788 -5.98164e-05
internal_weight=895 821 263 165 123 74 42 98 52 43 558
internal_count=895 821 263 165 123 74 42 98 52 43 558
cat_boundaries=0 1
cat_threshold=278945673
is_linear=0
shrinkage=0.0353657


Tree=543
num_leaves=12
num_cat=0
split_feature=93 54 4 55 175 21 42 20 61 55 87
split_gain=0.00679593 0.0161025 0.0235228 0.0224141 0.0187783 0.0170348 0.0146153 0.0131022 0.014075 0.0140176 0.0141708
threshold=3391874.0357142868 125.50000000000001 91.500000000000014 49.166666666666679 1.0000000180025095e-35 334492.09188034193 339264.55555555556 1.2900000000000003 60.629939209726452 3.8333333333333335 368169.03571428574
decision_type=2 10 2 2 2 10 2 8 10 2 2
left_child=1 2 7 -4 -5 -3 -2 -1 9 10 -9
right_child=6 5 3 4 -6 -7 -8 8 -10 -11 -12
leaf_value=0.0005964417828715784 -0.00057673208337530053 0.00023630736415295505 0.0013280540224335398 4.4961759749977122e-05 0.00075905192146124385 -0.00062190190897724559 -2.6085127730527332e-05 0.00084793940623594411 0.00050664538071004293 -0.00034538618388079437 -6.0967590807927091e-05
leaf_weight=13.999999999999998 46 18 15.999999999999998 69 59 58 410 17 15.999999999999998 157 14.999999999999998
leaf_count=14 46 18 16 69 59 58 410 17 16 157 15
internal_value=0 9.66198e-05 0.000196923 0.000524514 0.000382128 -0.000301834 -9.31308e-05 -1.3789e-05 -0.00010558 -0.000203683 0.000281803
internal_weight=895 439 363 144 128 76 456 219 205 189 32
internal_count=895 439 363 144 128 76 456 219 205 189 32
is_linear=0
shrinkage=0.0353657


Tree=544
num_leaves=12
num_cat=0
split_feature=61 60 51 92 56 49 36 53 77 16 95
split_gain=0.00676279 0.0077398 0.0116386 0.0119736 0.0155362 0.0171895 0.0151082 0.0329538 0.0166192 0.0150214 0.0119197
threshold=117.91666666666667 87.48238482384825 1.0872497880495346 5232.0658704382959 10.500000000000002 0.19861285184159624 57334.472284528463 67.500000000000014 0.99999999998717548 2.2050000000000005 274029.24856181612
decision_type=10 2 2 2 2 10 10 10 2 2 2
left_child=1 2 10 6 -5 9 7 -4 -8 -6 -1
right_child=-2 -3 3 4 5 -7 8 -9 -10 -11 -12
leaf_value=3.4531350875921286e-05 -0.00044961066159939379 -0.00037284388942857792 0.0019324866916329633 0.00041891306893017676 -0.00037913828465026262 -0.00064012211474156198 -0.00028690673722291338 0.00051126500789709336 0.00070682848074742619 0.00034671405266007826 -0.00031924952148970929
leaf_weight=416 15.999999999999998 36 14.000000000000002 90 31 36 19 13.999999999999998 14.999999999999998 72 136
leaf_count=416 16 36 14 90 31 36 19 14 15 72 136
internal_value=0 1.52743e-05 3.8897e-05 0.000213743 0.000101498 -0.000114238 0.000590507 0.00108852 0.000231008 7.24606e-05 -5.23903e-05
internal_weight=895 879 843 291 229 139 62 28 34 103 552
internal_count=895 879 843 291 229 139 62 28 34 103 552
is_linear=0
shrinkage=0.0353657


Tree=545
num_leaves=12
num_cat=1
split_feature=94 60 60 136 1 92 167 23 31 112 50
split_gain=0.00667689 0.0120778 0.015144 0.0105826 0.00825377 0.0140501 0.0164326 0.0190654 0.0170498 0.0125685 0.0245651
threshold=884496.59374553151 76.952747252747272 85.678196721311494 1.0000000180025095e-35 0 -91036.01256527759 3.5000000000000004 779901.24561403517 2.8500000000000001 4.5000000000000009 231262.01274222173
decision_type=2 2 2 2 1 2 2 10 2 2 2
left_child=1 4 -3 -2 5 -1 -7 8 -8 10 -6
right_child=3 2 -4 -5 9 6 7 -9 -10 -11 -12
leaf_value=-0.00018887531959943264 1.745037304420293e-05 0.0011550204247809768 0.0002014817239049252 -0.00059979845867076729 -0.00049521381236786665 -8.9389880444777974e-06 -2.288302626456394e-05 0.0012729082352926917 0.00067973750137332494 -0.0001846130006429645 0.00054334447992735976
leaf_weight=88 38 13.999999999999998 20 44 14.999999999999998 100 49 14.999999999999998 69 372 71
leaf_count=88 38 14 20 44 15 100 49 15 69 372 71
internal_value=0 3.07043e-05 0.000526465 -0.000266079 5.61372e-07 0.000131772 0.000280187 0.000524827 0.000381449 -9.152e-05 0.000238464
internal_weight=895 813 34 82 779 321 233 133 118 458 86
internal_count=895 813 34 82 779 321 233 133 118 458 86
cat_boundaries=0 1
cat_threshold=1281007674
is_linear=0
shrinkage=0.0353657


Tree=546
num_leaves=12
num_cat=1
split_feature=81 87 79 81 28 1 48 25 5 29 81
split_gain=0.00627949 0.0172539 0.0140067 0.0115515 0.0140283 0.0118111 0.0283958 0.018274 0.0177268 0.0274669 0.0223199
threshold=0.7881016275836662 396107.42083333334 -0.85160223457238804 0.83581139307730568 1.9800000000000002 0 79788.262500000055 476188.87130749709 0.89500000000000013 427905.18238993717 0.99999999997644295
decision_type=2 2 2 2 10 1 10 10 2 2 2
left_child=1 -1 -3 4 -2 6 8 -8 -5 10 -10
right_child=3 2 -4 5 -6 -7 7 -9 9 -11 -12
leaf_value=-0.00013886702133037433 -0.00012732212555638864 0.00027452312792502646 0.0011764726330578098 -0.00026345667103233389 -0.00098275232111489524 -8.7826061934765458e-05 -0.0010378588376505243 -0.00012129646110250158 0.0018570087171599001 0.00027319094791306096 0.000735790083219676
leaf_weight=29 30 19 24 22 20 459 14.999999999999998 64 15.999999999999998 180 34
leaf_count=29 30 19 24 22 20 459 15 64 16 180 34
internal_value=1.71505e-05 0.000290696 0.000695179 -8.48825e-06 -0.000435371 2.27764e-05 0.000176656 -0.000316236 0.000365821 0.000469885 0.00107729
internal_weight=912 72 43 840 50 790 331 79 252 230 50
internal_count=912 72 43 840 50 790 331 79 252 230 50
cat_boundaries=0 1
cat_threshold=223912117
is_linear=0
shrinkage=0.0353657


Tree=547
num_leaves=12
num_cat=0
split_feature=82 82 82 78 49 180 54 46 64 45 7
split_gain=0.00633426 0.0132424 0.00748783 0.0127591 0.00890478 0.0181221 0.0138448 0.0108796 0.0104809 0.00906624 0.0141205
threshold=-370148.0277473671 -301890.12533286435 -199660.31756722907 0.87307605459016846 -0.17445229329325737 7.5000000000000009 23.500000000000004 357846.27510683768 2.7905844155844162 940294.6536150513 1.5000000000000002
decision_type=2 2 2 2 8 2 8 2 2 2 2
left_child=-1 -2 3 -3 5 6 -4 -8 -7 10 -6
right_child=1 2 4 -5 9 8 7 -9 -10 -11 -12
leaf_value=-0.0004127935851014096 0.0006313908591159056 -7.9157211803915269e-05 0.00018198787728059563 -0.00089402255796488769 2.9474836782687235e-05 0.00011703256885106327 0.0015345394442950603 0.00070988316385800151 -0.00062911925269309229 0.00013774137436769394 -0.00036683367540222737
leaf_weight=17 20 42 13.999999999999998 14.999999999999998 273 25 13.999999999999998 34 14.999999999999998 292 151
leaf_count=17 20 42 14 15 273 25 14 34 15 292 151
internal_value=1.55833e-05 3.08212e-05 7.71773e-06 -0.000317829 3.60643e-05 0.000313742 0.000668149 0.000973807 -0.000100232 -5.37177e-06 -0.000109199
internal_weight=912 895 875 57 818 102 62 48 40 716 424
internal_count=912 895 875 57 818 102 62 48 40 716 424
is_linear=0
shrinkage=0.0353657


Tree=548
num_leaves=12
num_cat=1
split_feature=82 82 82 78 12 229 1 36 50 63 226
split_gain=0.00607197 0.0126741 0.00707484 0.0122177 0.00990786 0.0143055 0.0127561 0.0216733 0.0223341 0.0153475 0.0172172
threshold=-370148.0277473671 -301890.12533286435 -199660.31756722907 0.87307605459016846 -0.9330127018922193 0.089074870995007369 0 40209.482614704313 444037.24959486339 2.1275641025641026 -8.6934013499999985
decision_type=2 2 2 2 2 2 1 8 2 2 2
left_child=-1 -2 3 -3 5 -4 9 8 -8 -6 -11
right_child=1 2 4 -5 6 -7 7 -9 -10 10 -12
leaf_value=-0.00040473489629577633 0.00061714849720224995 -7.5081608326429047e-05 5.8464180313011546e-05 -0.00087291282828568927 0.0003048560873783037 0.00093028078756229946 6.6095368899429067e-05 0.00027608852783822448 -0.0007702916552317895 -0.00095581161406587138 -0.00018219825474777247
leaf_weight=17 20 42 14.999999999999998 14.999999999999998 50 25 62 326 45 17 278
leaf_count=17 20 42 15 15 50 25 62 326 45 17 278
internal_value=1.46757e-05 2.9623e-05 6.99173e-06 -0.00030943 3.45828e-05 0.00046102 5.18535e-06 0.000129181 -0.000252863 -0.000146378 -0.000253037
internal_weight=912 895 875 57 818 40 778 433 107 345 295
internal_count=912 895 875 57 818 40 778 433 107 345 295
cat_boundaries=0 2
cat_threshold=2342541415 1
is_linear=0
shrinkage=0.0353657


Tree=549
num_leaves=12
num_cat=0
split_feature=69 53 69 70 45 63 61 90 60 22 60
split_gain=0.00595898 0.0142165 0.0155163 0.0126585 0.0155717 0.0167875 0.019592 0.0203111 0.0176625 0.0164675 0.0133797
threshold=562775.60357142868 115.50000000000001 683237.73504273512 641345.34375000012 956912.2681818183 48.099871261635975 34.511904761904766 1.1135693906185542 62.306818181818194 4.6500000000000012 43.151186790505683
decision_type=10 10 10 10 2 2 10 8 2 8 2
left_child=3 -2 -3 4 5 6 10 -8 -7 -6 -1
right_child=1 2 -4 -5 9 8 7 -9 -10 -11 -12
leaf_value=4.9429341878125186e-05 -0.00040493022115484971 -0.00020525409515689526 0.00063851699417027074 -0.00051772395258179794 0.00021490010311455088 0.0010757779622657465 -0.0001519349895450672 -0.0011269168724984393 0.00014299680654868537 0.00093779012834533098 -0.00054845918781681326
leaf_weight=367 104 25 32 21 213 22 20 33 23 24 28
leaf_count=367 104 25 32 21 213 22 20 33 23 24 28
internal_value=1.38562e-05 -0.000166116 0.000184515 5.63501e-05 8.45471e-05 -2.3312e-05 -9.32992e-05 -0.000620945 0.000493276 0.000309464 -7.70086e-06
internal_weight=912 161 57 751 730 493 448 53 45 237 395
internal_count=912 161 57 751 730 493 448 53 45 237 395
is_linear=0
shrinkage=0.0353657


Tree=550
num_leaves=12
num_cat=1
split_feature=81 87 17 81 31 1 65 5 38 95 221
split_gain=0.00558768 0.0161702 0.0132922 0.0107388 0.0131739 0.0108017 0.0200898 0.0154086 0.0190632 0.0176333 0.0136862
threshold=0.7881016275836662 396107.42083333334 416100.60870181414 0.83581139307730568 2.4400000000000004 0 2.2738636363636369 1.6550000000000002 464953.64416666672 -539710.05847597693 0.023536778349639156
decision_type=2 2 10 2 2 1 10 2 2 2 2
left_child=1 -1 -3 4 -2 6 -5 8 -8 -9 -11
right_child=3 2 -4 5 -6 -7 7 9 -10 10 -12
leaf_value=-0.00014500939578790433 -0.00083111694744651254 0.0012086576975453478 0.00031510493438779416 0.0006324368632808858 -3.4220478635078533e-05 -8.6595542240822115e-05 -0.0010879239126375389 -0.0002834497831287492 -0.00010111180368961864 0.00069568483118363593 9.7915323353856318e-05
leaf_weight=29 32 18 25 70 18 459 15.999999999999998 50 41 67 87
leaf_count=29 32 18 25 70 18 459 16 50 41 67 87
internal_value=1.30764e-05 0.000271277 0.000662404 -1.1043e-05 -0.00042255 1.90494e-05 0.000166349 3.43333e-05 -0.00039388 0.000169794 0.000357261
internal_weight=912 72 43 840 50 790 331 261 57 204 154
internal_count=912 72 43 840 50 790 331 261 57 204 154
cat_boundaries=0 1
cat_threshold=223912117
is_linear=0
shrinkage=0.0353657


Tree=551
num_leaves=12
num_cat=0
split_feature=82 82 82 78 49 64 49 46 83 65 59
split_gain=0.00572756 0.0119969 0.00671142 0.0113831 0.00776753 0.016793 0.0219706 0.013825 0.00897448 0.0185801 0.0138413
threshold=-370148.0277473671 -301890.12533286435 -199660.31756722907 0.87307605459016846 -0.17445229329325737 2.7130750605326881 -0.24751084507324364 287344.33333333343 0.84776100549552591 2.606601731601732 51.833333333333336
decision_type=2 2 2 2 8 2 10 2 2 10 2
left_child=-1 -2 3 -3 5 7 -7 -4 9 10 -6
right_child=1 2 4 -5 8 6 -8 -9 -10 -11 -12
leaf_value=-0.0003952090667784493 0.00059830353060288 -7.6846180608205436e-05 0.0012442944498746618 -0.00084805829197799913 -0.0014855095941179752 -0.00079802534840258559 0.00027722523432448107 0.00038803544662256305 3.0589141314554345e-05 3.483079788785206e-06 -0.00048458126365035799
leaf_weight=17 20 42 17 14.999999999999998 14.000000000000002 15.999999999999998 28 41 649 37 15.999999999999998
leaf_count=17 20 42 17 15 14 16 28 41 649 37 16
internal_value=1.22177e-05 2.67768e-05 4.72416e-06 -0.000303518 3.16403e-05 0.000291066 -8.15544e-05 0.000652788 -6.95364e-06 -0.000341237 -0.0008697
internal_weight=912 895 875 57 818 102 44 58 716 67 30
internal_count=912 895 875 57 818 102 44 58 716 67 30
is_linear=0
shrinkage=0.0353657


Tree=552
num_leaves=12
num_cat=1
split_feature=63 63 60 60 1 18 18 48 73 44 67
split_gain=0.00613865 0.0163375 0.00794711 0.0158938 0.00777054 0.0164803 0.0122131 0.0120824 0.0117803 0.011738 0.011083
threshold=93.949737646740985 79.160846032750712 83.370833333333351 75.248484848484864 0 1.7750000000000001 1.8550000000000002 25825.947172619086 0.11269841269841267 197587.67551562021 2.6557931532069468
decision_type=2 2 2 2 1 8 8 8 10 10 2
left_child=1 2 3 4 6 9 10 -7 -8 -6 -1
right_child=-2 -3 -4 -5 5 7 8 -9 -10 -11 -12
leaf_value=-0.00050141515894470653 0.00038075413582461346 -0.00074807711568366359 -0.00042493371593372735 0.00071243378401366036 0.00010215972426861765 0.00011430455627044312 0.0001491939683071252 -0.00036306933709465833 0.00078731437935454073 0.00083689537490979867 6.422698606829309e-05
leaf_weight=58 23 13.999999999999998 30 14.999999999999998 72 59 307 240 17 13.999999999999998 59
leaf_count=58 23 14 30 15 72 59 307 240 17 14 59
internal_value=-1.23898e-05 -2.92718e-05 -6.6324e-06 1.30347e-05 -8.06123e-06 -0.000120473 8.7909e-05 -0.000249074 0.000202443 0.000247202 -0.000184119
internal_weight=908 885 871 841 826 385 441 299 324 86 117
internal_count=908 885 871 841 826 385 441 299 324 86 117
cat_boundaries=0 1
cat_threshold=1549674031
is_linear=0
shrinkage=0.0353657


Tree=553
num_leaves=12
num_cat=0
split_feature=17 242 21 84 94 76 63 258 90 63 21
split_gain=0.0065757 0.0155195 0.0209052 0.0162934 0.0192646 0.0104242 0.00903364 0.0180691 0.0188351 0.0170927 0.0226281
threshold=776173.32277753216 0.032106933275886505 441727.76041666669 0.33955455702749976 1016788.3087512627 11.500000000000002 46.164883635621429 0.029326727213472854 1.2901811526471278 23.883333333333344 365234.80931372562
decision_type=10 2 10 8 2 10 2 2 8 2 10
left_child=6 -2 -3 4 5 -4 9 -8 -9 -1 -11
right_child=1 2 3 -5 -6 -7 7 8 -10 10 -12
leaf_value=0.00011692609977781914 5.3709184969682234e-05 -0.0012218974676680514 -4.1108059539382148e-06 0.00038071409215860962 -0.0011305775078884581 -0.0006874483212379823 -0.0001490164302290088 0.00040267245899564897 0.0014658633220220312 -0.0009070026333008155 -7.8137012161253789e-05
leaf_weight=430 155 13.999999999999998 59 13.999999999999998 17 14.999999999999998 14.999999999999998 27 14.999999999999998 36 111
leaf_count=430 155 14 59 14 17 15 15 27 15 36 111
internal_value=-1.11745e-05 -0.000150829 -0.000433965 -0.000276186 -0.000436905 -0.000209662 4.87952e-05 0.000404067 0.000786278 6.13338e-06 -0.000296947
internal_weight=908 274 119 105 91 74 634 57 42 577 147
internal_count=908 274 119 105 91 74 634 57 42 577 147
is_linear=0
shrinkage=0.0353657


Tree=554
num_leaves=12
num_cat=0
split_feature=18 43 61 97 65 18 15 68 93 93 180
split_gain=0.00665727 0.00690066 0.0114263 0.0209297 0.0167732 0.0177172 0.0171869 0.0116629 0.0116218 0.0168196 0.0139427
threshold=5.3750000000000009 200173.01911913321 1.2426470588235297 22.500000000000004 2.1523947750362846 2.5900000000000003 286772.75000000006 200216.22500000003 1720294.7534188037 758476.7275862071 1.5000000000000002
decision_type=10 2 10 2 10 10 2 2 2 2 2
left_child=1 -1 3 8 5 7 -6 -4 9 -3 -10
right_child=-2 2 4 -5 6 -7 -8 -9 10 -11 -12
leaf_value=-0.00040946152606689595 0.00043366858018877225 6.4017294482262164e-05 -0.00047638706970428932 0.00098353388367869573 0.00072387350527801473 -2.3368906347351636e-05 -3.1034687561368776e-05 -0.0012659761083711294 -0.00052457693472398052 0.001035251297447605 0.00019596879261489356
leaf_weight=32 15.999999999999998 13.999999999999998 30 20 14.999999999999998 30 620 28 38 21 44
leaf_count=32 16 14 30 20 15 30 620 28 38 21 44
internal_value=-1.14219e-05 -2.67615e-05 -6.0895e-06 0.000265067 -6.25038e-05 -0.000467154 -1.19712e-06 -0.000823213 0.000101631 0.000502703 -0.000108165
internal_weight=908 892 860 137 723 88 635 58 117 35 82
internal_count=908 892 860 137 723 88 635 58 117 35 82
is_linear=0
shrinkage=0.0353657


Tree=555
num_leaves=12
num_cat=0
split_feature=17 242 21 21 93 93 62 36 36 87 23
split_gain=0.00607647 0.0145009 0.0200051 0.0126998 0.0151001 0.0131003 0.00926309 0.0126169 0.0164128 0.0300897 0.0257575
threshold=776173.32277753216 0.032106933275886505 441727.76041666669 731416.66666666686 4838592.0000000009 3963103.3030303032 57.808510638297882 68924.738975450877 35367.112628787938 666448.87897727278 692713.06818181823
decision_type=10 2 10 10 2 2 10 10 10 2 10
left_child=6 -2 -3 5 -5 -4 7 8 9 -1 -10
right_child=1 2 3 4 -6 -7 -8 -9 10 -11 -12
leaf_value=0.00035316082067675478 5.3146688099992894e-05 -0.0011886440736163049 -0.00019362839073373231 -0.0010702322797651665 -0.00020083863820959534 0.0006215286410179271 -0.00036717688490391808 0.0002820355768273941 -0.00054834858845064969 -0.00044039208715655059 0.0004407021888110496
leaf_weight=178 155 13.999999999999998 27 23 36 19 37 228 115 59 17
leaf_count=178 155 14 27 23 36 19 37 228 115 59 17
internal_value=-1.0098e-05 -0.000144401 -0.000418126 -0.000263269 -0.000541623 8.88214e-05 4.75005e-05 8.43102e-05 -3.58893e-05 0.000124436 -0.000331653
internal_weight=908 274 119 105 59 46 634 597 369 237 132
internal_count=908 274 119 105 59 46 634 597 369 237 132
is_linear=0
shrinkage=0.0353657


Tree=556
num_leaves=12
num_cat=0
split_feature=18 20 64 46 61 65 18 180 87 15 67
split_gain=0.00633572 0.00644177 0.0112502 0.00841981 0.0101926 0.0166686 0.0250903 0.0155927 0.0153664 0.0140561 0.0139629
threshold=5.3750000000000009 4.8650000000000011 2.5463121783876503 162816.0075757576 1.2426470588235297 2.1523947750362846 2.5900000000000003 1.5000000000000002 831184.80664682551 321562.88379839121 2.7906225923388397
decision_type=10 10 2 2 8 8 10 2 2 2 2
left_child=1 3 -3 -1 7 6 -6 -5 -9 10 -7
right_child=-2 2 -4 4 5 9 -8 8 -10 -11 -12
leaf_value=-0.00052152808318462818 0.00042420546439184495 -0.0001083093829309956 -0.0009109918199463544 -0.00021151963019445659 -0.00084212795844658503 0.00022049745910153129 0.00013703871484866409 0.00033479994645696097 0.0011760231939342868 -1.5219997822309831e-05 0.0011759057056047646
leaf_weight=13.999999999999998 15.999999999999998 15.000000000000002 14.999999999999998 26 60 19 26 76 14.999999999999998 612 13.999999999999998
leaf_count=14 16 15 15 26 60 19 26 76 15 612 14
internal_value=-1.00342e-05 -2.5033e-05 -0.000401886 -5.56235e-06 9.11701e-06 -3.76249e-05 -0.000445957 0.000288581 0.000519739 2.07377e-05 0.000558369
internal_weight=908 892 30 862 848 731 86 117 91 645 33
internal_count=908 892 30 862 848 731 86 117 91 645 33
is_linear=0
shrinkage=0.0353657


Tree=557
num_leaves=12
num_cat=1
split_feature=256 63 63 5 60 1 89 73 61 80 10
split_gain=0.00535362 0.0061406 0.0149866 0.00766027 0.0171674 0.0158508 0.0233433 0.0229063 0.0157674 0.0185204 0.0153898
threshold=0.15311197057503592 93.949737646740985 79.160846032750712 1.9100000000000004 17.237037037037037 0 16.500000000000004 0.51428571428571435 0.65476190476190488 13210852.91666667 1.0000000180025095e-35
decision_type=2 2 2 2 2 1 8 8 10 2 2
left_child=1 2 3 4 8 6 -5 10 -1 -10 -7
right_child=-2 -3 -4 5 -6 7 -8 -9 9 -11 -12
leaf_value=1.1218888434768179e-05 0.00037495047149890245 0.00036788658212669889 -0.00073058259932442539 0.00014760497050441643 6.4982278913961407e-05 6.8400254636309213e-05 0.00098775054662313773 -0.00086064252944702507 -0.0013771180664785758 -0.0004682846369201115 -0.0004676934171304731
leaf_weight=24 19 23 13.999999999999998 209 116 315 26 21 21 62 58
leaf_count=24 19 23 14 209 116 315 26 21 21 62 58
internal_value=-9.49491e-06 -2.42543e-05 -4.16694e-05 -1.94529e-05 -0.000188984 4.12744e-05 0.00025599 -8.8841e-05 -0.000490024 -0.000733321 -2.53539e-05
internal_weight=908 889 866 852 223 629 235 394 107 83 373
internal_count=908 889 866 852 223 629 235 394 107 83 373
cat_boundaries=0 1
cat_threshold=1096082450
is_linear=0
shrinkage=0.0353657


Tree=558
num_leaves=12
num_cat=1
split_feature=54 55 57 1 44 69 21 93 22 57 24
split_gain=0.00582133 0.00885845 0.0121694 0.0138491 0.0141141 0.015807 0.0148402 0.0137978 0.0196145 0.0150741 0.0167407
threshold=285.00000000000006 114.83333333333336 10.500000000000002 0 189001.36334657038 390825.00000000006 525278.34749068611 4431569.138761905 1.5850000000000002 21.500000000000004 2.6800000000000002
decision_type=10 2 8 1 8 10 8 2 8 10 8
left_child=1 2 -1 4 5 6 -4 9 -9 -5 -11
right_child=-2 -3 3 7 -6 -7 -8 8 -10 10 -12
leaf_value=-0.00033110227429108269 -0.00043089441024573525 0.00019835110568043525 -0.00010463142401178809 0.00050877549637655785 -5.4941266414516853e-05 0.00097788090229748953 0.00057311751747855214 -0.0011276344982637182 -0.00023789857684734255 -0.00066523101252359204 5.769801037480374e-05
leaf_weight=132 13.999999999999998 215 51 44 96 32 56 17 107 30.000000000000004 110
leaf_count=132 14 215 51 44 96 32 56 17 107 30 110
internal_value=-1.22227e-06 9.98182e-06 -5.03375e-05 1.9093e-05 0.000211751 0.000441277 0.000255248 -0.000125949 -0.000399206 4.16854e-05 -0.000109447
internal_weight=904 890 675 543 235 139 107 308 124 184 140
internal_count=904 890 675 543 235 139 107 308 124 184 140
cat_boundaries=0 1
cat_threshold=118941700
is_linear=0
shrinkage=0.0353657


Tree=559
num_leaves=12
num_cat=0
split_feature=54 97 92 65 258 33 251 23 94 209 65
split_gain=0.00559942 0.00723696 0.0134767 0.00843727 0.0106833 0.00720792 0.00889465 0.0144557 0.0216148 0.0293601 0.0093262
threshold=285.00000000000006 47.500000000000007 -3323.1526839371504 3.145502645502646 0.030211599019979652 -1.99 60431122.849249668 1016688.9663461539 -227073.84463704715 0.072249485707973501 2.1523947750362846
decision_type=10 2 2 8 2 2 2 10 2 2 10
left_child=1 5 -3 4 -4 -1 -7 8 10 -10 -8
right_child=-2 2 3 -5 -6 6 7 -9 9 -11 -12
leaf_value=-0.00041925243303333771 -0.00042299382484197855 0.00087040546785632094 -0.00063766547796540037 0.0004353982927116444 0.00010759304802920374 7.5372808789353317e-05 -0.00042516297213717293 0.00034351321423374597 -0.0011715877713434489 -0.00017163380534061237 0.0002176574469761146
leaf_weight=30 13.999999999999998 17 18 26 24 547 13.999999999999998 29 48 56 81
leaf_count=30 14 17 18 26 24 547 14 29 48 56 81
internal_value=-1.60701e-06 9.35468e-06 0.000283189 9.5361e-05 -0.000164818 -2.16005e-05 -3.40153e-07 -0.000176522 -0.000294529 -0.0006189 3.19234e-05
internal_weight=904 890 85 68 42 805 775 228 199 104 95
internal_count=904 890 85 68 42 805 775 228 199 104 95
is_linear=0
shrinkage=0.0353657


Tree=560
num_leaves=12
num_cat=1
split_feature=54 55 35 73 60 36 57 1 10 94 71
split_gain=0.00539226 0.00813715 0.0117346 0.0127382 0.0154115 0.0115293 0.0112829 0.0128406 0.0159529 0.0156875 0.0198099
threshold=285.00000000000006 114.83333333333336 1007830.3937322682 0.19296690307328604 20.977777777777778 29994.74887566637 10.500000000000002 0 1.0000000180025095e-35 142928.14425505052 384667.90479762206
decision_type=10 2 2 10 2 10 8 1 2 2 2
left_child=1 6 3 4 5 -3 -1 -8 9 -9 -11
right_child=-2 2 -4 -5 -6 -7 7 8 -10 10 -12
leaf_value=-0.00031881894903352886 -0.00041498247188590903 0.00027022938467153354 0.00063241822302827471 -0.00046435925337340404 0.00049631396154355546 -0.00041881894361506879 0.00020389778883042045 -0.00016835765704213817 -0.00061780265446762341 0.00083617591378849451 -9.6205581980325983e-05
leaf_weight=132 13.999999999999998 25 39 22 79 50 235 199 46 40 23
leaf_count=132 14 25 39 22 79 50 235 199 46 40 23
internal_value=-1.44048e-06 9.29172e-06 0.00018988 7.44874e-05 0.000184692 -0.000111453 -4.8462e-05 1.832e-05 -0.000121254 -2.20129e-05 0.000388269
internal_weight=904 890 215 176 154 75 675 543 308 262 63
internal_count=904 890 215 176 154 75 675 543 308 262 63
cat_boundaries=0 1
cat_threshold=118941700
is_linear=0
shrinkage=0.0353657


Tree=561
num_leaves=12
num_cat=0
split_feature=36 201 87 54 80 62 31 60 49 180 76
split_gain=0.00524393 0.0153357 0.0142231 0.0156929 0.0246573 0.0150154 0.016217 0.0145576 0.0124117 0.0122608 0.0115074
threshold=119054.32144174297 1.5000000000000002 803341.52611408208 83.500000000000014 122874640.19315128 104.26923076923077 3.3950000000000005 15.309523809523812 -0.14363520723733489 2.5000000000000004 -1.0000000180025095e-35
decision_type=8 2 2 10 2 8 2 2 10 2 10
left_child=8 -2 5 -4 -5 -3 -7 -8 9 10 -1
right_child=1 2 3 4 -6 6 7 -9 -10 -11 -12
leaf_value=0.001375315983357064 -0.00080351984495329683 -0.00064639282809784027 -5.8643959965484478e-05 0.0012582772362555476 0.00014950185572431819 0.00054602332873434842 4.8117693943220473e-05 -0.00080218894559376487 -4.9424647130912572e-08 0.000116840777291253 0.00048517226467749278
leaf_weight=15.999999999999998 13.999999999999998 67 109 21 36 23 25 21 512 41 19
leaf_count=16 14 67 109 21 36 23 25 21 512 41 19
internal_value=-1.78499e-06 -0.00011491 -5.76289e-05 0.000144976 0.000555126 -0.000304712 -2.4208e-05 -0.000289196 5.80377e-05 0.000424954 0.000842046
internal_weight=904 316 302 166 57 136 69 46 588 76 35
internal_count=904 316 302 166 57 136 69 46 588 76 35
is_linear=0
shrinkage=0.0353657


Tree=562
num_leaves=12
num_cat=0
split_feature=54 112 59 21 65 79 79 294 63 199 80
split_gain=0.00517497 0.00670057 0.0152982 0.00984617 0.00803697 0.00732158 0.0153809 0.0104293 0.0133199 0.0141067 0.0133154
threshold=285.00000000000006 47.500000000000007 41.500000000000007 406317.09375000006 3.145502645502646 -0.73658237863381826 -0.71319247442063671 10.150531247198737 1.1399410774410776 0.088456771056235659 32965530.375000004
decision_type=10 2 2 10 8 2 2 10 2 2 2
left_child=1 5 4 -4 -3 -1 -7 8 -8 -10 -9
right_child=-2 2 3 -5 -6 6 7 10 9 -11 -12
leaf_value=0.0001513175783171299 -0.00040703043276679355 -0.00027077344976726936 0.00041540495164655298 0.001278204484275833 0.00036253320267441122 -0.00077998075177405685 -4.9287682025674114e-05 0.00018719715968278341 -0.0014130757244029942 -0.00040982710198300101 -0.0001508515727973472
leaf_weight=200 13.999999999999998 37 14.000000000000002 15.999999999999998 18 13.999999999999998 14.999999999999998 230 17.000000000000004 13.999999999999998 315
leaf_count=200 14 37 14 16 18 14 15 230 17 14 315
internal_value=-1.93209e-06 8.55309e-06 0.000272092 0.000771943 2.44176e-05 -2.11825e-05 -8.31203e-05 -5.18613e-05 -0.000463001 -0.000870058 -5.87876e-06
internal_weight=904 890 85 30 55 805 605 591 46 31 545
internal_count=904 890 85 30 55 805 605 591 46 31 545
is_linear=0
shrinkage=0.0353657


Tree=563
num_leaves=12
num_cat=1
split_feature=25 1 87 65 5 53 16 87 87 27 44
split_gain=0.00549513 0.00796597 0.0224104 0.0226228 0.0232876 0.0107211 0.0101858 0.00806522 0.0155374 0.0248193 0.0145076
threshold=187561.27211538461 0 1159688.2034632037 2.1523947750362846 1.9100000000000004 52.500000000000007 2.5650000000000004 354326.28438375361 576291.91666666686 596580.44101731619 230608.30801362343
decision_type=8 1 2 8 2 8 2 2 2 8 8
left_child=-1 2 3 6 -5 -6 -2 10 9 -9 -3
right_child=1 7 -4 4 5 -7 -8 8 -10 -11 -12
leaf_value=0.00038343774658174579 -0.00095793770309454457 -3.5085525046439716e-05 -0.0009825279845670045 -0.00024643955854715822 0.0013375022962234901 0.00050207779935145121 -0.0001989534131075694 -9.5413949701601109e-05 1.2264015662484864e-05 0.00084187871005979894 -0.00068818348982477469
leaf_weight=20 26 191 21 21 14.999999999999998 25 21 30 439 66 29
leaf_count=20 26 191 21 21 15 25 21 30 439 66 29
internal_value=-1.9891e-06 -1.72952e-05 -0.000243387 -7.34103e-05 0.000312789 0.000784155 -0.000535904 2.56222e-05 0.000100524 0.000465254 -0.000142077
internal_weight=904 884 129 108 61 40 47 755 535 96 220
internal_count=904 884 129 108 61 40 47 755 535 96 220
cat_boundaries=0 2
cat_threshold=2835353632 1
is_linear=0
shrinkage=0.0353657


Tree=564
num_leaves=12
num_cat=0
split_feature=76 51 65 57 47 94 59 37 49 60 60
split_gain=0.0058177 0.00627197 0.0137493 0.00710916 0.0121979 0.0134696 0.011982 0.0110443 0.00982554 0.0226793 0.0274444
threshold=57.500000000000007 2.0936378270122558 2.9023809523809527 73.500000000000014 -896.4361769260139 -1.6476554110191208e-10 64.833333333333357 855479.83685064956 0.031342966626756931 33.123589743589754 17.237037037037037
decision_type=10 2 10 8 8 2 2 2 10 2 2
left_child=1 3 -3 6 -5 7 8 -6 -1 10 -10
right_child=-2 2 -4 4 5 -7 -8 -9 9 -11 -12
leaf_value=-0.00012259237828282424 -0.00038555344158550456 0.00095794125848774545 7.0009820909707561e-05 0.0006281826631504262 -0.00043848552691655858 0.00058578611618695256 -0.00057095002295692377 0.00027272257817951456 0.00013933640040033303 -0.00018265014518774027 0.0010018977128269657
leaf_weight=401 22 14.000000000000002 17 42 55 14.999999999999998 27 14.999999999999998 114 120 47
leaf_count=401 22 14 17 42 55 15 27 15 114 120 47
internal_value=1.94199e-06 1.85015e-05 0.000386288 2.70403e-07 0.000222457 2.83201e-05 -4.33781e-05 -0.000191209 -1.24483e-05 0.00013985 0.000404096
internal_weight=889 867 31 836 127 85 709 70 682 281 161
internal_count=889 867 31 836 127 85 709 70 682 281 161
is_linear=0
shrinkage=0.0353657


Tree=565
num_leaves=12
num_cat=1
split_feature=47 34 5 1 60 44 51 63 34 91 97
split_gain=0.00557763 0.0197107 0.0127006 0.0211938 0.0146585 0.0190472 0.0143575 0.0192301 0.015848 0.0138476 0.0128205
threshold=170125.25978407558 2.3400000000000003 1.5600000000000003 0 0.86607142857142871 35185.623749972299 1.5528998413593447 2.1275641025641026 2.3400000000000003 1.1399248883942839 5.5000000000000009
decision_type=8 2 2 1 2 10 2 2 2 2 2
left_child=2 -2 9 4 5 -4 7 8 -6 -1 -5
right_child=1 -3 3 10 6 -7 -8 -9 -10 -11 -12
leaf_value=-0.00015142557846042602 0.0007067830537188061 -5.2941951440442843e-05 0.00017558468266053704 0.00016549491736541825 0.0014848332370481336 -0.00081885639798234583 0.00087623700907862368 0.00010765510208306856 0.00044450782762731116 -0.00091948628697489628 -0.00028873021358618174
leaf_weight=54 43 82 20 77 14.999999999999998 24 28 229 18 26 273
leaf_count=54 43 82 20 77 15 24 28 229 18 26 273
internal_value=2.03173e-06 0.000203148 -3.19722e-05 1.461e-05 0.00020808 -0.000250058 0.000312654 0.000229911 0.000830218 -0.000400957 -0.000166492
internal_weight=889 125 764 684 334 44 290 262 33 80 350
internal_count=889 125 764 684 334 44 290 262 33 80 350
cat_boundaries=0 1
cat_threshold=1314765062
is_linear=0
shrinkage=0.0353657


Tree=566
num_leaves=12
num_cat=1
split_feature=76 89 291 51 65 70 1 19 94 57 6
split_gain=0.00566303 0.00674738 0.00899004 0.00620594 0.0131898 0.00719142 0.0157325 0.0212219 0.0157598 0.0190008 0.0150871
threshold=57.500000000000007 20.000000000000004 0.083597205075684258 2.0936378270122558 2.9023809523809527 348236.32954545465 0 653067.04545454553 232691.70333333334 10.500000000000002 1.5000000000000002
decision_type=10 10 2 2 10 10 1 10 2 8 2
left_child=1 3 -3 5 -5 6 7 10 -8 -10 -1
right_child=-2 2 -4 4 -6 -7 8 -9 9 -11 -12
leaf_value=-0.00049440866143127238 -0.00037988071364839665 0.00087298657606259679 0.00015525349375181919 0.00092558309073743233 5.5761691980323089e-05 -0.00018076988779570485 3.5645163390291424e-05 -0.00078572754746386283 0.00010834597607191654 0.00086979900001238786 0.00012616160442366258
leaf_weight=43 22 13.999999999999998 19 14.000000000000002 17 230 234 36 46 66 148
leaf_count=43 22 14 19 14 17 230 234 36 46 66 148
internal_value=2.38152e-06 1.87363e-05 0.000393151 2.74482e-07 0.000364306 -2.0816e-05 4.28645e-05 -0.000166802 0.000188136 0.00051029 -3.50107e-05
internal_weight=889 867 33 834 31 803 573 227 346 112 191
internal_count=889 867 33 834 31 803 573 227 346 112 191
cat_boundaries=0 1
cat_threshold=20384449
is_linear=0
shrinkage=0.0353657


Tree=567
num_leaves=12
num_cat=1
split_feature=47 47 69 6 1 76 61 22 41 76 93
split_gain=0.0050967 0.0151918 0.00859505 0.0126604 0.00817737 0.0111529 0.0137512 0.0138638 0.011767 0.0111846 0.0107122
threshold=221520.63392857139 263207.15939940239 452530.99350649357 2.5000000000000004 0 7.5000000000000009 53.037878787878789 2.0350000000000006 864926.86872759869 15.500000000000002 8553000.0000000019
decision_type=8 8 10 2 1 10 10 8 2 10 2
left_child=4 -2 3 -3 5 6 7 -1 -9 -7 -6
right_child=1 2 -4 -5 10 9 -8 8 -10 -11 -12
leaf_value=-0.0001203139182186755 0.00080013126923469393 0.00064603991769036884 -0.00041210274598772533 -0.0001135984954488192 9.1152586348780114e-05 0.00053448856237549064 0.00011719452043271511 -0.0010510475754274197 -0.00035829264377351666 -0.00015329461944965121 -0.00036918528821797727
leaf_weight=37 21 25 19 31 525 29 28 56 36 36 46
leaf_count=37 21 25 19 31 525 29 28 56 36 36 46
internal_value=1.62564e-06 0.000219579 3.1152e-05 0.000197268 -2.61784e-05 -0.000195264 -0.00036564 -0.000527249 -0.000750803 0.000108166 4.18199e-05
internal_weight=889 96 75 56 793 222 157 129 92 65 571
internal_count=889 96 75 56 793 222 157 129 92 65 571
cat_boundaries=0 1
cat_threshold=2710732825
is_linear=0
shrinkage=0.0353657


Tree=568
num_leaves=12
num_cat=1
split_feature=76 89 59 82 37 82 25 49 66 1 49
split_gain=0.00541387 0.0063078 0.0116923 0.00527083 0.0227002 0.0102341 0.0112562 0.00679485 0.0105028 0.0098926 0.017988
threshold=57.500000000000007 20.000000000000004 55.583333333333336 279151.36961098324 1188461.3282106787 217141.66234911958 685672.78287194518 0.35909984553748847 3.0575657894736845 0 0.10131815456830473
decision_type=10 10 2 2 2 2 10 10 8 1 8
left_child=1 3 -3 5 -5 7 -7 9 -9 -1 -11
right_child=-2 2 -4 4 -6 6 -8 8 -10 10 -12
leaf_value=-0.00010906327748348282 -0.00037170732528719734 0.00087603838616737248 6.812583100420466e-05 0.0009758265103454283 -6.32612868172137e-05 -0.0010382188864003208 -0.0002082051991797938 -0.00010318508002968042 -0.00085854150968879734 6.1957820245682533e-06 0.00050821643283789641
leaf_weight=326 22 17 15.999999999999998 18 36 14.000000000000002 17 18 15.999999999999998 286 103
leaf_count=326 22 17 16 18 36 14 17 18 16 286 103
internal_value=2.04218e-06 1.8064e-05 0.000380082 2.64632e-07 0.000278223 -2.47841e-05 -0.000493659 -8.51272e-08 -0.000369213 2.55766e-05 0.000142159
internal_weight=889 867 33 834 54 780 31 749 34 715 389
internal_count=889 867 33 834 54 780 31 749 34 715 389
cat_boundaries=0 1
cat_threshold=4180568
is_linear=0
shrinkage=0.0353657


Tree=569
num_leaves=12
num_cat=0
split_feature=76 89 45 51 65 57 94 40 47 251 29
split_gain=0.00516757 0.00589725 0.00845628 0.00555501 0.0124117 0.0060203 0.0136197 0.0136034 0.0117647 0.00873134 0.00800739
threshold=57.500000000000007 20.000000000000004 863970.30150537647 2.0936378270122558 2.9023809523809527 79.500000000000014 -1.4262488794985109e-10 181338.4401631252 -5061.0486770904381 63735478.467008673 181447.58461538461
decision_type=10 10 2 2 10 8 2 8 10 2 2
left_child=1 3 -3 5 -5 9 7 8 -7 10 -1
right_child=-2 2 -4 4 -6 6 -8 -9 -10 -11 -12
leaf_value=0.00035503112562253338 -0.00036341467398356286 0.00013228738812999174 0.00080713448554845413 0.00088761972378021315 4.4144324530256214e-05 0.00087459149371165866 0.00080776685418717349 -0.00036746652991065913 8.7520102754207218e-05 0.000428071166889078 -0.0001087218782751571
leaf_weight=24 22 17 15.999999999999998 14.000000000000002 17 15.999999999999998 15.999999999999998 35 36 19 657
leaf_count=24 22 17 16 14 17 16 16 35 36 19 657
internal_value=1.72442e-06 1.74094e-05 0.000367453 2.55043e-07 0.000344599 -1.97782e-05 0.00020425 4.73626e-05 0.00034162 -5.81469e-05 -8.26285e-05
internal_weight=889 867 33 834 31 803 103 87 52 700 681
internal_count=889 867 33 834 31 803 103 87 52 700 681
is_linear=0
shrinkage=0.0353657


Tree=570
num_leaves=12
num_cat=0
split_feature=33 219 69 39 21 67 19 80 63 19 213
split_gain=0.00572607 0.00817173 0.00697531 0.0198518 0.0200683 0.0183232 0.0179362 0.0233185 0.0166979 0.0157837 0.0155678
threshold=-1.99 20.500000000000004 354739.04355400702 546721.98490560183 431027.19047619059 2.6557931532069468 413877.09027777787 50352370.367668629 27.97980859010271 475341.53045244695 9.1500000000000004
decision_type=2 2 8 2 10 2 10 2 2 10 2
left_child=1 -1 3 4 5 9 -7 -8 -5 -2 -4
right_child=2 -3 10 8 -6 6 7 -9 -10 -11 -12
leaf_value=-0.00076181229080188567 5.331491455411292e-05 -0.00010880314927106214 -3.0112960679677626e-05 0.00075755950155476093 -0.00044423922088767764 0.00019093659953012731 0.0018590638950826367 0.00057441020713234071 5.9078862933319981e-05 -0.00068740175700650536 -0.0007084173903886869
leaf_weight=17 197 19 363 81 83 37 14.000000000000002 14.999999999999998 41 17 23
leaf_count=17 197 19 363 81 83 37 14 15 41 17 23
internal_value=0 -0.000335808 1.84707e-05 0.000106962 -1.49635e-05 0.000115708 0.000559554 0.00110256 0.000464854 -2.53899e-05 -8.8341e-05
internal_weight=907 36 871 485 363 280 66 29 122 214 386
internal_count=907 36 871 485 363 280 66 29 122 214 386
is_linear=0
shrinkage=0.0353657


Tree=571
num_leaves=12
num_cat=0
split_feature=33 219 69 39 60 21 51 80 67 19 80
split_gain=0.00533292 0.00784526 0.00646992 0.0184974 0.0214063 0.0187662 0.0181518 0.0171549 0.0171281 0.0169218 0.0224316
threshold=-1.99 20.500000000000004 354739.04355400702 546721.98490560183 48.541666666666679 431027.19047619059 0.85660845956719134 32965530.375000004 2.6557931532069468 413877.09027777787 50352370.367668629
decision_type=2 2 8 2 2 10 2 2 2 10 2
left_child=1 -1 3 5 6 8 -5 -8 -2 -10 -11
right_child=2 -3 -4 4 -6 -7 7 -9 9 10 -12
leaf_value=-0.00074160519432645792 -2.5474725132653305e-05 -0.00010214132378164932 -8.5974416747573788e-05 0.000355933269523186 -0.00010619554468810157 -0.00043063590656373159 0.0018547238462354337 0.00081594019948335 0.00018096106917539969 0.001807541639540944 0.00054724090869556047
leaf_weight=17 214 19 386 50 30 83 15.999999999999998 26 37 14.000000000000002 14.999999999999998
leaf_count=17 214 19 386 50 30 83 16 26 37 14 15
internal_value=0 -0.000324834 1.68608e-05 0.000102127 0.000447624 -1.54674e-05 0.000725387 0.00118982 0.000110785 0.000539961 0.0010671
internal_weight=907 36 871 485 122 363 92 42 280 66 29
internal_count=907 36 871 485 122 363 92 42 280 66 29
is_linear=0
shrinkage=0.0353657


Tree=572
num_leaves=12
num_cat=0
split_feature=61 60 56 47 90 196 5 81 63 164 90
split_gain=0.00510963 0.00646675 0.00865583 0.0144818 0.015061 0.0141682 0.0114345 0.0156013 0.010934 0.0108648 0.0106109
threshold=117.91666666666667 87.48238482384825 11.500000000000002 159669.57558956015 1.1664079528779334 9.278273809523812 1.6550000000000002 1.0264451689544474 41.902664353526426 7.9772727272727275 1.2766451466904056
decision_type=10 2 2 8 8 2 2 2 2 2 10
left_child=1 2 3 4 -1 8 7 9 -6 -4 -8
right_child=-2 -3 6 -5 5 -7 10 -9 -10 -11 -12
leaf_value=0.00046523104405972048 -0.00039761853626467088 -0.00034766652177953522 -0.0004628194221819475 0.00076558261757310073 -0.00093318733820663309 0.00016483268337373375 -1.3912456899447467e-05 -0.00080067332397432763 -0.00021092877901288817 0.00027209658733683297 0.00042009745928472053
leaf_weight=59 14.999999999999998 35 19 31 28 44 528 39 18 36 55
leaf_count=59 15 35 19 31 28 44 528 39 18 36 55
internal_value=-2.07182e-07 1.04698e-05 3.15656e-05 0.000236711 0.000102622 -0.000154412 -2.35194e-05 -0.000347021 -0.000538404 -6.38416e-05 3.10737e-05
internal_weight=907 892 857 180 149 90 677 94 46 55 583
internal_count=907 892 857 180 149 90 677 94 46 55 583
is_linear=0
shrinkage=0.0353657


Tree=573
num_leaves=12
num_cat=0
split_feature=58 69 43 60 21 29 293 92 50 63 61
split_gain=0.00523034 0.00610501 0.018399 0.0209237 0.0179542 0.0137218 0.0157345 0.0101174 0.0237828 0.00940745 0.0222682
threshold=99.500000000000014 354739.04355400702 633244.64329768217 40.987500000000004 583467.13703703717 987115.97800925933 11.65273457043234 -68259.393897739224 427751.37767721544 48.099871261635975 42.754310344827594
decision_type=10 10 2 2 10 2 10 2 2 2 10
left_child=1 2 4 5 7 6 -4 8 -1 10 -9
right_child=-2 -3 3 -5 -6 -7 -8 9 -10 -11 -12
leaf_value=2.0796790893587812e-05 0.00031431663149833922 -0.00012899392093712074 0.00072185046787751116 -3.7977199330038226e-05 -0.00061038080514761047 0.0003583453927370222 0.001690215261249876 -1.1123981431247012e-05 0.0011442667447412976 0.00046103116447153073 -0.0009067106114940117
leaf_weight=22 38 358 26 31 38 15.999999999999998 21 305 18 20 13.999999999999998
leaf_count=22 38 358 26 31 38 16 21 305 18 20 14
internal_value=-4.77431e-08 -1.94221e-05 5.53056e-05 0.000454949 -3.86922e-05 0.000820744 0.00113518 2.87957e-05 0.000448519 -2.7903e-05 -8.15453e-05
internal_weight=907 869 511 94 417 63 47 379 40 339 319
internal_count=907 869 511 94 417 63 47 379 40 339 319
is_linear=0
shrinkage=0.0353657


Tree=574
num_leaves=12
num_cat=1
split_feature=58 90 1 44 62 93 44 18 41 89 18
split_gain=0.00497217 0.00607262 0.016413 0.0185548 0.0156835 0.0163042 0.0226195 0.0152369 0.0149576 0.014956 0.0148162
threshold=99.500000000000014 0.98466755105252701 0 35185.623749972299 16.786641929499073 2326917.0333333337 104460.26321060093 2.1250000000000004 780929.733391813 9.5000000000000018 2.7950000000000004
decision_type=10 8 1 8 8 2 8 10 2 10 10
left_child=1 9 4 7 -3 6 -6 -4 -5 -1 -9
right_child=-2 2 3 8 5 -7 -8 10 -10 -11 -12
leaf_value=5.2973033496388574e-05 0.00030578602023251825 -0.0003083128592120021 0.000856156849801713 -0.00060919702648350724 0.00026571832386763461 6.6772630060022063e-05 0.0012650843851634511 -0.00056505749819542143 -0.00012909319224729308 0.00081173371888328832 0.00030349723717321673
leaf_weight=159 38 64 14.999999999999998 139 47 201 26 14.999999999999998 152 14.999999999999998 36
leaf_count=159 38 64 15 139 47 201 26 15 152 15 36
internal_value=-6.55117e-07 -1.95764e-05 -6.71212e-05 -0.00022703 9.98711e-05 0.000223993 0.000620447 0.000209221 -0.000358023 0.000152988 3.43958e-05
internal_weight=907 869 695 357 338 274 73 66 291 174 51
internal_count=907 869 695 357 338 274 73 66 291 174 51
cat_boundaries=0 2
cat_threshold=2395514584 1
is_linear=0
shrinkage=0.0353657


Tree=575
num_leaves=12
num_cat=1
split_feature=33 219 17 69 242 36 241 97 1 33 63
split_gain=0.00487542 0.00743857 0.00587303 0.0136932 0.0115734 0.0195916 0.0161811 0.0170564 0.0101243 0.0161695 0.0180753
threshold=-1.99 20.500000000000004 776173.32277753216 837555.32155172422 0.034591919987229956 213967.56418936045 19.000000000000004 14.500000000000002 0 0.23500000000000001 17.160704926624742
decision_type=2 2 8 10 2 10 2 2 1 2 2
left_child=1 -1 8 4 -4 6 7 -6 -2 -10 -11
right_child=2 -3 3 -5 5 -7 -8 -9 9 10 -12
leaf_value=-0.00071594670696767068 -8.4219951358849123e-05 -9.3738035229736679e-05 -6.4397633864986012e-05 0.00038807003828494777 0.000692066829097533 -0.001273115804821391 -0.00081957010124312309 -0.00029395302373341742 0.00034041163573186037 -0.00048641823066048867 0.0003541010392793396
leaf_weight=17 239 19 182 33 15.999999999999998 14.999999999999998 17 20 262 62 25
leaf_count=17 239 19 182 33 16 15 17 20 262 62 25
internal_value=0 -0.000310924 1.56763e-05 -0.000109299 -0.000205956 -0.000547808 -0.000289898 7.24496e-05 7.95418e-05 0.000196086 -0.000155251
internal_weight=907 36 871 283 250 68 53 36 588 349 87
internal_count=907 36 871 283 250 68 53 36 588 349 87
cat_boundaries=0 1
cat_threshold=2985295907
is_linear=0
shrinkage=0.0353657


Tree=576
num_leaves=12
num_cat=0
split_feature=54 29 34 80 46 19 40 89 59 280 78
split_gain=0.00878173 0.00973884 0.0167148 0.0169476 0.0136236 0.0129152 0.00944944 0.00920425 0.0117961 0.00895159 0.00847721
threshold=5.5000000000000009 372178.17886904773 2.1250000000000004 50042511.278213173 315071.49191602325 354930.60581232497 25407.766429564788 17.500000000000004 53.833333333333336 0.030668064915636405 0.81149952004422043
decision_type=8 2 2 2 2 10 8 10 2 2 2
left_child=-1 2 3 5 10 -2 -3 9 -9 -8 -4
right_child=1 6 4 -5 -6 -7 7 8 -10 -11 -12
leaf_value=-0.0004120655417047385 0.00074574874642249658 -0.00055009078906540366 0.00013557789900579654 0.0002036089033344626 0.00060272600171040107 0.0016856202072528922 -1.8056383816533316e-05 0.00096670013298964558 0.00015891886708102002 -0.00053189785413064819 -0.00038313129471695189
leaf_weight=38 22 19 46 15.999999999999998 18 14.999999999999998 606 13.999999999999998 20 21 58
leaf_count=38 22 19 46 16 18 15 606 14 20 21 58
internal_value=-2.44705e-06 1.99324e-05 0.000241224 0.000685717 3.61752e-05 0.0010994 -3.77796e-05 -1.31234e-05 0.000415249 -4.56591e-05 -0.000123042
internal_weight=893 855 175 53 122 37 680 661 34 627 104
internal_count=893 855 175 53 122 37 680 661 34 627 104
is_linear=0
shrinkage=0.0353657


Tree=577
num_leaves=12
num_cat=0
split_feature=54 95 25 51 92 84 64 48 67 84 77
split_gain=0.0083063 0.00985182 0.00698301 0.00591433 0.0188727 0.0199644 0.0226617 0.02319 0.0174814 0.0127754 0.0103997
threshold=5.5000000000000009 1.9078828391705278e-11 187561.27211538461 0.8535821694311948 -10597.891427666442 0.15401093203866187 2.6984848484848487 -5552.0112405378595 2.3466481681491831 0.12578585399177405 0.88901430568517459
decision_type=8 2 8 2 2 10 2 10 2 10 2
left_child=1 -1 -2 -4 5 9 8 -8 -7 -5 -6
right_child=2 -3 3 4 10 6 7 -9 -10 -11 -12
leaf_value=-0.00085525604559026885 0.00048267019902414356 -0.00014363663456357407 -0.00014555439312430619 0.0002825092511419137 0.00042229770762172172 0.00091594300917356567 0.0021656117712726733 0.00086842383838722195 -6.2488039446197992e-05 -0.00047595433636720308 -8.5722584289274668e-05
leaf_weight=19 14.999999999999998 19 219 42 31 13.999999999999998 14.000000000000002 14.999999999999998 28 21 456
leaf_count=19 15 19 219 42 31 14 14 15 28 21 456
internal_value=-2.77586e-06 -0.000401159 1.89508e-05 2.91482e-06 5.87872e-05 0.000401734 0.000779399 0.00138768 0.000379901 5.67439e-05 -3.78926e-05
internal_weight=893 38 855 840 621 134 71 29 42 63 487
internal_count=893 38 855 840 621 134 71 29 42 63 487
is_linear=0
shrinkage=0.0353657


Tree=578
num_leaves=12
num_cat=0
split_feature=54 29 67 34 53 69 81 219 69 40 75
split_gain=0.00777423 0.00891406 0.0155985 0.0153737 0.017732 0.010446 0.00928621 0.0107278 0.0140599 0.00899693 0.00886249
threshold=5.5000000000000009 372178.17886904773 2.9411109605132384 2.1250000000000004 67.500000000000014 46474.916666666679 0.95133143724913949 22.500000000000004 190908.35869565219 25407.766429564788 0.035525057083002486
decision_type=8 2 2 2 10 10 2 2 10 8 2
left_child=-1 2 3 4 5 -2 -5 10 -9 -3 -8
right_child=1 9 -4 6 -6 -7 7 8 -10 -11 -12
leaf_value=-0.00038771136138551819 0.00066737794969157986 -0.00053629807806246127 0.00088832708361728915 0.00035988694271277656 0.00010435182752787812 0.0015750044830153207 0.00023455893778523055 -0.0011539414175709846 -0.000274048318288551 -1.2304627178489848e-05 -0.00042455205989492926
leaf_weight=38 14.000000000000002 19 17 18 18 14.999999999999998 43 19 13.999999999999998 661 17
leaf_count=38 14 19 17 18 18 15 43 19 14 661 17
internal_value=-2.24815e-06 1.87278e-05 0.000230481 0.000125155 0.000552937 0.00104023 -8.13566e-05 -0.000244611 -0.000644862 -3.64278e-05 -3.86113e-05
internal_weight=893 855 175 158 47 29 111 93 33 680 60
internal_count=893 855 175 158 47 29 111 93 33 680 60
is_linear=0
shrinkage=0.0353657


Tree=579
num_leaves=12
num_cat=0
split_feature=54 63 111 20 61 22 29 65 219 46 33
split_gain=0.00736143 0.00906149 0.0117554 0.0108849 0.0135939 0.0130465 0.00999483 0.0198109 0.0141495 0.0162837 0.0138768
threshold=5.5000000000000009 2.369117647058824 9.7361111111111125 1.5600000000000003 1.1678321678321681 2.8900000000000001 398767.08788819885 3.1132478632478637 22.500000000000004 314574.44362745102 0.079999999999999974
decision_type=8 2 2 8 10 8 2 8 2 2 2
left_child=-1 3 6 -2 -5 -6 7 8 9 -3 -10
right_child=1 2 -4 4 5 -7 -8 -9 10 -11 -12
leaf_value=-0.00037737777258160007 0.0008552289947685698 6.4307749346681446e-05 -0.00056857918257531743 -9.6640892287526076e-05 0.00027310867523276227 0.001127402455112222 -5.6723609946028139e-05 0.00095782641188174036 -0.00071964081864105318 0.00092392584822690714 8.4164526792329989e-05
leaf_weight=38 14.999999999999998 28 23 61 13.999999999999998 17.000000000000004 598 20 27 26 26
leaf_count=38 15 28 23 61 14 17 598 20 27 26 26
internal_value=-2.26705e-06 1.81074e-05 -2.31357e-05 0.000293205 0.000166567 0.000603939 6.83728e-07 0.000263019 9.13984e-05 0.000416421 -0.000252284
internal_weight=893 855 748 107 92 31 725 127 107 54 53
internal_count=893 855 748 107 92 31 725 127 107 54 53
is_linear=0
shrinkage=0.0353657


Tree=580
num_leaves=12
num_cat=1
split_feature=57 25 116 94 57 180 62 28 1 36 93
split_gain=0.00623182 0.0141009 0.0140211 0.0132427 0.0125787 0.0206589 0.0138618 0.0120811 0.0120093 0.0124298 0.0188639
threshold=10.500000000000002 955858.98410087731 0.030362720623596604 297419.75212585035 14.500000000000002 1.0000000180025095e-35 12.340909090909092 3.3950000000000005 0 8189.6652058528352 2862540.2629731386
decision_type=8 8 2 2 8 2 10 10 1 8 2
left_child=1 -1 3 -3 5 -2 -7 8 -6 -10 -11
right_child=4 2 -4 -5 7 6 -8 -9 9 10 -12
leaf_value=0.00010847160429551735 0.001028788799365499 -0.0014645511321467076 -0.00016880017964231178 -0.00053860896131197966 -0.00014232645859821847 -0.00036786377577218609 0.00050826924290659544 -0.00043140596054754091 -0.00039337934704219784 0.00055336349229253743 3.6363149566298159e-05
leaf_weight=85 27 14.999999999999998 68 24 228 24 18 51 19 121 213
leaf_count=85 27 15 68 24 228 24 18 51 19 121 213
internal_value=-2.12137e-06 -0.00017128 -0.000427376 -0.000869638 4.46171e-05 0.000433861 9.8892e-05 -1.73947e-06 4.11208e-05 0.000166141 0.000229816
internal_weight=893 192 107 39 701 69 42 632 581 353 334
internal_count=893 192 107 39 701 69 42 632 581 353 334
cat_boundaries=0 1
cat_threshold=73599217
is_linear=0
shrinkage=0.0353657


Tree=581
num_leaves=12
num_cat=0
split_feature=54 63 57 111 16 29 67 27 49 43 65
split_gain=0.00698627 0.00827496 0.0125437 0.0112974 0.010412 0.00937328 0.0234533 0.0221024 0.0102671 0.00956704 0.0154468
threshold=5.5000000000000009 2.369117647058824 49.500000000000007 9.7361111111111125 2.7350000000000008 398767.08788819885 2.9411109605132384 344917.5991471216 0.26179159138825353 446333.68875175406 2.980015299292408
decision_type=8 2 10 2 2 2 2 10 10 2 10
left_child=-1 2 -2 5 -4 6 7 8 -3 10 -7
right_child=1 3 4 -5 -6 9 -8 -9 -10 -11 -12
leaf_value=-0.00036771682820294321 4.8049317974101619e-05 -2.1105594471536754e-05 0.0011330577889868013 -0.00055653856783946228 0.00033308624297229611 -0.00014772031515241019 0.00098604701818720596 0.00082131585860802461 -0.0006676300252426308 -1.2983092885829883e-05 -0.0010936633330802369
leaf_weight=38 70 75 23 23 13.999999999999998 30 22 13.999999999999998 15.999999999999998 554 13.999999999999998
leaf_count=38 70 75 23 23 14 30 22 14 16 554 14
internal_value=-2.2687e-06 1.75443e-05 0.00028046 -2.17952e-05 0.000709166 1.54263e-06 0.000255618 5.79268e-05 -0.000148765 -5.39881e-05 -0.000456137
internal_weight=893 855 107 748 37 725 127 105 91 598 44
internal_count=893 855 107 748 37 725 127 105 91 598 44
is_linear=0
shrinkage=0.0353657


Tree=582
num_leaves=12
num_cat=1
split_feature=89 45 1 69 22 95 87 42 143 91 24
split_gain=0.00606866 0.00867366 0.00707342 0.0190681 0.0223719 0.0172347 0.0150235 0.0148049 0.0166322 0.0138197 0.0129641
threshold=20.000000000000004 863970.30150537647 0 243482.59459459464 1.5600000000000003 -635414.6565222221 1297177.4204545456 466349.18840579718 0.019927944120631102 0.96064309992891717 2.5650000000000004
decision_type=10 2 1 10 10 2 2 2 2 2 10
left_child=2 -2 3 4 9 -4 -7 8 -5 -1 -8
right_child=1 -3 5 7 -6 6 10 -9 -10 -11 -12
leaf_value=0.001622439150926151 0.00010582138716298291 0.00077635320995382757 0.00046880473864385931 -0.0011200642709543838 9.7088720323817239e-05 -0.00010961059687066248 -0.0011552497906560737 5.3555974648920271e-05 -0.00017170295292984471 0.00069430326445662301 -0.00031281056161146795
leaf_weight=13.999999999999998 20 17 33 19 59 426 25 218 31 30 14.999999999999998
leaf_count=14 20 17 33 19 59 426 25 218 31 30 15
internal_value=-4.99493e-06 0.000336374 -2.55028e-05 8.46723e-05 0.000458018 -0.000110534 -0.000172648 -5.65605e-05 -0.000510965 0.000975163 -0.000691225
internal_weight=907 37 870 371 103 499 466 268 50 44 40
internal_count=907 37 870 371 103 499 466 268 50 44 40
cat_boundaries=0 2
cat_threshold=2185274823 1
is_linear=0
shrinkage=0.0353657


Tree=583
num_leaves=12
num_cat=0
split_feature=167 57 53 68 55 54 87 21 31 64 93
split_gain=0.00576043 0.0136087 0.0105624 0.0165137 0.0128007 0.0147767 0.014724 0.0120991 0.00993558 0.010367 0.00974403
threshold=9.5000000000000018 12.500000000000002 60.500000000000007 319858.50000000006 109.66666666666667 181.50000000000003 898551.0880952382 1013057.6869747901 4.1650000000000009 3.26969696969697 3782000.0000000005
decision_type=2 10 10 2 2 8 2 10 2 2 2
left_child=1 -1 3 -2 6 -6 -4 -8 9 10 -7
right_child=2 -3 4 -5 5 8 7 -9 -10 -11 -12
leaf_value=-0.0003322608297759776 0.00011094469011563929 2.7243276586829283e-05 5.8371499422570737e-05 0.00098391961600813576 0.00050267448758416265 -0.00033546192834568045 -0.0010486988893931126 -0.00023561109456236702 0.0003263431903379316 -0.00073775055851674665 0.00039801110183320439
leaf_weight=159 24 421 49 28 85 25 29 24 23 24 15.999999999999998
leaf_count=159 24 421 49 28 85 25 29 24 23 24 16
internal_value=-4.40459e-06 -7.12317e-05 0.000108606 0.000492186 2.32409e-05 0.000197209 -0.000257175 -0.000625435 -6.53661e-05 -0.00030251 -7.02438e-05
internal_weight=907 580 327 52 275 173 102 53 88 65 41
internal_count=907 580 327 52 275 173 102 53 88 65 41
is_linear=0
shrinkage=0.0353657


Tree=584
num_leaves=12
num_cat=0
split_feature=4 77 53 131 20 33 49 119 62 44 76
split_gain=0.0053215 0.017576 0.00976762 0.0203195 0.0260153 0.00960909 0.0113161 0.0126196 0.0100411 0.00996415 0.0087414
threshold=61.000000000000007 0.80521861233065273 54.500000000000007 0.75000000000000011 1.2900000000000003 0.079999999999999974 0.045504638128786155 4.5000000000000009 2.4880952380952386 176851.37133868455 -2.4999999999999996
decision_type=2 2 8 2 10 2 10 2 10 10 8
left_child=1 -1 3 5 -5 6 7 9 -7 -2 -3
right_child=2 10 -4 4 -6 8 -8 -9 -10 -11 -12
leaf_value=-0.00068426201153496031 0.00069861074215994896 -0.00028821460320717818 -2.385359451837458e-05 0.00031376106278308436 0.0015153146071347243 -0.00079109517441127255 0.00070616742931323942 -0.00050089276545161926 -7.3273154269528156e-05 -4.7213421297185503e-05 0.00013032523524507308
leaf_weight=38 21 73 496 13.999999999999998 22 13.999999999999998 27 15.999999999999998 26 13.999999999999998 146
leaf_count=38 21 73 496 14 22 14 27 16 26 14 146
internal_value=-3.86473e-06 -0.000135122 4.76571e-05 0.00027739 0.000855429 7.52349e-05 0.00026643 4.99915e-05 -0.000278927 0.000297431 -1.72239e-05
internal_weight=907 257 650 154 36 118 78 51 40 35 219
internal_count=907 257 650 154 36 118 78 51 40 35 219
is_linear=0
shrinkage=0.0353657


Tree=585
num_leaves=12
num_cat=0
split_feature=167 57 199 199 88 16 57 57 92 77 87
split_gain=0.00540266 0.0123466 0.0148244 0.0118078 0.01187 0.0187408 0.0117268 0.0108236 0.0118856 0.0113143 0.0103418
threshold=9.5000000000000018 12.500000000000002 0.079847462411573158 0.023628990674313056 265939.65416666673 2.2950000000000004 6.5000000000000009 24.500000000000004 4001.9044083693739 0.88901430568517459 322805.97222222231
decision_type=2 10 2 2 2 2 10 10 2 2 2
left_child=1 2 6 4 7 -6 -1 8 -3 10 -9
right_child=-2 3 -4 -5 5 -7 -8 9 -10 -11 -12
leaf_value=-0.00047725084637902055 0.00010514664782418393 0.00084004368081222751 -0.00013224921489840156 -0.00016725303084411588 0.0011181710030142666 0.00018019709758875278 -0.0013307099840716775 -0.00099355770668190673 0.00011686102889488356 9.7462914975405808e-05 -0.00021899474644270818
leaf_weight=26 327 27 116 186 27 23 17 14.999999999999998 28 83 32
leaf_count=26 327 27 116 186 27 23 17 15 28 83 32
internal_value=-4.25331e-06 -6.90119e-05 -0.000317668 2.46288e-05 0.000188182 0.000591008 -0.000780814 6.48745e-05 0.00040554 -9.8448e-05 -0.000467939
internal_weight=907 580 159 421 235 50 43 185 55 130 47
internal_count=907 580 159 421 235 50 43 185 55 130 47
is_linear=0
shrinkage=0.0353657


Tree=586
num_leaves=12
num_cat=1
split_feature=49 44 83 1 16 57 70 5 64 49 66
split_gain=0.00510052 0.0098061 0.0110267 0.00849736 0.0125455 0.0168597 0.0143652 0.0124755 0.0163865 0.0118748 0.0221721
threshold=0.35909984553748847 239764.99211615717 1.3586026629948342 0 5.1250000000000009 75.500000000000014 395700.41025641031 1.5600000000000003 2.5568475452196391 -0.23240929449248229 3.2360742705570296
decision_type=10 10 2 1 2 8 10 2 2 8 10
left_child=3 2 -2 4 5 6 -1 8 -5 10 -9
right_child=1 -3 -4 7 -6 -7 -8 9 -10 -11 -12
leaf_value=-6.233868357633208e-05 -0.00038002603702518305 -0.00074493489699395442 0.00034498782944976662 0.00018642480358662376 -0.00072945927301675852 0.00051381703859547856 -0.0006883502883614801 -0.00057592230511539354 -0.00073453684595428518 0.00025588276572173594 0.00037955357554838117
leaf_weight=257 31 17 24 13.999999999999998 14.999999999999998 31 31 51 35 376 25
leaf_count=257 31 17 24 14 15 31 31 51 35 376 25
internal_value=-4.22871e-06 -0.000251281 -6.31098e-05 1.89226e-05 -0.000110623 -6.40693e-05 -0.00014974 0.000109364 -0.000316785 0.000173179 -0.000167299
internal_weight=907 72 55 835 334 319 288 501 49 452 76
internal_count=907 72 55 835 334 319 288 501 49 452 76
cat_boundaries=0 1
cat_threshold=564812344
is_linear=0
shrinkage=0.0353657


Tree=587
num_leaves=12
num_cat=1
split_feature=89 45 1 95 70 24 5 102 19 3 251
split_gain=0.00540111 0.00813044 0.00602371 0.0115187 0.0102142 0.0133711 0.0103923 0.0215097 0.00992864 0.0100082 0.00695156
threshold=20.000000000000004 863970.30150537647 0 -622566.84521437774 348236.32954545465 2.7950000000000004 1.8550000000000002 9.5000000000000018 601264.81051587313 6.5000000000000009 58971523.091315232
decision_type=10 2 1 2 10 10 2 2 8 2 2
left_child=2 -2 3 -1 6 -6 7 -5 10 -10 -8
right_child=1 -3 -4 4 5 -7 8 -9 9 -11 -12
leaf_value=0.00038059111848628735 9.3458004862003255e-05 0.00074227857215083059 3.0715000780149172e-05 -0.0011982370368806001 -0.0010921318876706135 -0.00026332837471506969 -9.9658560218063684e-05 -0.00014962412746258056 -2.912387181698335e-05 -0.00071482705439049278 0.00043182494900514333
leaf_weight=15.999999999999998 20 17 634 15.999999999999998 26 18 18 29 26 23 64
leaf_count=16 20 17 634 16 26 18 18 29 26 23 64
internal_value=-4.41164e-06 0.000317571 -2.38343e-05 -0.000166013 -0.000253164 -0.000645594 -0.000134878 -0.000499565 1.273e-05 -0.000290404 0.000242342
internal_weight=907 37 870 236 220 44 176 45 131 49 82
internal_count=907 37 870 236 220 44 176 45 131 49 82
cat_boundaries=0 1
cat_threshold=26040336
is_linear=0
shrinkage=0.0353657


Tree=588
num_leaves=12
num_cat=1
split_feature=49 64 62 77 11 65 77 25 1 49 19
split_gain=0.00541989 0.019752 0.0158732 0.00775447 0.0117055 0.0178324 0.00810368 0.0166813 0.0100118 0.010157 0.0195266
threshold=-0.28490129605491304 2.7192118226600992 9.0916666666666686 0.74116094850854497 -0.93301270189221908 3.3015151515151522 0.81519893959395795 812352.38269841275 0 0.09874980891112857 931947.70370370382
decision_type=8 2 10 2 2 10 2 8 1 8 10
left_child=1 -1 -3 4 -2 -6 7 -5 9 -8 -11
right_child=3 2 -4 6 5 -7 8 -9 -10 10 -12
leaf_value=0.00020704875671179179 3.8289041552036392e-06 -0.0013169356091298663 -0.00035220651910630664 5.9998582862442314e-06 0.0012198578462661912 0.00024348818542182778 3.8891547749489704e-05 -0.00081550916769229599 -3.3925536721269328e-05 0.00081120084555118233 -2.0511431210477001e-05
leaf_weight=24 22 18 13.999999999999998 40 24 13.999999999999998 110 29 518 68 28
leaf_count=24 22 18 14 40 24 14 110 29 518 68 28
internal_value=1.7394e-05 -0.000260833 -0.000749874 4.08089e-05 0.000367274 0.000720115 1.0292e-05 -0.000302142 4.59877e-05 0.00023795 0.000496322
internal_weight=909 56 32 853 60 38 793 69 724 206 96
internal_count=909 56 32 853 60 38 793 69 724 206 96
cat_boundaries=0 1
cat_threshold=2432999816
is_linear=0
shrinkage=0.0353657


Tree=589
num_leaves=12
num_cat=0
split_feature=17 80 51 80 55 49 64 62 91 36 92
split_gain=0.00555654 0.00637769 0.0135995 0.00849689 0.0104333 0.00823426 0.0141556 0.0152971 0.0101879 0.014623 0.0111375
threshold=182272.66666666669 827726.50000000012 0.99999999996349231 1516364.5000000002 9.1666666666666696 -0.28490129605491304 2.7192118226600992 9.0916666666666686 0.74971483666661254 52084.37115923722 -120057.29064873482
decision_type=8 2 2 2 2 8 2 10 2 10 2
left_child=-1 2 -2 -3 -5 6 -6 -8 9 -7 -10
right_child=1 3 -4 4 5 8 7 -9 10 -11 -12
leaf_value=0.00041962360808816401 -0.00090705851511350142 0.00048633051517376252 -2.5271470886852337e-05 -0.0004857431219288467 7.2503502924836603e-05 0.0010545270794708064 -0.0012870444786456867 -0.00034954192563853574 -0.00036470909720262465 0.00019177322805582399 6.2769067356786511e-05
leaf_weight=17 15.999999999999998 23 15.999999999999998 28 21 14.999999999999998 18 13.999999999999998 61 47 633
leaf_count=17 16 23 16 28 21 15 18 14 61 47 633
internal_value=1.63441e-05 1.87151e-06 -0.000364486 2.17241e-05 1.19966e-06 2.63403e-05 -0.000322193 -0.000744201 5.80144e-05 0.000425782 1.80912e-05
internal_weight=909 892 32 860 837 809 53 32 756 62 694
internal_count=909 892 32 860 837 809 53 32 756 62 694
is_linear=0
shrinkage=0.0353657


Tree=590
num_leaves=12
num_cat=0
split_feature=63 63 53 219 51 89 16 31 66 65 199
split_gain=0.00522152 0.005806 0.00550431 0.0129813 0.00987192 0.00977982 0.0232211 0.0111448 0.00952308 0.0120373 0.012406
threshold=98.224187134116207 79.160846032750712 48.500000000000007 27.500000000000004 1.6064308084180576 -1.0000000180025095e-35 2.2050000000000005 1.5850000000000002 2.4401709401709408 2.5080645161290325 0.05889429318890816
decision_type=2 2 10 2 2 8 2 2 8 10 2
left_child=1 2 3 4 5 6 -1 -7 -4 10 -10
right_child=-2 -3 8 -5 -6 7 -8 -9 9 -11 -12
leaf_value=0.0010076861835925698 0.00039761946447036835 -0.0003995551047927751 0.00027298379225350452 0.00064527856549443361 0.00051610859128964402 -0.0004994326790865375 -9.1771872054148646e-05 4.7966078302204308e-06 -0.001011360849637597 -1.8821048400918857e-05 -0.0002757235881888846
leaf_weight=23 19 19 65 29 28 42 20 247 17 317 83
leaf_count=23 19 19 65 29 28 42 20 247 17 317 83
internal_value=1.6127e-05 1.48664e-06 1.69312e-05 0.000114154 5.50355e-05 1.98146e-06 0.000392653 -7.56211e-05 -5.91224e-05 -0.000124052 -0.000428637
internal_weight=909 890 871 389 360 332 43 289 482 417 100
internal_count=909 890 871 389 360 332 43 289 482 417 100
is_linear=0
shrinkage=0.0353657


Tree=591
num_leaves=11
num_cat=0
split_feature=17 43 46 69 112 41 53 63 71 17
split_gain=0.00534988 0.00871593 0.00651389 0.0113045 0.00953949 0.00898338 0.00690342 0.00828155 0.0113328 0.00853539
threshold=182272.66666666669 200173.01911913321 172402.2642045455 50615.000000000007 6.5000000000000009 245682.16666666669 4.5000000000000009 8.5297619047619069 175581.57375816998 416100.60870181414
decision_type=8 2 2 8 2 2 8 2 2 10
left_child=-1 -2 5 4 -4 -3 -5 8 -8 -9
right_child=1 2 3 6 -6 -7 7 9 -10 -11
leaf_value=0.00041157849478771878 -0.00049595403261652835 0.0001495170102664373 -0.00096426254491372744 0.000456251069484318 -0.00022056313335244902 0.00086356571371668325 8.637411070581635e-05 0.00034647305762300297 -0.00041748259767813327 1.3428822127519304e-05
leaf_weight=17 18 14.000000000000002 17 21 14.999999999999998 14.999999999999998 68 94 104 526
leaf_count=17 18 14 17 21 15 15 68 94 104 526
internal_value=1.58789e-05 1.65272e-06 1.99102e-05 2.87936e-07 -0.000487384 0.000402165 2.77103e-05 8.807e-06 -0.00019268 6.91367e-05
internal_weight=909 892 874 845 32 29 813 792 172 620
internal_count=909 892 874 845 32 29 813 792 172 620
is_linear=0
shrinkage=0.0353657


Tree=592
num_leaves=12
num_cat=0
split_feature=17 43 46 69 97 41 29 19 29 62 124
split_gain=0.00512742 0.00835839 0.00608878 0.0106016 0.00918533 0.0086515 0.00734688 0.0114845 0.0105458 0.00732121 0.00718492
threshold=182272.66666666669 200173.01911913321 172402.2642045455 50615.000000000007 6.5000000000000009 245682.16666666669 337281.10714285722 439841.40625000006 350366.41580786213 4.6644736842105265 0.036075625574195455
decision_type=8 2 2 8 2 2 2 8 2 8 2
left_child=-1 -2 5 4 -4 -3 7 10 -8 -10 -5
right_child=1 2 3 6 -6 -7 8 -9 9 -11 -12
leaf_value=0.00040307840809708609 -0.00048553916903511951 0.00014063642558726007 -0.00093788769389413745 0.00026230833089011939 -0.00021342136171651103 0.00084099159072986544 -0.00054863041645609426 0.00079221132573697127 -0.00025998549380715192 5.657516150328776e-05 -0.00031684661409685417
leaf_weight=17 18 14.000000000000002 17 49 14.999999999999998 14.999999999999998 19 23 81 626 14.999999999999998
leaf_count=17 18 14 17 49 15 15 19 23 81 626 15
internal_value=1.56811e-05 1.7248e-06 1.96313e-05 6.06544e-07 -0.000471602 0.000389228 2.72151e-05 0.000298581 -7.19861e-06 1.41267e-05 9.77652e-05
internal_weight=909 892 874 845 32 29 813 87 726 707 64
internal_count=909 892 874 845 32 29 813 87 726 707 64
is_linear=0
shrinkage=0.0353657


Tree=593
num_leaves=12
num_cat=1
split_feature=63 69 69 69 15 1 84 40 70 63 49
split_gain=0.00497522 0.00671635 0.0101348 0.0100465 0.0146036 0.013939 0.0212684 0.0181514 0.0178975 0.0165414 0.0162645
threshold=98.224187134116207 562775.60357142868 745422.39444444457 482331.43627450988 959699.07555018796 0 0.15454733440280952 77208.836375101106 162172.55952380956 2.369117647058824 0.35909984553748847
decision_type=2 10 10 10 2 1 10 10 10 2 10
left_child=1 3 -3 5 -5 6 -1 8 9 -7 -8
right_child=-2 2 -4 4 -6 7 10 -9 -10 -11 -12
leaf_value=-0.00017345434465575603 0.00038707057770271823 -0.00043402334033457065 6.1882884637915047e-05 0.00012453631343050395 0.00096483511571058644 0.00030098671961620288 0.00065198361753651202 -0.00033567122285138985 0.00059598946656107233 -0.0002936042939347119 -5.7211564617807388e-05
leaf_weight=76 19 87 64 42 21 74 122 213 47 117 27
leaf_count=76 19 87 64 42 21 74 122 213 47 117 27
internal_value=1.47549e-05 4.33881e-07 -0.000197535 4.48885e-05 0.000407083 4.22782e-06 0.00021535 -0.000104927 8.81408e-05 -4.23384e-05 0.000466221
internal_weight=909 890 151 739 63 676 225 451 238 191 149
internal_count=909 890 151 739 63 676 225 451 238 191 149
cat_boundaries=0 2
cat_threshold=1157939740 1
is_linear=0
shrinkage=0.0353657


Tree=594
num_leaves=12
num_cat=0
split_feature=65 61 34 35 64 76 53 95 97 59 60
split_gain=0.00681994 0.0217764 0.0200105 0.013182 0.0296649 0.0118885 0.0109167 0.0092428 0.00842201 0.015059 0.0141743
threshold=2.1523947750362846 0.77500000000000013 2.1250000000000004 275699.41041666671 2.5080645161290325 -2.4999999999999996 28.500000000000004 79772.659090909117 5.5000000000000009 10.833333333333334 4.258012820512822
decision_type=10 8 2 2 2 10 10 2 2 2 2
left_child=1 5 -3 -4 6 -1 -5 -7 9 -2 -11
right_child=8 2 3 4 -6 7 -8 -9 -10 10 -12
leaf_value=-0.00021899580029278713 -0.00010429984559092085 -0.00088569579901607871 -0.00059397141886372712 0.0011322308210283646 -0.00043457492512667971 0.00017601551357036653 0.00030155036060928151 0.00086397689896711377 3.6952173395698674e-06 0.00022338412343912679 0.0010098958398477012
leaf_weight=14.999999999999998 28 51 28 23 34 28 14.999999999999998 32 597 23 39
leaf_count=15 28 51 28 23 34 28 15 32 597 23 39
internal_value=-9.70799e-07 -0.000162143 -0.000401345 -0.000143565 9.52989e-05 0.000248093 0.000666343 0.000512148 5.22043e-05 0.000335292 0.000637741
internal_weight=913 226 151 100 72 75 38 60 687 90 62
internal_count=913 226 151 100 72 75 38 60 687 90 62
is_linear=0
shrinkage=0.0353657


Tree=595
num_leaves=12
num_cat=0
split_feature=65 63 94 18 61 36 20 25 40 70 87
split_gain=0.0065289 0.0203798 0.0129434 0.0137481 0.0236633 0.0105887 0.0175803 0.0167435 0.0165502 0.0136219 0.0131184
threshold=2.1523947750362846 40.570767195767196 245347.27826168932 2.5900000000000003 0.77500000000000013 34433.431118332424 2.5350000000000006 315221.905994898 82427.60162084554 199342.13500000004 702272.08214285725
decision_type=10 2 2 10 8 10 8 10 10 8 2
left_child=1 2 3 4 -1 6 7 -2 -7 -10 -8
right_child=5 -3 -4 -5 -6 8 10 -9 9 -11 -12
leaf_value=7.2310214261620562e-05 0.0014759393858148346 -0.00094638261641800958 0.00037946501438915686 0.00013012459450860751 -0.00079522242470587837 -0.00040922066840227235 0.00034593027732744735 0.00046703969392624035 -0.00043514140986818236 0.00012411872262166747 -0.00038501989930032161
leaf_weight=39 14.999999999999998 13.999999999999998 39 65 69 86 44 27 36 449 30
leaf_count=39 15 14 39 65 69 86 44 27 36 449 30
internal_value=-2.02005e-06 -0.000159717 -7.03888e-05 -0.000195779 -0.00042844 4.99704e-05 0.0003305 0.000810268 -8.55297e-06 6.67732e-05 5.44161e-05
internal_weight=913 226 212 173 108 687 116 42 571 485 74
internal_count=913 226 212 173 108 687 116 42 571 485 74
is_linear=0
shrinkage=0.0353657


Tree=596
num_leaves=12
num_cat=0
split_feature=45 40 35 35 29 92 31 60 92 67 61
split_gain=0.00625264 0.0165581 0.012659 0.00836627 0.00711232 0.00640087 0.0107851 0.00806287 0.0129278 0.0143398 0.011159
threshold=257059.30000000002 23925.711813117825 253543.70933165474 286236.64467592601 196058.04206138689 -117101.91174531168 1.5600000000000003 17.237037037037037 -10597.891427666442 2.7665656565656569 50.259359605911335
decision_type=2 8 2 2 2 2 2 2 2 2 10
left_child=1 4 -2 -4 -1 6 -5 10 9 -9 -7
right_child=2 -3 3 5 -6 7 -8 8 -10 -11 -12
leaf_value=0.00031385674247861635 0.00059424798574135693 -0.00093232614901550927 -0.00050871387230868909 -0.00072911171580679953 -0.00030532566781806995 -1.2848645080000953e-05 -6.7568039695926113e-05 0.00094428791157484353 5.3758938333747395e-05 0.00019108165856675412 -0.00059534118684982814
leaf_weight=21 22 15.999999999999998 14.999999999999998 19 22 284 89 37 315 50 23
leaf_count=21 22 16 15 19 22 284 89 37 315 50 23
internal_value=-2.06841e-06 -0.000298246 2.09168e-05 -6.42644e-07 -6.17364e-05 1.43333e-05 -0.000212125 5.40946e-05 0.000156931 0.000497183 -7.39258e-05
internal_weight=913 59 854 832 43 817 108 709 402 87 307
internal_count=913 59 854 832 43 817 108 709 402 87 307
is_linear=0
shrinkage=0.0353657


Tree=597
num_leaves=12
num_cat=0
split_feature=45 293 35 37 39 19 145 39 84 40 97
split_gain=0.00592288 0.0158201 0.0121046 0.00846171 0.00815134 0.0146356 0.0152463 0.0115239 0.00808272 0.00807592 0.0107621
threshold=257059.30000000002 10.082748911645291 253543.70933165474 348151.97420634929 405563.71238619316 398767.08788819885 9.3303571428571441 356916.3801504419 0.074187581668001309 105059.39566088612 38.500000000000007
decision_type=2 8 2 2 2 8 2 2 10 10 2
left_child=1 -1 -2 8 5 6 7 -5 -4 10 -6
right_child=2 -3 3 4 9 -7 -8 -9 -10 -11 -12
leaf_value=-6.0010116411430933e-05 0.0005803680777173414 -0.00091053961597321051 -0.00013493980446855152 0.00014363142424977533 -0.00032875631642133193 0.00086464585767817863 0.00057716529865754578 -0.00061107147477710655 -0.00076913633721277909 5.956164668243975e-05 0.00016540772734228979
leaf_weight=43 22 15.999999999999998 17 19 167 22 25 30 24 479 49
leaf_count=43 22 16 17 19 167 22 25 30 24 479 49
internal_value=-2.63463e-06 -0.000290894 1.96979e-05 -1.35527e-06 2.28302e-05 0.000295875 9.43388e-05 -0.000220384 -0.000393198 -1.68439e-05 -0.00018878
internal_weight=913 59 854 832 791 96 74 49 41 695 216
internal_count=913 59 854 832 791 96 74 49 41 695 216
is_linear=0
shrinkage=0.0353657


Tree=598
num_leaves=12
num_cat=0
split_feature=73 4 73 22 62 73 68 73 57 60 79
split_gain=0.00633934 0.00975665 0.00688225 0.00962966 0.00981805 0.00966078 0.00829901 0.00776762 0.0120794 0.0119343 0.0143258
threshold=0.51428571428571435 102.50000000000001 0.10300618921308571 2.6850000000000005 13.821428571428575 0.19296690307328604 623479.92550505057 0.075614636935391624 29.500000000000004 83.370833333333351 1.4705452784113524
decision_type=8 2 10 10 8 10 2 10 10 2 2
left_child=2 -2 7 4 -4 -5 -6 9 -9 10 -1
right_child=1 -3 3 5 6 -7 -8 8 -10 -11 -12
leaf_value=-2.0728276298699119e-05 -0.00078818990437832647 -5.8631119450070686e-05 0.00092594324704343316 0.00022631698562025984 1.6842925013686324e-05 -0.00045954874853625723 0.00056553606202230304 -0.0001484928180815996 -0.00098972782150881511 -0.00055711255314467363 0.00048252914868415444
leaf_weight=624 20 14.999999999999998 18 23 46 28 35 14.000000000000002 13.999999999999998 22 54
leaf_count=624 20 15 18 23 46 28 35 14 14 22 54
internal_value=-1.64481e-06 -0.000359165 1.60031e-05 0.000219017 0.00041995 -7.48954e-05 0.000268737 -2.65657e-05 -0.000447024 -1.73244e-06 2.46004e-05
internal_weight=913 35 878 150 99 51 81 728 28 700 678
internal_count=913 35 878 150 99 51 81 728 28 700 678
is_linear=0
shrinkage=0.0353657


Tree=599
num_leaves=12
num_cat=1
split_feature=73 157 73 97 64 26 1 65 36 65 58
split_gain=0.0059076 0.00936344 0.00648582 0.00923257 0.00735171 0.0130331 0.0109084 0.0150891 0.0146251 0.011708 0.0132104
threshold=0.51428571428571435 3.5000000000000004 0.10300618921308571 16.500000000000004 3.7559523809523814 2.9300000000000002 0 2.980015299292408 65824.913478159651 2.5568475452196391 28.500000000000004
decision_type=8 2 10 2 2 8 1 10 10 10 8
left_child=2 -2 4 -4 6 -6 7 9 -9 10 -1
right_child=1 -3 3 -5 5 -7 -8 8 -10 -11 -12
leaf_value=-0.00061604624380775662 -0.00076622237259548159 -5.186654247657744e-05 0.00057793584329305465 5.7495417199640568e-05 -0.00078671850078535172 -2.5303961554866717e-05 0.00010823831675963183 -0.0013250423817800744 -0.00032917805983807564 0.00037523857212959756 -1.8951833668016245e-05
leaf_weight=44 20 14.999999999999998 42 108 29 27 434 16.000000000000004 14.999999999999998 34 129
leaf_count=44 20 15 42 108 29 27 434 16 15 34 129
internal_value=-1.56194e-06 -0.000346726 1.54282e-05 0.000212533 -2.58555e-05 -0.000350378 4.02853e-06 -0.000172533 -0.000727393 -7.54182e-05 -0.000188357
internal_weight=913 35 878 150 728 56 672 238 31 207 173
internal_count=913 35 878 150 728 56 672 238 31 207 173
cat_boundaries=0 1
cat_threshold=3251903504
is_linear=0
shrinkage=0.0353657


Tree=600
num_leaves=12
num_cat=1
split_feature=47 36 77 30 59 109 61 1 66 64 51
split_gain=0.00943432 0.0110454 0.0104073 0.010068 0.0107848 0.0113293 0.00991164 0.0088824 0.0129063 0.012142 0.0152642
threshold=-11769.053640350901 200158.63979527517 1.5526123660866686 9.5000000000000018 7.8333333333333348 1.5000000000000002 80.522875816993476 0 2.5473944294699016 3.094235033259424 1.0604622257238636
decision_type=8 10 2 2 2 2 10 1 8 2 2
left_child=3 7 -3 -1 5 -5 -6 -2 -9 -10 -11
right_child=1 2 -4 4 6 -7 -8 8 9 10 -12
leaf_value=0.00060164629940537176 9.4441398181806103e-05 -0.00097650205251375677 -0.00021574441278298761 0.00012216730221651726 2.8364425323646323e-05 0.00086804354297935569 -0.00052438922704571881 0.00011152452030193498 -0.00050212230510976463 -0.00024008257878353328 0.00062244858334265592
leaf_weight=26 220 24 19 35 237 26 22 90 152 36 17
leaf_count=26 220 24 19 35 237 26 22 90 152 36 17
internal_value=-2.02979e-05 -0.000109488 -0.000546333 0.000118211 6.38213e-05 0.000419021 -3.01849e-05 -6.33603e-05 -0.000182086 -0.00034143 1.34552e-05
internal_weight=904 558 43 346 320 61 259 515 295 205 53
internal_count=904 558 43 346 320 61 259 515 295 205 53
cat_boundaries=0 1
cat_threshold=2502143296
is_linear=0
shrinkage=0.0353657


Tree=601
num_leaves=12
num_cat=1
split_feature=95 1 164 70 95 47 3 60 188 36 65
split_gain=0.00769033 0.0167921 0.0155067 0.0152526 0.0123149 0.0120173 0.0111884 0.0105693 0.0114269 0.0192814 0.0132286
threshold=334957.06448719773 0 7.7136363636363638 269268.02011494257 532194.30734137597 -10568.349999999989 1.5000000000000002 3.2187500000000004 0.013130517560010501 61584.005191661439 1.0722996515679444
decision_type=2 1 2 8 2 10 2 2 2 8 10
left_child=1 5 4 -4 -2 -1 -5 8 10 -10 -3
right_child=2 7 3 6 -6 -7 -8 -9 9 -11 -12
leaf_value=0.00054897841895369345 -0.00088603008884648865 8.2218375427354411e-05 0.00064709691714180304 0.00027667011462633145 -0.00015806349433510023 5.7684293544072308e-05 -0.00027484631187056353 -0.0001986731762865563 -0.00062274843693065182 0.00031551117627026892 0.0007972193576019918
leaf_weight=105 49 47 13.999999999999998 39 17 107 129 299 34 25 39
leaf_count=105 49 47 14 39 17 107 129 299 34 25 39
internal_value=-1.899e-05 4.18154e-05 -0.000179801 -2.15756e-05 -0.000581845 0.000281438 -0.000115387 -7.63756e-05 0.000143374 -0.000146414 0.000393864
internal_weight=904 656 248 182 66 212 168 444 145 59 86
internal_count=904 656 248 182 66 212 168 444 145 59 86
cat_boundaries=0 1
cat_threshold=2240087266
is_linear=0
shrinkage=0.0353657


Tree=602
num_leaves=12
num_cat=0
split_feature=47 69 93 51 36 56 21 77 81 87 93
split_gain=0.00818501 0.0109651 0.0131475 0.0156291 0.0103275 0.0101123 0.0106613 0.00995383 0.00980979 0.00736471 0.0108095
threshold=-11769.053640350901 354739.04355400702 1456649.1239711938 0.8535821694311948 200158.63979527517 5.5000000000000009 425864.46084694884 1.5526123660866686 0.99999999997134348 803341.52611408208 3490344.1111111115
decision_type=8 10 2 2 10 2 10 2 2 2 2
left_child=1 2 -1 -4 -2 -3 -7 -6 -5 10 -8
right_child=4 5 3 8 7 6 9 -9 -10 -11 -12
leaf_value=-0.00017229843645115938 -5.6028070398121854e-05 0.00038207179329473182 0.00011414001490079756 0.001330037521085293 -0.00094222475379794569 -0.00073859833195697323 -7.1437618040523992e-05 -0.00020652643800258863 0.00060907816537364337 8.5259858326968221e-05 -0.00077550999390377175
leaf_weight=26 515 27 63 14.999999999999998 24 13.999999999999998 26 19 58 92 25
leaf_count=26 515 27 63 15 24 14 26 19 58 92 25
internal_value=-1.75963e-05 0.000111324 0.000314372 0.000465575 -0.000100762 -5.45632e-05 -0.000175537 -0.00052299 0.000783376 -8.16025e-05 -0.000357444
internal_weight=904 346 162 136 558 184 157 43 73 143 51
internal_count=904 346 162 136 558 184 157 43 73 143 51
is_linear=0
shrinkage=0.0353657


Tree=603
num_leaves=12
num_cat=0
split_feature=47 36 81 36 36 51 3 36 62 151 87
split_gain=0.00759381 0.00963804 0.00960619 0.00852682 0.0160929 0.0136158 0.0103814 0.00966431 0.00848561 0.0143917 0.0140892
threshold=-11769.053640350901 200158.63979527517 1.2320813174648777 34433.431118332424 28899.712947434567 0.90407875770546764 5.5000000000000009 44137.609146911716 17.921740266527308 0.0146084006645019 719361.39595543349
decision_type=8 10 2 10 10 2 2 10 8 2 2
left_child=3 -2 -3 4 5 -1 -7 -5 -9 -10 -11
right_child=1 2 -4 7 -6 6 -8 8 9 10 -12
leaf_value=-0.00037499396739369256 -5.4012223385962178e-05 -0.00089472598306819041 -0.00021059877951905013 -0.0005164455598950441 0.0010681366054269602 0.00014579736962786233 0.00087340097535478401 -0.00017991327929043328 0.00050260528155331207 -0.00044331952532955271 0.0002530196474026765
leaf_weight=14.999999999999998 515 26 17 13.999999999999998 14.999999999999998 19 20 81 88 45 49
leaf_count=15 515 26 17 14 15 19 20 81 88 45 49
internal_value=-1.71726e-05 -9.73186e-05 -0.000505279 0.000106942 0.000412541 0.000180513 0.000444646 2.2044e-05 7.4317e-05 0.000206138 -4.6665e-05
internal_weight=904 558 43 346 69 54 39 277 263 182 94
internal_count=904 558 43 346 69 54 39 277 263 182 94
is_linear=0
shrinkage=0.0353657


Tree=604
num_leaves=12
num_cat=1
split_feature=47 30 59 109 61 1 81 31 61 167 66
split_gain=0.00702146 0.00885923 0.00956559 0.0101687 0.009393 0.00819098 0.0110392 0.0124847 0.0140455 0.00980207 0.00925178
threshold=-11769.053640350901 9.5000000000000018 7.8333333333333348 1.5000000000000002 80.522875816993476 0 1.0185082022926546 2.7950000000000004 24.328431372549023 4.5000000000000009 2.1339285714285716
decision_type=8 2 2 2 10 1 2 2 8 2 8
left_child=1 -1 3 -3 -4 6 7 10 -9 -8 -2
right_child=5 2 4 -5 -6 -7 9 8 -10 -11 -12
leaf_value=0.0005554086798397938 -0.00041781831149028759 0.00010319421548973204 1.9449217603829337e-05 0.000810619322770838 -0.00051813964756537874 -0.00019758488419247192 4.4537792771361494e-05 0.0011172377368885386 0.00024136401312403261 -0.00054617351853498432 0.00020121153300077258
leaf_weight=26 19 35 237 26 22 341 44 26 21 40 67
leaf_count=26 19 35 237 26 22 341 44 26 21 40 67
internal_value=-1.68147e-05 0.000102463 5.0879e-05 0.000385773 -3.75075e-05 -9.39219e-05 6.19239e-05 0.000261492 0.000650141 -0.000198904 3.95008e-05
internal_weight=904 346 320 61 259 558 217 133 47 84 86
internal_count=904 346 320 61 259 558 217 133 47 84 86
cat_boundaries=0 1
cat_threshold=2502069321
is_linear=0
shrinkage=0.0353657


Tree=605
num_leaves=12
num_cat=0
split_feature=47 69 76 93 109 60 64 36 91 87 163
split_gain=0.00659053 0.00961876 0.0125457 0.012146 0.0160651 0.00998775 0.0148276 0.00877364 0.00933514 0.00813263 0.0102431
threshold=-11769.053640350901 354739.04355400702 2.5000000000000004 1456649.1239711938 1.0000000180025095e-35 11.750000000000002 2.8100961538461542 200158.63979527517 1.5526123660866686 527426.95833333337 1.0000000180025095e-35
decision_type=8 10 10 2 2 2 2 10 2 2 2
left_child=1 2 9 -4 -5 6 -3 -2 -9 -1 -11
right_child=7 5 3 4 -6 -7 -8 8 -10 10 -12
leaf_value=0.00031051391317996996 -4.9492220843494147e-05 -7.4590259822268669e-05 -0.00059267110877587927 0.0006630613170132769 -0.00024181066173097773 8.4651159677104722e-05 -0.00088911402401227631 -0.00088151007543509758 -0.00018962040703272777 0.0013231594746359716 0.00048880586103305901
leaf_weight=63 515 29 14.999999999999998 23 23 129 26 24 19 20 18
leaf_count=63 515 29 15 23 23 129 26 24 19 20 18
internal_value=-1.62175e-05 9.9293e-05 0.000289466 -2.02815e-05 0.000161396 -5.60081e-05 -0.000397961 -9.09574e-05 -0.000480179 0.000521618 0.000870094
internal_weight=904 346 162 61 46 184 55 558 43 101 38
internal_count=904 346 162 61 46 184 55 558 43 101 38
is_linear=0
shrinkage=0.0353657


Tree=606
num_leaves=12
num_cat=1
split_feature=57 51 78 51 65 1 92 47 56 73 39
split_gain=0.00675898 0.013116 0.0130351 0.0173242 0.0135383 0.0116076 0.0137903 0.0129011 0.0153862 0.0123749 0.0134835
threshold=10.500000000000002 1.0913698359425157 0.92603781169585397 1.2139180401715539 2.6984848484848487 0 -20242.242905548945 77102.186507936582 51.500000000000007 0.027402402402402354 564376.61452746461
decision_type=8 2 2 2 10 1 2 8 2 10 2
left_child=-1 5 3 -3 -5 -2 9 -8 -9 10 -7
right_child=1 2 -4 4 -6 6 7 8 -10 -11 -12
leaf_value=-0.00014221925520716824 -0.000191464688968451 0.0014241453790550319 0.00017116507068477152 0.00080713244854604092 -0.00010850508164887523 -0.00052175321669184667 0.00018452809389580313 0.0013489257559730775 0.00036191194168926175 0.00049898837096592227 7.46328858540212e-05
leaf_weight=199 226 14.999999999999998 165 14.000000000000002 13.999999999999998 66 93 22 15.999999999999998 13.999999999999998 68
leaf_count=199 226 15 165 14 14 66 93 22 16 14 68
internal_value=2.75832e-05 7.87672e-05 0.000303208 0.000754017 0.000407375 -1.32302e-05 0.000126784 0.000380686 0.000828913 -7.34077e-05 -0.000202001
internal_weight=912 713 208 43 28 505 279 131 38 148 134
internal_count=912 713 208 43 28 505 279 131 38 148 134
cat_boundaries=0 1
cat_threshold=36756426
is_linear=0
shrinkage=0.0353657


Tree=607
num_leaves=12
num_cat=1
split_feature=51 91 5 61 77 1 60 61 39 237 40
split_gain=0.00607417 0.010046 0.0151797 0.0143214 0.012871 0.0130027 0.0114232 0.0153614 0.0174101 0.0102637 0.0107114
threshold=0.81979612472879504 0.93995391658803762 2.8900000000000001 8.2761699507389181 0.96699510900531471 0 42.015873015873019 23.578947368421055 889397.95893293701 1.0000000180025095e-35 206378.53184034288
decision_type=2 2 2 10 2 1 2 10 2 2 10
left_child=-1 2 9 -4 -3 6 -6 -8 -9 10 -2
right_child=1 4 3 -5 5 -7 7 8 -10 -11 -12
leaf_value=-0.000128895197098576 0.00012232079716741041 -0.00043422725206294607 0.0014773617623472723 0.00045059558257330159 0.00045672518262848569 -8.5532392013878275e-05 -0.00065741667454884589 0.00071327815823004736 -0.00012454829752649979 -0.00036958024832800209 0.00081540972734891776
leaf_weight=210 82 49 15.000000000000002 13.999999999999998 137 286 13.999999999999998 25 51 13.999999999999998 14.999999999999998
leaf_count=210 82 49 15 14 137 286 14 25 51 14 15
internal_value=2.68827e-05 7.71033e-05 0.000325068 0.000870683 1.02513e-05 6.29628e-05 0.000248952 5.67679e-06 0.000155636 0.000156945 0.000276215
internal_weight=912 702 140 29 562 513 227 90 76 111 97
internal_count=912 702 140 29 562 513 227 90 76 111 97
cat_boundaries=0 1
cat_threshold=21083576
is_linear=0
shrinkage=0.0353657


Tree=608
num_leaves=12
num_cat=0
split_feature=57 51 51 78 28 25 60 57 4 97 56
split_gain=0.0063653 0.0120751 0.0121504 0.0164516 0.0113621 0.0109634 0.0116598 0.011633 0.0111084 0.0110359 0.0109519
threshold=10.500000000000002 1.0913698359425157 1.2067001663698733 0.93201944932406489 3.3950000000000005 908740.50925925933 46.27380952380954 6.5000000000000009 30.500000000000004 29.500000000000004 13.500000000000002
decision_type=8 2 2 2 10 8 2 10 2 2 2
left_child=5 4 3 -3 -2 6 -1 8 -7 -10 -4
right_child=1 2 10 -5 -6 7 -8 -9 9 -11 -12
leaf_value=0.00039559054133138247 2.594773939525533e-05 0.0013843117950861194 0.00049078938346519389 0.00038268829829355116 -0.00050350647222700145 0.00039230477335877004 -0.00027710116642966028 -0.00074628021893963236 -0.00064218782886289326 6.445469703328564e-05 -2.0210687027382611e-05
leaf_weight=57 474 14.999999999999998 57 26 31 15.999999999999998 27 42 36 21 110
leaf_count=57 474 15 57 26 31 16 27 42 36 21 110
internal_value=2.54247e-05 7.51389e-05 0.000290518 0.000734791 -1.30334e-05 -0.000139334 0.000112013 -0.000355232 -0.000123046 -0.000310216 0.000166291
internal_weight=912 713 208 41 505 199 84 115 73 57 167
internal_count=912 713 208 41 505 199 84 115 73 57 167
is_linear=0
shrinkage=0.0353657


Tree=609
num_leaves=12
num_cat=1
split_feature=57 51 79 65 28 34 1 81 87 124 81
split_gain=0.00590862 0.0113451 0.0119542 0.0150405 0.0107852 0.0103844 0.0100881 0.0162726 0.0156358 0.02131 0.0174842
threshold=10.500000000000002 1.0913698359425157 -0.24046614948744996 2.6984848484848487 3.3950000000000005 2.2050000000000005 0 0.93874289228124319 379016.78710277221 0.029068829553547056 0.7881016275836662
decision_type=8 2 2 10 10 2 1 2 2 2 2
left_child=5 4 3 -3 6 -1 -2 8 9 -8 -10
right_child=1 2 -4 -5 -6 -7 7 -9 10 -11 -12
leaf_value=0.00011984620262510295 -0.00023039764895659338 0.0012142062021065119 0.00015604112780628779 0.00029247376734995768 -0.00049074041655222829 -0.00033697369788602372 -0.00013276357557371544 0.00034372657519743144 0.00059487788986163203 -0.0011364778971938096 -0.00013022964974218249
leaf_weight=80 107 24 166 18 31 119 25 182 36 25 99
leaf_count=80 107 24 166 18 31 119 25 182 36 25 99
internal_value=2.45952e-05 7.25331e-05 0.00028131 0.000717049 -1.28696e-05 -0.000134069 2.50577e-05 0.000113716 -9.50721e-05 -0.000543762 6.89485e-05
internal_weight=912 713 208 42 505 199 474 367 185 50 135
internal_count=912 713 208 42 505 199 474 367 185 50 135
cat_boundaries=0 1
cat_threshold=3152200
is_linear=0
shrinkage=0.0353657


Tree=610
num_leaves=12
num_cat=1
split_feature=51 77 5 69 77 1 17 56 44 51 98
split_gain=0.00549251 0.00984655 0.0137625 0.0172316 0.0117216 0.0121486 0.0146225 0.0161766 0.0161475 0.0146832 0.00978107
threshold=0.81979612472879504 0.93995391658803762 2.8900000000000001 298971.39097744366 0.96699510900531471 0 1014371.4285714288 50.500000000000007 177780.07249891313 0.99999999998969769 1.0000000180025095e-35
decision_type=2 2 2 10 2 1 10 2 8 2 2
left_child=-1 2 10 -4 -3 6 7 8 -6 -9 -2
right_child=1 4 3 -5 5 -7 -8 9 -10 -11 -12
leaf_value=-0.00012463020673481441 0.00027358068780301441 -0.00041920120472183119 0.0014987991690203067 0.00039047899471490049 0.00049695582080307502 -7.7000357221034289e-05 -7.0602623077520757e-05 -0.000426315107737372 0.0013303565428462354 0.00045827682467151096 -0.00035651778449628422
leaf_weight=210 97 49 14.000000000000002 14.999999999999998 67 307 71 25 23 20 13.999999999999998
leaf_count=210 97 49 14 15 67 307 71 25 23 20 14
internal_value=2.34598e-05 7.12871e-05 0.000316626 0.000837259 5.08012e-06 5.54465e-05 0.000249461 0.000472955 0.000736245 7.3007e-05 0.000156621
internal_weight=912 702 140 29 562 513 206 135 90 45 111
internal_count=912 702 140 29 562 513 206 135 90 45 111
cat_boundaries=0 1
cat_threshold=21018040
is_linear=0
shrinkage=0.0353657


Tree=611
num_leaves=12
num_cat=0
split_feature=61 60 75 60 79 65 28 201 78 70 74
split_gain=0.00553205 0.00500036 0.0111975 0.0106848 0.00673307 0.0131658 0.0104872 0.00944607 0.00853991 0.0077424 0.00349809
threshold=117.91666666666667 80.522875816993476 0.055555555555555546 75.248484848484864 1.4705452784113524 3.145502645502646 3.7600000000000002 1.5000000000000002 1.3685885630579253 703403.11538461549 0.24025974025974023
decision_type=10 2 2 2 2 8 8 2 2 10 8
left_child=1 3 -3 4 7 6 -6 -1 9 -9 -4
right_child=-2 2 10 -5 5 -7 -8 8 -10 -11 -12
leaf_value=0.00049637468386967644 -0.00038266539490324359 -0.00074646077762605231 0.00025429517047890945 0.00063334651514873966 0.0011830913907145487 -0.0001277533952141415 0.00038953423360564066 3.0903227050258083e-05 -0.00046948036992779389 -0.00043308339793915755 -0.00020134527340824235
leaf_weight=23 15.999999999999998 17 20 14.999999999999998 13.999999999999998 17 33 695 25 23 13.999999999999998
leaf_count=23 16 17 20 15 14 17 33 695 25 23 14
internal_value=2.20861e-05 3.6097e-05 -0.000239191 5.80932e-05 3.82431e-05 0.000333855 0.000644787 7.32906e-06 -1.44643e-05 6.77686e-06 -1.79063e-05
internal_weight=912 896 51 845 830 64 47 766 743 718 34
internal_count=912 896 51 845 830 64 47 766 743 718 34
is_linear=0
shrinkage=0.0353657


Tree=612
num_leaves=12
num_cat=0
split_feature=47 64 57 36 68 87 27 67 62 25 16
split_gain=0.00611179 0.0102297 0.00922336 0.0150638 0.00729021 0.0135989 0.0117141 0.0135189 0.00950082 0.00859535 0.0137589
threshold=221520.63392857139 3.507352941176471 11.500000000000002 172507.71611324823 371451.07603686641 778873.43750000012 680724.29560755345 3.1265275302040014 48.780660377358494 704411.85007974494 2.6300000000000003
decision_type=8 2 8 8 2 2 8 2 8 10 2
left_child=4 2 -2 -4 9 -6 -7 8 -8 -1 -11
right_child=1 -3 3 -5 5 6 7 -9 -10 10 -12
leaf_value=2.8254864493678526e-06 8.6716857847786622e-05 -0.00014607836311057436 0.0013173699768391609 0.00039863531074090745 -0.00045459276328934501 0.00049501424186768669 -0.0008041274686540616 0.00014052657219203451 -0.00013734507245927641 9.1497130515557897e-05 0.0009736346471577018
leaf_weight=476 18 26 14.999999999999998 37 111 27 33 86 35 13.999999999999998 19
leaf_count=476 18 26 15 37 111 27 33 86 35 14 19
internal_value=-1.33589e-06 0.000234904 0.000462957 0.00070361 -3.43344e-05 -0.000170862 -4.95246e-06 -0.000103562 -0.000432838 4.22231e-05 0.000459811
internal_weight=897 96 70 52 801 292 181 154 68 509 33
internal_count=897 96 70 52 801 292 181 154 68 509 33
is_linear=0
shrinkage=0.0353657


Tree=613
num_leaves=12
num_cat=1
split_feature=17 17 63 48 1 63 33 54 84 188 27
split_gain=0.00607621 0.0109117 0.0101776 0.0195148 0.0128681 0.0161055 0.0224401 0.0130019 0.0101634 0.00929973 0.0118851
threshold=776173.32277753216 880526.64301948075 45.678722165712209 272724.84055250313 0 15.549767378215655 0.18500000000000008 16.500000000000004 0.25121818436014592 0.14374500725831221 680724.29560755345
decision_type=10 10 2 8 1 2 2 10 8 2 8
left_child=2 -2 4 -4 5 6 8 -7 -1 10 -3
right_child=1 9 3 -5 -6 7 -8 -9 -10 -11 -12
leaf_value=0.00079133083203907753 -0.00045663545490821721 0.00025266847882382624 0.00010995707882873142 0.0011014721736878083 9.2074146546611759e-05 -0.0013529829740614471 -0.00064597444130404529 -0.00041864244812097468 9.7258504000916491e-05 0.00021566690045549187 -0.00044128572125043646
leaf_weight=20 75 18 37 18 469 18 25 18 29 96 74
leaf_count=20 75 18 37 18 469 18 25 18 29 96 74
internal_value=-1.21941e-06 -0.000139074 5.56068e-05 0.000438067 1.11262e-05 -0.0002835 -5.84876e-05 -0.000800625 0.000324727 -8.60507e-06 -0.000226936
internal_weight=897 263 634 55 579 110 74 36 49 188 92
internal_count=897 263 634 55 579 110 74 36 49 188 92
cat_boundaries=0 1
cat_threshold=193331200
is_linear=0
shrinkage=0.0353657


Tree=614
num_leaves=12
num_cat=1
split_feature=36 219 17 60 251 1 22 15 167 111 52
split_gain=0.00571373 0.0132942 0.00755087 0.0137904 0.0136493 0.00801646 0.0140674 0.0135323 0.0142676 0.012736 0.0136038
threshold=390146.11240831198 18.000000000000004 776173.32277753216 11.750000000000002 60228496.467763193 0 3.3950000000000005 475376.73500000004 4.5000000000000009 7.5500000000000007 79.500000000000014
decision_type=8 2 10 2 2 1 8 2 2 2 2
left_child=2 -2 5 4 -4 6 7 8 -1 -8 -11
right_child=1 -3 3 -5 -6 -7 9 -9 -10 10 -12
leaf_value=-2.6139175029412918e-05 -5.9265107021142297e-05 0.00077269324248264819 -0.00035605971076450908 -6.8380384226394657e-05 -0.0012730906307386613 0.00013797932615958549 -0.00015285471086922222 0.00035922099879390906 -0.00075223280050299996 -0.0015076803929271348 -0.00053183501039799771
leaf_weight=83 18 24 27 212 13.999999999999998 383 13.999999999999998 66 23 15.999999999999998 17
leaf_count=83 18 24 27 212 14 383 14 66 23 16 17
internal_value=-1.0631e-06 0.00031665 -2.24098e-05 -0.000178281 -0.000653222 4.2484e-05 -0.000112732 8.22656e-06 -0.00020111 -0.000561846 -0.000949486
internal_weight=897 42 855 253 41 602 219 172 106 47 33
internal_count=897 42 855 253 41 602 219 172 106 47 33
cat_boundaries=0 1
cat_threshold=3115712544
is_linear=0
shrinkage=0.0353657


Tree=615
num_leaves=12
num_cat=0
split_feature=36 219 17 60 251 63 48 33 59 90 23
split_gain=0.00531095 0.0127183 0.00708992 0.0129957 0.0130939 0.00774291 0.016114 0.0103083 0.0101754 0.0122394 0.00812043
threshold=390146.11240831198 18.000000000000004 776173.32277753216 11.750000000000002 60228496.467763193 45.678722165712209 272724.84055250313 -1.99 8.5000000000000018 0.82217764867489229 753884.92424242443
decision_type=8 2 10 2 2 2 8 2 2 10 10
left_child=2 -2 5 4 -4 7 -7 -1 9 -9 -10
right_child=1 -3 3 -5 -6 6 -8 8 10 -11 -12
leaf_value=-0.00053589752984815333 -6.2648865209262403e-05 0.00075081297164505587 -0.00034130062757560097 -6.5784811367631019e-05 -0.0012400658671558832 9.5073331415183724e-05 0.0010024256606263233 -0.00090572601417671615 3.6649922982939488e-05 -0.00011925882391929632 0.00046811703071314404
leaf_weight=18 18 24 27 212 13.999999999999998 37 15.999999999999998 18 452 23 38
leaf_count=18 18 24 27 212 14 37 16 18 452 23 38
internal_value=-9.57595e-07 0.000305311 -2.15866e-05 -0.000172655 -0.000633744 4.1247e-05 0.000378771 1.11957e-06 3.2515e-05 -0.000385168 8.01387e-05
internal_weight=897 42 855 253 41 602 53 549 531 41 490
internal_count=897 42 855 253 41 602 53 549 531 41 490
is_linear=0
shrinkage=0.0353657


Tree=616
num_leaves=12
num_cat=0
split_feature=95 80 71 79 59 57 42 17 78 6 170
split_gain=0.00494498 0.015994 0.0128374 0.0286084 0.00994952 0.0161673 0.0127384 0.00996867 0.0103136 0.00617051 0.0200926
threshold=334957.06448719773 11810733.333333336 216484.17297979799 -0.38264067718958705 16.166666666666668 10.500000000000002 447071.26111111121 690857.64000000013 0.89943655428632174 3.5000000000000004 0.066422944682343513
decision_type=2 2 2 2 2 10 2 10 2 2 2
left_child=9 -2 3 -3 5 -4 -6 -8 -9 -1 -11
right_child=1 2 4 -5 6 -7 7 8 -10 10 -12
leaf_value=5.9406996715470197e-06 -0.00082984348152367361 -6.6975155049400634e-05 -0.00018261297736359765 0.0012298081544546596 -0.00070287075403573725 0.00069959674870546734 0.00033336478925433442 -0.00070116209050543037 -5.3894258129761546e-05 7.8133515732897122e-05 0.0010442856684580251
leaf_weight=571 13.999999999999998 17 27 14.999999999999998 48 24 25 25 50 67 13.999999999999998
leaf_count=571 14 17 27 15 48 24 25 25 50 67 14
internal_value=-1.02021e-06 -0.000131335 -5.71473e-05 0.000430442 -0.000161034 0.000170533 -0.000307805 -0.000100734 -0.000271218 4.76107e-05 0.000301151
internal_weight=897 245 231 32 199 51 148 100 75 652 81
internal_count=897 245 231 32 199 51 148 100 75 652 81
is_linear=0
shrinkage=0.0353657


Tree=617
num_leaves=12
num_cat=0
split_feature=36 219 17 60 251 62 17 65 9 18 52
split_gain=0.00498654 0.0121264 0.00656536 0.0122523 0.0125951 0.00782331 0.0119461 0.0103468 0.0116729 0.0110028 0.0165081
threshold=390146.11240831198 18.000000000000004 776173.32277753216 11.750000000000002 60228496.467763193 57.808510638297882 590098.97106481495 2.5527777777777785 1.0000000180025095e-35 2.8500000000000001 156.00000000000003
decision_type=8 2 10 2 2 10 10 10 2 10 2
left_child=2 -2 5 4 -4 7 -7 8 -1 10 -9
right_child=1 -3 3 -5 -6 6 -8 9 -10 -11 -12
leaf_value=-2.0253856202065605e-06 -6.3134268565299837e-05 0.00073070754535784941 -0.00032573153212625376 -6.2278872760802081e-05 -0.0012076144471424737 -0.00080701803379045779 -1.2086237012084485e-06 0.00060864115914058845 -0.00061799089213591409 -1.1657128079948786e-05 -7.9047316828371932e-05
leaf_weight=297 18 24 27 212 13.999999999999998 21 15.999999999999998 123 18 94 33
leaf_count=297 18 24 27 212 14 21 16 123 18 94 33
internal_value=-8.29779e-07 0.000295905 -2.08608e-05 -0.000166267 -0.000613931 3.9539e-05 -0.000340511 7.54863e-05 -5.05385e-05 0.000239126 0.000416946
internal_weight=897 42 855 253 41 602 37 565 315 250 156
internal_count=897 42 855 253 41 602 37 565 315 250 156
is_linear=0
shrinkage=0.0353657


Tree=618
num_leaves=12
num_cat=0
split_feature=29 39 15 84 16 84 54 84 67 46 87
split_gain=0.0054566 0.0115511 0.00753215 0.00785713 0.0107593 0.0102667 0.0210009 0.0150194 0.0109736 0.0137239 0.0127299
threshold=196058.04206138689 222373.2627525253 234613.75000000003 0.12885473056566957 2.7950000000000004 0.15849658667617664 171.50000000000003 0.14928606072009751 2.3466481681491831 327260.07401157188 354326.28438375361
decision_type=2 2 2 8 2 8 8 10 2 2 2
left_child=-1 -2 -3 4 -4 6 -5 -8 9 -7 -10
right_child=1 2 3 5 -6 8 7 -9 10 -11 -12
leaf_value=0.00032336349624661337 -0.0005582685358001768 0.00047498037820502465 -0.00043295901063402514 1.4311212933208417e-06 3.5608459942721911e-05 -5.3891765280058632e-05 0.00054179616212164921 0.0015217385583993109 -0.00038588779664429628 0.00063275750307057257 1.137768421952421e-05
leaf_weight=36 24 15.999999999999998 105 46 83 37 25 13.999999999999998 109 55 361
leaf_count=36 24 16 105 46 83 37 25 14 109 55 361
internal_value=-3.22918e-06 -2.2431e-05 -3.22137e-07 -1.57185e-05 -0.000206016 3.99562e-05 0.000359689 0.00086785 -1.09122e-05 0.000298899 -8.18237e-05
internal_weight=911 875 851 835 188 647 85 39 562 92 470
internal_count=911 875 851 835 188 647 85 39 562 92 470
is_linear=0
shrinkage=0.0353657


Tree=619
num_leaves=12
num_cat=0
split_feature=79 65 94 25 201 87 20 29 65 91 109
split_gain=0.00537203 0.010632 0.016006 0.00769016 0.00728518 0.0230647 0.0126722 0.00772737 0.00717501 0.0127251 0.0114316
threshold=0.97881203697815933 2.7130750605326881 1.359493598117887e-10 821420.81426332297 2.5000000000000004 443007.91666666669 2.7350000000000008 821420.81426332297 3.3900966183574881 0.99999999998717548 1.5000000000000002
decision_type=2 8 2 8 2 2 8 2 8 2 2
left_child=4 2 -2 -3 5 -1 7 -7 -6 10 -10
right_child=1 3 -4 -5 8 6 -8 -9 9 -11 -12
leaf_value=-0.0002808127767838623 -0.00054534954769101991 -0.00093075948511864238 0.00030327198379766988 -0.00030715732071584539 -6.2661677284601871e-05 0.0014796149390397494 0.00024343858895361679 0.00071812996533163057 -0.0001719052395108071 0.00063347499769626694 0.00049300580079164201
leaf_weight=24 14.999999999999998 13.999999999999998 67 65 525 19 22 18 80 40 22
leaf_count=24 15 14 67 65 525 19 22 18 80 40 22
internal_value=-2.96153e-06 -0.000176578 4.79459e-05 -0.000445511 3.49088e-05 0.000309482 0.000675362 0.00104984 -1.14051e-06 0.00020211 2.19063e-05
internal_weight=911 161 82 79 750 83 59 37 667 142 102
internal_count=911 161 82 79 750 83 59 37 667 142 102
is_linear=0
shrinkage=0.0353657


Tree=620
num_leaves=12
num_cat=0
split_feature=79 79 65 64 70 36 36 25 36 50 87
split_gain=0.0050929 0.0129691 0.0126047 0.014067 0.00967181 0.00870795 0.0167064 0.0147996 0.0110169 0.0225537 0.0119955
threshold=0.97881203697815933 1.1965040344182636 2.7130750605326881 2.8029126213592237 664655.53725490207 68924.738975450877 90813.20758858179 491849.50859950861 53450.453056621249 425713.49385378929 733921.51648351655
decision_type=2 2 8 2 8 8 8 10 10 2 2
left_child=5 -2 3 -3 -4 8 7 -7 10 -10 -1
right_child=1 2 4 -5 -6 6 -8 -9 9 -11 -12
leaf_value=0.00011510371905808089 -0.0006577182518057779 4.9752550920861008e-05 -0.00067714004361876345 0.00082968642117946018 -5.4890476360882575e-05 0.00094528377010457895 3.743897591062582e-05 0.00016452275362439077 -0.0011733821043607062 -0.000114073972599372 -0.00034970799380312415
leaf_weight=234 32 43 33 20 33 45 312 30 18 41 70
leaf_count=234 32 43 33 20 33 45 312 30 18 41 70
internal_value=-3.28505e-06 -0.000172347 -2.60474e-05 0.000280265 -0.000313223 3.35495e-05 0.000148428 0.000562577 -8.4173e-05 -0.000457785 -3.29869e-06
internal_weight=911 161 129 63 66 750 387 75 363 59 304
internal_count=911 161 129 63 66 750 387 75 363 59 304
is_linear=0
shrinkage=0.0353657


Tree=621
num_leaves=12
num_cat=0
split_feature=29 43 37 55 97 65 94 59 70 41 65
split_gain=0.00513288 0.014235 0.00855282 0.00717683 0.00584095 0.0122735 0.0194177 0.0191998 0.00934209 0.0117228 0.0101457
threshold=196058.04206138689 218580.61646148996 265939.65416666673 9.1666666666666696 5.5000000000000009 2.5527777777777785 -1.8963230460213724e-10 32.833333333333336 144532.83333333334 528805.52329590241 1.7638888888888891
decision_type=2 2 2 2 2 10 2 2 8 2 8
left_child=-1 3 -3 -2 5 6 -4 -7 9 -6 -10
right_child=1 2 4 -5 8 7 -8 -9 10 -11 -12
leaf_value=0.00031303718351753088 -0.0010286307850863048 0.00049861633320154558 -0.00049783236376218945 -0.00028688457565536962 -0.00018781652520440847 0.0001762604829543859 0.00038382205023089721 0.0011119764070971982 0.00051145232381343778 -0.0010277534401061485 -4.8734875588677854e-05
leaf_weight=36 17.000000000000004 18 45 13.999999999999998 28 51 31 21 18 13.999999999999998 618
leaf_count=36 17 18 45 14 28 51 31 21 18 14 618
internal_value=-3.64764e-06 -2.2309e-05 4.07185e-06 -0.000576614 -1.19995e-05 0.000172175 -7.55316e-05 0.000473285 -5.68627e-05 -0.000462859 -2.17571e-05
internal_weight=911 875 844 31 826 148 76 72 678 42 636
internal_count=911 875 844 31 826 148 76 72 678 42 636
is_linear=0
shrinkage=0.0353657


Tree=622
num_leaves=12
num_cat=0
split_feature=58 90 36 36 36 18 10 145 116 81 21
split_gain=0.00485913 0.0059596 0.0109069 0.0205344 0.0194449 0.0219617 0.0206965 0.017669 0.0157411 0.0153051 0.0124606
threshold=143.50000000000003 0.98466755105252701 68924.738975450877 90813.20758858179 34433.431118332424 2.9600000000000004 1.0000000180025095e-35 9.3303571428571441 0.015737942901091654 0.91451051442254838 786207.11960784334
decision_type=10 8 8 8 10 10 2 2 2 2 8
left_child=1 -1 4 9 6 -6 8 -8 -3 -4 -7
right_child=-2 2 3 -5 5 10 7 -9 -10 -11 -12
leaf_value=0.00015329100997245868 0.00035946299923993494 0.00057663757121737425 0.00010743121887328577 -5.4578572890175577e-05 -0.00088333752539170008 0.00035884054268017155 -0.0011473942902040556 -0.00019150757788751315 -5.6940031300559523e-05 0.00089883479316767102 -0.0004313487864617846
leaf_weight=176 20 61 23 334 77 27 20 20 82 47 24
leaf_count=176 20 61 23 334 77 27 20 20 82 47 24
internal_value=-2.87196e-06 -1.72313e-05 -6.33367e-05 5.11759e-05 -0.000216359 -0.000527852 -8.56179e-06 -0.000547333 0.000197621 0.000527948 -0.000103236
internal_weight=911 891 715 404 311 128 183 40 143 70 51
internal_count=911 891 715 404 311 128 183 40 143 70 51
is_linear=0
shrinkage=0.0353657


Tree=623
num_leaves=12
num_cat=1
split_feature=58 102 94 22 81 94 63 1 55 15 47
split_gain=0.00464876 0.00515174 0.0134824 0.0204273 0.0200783 0.0185293 0.0127621 0.00999074 0.00801355 0.00795642 0.00734949
threshold=143.50000000000003 4.5000000000000009 -8.0582107183586781e-11 1.7750000000000001 0.99999999997750366 -298413.72841204033 5.5296762405121545 0 5.8333333333333348 314574.44362745102 314524.76130514703
decision_type=10 2 2 10 2 2 2 1 2 2 10
left_child=1 2 3 5 -4 -1 9 10 -6 -5 -3
right_child=-2 7 4 6 8 -7 -8 -9 -10 -11 -12
leaf_value=-0.00028291532816406955 0.00035167946401477732 0.00012586715772320249 0.0012889733422816747 0.00010573960030416248 0.00056756494044200281 -0.0013305315243851252 0.00060091574738574676 -0.00017050991316503334 -0.00011470307660794585 -0.00057940940269795833 -0.00036540729259947969
leaf_weight=14.000000000000002 20 327 13.999999999999998 16.000000000000004 13.999999999999998 13.999999999999998 38 402 21 13.999999999999998 17
leaf_count=14 20 327 14 16 14 14 38 402 21 14 17
internal_value=-2.70512e-06 -1.67793e-05 0.000159316 -3.63907e-05 0.000560468 -0.000641316 0.000222061 -5.51818e-05 0.000233652 -0.00012362 7.67179e-05
internal_weight=911 891 145 96 49 28 68 746 35 30 344
internal_count=911 891 145 96 49 28 68 746 35 30 344
cat_boundaries=0 1
cat_threshold=906864844
is_linear=0
shrinkage=0.0353657


Tree=624
num_leaves=12
num_cat=0
split_feature=80 51 44 11 48 82 49 5 64 87 67
split_gain=0.0072938 0.00476871 0.00858446 0.00839436 0.00768239 0.00731699 0.0122613 0.0159678 0.0105403 0.0175893 0.0183588
threshold=368181.50000000006 0.81979612472879504 282174.83662657166 -0.6830127018922193 -122581.49540461069 35526.555139631579 0.19541156406719756 2.6850000000000005 2.8377192982456143 285066.25138888886 2.6459483695726589
decision_type=2 2 10 2 8 2 10 2 2 2 2
left_child=-1 2 3 -2 -5 6 -3 -8 9 10 -7
right_child=1 5 -4 4 -6 8 7 -9 -10 -11 -12
leaf_value=-0.00049159854296312465 0.00013420485091694904 9.4576206843578314e-05 -0.00055753748620621004 8.5042591106776011e-05 -0.00049540416048165863 -0.00032660579643335974 0.0013082616275897638 0.0003185327101777004 0.00013225577119187077 -2.2942292993800647e-05 -0.0012834102830344015
leaf_weight=13.999999999999998 104 328 29 13.999999999999998 60 38 14.000000000000002 13.999999999999998 144 119 22
leaf_count=14 104 328 29 14 60 38 14 14 144 119 22
internal_value=-1.14028e-05 1.33586e-06 -0.000137494 -4.8728e-05 -0.000296707 4.74015e-05 0.000156187 0.00067818 -6.67088e-05 -0.000243123 -0.000667262
internal_weight=900 886 207 178 74 679 356 28 323 179 60
internal_count=900 886 207 178 74 679 356 28 323 179 60
is_linear=0
shrinkage=0.0353657


Tree=625
num_leaves=12
num_cat=0
split_feature=72 21 95 70 38 90 209 29 25 111 52
split_gain=0.00463133 0.00818034 0.00660219 0.0151891 0.013864 0.0156455 0.00981491 0.0188882 0.00977815 0.00822554 0.0118873
threshold=0.20794025157232701 808703.34455555561 260808.71666666676 261734.93888888889 413877.09027777787 1.1270668310715168 0.049155176973836805 708621.03722943726 455073.90105820115 7.2301136363636367 3.5000000000000004
decision_type=2 10 2 8 2 10 2 2 8 2 2
left_child=2 -2 9 8 -5 6 7 -6 -4 -1 -11
right_child=1 -3 3 4 5 -7 -8 -9 -10 10 -12
leaf_value=0.00026973823223485125 0.00055964391645720751 1.0352014407748628e-05 0.00011822310579358644 -0.00076495840752752588 0.00076868211011384341 -0.00063955623508248896 -0.00029646995177075606 -7.1356158908584898e-05 0.00084583598702327623 -0.00057376178237029301 2.2767971186228787e-06
leaf_weight=115 33 45 21 43 32 39 46 50 13.999999999999998 24 438
leaf_count=115 33 45 21 43 32 39 46 50 14 24 438
internal_value=-1.1082e-05 0.00021382 -3.69254e-05 -0.000184424 -0.000305367 -0.00016493 1.24519e-05 0.000239922 0.000318447 2.48545e-05 -3.66957e-05
internal_weight=900 78 822 245 210 167 128 82 35 577 462
internal_count=900 78 822 245 210 167 128 82 35 577 462
is_linear=0
shrinkage=0.0353657


Tree=626
num_leaves=12
num_cat=1
split_feature=80 29 29 93 209 31 65 47 67 39 1
split_gain=0.00675494 0.00504397 0.0125802 0.0121099 0.0120952 0.00849785 0.0080937 0.0210608 0.0151276 0.0116239 0.00756027
threshold=368181.50000000006 345732.0991471216 354326.28438375361 964573.91758241772 0.050357291100280359 3.1750000000000003 2.1291666666666669 74760.421225937214 2.1702020202020207 396851.86126228276 0
decision_type=2 2 2 2 2 2 8 10 2 2 1
left_child=-1 3 -3 4 -2 -5 7 8 -4 -8 -11
right_child=1 2 6 5 -6 -7 9 -9 -10 10 -12
leaf_value=-0.00047323465469405006 0.00010856603591615132 -0.00064229842256305261 -0.00024444302173223993 0.00054990912042523826 -0.00066440895124059249 3.243711165622552e-05 0.00055890741346812918 0.00024955631044019916 -0.0011325407503578659 0.00020222288832236798 -6.8585561959125279e-05
leaf_weight=13.999999999999998 24 17 26 84 23 30 25 24 30 137 466
leaf_count=14 24 17 26 84 23 30 25 24 30 137 466
internal_value=-1.11237e-05 1.08346e-06 -3.6546e-05 0.000169088 -0.000192863 0.000365415 -1.07617e-05 -0.000303912 -0.000669611 3.01098e-05 6.06674e-07
internal_weight=900 886 725 161 47 114 708 80 56 628 603
internal_count=900 886 725 161 47 114 708 80 56 628 603
cat_boundaries=0 1
cat_threshold=1140883600
is_linear=0
shrinkage=0.0353657


Tree=627
num_leaves=12
num_cat=0
split_feature=72 67 57 51 72 58 56 52 11 95 212
split_gain=0.0043011 0.00908712 0.0098761 0.00652934 0.00622856 0.0118157 0.013915 0.00698846 0.0107634 0.00679863 0.0131599
threshold=0.20794025157232701 3.7795608984334481 41.500000000000007 1.5321023310295663 0.10072463768115943 6.5000000000000009 14.500000000000002 3.5000000000000004 -0.24999999999999994 291207.069675926 0.056426664333708361
decision_type=2 2 8 2 2 10 2 2 2 2 2
left_child=4 2 3 -2 7 6 -6 8 -1 -9 -11
right_child=1 -3 -4 -5 5 -7 -8 9 -10 10 -12
leaf_value=-0.00080212938166177581 -4.8252040219900494e-05 -0.00018399404217256369 0.00093980907832456439 0.00053365364565292894 -0.0012505827590513368 -4.6665081117277644e-05 -0.0002967083954251667 9.261802236584587e-05 -3.3672409391127212e-05 -7.4380096987706568e-06 -0.00055945052436167568
leaf_weight=22 28 19 14.999999999999998 15.999999999999998 17 46 17 496 13.999999999999998 162 48
leaf_count=22 28 19 15 16 17 46 17 496 14 162 48
internal_value=-1.08219e-05 0.000205841 0.000432171 0.000213455 -3.57727e-05 -0.00029504 -0.000703502 -2.79343e-06 -0.000372737 2.09836e-05 -0.000135903
internal_weight=900 78 59 44 822 80 34 742 36 706 210
internal_count=900 78 59 44 822 80 34 742 36 706 210
is_linear=0
shrinkage=0.0353657


Tree=628
num_leaves=12
num_cat=1
split_feature=29 72 25 64 89 77 48 66 83 49 1
split_gain=0.00426008 0.00890926 0.00775423 0.00757225 0.00699814 0.0128369 0.0108595 0.00848954 0.00945522 0.00790222 0.0112563
threshold=1047080.9469343292 0.20794025157232701 646617.15367965377 3.2253968253968259 -1.0000000180025095e-35 0.88056262389669315 140768.01859870355 3.6076923076923086 0.72459132873653365 -0.17445229329325737 0
decision_type=2 2 10 2 8 2 10 10 2 8 1
left_child=1 4 -2 -3 5 -1 -7 8 -6 -10 -11
right_child=2 3 -4 -5 7 6 -8 -9 9 10 -12
leaf_value=0.00076314443240140765 -0.00057410788138949538 0.00070396536213301376 -4.2679398234554202e-05 0.00012939825658985125 -0.00052428347641464543 -0.00028139902849688432 0.00047191607794683119 0.00037682879141011681 0.00024660714402111202 7.3175371501871654e-05 -0.00023512183907412743
leaf_weight=24 29 32 83 22 33 35 15.999999999999998 29 73 234 290
leaf_count=24 29 32 83 22 33 35 16 29 73 234 290
internal_value=-1.03936e-05 1.687e-05 -0.000195719 0.000380308 -1.3357e-05 0.00026447 5.17245e-05 -5.19175e-05 -8.22114e-05 -4.7871e-05 -9.62588e-05
internal_weight=900 788 112 54 734 75 51 659 630 597 524
internal_count=900 788 112 54 734 75 51 659 630 597 524
cat_boundaries=0 1
cat_threshold=350274589
is_linear=0
shrinkage=0.0353657


Tree=629
num_leaves=12
num_cat=0
split_feature=29 27 72 66 69 89 44 44 15 36 58
split_gain=0.0040273 0.00834726 0.00826187 0.00700159 0.00827206 0.0119663 0.0236815 0.00981952 0.0108389 0.00849176 0.00809322
threshold=1047080.9469343292 867125.82302476827 0.20794025157232701 3.6076923076923086 558774.40740740753 -1.0000000180025095e-35 173692.04270491336 282174.83662657166 959699.07555018796 174087.66158516865 63.500000000000007
decision_type=2 10 2 10 10 8 10 10 2 10 8
left_child=2 -2 3 4 5 6 10 8 -7 -6 -1
right_child=1 -3 -4 -5 9 7 -8 -9 -10 -11 -12
leaf_value=0.00036872836490122357 -0.00050059604159208434 -2.7038417560657328e-06 0.0003667790586898985 0.00035152881852397802 -0.00012854634973434137 -6.4635983370793561e-05 0.0011463629288457106 -0.00060668247800866172 0.00044688002153919169 -0.00076654627196134353 -0.00028630304183902992
leaf_weight=22 46 66 54 37 41 523 17 13.999999999999998 32 25 23
leaf_count=22 46 66 54 37 41 523 17 14 32 25 23
internal_value=-9.67708e-06 -0.000189907 1.67946e-05 -1.22488e-05 -3.9826e-05 -7.67523e-07 0.00039327 -5.08546e-05 -2.39154e-05 -0.000361045 8.49547e-05
internal_weight=900 112 788 734 697 631 62 569 555 66 45
internal_count=900 112 788 734 697 631 62 569 555 66 45
is_linear=0
shrinkage=0.0353657


Tree=630
num_leaves=12
num_cat=1
split_feature=251 83 78 90 90 77 48 1 22 60 16
split_gain=0.00482359 0.00558713 0.0104715 0.00692952 0.0114721 0.00989902 0.0104028 0.00974378 0.00987977 0.013922 0.00951068
threshold=54530591.922195628 1.4133263366552959 1.7949154180043136 1.2766451466904056 1.2992835094728077 1.1494837995968694 92202.179567139348 0 1.5600000000000003 6.0227272727272743 3.0250000000000004
decision_type=2 2 2 10 10 2 8 1 10 2 2
left_child=-1 3 -3 5 -5 7 -7 8 9 -2 -9
right_child=1 2 -4 4 -6 6 -8 10 -10 -11 -12
leaf_value=0.00036598622549997585 -0.0001698576661703337 0.00059476086608423325 -0.00012505214228185156 0.0008104402667112328 7.4055413674205793e-05 -0.00074217999969630798 -0.00016201331065184086 2.2445868825033571e-05 -4.7237012529831483e-05 -0.00097416133655262526 0.00041103098018260083
leaf_weight=22 26 39 13.999999999999998 14.999999999999998 61 31 123 310 158 29 81
leaf_count=22 26 39 14 15 61 31 123 310 158 29 81
internal_value=1.18676e-05 -3.05953e-07 0.000288615 -2.4265e-05 0.000252417 -5.79986e-05 -0.000293405 2.87212e-06 -0.000171402 -0.000526024 0.000106942
internal_weight=909 887 53 834 76 758 154 604 213 55 391
internal_count=909 887 53 834 76 758 154 604 213 55 391
cat_boundaries=0 1
cat_threshold=3238675306
is_linear=0
shrinkage=0.0353657


Tree=631
num_leaves=12
num_cat=1
split_feature=251 1 81 22 76 51 34 39 48 36 36
split_gain=0.0046032 0.00545423 0.0131384 0.0191966 0.0099126 0.00979216 0.00993711 0.0140778 0.0108215 0.0104389 0.0190069
threshold=54530591.922195628 0 0.99999999998572464 2.7950000000000004 4.5000000000000009 1.8809000373535973 1.9100000000000004 405563.71238619316 -92913.566317703939 41260.747383520706 33499.576481178337
decision_type=2 1 2 8 10 2 2 2 8 8 8
left_child=-1 2 3 -2 -5 6 7 -3 -9 10 -8
right_child=1 5 -4 4 -6 -7 9 8 -10 -11 -12
leaf_value=0.00035766135608273172 -0.00011942470664393754 0.00078527768257081998 -0.00029467503905685155 0.00035823636037302537 0.0010994278676792542 0.00050881334280305113 -0.00015659490317828588 -0.00037225889932948912 0.0002394235473172225 3.4655901478639925e-05 -0.0010621115618126571
leaf_weight=22 111 27 196 39 15.999999999999998 35 77 23 109 237 17
leaf_count=22 111 27 196 39 16 35 77 23 109 237 17
internal_value=1.1737e-05 -1.2314e-07 -0.000102177 0.000102765 0.000565556 6.90602e-05 2.82321e-05 0.000242596 0.000104395 -7.66471e-05 -0.000361348
internal_weight=909 887 362 166 55 525 490 159 132 331 94
internal_count=909 887 362 166 55 525 490 159 132 331 94
cat_boundaries=0 2
cat_threshold=2164281195 1
is_linear=0
shrinkage=0.0353657


Tree=632
num_leaves=12
num_cat=1
split_feature=54 83 16 49 77 51 187 1 92 56 44
split_gain=0.00497358 0.00520801 0.0111192 0.00747585 0.00823208 0.00946077 0.0122068 0.00940671 0.0166128 0.012038 0.00887465
threshold=285.00000000000006 1.4133263366552959 2.2950000000000004 0.35909984553748847 1.3512471265729835 1.2708764133932038 15.000000000000002 0 33658.567267111277 50.500000000000007 137500.09215172668
decision_type=10 2 2 10 2 2 2 1 2 2 10
left_child=1 3 -3 4 5 7 -7 8 -1 -9 -8
right_child=-2 2 -4 -5 -6 6 10 9 -10 -11 -12
leaf_value=-1.9576739511928856e-05 -0.00038294829599472106 0.00081090633938650394 7.6081837010450782e-05 -0.00037079790576336776 -0.00035897787140524442 9.1154596951763129e-05 0.00033393435947114223 0.00032251190591496256 -0.00059728441219289452 -7.8004593423555718e-05 0.0010558700474171756
leaf_weight=261 13.999999999999998 17 37 39 40 81 13.999999999999998 175 56 145 30
leaf_count=261 14 17 37 39 40 81 14 175 56 145 30
internal_value=1.16178e-05 2.44557e-05 0.000303109 1.51692e-06 2.61794e-05 5.42277e-05 0.000311454 1.03541e-06 -0.00013008 0.000127701 0.000710971
internal_weight=909 895 54 841 802 762 125 637 317 320 44
internal_count=909 895 54 841 802 762 125 637 317 320 44
cat_boundaries=0 1
cat_threshold=2979188393
is_linear=0
shrinkage=0.0353657


Tree=633
num_leaves=12
num_cat=0
split_feature=54 80 33 219 285 93 43 51 44 49 167
split_gain=0.00477637 0.00494461 0.00502678 0.00700658 0.00588307 0.0166311 0.0158531 0.00663925 0.0144901 0.00947915 0.00916186
threshold=285.00000000000006 222908330.49710667 -1.99 20.500000000000004 2.5000000000000004 2690752.4688311694 233157.41275252527 1.702939500738806 198529.74750068816 0.35909984553748847 7.5000000000000009
decision_type=10 2 2 2 2 2 2 2 10 10 2
left_child=1 2 3 -1 5 6 -4 9 -9 -6 -10
right_child=-2 -3 4 -5 7 -7 -8 8 10 -11 -12
leaf_value=-0.00072096741938916455 -0.00037636423342469371 0.00038204096165942239 0.00036028007653747421 -0.00011759394375804178 -3.3521482611843945e-06 -4.0097529832067582e-05 0.0013193879094614855 0.00069403239975293944 -0.00055292934190299861 -0.0004724021099098267 0.00018567203188529224
leaf_weight=14.999999999999998 13.999999999999998 22 13.999999999999998 20 663 40 19 37 15.000000000000002 34 15.999999999999998
leaf_count=15 14 22 14 20 663 40 19 37 15 34 16
internal_value=1.03446e-05 2.29539e-05 7.78696e-06 -0.00030797 2.6615e-05 0.000288757 0.000767063 -2.96093e-07 0.000283097 -3.46224e-05 -7.52817e-05
internal_weight=909 895 873 35 838 73 33 765 68 697 31
internal_count=909 895 873 35 838 73 33 765 68 697 31
is_linear=0
shrinkage=0.0353657


Tree=634
num_leaves=12
num_cat=1
split_feature=54 83 79 90 47 21 72 1 36 84 68
split_gain=0.004593 0.00483873 0.00979393 0.00675529 0.0098351 0.0139414 0.0113256 0.0121714 0.0122574 0.0121628 0.00976946
threshold=285.00000000000006 1.4133263366552959 1.7089462055911753 1.2766451466904056 119280.92650375942 525278.34749068611 0.3133928571428572 0 419529.42495993787 0.20863454786839661 558774.40740740753
decision_type=10 2 2 10 10 8 2 1 8 8 2
left_child=1 3 -3 4 6 -6 7 9 -9 -1 -7
right_child=-2 2 -4 -5 5 10 -8 8 -10 -11 -12
leaf_value=-2.622192064042473e-05 -0.00036968115751488158 0.00065604064538907648 -1.0075697524488623e-05 0.00028307605305326821 -0.00098504525652973315 6.4226153163525677e-05 0.00060121918032461608 8.3154911260893238e-05 0.00071541888856449065 -0.00045498596457192026 -0.00058466467610387941
leaf_weight=239 13.999999999999998 30 24 72 13.999999999999998 48 14.999999999999998 313 19 100 21
leaf_count=239 14 30 24 72 14 48 15 313 19 100 21
internal_value=9.54509e-06 2.19367e-05 0.000290448 3.18731e-07 -2.95754e-05 -0.000349192 1.17877e-05 -9.29035e-06 0.000133404 -0.000152843 -0.000176514
internal_weight=909 895 54 841 769 83 686 671 332 339 69
internal_count=909 895 54 841 769 83 686 671 332 339 69
cat_boundaries=0 2
cat_threshold=2148425705 1
is_linear=0
shrinkage=0.0353657


Tree=635
num_leaves=12
num_cat=1
split_feature=54 80 51 67 9 61 61 25 1 93 36
split_gain=0.0044229 0.00467043 0.00466869 0.00588077 0.00514455 0.00984123 0.00764765 0.00526268 0.0143862 0.013784 0.0104869
threshold=285.00000000000006 222908330.49710667 2.0936378270122558 2.8900793650793655 1.0000000180025095e-35 12.480769230769232 48.763888888888893 762062.50000000012 0 2405032.4133333336 88029.804074594285
decision_type=10 2 2 2 2 8 10 10 1 2 10
left_child=1 2 4 -4 7 -6 -7 8 9 -1 -10
right_child=-2 -3 3 -5 5 6 -8 -9 10 -11 -12
leaf_value=0.00071025905486010071 -0.00036290381593856528 0.00037033487668511745 0.00070396347054732284 0.0001408086100841932 -0.0007624093232305501 0.00032607788721669527 -0.00032704534557283509 -0.00017221130181806581 4.3091273885499632e-05 0.00013771025943655729 -0.00030796009028317452
leaf_weight=53 13.999999999999998 22 15.000000000000002 14.999999999999998 17 17 23 130 321 156 126
leaf_count=53 14 22 15 15 17 17 23 130 321 156 126
internal_value=9.21312e-06 2.13979e-05 6.61935e-06 0.000327326 -8.05031e-06 -0.000279523 -6.61448e-05 1.37753e-05 5.56481e-05 0.000278812 -5.32216e-05
internal_weight=909 895 873 30 843 57 40 786 656 209 447
internal_count=909 895 873 30 843 57 40 786 656 209 447
cat_boundaries=0 2
cat_threshold=235008024 1
is_linear=0
shrinkage=0.0353657


Tree=636
num_leaves=12
num_cat=0
split_feature=251 21 63 253 60 60 49 66 79 212 21
split_gain=0.0050108 0.0118004 0.00806398 0.0060783 0.00611234 0.020636 0.0112078 0.0125237 0.0110304 0.00910744 0.0125758
threshold=57451341.431268685 719361.39595543349 20.74234213721919 0.10526711384895956 2.6181818181818186 3.3078947368421057 -0.30655457263077279 2.6787096774193553 -1.0046439876924671 0.065744591129563254 431027.19047619059
decision_type=2 8 2 2 2 2 8 10 2 2 10
left_child=1 -1 -3 4 8 -6 7 -7 -2 10 -8
right_child=3 2 -4 -5 5 6 9 -9 -10 -11 -12
leaf_value=0.0001584798338157178 0.00030698524553784447 -0.00022538582494945706 -0.00085379470717282535 0.00037228018496919258 0.00078922885399983862 -0.0010541857838059401 0.00032408138132650611 -0.00020373354928218145 -0.0002909068356574058 -0.00044153380934329971 -3.0695283562783731e-05
leaf_weight=29 22 37 29 31 20 14.000000000000002 155 17 162 21 368
leaf_count=29 22 37 29 31 20 14 155 17 162 21 368
internal_value=-1.67281e-05 -0.00023344 -0.000490394 1.00741e-05 -7.81149e-06 4.43334e-05 2.2487e-06 -0.000483056 -0.000176484 4.13805e-05 7.47147e-05
internal_weight=905 95 66 810 779 595 575 31 184 544 523
internal_count=905 95 66 810 779 595 575 31 184 544 523
is_linear=0
shrinkage=0.0353657


Tree=637
num_leaves=12
num_cat=1
split_feature=79 76 64 51 294 74 62 62 19 82 1
split_gain=0.00480573 0.0127988 0.0135428 0.0123544 0.00960638 0.0095527 0.0085169 0.0132297 0.0124444 0.00966563 0.0114629
threshold=0.97881203697815933 29.500000000000004 2.8480769230769236 1.2708764133932038 12.154654714793798 0.15192307692307691 54.980000000000011 42.904223227752645 864024.84722222236 -348074.79443541478 0
decision_type=2 8 2 2 10 8 10 10 10 2 1
left_child=3 2 -2 6 -5 -4 7 9 -8 -1 -11
right_child=1 -3 5 4 -6 -7 8 -9 -10 10 -12
leaf_value=-0.00057197332545740336 -0.00032643602462757791 -0.00080108728150973536 7.1113193597326533e-05 0.00017584710774487856 0.00077052000441504094 0.00075360875470208643 -0.00094729361827353858 0.00055099681090804405 -0.00015034739339250548 -0.00020538627149916557 0.00010565715301976061
leaf_weight=17 85 13.999999999999998 36 92 27 18 18 26 23 207 342
leaf_count=17 85 14 36 92 27 18 18 26 23 207 342
internal_value=-1.55515e-05 -0.000183785 -8.17815e-05 1.92381e-05 0.000321308 0.000277579 -3.96832e-05 -4.43561e-06 -0.000429228 -4.26861e-05 -1.36171e-05
internal_weight=905 153 139 752 119 54 633 592 41 566 549
internal_count=905 153 139 752 119 54 633 592 41 566 549
cat_boundaries=0 1
cat_threshold=321933744
is_linear=0
shrinkage=0.0353657


Tree=638
num_leaves=12
num_cat=0
split_feature=84 84 58 65 64 87 114 71 95 62 90
split_gain=0.00467882 0.0167102 0.0201196 0.00955291 0.0119256 0.0105605 0.0114098 0.00722957 0.0112468 0.00957408 0.0110112
threshold=0.14383344039545179 0.15849658667617664 28.500000000000004 1.9045454545454545 2.021276595744681 412054.01666666678 8.5000000000000018 420156.44444444455 -745989.1126661849 17.921740266527308 1.029884813157067
decision_type=10 10 8 10 2 2 2 2 2 10 10
left_child=-1 2 -2 4 -3 6 -5 9 -9 10 -7
right_child=1 3 -4 5 -6 7 -8 8 -10 -11 -12
leaf_value=-0.00012512947013007726 0.00015989153182049471 9.9145143533552896e-05 0.0011328503016590692 -0.00084941529798882747 0.00084894714119520783 0.0001998044777932781 -0.00018860449927661022 0.00030002577272214955 -0.00024962474657202972 0.00054438683746595455 -0.00040247377960163822
leaf_weight=303 25 32 25 20 21 99 116 37 151 47 29
leaf_count=303 25 32 25 20 21 99 116 37 151 47 29
internal_value=-1.52333e-05 3.91752e-05 0.000545893 -1.34679e-05 0.000355013 -6.42774e-05 -0.000310437 2.80702e-05 -0.00010829 0.000186578 4.04159e-05
internal_weight=905 602 50 552 53 499 136 363 188 175 128
internal_count=905 602 50 552 53 499 136 363 188 175 128
is_linear=0
shrinkage=0.0353657


Tree=639
num_leaves=12
num_cat=1
split_feature=82 82 82 69 78 79 83 94 1 201 36
split_gain=0.00463609 0.00775138 0.00727282 0.00574195 0.00896666 0.0132178 0.0129426 0.0121338 0.00673066 0.00491316 0.00461296
threshold=-386029.63765281782 -301890.12533286435 -210302.40188555056 827794.40111614938 1.3415350923211478 1.4705452784113524 1.3586026629948342 848702.65611893882 0 3.5000000000000004 105076.72251082354
decision_type=2 2 2 10 2 2 2 2 1 2 10
left_child=-1 -2 9 4 6 10 8 -7 -4 -3 -6
right_child=1 2 3 -5 5 7 -8 -9 -10 -11 -12
leaf_value=-0.00039754948290288779 0.00043582545936250488 -0.00014946537943085942 -0.00011355007423381709 0.00034115348248389872 -0.00051114913913299638 0.00034498694974740527 0.00059895784699859887 -0.00036970932296688253 0.00010157732193305214 -0.00062642864240669885 -0.0011143125238674144
leaf_weight=13.999999999999998 24 13.999999999999998 316 35 20 32 23 37 341 32 17
leaf_count=14 24 14 316 35 20 32 23 37 341 32 17
internal_value=-1.4594e-05 -2.03854e-06 -2.13871e-05 1.2814e-06 -1.70003e-05 -0.000290296 2.76254e-05 -5.00295e-05 7.97952e-08 -0.000370096 -0.000729846
internal_weight=905 891 867 821 786 106 680 69 657 46 37
internal_count=905 891 867 821 786 106 680 69 657 46 37
cat_boundaries=0 1
cat_threshold=2200180709
is_linear=0
shrinkage=0.0353657


Tree=640
num_leaves=12
num_cat=1
split_feature=251 21 63 1 76 49 79 17 43 27 76
split_gain=0.00452776 0.011083 0.00762581 0.00599047 0.0104494 0.0103048 0.0143877 0.0158063 0.0131276 0.0107825 0.0106216
threshold=57451341.431268685 719361.39595543349 20.74234213721919 0 -25.499999999999996 0.10131815456830473 0.14543830802831217 406317.09375000006 587657.38828206214 336956.13888888893 -15.499999999999998
decision_type=2 8 2 1 10 10 2 10 2 10 10
left_child=1 -1 -3 4 -2 10 7 -7 -9 -8 -5
right_child=3 2 -4 5 -6 6 9 8 -10 -11 -12
leaf_value=0.00016009128013975927 0.00061272475848844125 -0.00021026869365320193 -0.00082176716139735972 -0.00047647009957073636 6.8556157841418347e-05 0.00011802666560779333 -0.0003944860663630651 0.0014421768060404886 0.00054000001344230836 0.00021436385977609358 -5.8941957368269876e-05
leaf_weight=29 32 37 29 75 193 38 52 18 25 42 335
leaf_count=29 32 37 29 75 193 38 52 18 25 42 335
internal_value=-1.36336e-05 -0.000219759 -0.000468665 1.17861e-05 0.000156449 -4.50877e-05 0.000162605 0.000479735 0.000888027 -7.99897e-05 -0.000142915
internal_weight=905 95 66 810 225 585 175 81 43 94 410
internal_count=905 95 66 810 225 585 175 81 43 94 410
cat_boundaries=0 1
cat_threshold=43069856
is_linear=0
shrinkage=0.0353657


Tree=641
num_leaves=12
num_cat=0
split_feature=56 152 25 52 18 93 97 57 51 51 94
split_gain=0.00457234 0.00504542 0.00938703 0.00861483 0.0124878 0.00678489 0.00632418 0.0108185 0.00816985 0.00678773 0.0123954
threshold=197.50000000000003 0.10479895634291146 218182.10000000003 8.5000000000000018 1.6550000000000002 2153011.3259803928 4.5000000000000009 31.500000000000004 0.70312612855486145 0.83193653958857028 -289536.17401622998
decision_type=2 2 8 2 10 2 2 10 2 2 2
left_child=1 2 -1 4 -4 -6 7 -5 -9 10 -8
right_child=-2 -3 3 6 5 -7 9 8 -10 -11 -12
leaf_value=0.00044684877369220732 0.00036510246392182713 -0.00039237454537250374 -0.00083700640215341804 4.7822250364825257e-05 0.00022718374535245762 -0.00040445796582608951 -9.8237231152833763e-06 0.00036966263485039706 0.0011684660615211863 2.0177678994201054e-05 -0.00055063514736923764
leaf_weight=29 13.999999999999998 21 26 54 24 13.999999999999998 89 14.000000000000002 13.999999999999998 539 67
leaf_count=29 14 21 26 54 24 14 89 14 14 539 67
internal_value=-1.29623e-05 -2.53749e-05 -1.0261e-05 -3.36609e-05 -0.000368453 -9.06485e-05 -5.28731e-07 0.000256088 0.000690414 -3.54177e-05 -0.000227345
internal_weight=905 891 870 841 64 38 777 82 28 695 156
internal_count=905 891 870 841 64 38 777 82 28 695 156
is_linear=0
shrinkage=0.0353657


Tree=642
num_leaves=12
num_cat=0
split_feature=92 70 49 49 70 16 76 63 36 4 92
split_gain=0.00485444 0.00762913 0.00552013 0.0126858 0.0128394 0.0106695 0.00855341 0.0118432 0.0129367 0.00859152 0.00785966
threshold=229123.98026513986 641345.34375000012 0.031342966626756931 -0.026805156453216499 277607.61111111118 2.4400000000000004 2.5000000000000004 51.439402958152961 36497.713508525958 228.00000000000003 5232.0658704382959
decision_type=2 10 10 10 8 2 8 2 10 2 2
left_child=1 2 3 6 -5 -6 7 8 -1 -8 -4
right_child=-2 -3 10 4 5 -7 9 -9 -10 -11 -12
leaf_value=0.00047776144331431402 0.00024624533297946813 -0.00038368143796901991 0.00022652329555531016 -9.4780867082674867e-06 -0.0010794116170504105 -0.00039008984002572605 -0.00030545897561933173 0.00066946614012705782 -0.00010771720675893673 0.00025195753951671724 -8.659689537727064e-05
leaf_weight=43 61 48 216 41 26 56 115 27 125 19 140
leaf_count=43 61 48 216 41 26 56 115 27 125 19 140
internal_value=-8.87714e-06 -3.18603e-05 -4.80327e-06 -8.56942e-05 -0.00036753 -0.000620149 1.95338e-05 0.00016731 6.09625e-05 -0.000172484 9.47314e-05
internal_weight=917 856 808 452 123 82 329 195 168 134 356
internal_count=917 856 808 452 123 82 329 195 168 134 356
is_linear=0
shrinkage=0.0353657


Tree=643
num_leaves=12
num_cat=1
split_feature=92 48 15 22 47 61 56 1 167 21 53
split_gain=0.00455758 0.00720205 0.00632245 0.00754735 0.00581646 0.00918544 0.00721053 0.00576541 0.00998048 0.0116137 0.00975067
threshold=229123.98026513986 244401.13544973542 1235423.979166667 2.4400000000000004 221520.63392857139 20.226190476190478 162.50000000000003 0 3.5000000000000004 653067.04545454553 44.500000000000007
decision_type=2 10 2 8 10 10 2 1 2 8 8
left_child=2 -2 4 -4 6 -6 7 -1 10 -10 -9
right_child=1 -3 3 -5 5 -7 -8 8 9 -11 -12
leaf_value=-0.00015430699562970167 0.00061864355632816799 5.7692513575299695e-05 -0.00075266923313139025 -0.00011113877520965116 2.6765194762739714e-05 0.00070060801441059633 0.00040862183701157449 1.0658515243248439e-05 0.00059446918407832477 5.7318183217690994e-05 -0.00043567103938849951
leaf_weight=334 22 39 20 27 20 24 20 163 53 133 62
leaf_count=334 22 39 20 27 20 24 20 163 53 133 62
internal_value=-8.02579e-06 0.000239152 -3.03374e-05 -0.000353144 -5.82973e-06 0.000308676 -2.98416e-05 -5.06186e-05 3.35754e-05 0.000218913 -0.000110204
internal_weight=917 61 856 47 809 44 765 745 411 186 225
internal_count=917 61 856 47 809 44 765 745 411 186 225
cat_boundaries=0 1
cat_threshold=4012589130
is_linear=0
shrinkage=0.0353657


Tree=644
num_leaves=12
num_cat=0
split_feature=18 190 70 19 50 55 47 11 76 67 201
split_gain=0.0042989 0.00651116 0.004504 0.0126479 0.0143673 0.0139914 0.0162855 0.0143809 0.0109296 0.0106611 0.0101445
threshold=5.3750000000000009 0.16205030013787555 360356.25000000006 406317.09375000006 525366.63220937061 27.500000000000004 45557.885849452818 1.0000000180025095e-35 45.500000000000007 2.3079549649317097 3.5000000000000004
decision_type=10 2 8 8 2 2 8 2 8 2 2
left_child=1 2 -1 9 5 7 -7 -5 -6 -4 -10
right_child=-2 -3 3 4 8 6 -8 -9 10 -11 -12
leaf_value=0.00010145475152015597 0.00035003087024923924 -0.00044613375144726523 -0.00011941041700286529 -0.00051513412173344558 -2.9768902430158592e-05 0.00041858976868545901 0.0013521565639319888 0.00039574028079776249 -0.0010967084735237383 -0.0007623554199622407 -0.00025813022869537603
leaf_weight=302 15.999999999999998 19 47 21 365 45 13.999999999999998 15.999999999999998 14.000000000000002 43 14.999999999999998
leaf_count=302 16 19 47 21 365 45 14 16 14 43 15
internal_value=-7.47219e-06 -1.99373e-05 -3.76945e-06 -6.13567e-05 4.49802e-06 0.000353496 0.000679212 -4.72439e-06 -8.35483e-05 -0.000403468 -0.000570396
internal_weight=917 901 882 580 490 96 59 37 394 90 29
internal_count=917 901 882 580 490 96 59 37 394 90 29
is_linear=0
shrinkage=0.0353657


Tree=645
num_leaves=12
num_cat=0
split_feature=92 70 72 18 40 54 84 134 40 47 47
split_gain=0.00425122 0.00698542 0.00814455 0.00593644 0.00535423 0.00522538 0.00854345 0.0136152 0.00872529 0.00842827 0.011757
threshold=229123.98026513986 641345.34375000012 0.37171052631578955 2.7950000000000004 331227.86688130687 93.500000000000014 0.15724256205728951 7.9083333333333341 23925.711813117825 -186668.69747217064 -20975.147530864222
decision_type=2 10 2 10 10 8 10 2 10 8 8
left_child=1 2 4 -3 5 6 8 -8 -1 -7 -11
right_child=-2 3 -4 -5 -6 9 7 -9 -10 10 -12
leaf_value=0.00015600234419034528 0.00023151522155020918 -0.00065645063177654822 0.00048976002419276877 -0.00013718330262623414 -0.00040278969494242887 -0.00050422593734597251 -4.5647462173758708e-05 0.00048629841100440583 -0.00039672255022033795 0.00024546274173523498 -0.00013426221178810209
leaf_weight=37 61 30 15.999999999999998 18 20 29 77 110 54 114 351
leaf_count=37 61 30 16 18 20 29 77 110 54 114 351
internal_value=-7.18522e-06 -2.87804e-05 -2.82482e-06 -0.000365355 -2.13481e-05 -4.31393e-06 0.000111807 0.000247975 -0.000124937 -7.29217e-05 -3.47192e-05
internal_weight=917 856 808 48 792 772 278 187 91 494 465
internal_count=917 856 808 48 792 772 278 187 91 494 465
is_linear=0
shrinkage=0.0353657


Tree=646
num_leaves=12
num_cat=0
split_feature=92 70 72 47 293 47 68 39 44 64 36
split_gain=0.00400524 0.00648493 0.00782616 0.00513031 0.00511529 0.00815307 0.00838749 0.00832639 0.0116121 0.00820108 0.00765527
threshold=229123.98026513986 641345.34375000012 0.37171052631578955 34835.316638995697 12.710564625369662 167215.84047619044 550739.80882352951 807035.20215548354 159068.1702074674 3.4900000000000007 114354.17849158256
decision_type=2 10 2 10 10 10 2 2 10 2 8
left_child=1 2 4 -3 5 6 9 8 -7 -1 -8
right_child=-2 3 -4 -5 -6 7 10 -9 -10 -11 -12
leaf_value=-4.4522852417400844e-05 0.00022476086715664503 -0.00012695082566471048 0.00048000125902794745 -0.00065165377678874843 -0.00039387034986477799 0.00052195760220404995 -0.00015324370178318407 0.0006499855472152467 -0.00028386003009561169 0.00033644242159774435 -0.00077910143562119822
leaf_weight=581 61 22 15.999999999999998 26 20 13.999999999999998 37 33 29 55 23
leaf_count=581 61 22 16 26 20 14 37 33 29 55 23
internal_value=-6.8883e-06 -2.78874e-05 -2.82605e-06 -0.000352195 -2.10186e-05 -4.33402e-06 -4.32644e-05 0.000296035 6.62585e-05 -4.52692e-06 -0.000379833
internal_weight=917 856 808 48 792 772 696 76 43 636 60
internal_count=917 856 808 48 792 772 696 76 43 636 60
is_linear=0
shrinkage=0.0353657


Tree=647
num_leaves=12
num_cat=0
split_feature=18 190 61 65 49 16 213 15 49 18 164
split_gain=0.00409699 0.00612404 0.00433584 0.00959951 0.0164085 0.0163723 0.0090198 0.0131895 0.00745704 0.0072434 0.00657382
threshold=5.3750000000000009 0.16205030013787555 0.77500000000000013 2.1523947750362846 0.045504638128786155 2.2950000000000004 9.1500000000000004 286772.75000000006 -0.049873314237067569 3.7750000000000004 9.120370370370372
decision_type=10 2 8 8 10 2 2 2 10 10 2
left_child=1 2 -1 4 5 8 7 -5 -4 -9 -7
right_child=-2 -3 3 6 -6 10 -8 9 -10 -11 -12
leaf_value=0.00021399042647064006 0.00034280925303682198 -0.0004317302785027666 -0.00081610151315809041 0.00065978217004169083 7.9807661632932066e-05 -0.00046612638967195722 -0.00044363151659531117 -1.0467140363604283e-05 -0.0016050880707198895 0.00038603791203381868 0.00012389777871354594
leaf_weight=79 15.999999999999998 19 16.000000000000004 18 46 24 25 605 14.999999999999998 38 15.999999999999998
leaf_count=79 16 19 16 18 46 24 25 605 15 38 16
internal_value=-6.24614e-06 -1.84486e-05 -2.7305e-06 -2.82959e-05 -0.000298016 -0.000617464 1.94591e-05 4.78884e-05 -0.00111505 1.81637e-05 -0.000257411
internal_weight=917 901 882 803 117 71 686 661 31 643 40
internal_count=917 901 882 803 117 71 686 661 31 643 40
is_linear=0
shrinkage=0.0353657


Tree=648
num_leaves=12
num_cat=0
split_feature=84 44 84 94 62 94 95 71 36 87 31
split_gain=0.00395995 0.0132293 0.0127011 0.0107609 0.00955565 0.00951926 0.00698343 0.0107798 0.0103541 0.0108647 0.0104207
threshold=0.074187581668001309 23726.806431924979 0.092468617891618268 -317353.93382262473 0.96153846153846179 -1.8490313583152637e-10 -7.5304629396831851e-11 374859.4646505827 34433.431118332424 527426.95833333337 2.0350000000000006
decision_type=10 10 10 2 10 2 2 2 10 2 2
left_child=1 -1 5 -3 -5 -2 7 8 -4 -10 -11
right_child=2 3 6 4 -6 -7 -8 -9 9 10 -12
leaf_value=-4.0129548465666257e-05 -0.00022776894173123091 0.0001692138384886468 0.00084979613630845909 0.00129283233946245 0.00048173776313880685 -0.00097502953353511472 -9.1823106361969516e-05 -3.1656730065468159e-05 -0.00010955843500554551 0.00099452201106655031 0.00027501500622709017
leaf_weight=97 15.999999999999998 17 21 21 17 20 372 192 47 13.999999999999998 63
leaf_count=97 16 17 21 21 17 20 372 192 47 14 63
internal_value=8.59023e-06 0.000161978 -2.30764e-05 0.000536537 0.000867416 -0.000521676 8.1223e-06 0.000122715 0.00034004 0.000225937 0.000446812
internal_weight=897 152 745 55 38 36 709 337 145 124 77
internal_count=897 152 745 55 38 36 709 337 145 124 77
is_linear=0
shrinkage=0.0353657


Tree=649
num_leaves=12
num_cat=1
split_feature=1 76 47 83 62 51 97 70 62 64 22
split_gain=0.0044401 0.0140768 0.0140305 0.013938 0.0115515 0.0200186 0.0103715 0.00949271 0.0127336 0.0122823 0.0118167
threshold=0 -1.0000000180025095e-35 -190965.61198360455 0.72922799118554771 26.382850241545899 0.99999999996873556 10.500000000000002 165428.22142857147 0.96153846153846179 3.6220238095238098 2.3400000000000003
decision_type=1 8 10 2 8 2 2 8 10 2 8
left_child=7 2 -2 -4 -3 -6 -7 8 -1 -9 -11
right_child=1 4 3 -5 5 6 -8 9 -10 10 -12
leaf_value=4.0786724215910825e-05 -0.00041147417758039673 5.799842553479237e-05 0.00086142553125500524 0.00014531002651626876 -0.00090872653249937381 0.00026557234592769745 -0.00032544045436206748 0.00021988728982844899 -0.00073743947001408288 1.8701614173564917e-05 -0.00074420165304984098
leaf_weight=24 24 71 18 163 49 26 94 356 26 22 24
leaf_count=24 24 71 18 163 49 26 94 356 26 22 24
internal_value=8.00326e-06 -6.70419e-05 0.000129115 0.000249809 -0.000247308 -0.000406791 -0.000179646 8.42021e-05 -0.00028161 0.000146622 -0.00028119
internal_weight=897 445 205 181 240 169 120 452 50 402 46
internal_count=897 445 205 181 240 169 120 452 50 402 46
cat_boundaries=0 1
cat_threshold=131656876
is_linear=0
shrinkage=0.0353657


Tree=650
num_leaves=12
num_cat=0
split_feature=95 4 90 57 219 69 79 58 24 20 273
split_gain=0.00383927 0.0112609 0.0123816 0.0122576 0.0139247 0.013392 0.0121054 0.0107065 0.0141937 0.00947943 0.00908685
threshold=-109216.51967930039 30.500000000000004 1.0870722545214913 53.500000000000007 18.000000000000004 252029.42701863358 -0.84106020360466349 33.500000000000007 2.0350000000000006 2.1250000000000004 1.5000000000000002
decision_type=2 2 10 10 2 10 2 10 10 10 2
left_child=1 -1 3 4 10 -5 -6 8 -4 -8 -3
right_child=-2 2 7 5 6 -7 9 -9 -10 -11 -12
leaf_value=0.00056646082400022989 -5.0622384089315248e-05 -0.00027366212148306833 0.00025172332715799772 0.0008217396846058523 0.00052796970344456864 1.1271396615317116e-05 -0.00050664771400443678 6.9347572407995418e-05 0.0010797331435785768 6.2819056902085795e-05 -0.00090515319157020806
leaf_weight=33 528 42 20 21 20 25 36 47 30 58 37
leaf_count=33 528 42 20 21 20 25 36 47 30 58 37
internal_value=7.69354e-06 9.35525e-05 3.14458e-05 -9.75943e-05 -0.000226019 0.000305589 -1.57959e-05 0.000332207 0.000657744 -0.000145294 -0.000547653
internal_weight=897 369 336 239 193 46 114 97 50 94 79
internal_count=897 369 336 239 193 46 114 97 50 94 79
is_linear=0
shrinkage=0.0353657


Tree=651
num_leaves=12
num_cat=1
split_feature=1 49 82 124 48 62 94 77 61 89 180
split_gain=0.00415403 0.0107668 0.0125633 0.0112029 0.00893195 0.00856386 0.00718154 0.00634815 0.00630913 0.00713503 0.0135448
threshold=0 0.068218195676578539 -3085.0289059454803 0.033486800596155705 -22210.675510204132 63.137931034482769 -2.1537597917540194e-10 0.91583051249603353 97.058510638297903 -1.0000000180025095e-35 1.5000000000000002
decision_type=1 10 2 2 10 10 2 2 10 8 2
left_child=1 2 7 4 -4 6 -3 -1 9 10 -2
right_child=8 5 3 -5 -6 -7 -8 -9 -10 -11 -12
leaf_value=0.00018568594156947134 -9.84511216519732e-05 -8.9565673582037126e-05 0.0013516501278887491 0.00025730851204245155 0.00055145411520208859 0.00026629455048283405 -0.00065682486881171937 -0.00032172216289669134 -0.00048317526979923419 -6.0944789684064557e-05 0.00063056832233759159
leaf_weight=58 31 35 25 35 13.999999999999998 15.999999999999998 32 23 13.999999999999998 571 43
leaf_count=58 31 35 25 35 14 16 32 23 14 571 43
internal_value=7.6475e-06 0.000126171 0.000301896 0.000602163 0.000968633 -0.000139978 -0.000342382 4.0079e-05 -3.61407e-05 -1.77019e-05 0.000262668
internal_weight=897 238 155 74 39 83 67 81 659 645 74
internal_count=897 238 155 74 39 83 67 81 659 645 74
cat_boundaries=0 1
cat_threshold=9480356
is_linear=0
shrinkage=0.0353657


Tree=652
num_leaves=12
num_cat=1
split_feature=1 84 124 293 51 60 56 34 22 25 64
split_gain=0.00392449 0.0100297 0.0112702 0.0098989 0.0129891 0.011024 0.0100518 0.00878299 0.00971082 0.00668464 0.00909663
threshold=0 0.049286854569458506 0.0079791692771560025 10.624545098994874 1.0513575856133006 25.430555555555561 16.500000000000004 2.2050000000000005 2.7950000000000004 187561.27211538461 2.3735465116279078
decision_type=1 10 2 10 2 2 2 2 10 8 2
left_child=1 2 -1 4 -3 -5 7 8 -7 -2 -11
right_child=9 3 -4 5 -6 6 -8 -9 -10 10 -12
leaf_value=0.001036124682471506 0.00040202600714431833 -0.00081168410957472973 0.00024853575400211197 0.00034466826852103864 9.9401673317369554e-06 0.00088021995158651836 -0.00039660618792983703 -9.0351542381708315e-05 0.00016415483448849202 -0.0002814985901171969 1.436142965362623e-05
leaf_weight=18 13.999999999999998 25 13.999999999999998 124 17 21 55 53 14.999999999999998 162 379
leaf_count=18 14 25 14 124 17 21 55 53 15 162 379
internal_value=6.99721e-06 9.74782e-05 0.00054965 3.79884e-05 -0.000358096 0.000116597 -6.8195e-05 0.000115344 0.000465778 -4.82487e-05 -7.40883e-05
internal_weight=897 342 32 310 42 268 144 89 36 555 541
internal_count=897 342 32 310 42 268 144 89 36 555 541
cat_boundaries=0 1
cat_threshold=110144684
is_linear=0
shrinkage=0.0353657


Tree=653
num_leaves=12
num_cat=1
split_feature=63 61 60 51 81 38 56 1 83 62 18
split_gain=0.00382671 0.00858724 0.00717955 0.0085564 0.0117122 0.0122132 0.0110689 0.00797571 0.0162877 0.0153597 0.0165482
threshold=98.224187134116207 97.058510638297903 87.48238482384825 1.4154786483280148 1.0046322386422526 634635.00000000012 30.500000000000004 0 0.98403561409844353 0.84523809523809534 2.7950000000000004
decision_type=2 10 2 2 2 2 2 1 2 10 8
left_child=1 2 3 7 -5 -6 -7 8 -1 -9 -11
right_child=-2 -3 -4 4 5 6 -8 9 -10 10 -12
leaf_value=6.4894172773099598e-05 0.00034161096786702725 -0.00052441458602479538 -0.00038386245175900098 0.00085247608457889111 -9.5948007994355622e-05 0.00076354310619260895 6.9245568407704631e-05 0.00031865394449499915 -0.00039907137100160083 -0.00032923759815474483 0.00029650686823159083
leaf_weight=172 17 13.999999999999998 30 13.999999999999998 77 45 18 175 151 130 54
leaf_count=172 17 14 30 14 77 45 18 175 151 130 54
internal_value=6.81747e-06 -2.83086e-06 1.13055e-05 3.2714e-05 0.000254382 0.000160723 0.000465997 -1.82471e-05 -0.000140973 8.89895e-05 -0.000112384
internal_weight=897 880 866 836 154 140 63 682 323 359 184
internal_count=897 880 866 836 154 140 63 682 323 359 184
cat_boundaries=0 1
cat_threshold=1651938241
is_linear=0
shrinkage=0.0353657


Tree=654
num_leaves=12
num_cat=0
split_feature=5 48 62 56 21 38 34 5 97 189 23
split_gain=0.0060341 0.0121663 0.00811037 0.00641038 0.0123544 0.00935765 0.0106213 0.00889697 0.010489 0.00997385 0.00987772
threshold=3.5150000000000001 -233060.66611219654 45.596622889305827 11.500000000000002 399344.45059523819 634635.00000000012 2.6300000000000003 1.6550000000000002 49.500000000000007 0.054461247686476609 322375.21081859322
decision_type=2 10 10 2 8 2 2 2 2 2 8
left_child=3 -2 -3 4 -1 -6 -7 9 10 -5 -9
right_child=1 2 -4 7 5 6 -8 8 -10 -11 -12
leaf_value=0.00066698270943331927 0.00013333063301849179 -0.0010772845966752803 -0.00032253920027380936 -0.00013448615220603392 -0.00025105800997544356 3.668876190681864e-05 0.00062727419077567351 0.00038031807782806288 0.00047130983326080947 -0.00077203352446397939 -6.0005818836915671e-05
leaf_weight=35 13.999999999999998 18 17 74 50 69 37 48 38 23 476
leaf_count=35 14 18 17 74 50 69 37 48 38 23 476
internal_value=5.32018e-06 -0.00030383 -0.000654189 2.87599e-05 0.000199323 7.29283e-05 0.000240852 -2.0643e-05 2.96037e-05 -0.000301329 -8.43905e-06
internal_weight=899 49 35 850 191 156 106 659 562 97 524
internal_count=899 49 35 850 191 156 106 659 562 97 524
is_linear=0
shrinkage=0.0353657


Tree=655
num_leaves=12
num_cat=1
split_feature=54 55 48 64 73 42 26 1 76 47 61
split_gain=0.00426339 0.00750059 0.00388986 0.00373133 0.00705533 0.00927567 0.0106812 0.00548845 0.0284825 0.012411 0.0105352
threshold=252.00000000000003 259.00000000000006 80785.076075471021 3.6306818181818183 0.10620300751879695 571479.81727060711 2.9300000000000002 0 12.500000000000002 -336865.857568743 3.3725490196078431
decision_type=10 2 8 2 10 2 8 1 8 10 10
left_child=1 3 -2 7 5 6 -5 8 10 -9 -1
right_child=2 -3 -4 4 -6 -7 -8 9 -10 -11 -12
leaf_value=-0.00045633336625873629 -0.00061377461343035814 0.00046340475469868625 -0.00012932902160174328 -0.00045792894144562797 0.00014003119926003318 -0.00077127094123649598 0.00029769913148518945 -0.00060974125016901258 0.00064925282630208297 -5.6670471630813213e-06 4.8666559216900425e-05
leaf_weight=38 14.999999999999998 22 16.000000000000004 22 24 26 21 23 79 372 241
leaf_count=38 15 22 16 22 24 26 21 23 79 372 241
internal_value=5.5791e-06 2.18561e-05 -0.000296212 2.96052e-06 -0.000183457 -0.000371652 -0.00011453 2.99356e-05 0.000126348 -5.56259e-05 -2.48819e-05
internal_weight=899 868 31 846 93 69 43 753 358 395 279
internal_count=899 868 31 846 93 69 43 753 358 395 279
cat_boundaries=0 1
cat_threshold=2544951437
is_linear=0
shrinkage=0.0353657


Tree=656
num_leaves=12
num_cat=0
split_feature=60 21 242 65 72 102 67 37 19 69 56
split_gain=0.00479716 0.0113384 0.0178814 0.013249 0.0100107 0.0107489 0.00922298 0.0106138 0.014023 0.00962008 0.00874691
threshold=17.237037037037037 428927.84905660379 0.071279143987450666 2.9270557029177726 0.088760504201680621 32.500000000000007 2.2894841269841275 386790.75757575763 303998.27982026146 171407.66577380957 22.500000000000004
decision_type=2 8 2 8 2 2 2 2 10 10 2
left_child=6 4 -3 -4 5 -2 7 8 -1 -9 -8
right_child=1 2 3 -5 -6 -7 10 9 -10 -11 -12
leaf_value=0.00010537466442504157 0.0010993625529214302 9.5490279010652549e-05 -0.0002387925110614785 -0.0011254954431670985 6.2743323306311863e-05 0.0003305949231972744 -0.00045876448184458887 0.00083378221010078663 -0.00063130724820327706 0.00017639113351784638 -6.8473054876549803e-05
leaf_weight=92 28 331 27 15.999999999999998 20 26 87 31 18 21 202
leaf_count=92 28 331 27 16 20 26 87 31 18 21 202
internal_value=5.26633e-06 8.6292e-05 7.94306e-06 -0.000530011 0.000434048 0.00069873 -7.25747e-05 0.000120071 -3.71537e-05 0.000475129 -0.000191338
internal_weight=899 448 374 43 74 54 451 162 110 52 289
internal_count=899 448 374 43 74 54 451 162 110 52 289
is_linear=0
shrinkage=0.0353657


Tree=657
num_leaves=12
num_cat=0
split_feature=51 55 93 48 209 44 65 70 19 95 34
split_gain=0.00456671 0.00906163 0.00482212 0.0134421 0.00534121 0.00788285 0.0127893 0.00831369 0.0108451 0.0108974 0.00771993
threshold=0.5280300382176949 27.166666666666668 719273.84354838717 -286931.04672619037 0.061288523874654957 134847.74750488155 3.1309931506849318 165428.22142857147 466918.11885964911 -224397.1347222224 0.89500000000000013
decision_type=2 2 2 10 2 8 10 8 8 2 2
left_child=1 -1 3 -2 10 6 -6 -7 -9 -10 -4
right_child=2 -3 4 -5 5 7 -8 8 9 -11 -12
leaf_value=-0.00074390819831579808 0.00012307621626330879 -7.817782518321525e-05 0.00040304219592673306 -0.0006635678716950163 0.00020274951976747085 -0.00045154344229482853 0.00092302933300961729 0.00054166874216411297 0.0002303625453694964 -0.00025571072545839678 -6.2480704492607261e-05
leaf_weight=14.999999999999998 25 30 24 30 76 13.999999999999998 23 34 93 88 447
leaf_count=15 25 30 24 30 76 14 23 34 93 88 447
internal_value=4.40392e-06 -0.000272635 2.41808e-05 -0.00023861 4.78311e-05 0.00015435 0.000394603 4.38444e-05 0.000100751 4.98997e-06 -2.40206e-05
internal_weight=899 45 854 55 799 328 99 229 215 181 471
internal_count=899 45 854 55 799 328 99 229 215 181 471
is_linear=0
shrinkage=0.0353657


Tree=658
num_leaves=12
num_cat=1
split_feature=51 126 1 76 29 93 50 76 36 50 42
split_gain=0.00429918 0.00708126 0.00453971 0.0122885 0.00805005 0.00768201 0.010155 0.00897503 0.00876205 0.00798156 0.0149365
threshold=0.5280300382176949 1.0000000180025095e-35 0 12.500000000000002 437254.78665816336 6680935.5431818189 701402.18279744836 15.500000000000002 109717.96294775537 712545.83333333349 667242.50000000012
decision_type=2 2 1 8 2 2 2 10 10 2 2
left_child=1 -1 3 -2 -5 9 -7 8 -8 -4 -11
right_child=2 -3 5 4 -6 6 7 -9 -10 10 -12
leaf_value=-0.00060176221086744649 2.9495127450060611e-05 -1.5672037697720852e-05 -6.73601587915164e-05 0.0010602595311803272 0.00036038976657434509 0.00013028772363194802 5.4350309444350896e-06 -0.00094857045307694893 -0.00064064467340700323 0.00052925160963437283 -3.4235255071014359e-05
leaf_weight=25 182 20 354 14.999999999999998 32 19 31 21 20 81 99
leaf_count=25 182 20 354 15 32 19 31 21 20 81 99
internal_value=4.4407e-06 -0.000264307 2.36682e-05 0.000148979 0.000571646 -2.35419e-05 -0.00029158 -0.000502514 -0.000289336 2.34059e-05 0.00020569
internal_weight=899 45 854 229 47 625 91 72 51 534 180
internal_count=899 45 854 229 47 625 91 72 51 534 180
cat_boundaries=0 1
cat_threshold=128458888
is_linear=0
shrinkage=0.0353657


Tree=659
num_leaves=12
num_cat=0
split_feature=5 83 49 51 11 83 61 36 253 63 63
split_gain=0.00549847 0.0119315 0.0104998 0.00540603 0.0103148 0.0101558 0.00778473 0.00765083 0.00593438 0.00588081 0.0113055
threshold=3.5150000000000001 1.1721744999373882 0.2792271965774859 1.5528998413593447 0.68301270189221941 1.1833877513830056 36.341666666666676 162074.40894904776 0.018472211167059303 2.5389116949461781 3.7800998222050857
decision_type=2 2 10 2 2 2 10 10 2 2 2
left_child=3 -2 -3 5 -5 9 8 -6 -7 -1 -11
right_child=1 2 -4 4 7 6 -8 -9 -10 10 -12
leaf_value=0.00024587561880917659 -0.00079010222325350563 0.0004343116276076818 -0.00037643906175094784 0.00077642435301161132 -0.0001521569947785618 -0.00087095756083757669 -3.9307093649706427e-05 0.00038144302526602129 -0.00028819784315690163 -0.00048110063214667315 3.3456658110965314e-05
leaf_weight=119 19 16.000000000000004 13.999999999999998 15.999999999999998 44 30 27 38 26 34 516
leaf_count=119 19 16 14 16 44 30 27 38 26 34 516
internal_value=4.32297e-06 -0.000290761 -3.63331e-05 2.67612e-05 0.000247787 -3.18424e-06 -0.000328395 0.000104722 -0.000571892 3.99931e-05 -4.96572e-06
internal_weight=899 49 30 850 98 752 83 82 56 669 550
internal_count=899 49 30 850 98 752 83 82 56 669 550
is_linear=0
shrinkage=0.0353657


end of trees

feature_importances:
price_base_vs_anchor=383
roomId=337
dynamic_anchor_price=242
price_vs_property_avg=182
month_sin_price=157
price_cv_6=138
range_booking_arrival_lag_8=136
price_lag_12=130
price_roll_std_3=124
inflation_rate=118
range_booking_arrival_lag_7=117
season_price_interaction=115
price_zscore_property=111
range_booking_arrival_roll_mean_3=106
used_room_nights_lag_18=103
range_booking_arrival_lag_18=101
price_lag_24=98
occupancy_trend=97
commission_lag_8=93
month_price_interaction=92
leftover_rooms_lag_8=91
leftover_rooms_lag_18=90
num_of_nights_lag_8=90
price_to_mean_ratio=90
price_growth_1=89
inflation_lag_12=87
price_diff_12=87
trend_slope=87
inflation_lag_7=86
month_cos_price=86
price_diff_1=85
price_roll_std_6=81
price_lag_19=78
trend_strength=78
price_vs_roll_mean_6=77
masterId_lag_7=73
leftover_rooms_lag_7=72
trend_3_vs_12=71
price_lag_9=70
inflation_lag_9=70
num_of_nights_lag_7=69
occupancy_season_interaction=69
num_of_nights_roll_mean_3=66
price_yoy_historical=66
used_room_nights_lag_8=65
price_roll_std_12=63
price_lag_8=62
num_of_nights_lag_18=62
dynamic_anchor_inflation=55
commission_lag_18=55
price_roll_mean_12=54
leftover_rooms_roll_mean_3=52
commission_lag_7=52
month_sin=49
occupancy_price_interaction=45
commission_roll_mean_3=44
inflation_lag_8=43
season_strength=42
price_roll_max_3=42
price_roll_min_12=41
inflation_diff_since_anchor=39
used_room_nights_roll_mean_3=39
room_cfg_rack_rate_lag_7=39
month=38
price_roll_max_12=38
month_cos=37
price_lag_18=36
price_roll_max_6=36
price_lag_7=35
price_roll_min_6=35
peak_price_interaction=35
numChild_lag_8=34
price_vs_trend_12=34
allowReview_default_lag_7=34
current_known_inflation=31
room_cfg_feature_count_lag_7=31
used_room_nights_lag_7=30
inflation_lag_18=28
inflation_lag_24=28
price_ema_3=28
status_confirmed_lag_7=28
price_roll_mean_3=27
price_roll_mean_6=26
log_price_roll_std_12=26
price_roll_min_3=24
status_new_lag_7=24
room_cfg_control_priority_lag_7=24
log_price_roll_std_6=24
numChild_lag_7=20
numChild_lag_18=20
tfidf_friendly_lag_7=20
prop_longitude_lag_7=19
tfidf_en_lag_7=17
tfidf_est_lag_7=17
total_capacity_nights=16
avg_facilities_score_lag_7=15
tfidf_super_lag_7=15
tfidf_staff_lag_7=15
inflation_lag_19=14
numChild_roll_mean_3=14
avg_clean_score_lag_7=14
tfidf_great_lag_7=14
avg_comfort_score_lag_7=13
is_eid_month=12
refererEditable_Booking_com_lag_7=12
tfidf_good_lag_7=12
review_count_lag_7=12
tfidf_que_lag_7=12
prop_feature_codes_count_lag_7=12
avg_staff_score_lag_7=12
prop_latitude_lag_7=12
groupNote_Room_Only__lag_7=11
cal_numAvail_zero_days_lag_7=10
avg_location_score_lag_7=10
cal_numAvail_std_lag_7=10
propertyId=9
quarter=9
avg_value_score_lag_7=9
tfidf_la_lag_7=9
tfidf_stay_lag_7=9
avg_review_score_lag_7=9
tfidf_el_lag_7=9
tfidf_da_lag_7=9
year=7
tfidf_location_lag_7=7
tfidf_clean_lag_7=7
tfidf_et_lag_7=6
room_cfg_max_adult_lag_7=6
price_lag_36=5
anchor_age_months=5
cal_days_covered_lag_7=5
prop_checkin_start_min_lag_7=5
tfidf_trs_lag_7=5
tfidf_room_lag_7=5
cal_numAvail_mean_lag_7=5
is_major_holiday_month=4
room_cfg_roomType_quadruple_lag_7=4
room_cfg_units_count_lag_7=4
room_fc_deck_patio_uncovered_lag_7=4
tfidf_der_lag_7=4
ch_publish_ratio_lag_7=4
tfidf_place_lag_7=4
tfidf_beach_lag_7=4
tfidf_un_lag_7=4
subStatus_none_lag_7=4
allowChannelUpdate_all_lag_7=3
room_fc_coffee_maker_lag_7=3
cal_soldout_rate_lag_7=3
tfidf_sehr_lag_7=3
tfidf_die_lag_7=3
tfidf_nice_lag_7=3
tfidf_hotel_lag_7=3
tfidf_und_lag_7=3
room_cfg_room_size_lag_7=3
cal_numAvail_low_days_lag_7=3
tfidf_de_lag_7=3
is_peak_season=2
room_fc_closets_in_room_lag_7=2
room_fc_beach_lag_7=2
ch_price_per_day_ratio_lag_7=2
tfidf_pool_lag_7=2
room_cfg_max_people_lag_7=2
room_fc_breakfast_included_lag_7=2
tfidf_muy_lag_7=2
room_cfg_roomType_single_lag_7=2
room_fc_tv_hd_32_plus_lag_7=2
tfidf_le_lag_7=2
room_fc_bed_single_lag_7=2
inflation_lag_36=1
is_volatile_room=1
room_fc_wakeupcall_lag_7=1
room_fc_separate_toilet_area_lag_7=1
room_fc_linens_lag_7=1
room_fc_desk_lag_7=1
room_fc_towels_lag_7=1
title_RO_lag_7=1
ch_connect_limited_ratio_lag_7=1
room_fc_satellite_lag_7=1
room_fc_dining_area_lag_7=1
allowCancellation__type_propertyDefault__lag_7=1
room_cfg_sell_priority_lag_7=1
room_fc_air_conditioning_lag_7=1
room_fc_bath_shower_lag_7=1
room_fc_bar_lag_7=1
room_fc_bed_double_lag_7=1
room_fc_wifi_lag_7=1
room_fc_sitting_area_lag_7=1
room_fc_bath_or_shower_lag_7=1
room_cfg_max_children_lag_7=1
prop_checkout_end_min_lag_7=1
room_fc_refrigerator_lag_7=1
ch_connect_inventory_ratio_lag_7=1
prop_group_keywords_count_lag_7=1
room_fc_airport_shuttle_lag_7=1
room_fc_tv_lag_7=1
room_fc_tables_and_chairs_lag_7=1

parameters:
[boosting: gbdt]
[objective: regression]
[metric: rmse]
[tree_learner: serial]
[device_type: cpu]
[data_sample_strategy: bagging]
[data: ]
[valid: ]
[num_iterations: 660]
[learning_rate: 0.0353657]
[num_leaves: 12]
[num_threads: 0]
[seed: 222]
[deterministic: 0]
[force_col_wise: 0]
[force_row_wise: 0]
[histogram_pool_size: -1]
[max_depth: 7]
[min_data_in_leaf: 14]
[min_sum_hessian_in_leaf: 5.28049]
[bagging_fraction: 0.927475]
[pos_bagging_fraction: 1]
[neg_bagging_fraction: 1]
[bagging_freq: 6]
[bagging_seed: 1801]
[bagging_by_query: 0]
[feature_fraction: 0.772483]
[feature_fraction_bynode: 0.816119]
[feature_fraction_seed: 3308]
[extra_trees: 0]
[extra_seed: 31563]
[early_stopping_round: 0]
[early_stopping_min_delta: 0]
[first_metric_only: 0]
[max_delta_step: 0]
[lambda_l1: 0.0348551]
[lambda_l2: 0.000118348]
[linear_lambda: 0]
[min_gain_to_split: 4.82652e-07]
[drop_rate: 0.159554]
[max_drop: 16]
[skip_drop: 0.615682]
[xgboost_dart_mode: 0]
[uniform_drop: 0]
[drop_seed: 22156]
[top_rate: 0.2]
[other_rate: 0.1]
[min_data_per_group: 100]
[max_cat_threshold: 32]
[cat_l2: 10]
[cat_smooth: 10]
[max_cat_to_onehot: 4]
[top_k: 20]
[monotone_constraints: ]
[monotone_constraints_method: basic]
[monotone_penalty: 0]
[feature_contri: ]
[forcedsplits_filename: ]
[refit_decay_rate: 0.9]
[cegb_tradeoff: 1]
[cegb_penalty_split: 0]
[cegb_penalty_feature_lazy: ]
[cegb_penalty_feature_coupled: ]
[path_smooth: 12.3995]
[interaction_constraints: ]
[verbosity: -1]
[saved_feature_importance_type: 0]
[use_quantized_grad: 0]
[num_grad_quant_bins: 4]
[quant_train_renew_leaf: 0]
[stochastic_rounding: 1]
[linear_tree: 0]
[max_bin: 205]
[max_bin_by_feature: ]
[min_data_in_bin: 3]
[bin_construct_sample_cnt: 200000]
[data_random_seed: 763]
[is_enable_sparse: 1]
[enable_bundle: 1]
[use_missing: 1]
[zero_as_missing: 0]
[feature_pre_filter: 1]
[pre_partition: 0]
[two_round: 0]
[header: 0]
[label_column: ]
[weight_column: ]
[group_column: ]
[ignore_column: ]
[categorical_feature: 0,1]
[forcedbins_filename: ]
[precise_float_parser: 0]
[parser_config_file: ]
[objective_seed: 4930]
[num_class: 1]
[is_unbalance: 0]
[scale_pos_weight: 1]
[sigmoid: 1]
[boost_from_average: 1]
[reg_sqrt: 0]
[alpha: 0.808774]
[fair_c: 1]
[poisson_max_delta_step: 0.7]
[tweedie_variance_power: 1.5]
[lambdarank_truncation_level: 30]
[lambdarank_norm: 1]
[label_gain: ]
[lambdarank_position_bias_regularization: 0]
[eval_at: ]
[multi_error_top_k: 1]
[auc_mu_weights: ]
[num_machines: 1]
[local_listen_port: 12400]
[time_out: 120]
[machine_list_filename: ]
[machines: ]
[gpu_platform_id: -1]
[gpu_device_id: -1]
[gpu_use_dp: 0]
[num_gpu: 1]

end of parameters

pandas_categorical:[[158986, 158990, 161014, 163277, 169082, 174792, 179195, 193394, 201589, 243134], [350455, 350464, 354680, 354681, 354682, 354683, 359135, 359136, 359142, 370147, 370148, 370149, 370150, 381255, 388810, 388811, 388812, 388813, 416397, 416398, 416400, 431070, 431071, 431095, 462631, 462632, 462634, 500275, 502851, 512298, 512299, 512300, 515268]]
