tree
version=v4
num_class=1
num_tree_per_iteration=1
label_index=0
max_feature_idx=296
objective=regression
feature_names=propertyId roomId year month total_capacity_nights inflation_rate quarter season_strength is_peak_season is_eid_month is_major_holiday_month month_sin month_cos price_lag_4 inflation_lag_4 price_lag_5 inflation_lag_5 price_lag_6 inflation_lag_6 price_lag_36 inflation_lag_36 price_lag_9 inflation_lag_9 price_lag_12 inflation_lag_12 price_lag_15 inflation_lag_15 price_lag_16 inflation_lag_16 price_lag_24 inflation_lag_24 dynamic_anchor_price anchor_age_months dynamic_anchor_inflation is_fallback_anchor inflation_diff_since_anchor current_known_inflation price_roll_mean_3 price_roll_std_3 price_roll_max_3 price_roll_min_3 price_roll_mean_6 price_roll_std_6 price_roll_max_6 price_roll_min_6 price_roll_mean_12 price_roll_std_12 price_roll_max_12 price_roll_min_12 price_diff_1 price_diff_12 price_growth_1 price_ema_3 price_base_vs_anchor used_room_nights_lag_4 used_room_nights_lag_5 used_room_nights_lag_15 used_room_nights_roll_mean_3 leftover_rooms_lag_4 leftover_rooms_lag_5 leftover_rooms_lag_15 leftover_rooms_roll_mean_3 range_booking_arrival_lag_4 range_booking_arrival_lag_5 range_booking_arrival_lag_15 range_booking_arrival_roll_mean_3 num_of_nights_lag_4 num_of_nights_lag_5 num_of_nights_lag_15 num_of_nights_roll_mean_3 commission_lag_4 commission_lag_5 commission_lag_15 commission_roll_mean_3 numChild_lag_4 numChild_lag_5 numChild_lag_15 numChild_roll_mean_3 occupancy_trend price_to_mean_ratio price_vs_property_avg price_zscore_property occupancy_price_interaction trend_3_vs_12 trend_slope price_vs_roll_mean_6 price_cv_6 is_volatile_room is_spike season_price_interaction peak_price_interaction occupancy_season_interaction price_yoy_historical price_vs_trend_12 trend_strength month_price_interaction month_sin_price month_cos_price room_cfg_roomType_family_lag_4 allowReview_default_lag_4 room_fc_wakeupcall_lag_4 cal_minStay_mean_lag_4 room_fc_closets_in_room_lag_4 room_fc_shampoo_lag_4 refererEditable_Booking_com_lag_4 room_fc_beach_lag_4 room_cfg_tax_percentage_lag_4 room_cfg_roomType_quadruple_lag_4 room_fc_separate_toilet_area_lag_4 room_fc_linens_lag_4 cal_days_covered_lag_4 cal_numAvail_zero_days_lag_4 subStatus_walkin_lag_4 avg_facilities_score_lag_4 groupNote_Room_Only__lag_4 room_fc_minibar_lag_4 allowChannelUpdate_all_lag_4 room_cfg_max_stay_lag_4 tfidf_good_lag_4 cal_override_days_lag_4 room_fc_desk_lag_4 review_count_lag_4 room_fc_towels_lag_4 title_RO_lag_4 room_cfg_block_after_checkout_days_lag_4 ch_price_per_day_ratio_lag_4 tfidf_super_lag_4 ch_connect_limited_ratio_lag_4 room_fc_coffee_maker_lag_4 room_cfg_roomType_bungalow_lag_4 prop_country_ID_lag_4 avg_value_score_lag_4 tfidf_pool_lag_4 cal_soldout_rate_lag_4 title_Teman_kim_kasih_breakfast_lag_4 room_cfg_overbookingProtection_property_lag_4 avg_comfort_score_lag_4 referer_Booking_com_lag_4 room_cfg_rack_rate_lag_4 room_fc_satellite_lag_4 room_cfg_roomType_twin_lag_4 prop_checkin_start_min_lag_4 room_cfg_max_people_lag_4 room_fc_dining_area_lag_4 allowCancellation__type_propertyDefault__lag_4 tfidf_que_lag_4 prop_vat_rate_lag_4 avg_location_score_lag_4 ch_channel_count_lag_4 cal_override_rate_lag_4 room_fc_cleaning_included_lag_4 room_fc_baggage_storage_lag_4 room_fc_bedroom_lag_4 tfidf_et_lag_4 tfidf_trs_lag_4 room_fc_breakfast_included_lag_4 room_fc_safe_lag_4 channel_booking_lag_4 room_cfg_sell_priority_lag_4 room_cfg_units_count_lag_4 room_fc_scuba_or_snorkeling_lag_4 room_fc_breakfast_in_room_lag_4 title_Twin_bed_lag_4 room_fc_air_conditioning_lag_4 title_Honeymoon_decor_lag_4 cal_numAvail_std_lag_4 avg_clean_score_lag_4 room_fc_bath_shower_lag_4 room_fc_laptop_friendly_lag_4 status_confirmed_lag_4 room_cfg_min_price_lag_4 room_fc_toiletries_lag_4 tfidf_muy_lag_4 arrivalTime___lag_4 room_fc_bathrobe_lag_4 tfidf_location_lag_4 room_fc_bathroom_lag_4 room_fc_deck_patio_uncovered_lag_4 room_fc_hair_dryer_lag_4 tfidf_der_lag_4 room_fc_iron_lag_4 tfidf_sehr_lag_4 status_new_lag_4 room_fc_hangers_lag_4 arrivalTime_16_30_lag_4 room_cfg_roomType_triple_lag_4 room_cfg_roomType_single_lag_4 custom1_Paid_OTA_lag_4 room_cfg_has_unallocated_unit_lag_4 prop_feature_codes_count_lag_4 tfidf_la_lag_4 tfidf_die_lag_4 tfidf_stay_lag_4 prop_type_villa_lag_4 apiSource_Booking_com_lag_4 room_cfg_unitAllocation_perbooking_lag_4 cal_low_avail_rate_lag_4 room_fc_garden_lag_4 avg_staff_score_lag_4 room_fc_bicycle_lag_4 cal_maxStay_mean_lag_4 tfidf_staff_lag_4 room_fc_car_available_lag_4 room_cfg_control_priority_lag_4 cal_numAvail_min_lag_4 room_cfg_min_stay_lag_4 prop_longitude_lag_4 room_fc_bar_lag_4 room_fc_bed_double_lag_4 tfidf_nice_lag_4 room_fc_cleaning_possible_lag_4 tfidf_en_lag_4 room_fc_restaurant_lag_4 prop_type_bungalow_lag_4 tfidf_friendly_lag_4 avg_review_score_lag_4 room_cfg_tax_person_lag_4 room_fc_bath_toilet_lag_4 room_fc_wifi_lag_4 subStatus_nonPayment_lag_4 allowAutoAction_enable_lag_4 room_cfg_feature_count_lag_4 room_fc_beach_view_lag_4 tfidf_hotel_lag_4 room_fc_sitting_area_lag_4 room_fc_breakfast_possible_lag_4 prop_type_guesthouse_lag_4 cal_multiplier_mean_lag_4 prop_latitude_lag_4 prop_type_bedAndBreakfast_lag_4 ch_enabled_ratio_lag_4 tfidf_room_lag_4 room_cfg_roomType_villa_lag_4 room_fc_beach_front_lag_4 room_fc_tv_hd_32_plus_lag_4 tfidf_le_lag_4 prop_type_resort_lag_4 cal_restrict_rate_lag_4 ch_publish_ratio_lag_4 room_fc_bath_or_shower_lag_4 room_fc_cycling_lag_4 room_cfg_max_children_lag_4 tfidf_und_lag_4 room_cfg_room_size_lag_4 tfidf_great_lag_4 room_fc_dining_room_seats_lag_4 room_fc_kettle_lag_4 room_fc_luxory_linen_lag_4 subStatus_noShow_lag_4 cancelTime_2024_08_05T03_15_10Z_lag_4 qty_lag_4 room_cfg_roomType_twindouble_lag_4 room_cfg_overbookingProtection_room_lag_4 masterId_lag_4 prop_checkout_end_min_lag_4 tfidf_clean_lag_4 room_fc_balcony_lag_4 room_fc_bed_single_lag_4 tfidf_place_lag_4 room_fc_refrigerator_lag_4 tfidf_el_lag_4 cal_minStay_max_lag_4 prop_checkin_end_min_lag_4 tfidf_beach_lag_4 room_cfg_restrictionStrategy_staythrough_lag_4 tfidf_da_lag_4 room_cfg_security_deposit_lag_4 ch_connect_inventory_ratio_lag_4 cal_minStay_restrict_days_lag_4 tfidf_un_lag_4 prop_type_hotel_lag_4 cal_multiplier_max_lag_4 room_cfg_cleaning_fee_lag_4 prop_group_keywords_count_lag_4 room_fc_mountain_biking_lag_4 cal_numAvail_low_days_lag_4 cal_numAvail_mean_lag_4 room_fc_airport_shuttle_lag_4 room_fc_private_bathroom_lag_4 room_fc_reception_24_hour_lag_4 room_fc_room_soundproofed_lag_4 allowAutoAction_disable_lag_4 tfidf_est_lag_4 custom1_Paid_by_OTA_Auto_Adjusted_lag_4 room_cfg_max_adult_lag_4 room_cfg_include_in_reports_lag_4 cal_numAvail_max_lag_4 subStatus_none_lag_4 prop_booking_cutoff_hour_lag_4 room_cfg_roomType_double_lag_4 room_fc_tv_lag_4 room_cfg_qty_raw_lag_4 room_fc_tables_and_chairs_lag_4 tfidf_de_lag_4 room_fc_cable_lag_4 log_price_roll_std_6 log_price_roll_std_12
feature_infos=-1:6:1:2:4:3:7:8:9:5:0 -1:8:6:7:1:4:13:14:15:5:17:2:16:0:3:21:22:11:18:12:20:9:19:10:24:25:26:28:29:30:23:31:27:32 [2023:2027] [1:12] [28:372] [-0.089999999999999997:4.7599999999999998] [1:4] [0:3] [0:1] [0:1] [0:1] [-1:1] [-1:1] [157090.63636363635:2305317.951388889] [-0.089999999999999997:5.4699999999999998] [157090.63636363635:2305317.951388889] [-0.089999999999999997:5.4699999999999998] [157090.63636363635:2305317.951388889] [-0.089999999999999997:5.4699999999999998] [157091:2305317.951388889] [2.2799999999999998:5.4699999999999998] [157090.63636363635:2305317.951388889] [-0.089999999999999997:5.4699999999999998] [157090.63636363635:2305317.951388889] [-0.089999999999999997:5.4699999999999998] [157090.63636363635:2305317.951388889] [-0.089999999999999997:5.4699999999999998] [157090.63636363635:2305317.951388889] [-0.089999999999999997:5.4699999999999998] [157090.63636363635:2305317.951388889] [1.55:5.4699999999999998] [157090.63636363635:2305317.951388889] [4:12] [-0.089999999999999997:5.4699999999999998] [0:1] [-3.0899999999999999:4] [-0.089999999999999997:5.4699999999999998] [159545.41666666669:2019396.2532008681] [0:624795.23627349513] [161999.83333333334:2305317.951388889] [157090.63636363635:1826816.7173046251] [159545.41666666669:1678163.9472203236] [0:547035.88051002356] [161999.83333333334:2305317.951388889] [157090.63636363635:1383376.585040885] [159545.41666666669:1552311.884732415] [0:461593.72262719524] [161999.83333333334:2305317.951388889] [157090.63636363635:1208192.0158730161] [-871101.97583333333:888575.92611111118] [-726750:881305.56574074086] [-0.62499999999479161:2.1514086749861199] [159238.50568181818:1955143.2149853313] [0.3370843719216251:4.8279186721380203] [1:345] [1:345] [1:345] [1:318.33333333333331] [-41:272] [-41:235] [-11:235] [-8.6666666666666661:235] [0:215.625] [0:204.85185185185185] [0:143.02439024390245] [0:176.86626769045469] [1:33] [1:33] [1:33] [1:17.833333333333332] [0:3742200] [0:3742200] [0:3742200] [0:2041200] [0:1] [0:1] [0:1] [0:1] [-149:138] [0.43361011793010767:2.5317964204491568] [0.34712744409554502:3.0760844219197856] [-2.0736896014919703:3.8194596415929896] [171232:487250780] [0.49097544231513562:1.9381371352431873] [-523561.78583567147:849874.72787037038] [0.43531063108234624:2.4528932814694437] [0:0.72018169203288573] [0:1] none [0:6915953.854166667] [0:2305317.951388889] [-76:138] [0.38352905443848823:2.2168556517915925] [0.43361011793010767:2.5317964204491568] [-406359.67558388691:591636.88496031729] [184514.20689655171:27663815.416666668] [-1697850:1482270.2370461593] [-1259658.8781051512:2305317.951388889] none [1:124] [0:1] none [0:1] [0:1] [1:124] [0:1] none [0:1] [0:1] [0:1] [2:31] [0:31] none [5.833333333333333:10] [1:124] [0:1] [1:124] none [0:0.25528536779820982] none [0:1] [0:34] [0:1] [1:124] none [0:0.33333333333333331] [0:0.37945979995986051] [0:0.33333333333333331] [0:1] [0:1] none [5.5555555555555554:10] [0:0.24373755240780609] [0:1] none [0:1] [5:10] [1:124] [0:1700000] [0:1] [0:1] [810:960] [1:4] [0:1] [1:124] [0:0.1137787961661328] none [5:10] none none [0:1] [0:1] [0:1] [0:0.51871952767964846] [0:0.81629041443561268] [0:1] [0:1] [1:124] [1:6] [1:10] [0:1] [0:1] none [0:1] none [0:3.746539622075943] [5.5555555555555554:10] [0:1] [0:1] [0:100] [0:250000] [0:1] [0:0.9252082253279108] none [0:1] [0:0.2293730457738192] [0:1] [0:1] [0:1] [0:0.1571332173206518] [0:1] [0:0.20949908208997339] [0:117] [0:1] [1:124] [0:1] [0:1] [1:124] none [0:29] [0:0.45392096072048271] [0:0.20710094671186799] [0:0.33333333333333331] [0:1] [1:124] none [0:1] [0:1] [5:10] [0:1] none [0:0.40451953714895778] [0:1] [1:10] [-1:9] none [115.446422:116.0865429] [0:1] [0:1] [0:0.53260642956716586] [0:1] [0:0.30909358951218568] [0:1] [0:1] [0:0.33333333333333331] [5:10] none [0:1] [0:1] none [1:124] [0:33] [0:1] [0:0.59565498464948163] [0:1] [0:1] [0:1] none [-8.7094237000000003:-8.3455556000000009] [0:1] [0:0.33333333333333331] [0:0.44484769810659291] none [0:1] [0:1] [0:0.7827907315218825] [0:1] none [0:0.33333333333333331] [0:1] [0:1] [0:1] [0:0.24131667805422291] [0:56] [0:0.68531288920286515] [0:1] [0:1] [0:1] none [1:124] [1:12] [0:1] [0:1] [35385839:74882291.965420276] [600:720] [0:0.5] [0:1] [0:1] [0:0.25682164468002988] [0:1] [0:0.21478767257346751] none [1320:1440] [0:0.1628439717884248] none [0:0.37104381141115722] none [0:0.33333333333333331] none [0:0.52857927720150089] [0:1] none none [0:1] [0:1] [0:31] [0:9] [0:1] [0:1] [0:1] [0:1] none [0:0.1652597869689893] none [0:4] none [0:10] [1:124] none [0:1] [0:1] [1:10] [0:1] [0:0.43365081039357661] [0:1] [0:13.212271502367148] [0:13.042442561327299]
tree_sizes=1507 1546 1567 1554 1554 1549 1564 1464 1568 1559 1557 1558 1556 1575 1564 1566 1571 1570 1550 1580 1566 1583 1570 1558 1594 1565 1556 1577 1567 1564 1303 1567 1571 1482 1561 1549 1544 1569 1501 1566 1559 1568 1216 1597 1568 1605 1561 1395 1513 1568 1575 867 1406 1048 1587 1584 959 1557 1576 1572 1573 1576 1597 1585 1586 1575 1586 1483 1498 1291 1583 1584 1585 1333 1578 1415 1599 1509 948 1595 1575 1589 1293 1595 873 1406 1603 1579 1559 1590 1404 1571 1042 1304 1580 1618 1589 1047 1211 1483 1602 1586 1584 1587 1614 1146 960 1229 1599 1603 1580 1579 1605 1604 1604 1597 1408 1412 1441 1320 1307 1595 1603 1599 1130 1598 1602 1610 1604 1606 1614 1501 1223 1575 1232 1605 1592 1609 1578 1490 1608 1629 1593 1591 1501 1580 1140 1598 1594 1579 1588 1407 1592 1046 1503 1594 1586 1587 1585 1531 1592 1583 785 1331 784 1337 1602 1601 872 1612 1405 1491 1573 1584 1316 1048 1334 1597 1597 1579 1146 1321 1145 1618 1608 1305 1594 1608 1595 1126 1399 1408 1331 1502 1594 1322 1432 1425 1618 1584 1335 1615 1327 1233 1144 1588 1581 1409 1427 1598 1332 1306 1594 1340 1340 1589 1501 1617 1327 1599 1496 1595 1598 1061 1338 1448 1070 1066 1506 1612 1615 1426 1591 1598 1063 1227 1607 1141 1332 1592 1504 1596 1591 1244 1596 1593 1621 1053 1605 1600 878 1588 1608 1324 1426 1597 1602 1409 1602 1152 1597 1608 1054

Tree=0
num_leaves=16
num_cat=0
split_feature=7 23 238 296 273 22 189 23 29 31 60 154 108 26 33
split_gain=4.64209 3.13888 2.53354 1.27051 1.38615 1.14503 1.0183 0.645766 0.624653 0.565098 0.43171 0.406313 0.428996 0.399431 0.25793
threshold=1.0000000180025095e-35 789092.85714285728 1.0000000180025095e-35 11.457250952922715 1.0000000180025095e-35 3.3750000000000004 15.000000000000002 396388.5261904762 1237928.7721738291 469554.25000000006 30.500000000000004 1.0000000180025095e-35 1.0000000180025095e-35 2.2950000000000004 4.1650000000000009
decision_type=2 8 2 10 2 10 2 10 8 2 10 2 2 8 2
left_child=1 7 -3 4 11 6 9 13 -9 -5 -8 12 -2 -1 -6
right_child=3 2 -4 5 14 -7 10 8 -10 -11 -12 -13 -14 -15 -16
leaf_value=0.071479834559702055 0.072611703195840899 0.052898864988685464 0.032193774249451711 0.069107789636796077 0.077999805573971986 0.055877386856485835 0.07283221584595001 0.052175242207899153 0.062432693925112158 0.061884027920301718 0.066927069530015634 0.062647744598572849 0.066035112293086951 0.063068584748147888 0.085328430751049095
leaf_weight=24 94 35 28 42 24 30 102 33 31 190 84 18 53 33 23
leaf_count=24 94 35 28 42 24 30 102 33 31 190 84 18 53 33 23
internal_value=0.0648327 0.0558351 0.0448603 0.0674577 0.0716207 0.0654952 0.0663808 0.0612293 0.0576504 0.0635424 0.0699405 0.0690355 0.0700529 0.0660742 0.0802007
internal_weight=844 184 63 660 212 448 418 121 64 232 186 165 147 57 47
internal_count=844 184 63 660 212 448 418 121 64 232 186 165 147 57 47
is_linear=0
shrinkage=1


Tree=1
num_leaves=16
num_cat=0
split_feature=12 23 198 64 8 49 83 211 217 182 217 23 138 127 8
split_gain=7.39343 5.53615 2.81546 2.1303 1.53429 1.47289 1.27214 1.54451 0.707414 0.666744 0.505767 0.78349 0.403176 0.373529 0.308879
threshold=-1.0000000180025095e-35 984597.32363315707 9.0550595238095255 61.029411764705891 1.0000000180025095e-35 77788.652234625726 0.99999999997774369 0.074235184183114353 1.0000000180025095e-35 6.5000000000000009 1.0000000180025095e-35 314574.44362745102 650000.00000000012 1.0000000180025095e-35 1.0000000180025095e-35
decision_type=2 8 2 8 2 8 2 2 2 2 2 10 2 2 2
left_child=3 6 12 10 -5 -4 -2 9 -6 -8 -1 -12 -3 -9 -13
right_child=1 2 5 4 8 -7 7 13 -10 -11 11 14 -14 -15 -16
leaf_value=0.0068392833814450472 -0.0094839313420519763 -0.027896824372836498 -0.0052313035247644555 0.0072220277581262126 0.013027469156632891 -0.020788520967904092 -0.006728521435006133 0.012484962192504391 0.024194630594532914 0.0011205374167322514 0.0088142465451117313 -0.0027110647343966312 -0.03713704414527081 0.0041798489624466405 0.0022081772651498812
leaf_weight=63 52 27 48 107 23 24 79 43 42 74 25 124 18 20 75
leaf_count=63 52 27 48 107 23 24 79 43 42 74 25 124 18 20 75
internal_value=0 -0.00675526 -0.0182053 0.00569029 0.0114452 -0.0118591 -0.00176345 0.000650715 0.018841 -0.0026827 0.00236957 0.000778083 -0.0299189 0.00839766 -0.000706536
internal_weight=844 385 117 459 172 72 268 216 65 153 287 224 45 63 199
internal_count=844 385 117 459 172 72 268 216 65 153 287 224 45 63 199
is_linear=0
shrinkage=0.0680866


Tree=2
num_leaves=16
num_cat=0
split_feature=12 23 81 34 8 238 53 53 43 51 8 236 167 231 151
split_gain=6.47428 4.83227 2.04972 1.97984 1.5659 1.39962 1.37344 0.817635 0.800721 0.654136 0.568311 0.46998 0.417741 0.415055 0.312218
threshold=1.0000000180025095e-35 1027484.403215832 -0.38294736893762199 1.0000000180025095e-35 1.0000000180025095e-35 1.0000000180025095e-35 1.2228301721539319 0.99999999999200517 575843.60159759677 0.19059534376371196 1.0000000180025095e-35 1.0000000180025095e-35 1.0000000180025095e-35 0.048962756139368957 1.0000000180025095e-35
decision_type=2 8 2 2 2 2 2 2 2 10 2 2 2 2 2
left_child=3 6 -3 7 -5 -4 12 10 -8 -9 -1 -10 -2 -7 -14
right_child=1 2 5 4 -6 13 8 9 11 -11 -12 -13 14 -15 -16
leaf_value=-0.0019916994178808501 -0.0017714570507577287 -0.007094470637084703 -0.016823777925491605 0.0079044110091738545 0.021421192843105737 -0.037796980749481672 0.010162437556609531 0.012094585289334726 -0.0013408434887052785 0.0024973211705214731 0.003985577303541152 0.0068245064836115294 -0.0067927361254262455 -0.028209442524543191 -0.013512019377867427
leaf_weight=135 24 33 41 79 41 17 27 56 115 34 114 19 50 24 35
leaf_count=135 24 33 41 79 41 17 27 56 115 34 114 19 50 24 35
internal_value=-5.96356e-06 -0.00632767 -0.01714 0.0053186 0.0123112 -0.0232825 -0.00172131 0.00286579 0.00219557 0.00773359 0.000848055 0.000380807 -0.00688741 -0.0310837 -0.00942754
internal_weight=844 385 115 459 120 82 270 339 161 90 249 134 109 41 85
internal_count=844 385 115 459 120 82 270 339 161 90 249 134 109 41 85
is_linear=0
shrinkage=0.0680866


Tree=3
num_leaves=16
num_cat=0
split_feature=89 34 46 10 53 53 24 8 259 50 13 68 17 82 136
split_gain=2.62689 2.73901 2.46919 2.27636 2.11079 1.74181 1.51378 2.32872 1.45572 0.88405 0.900899 0.770701 0.496963 0.359831 0.352589
threshold=297606.37156862748 1.0000000180025095e-35 42231.37463458797 1.0000000180025095e-35 1.4951933149717156 0.99999999998063482 2.0350000000000006 1.0000000180025095e-35 1.0000000180025095e-35 1.0000000180025095e-35 625040.38888888899 2.7559523809523814 583996.57073643419 25742260.795454551 7.7803030303030303
decision_type=2 2 10 2 2 2 10 2 2 10 2 8 10 2 2
left_child=1 5 -3 6 9 -1 7 11 13 10 -5 -2 -9 -7 -8
right_child=3 2 -4 4 -6 8 14 12 -10 -11 -12 -13 -14 -15 -16
leaf_value=-0.013850128572282483 -0.0024377717927048211 -0.0072775151576958495 -0.028138285361788948 -0.010037420753163067 0.0072660616045601189 0.0096702359247830966 -0.0027727277128948096 0.025035892434961037 -0.0068379173321672527 -0.0038816879450347562 -0.022717677847838718 0.0070824042660163501 0.014926414042399177 0.0029498581725454589 0.0025607323122016396
leaf_weight=23 28 28 31 37 25 39 54 34 49 42 22 131 18 67 189
leaf_count=23 28 28 31 37 25 39 54 34 49 42 22 131 18 67 189
internal_value=0.000171573 -0.00558417 -0.0165403 0.00259425 -0.00477923 -0.00184622 0.00484076 0.00889778 0.000913724 -0.00949683 -0.0145275 0.00523478 0.0194277 0.00520591 0.00139084
internal_weight=817 237 59 580 126 178 454 211 155 101 59 159 52 106 243
internal_count=817 237 59 580 126 178 454 211 155 101 59 159 52 106 243
is_linear=0
shrinkage=0.0680866


Tree=4
num_leaves=16
num_cat=0
split_feature=7 34 9 58 97 34 92 94 259 131 33 23 136 181 231
split_gain=3.39923 2.89398 1.06503 1.24906 0.958399 1.4994 1.01713 0.882262 0.925909 0.661672 0.527598 0.518213 0.25357 0.0844011 0.0603347
threshold=1.0000000180025095e-35 1.0000000180025095e-35 1.0000000180025095e-35 92.000000000000014 317327.56437700271 1.0000000180025095e-35 1.0792101401999441 24286.505740435405 1.0000000180025095e-35 8.3854166666666696 2.2050000000000005 444744.52083333337 9.5383522727272734 0.048078008553628905 0.089074870995007369
decision_type=2 2 2 2 2 2 8 2 2 2 2 10 2 2 2
left_child=1 7 3 4 6 -6 -2 -1 12 -3 -10 -5 -9 14 -4
right_child=2 9 13 11 5 -7 -8 8 10 -11 -12 -13 -14 -15 -16
leaf_value=-0.01181631934964493 -0.0005970299152863272 -0.027161976344924156 -0.0093949903261115915 0.016758449669330409 0.0012695131248828557 -0.01332202472208374 0.006181161920377252 0.0012806793488013269 -0.013454667933567331 -0.015224259844187333 -0.0033209845898588605 0.0074578661066387313 0.0074773969933623818 -0.0031370578051491279 -0.0055958284694391132
leaf_weight=22 135 27 19 33 62 28 265 51 20 18 29 33 28 28 19
leaf_count=22 135 27 19 33 62 28 265 51 20 18 29 33 28 28 19
internal_value=0.000146051 -0.00725702 0.00256431 0.00357141 0.00241966 -0.00324009 0.00378994 -0.00337103 -0.000988264 -0.0198349 -0.00683228 0.0111304 0.00321683 -0.00439602 -0.00701952
internal_weight=817 195 622 556 490 90 400 150 128 45 49 66 79 66 38
internal_count=817 195 622 556 490 90 400 150 128 45 49 66 79 66 38
is_linear=0
shrinkage=0.0680866


Tree=5
num_leaves=16
num_cat=0
split_feature=12 34 3 53 34 26 67 156 225 8 40 49 236 23 33
split_gain=2.64401 4.30005 2.05824 1.92706 1.02851 1.04778 1.007 0.780756 0.554443 0.58433 0.478697 0.470256 0.456437 0.417526 0.295923
threshold=0.6830127018922193 1.0000000180025095e-35 4.5000000000000009 1.5136596936628657 1.0000000180025095e-35 1.5850000000000002 2.5080645161290325 1.0000000180025095e-35 1.0000000180025095e-35 1.0000000180025095e-35 262096.60000000003 -52529.250000000022 1.0000000180025095e-35 322601.04924242431 2.5650000000000004
decision_type=2 2 2 2 2 8 8 2 2 2 2 10 2 8 2
left_child=2 3 12 7 5 11 -3 -2 9 -6 -7 -4 13 -1 -15
right_child=1 6 4 -5 8 10 -8 -9 -10 -11 -12 -13 -14 14 -16
leaf_value=0.00053185391055118338 -0.0036796641792452203 -0.014930265008751454 0.0068040692957396526 0.0057234536629951942 0.01032670379089968 0.0068819346956905504 -0.028763314088952014 -0.015033381156384657 0.0052286658223883193 0.019998699377755984 6.2224688173471149e-05 0.016875621255643288 0.0025576874354518763 -0.0098842645467650259 -0.0042884450974101547
leaf_weight=26 37 24 19 79 56 35 30 29 47 22 234 23 23 56 77
leaf_count=26 37 24 19 79 56 35 30 29 47 22 234 23 23 56 77
internal_value=0.000118426 -0.00633072 0.00227975 -0.000951534 0.00479677 0.00282967 -0.02028 -0.00794641 0.00964332 0.0131532 0.00122375 0.0107469 -0.00339556 -0.00501117 -0.00660188
internal_weight=817 199 618 145 436 311 54 66 125 78 269 42 182 159 133
internal_count=817 199 618 145 436 311 54 66 125 78 269 42 182 159 133
is_linear=0
shrinkage=0.0680866


Tree=6
num_leaves=16
num_cat=0
split_feature=7 53 49 10 53 25 83 226 160 294 259 194 22 190 139
split_gain=1.84538 2.44712 1.84106 1.45982 2.37674 1.27628 0.735021 0.684607 0.647919 0.601181 0.477742 0.379747 0.314009 0.254234 0.248477
threshold=1.0000000180025095e-35 1.593257946669425 109552.49626109186 1.0000000180025095e-35 0.9463489019959993 184084.60119047618 1.0145567052919964 1.0000000180025095e-35 1.0000000180025095e-35 1.0000000180025095e-35 1.0000000180025095e-35 19.500000000000004 1.9100000000000004 0.18680344718127881 1.0000000180025095e-35
decision_type=2 2 8 2 2 10 2 2 2 2 2 2 10 2 2
left_child=1 2 7 4 13 11 -7 14 9 -6 -3 -5 -10 -2 -1
right_child=3 10 -4 5 8 6 -8 -9 12 -11 -12 -13 -14 -15 -16
leaf_value=-0.0073769246579219209 -0.0003030151346073137 0.0084756298471208164 -0.021717842351732009 -0.0095067133676494144 0.0050917876864171102 -0.0062357981299032157 0.0037770919781174163 0.00059694253566580538 0.01910997264887096 0.013239643888525799 -0.00055170641517696204 -0.018642143154923255 0.010840993297163299 -0.0047934427397651252 -0.013968718645394292
leaf_weight=44 167 38 34 21 207 34 60 23 22 28 26 19 20 60 21
leaf_count=44 167 38 34 21 207 34 60 23 22 28 26 19 20 60 21
internal_value=0.00011423 -0.00550285 -0.0110356 0.00182672 0.0035047 -0.00395891 -0.000459998 -0.00677076 0.00760716 0.00640734 0.00336545 -0.0123914 0.0139797 -0.00136671 -0.00947573
internal_weight=824 186 122 638 504 134 94 88 277 235 64 40 42 227 65
internal_count=824 186 122 638 504 134 94 88 277 235 64 40 42 227 65
is_linear=0
shrinkage=0.0680866


Tree=7
num_leaves=15
num_cat=0
split_feature=29 3 60 3 92 125 8 267 61 20 267 217 18 28
split_gain=1.9761 1.97404 2.72657 1.00826 1.14171 0.800032 0.598329 0.470112 0.429574 0.40658 0.315686 0.250356 0.160467 0.140915
threshold=307979.10695084493 10.500000000000002 31.500000000000004 4.5000000000000009 1.205240284570017 1.0000000180025095e-35 1.0000000180025095e-35 1.0000000180025095e-35 32.833333333333336 2.9700000000000002 1.0000000180025095e-35 1.0000000180025095e-35 2.3400000000000003 2.1250000000000004
decision_type=8 2 8 2 8 2 2 2 2 10 2 2 10 8
left_child=8 3 11 5 10 13 -6 -4 -1 -7 -5 -3 -13 -2
right_child=1 2 7 4 6 9 -8 -9 -10 -11 -12 12 -14 -15
leaf_value=0.0092509266437187966 0.007789427989852396 0.0051364762263183747 -0.022575551018581146 0.00085621342055141681 0.0039897276383097091 -0.0035222959709273922 0.010839918356515519 -0.013446464598797963 0.018749791987429217 -0.010439175186327063 -0.0041930909340069898 -0.0043965941838642669 0.0014378880186562979 0.0025271562290320793
leaf_weight=25 17 22 34 139 148 164 67 28 18 26 64 22 18 32
leaf_count=25 17 22 34 139 148 164 67 28 18 26 64 22 18 32
internal_value=0.000101866 -0.000684397 -0.00791343 0.0007672 0.00275756 -0.00256862 0.00609401 -0.0170849 0.0115046 -0.0046399 -0.00064805 7.84967e-05 -0.00136799 0.00362959
internal_weight=824 781 124 657 418 239 215 62 43 190 203 62 40 49
internal_count=824 781 124 657 418 239 215 62 43 190 203 62 40 49
is_linear=0
shrinkage=0.0680866


Tree=8
num_leaves=16
num_cat=0
split_feature=12 53 34 97 94 199 13 176 23 100 8 196 260 17 122
split_gain=2.69594 1.76687 1.41268 3.42084 1.24745 0.541503 0.447716 0.427986 0.652045 0.397916 0.275261 0.222687 0.217108 0.213572 0.210932
threshold=1.0000000180025095e-35 0.83783934514525182 1.0000000180025095e-35 410918.75259819679 -24415.842832231658 1.0000000180025095e-35 378268.03645833337 1.0000000180025095e-35 718491.23436503985 1.0000000180025095e-35 1.0000000180025095e-35 0.52419354838709686 0.039135061138166005 463536.38190476195 1.0000000180025095e-35
decision_type=2 2 2 2 2 2 2 2 10 2 2 2 2 10 2
left_child=1 10 4 6 -2 9 -4 13 -9 -3 -1 -7 -12 -6 -5
right_child=2 5 3 14 7 11 -8 8 -10 -11 12 -13 -14 -15 -16
leaf_value=-0.0044504446020083429 -0.011340793150002167 0.0049775318070233157 0.0049178839554731091 -0.027662508495953704 0.00063268170615912841 0.017789638403694383 -0.0041743435363637595 0.00010586301921589656 -0.0081142397263038579 0.012268593363440328 0.0029149096609048454 0.010712557129527605 -0.0029151626184834123 0.006725302080385416 -0.020661210838448862
leaf_weight=79 31 224 24 24 20 17 29 158 35 17 53 22 25 46 20
leaf_count=79 31 224 24 24 20 17 29 158 35 17 53 22 25 46 20
internal_value=0.000101991 0.0036738 -0.00391344 -0.0103962 -0.00172784 0.00688404 -0.00134245 -0.000106594 -0.00158235 0.00582499 -0.00161563 0.0128667 0.000536445 0.00400248 -0.022312
internal_weight=824 437 387 97 290 280 53 259 193 241 157 39 78 66 44
internal_count=824 437 387 97 290 280 53 259 193 241 157 39 78 66 44
is_linear=0
shrinkage=0.0680866


Tree=9
num_leaves=16
num_cat=0
split_feature=12 23 11 53 38 206 83 136 160 8 182 166 236 23 90
split_gain=2.22897 2.49646 1.29348 2.25298 1.04044 0.975199 0.89176 0.568254 0.489492 0.473834 0.45515 0.379384 0.343295 0.36504 0.251994
threshold=0.25000000000000017 1337735.4787469476 0.25000000000000011 0.98115974887945201 94875.273926653535 116.07631110000001 0.93753485974643391 8.9375000000000018 1.0000000180025095e-35 1.0000000180025095e-35 10.500000000000002 8.0235745614035121 1.0000000180025095e-35 609191.06060606067 686271.11491228081
decision_type=2 8 2 2 8 2 2 2 2 2 2 2 2 10 2
left_child=2 6 3 11 5 -3 -2 14 9 -5 -9 -1 13 -4 -8
right_child=1 4 12 8 -6 -7 7 10 -10 -11 -12 -13 -14 -15 -16
leaf_value=-0.0025356006681736842 -0.0094089714108280525 0.00013456022367614118 -0.00066387868760875381 0.0074720331250674211 -0.020322620610534792 -0.014431596220585713 -0.0027222517628666498 0.0089930769950271085 0.019964546110453788 0.015457870623099279 -8.8339900012879215e-05 0.0032006244815396766 0.0041927361313079834 -0.0067338672747467056 0.0028838049203639064
leaf_weight=56 25 20 129 48 42 18 124 47 19 45 17 134 24 42 26
leaf_count=56 25 20 129 48 42 18 124 47 19 45 17 134 24 42 26
internal_value=0.000234371 -0.00404872 0.00302237 0.00577647 -0.0133199 -0.00792024 -0.000849967 0.00070536 0.0128289 0.0115101 0.00536032 0.00160273 -0.000989316 -0.00227286 -0.00135176
internal_weight=816 319 497 302 80 38 239 214 112 93 64 190 195 171 150
internal_count=816 319 497 302 80 38 239 214 112 93 64 190 195 171 150
is_linear=0
shrinkage=0.0680866


Tree=10
num_leaves=16
num_cat=0
split_feature=12 34 81 3 92 94 225 8 263 253 131 50 43 275 39
split_gain=1.96112 2.29243 1.4435 1.12455 0.987556 0.806463 0.615806 0.587534 0.835609 0.488315 0.519767 0.386146 0.383686 0.303248 0.284925
threshold=0.25000000000000017 1.0000000180025095e-35 0.27275923107976258 5.5000000000000009 1.2252604440550061 -26245.887840929845 1.0000000180025095e-35 1.0000000180025095e-35 0.053614672182044153 62945915.724754639 9.309523809523812 43110.398771367509 895323.36309523822 1.5000000000000002 533533.39869281056
decision_type=2 2 2 2 8 2 2 2 2 2 2 8 2 2 2
left_child=3 5 14 11 6 -2 13 -6 -9 10 -7 -1 -4 -5 -3
right_child=1 2 12 4 7 9 -8 8 -10 -11 -12 -13 -14 -15 -16
leaf_value=-0.0048030191640449109 -0.0088195294062269353 -0.0017296554106274748 -0.018937855563538854 0.0020204548427473928 0.0056806691280526433 0.00065145167890647698 0.0066676805519581507 0.018806360969392921 0.0071398130948707823 -0.0061179714917055199 0.0088895010962096455 0.00083213506046083026 -0.028510558120385693 -0.0039924305096251753 -0.0094487849208933355
leaf_weight=64 27 17 18 53 61 178 62 44 27 20 19 131 17 55 23
leaf_count=64 27 17 18 53 61 178 62 44 27 20 19 131 17 55 23
internal_value=0.000212228 -0.00380515 -0.012997 0.00282747 0.00539585 -0.000864787 0.0022611 0.0095583 0.0135414 0.000629118 0.00174957 -0.000912273 -0.0218808 -0.000748861 -0.00703413
internal_weight=816 319 75 497 302 244 170 132 71 217 197 195 35 108 40
internal_count=816 319 75 497 302 244 170 132 71 217 197 195 35 108 40
is_linear=0
shrinkage=0.0680866


Tree=11
num_leaves=16
num_cat=0
split_feature=12 50 80 23 23 65 294 79 76 103 93 48 161 37 91
split_gain=1.51048 0.958151 1.07342 1.82865 0.875607 0.859442 0.679856 0.561284 0.578821 0.470974 0.365415 0.361876 0.288151 0.277761 0.275168
threshold=-0.24999999999999994 -65583.383887532851 1.2964536715173793 1097694.524140212 215563.75000000003 20.950264550264553 1.0000000180025095e-35 1.082489935141951 0.26904761904761904 1.0000000180025095e-35 1.0341458130148216 344769.09200426441 1.0000000180025095e-35 581895.76536890864 1.5000000000000002
decision_type=2 10 2 8 10 2 2 2 8 2 2 2 2 2 8
left_child=4 2 7 -4 5 14 9 8 -2 11 -3 -6 -12 -11 -1
right_child=1 10 3 -5 6 -7 -8 -9 -10 13 12 -13 -14 -15 -16
leaf_value=0.0091744599221674009 -0.0056333310656802721 -0.0027872317495128778 -0.0043491004125605663 -0.024001697465250368 -0.0058478012137794652 0.00053348751296843858 0.0087147676399548235 -0.0084036987829788704 0.0020804416770003218 0.0082726667495485549 0.0015535089321193686 0.00032294694006055794 0.0079410586742066167 0.0018196831096286897 0.015533365064654659
leaf_weight=50 54 70 18 23 63 24 27 50 84 19 135 65 17 83 34
leaf_count=50 54 70 18 23 63 24 27 50 84 19 135 65 17 83 34
internal_value=0.000185413 -0.0023816 -0.00538835 -0.0134383 0.00334271 0.00809212 0.0013584 -0.00343005 -0.00121235 7.3788e-05 0.000578335 -0.00250947 0.00248284 0.00312847 0.0115204
internal_weight=816 451 229 41 365 108 257 188 138 230 222 128 152 102 84
internal_count=816 451 229 41 365 108 257 188 138 230 222 128 152 102 84
is_linear=0
shrinkage=0.0680866


Tree=12
num_leaves=16
num_cat=0
split_feature=12 50 53 12 13 72 189 246 18 167 63 14 11 46 203
split_gain=1.69195 0.857728 1.16967 1.07504 1.47638 0.808737 0.605847 0.735475 0.589397 0.405073 0.350452 0.284975 0.283778 0.251809 0.235104
threshold=1.0000000180025095e-35 118763.52199944302 1.3130051506265534 0.6830127018922193 541752.12180059531 47506.523809523816 10.500000000000002 1.0000000180025095e-35 2.0350000000000006 1.0000000180025095e-35 33.713235294117659 2.1250000000000004 -0.24999999999999994 145764.40204212532 4.5000000000000009
decision_type=2 10 2 2 2 10 2 2 10 2 10 2 2 10 2
left_child=5 2 3 9 -5 10 11 8 -8 -2 12 14 -1 -4 -7
right_child=1 -3 13 4 -6 6 7 -9 -10 -11 -12 -13 -14 -15 -16
leaf_value=0.010694202979323712 0.0016167439242784915 0.0024710710640455102 0.006162980777076256 -0.0049777306223319339 -0.019326426525607419 -0.0020508633981638738 0.0070442992677953479 0.012497845243951772 -0.0013097504463429211 -0.0052347448155402251 0.0011548654133782393 0.000122647306458447 0.0052746347245601465 6.5131071821454944e-06 -0.0084720691126083953
leaf_weight=76 30 78 28 38 50 26 43 17 71 122 18 75 61 48 36
leaf_count=76 30 78 28 38 50 26 43 17 71 122 18 75 61 48 36
internal_value=8.77384e-05 -0.00302846 -0.0046526 -0.00694972 -0.0123651 0.00299993 0.000898334 0.00386431 0.00215232 -0.00380554 0.00672141 -0.0021037 0.00814326 0.00169713 -0.0052252
internal_weight=817 394 316 240 88 423 268 131 114 152 155 137 137 76 62
internal_count=817 394 316 240 88 423 268 131 114 152 155 137 137 76 62
is_linear=0
shrinkage=0.0680866


Tree=13
num_leaves=16
num_cat=1
split_feature=31 0 90 12 92 16 267 50 5 21 92 92 128 19 64
split_gain=1.23478 1.48129 1.31319 1.27564 0.652151 0.504645 0.614798 0.56997 0.473133 1.60067 0.427355 0.405403 0.261442 0.242831 0.183935
threshold=491210.37728637736 0 395946.11250000005 1.0000000180025095e-35 0.92401512197835889 2.8900000000000001 1.0000000180025095e-35 -1.0000000180025095e-35 2.5650000000000004 1116242.8432765154 1.1509017710964933 1.2525916698301498 1.0000000180025095e-35 775905.61134259275 71.082871396895797
decision_type=2 1 2 2 10 8 2 8 2 8 10 10 2 8 8
left_child=2 3 5 -2 -5 7 -7 -1 10 12 14 -9 -10 -11 -3
right_child=1 8 -4 4 -6 6 -8 11 9 13 -12 -13 -14 -15 -16
leaf_value=-0.0046251970072667464 -0.0033083023463033709 -0.0009658641781896155 0.014020328713876771 -0.020858573762242844 -0.0096617025868251192 0.013344090017421767 0.0034109639694845399 0.0010506053825920095 -0.0031750659768131459 0.0094476455038835852 0.0074951975580747491 0.0080431239876626523 -0.0087989938172683378 0.0033171519964733461 0.0042343434254198545
leaf_weight=55 65 71 24 35 20 21 56 168 39 20 47 24 83 65 24
leaf_count=55 65 71 24 35 20 21 56 168 39 20 47 24 83 65 24
internal_value=0.000100359 -0.00212261 0.00307551 -0.00781636 -0.0152347 0.00200797 0.00617716 0.000522119 0.000107152 -0.00178066 0.00298669 0.00213155 -0.00646783 0.00445028 0.000807104
internal_weight=817 469 348 120 55 324 77 247 349 207 142 192 122 85 95
internal_count=817 469 348 120 55 324 77 247 349 207 142 192 122 85 95
cat_boundaries=0 1
cat_threshold=642
is_linear=0
shrinkage=0.0680866


Tree=14
num_leaves=16
num_cat=0
split_feature=12 8 25 23 294 289 243 87 91 11 42 28 36 28 22
split_gain=0.950342 0.626218 0.622617 0.529447 0.956647 0.426185 0.389369 0.350099 0.341269 0.321668 0.495387 0.257608 0.230788 0.228111 0.176274
threshold=-0.24999999999999994 1.0000000180025095e-35 358586.80590866297 502102.62755540438 1.0000000180025095e-35 1.0000000180025095e-35 28.000000000000004 1.0000000180025095e-35 -3.4999999999999996 0.25000000000000011 51414.521358253187 2.5900000000000003 4.1650000000000009 1.7750000000000001 2.8500000000000001
decision_type=2 2 10 8 2 2 2 2 10 2 10 10 2 10 10
left_child=1 12 5 9 6 -3 7 -5 -7 -2 -11 -8 -1 -12 -4
right_child=3 2 14 4 -6 8 11 -9 -10 10 13 -13 -14 -15 -16
leaf_value=-0.00055457667437346276 0.004061423771250996 0.005478391451371108 0.0038100280186955347 -0.0018700395931110455 -0.011486976814837674 0.019356229376991652 -0.0012787116403886224 -0.0081322191030453392 0.010985242366929261 -0.0070452627306468599 -0.0014761815052754554 0.0040612024514820547 0.0042779225406803113 0.0048339869246331636 -0.001482584049675184
leaf_weight=175 75 24 51 62 38 18 107 58 28 27 27 37 36 32 22
leaf_count=175 75 24 51 62 38 18 107 58 28 27 27 37 36 32 22
internal_value=0.000123668 0.00269656 0.00599731 -0.00185508 -0.00352565 0.0102008 -0.00215329 -0.00471483 0.0139563 0.00103362 -0.00128776 0.000107053 0.000532104 0.0014572 0.00238263
internal_weight=817 354 143 463 302 70 264 120 46 161 86 144 211 59 73
internal_count=817 354 143 463 302 70 264 120 46 161 86 144 211 59 73
is_linear=0
shrinkage=0.0680866


Tree=15
num_leaves=16
num_cat=0
split_feature=14 31 24 29 24 139 103 63 183 244 71 21 27 63 35
split_gain=0.930719 1.17743 1.55781 0.821984 0.615221 0.969981 0.571479 0.525349 0.407154 0.522332 0.347928 0.280416 0.495388 0.325008 0.298964
threshold=3.3750000000000004 529679.07986111124 1.0000000180025095e-35 474642.53333333338 1.7750000000000001 1.0000000180025095e-35 1.0000000180025095e-35 23.177631578947373 1.0000000180025095e-35 0.071279143987450666 165082.53693181821 511612.03369963373 197591.10576923081 37.527777777777786 -0.7699999999999998
decision_type=2 2 10 10 10 2 2 10 2 2 10 8 8 10 2
left_child=1 11 7 8 5 -4 -6 -3 9 10 -2 12 -1 -14 -13
right_child=3 2 4 -5 6 -7 -8 -9 -10 -11 -12 14 13 -15 -16
leaf_value=0.0071741397451966123 0.020213214938463557 -0.019824403607176341 -0.003339364275606738 -0.00083770223641264191 -0.0043005450002345158 -0.017013001388677673 0.0018896555887364375 -0.010020982299179698 0.003011548332765884 0.0058390154121409927 0.011500710915298777 0.00056423786730823401 -0.0023155798651983378 0.0033443165119385557 0.0067110124473747619
leaf_weight=18 21 22 34 59 96 17 140 34 24 27 20 37 155 40 68
leaf_count=18 21 22 34 59 96 17 140 34 24 27 20 37 155 40 68
internal_value=-0.000347119 -0.00143374 -0.00413015 0.00413303 -0.00224017 -0.00776629 -0.000742634 -0.0129033 0.00804957 0.0108691 0.0151649 0.00142308 0.000165575 -0.000908545 0.00411787
internal_weight=812 661 343 151 287 51 236 56 92 68 41 318 213 195 105
internal_count=812 661 343 151 287 51 236 56 92 68 41 318 213 195 105
is_linear=0
shrinkage=0.0680866


Tree=16
num_leaves=16
num_cat=0
split_feature=12 31 31 78 246 25 72 77 104 238 211 103 45 23 7
split_gain=1.38499 0.910056 0.638367 0.587272 0.584208 0.684489 0.433122 0.341133 0.333852 0.322984 0.241338 0.208206 0.202883 0.188095 0.175648
threshold=1.0000000180025095e-35 331279.38130952389 537197.40337301593 22.500000000000004 1.0000000180025095e-35 208027.79561403513 55093.250000000007 0.040347195962561762 8.5000000000000018 1.0000000180025095e-35 0.037480777552725754 1.0000000180025095e-35 575312.01185833232 1202692.8254658387 1.5000000000000002
decision_type=2 2 2 8 2 10 10 2 2 2 2 2 2 10 2
left_child=2 -2 4 6 5 9 11 12 -8 -1 -7 -3 -4 -9 -14
right_child=1 3 7 -5 -6 10 8 13 -10 -11 -12 -13 14 -15 -16
leaf_value=0.0052176164432244029 0.0028004270872394616 -0.0090262502704836385 -0.005144097292463819 -0.01109693282771107 0.011991794503340869 0.0022021921976820326 -0.0059784444358112953 0.0053919793779960042 -0.00015488682039999888 0.012169002064103032 -0.0042858461347553738 -0.0039152794612570549 -0.0024248429796409543 -0.0001841757309771876 0.0019910010095330437
leaf_weight=62 72 69 37 36 29 24 40 59 141 25 38 41 65 19 55
leaf_count=62 72 69 37 36 29 24 40 59 141 25 38 41 65 19 55
internal_value=-0.000337754 -0.00311919 0.0023481 -0.00468546 0.00530927 0.00382044 -0.0037287 0.000192609 -0.00175175 0.00718645 -0.000901311 -0.00675146 -0.00161286 0.00332119 -0.00045434
internal_weight=812 399 413 327 178 149 291 235 181 87 62 110 157 78 120
internal_count=812 399 413 327 178 149 291 235 181 87 62 110 157 78 120
is_linear=0
shrinkage=0.0680866


Tree=17
num_leaves=16
num_cat=0
split_feature=7 10 23 53 53 23 23 50 11 59 54 25 217 133 225
split_gain=0.651508 0.900914 0.844911 0.547907 0.530394 0.920285 0.685933 0.504947 0.447298 0.370114 0.32524 0.307667 0.262832 0.260287 0.222821
threshold=1.0000000180025095e-35 1.0000000180025095e-35 390945.4526515152 0.76383164249486291 0.99999999998890099 380237.46357336047 888011.36363636376 30495.399442672064 -0.24999999999999994 95.500000000000014 48.500000000000007 386989.03273809532 1.0000000180025095e-35 0.098387096774193564 1.0000000180025095e-35
decision_type=2 2 10 2 2 8 8 10 2 8 2 10 2 2 2
left_child=4 2 8 13 10 11 -7 -3 9 -2 -1 -6 -5 -4 -10
right_child=1 7 3 12 5 6 -8 -9 14 -11 -12 -13 -14 -15 -16
leaf_value=-0.0059357399491295057 0.0066925402256932959 -0.0071620338592015831 -0.0011200033870861421 0.005441540647727533 0.001694755105844058 -0.0026230117273677135 -0.012449309133886305 9.2992345307259789e-05 0.0042885302121169287 0.014048977813920801 -0.014217104573203363 0.0094037548496938225 0.00056794838326704514 -0.0065390871351603905 -0.0014364015514165744
leaf_weight=22 91 80 64 57 27 76 25 54 47 20 21 23 118 55 32
leaf_count=22 91 80 64 57 27 76 25 54 47 20 21 23 118 55 32
internal_value=-0.000312555 0.000746921 0.00210767 -5.66048e-05 -0.00356277 -0.00193634 -0.00522704 -0.0037828 0.00547517 0.00820387 -0.00906387 0.00435328 0.00213446 -0.00339383 0.00220469
internal_weight=812 618 484 294 194 151 101 134 190 111 43 50 175 119 79
internal_count=812 618 484 294 194 151 101 134 190 111 43 50 175 119 79
is_linear=0
shrinkage=0.0680866


Tree=18
num_leaves=16
num_cat=0
split_feature=53 12 69 7 220 136 18 23 113 87 204 34 225 35 92
split_gain=1.28372 2.77933 0.889856 0.608288 0.511302 0.506604 0.476701 0.386886 0.41734 0.365494 0.260623 0.219534 0.369805 0.209176 0.169357
threshold=1.0090002511470881 0.25000000000000017 2.7237225006961858 1.5000000000000002 3.5000000000000004 8.9375000000000018 2.5350000000000006 238896.53506944448 9.2083333333333339 1.0000000180025095e-35 2.5000000000000004 1.0000000180025095e-35 1.0000000180025095e-35 -0.11499999999999998 1.205240284570017
decision_type=2 2 2 2 2 2 10 10 2 2 2 2 2 2 10
left_child=1 3 9 11 14 -6 -4 8 -5 -3 -9 -1 -13 -7 -2
right_child=4 2 6 7 5 13 -8 10 -10 -11 -12 12 -14 -15 -16
leaf_value=-0.0034066193259826801 0.0076196603019676899 -0.0038186447425184377 -0.023224385449018236 0.011338618796233779 0.0007558080818532945 0.0039737489890148405 -0.01336411048415558 8.3229814053248108e-05 0.0026979915013373231 -0.011787427147432304 0.005521490368815953 0.0037862532405885554 -0.0041828386479296868 0.0094980329784840282 0.013763482036942207
leaf_weight=118 22 56 20 40 181 38 26 105 20 18 36 51 19 46 18
leaf_count=118 22 56 20 40 181 38 26 105 20 18 36 51 19 46 18
internal_value=0.00029872 -0.00174575 -0.0100632 0.000925155 0.0036649 0.00271961 -0.0167575 0.00346773 0.00746669 -0.00667879 0.00177412 -0.00161659 0.000836248 0.00653759 0.00945043
internal_weight=814 509 120 389 305 265 46 201 60 74 141 188 70 84 40
internal_count=814 509 120 389 305 265 46 201 60 74 141 188 70 84 40
is_linear=0
shrinkage=0.0680866


Tree=19
num_leaves=16
num_cat=1
split_feature=1 97 34 8 53 25 23 13 7 197 256 64 29 296 33
split_gain=0.93142 0.911574 1.71181 0.625118 0.626281 0.580425 0.527827 0.474052 0.418974 0.387271 0.255875 0.201058 0.192902 0.180403 0.167328
threshold=0 440734.73326019599 1.0000000180025095e-35 1.0000000180025095e-35 1.2530950096411366 542944.67895320605 864024.84722222236 430073.23002136761 1.0000000180025095e-35 1.0000000180025095e-35 1.0000000180025095e-35 39.625000000000007 477911.25719602982 11.889753637320839 2.8500000000000001
decision_type=9 2 2 2 2 8 8 2 2 2 2 8 10 8 2
left_child=5 3 10 4 8 -1 9 -7 -2 -5 12 -8 -3 -9 -6
right_child=1 2 -4 6 14 7 11 13 -10 -11 -12 -13 -14 -15 -16
leaf_value=-0.011096735588310419 -0.005686764835345498 0.0049462723361762776 -0.013335862794934148 0.01407311130141492 0.0089388944155823751 0.0035813831013016585 -0.00022870860334503227 -0.0021726375132508115 0.00068820749437172848 0.005653490063426617 -0.0032887472023801654 0.0051050246234512391 -0.00013992799937878906 -0.0081613338715717711 0.003546150207330739
leaf_weight=36 32 47 36 42 45 20 33 19 299 20 35 51 43 32 24
leaf_count=36 32 47 36 42 45 20 33 19 299 20 35 51 43 32 24
internal_value=0.000271219 0.00117478 -0.00299347 0.00250958 0.0011778 -0.00482764 0.00607419 -0.00256627 -5.36911e-05 0.0103715 0.000248902 0.00318575 0.0022681 -0.00528114 0.00622774
internal_weight=814 707 161 546 400 107 146 71 331 62 125 84 90 51 69
internal_count=814 707 161 546 400 107 146 71 331 62 125 84 90 51 69
cat_boundaries=0 2
cat_threshold=285213712 1
is_linear=0
shrinkage=0.0680866


Tree=20
num_leaves=16
num_cat=0
split_feature=53 79 12 126 40 96 211 125 76 81 33 120 136 30 25
split_gain=0.947316 0.752666 1.28275 0.660937 0.575925 0.480835 0.355193 0.320097 0.296851 0.278583 0.272911 0.257943 0.157896 0.180965 0.407558
threshold=1.2228301721539319 1.1131975000772731 0.25000000000000017 0.051314552693363207 344578.49285714288 5.5026426103656718e-11 0.06766706897799242 1.0000000180025095e-35 0.21825396825396823 0.25771914111412103 3.3750000000000004 1.0000000180025095e-35 9.4375000000000018 2.9300000000000002 425864.46084694884
decision_type=2 2 2 2 2 2 2 2 8 2 2 2 2 8 10
left_child=1 2 5 8 -2 6 -1 -7 -4 10 -3 -11 13 -6 -15
right_child=4 9 3 -5 12 7 -8 -9 -10 11 -12 -13 -14 14 -16
leaf_value=0.0058252570995585918 0.010566916756082536 -0.0064732521325250088 -0.0071984564126930939 -0.014007020237155271 -0.0012461193531408182 0.0032919039803891268 0.00076320592725894029 -0.0022271052151640728 -0.00049243432855089703 -0.014212863504430887 0.0011122114337822919 -0.0070602001801551928 0.0057358625912031676 -0.0010643053871449762 0.006290286690228796
leaf_weight=129 31 22 39 23 46 43 89 158 35 20 18 29 37 37 58
leaf_count=129 31 22 39 23 46 43 89 158 35 20 18 29 37 37 58
internal_value=0.000231985 -0.00110642 -0.000147864 -0.00645108 0.00397819 0.00146661 0.00361508 -0.000756038 -0.00423404 -0.00626529 -0.0034209 -0.00966353 0.00271643 0.00164348 0.00310443
internal_weight=814 605 516 97 209 419 218 201 74 89 40 49 178 141 95
internal_count=814 605 516 97 209 419 218 201 74 89 40 49 178 141 95
is_linear=0
shrinkage=0.0680866


Tree=21
num_leaves=16
num_cat=1
split_feature=1 14 89 228 25 2 145 24 9 23 21 67 12 80 64
split_gain=0.875351 0.828499 0.769827 0.53683 0.491449 0.355639 0.354485 0.549647 0.331744 0.324949 0.541219 0.215388 0.1283 0.113539 0.102569
threshold=0 2.9600000000000004 184084.60119047618 -8.3549804499999976 473012.93750000006 2025.5000000000002 0.019927944120631102 1.7750000000000001 1.0000000180025095e-35 1280963.7908805034 1186714.1125541127 3.2745215311004787 1.0000000180025095e-35 0.92862342495613115 14.38736263736264
decision_type=9 2 2 2 8 2 2 8 2 10 10 8 2 2 8
left_child=1 3 6 4 -1 -5 7 -2 9 10 -4 -9 -3 -6 -10
right_child=2 12 8 5 13 -7 -8 11 14 -11 -12 -13 -14 -15 -16
leaf_value=-0.016379083654244019 0.0043235004235038709 0.0039256335539518171 0.0032677158765313449 -0.0014984760218597828 -0.0037535088653505785 -0.009020750108368782 -0.0081403641720314106 -0.0024752905603646659 -0.0045426802719047404 -0.0018641943719456039 0.010708644078903505 -0.0082789057200611232 -0.00080571314767870965 -0.0088873778378694875 -0.00016222761846572669
leaf_weight=25 33 52 347 84 17 17 24 67 22 25 28 20 19 19 28
leaf_count=25 33 52 347 84 17 17 24 67 22 25 28 20 19 19 28
internal_value=1.45658e-05 -0.00327111 0.00137862 -0.00609008 -0.0105424 -0.00349682 -0.00258252 -0.00141483 0.00278403 0.00346678 0.00399929 -0.00389453 0.00174154 -0.00711379 -0.00146894
internal_weight=827 233 594 162 61 101 144 120 450 400 375 87 71 36 50
internal_count=827 233 594 162 61 101 144 120 450 400 375 87 71 36 50
cat_boundaries=0 2
cat_threshold=285484084 1
is_linear=0
shrinkage=0.0680866


Tree=22
num_leaves=16
num_cat=0
split_feature=7 23 35 53 81 198 24 75 109 24 56 10 65 215 81
split_gain=0.940718 0.615615 0.578434 0.804478 0.901477 0.530525 0.527715 0.467855 0.423817 0.286926 0.279853 0.261588 0.183386 0.161562 0.135691
threshold=1.0000000180025095e-35 1072595.2324594732 1.7900000000000003 0.99999999999523526 0.070477247782901639 9.3990384615384635 -1.0000000180025095e-35 0.079682539682539674 1.0000000180025095e-35 2.7950000000000004 44.500000000000007 1.0000000180025095e-35 18.195220332157938 8.851648351648354 -0.11597903636208705
decision_type=2 8 2 2 2 2 10 10 2 10 8 2 2 2 2
left_child=1 7 3 4 6 -3 -2 8 -1 -10 14 -6 -4 -12 -5
right_child=2 5 12 10 11 -7 -8 -9 9 -11 13 -13 -14 -15 -16
leaf_value=0.0002601837601285836 0.0039371645743053159 -0.014104468784918032 0.011312982403148129 0.0055302667193590591 -0.0051640386392936208 -0.0038375981964778273 -0.0013326541781551165 0.0034706651545095626 -0.009742160338916438 -0.0026528330696358069 0.00090604413097853862 -0.011545931885867722 0.0051458046058581201 0.0054379977735443024 0.010343225822579969
leaf_weight=41 117 35 23 34 57 17 211 34 48 18 80 23 23 34 32
leaf_count=41 117 35 23 34 57 17 211 34 48 18 80 23 23 34 32
internal_value=8.99921e-07 -0.00392431 0.00124833 0.000692873 -0.000942754 -0.00935983 0.000543207 -0.00194704 -0.00385349 -0.00695638 0.00424717 -0.00667107 0.00723718 0.00257067 0.00747604
internal_weight=827 193 634 588 408 52 328 141 107 66 180 80 46 114 66
internal_count=827 193 634 588 408 52 328 141 107 66 180 80 46 114 66
is_linear=0
shrinkage=0.0680866


Tree=23
num_leaves=16
num_cat=0
split_feature=7 84 76 12 147 81 23 92 294 34 244 36 23 69 22
split_gain=0.618904 0.401132 0.36694 0.36598 0.448499 0.558681 0.714763 0.374764 0.337977 0.379103 0.336962 0.256419 0.222829 0.190853 0.171472
threshold=1.5000000000000002 60175.704959084112 0.26904761904761904 -0.68301270189221952 8.8944444444444475 0.8551825522808123 541868.23540100257 1.1876278739116799 1.0000000180025095e-35 1.0000000180025095e-35 0.057721546364850503 3.3750000000000004 345732.0991471216 3.6054903657620128 2.1250000000000004
decision_type=2 2 8 2 2 2 8 10 2 2 2 2 10 2 10
left_child=3 8 -3 -1 5 13 -7 -6 9 12 -11 -4 -2 -5 -9
right_child=1 2 11 4 7 6 -8 14 -10 10 -12 -13 -14 -15 -16
leaf_value=0.001405295408937732 0.0054301189447905811 0.001962461674041985 -0.0091165815013569164 -0.0014731115300390305 -0.0014007807341470907 -0.0024007467287831996 -0.013509642766958331 0.0088168497383276142 0.010101003356993791 0.012368512831995013 0.003828423614919022 -0.0017444184191119255 0.00011024655923281034 -0.0063847808769717691 0.0027095028698179056
leaf_weight=140 28 62 22 173 95 21 44 21 19 25 17 18 100 22 20
leaf_count=140 28 62 22 173 95 21 44 21 19 25 17 18 100 22 20
internal_value=1.49872e-05 0.00244756 -0.000547889 -0.00132662 -0.00238656 -0.00400673 -0.0087461 0.000496772 0.00429667 0.00342394 0.00784798 -0.00483926 0.00163548 -0.00233095 0.00501101
internal_weight=827 291 102 536 396 260 65 136 189 170 42 40 128 195 41
internal_count=827 291 102 536 396 260 65 136 189 170 42 40 128 195 41
is_linear=0
shrinkage=0.0680866


Tree=24
num_leaves=16
num_cat=1
split_feature=12 34 43 10 0 86 7 57 81 16 155 5 269 286 50
split_gain=0.567819 0.855655 0.623018 0.230988 0.297995 0.487749 0.229925 0.270023 0.228905 0.211876 0.200141 0.178282 0.155013 0.136491 0.0801773
threshold=0.6830127018922193 1.0000000180025095e-35 499357.12994350289 1.0000000180025095e-35 0 0.35125131281519884 1.0000000180025095e-35 66.833333333333357 -0.2652212561929333 2.5350000000000006 1.0000000180025095e-35 2.7950000000000004 0.038991874025650609 2.5000000000000004 143112.72559609255
decision_type=2 2 2 2 1 8 2 2 2 10 2 2 2 2 10
left_child=3 6 -3 4 9 8 7 -2 -6 -1 -11 -5 -4 -8 -9
right_child=1 2 12 11 5 -7 13 14 -10 10 -12 -13 -14 -15 -16
leaf_value=-0.0030114993211316529 -0.0062176514931531375 -0.0035309406748633139 -0.012439021901374921 0.00010096895677071833 0.0031638918785453028 0.0086654636308586483 0.0056301041839108565 0.0015656463576347122 -0.00053936373250292817 -0.00062327711866105417 0.0040483097098202936 -0.0053208678793276428 -0.018426076653281276 0.00033689929356150002 -0.0023134529869595229
leaf_weight=93 35 17 21 26 156 30 24 40 111 97 41 41 18 19 18
leaf_count=93 35 17 21 26 156 30 24 40 111 97 41 41 18 19 18
internal_value=-0.000428409 -0.00346646 -0.00954419 0.000589252 0.00108341 0.00242235 -0.000909667 -0.00244385 0.00162562 -0.000659678 0.000787161 -0.00262169 -0.0143998 0.00254462 -0.000196788
internal_weight=787 192 56 595 528 297 136 93 267 231 138 67 39 43 58
internal_count=787 192 56 595 528 297 136 93 267 231 138 67 39 43 58
cat_boundaries=0 1
cat_threshold=294
is_linear=0
shrinkage=0.0680866


Tree=25
num_leaves=16
num_cat=0
split_feature=80 34 211 7 42 76 25 61 30 51 163 59 192 38 23
split_gain=0.646988 1.059 0.622731 0.3565 0.6455 0.300637 0.288203 0.39146 0.414043 0.182283 0.156031 0.147378 0.123098 0.113309 0.120692
threshold=1.0617336929909431 1.0000000180025095e-35 0.037480777552725754 1.5000000000000002 175157.58318806931 0.1188235294117647 299193.87156862748 36.833333333333336 2.6800000000000002 -0.033769114462463549 1.0000000180025095e-35 10.500000000000002 0.039647340798514556 262976.18371467903 622822.59200968535
decision_type=2 2 2 2 8 8 10 2 8 10 2 8 2 10 10
left_child=3 6 -3 5 12 13 -2 8 -8 11 -9 -7 -5 14 -1
right_child=1 2 -4 4 -6 9 7 10 -10 -11 -12 -13 -14 -15 -16
leaf_value=-0.00051303986742926543 0.0036540931998480129 -0.0047436328227790795 -0.015499744234850163 0.0010939916918870989 0.0108043677988765 0.00064208396848654693 -0.0045935771641054573 -0.0091567428862099447 0.0023123984246919641 -0.00061946365553386406 -0.0037006380345278428 0.0052033889494251494 0.0051082706788541489 -0.005496608647298281 -0.0041423634660435948
leaf_weight=108 31 22 35 144 23 27 38 29 93 62 25 67 22 21 40
leaf_count=108 31 22 35 144 23 27 38 29 93 62 25 67 22 21 40
internal_value=-0.000393419 -0.00296414 -0.0099813 0.000995876 0.00324269 -0.000290036 -0.000970519 -0.00186533 -6.10146e-05 0.0016692 -0.00596657 0.00350022 0.00190211 -0.00220164 -0.00165599
internal_weight=787 273 57 514 189 325 216 185 131 156 54 94 166 169 148
internal_count=787 273 57 514 189 325 216 185 131 156 54 94 166 169 148
is_linear=0
shrinkage=0.0680866


Tree=26
num_leaves=16
num_cat=0
split_feature=31 12 113 92 267 22 17 81 65 135 11 147 36 27 93
split_gain=1.11341 1.02979 0.729164 0.705936 0.433438 0.337361 0.282637 0.424392 0.350743 0.250629 0.242928 0.149942 0.167241 0.310749 0.116126
threshold=732621.52777777787 0.6830127018922193 8.9529220779220804 1.3606241487446094 1.0000000180025095e-35 2.2950000000000004 598884.36912878801 -0.3362336237804629 8.4375000000000053 1.0000000180025095e-35 0.25000000000000011 9.1856060606060641 2.9600000000000004 978830.99068527075 1.0602104180755703
decision_type=2 2 2 10 2 10 10 2 2 2 2 2 2 8 2
left_child=3 11 5 6 -5 -3 7 8 -1 -9 -8 12 13 -2 -12
right_child=1 2 -4 4 -6 -7 10 9 -10 -11 14 -13 -14 -15 -16
leaf_value=0.0047691845768895111 -0.0023231017772614134 -0.020686246114054636 -0.0047348846047056518 0.0051478405881532343 0.01523660024296703 -0.011971498735146963 0.0068652192819445759 0.0021796323720107732 -0.00066615197136842442 -0.0036305877971597299 6.730736523134442e-05 0.0008361285209359245 -0.00021151341326516488 -0.009258296247285646 0.003840600399842724
leaf_weight=87 60 23 28 17 17 17 39 19 85 151 66 64 50 23 41
leaf_count=87 60 23 28 17 17 17 39 19 85 151 66 64 50 23 41
internal_value=-0.000363857 -0.00380874 -0.0101528 0.0014194 0.00872372 -0.0157304 0.000788687 -0.000258805 0.00193811 -0.00255712 0.00310047 -0.00157079 -0.00265981 -0.00440923 0.00170622
internal_weight=787 265 68 522 34 40 488 342 172 170 146 197 133 83 107
internal_count=787 265 68 522 34 40 488 342 172 170 146 197 133 83 107
is_linear=0
shrinkage=0.0680866


Tree=27
num_leaves=16
num_cat=0
split_feature=31 228 138 53 86 7 190 23 273 276 257 110 38 220 189
split_gain=0.892718 0.724049 0.604438 0.540994 0.504455 0.556219 0.441711 0.311607 0.297212 0.289143 0.287343 0.202874 0.200777 0.193177 0.180215
threshold=499806.23194444453 -8.3580425999999992 775000.00000000012 1.210429552391229 0.202831416485697 1.0000000180025095e-35 0.030198437833634951 245454.75000000003 1.0000000180025095e-35 0.50806451612903236 1.0000000180025095e-35 16.000000000000004 157877.02494437186 4.5000000000000009 15.000000000000002
decision_type=2 2 2 2 8 2 2 10 2 2 2 2 10 2 2
left_child=2 -2 3 7 11 12 13 8 -1 -7 -9 14 -6 -5 -3
right_child=1 4 -4 6 5 9 -8 10 -10 -11 -12 -13 -14 -15 -16
leaf_value=0.00051715482009741026 -0.010463652480757674 -0.00033439047124681826 0.010043537242227684 0.014157519259774431 -0.013793533512181584 -0.0056848379151261856 0.0024330513801512129 -0.00053383599155795627 0.0067931218020398278 -0.000376165489358309 -0.006419586670625534 -0.0036854892373996005 -0.0071320467435003563 0.0078092926935340069 0.0031751621593555999
leaf_weight=79 21 117 22 18 21 49 60 84 29 117 36 21 20 27 106
leaf_count=79 21 117 22 18 21 49 60 84 29 117 36 21 20 27 106
internal_value=-7.82152e-05 -0.00197358 0.00241717 0.00174995 -0.00141641 -0.00374553 0.00537808 -4.32376e-05 0.00226834 -0.00218469 -0.00231773 0.000595048 -0.00949002 0.00982578 0.00130152
internal_weight=827 472 355 333 451 207 105 228 108 166 120 244 41 45 223
internal_count=827 472 355 333 451 207 105 228 108 166 120 244 41 45 223
is_linear=0
shrinkage=0.0680866


Tree=28
num_leaves=16
num_cat=0
split_feature=8 12 42 47 53 7 80 83 225 18 42 197 55 181 18
split_gain=0.521121 0.331093 0.407573 0.306826 0.977663 0.361778 0.506614 0.343664 0.382087 0.28501 0.201597 0.181357 0.194714 0.125537 0.240198
threshold=1.0000000180025095e-35 1.0000000180025095e-35 172385.22950630181 636087.86865079368 0.67674622149081209 1.0000000180025095e-35 1.4289510230246594 0.99999999994073474 1.0000000180025095e-35 3.0250000000000004 231803.5992107004 1.0000000180025095e-35 31.500000000000004 0.027689672418345152 2.5650000000000004
decision_type=2 2 8 2 2 2 2 2 2 8 8 2 10 2 10
left_child=3 2 13 7 -5 6 -6 8 -1 -3 -7 12 -9 14 -2
right_child=1 9 -4 4 5 10 -8 11 -10 -11 -12 -13 -14 -15 -16
leaf_value=0.0006131996981152333 0.0085126063044529826 0.0014804244588368001 0.010358875144715313 -0.011061449221036588 -0.0016954329795893217 0.0012545538694104142 -0.0094007501161358625 0.0071429095809942937 -0.0074996987128884522 -0.0053763405188587852 -0.002647882721401729 0.00025635167019757142 0.0018593650764089599 0.00069402993199920598 0.0024076013113723937
leaf_weight=35 25 46 23 29 93 200 36 52 25 22 61 43 35 47 55
leaf_count=35 25 46 23 29 93 200 36 52 25 22 61 43 35 47 55
internal_value=-8.15062e-05 0.00262901 0.00443664 -0.00108757 -0.0021101 -0.00122679 -0.00391233 0.00102808 -0.00244731 -0.000613691 0.000191505 0.00297599 0.00473438 0.00309321 0.00443906
internal_weight=827 218 150 609 419 390 129 190 60 68 261 130 87 127 80
internal_count=827 218 150 609 419 390 129 190 60 68 261 130 87 127 80
is_linear=0
shrinkage=0.0680866


Tree=29
num_leaves=16
num_cat=0
split_feature=92 228 7 59 13 125 49 23 3 5 120 23 87 29 156
split_gain=0.52533 0.521565 0.389532 0.430287 0.46233 0.301146 0.255514 0.273082 0.229967 0.207759 0.214899 0.149773 0.131342 0.159447 0.105291
threshold=1.3192582518221985 -8.3549804499999976 1.5000000000000002 60.500000000000007 430073.23002136761 1.0000000180025095e-35 14997.748256165216 685672.78287194518 9.5000000000000018 2.3400000000000003 1.0000000180025095e-35 870638.92008928582 1.0000000180025095e-35 376263.59140184143 1.0000000180025095e-35
decision_type=10 2 2 8 2 2 10 10 2 2 2 10 2 10 2
left_child=2 -2 5 9 -5 12 7 -7 -8 14 -11 -6 -1 -14 -4
right_child=1 -3 3 4 11 6 8 -9 -10 10 -12 -13 13 -15 -16
leaf_value=0.0051320614755452484 0.010579595229334222 0.0013379529172933646 0.00035390068513187244 0.010728513557827312 0.0045550183739172688 -0.0005075636017620634 -0.0078384991503246942 -0.0052768586607403779 -0.0027432232425880321 -0.0060419417269152315 -0.00061079430993005201 -0.00077236520592333698 -0.002610145024499395 0.0025817305792992353 0.004126642230340526
leaf_weight=19 29 38 48 28 25 243 55 47 65 28 73 25 24 40 40
leaf_count=19 29 38 48 28 25 243 55 47 65 28 73 25 24 40 40
internal_value=-9.13804e-05 0.00487135 -0.000600309 0.00139606 0.00519419 -0.00171813 -0.00248661 -0.00144643 -0.00492455 -0.000176908 -0.00217025 0.00232851 0.00154388 0.000571825 0.00187319
internal_weight=827 67 760 267 78 493 410 290 120 189 101 50 83 64 88
internal_count=827 67 760 267 78 493 410 290 120 189 101 50 83 64 88
is_linear=0
shrinkage=0.0680866


Tree=30
num_leaves=13
num_cat=0
split_feature=31 92 80 92 64 3 225 218 64 33 267 193
split_gain=0.438542 0.424121 0.480979 0.479732 0.413209 0.279332 0.229862 0.197897 0.130804 0.142596 0.126593 0.105316
threshold=1083568.0859682541 1.4675894605980322 1.3769849664509353 1.3015136045476832 18.135802469135808 3.5000000000000004 1.0000000180025095e-35 1.0000000180025095e-35 38.340695488721813 2.2050000000000005 1.0000000180025095e-35 1.0000000180025095e-35
decision_type=2 10 2 8 8 2 2 2 10 2 2 2
left_child=1 2 4 7 5 -1 -6 -4 11 -10 -5 -2
right_child=8 -3 3 10 6 -7 -8 -9 9 -11 -12 -13
leaf_value=-0.0053245990136168899 -0.0087367152329878191 0.0068506645695075325 0.0025987373605275109 -0.0075702951887936408 0.0033135882509039657 -0.00031890664034701325 5.6966032736934172e-05 -0.003540386814812735 0.0010958752933766284 -0.0044167968484443501 -0.0131579518766265 -0.004086340383568427
leaf_weight=46 31 23 24 17 255 174 132 26 18 21 17 19
leaf_count=46 31 23 24 17 255 174 132 26 18 21 17 19
internal_value=-8.57641e-05 0.000468194 0.00015898 -0.00410515 0.000816004 -0.00140587 0.00213113 -0.00102569 -0.00409053 -0.00213482 -0.0093233 -0.00643667
internal_weight=803 714 691 84 607 220 387 50 89 39 34 50
internal_count=803 714 691 84 607 220 387 50 89 39 34 50
is_linear=0
shrinkage=0.0680866


Tree=31
num_leaves=16
num_cat=0
split_feature=53 97 31 131 57 96 138 30 167 277 65 133 96 22 56
split_gain=0.781065 0.81119 0.569226 0.633178 0.346584 0.372622 0.235975 0.212274 0.206948 0.203339 0.173536 0.141787 0.13166 0.128867 0.103202
threshold=0.91616304632548162 1.9625249006357809e-11 727561.78125000012 8.4687500000000018 69.500000000000014 240809.12083333332 275000.00000000006 4.1650000000000009 1.0000000180025095e-35 1.0000000180025095e-35 4.9391203703703708 0.39354838709677425 -348422.49999999994 2.2050000000000005 99.500000000000014
decision_type=2 2 2 2 2 2 2 8 2 2 2 2 2 10 8
left_child=1 10 4 -4 5 8 -5 -3 -2 -7 -1 -12 -6 -8 -13
right_child=2 7 3 6 12 9 13 -9 -10 -11 11 14 -14 -15 -16
leaf_value=0.0011847377768749734 0.0021383907711771222 -0.015772365827084828 -0.009015117226028279 0.001605757093296255 0.0032290383252805439 0.0026323595711340913 -0.0068909993945946626 -0.0087064611131017437 0.0072034724745826933 -0.0029841227931300652 -0.0011870140328617703 -0.0067612244837219615 -0.00045225293859313409 -0.0015013356196758572 -0.0023062795800813042
leaf_weight=49 27 17 28 86 37 47 20 19 133 27 81 44 153 18 17
leaf_count=49 27 17 28 86 37 47 20 19 133 27 81 44 153 18 17
internal_value=-7.77991e-05 -0.0032979 0.00122761 -0.00206584 0.00250476 0.00421152 -0.00030287 -0.0106852 0.00602524 0.000795697 -0.00173567 -0.00278117 0.000492409 -0.00366596 -0.00495995
internal_weight=803 227 576 152 424 234 124 36 160 74 191 142 190 38 61
internal_count=803 227 576 152 424 234 124 36 160 74 191 142 190 38 61
is_linear=0
shrinkage=0.0680866


Tree=32
num_leaves=16
num_cat=0
split_feature=53 97 7 70 196 24 225 294 4 27 176 95 81 53 7
split_gain=0.851813 0.61125 0.505226 0.451638 0.404744 0.293773 0.499622 0.254888 0.250884 0.229023 0.215732 0.196603 0.166724 0.207839 0.131405
threshold=1.6830240748071434 -4.2259958664126964e-11 1.0000000180025095e-35 286491.02573529416 0.52419354838709686 1.6550000000000002 1.0000000180025095e-35 1.0000000180025095e-35 122.00000000000001 378023.86363636371 1.0000000180025095e-35 2390277.6063218392 -0.20510672489558998 0.999999999976799 1.5000000000000002
decision_type=2 2 2 2 2 10 2 2 2 8 2 2 2 2 2
left_child=1 5 3 9 -5 6 10 -4 -8 -3 -1 -2 13 -7 -13
right_child=11 2 7 4 -6 12 8 -9 -10 -11 -12 14 -14 -15 -16
leaf_value=0.0027590158759732736 0.0099424210833883413 -0.0060379628522588841 1.2086091908519499e-05 -0.0061158819545884527 -0.014155595862547171 -0.00012237266706735579 -0.0050072971362141276 -0.0058997955876819649 0.0022005416856873948 0.00032693101264806763 0.0086793036147962705 0.002025569320428838 -0.0024130729751200403 0.0045924410137045887 0.007143810545018071
leaf_weight=22 27 21 175 39 32 152 26 17 18 41 60 31 90 33 19
leaf_count=22 27 21 175 39 32 152 26 17 18 41 60 31 90 33 19
internal_value=-7.96396e-05 -0.000798044 -0.00292916 -0.00597226 -0.00942493 0.000916131 0.00345947 -0.000882324 -0.00102217 -0.0025631 0.00646383 0.00586969 -0.000229528 0.000822809 0.00442244
internal_weight=803 726 325 133 71 401 126 192 44 62 82 77 275 185 50
internal_count=803 726 325 133 71 401 126 192 44 62 82 77 275 185 50
is_linear=0
shrinkage=0.0680866


Tree=33
num_leaves=15
num_cat=0
split_feature=53 7 92 85 77 31 273 125 291 71 132 109 14 171
split_gain=0.428672 0.491087 0.438457 0.266244 0.239485 0.331467 0.36429 0.256676 0.233523 0.119883 0.0662439 0.0236337 0.0136777 0.00052853
threshold=0.75523266050487792 1.5000000000000002 1.5381908027893842 1.032174275523017 0.21389936948235455 657393.44526143803 1.0000000180025095e-35 1.0000000180025095e-35 4.5000000000000009 329781.98214285722 0.017247759513873653 1.0000000180025095e-35 2.5350000000000006 1.0000000180025095e-35
decision_type=2 2 10 2 2 2 2 2 2 10 2 2 2 2
left_child=1 9 4 10 5 6 -2 -7 -6 -1 -3 -10 -5 -12
right_child=2 3 -4 12 8 7 -8 -9 11 -11 13 -13 -14 -15
leaf_value=-0.0067989918066991622 -0.00020996505816621948 0.00033213324016470857 0.0077985434560351417 -0.0056965633159601981 0.0082934658237733185 0.00089915958710682416 0.0037560360363384166 -0.0035541661405989566 0.0004877905631244603 -0.01188789740979557 0.0047213041778081779 0.0027287110571450877 -0.0036797356132064157 0.0037703405266910845
leaf_weight=26 258 17 17 17 22 69 149 145 22 17 18 17 18 17
leaf_count=26 258 17 17 17 22 69 149 145 22 17 18 17 18 17
internal_value=0.00015765 -0.00314088 0.000818081 -0.00074606 0.000537028 0.000132345 0.00123693 -0.0019301 0.00398558 -0.00813859 0.00208495 0.0018879 -0.00403635 0.00391382
internal_weight=829 130 699 87 682 621 407 214 61 43 52 39 35 35
internal_count=829 130 699 87 682 621 407 214 61 43 52 39 35 35
is_linear=0
shrinkage=0.0680866


Tree=34
num_leaves=16
num_cat=2
split_feature=1 23 12 26 54 27 131 83 61 21 171 159 26 0 26
split_gain=0.395868 0.480581 0.705458 0.48934 0.478921 0.476128 0.351441 0.254093 0.228499 0.195132 0.199096 0.193476 0.241016 0.147723 0.116071
threshold=0 492006.24376114085 0.6830127018922193 2.1250000000000004 79.500000000000014 420529.6768292684 7.7326839826839828 1.0725859267132398 34.166666666666679 325765.14754098369 1.0000000180025095e-35 2.5000000000000004 3.1750000000000003 1 3.0650000000000004
decision_type=9 8 2 8 2 8 2 2 2 10 2 2 8 1 8
left_child=5 3 9 4 -2 -1 -4 -8 -7 10 -3 12 -5 -11 -13
right_child=1 2 6 11 -6 8 7 -9 -10 13 -12 14 -14 -15 -16
leaf_value=-0.0096368259405620327 0.012281163364525102 0.0070977278053967951 -0.010641958339031605 0.0070920335310398755 0.0035170796032028954 -0.0035046277328983732 -0.0075492395384110988 -0.0014711835713216877 0.0023391589635552508 0.0017626597718587433 0.0018425348043763317 -0.0029282617875765965 0.00055517287258101942 -0.0010018055503604505 0.0011263306775078424
leaf_weight=24 36 28 18 32 34 54 25 72 27 116 71 42 25 184 41
leaf_count=24 36 28 18 32 34 54 25 72 27 116 71 42 25 184 41
internal_value=0.000154603 0.000728109 -0.000347184 0.00334841 0.00748817 -0.0032005 -0.00464743 -0.00345656 -0.00151154 0.00094528 0.00333237 0.0013104 0.00373189 0.000140572 -0.000683445
internal_weight=829 724 514 210 70 105 115 97 81 399 99 140 57 300 83
internal_count=829 724 514 210 70 105 115 97 81 399 99 140 57 300 83
cat_boundaries=0 2 3
cat_threshold=285213712 1 12
is_linear=0
shrinkage=0.0680866


Tree=35
num_leaves=16
num_cat=0
split_feature=53 81 23 90 95 56 25 65 97 175 51 21 64 25 95
split_gain=0.804661 0.736588 0.483376 0.386676 0.38223 0.285954 0.215849 0.187626 0.17658 0.321226 0.174925 0.186472 0.169101 0.0824946 0.0213753
threshold=1.593257946669425 0.16356690925265621 322601.04924242431 419669.99204545462 938288.50000000012 64.500000000000014 637770.00000000012 23.731388432544545 440734.73326019599 0.099134291128230204 0.031342966626756931 902755.32362155395 23.972431077694239 1087864.4206349209 7142536.0515664173
decision_type=2 2 8 2 2 8 8 2 2 2 10 8 8 8 2
left_child=1 3 -3 4 6 -2 -1 -6 12 -10 -5 -12 -4 14 -7
right_child=5 2 8 10 7 13 -8 -9 9 -11 11 -13 -14 -15 -16
leaf_value=-0.0094762606524457765 0.010343047326735492 0.0029945881044527835 -0.0062510752573835008 0.0079742224464738765 0.0017261512191905435 0.00049249009107977268 -0.0026671363258598804 -0.0011087180748075005 -0.0097366997045455171 -0.0027950477183824435 0.00026286970415569355 0.0061091862616622318 -0.0015489755689317587 0.0057482426974379136 0.0026570711362182598
leaf_weight=19 27 18 34 30 245 18 22 157 60 27 34 21 73 27 17
leaf_count=19 27 18 34 30 245 18 22 157 60 27 34 21 73 27 17
internal_value=0.000135563 -0.000590995 -0.00381772 0.000727863 -3.09709e-05 0.00557035 -0.0050263 0.000580879 -0.00499786 -0.00709258 0.00447087 0.00291527 -0.00335907 0.00390797 0.00192707
internal_weight=829 740 212 528 443 89 41 402 194 87 85 55 107 62 35
internal_count=829 740 212 528 443 89 41 402 194 87 85 55 107 62 35
is_linear=0
shrinkage=0.0680866


Tree=36
num_leaves=16
num_cat=0
split_feature=53 12 28 12 60 214 49 65 40 6 190 26 133 196 295
split_gain=0.554974 0.622677 0.446061 0.355464 0.274272 0.385946 0.196954 0.184605 0.381833 0.236659 0.18446 0.152371 0.136266 0.115547 0.11266
threshold=0.9999999999650917 -0.5 2.2950000000000004 0.6830127018922193 80.500000000000014 0.04887447889187526 57816.243055555657 24.239289106579296 466518.90863237641 2.5000000000000004 0.022312506986069753 2.5900000000000003 0.46666666666666673 0.52419354838709686 11.554999806415145
decision_type=2 2 8 2 8 2 8 2 2 2 2 8 2 2 10
left_child=3 2 -2 7 5 -3 12 8 11 -9 -4 -1 -6 -11 -12
right_child=1 4 10 -5 6 -7 -8 9 -10 13 14 -13 -14 -15 -16
leaf_value=-0.0045070093688985733 0.012423330214769742 9.1103909903389259e-05 0.0019886503481968522 -0.0078050427317332425 0.0018589732226520056 0.0056109653749324235 -0.004447674301347568 -0.0057230560477354014 0.0043909664746441569 0.0014849629564973761 0.0097265191870999097 -0.00031674568874064227 -0.0022955003859039956 -0.0028513340898190251 0.0048530002131741664
leaf_weight=39 18 134 56 19 58 69 55 62 49 39 22 89 43 29 23
leaf_count=39 18 134 56 19 58 69 55 62 49 39 22 89 43 29 23
internal_value=0.000349059 0.0017931 0.00572192 -0.00173981 0.000448631 0.00197265 -0.00158695 -0.00122577 0.000129649 -0.00299933 0.00434756 -0.00159742 -0.000120617 -0.000722003 0.00684808
internal_weight=804 478 119 326 359 203 156 307 177 130 101 128 101 68 45
internal_count=804 478 119 326 359 203 156 307 177 130 101 128 101 68 45
is_linear=0
shrinkage=0.0680866


Tree=37
num_leaves=16
num_cat=0
split_feature=29 29 11 21 31 138 257 43 60 8 24 23 128 11 22
split_gain=0.332876 0.347229 0.312415 0.2995 0.269394 0.229883 0.170382 0.231611 0.152871 0.147728 0.142607 0.135987 0.130952 0.362315 0.28066
threshold=365234.80931372562 278244.46085858595 -1.0000000180025095e-35 561530.69981203019 854366.02971813735 485000.00000000006 1.0000000180025095e-35 593024.46853741503 31.500000000000004 1.0000000180025095e-35 2.8900000000000001 479417.44652014662 1.0000000180025095e-35 -0.24999999999999994 2.1250000000000004
decision_type=8 10 2 8 2 2 2 2 8 2 10 10 2 2 10
left_child=1 2 -1 5 6 8 7 -5 11 -7 -10 -2 14 -14 -6
right_child=3 -3 -4 4 12 9 -8 -9 10 -11 -12 -13 13 -15 -16
leaf_value=0.013145954551397134 0.00098172247886527749 0.00061676286604674124 0.0048663449682922006 0.0059034598794566896 0.0034666118980105193 -0.00036983147915953534 -0.0020908394935064811 0.001630072432222655 -0.0063322755382873297 0.0048048643422919802 -0.0019846693210267712 -0.0034872496280833323 -0.00054017556500072443 -0.0083776180685851947 -0.0022834941558567846
leaf_weight=18 46 29 21 52 45 36 19 246 75 19 33 34 40 23 68
leaf_count=18 46 29 21 52 45 36 19 246 75 19 33 34 40 23 68
internal_value=0.000322998 0.00424621 0.00810629 -9.34966e-05 0.000840127 -0.00196895 0.00200865 0.00246632 -0.00313641 0.00116591 -0.0047224 -0.00119883 -0.00113806 -0.00336672 -2.78706e-06
internal_weight=804 68 39 736 493 243 317 298 188 55 108 80 176 63 113
internal_count=804 68 39 736 493 243 317 298 188 55 108 80 176 63 113
is_linear=0
shrinkage=0.0680866


Tree=38
num_leaves=15
num_cat=1
split_feature=61 1 85 92 50 92 5 86 217 8 13 64 46 22
split_gain=0.262642 0.349818 0.288416 0.204632 0.204502 0.189073 0.149321 0.142402 0.128657 0.128334 0.124698 0.0982487 0.0767055 0.0735036
threshold=84.333333333333357 0 0.82612382022399411 1.0359157471826068 -682.99538690480392 1.1653791017830912 1.2900000000000003 0.1617211636286511 1.0000000180025095e-35 1.0000000180025095e-35 403889.30685185193 6.7125000000000012 86238.383894207567 2.5900000000000003
decision_type=2 9 2 8 10 10 2 10 2 2 2 10 10 10
left_child=1 2 -1 -2 6 10 -3 -8 13 12 -4 -10 -5 -6
right_child=3 4 5 9 8 -7 7 -9 11 -11 -12 -13 -14 -15
leaf_value=0.0080777930792730358 0.0078569680460653553 -0.0057611273675696436 -0.0035314246899961462 0.0022557412492246109 0.0039359622495725912 0.0049186480087785008 -4.9704658295879651e-05 -0.0026196505045925633 0.001630854136209382 0.0049369063821884914 0.0011922714822059568 -0.0014960721796900445 -0.0017263169224058523 0.00054895402766834975
leaf_weight=23 19 18 19 17 62 30 158 195 50 22 39 103 28 21
leaf_count=23 19 18 19 17 62 30 158 195 50 22 39 103 28 21
internal_value=0.000299664 -0.000119891 0.00291201 0.0034471 -0.000771918 0.00177649 -0.00176487 -0.00146587 0.00069249 0.00217362 -0.000273752 -0.00032431 0.000293507 0.00266002
internal_weight=804 718 111 86 607 88 371 353 236 67 58 153 45 83
internal_count=804 718 111 86 607 88 371 353 236 67 58 153 45 83
cat_boundaries=0 1
cat_threshold=234901760
is_linear=0
shrinkage=0.0680866


Tree=39
num_leaves=16
num_cat=0
split_feature=31 21 3 86 30 25 214 296 89 13 217 21 18 163 169
split_gain=0.34862 0.476415 0.494241 0.354306 0.655153 0.733937 0.353216 0.316531 0.307855 0.353273 0.219458 0.247011 0.184448 0.16923 0.135094
threshold=428927.84905660379 591115.99309593032 5.5000000000000009 0.1410574572914893 3.7600000000000002 777737.07386363647 0.056426664333708361 12.026933596112995 861829.61913690495 679360.46123411634 1.0000000180025095e-35 469537.20098039223 2.8900000000000001 1.0000000180025095e-35 11.500000000000002
decision_type=2 10 2 10 8 8 2 10 2 2 2 8 8 2 2
left_child=3 2 12 6 -5 7 -1 -6 14 -10 -4 -12 -2 -7 -3
right_child=1 8 10 4 5 13 -8 -9 9 -11 11 -13 -14 -15 -16
leaf_value=0.0020294278432120313 -0.012868018878301586 -0.0022224858120948564 -0.005481244898067319 0.010537109322963851 -0.00086783668560331021 0.0097971250092928827 -0.0041162081277451397 -0.0086963827482983355 0.0086496597764114808 0.0018275634434657515 -0.0029649886862389762 0.0020480728744076168 -0.0065145668170717352 0.0042593843532857468 0.0010804645914321998
leaf_weight=87 19 119 31 38 33 26 47 17 22 124 65 70 22 32 72
leaf_count=87 19 119 31 38 33 26 47 17 22 124 65 70 22 32 72
internal_value=0.000286629 -0.000695094 -0.00315169 0.00216221 0.00438919 0.00203881 -8.46574e-05 -0.00312549 0.000807924 0.00304174 -0.00169391 -0.000460786 -0.00857773 0.00623747 -0.00083449
internal_weight=824 544 207 280 146 108 134 50 337 146 166 135 41 58 191
internal_count=824 544 207 280 146 108 134 50 337 146 166 135 41 58 191
is_linear=0
shrinkage=0.0680866


Tree=40
num_leaves=16
num_cat=0
split_feature=53 93 238 150 96 236 31 81 96 30 89 12 8 73 5
split_gain=0.499339 0.567309 0.343565 0.240761 0.338867 0.292427 0.234042 0.229201 0.218834 0.15371 0.195066 0.090666 0.0886742 0.059729 0.0566892
threshold=1.3410966508033195 1.1617438985476731 1.0000000180025095e-35 1.0000000180025095e-35 323333.42608960113 1.0000000180025095e-35 493690.30833333341 0.13211793829149562 4.5229297887842733e-11 2.6800000000000002 709262.17532467551 0.6830127018922193 1.0000000180025095e-35 143932.35185185188 2.4400000000000004
decision_type=2 2 2 2 2 2 2 2 2 8 2 2 2 2 2
left_child=1 3 6 4 7 -6 13 -1 14 -4 -11 -3 -13 -2 -5
right_child=2 11 9 8 5 -7 -8 -9 -10 10 -12 12 -14 -15 -16
leaf_value=0.0025137535661699062 0.011713217822215625 -0.0037979807124775633 -0.0028955457472012486 -0.0022806464386178993 -0.0036417902615343287 0.0024292723977570969 0.0033764777421856251 -0.0013408382615801952 -0.0069011838171965491 0.0001861802352224786 0.0058015933184238913 -0.010190059669562806 -0.005806959999546852 0.0080532342537349578 0.0012169442464291026
leaf_weight=307 23 35 17 19 111 27 31 67 28 50 22 21 23 23 20
leaf_count=307 23 35 17 19 111 27 31 67 28 50 22 21 23 23 20
internal_value=0.000268352 -0.000557997 0.00339052 0.000153922 0.000666649 -0.0019801 0.00649623 0.00171441 -0.00312592 0.00100384 0.00202786 -0.00531542 -0.0075653 0.00941237 -0.000897658
internal_weight=824 658 166 579 512 138 77 374 67 89 72 79 44 46 39
internal_count=824 658 166 579 512 138 77 374 67 89 72 79 44 46 39
is_linear=0
shrinkage=0.0680866


Tree=41
num_leaves=16
num_cat=0
split_feature=89 92 53 53 295 63 295 80 120 64 25 64 238 115 175
split_gain=0.342296 0.622197 0.434182 0.309982 0.249206 0.244437 0.1721 0.191813 0.163002 0.150217 0.131918 0.16393 0.0745328 0.0484095 0.0947295
threshold=232681.7048896632 1.4074641353589772 1.1942197520262618 0.9372638249241495 11.892623604587449 2.7386363636363638 10.789511891803583 0.8131090752020117 1.0000000180025095e-35 50.911764705882355 996853.88793183956 33.638235294117656 1.0000000180025095e-35 1.0000000180025095e-35 0.054820274777744607
decision_type=2 10 2 2 10 8 8 2 2 8 10 10 2 2 2
left_child=2 3 5 10 9 -1 12 -8 -7 -4 11 -2 -5 14 -6
right_child=1 -3 4 6 13 8 7 -9 -10 -11 -12 -13 -14 -15 -16
leaf_value=-0.0021365704558344921 -0.0019354117305206107 0.0080375787127285169 0.0069765593114819056 -0.0018669890348932154 -0.0026971219649313347 -0.011732968878144494 0.00515475995343427 0.0015343991296940492 -0.0061369647212370804 0.0013684944564155269 -0.0048341776036432511 0.0019065179135358352 0.0013983592440766834 -0.0038075883505430297 0.0013488458537828537
leaf_weight=28 149 32 23 65 35 23 75 199 30 20 24 49 28 19 25
leaf_count=28 149 32 23 65 35 23 75 199 30 20 24 49 28 19 25
internal_value=0.000243766 0.00102507 -0.00205011 0.000526283 0.000171275 -0.00556272 0.00169673 0.00256167 -0.00828189 0.00368524 -0.00138809 -0.000899715 -0.000514051 -0.00164238 -0.000988493
internal_weight=824 621 203 589 122 81 367 274 53 43 222 198 93 79 60
internal_count=824 621 203 589 122 81 367 274 53 43 222 198 93 79 60
is_linear=0
shrinkage=0.0680866


Tree=42
num_leaves=12
num_cat=0
split_feature=68 141 45 23 36 107 86 125 24 23 23
split_gain=0.317895 0.332468 0.767707 0.199486 0.232619 0.384984 0.216403 0.17594 0.11753 0.116025 0.0992533
threshold=4.5131578947368434 825.00000000000011 591780.32093578181 846182.0335546399 3.3750000000000004 1.0000000180025095e-35 0.20079122756306364 1.0000000180025095e-35 1.9100000000000004 489588.05897435907 924190.78947368439
decision_type=10 2 2 10 2 2 10 2 10 10 8
left_child=1 2 10 4 5 -3 8 -8 -5 -6 -1
right_child=-2 3 -4 6 9 -7 7 -9 -10 -11 -12
leaf_value=-0.0021384937188564054 0.0055857144638952637 -0.00037913947243868801 -0.012509883603828709 0.0026766886745764663 0.0042375328121401924 0.0064378768322317127 -0.0026854802648720827 -0.0086427903736684113 -0.0013922597080467704 0.00040413336874717314 0.0025833271684916363
leaf_weight=18 23 445 18 23 104 18 24 23 82 27 18
leaf_count=18 23 445 18 23 104 18 24 23 82 27 18
internal_value=5.18138e-05 -0.000183451 -0.0044853 0.000184286 0.000745392 5.19264e-05 -0.0018541 -0.00510223 -0.000410601 0.00308571 -0.00057939
internal_weight=823 800 54 746 594 463 152 47 105 131 36
internal_count=823 800 54 746 594 463 152 47 105 131 36
is_linear=0
shrinkage=0.0680866


Tree=43
num_leaves=16
num_cat=1
split_feature=1 53 12 64 87 84 86 80 201 214 123 133 244 80 89
split_gain=0.699896 0.447802 0.518302 0.322095 0.263013 0.246203 0.262236 0.22207 0.19046 0.153214 0.16997 0.152022 0.145252 0.194224 0.123638
threshold=0 1.2470978027876372 -1.0000000180025095e-35 16.475555555555562 1.0000000180025095e-35 -34568.486111111146 0.34096108247016926 1.3433462821270494 0.087032216068434212 0.035688884662456059 10.500000000000002 0.098387096774193564 0.043108822951628011 1.1787694363436743 205587.98809523814
decision_type=9 2 2 8 2 2 10 2 2 2 2 2 2 2 2
left_child=3 2 5 8 11 6 -2 9 -1 10 -5 -3 13 -4 -6
right_child=1 4 12 7 14 -7 -8 -9 -10 -11 -12 -13 -14 -15 -16
leaf_value=-0.009714781827498466 0.0031402516639198771 0.011627008752376858 -0.0025240992123983915 0.003799438400401449 0.0011528411563027495 0.0004421522057474536 0.0094595083780766604 -0.0058546288280373398 -0.0040178453767684098 -0.0035403054573578709 -0.00074753684597989956 0.0059001815293585605 0.00010124246478038963 -0.0074872530103369085 0.0050977953006485005
leaf_weight=34 93 22 89 32 66 156 17 24 31 38 93 21 35 31 41
leaf_count=34 93 22 89 32 66 156 17 24 31 38 93 21 35 31 41
internal_value=5.22901e-05 0.00134469 0.00028057 -0.00273971 0.00435976 0.00200493 0.00431141 -0.00159552 -0.00648261 -0.000636102 0.000491987 0.00815809 -0.00265658 -0.00391191 0.00289321
internal_weight=823 571 421 252 150 266 110 187 65 163 125 43 155 120 107
internal_count=823 571 421 252 150 266 110 187 65 163 125 43 155 120 107
cat_boundaries=0 2
cat_threshold=2972066832 1
is_linear=0
shrinkage=0.0680866


Tree=44
num_leaves=16
num_cat=1
split_feature=0 5 29 31 23 97 171 60 3 30 118 97 131 13 42
split_gain=0.221297 0.640143 0.369332 0.36668 0.345665 0.27798 0.271513 0.240331 0.157992 0.370315 0.755381 0.161218 0.145631 0.224753 0.136673
threshold=0 2.0350000000000006 292907.42592592601 474154.47619047627 888011.36363636376 560029.92177250574 1.0000000180025095e-35 30.500000000000004 5.5000000000000009 3.3950000000000005 0.049615849282604256 1.6342312547811055e-11 8.4687500000000018 541752.12180059531 244220.27084451864
decision_type=1 2 8 2 8 2 2 10 2 8 2 2 2 2 8
left_child=1 5 7 4 6 -1 -3 -2 9 10 -4 -11 13 -5 -10
right_child=2 3 8 12 -6 -7 -8 -9 14 11 -12 -13 -14 -15 -16
leaf_value=-0.0038434040391287817 0.0034570255694639004 -0.0029179757013362007 -0.001140259872435552 -0.00084694172723839486 0.0090562885305865634 -0.010088051388400718 0.0039831858766291176 0.01086969316900047 0.00088120256332570811 -0.0015226726390131014 -0.01311036972938707 0.0025247236864182378 0.0014123233210047111 -0.0065540024720347131 0.0047263342491540294
leaf_weight=65 19 19 33 51 22 29 43 17 287 61 18 75 25 33 26
leaf_count=65 19 19 33 51 22 29 43 17 287 61 18 75 25 33 26
internal_value=4.76918e-05 -0.00138886 0.000845009 0.000625706 0.00372247 -0.00560124 0.00175213 0.00603809 0.000391871 -0.00108858 -0.00524244 0.000547026 -0.00161946 -0.00307856 0.00128668
internal_weight=823 287 536 193 84 94 62 36 500 187 51 136 109 84 313
internal_count=823 287 536 193 84 94 62 36 500 187 51 136 109 84 313
cat_boundaries=0 1
cat_threshold=674
is_linear=0
shrinkage=0.0680866


Tree=45
num_leaves=16
num_cat=1
split_feature=1 8 139 139 86 38 21 257 231 22 63 12 22 65 89
split_gain=0.373366 0.539455 0.25586 0.178581 0.172133 0.262091 0.215561 0.231026 0.160289 0.14989 0.140957 0.130192 0.120745 0.0929169 0.0578224
threshold=0 1.0000000180025095e-35 1.0000000180025095e-35 1.0000000180025095e-35 0.26819957266755606 91404.281809314431 398504.79514411034 1.0000000180025095e-35 0.15438852413109552 2.1250000000000004 1.0357142857142858 -1.0000000180025095e-35 2.7350000000000008 13.674801587301589 590779.87500000012
decision_type=9 2 2 2 10 10 8 2 2 8 8 2 8 2 2
left_child=1 3 -3 9 6 -6 7 -2 13 -1 -8 -5 -11 -7 -12
right_child=4 2 -4 11 5 8 10 -9 -10 12 14 -13 -14 -15 -16
leaf_value=0.0052922686583631081 -0.0011231616474567307 0.0054328786429119896 0.012348540520343744 -6.9318226346543887e-05 0.0009537350523086414 -0.0085599494240786236 0.0040488879732827488 -0.0068648882435572017 -0.0014761472285574472 0.0035688620537873677 -0.00081177347852250407 -0.0050049486204131024 -0.00093300132431313671 -0.0046736897141934778 0.00086108913002082646
leaf_weight=27 66 36 19 24 36 31 26 27 29 20 138 27 52 42 210
leaf_count=27 66 36 19 24 36 31 26 27 29 20 138 27 52 42 210
internal_value=7.38574e-05 0.00238591 0.00740949 0.00062583 -0.000764326 -0.00274299 -0.000178736 -0.00278436 -0.00451604 0.00203871 0.000542747 -0.00217123 0.000711271 -0.00620621 0.000193335
internal_weight=810 205 55 150 605 138 467 93 102 99 374 51 72 73 348
internal_count=810 205 55 150 605 138 467 93 102 99 374 51 72 73 348
cat_boundaries=0 1
cat_threshold=1140889865
is_linear=0
shrinkage=0.0680866


Tree=46
num_leaves=16
num_cat=0
split_feature=7 31 103 203 97 137 175 49 58 16 27 46 175 23 11
split_gain=0.343985 0.349106 0.451707 0.272429 0.47327 0.209562 0.386418 0.185228 0.18658 0.121066 0.11742 0.116452 0.109897 0.103358 0.139133
threshold=1.5000000000000002 469554.25000000006 1.0000000180025095e-35 2.5000000000000004 -193013.51767676786 18.500000000000004 0.077274291772049461 46509.09090909089 71.500000000000014 2.1250000000000004 228404.62790178575 169806.16969507621 0.045844190168126756 813680.38968253986 0.25000000000000011
decision_type=2 2 2 2 2 2 2 10 2 8 10 8 2 8 2
left_child=1 11 5 4 -2 6 -3 8 -5 -4 -9 13 -11 14 -1
right_child=3 2 9 7 -6 -7 -8 10 -10 12 -12 -13 -14 -15 -16
leaf_value=0.0018607344575001638 0.012105605196798147 -0.0041235436188083192 0.0024255323728670846 0.0017559473811388374 0.0019336199794499865 -0.0023383842963640568 -0.011447773453362899 -0.0034508356581297731 0.0067960767647501068 -0.0031270001035961607 0.00040605116649976389 0.0034902226899668496 0.00037162124182640876 0.0023928245419164939 -0.002185571587937207
leaf_weight=38 19 54 44 117 18 52 36 34 21 50 72 49 70 51 85
leaf_count=38 19 54 44 117 18 52 36 34 21 50 72 49 70 51 85
internal_value=8.19581e-05 -0.00091684 -0.00237906 0.00193238 0.00623719 -0.00503344 -0.00701425 0.00118989 0.00268055 -0.000159863 -0.000765972 0.00100489 -0.00104934 0.000304702 -0.00071722
internal_weight=810 529 306 281 37 142 90 244 138 164 106 223 120 174 123
internal_count=810 529 306 281 37 142 90 244 138 164 106 223 120 174 123
is_linear=0
shrinkage=0.0680866


Tree=47
num_leaves=14
num_cat=0
split_feature=92 171 176 31 150 89 64 7 23 215 23 82 178
split_gain=0.220065 0.290752 0.216117 0.179592 0.171301 0.188578 0.257751 0.168488 0.160976 0.149802 0.124914 0.0450727 0.0413193
threshold=1.2705926814659236 1.0000000180025095e-35 1.0000000180025095e-35 325765.14754098369 1.0000000180025095e-35 590779.87500000012 52.692060430729676 1.5000000000000002 647296.44103597559 9.2361111111111125 449932.22672413796 20022725.750000004 1.0000000180025095e-35
decision_type=10 2 2 2 2 2 10 2 8 2 8 2 2
left_child=3 -2 12 7 5 8 -7 9 -5 10 -1 -4 -3
right_child=1 2 11 4 -6 6 -8 -9 -10 -11 -12 -13 -14
leaf_value=0.00025573693359254909 -0.0020069518452727969 3.2996949025724028e-05 0.0097597117909390459 -0.00033928946294322509 -0.0050997811007335771 -0.00028177910234836856 0.0042441100159705172 0.0052174780640921719 -0.0035293765953479995 -0.0028492046210239182 0.0047389064824547127 0.0064249986945688221 0.003066877252766539
leaf_weight=42 17 19 24 120 18 280 48 32 129 21 26 17 17
leaf_count=42 17 19 24 120 18 280 48 32 129 21 26 17 17
internal_value=8.84414e-05 0.00285673 0.00482164 -0.00031174 -0.000798578 -0.00058773 0.000448546 0.00186444 -0.00193473 0.000645691 0.00192302 0.00776135 0.00202518
internal_weight=810 94 77 716 595 577 328 121 249 89 68 41 36
internal_count=810 94 77 716 595 577 328 121 249 89 68 41 36
is_linear=0
shrinkage=0.0680866


Tree=48
num_leaves=15
num_cat=1
split_feature=1 26 253 23 44 35 204 23 128 89 29 133 154 267
split_gain=0.440969 0.311117 0.202627 0.282201 0.28196 0.156417 0.148408 0.145303 0.329686 0.314224 0.129576 0.206156 0.110331 0.0774988
threshold=0 1.2900000000000003 58708785.932741411 187066.06931818186 327336.5647321429 2.2750000000000004 1.0000000180025095e-35 647296.44103597559 1.0000000180025095e-35 184084.60119047618 680724.29560755345 0.46666666666666673 0.055020491794828451 1.0000000180025095e-35
decision_type=9 8 2 10 2 2 2 8 2 2 10 2 2 2
left_child=2 -2 13 4 6 7 -4 8 -3 -9 11 -5 -12 -1
right_child=1 5 3 10 -6 -7 -8 9 -10 -11 12 -13 -14 -15
leaf_value=-0.0042122542672474754 0.0062581075739169111 0.0010019964495538692 0.009031986209580482 -0.0016355141523298233 -0.0010945676549513716 0.0048324543678987001 0.0031862912214027646 -0.004134627246741812 0.0076617630966122358 0.00069316789262153242 -0.0023761265696842864 -0.0059067244416815467 0.0020374838486414541 -0.0082640920271577333
leaf_weight=27 30 133 20 100 33 19 17 58 20 238 24 69 36 18
leaf_count=27 30 133 20 100 33 19 17 58 20 238 24 69 36 18
internal_value=-5.87616e-05 0.00119693 -0.00184355 -0.00131964 0.00195219 0.000808879 0.00557526 0.000526265 0.00210536 -0.000324668 -0.00241243 -0.00337693 -0.000186967 -0.00538681
internal_weight=842 498 344 299 70 468 37 449 153 296 229 169 60 45
internal_count=842 498 344 299 70 468 37 449 153 296 229 169 60 45
cat_boundaries=0 2
cat_threshold=858142352 1
is_linear=0
shrinkage=0.0680866


Tree=49
num_leaves=16
num_cat=0
split_feature=96 125 42 165 139 26 26 46 249 27 289 18 4 203 204
split_gain=0.271372 0.274076 0.330852 0.198707 0.193719 0.715601 0.347781 0.106629 0.102324 0.188745 0.30828 0.153942 0.123277 0.0844481 0.0787422
threshold=176211.80332746226 1.0000000180025095e-35 242550.75052105953 0.45559541024393374 1.0000000180025095e-35 1.7750000000000001 3.0650000000000004 182721.62634866129 7.5000000000000009 1256967.3682247901 1.0000000180025095e-35 1.5600000000000003 142.50000000000003 5.5000000000000009 3.5000000000000004
decision_type=2 2 10 2 2 8 10 10 2 8 2 10 2 2 2
left_child=4 7 13 -4 8 -6 -7 -2 9 -1 -11 12 -10 -3 -13
right_child=1 2 3 -5 5 6 -8 -9 11 10 -12 14 -14 -15 -16
leaf_value=-0.0036714738123047701 0.0051929425807037853 -0.0023898311154513436 -0.011306418249332643 -0.0046417477660482638 0.01118632216940975 -0.0010338821357818292 0.0059251694478975872 0.00075311217823542567 0.0070288765765926069 -0.0024186082399720536 0.0049749507262563612 -0.00035940923025758431 0.0019290787796559846 0.00021812828782191224 0.0022817246509978912
leaf_weight=64 18 147 20 19 19 82 25 38 20 29 28 205 23 61 44
leaf_count=64 18 147 20 19 19 82 25 38 20 29 28 205 23 61 44
internal_value=-4.84625e-05 -0.0016202 -0.00262396 -0.00719216 0.00084683 0.00300828 0.00108823 0.00191228 0.00016661 -0.00136806 0.000881975 0.000816534 0.0038511 -0.0016143 0.000201826
internal_weight=842 303 247 39 539 126 107 56 413 121 57 292 43 208 249
internal_count=842 303 247 39 539 126 107 56 413 121 57 292 43 208 249
is_linear=0
shrinkage=0.0680866


Tree=50
num_leaves=16
num_cat=0
split_feature=90 104 209 23 81 68 34 80 72 93 11 38 61 267 167
split_gain=0.259722 0.249272 0.245054 0.369419 0.182212 0.143397 0.131363 0.125423 0.0875593 0.174895 0.149491 0.0989793 0.11273 0.108957 0.0757237
threshold=407893.72472075257 10.500000000000002 0.017240810655900003 1221870.5529371586 0.74223733859433239 2.5916666666666672 1.0000000180025095e-35 0.83955615623067337 241758.78267477205 0.74866864074917816 0.25000000000000011 130370.7773055657 38.583333333333336 1.0000000180025095e-35 1.0000000180025095e-35
decision_type=2 2 2 8 2 8 2 2 8 2 2 10 2 2 2
left_child=4 2 -2 -4 8 -3 14 -7 9 -1 -11 13 -13 -10 -6
right_child=1 5 3 -5 6 7 -8 -9 11 10 -12 12 -14 -15 -16
leaf_value=-0.0054549600194732694 0.0016449154585726716 0.0038014403191495997 0.013392240289337332 0.0045077908499394134 0.00046793997322278606 0.0022635672576670446 -0.0061298748964879954 -0.0023313770958159146 0.002155311955512077 0.0013599357577334349 -0.0024830970780788143 0.00014233686929117169 -0.0036548859494878053 -0.00029177482519303577 -0.0027548750175235568
leaf_weight=19 20 20 19 22 24 17 23 62 170 71 69 63 37 124 82
leaf_count=19 20 20 19 22 24 17 23 62 170 71 69 63 37 124 82
internal_value=-3.16033e-05 0.00227 0.00531335 0.00823543 -0.000603967 0.000500614 -0.00273045 -0.000867565 -8.28344e-05 -0.00133255 -0.000582096 0.000454258 -0.00118669 0.00108043 -0.00192502
internal_weight=842 160 61 41 682 99 129 79 553 159 140 394 100 294 106
internal_count=842 160 61 41 682 99 129 79 553 159 140 394 100 294 106
is_linear=0
shrinkage=0.0680866


Tree=51
num_leaves=8
num_cat=0
split_feature=111 29 42 11 239 257 15
split_gain=0.446961 0.260438 0.197929 0.313605 0.125952 0.194967 0.0525583
threshold=14.000000000000002 234613.75000000003 309093.5425181748 0.25000000000000011 1.0000000180025095e-35 1.0000000180025095e-35 558213.69791666686
decision_type=2 8 10 2 2 2 8
left_child=1 -1 4 -4 5 -3 -6
right_child=-2 2 3 -5 6 -7 -8
leaf_value=0.004488982363411549 -0.0072967795926698817 6.6786219667413994e-07 0.0078232445078830256 0.00019552705345106156 -0.0025249899661321253 -0.0030157880955891964 -0.005725503214427584
leaf_weight=30 19 605 21 31 37 94 17
leaf_count=30 19 605 21 31 37 94 17
internal_value=-0.000415163 -0.000162786 -0.000399307 0.00295853 -0.000685307 -0.000442691 -0.00333168
internal_weight=854 835 805 52 753 699 54
internal_count=854 835 805 52 753 699 54
is_linear=0
shrinkage=0.0680866


Tree=52
num_leaves=14
num_cat=0
split_feature=241 8 23 214 50 20 42 238 178 197 35 23 29
split_gain=0.295073 0.184612 0.218678 0.196697 0.111711 0.160525 0.157479 0.0977047 0.0910169 0.0888154 0.103975 0.0827269 0.0740203
threshold=1.0000000180025095e-35 1.0000000180025095e-35 593028.0703231293 0.027656114393988556 -194923.42291666666 3.1750000000000003 182716.82565327064 1.0000000180025095e-35 1.0000000180025095e-35 1.0000000180025095e-35 -0.040000000000000251 196058.04206138689 1311651.1400000004
decision_type=2 2 8 2 8 10 10 2 2 2 2 8 8
left_child=-1 4 9 12 6 11 -2 -7 -5 10 -3 -6 -4
right_child=1 2 3 8 5 7 -8 -9 -10 -11 -12 -13 -14
leaf_value=-0.0054984835725974904 -0.0012636352251479065 0.0046180952312822746 0.00038904264870401849 -0.004186018267086776 0.0020833419040917674 0.0052731591078733799 -0.0070055478842005912 0.00099714614558900935 -0.00019364535439278752 0.0024390342025583205 0.0094906367436622674 -0.0010532194145070068 0.0034842380402231648
leaf_weight=27 21 20 39 41 18 22 19 32 21 19 18 500 57
leaf_count=27 21 20 39 41 18 22 19 32 21 19 18 500 57
internal_value=-0.00039065 -0.000152312 0.00147716 0.000321932 -0.000742932 -0.000506465 -0.00350983 0.00243374 -0.00227793 0.00458347 0.00661323 -0.000869571 0.00199077
internal_weight=854 827 215 158 612 572 40 54 62 57 38 518 96
internal_count=854 827 215 158 612 572 40 54 62 57 38 518 96
is_linear=0
shrinkage=0.0680866


Tree=53
num_leaves=10
num_cat=0
split_feature=275 53 55 186 96 236 211 290 92
split_gain=0.428313 0.612513 0.189697 0.165813 0.34762 0.190296 0.135226 0.0884362 0.000353844
threshold=16.000000000000004 1.593257946669425 121.50000000000001 1.0000000180025095e-35 357065.64181199198 1.0000000180025095e-35 0.049155176973836805 1.0000000180025095e-35 1.1406042361990878
decision_type=2 2 10 2 2 2 2 2 10
left_child=1 3 7 4 6 -6 -1 -3 -4
right_child=-2 2 8 -5 5 -7 -8 -9 -10
leaf_value=0.001102092954304136 -0.0066522866568695122 0.010333282725285279 0.0015053115976967893 -0.0047582508489593519 -0.0042822488842478848 0.00046014866811291749 -0.00097725777929776351 0.0060741687782221426 0.00217056454886438
leaf_weight=340 25 21 19 22 136 28 217 28 18
leaf_count=340 25 21 19 22 136 28 217 28 18
internal_value=-0.000366598 -8.94064e-05 0.00472655 -0.000711359 -0.000532379 -0.00310506 0.000263597 0.00756044 0.00232742
internal_weight=854 829 86 743 721 164 557 49 37
internal_count=854 829 86 743 721 164 557 49 37
is_linear=0
shrinkage=0.0680866


Tree=54
num_leaves=16
num_cat=0
split_feature=31 22 247 127 7 296 157 120 15 11 23 167 122 17 172
split_gain=0.299714 0.269603 0.302141 0.24553 0.21734 0.1955 0.193403 0.190992 0.141781 0.152717 0.196868 0.103327 0.100631 0.10009 0.0769235
threshold=469554.25000000006 2.0350000000000006 1.0000000180025095e-35 1.0000000180025095e-35 1.0000000180025095e-35 12.767006070317608 24.500000000000004 1.0000000180025095e-35 449168.69880952383 0.25000000000000011 961591.32126823801 1.0000000180025095e-35 1.0000000180025095e-35 472831.0797511313 0.066422944682343513
decision_type=2 10 2 2 2 8 2 2 8 2 10 2 2 10 2
left_child=1 3 14 5 6 7 12 -1 13 10 -10 -11 -2 -6 -3
right_child=4 2 -4 -5 8 -7 -8 -9 9 11 -12 -13 -14 -15 -16
leaf_value=0.005533941813701578 -0.0091365758134771997 -0.0020137934053815407 0.0051344632499938821 0.0078949499972748201 -0.0048218188709511257 -0.0017353061228950186 -0.0012994810844206743 0.00084449545357381545 0.0024456314959542319 0.00071437962333947987 -0.001200718110847326 -0.0031152196226330747 -0.0046288694142794708 -0.00054689970445133624 0.0010458704892971119
leaf_weight=68 22 125 19 27 41 20 49 50 164 25 84 75 27 18 27
leaf_count=68 22 125 19 27 41 20 49 50 164 25 84 75 27 18 27
internal_value=6.40162e-05 0.00158875 -0.000128513 0.00347558 -0.000958899 0.00246828 -0.00356278 0.00341962 -0.000301034 0.000225293 0.00111461 -0.00177063 -0.00630452 -0.00288913 -0.00125251
internal_weight=841 336 171 165 505 138 98 118 407 348 248 100 49 59 152
internal_count=841 336 171 165 505 138 98 118 407 348 248 100 49 59 152
is_linear=0
shrinkage=0.0680866


Tree=55
num_leaves=16
num_cat=0
split_feature=31 267 138 102 9 86 17 11 17 221 22 190 73 95 125
split_gain=0.263384 0.488374 0.34617 0.297185 0.177282 0.132615 0.110893 0.103215 0.268191 0.0919609 0.0757343 0.131856 0.0682142 0.0671389 0.102545
threshold=722883.52916666691 1.0000000180025095e-35 725000.00000000012 1.0000000180025095e-35 1.0000000180025095e-35 0.18974435544140558 598884.36912878801 -0.24999999999999994 1029049.6807359309 25.500000000000004 2.1250000000000004 0.10603617044017792 367855.76743276021 3737070.7000000007 1.0000000180025095e-35
decision_type=2 2 2 2 2 10 10 2 8 2 10 2 2 2 2
left_child=2 5 4 -4 7 10 -6 9 -9 -1 11 -2 -12 14 -7
right_child=1 -3 3 -5 6 13 -8 8 -10 -11 12 -13 -14 -15 -16
leaf_value=0.0013061378850068024 -0.0003549220676986643 -0.0079390972669104078 0.0018257887236639188 0.0092695877733692568 -0.0052704507951740953 -0.0014229246704142294 -0.00069101788591921173 0.00085456785094910272 -0.0042207936030230842 0.0043971969033070315 0.0015200354651584659 0.0043662696529445585 -0.0016124897725851215 -0.0011168471442961688 -0.0058513464852065168
leaf_weight=130 24 26 24 31 30 17 21 221 36 40 27 40 65 75 34
leaf_count=130 24 26 24 31 30 17 21 221 36 40 27 40 65 75 34
internal_value=6.73919e-05 -0.00145786 0.000965797 0.00525567 0.000398897 -0.000679384 -0.00273797 0.000836457 2.97165e-05 0.00206683 0.000580667 0.00219944 -0.000442062 -0.00215908 -0.00385132
internal_weight=841 308 533 55 478 282 51 427 257 170 156 64 92 126 51
internal_count=841 308 533 55 478 282 51 427 257 170 156 64 92 126 51
is_linear=0
shrinkage=0.0680866


Tree=56
num_leaves=9
num_cat=0
split_feature=79 241 53 10 83 81 56 92
split_gain=0.268586 0.235718 0.265101 0.335966 0.214594 0.213211 0.107433 0.0463101
threshold=0.59142812737820172 1.0000000180025095e-35 0.99999999998830746 1.0000000180025095e-35 0.91686895251652545 -0.43958664574152789 5.5000000000000009 0.64185489138931417
decision_type=2 2 2 2 2 2 10 10
left_child=-1 -2 3 5 -4 -3 -6 -5
right_child=1 2 4 7 6 -7 -8 -9
leaf_value=0.0053262020641970534 -0.0048560533115627365 0.001017831533730737 0.0062934126775554952 -0.0072516216281227983 -0.00067496344631777895 -0.0019642719452075889 0.0018142435603162345 -0.0041607941791051914
leaf_weight=20 24 222 17 30 92 179 233 24
leaf_count=20 24 222 17 30 92 179 233 24
internal_value=5.68515e-05 -0.00014244 6.1306e-05 -0.000983433 0.00145122 -0.000336309 0.00108079 -0.0052047
internal_weight=841 821 797 455 342 401 325 54
internal_count=841 821 797 455 342 401 325 54
is_linear=0
shrinkage=0.0680866


Tree=57
num_leaves=16
num_cat=0
split_feature=53 53 80 22 94 8 25 27 226 48 49 64 68 64 68
split_gain=0.32774 0.335997 0.57599 0.255668 0.2408 0.426518 0.174999 0.211984 0.135738 0.10056 0.0847213 0.0695726 0.0470429 0.115561 0.11518
threshold=1.3520785185108541 0.84727727743157 1.2783861111992414 2.2950000000000004 -18314.369098922642 1.0000000180025095e-35 934106.0925925927 372178.17886904773 1.0000000180025095e-35 379495.69335277221 56321.807959401754 62.377470355731234 2.7124060150375944 35.035423925667835 3.1686991869918706
decision_type=2 2 2 10 2 2 8 10 2 2 10 8 10 10 10
left_child=1 6 4 -4 5 -3 7 -1 12 -9 -6 -8 13 -2 -14
right_child=8 2 3 -5 10 -7 11 9 -10 -11 -12 -13 14 -15 -16
leaf_value=-0.0056066966047631254 -0.00065375592382420692 0.0017985859933597349 -0.0092145394930877311 -0.0024492943658959081 0.0008144931643041816 0.0092528249485248227 -0.0086745793780461621 -0.0028179145516964987 0.0065074710820905409 0.00067936852742169298 -0.0017469264997573297 -0.0046759997065916551 0.0015989527172764555 0.0034611844306031078 0.0061107813043751007
leaf_weight=31 49 89 27 31 253 28 20 36 18 82 52 20 37 32 24
leaf_count=31 49 89 27 31 253 28 20 36 18 82 52 20 37 32 24
internal_value=0.000142689 -0.000507069 0.000414506 -0.0049152 0.00130116 0.00371782 -0.00281062 -0.00191218 0.00272706 -0.000599092 0.000346364 -0.00609218 0.00218196 0.00116798 0.00336312
internal_weight=829 669 480 58 422 117 189 149 160 118 305 40 142 81 61
internal_count=829 669 480 58 422 117 189 149 160 118 305 40 142 81 61
is_linear=0
shrinkage=0.0680866


Tree=58
num_leaves=16
num_cat=0
split_feature=53 53 81 8 238 18 45 56 155 64 63 17 33 213 213
split_gain=0.310996 0.402898 0.363921 0.319993 0.279767 0.182977 0.30437 0.130177 0.10393 0.23511 0.0932483 0.0799128 0.0934531 0.0603849 0.0275138
threshold=1.3410966508033195 0.55799201359349571 0.52119183698215521 1.0000000180025095e-35 1.0000000180025095e-35 2.6300000000000003 452797.16234246071 117.50000000000001 1.0000000180025095e-35 54.200127877237854 25.718750000000004 1029049.6807359309 2.7350000000000008 1.0000000180025095e-35 1.0000000180025095e-35
decision_type=2 2 2 2 2 10 2 8 2 10 8 10 2 2 2
left_child=1 -1 3 10 -5 6 -4 8 9 14 -3 12 -9 -7 -2
right_child=7 2 5 4 -6 13 -8 11 -10 -11 -12 -13 -14 -15 -16
leaf_value=-0.0061647338222413084 -0.00017605564649384524 -0.0011807701549295597 -0.0022771768116720912 0.00098179473142003394 0.0064107481091681849 -0.0026175803461074248 -0.010011612835192031 -0.0025619858673799445 0.0072054584044159908 0.0074629605098208273 0.00081855256657002229 0.003155403335254377 0.0016227029770670765 0.00069010384114861665 0.0021400395410660408
leaf_weight=32 34 240 18 72 59 33 30 32 23 18 159 19 21 21 18
leaf_count=32 34 240 18 72 59 33 30 32 23 18 159 19 21 21 18
internal_value=0.00013244 -0.000512559 -0.000137155 0.000571372 0.00327246 -0.00348579 -0.00630417 0.00260716 0.00427223 0.00324415 -0.000343195 0.000853841 -0.000534253 -0.00150013 0.00105667
internal_weight=829 664 632 530 131 102 48 165 93 70 399 72 53 54 52
internal_count=829 664 632 530 131 102 48 165 93 70 399 72 53 54 52
is_linear=0
shrinkage=0.0680866


Tree=59
num_leaves=16
num_cat=1
split_feature=1 31 31 89 71 29 51 64 12 22 81 53 41 21 138
split_gain=0.33058 0.259017 0.202142 0.251368 0.221028 0.190107 0.184783 0.151637 0.149939 0.150671 0.133234 0.129445 0.0922181 0.117087 0.0856841
threshold=0 474154.47619047627 398767.08788819885 572884.87500000012 167515.88654060071 1311651.1400000004 0.020874836417267194 74.773809523809533 -0.5 2.0350000000000006 -0.2652212561929333 0.84727727743157 216703.91377491612 713176.50852534582 775000.00000000012
decision_type=9 2 2 2 10 8 10 10 2 10 2 2 2 8 2
left_child=2 5 3 10 -4 6 -2 8 14 -10 -1 -6 -7 -14 -3
right_child=1 7 4 -5 11 12 -8 -9 9 -11 -12 -13 13 -15 -16
leaf_value=-6.2672655815370799e-05 0.0094217959076471104 0.00064706844129251218 -0.007836879314069331 0.0041875826593192602 -0.0051812330212915366 -0.00074994620361025987 0.0031539149133591395 0.0031938253857839798 -0.0035623477070597584 -0.00027055433216676301 -0.0042377299880951829 -0.00055001210338620596 0.0011942059197962485 0.0051036933034296177 0.0040234741702407624
leaf_weight=57 28 142 32 23 23 25 17 42 79 152 38 50 63 38 20
leaf_count=57 28 142 32 23 23 25 17 42 79 152 38 50 63 38 20
internal_value=0.00012999 0.000940165 -0.00194763 -0.00035185 -0.00409301 0.0030734 0.00626503 0.000106438 -0.0003242 -0.00140116 -0.00167049 -0.00243816 0.00192843 0.00269732 0.00114143
internal_weight=829 606 223 118 105 171 45 435 393 231 95 73 126 101 162
internal_count=829 606 223 118 105 171 45 435 393 231 95 73 126 101 162
cat_boundaries=0 2
cat_threshold=2435057185 1
is_linear=0
shrinkage=0.0680866


Tree=60
num_leaves=16
num_cat=0
split_feature=80 53 89 10 136 175 55 198 198 8 87 176 72 82 8
split_gain=0.216706 0.357246 0.17112 0.330669 0.211435 0.201859 0.159682 0.163018 0.129862 0.129415 0.149666 0.118478 0.103856 0.0850018 0.0750583
threshold=0.75285436112933157 1.1942197520262618 494611.4652597403 1.0000000180025095e-35 8.6805555555555571 0.10189132035489691 31.500000000000004 9.6966911764705888 9.5521390374331556 1.0000000180025095e-35 1.0000000180025095e-35 1.0000000180025095e-35 73560.22500000002 45673958.924259268 1.0000000180025095e-35
decision_type=2 2 2 2 2 2 10 2 2 2 2 2 10 2 2
left_child=6 2 5 8 -5 11 7 12 -4 10 -3 -2 -1 -12 -8
right_child=1 9 3 4 -6 -7 14 -9 -10 -11 13 -13 -14 -15 -16
leaf_value=0.0089215575470389403 -0.0025306068637188841 0.0030688819933611259 0.00088191692973183249 -0.0093422742050423037 -0.00267099936632521 -0.00049220427416065045 0.0013615378346098315 0.0011390293224233998 -0.0025566582439038449 0.0042143392743228848 -0.0025976656600054581 -0.006620250306281268 0.0042929477814120662 0.0005006954342256485 -0.0019302108620009248
leaf_weight=27 29 63 203 21 22 41 77 18 42 44 41 73 21 85 22
leaf_count=27 29 63 203 21 22 41 77 18 42 44 41 73 21 85 22
internal_value=-3.83077e-05 -0.00058039 -0.00172274 -0.000825353 -0.00520501 -0.00353704 0.0020242 0.00437337 0.000144228 0.0014529 0.000796716 -0.00515291 0.00647735 -0.000480919 0.000579458
internal_weight=829 664 431 288 43 143 165 66 245 233 189 102 48 126 99
internal_count=829 664 431 288 43 143 165 66 245 233 189 102 48 126 99
is_linear=0
shrinkage=0.0680866


Tree=61
num_leaves=16
num_cat=0
split_feature=63 56 31 64 83 41 76 177 28 12 65 34 81 89 8
split_gain=0.321075 0.195541 0.161969 0.285867 0.23445 0.222312 0.180501 0.144967 0.172304 0.128302 0.120617 0.108378 0.0995659 0.102136 0.0701111
threshold=0.87867647058823539 16.500000000000004 661977.39356060617 38.340695488721813 0.83070596634317406 556332.28629418137 0.17157275021026072 1.0000000180025095e-35 2.2050000000000005 1.0000000180025095e-35 13.674801587301589 1.0000000180025095e-35 -0.18368792622763869 861829.61913690495 1.0000000180025095e-35
decision_type=8 10 2 10 2 2 8 2 8 2 2 2 2 2 2
left_child=1 11 4 5 6 14 -2 8 -6 -7 -9 -1 -5 -14 -4
right_child=2 -3 3 12 7 9 -8 10 -10 -11 -12 -13 13 -15 -16
leaf_value=0.00048128187270750822 0.0022177488368115899 0.0076268263567399342 -0.0092661009722454554 0.0035087474024693278 -0.0039643102756529219 -0.00061846970728964099 0.0084330613167446535 -0.0010409467259978125 -0.00016345236315773188 -0.0038073114812786574 0.0026390169324814368 0.0048611904248702948 -0.0024174988285361409 0.0016260182524700801 -0.0053107574686249879
leaf_weight=48 24 21 18 37 56 120 17 37 158 77 104 19 29 40 24
leaf_count=48 24 21 18 37 56 120 17 37 158 77 104 19 29 40 24
internal_value=-3.57279e-05 0.0034121 -0.000495081 -0.00154644 0.000407406 -0.0028313 0.00430256 -0.00011981 -0.00120138 -0.00195653 0.00142676 0.00215299 0.00106934 -1.13213e-06 -0.00647677
internal_weight=829 88 741 345 396 239 41 355 214 197 141 67 106 69 42
internal_count=829 88 741 345 396 239 41 355 214 197 141 67 106 69 42
is_linear=0
shrinkage=0.0680866


Tree=62
num_leaves=16
num_cat=1
split_feature=31 64 0 96 24 8 83 25 226 66 21 118 150 21 96
split_gain=0.104759 0.219373 0.168519 0.227836 0.133345 0.117573 0.253364 0.220825 0.174877 0.110083 0.10671 0.0924342 0.0578158 0.0442673 0.0275686
threshold=794137.70000000007 0.52586206896551735 0 -1.2699967251069275e-10 3.0250000000000004 1.0000000180025095e-35 0.94125008910761443 331279.38130952389 1.0000000180025095e-35 3.412778904665315 561530.69981203019 0.082264662660415266 1.0000000180025095e-35 646617.15367965377 -494211.96428571409
decision_type=2 8 1 2 8 2 2 10 2 2 10 2 2 10 2
left_child=1 12 4 9 14 8 -7 -8 10 13 -3 -10 -1 -4 -2
right_child=2 5 3 -5 -6 6 7 -9 11 -11 -12 -13 -14 -15 -16
leaf_value=-0.0019713878417498736 0.0011463018524586095 -0.0011559088155005579 -0.0018218169627092393 -0.0076086796893007182 -0.0018984864888541093 0.0065257468090904013 -0.0014485231367710554 0.004336453693512524 0.0054455539095155624 -0.0045931261899158733 0.00099485917152380282 0.0014148381801652886 -0.0056074769968446946 0.00088339135870048888 0.0032783533028435661
leaf_weight=17 32 226 28 20 39 33 54 27 33 23 163 29 25 38 42
leaf_count=17 32 226 28 20 39 33 54 27 33 23 163 29 25 38 42
internal_value=-2.94416e-05 0.000423025 -0.00123407 -0.00288439 0.000432788 0.000787758 0.00257284 0.000873494 0.000308203 -0.00187427 -0.000225399 0.00315151 -0.00335614 -0.000483085 0.00213286
internal_weight=829 607 222 109 113 565 114 81 451 89 389 62 42 66 74
internal_count=829 607 222 109 113 565 114 81 451 89 389 62 42 66 74
cat_boundaries=0 1
cat_threshold=40
is_linear=0
shrinkage=0.0680866


Tree=63
num_leaves=16
num_cat=0
split_feature=53 83 97 122 60 22 214 3 233 10 269 109 3 3 81
split_gain=0.377705 0.202799 0.150393 0.12736 0.15679 0.129381 0.235143 0.109987 0.120318 0.107608 0.103428 0.0659865 0.0655042 0.122383 0.0638269
threshold=0.97549006932894822 0.89447312857813099 -540030.15938115073 1.0000000180025095e-35 45.500000000000007 2.6300000000000003 0.052611353891074512 5.5000000000000009 1.0000000180025095e-35 1.0000000180025095e-35 0.03444118489636256 1.0000000180025095e-35 7.5000000000000009 9.5000000000000018 1.4510102846364525
decision_type=2 2 2 2 10 8 2 2 2 2 2 2 2 2 2
left_child=2 -2 -1 4 14 9 -7 8 11 -5 -6 -4 -9 -14 -3
right_child=1 3 7 5 10 6 -8 12 -10 -11 -12 -13 13 -15 -16
leaf_value=0.00079331205780852675 0.0048702460140234985 0.00091004007506141377 -0.0044017359560007555 0.0041716199555293688 -0.0015734534174699343 0.0018300889186244347 -0.0028739531225302224 -0.00026167641462709326 -0.0018197214737403255 0.00046912642487492799 -0.0063844531915234135 -0.0080823119765292273 -0.0015069824813109794 -0.0055423345934303928 -0.001899104356372545
leaf_weight=49 36 129 19 99 17 123 50 59 17 27 23 34 82 29 26
leaf_count=49 36 129 19 99 17 123 50 59 17 27 23 34 82 29 26
internal_value=-3.29764e-05 0.00102179 -0.00193831 0.000679337 -0.000600815 0.00152349 0.000409724 -0.00269401 -0.00469678 0.00307736 -0.00366334 -0.00636657 -0.00183273 -0.00266931 0.000249787
internal_weight=819 530 289 494 195 299 173 240 70 126 40 53 170 111 155
internal_count=819 530 289 494 195 299 173 240 70 126 40 53 170 111 155
is_linear=0
shrinkage=0.0680866


Tree=64
num_leaves=16
num_cat=0
split_feature=22 52 165 296 203 22 286 30 36 231 113 289 296 171 49
split_gain=0.0971796 0.122573 0.135426 0.200697 0.0901197 0.166228 0.266705 0.212104 0.100012 0.193256 0.176363 0.158098 0.123741 0.104323 0.0959891
threshold=1.6550000000000002 1179025.8803229178 0.47845585837951293 11.795859862419022 4.5000000000000009 3.1750000000000003 1.0000000180025095e-35 2.7950000000000004 2.6300000000000003 0.10069458842058371 7.9527243589743604 1.0000000180025095e-35 10.619767404833746 1.0000000180025095e-35 -75335.177536231975
decision_type=8 2 2 10 2 8 2 8 2 2 2 2 8 2 10
left_child=1 2 3 -1 5 6 -2 -8 10 14 11 -6 -12 -11 -10
right_child=4 -3 -4 -5 8 -7 7 -9 9 13 12 -13 -14 -15 -16
leaf_value=-0.0010432964485970698 0.0076661090313239573 0.0018394376622817242 -0.00040015692641349337 -0.0067669036311936047 -0.0066785274340428425 -0.00072630881340715787 -0.0028064282956042764 0.0028213870267759277 0.0045117632790862483 0.0009770637060987665 0.0027431299658837657 -0.0017660992289293576 -0.00095852964610526462 -0.0029181963622976021 0.0012839601919314232
leaf_weight=25 22 17 58 43 30 73 18 89 37 25 38 48 103 69 124
leaf_count=25 22 17 58 43 30 73 18 89 37 25 38 48 103 69 124
internal_value=-2.68729e-05 -0.00152173 -0.00236471 -0.00421106 0.000307169 0.00145262 0.00287294 0.00163603 -0.000185407 0.000675851 -0.00121342 -0.00353392 6.00328e-05 -0.00146947 0.00205795
internal_weight=819 143 126 68 676 202 129 107 474 255 219 78 141 94 161
internal_count=819 143 126 68 676 202 129 107 474 255 219 78 141 94 161
is_linear=0
shrinkage=0.0680866


Tree=65
num_leaves=16
num_cat=0
split_feature=53 97 94 54 72 75 30 47 49 64 23 116 42 42 18
split_gain=0.38514 0.350877 0.287244 0.134659 0.134982 0.131375 0.0802886 0.0792676 0.0554743 0.0836893 0.0592413 0.0488849 0.0610484 0.0882744 0.0756653
threshold=0.95363951919537471 -8.7543528856044495e-11 -80602.788311647062 73.500000000000014 219536.7627877238 0.079682539682539674 2.1250000000000004 895323.36309523822 57816.243055555657 1.6500000000000001 533533.39869281056 24.500000000000004 133227.80691085508 165767.45577543174 2.8500000000000001
decision_type=2 2 2 2 10 10 10 2 10 10 8 2 10 10 10
left_child=1 11 -2 4 5 -4 -3 -6 10 -10 -5 12 14 -14 -1
right_child=2 6 3 8 7 -7 -8 -9 9 -11 -12 -13 13 -15 -16
leaf_value=0.0010145798102940728 0.0057483970275207961 -0.0051838929047956723 0.00019192371403628671 -0.0010082026269133736 0.0065905023835109051 0.0044331215596882349 -0.009063911969162914 0.0029011719450241038 -0.0039002798119044451 -0.00049522134026973536 0.001309681561549071 0.00070837406715388348 -0.0053349825989876211 -0.001519813878420291 -0.0023988793388408087
leaf_weight=59 32 41 181 71 20 17 18 50 33 60 87 49 20 57 24
leaf_count=59 32 41 181 71 20 17 18 50 33 60 87 49 20 57 24
internal_value=-1.66327e-05 -0.00204761 0.000990147 0.000616665 0.00162746 0.000795204 -0.00603408 0.00388741 -0.000469967 -0.00169391 0.000200078 -0.000870285 -0.0013578 -0.00259706 -0.000240134
internal_weight=819 268 551 519 268 198 59 70 251 93 158 209 160 77 83
internal_count=819 268 551 519 268 198 59 70 251 93 158 209 160 77 83
is_linear=0
shrinkage=0.0680866


Tree=66
num_leaves=16
num_cat=0
split_feature=23 10 7 21 17 62 175 46 249 139 25 182 127 29 125
split_gain=0.213273 0.148495 0.236588 0.479839 0.148325 0.143 0.118016 0.0981994 0.0911093 0.0508121 0.0456296 0.0437619 0.0422346 0.0228802 0.0158164
threshold=961591.32126823801 1.0000000180025095e-35 1.5000000000000002 630973.93174603186 343326.00000000006 0.65476190476190488 0.036379292616446006 40935.113806010071 9.5000000000000018 1.0000000180025095e-35 555423.32435897447 13.500000000000002 1.0000000180025095e-35 336956.13888888893 1.0000000180025095e-35
decision_type=10 2 2 10 10 2 2 10 2 2 10 2 2 10 2
left_child=1 2 5 6 -3 7 -4 -1 -2 -7 12 14 -6 -12 -10
right_child=8 4 3 -5 10 9 -8 -9 11 -11 13 -13 -14 -15 -16
leaf_value=0.0016430884502509444 -0.0047301058164987038 -0.0044226198262847577 0.00016748439744670296 0.0091089566680650127 -0.00035042167091415139 0.0003540026042421309 0.0037144975195312403 0.0060959775272869995 0.00029058912843481482 -0.0012265819371561387 0.0023689082715791627 -0.0030038781246975272 -0.0031739435710152575 0.00033130694290633224 -0.0013949533631422571
leaf_weight=27 32 31 83 30 32 268 49 20 45 115 24 24 18 27 18
leaf_count=27 32 31 83 30 32 268 49 20 45 115 24 24 18 27 18
internal_value=0.000238622 0.000673925 0.00113509 0.00321516 -0.00121495 0.000325328 0.00166082 0.00319281 -0.00219717 -0.000121841 -0.000180652 -0.00134843 -0.0012996 0.00108849 -0.000399666
internal_weight=843 724 592 162 132 430 132 47 119 383 101 87 50 51 63
internal_count=843 724 592 162 132 430 132 47 119 383 101 87 50 51 63
is_linear=0
shrinkage=0.0680866


Tree=67
num_leaves=15
num_cat=0
split_feature=49 61 91 89 34 19 296 73 50 177 20 136 30 178
split_gain=0.155341 0.129718 0.151802 0.168012 0.142313 0.303763 0.190249 0.115411 0.101317 0.0953903 0.0805063 0.0598632 0.0336284 0.00310466
threshold=183023.46394878707 63.500000000000007 17.000000000000004 917292.3620268621 1.0000000180025095e-35 727776.59075276589 11.84306346661999 249521.07600757972 -5216.7139191093147 1.0000000180025095e-35 2.5850000000000004 9.0900735294117663 2.9300000000000002 1.0000000180025095e-35
decision_type=10 2 8 2 2 8 8 2 10 2 10 2 8 2
left_child=1 2 3 10 5 -3 -6 -4 -5 11 -1 -2 -7 -11
right_child=9 4 7 8 6 12 -8 -9 -10 13 -12 -13 -14 -15
leaf_value=2.9062885229997406e-05 -0.0057716158145772068 0.0062822770416964546 -0.0063026705390778351 0.00086762811619097086 0.0026989088240088953 -0.0023619735620580354 0.0091230430003474659 -0.0013228059002677371 0.0040800197598178829 -0.0003725684229124596 -0.0026491187831751938 -0.0023052798672301145 -0.00011332508334369698 0.00049066365065129805
leaf_weight=407 31 17 18 70 23 23 17 23 68 17 35 21 56 17
leaf_count=407 31 17 18 70 23 23 17 23 68 17 35 21 56 17
internal_value=0.000221327 0.000531881 0.000123466 0.000402521 0.00229392 0.0011176 0.00511118 -0.00306334 0.00232382 -0.00220259 -0.000220807 -0.00400767 -0.000655752 -0.000349708
internal_weight=843 757 621 580 136 96 40 41 138 86 442 52 79 34
internal_count=843 757 621 580 136 96 40 41 138 86 442 52 79 34
is_linear=0
shrinkage=0.0680866


Tree=68
num_leaves=15
num_cat=1
split_feature=68 36 166 53 0 36 82 25 151 256 17 214 71 171
split_gain=0.141762 0.193569 0.13027 0.118486 0.0982074 0.159277 0.126911 0.159485 0.151741 0.0865301 0.0777529 0.0571839 0.098169 0.0442618
threshold=3.8102564102564105 3.5000000000000004 8.3712121212121229 0.9372638249241495 0 2.5350000000000006 15582984.528571431 961271.3906455863 1.0000000180025095e-35 1.0000000180025095e-35 827840.01513157913 0.12851282597872188 226865.70588235298 1.0000000180025095e-35
decision_type=10 2 2 2 1 2 2 8 2 2 8 2 10 2
left_child=1 4 13 -2 5 9 8 -8 -6 -1 -7 12 -4 -3
right_child=3 2 11 -5 6 10 7 -9 -10 -11 -12 -13 -14 -15
leaf_value=-0.0056161519284191443 0.00090830171504264416 0.003587179581246493 0.0045112528738111011 0.0055138836545431651 0.0035006730768246661 0.0014894143768283579 0.0004404111602654554 -0.0022572404860390447 -0.00016348838618126586 -0.0019832293067405557 -0.0022180307824740974 -0.0013475382441850764 0.00018981987989126123 0.0068062354628529043
leaf_weight=48 28 17 18 31 76 50 210 155 85 33 18 17 32 25
leaf_count=48 28 17 18 31 76 50 210 155 85 33 18 17 32 25
internal_value=0.0002091 -3.05963e-05 0.00237601 0.00292636 -0.000460479 -0.00184118 -1.7564e-05 -0.000692713 0.00147477 -0.00384929 2.43699e-05 0.000955241 0.00178407 0.00495419
internal_weight=843 784 109 59 675 149 526 365 161 81 68 67 50 42
internal_count=843 784 109 59 675 149 526 365 161 81 68 67 50 42
cat_boundaries=0 1
cat_threshold=35
is_linear=0
shrinkage=0.0680866


Tree=69
num_leaves=13
num_cat=0
split_feature=43 80 141 57 63 83 53 95 94 25 3 28
split_gain=0.220709 0.290452 0.228415 0.216128 0.174606 0.219456 0.0806953 0.194541 0.0961728 0.0514001 0.0555477 0.0465447
threshold=1504192.5508578434 0.73764267962187913 825.00000000000011 66.166666666666671 15.035714285714286 0.91290730165411282 1.3207300153575103 1212087.1230769232 184296.34664197933 529679.07986111124 5.5000000000000009 2.1250000000000004
decision_type=2 2 2 2 10 2 2 2 2 8 2 8
left_child=1 4 -3 -2 9 -6 7 -4 -8 -1 -11 -5
right_child=3 2 6 11 5 -7 8 -9 -10 10 -12 -13
leaf_value=0.0020194051448769561 0.0074620281731063295 -0.0054203247115672034 -0.0045147502338722806 0.0023408014105517684 -0.0045009648115950781 0.0020544281107878551 0.0019970642782285689 -0.00080841492793021208 -0.0012221377594745788 0.0032902648717363721 0.0063878754976603698 -0.00086851782472723742
leaf_weight=32 20 33 54 19 22 25 74 408 53 33 34 17
leaf_count=32 20 33 54 19 22 25 74 408 53 33 34 17
internal_value=-0.000265456 -0.000567938 -0.00120518 0.00318832 0.00195816 -0.000627889 -0.000900536 -0.00130432 0.00049162 0.00361503 0.00472929 0.00116325
internal_weight=824 768 622 56 146 47 589 462 127 99 67 36
internal_count=824 768 622 56 146 47 589 462 127 99 67 36
is_linear=0
shrinkage=0.0680866


Tree=70
num_leaves=16
num_cat=1
split_feature=11 125 35 78 0 28 63 21 31 66 56 80 53 53 196
split_gain=0.14365 0.22379 0.17823 0.12536 0.118963 0.157044 0.14907 0.0925597 0.101639 0.0701497 0.0677572 0.0626068 0.103573 0.100382 0.0454262
threshold=0.25000000000000011 1.0000000180025095e-35 1.7900000000000003 19.500000000000004 0 1.9100000000000004 11.974025974025976 432880.09036144579 877810.97833401174 3.094235033259424 101.50000000000001 0.93159399124957076 1.407954559029116 0.87330829594518489 0.26236559139784948
decision_type=2 2 2 10 1 10 8 8 2 2 10 2 2 2 2
left_child=2 9 4 11 5 6 -1 10 -9 -2 -6 13 -13 -3 -7
right_child=1 3 -4 -5 7 14 -8 8 -10 -11 -12 12 -14 -15 -16
leaf_value=-0.0013151109375504288 0.0045893261920728172 -0.003416737112686705 0.0045631164754234592 -0.0057456112550712188 -0.0023795724833537003 -0.0012901442335681993 -0.0060563947014992403 0.0025670755444118271 -9.084494964105763e-05 0.00096917638233348462 0.00084382706214659105 -0.004380943682751051 -0.00095358569231954779 0.0001921024785095715 0.0013993163388030928
leaf_weight=43 19 26 23 19 47 20 35 158 80 36 29 68 53 102 66
leaf_count=43 19 26 23 19 47 20 35 158 80 36 29 68 53 102 66
internal_value=-0.000253242 -0.00133514 0.000449874 -0.00216403 0.000171079 -0.00118013 -0.00327232 0.000905775 0.00159675 0.00192 -0.000835821 -0.00177204 -0.00277462 -0.000774619 0.000430114
internal_weight=824 323 501 268 478 164 78 314 238 55 76 249 121 128 86
internal_count=824 323 501 268 478 164 78 314 238 55 76 249 121 128 86
cat_boundaries=0 1
cat_threshold=536
is_linear=0
shrinkage=0.0680866


Tree=71
num_leaves=16
num_cat=0
split_feature=53 85 48 11 85 100 60 163 64 96 187 244 68 296 9
split_gain=0.137171 0.197437 0.13246 0.120255 0.0975698 0.203718 0.155431 0.108678 0.113406 0.0964046 0.171173 0.148939 0.06512 0.0558118 0.0481844
threshold=0.99484752625719353 0.83721077111181541 379495.69335277221 -1.0000000180025095e-35 0.90120345789119483 1.0000000180025095e-35 41.500000000000007 1.0000000180025095e-35 36.16801619433199 240809.12083333332 7.5000000000000009 0.049217198598121563 2.4451137884872831 10.324127690578326 1.0000000180025095e-35
decision_type=2 2 2 2 2 2 8 2 8 2 2 2 10 10 2
left_child=1 3 12 -1 6 9 -2 8 -8 11 -11 -6 13 -3 -5
right_child=4 2 -4 14 5 -7 7 -9 -10 10 -12 -13 -14 -15 -16
leaf_value=0.0039147540723000326 0.0056263472039959064 -0.0043764685555334592 -0.0012973046301553639 0.00049904829488781315 0.0020768156070103084 -0.0042733920094514205 -0.0041154005869700871 0.0027686935804106588 0.00065871184663459737 -0.0044853953206801479 0.00016780733185539471 -0.00091943596120355547 -0.0028244853187499351 -0.0077568871681248678 -0.0022321645585022254
leaf_weight=22 23 22 104 65 186 26 18 45 26 32 79 97 29 30 20
leaf_count=22 23 22 104 65 186 26 18 45 26 32 79 97 29 30 20
internal_value=-0.000237474 -0.001379 -0.00269482 0.000673103 0.000397203 -5.02034e-05 0.00203159 0.000965223 -0.00106643 0.000326185 -0.00120023 0.000982796 -0.00458818 -0.00604061 -0.00019148
internal_weight=824 292 185 107 532 420 112 89 44 394 111 283 81 52 85
internal_count=824 292 185 107 532 420 112 89 44 394 111 283 81 52 85
is_linear=0
shrinkage=0.0680866


Tree=72
num_leaves=16
num_cat=1
split_feature=1 39 53 26 81 46 24 68 23 250 51 11 250 25 194
split_gain=0.152767 0.322978 0.268776 0.228185 0.194346 0.157388 0.13818 0.0923001 0.080721 0.118786 0.0998224 0.0751914 0.103918 0.062818 0.0598429
threshold=0 554918.06313131319 0.96097858988700169 1.6550000000000002 -0.22981287767897454 191851.15286730198 5.1250000000000009 3.3015151515151522 728401.59075276589 2.5000000000000004 -0.11781275598349318 0.25000000000000011 4.5000000000000009 961271.3906455863 20.500000000000004
decision_type=9 2 2 8 2 8 8 10 8 2 8 2 2 8 2
left_child=1 6 4 7 11 -3 -1 -4 9 -5 -10 13 -13 -2 -6
right_child=2 5 3 8 14 -7 -8 -9 10 -11 -12 12 -14 -15 -16
leaf_value=-0.0013847647449272843 0.0015412534960775213 -0.004217798585263409 0.0036457102204968438 0.003623601388717286 -0.0056166639158571462 -0.010148845852780345 0.0033346065084695156 0.0080417760834860536 0.0023155021649285063 0.00048340938177516478 -0.00062683376359321528 -0.0040150144514323012 0.00028564237787750128 -0.001493120676488378 -0.002260743541489924
leaf_weight=59 84 20 27 75 51 19 19 18 45 108 218 36 22 21 18
leaf_count=59 84 20 27 75 51 19 19 18 45 108 218 36 22 21 18
internal_value=-8.98336e-05 -0.00207684 0.000283279 0.001177 -0.00152305 -0.00635547 -0.000189611 0.00493316 0.00073029 0.00175237 -7.40121e-06 -0.000392716 -0.00198293 0.000657731 -0.00421159
internal_weight=840 117 723 491 232 39 78 45 446 183 263 163 58 105 69
internal_count=840 117 723 491 232 39 78 45 446 183 263 163 58 105 69
cat_boundaries=0 2
cat_threshold=19005952 1
is_linear=0
shrinkage=0.0680866


Tree=73
num_leaves=13
num_cat=1
split_feature=1 17 29 23 132 84 275 46 125 25 18 230
split_gain=0.183101 0.146967 0.25638 0.155665 0.130154 0.123585 0.139039 0.148251 0.187329 0.116627 0.0795648 0.0695233
threshold=0 257359.12500000003 643622.38376068382 658831.27604166686 0.023558639562873056 -274412.76154731237 4.5000000000000009 218496.11387622167 1.0000000180025095e-35 529679.07986111124 1.9100000000000004 1.0000000180025095e-35
decision_type=9 10 10 10 2 2 2 10 2 10 10 2
left_child=1 -1 3 4 -3 -2 7 9 -9 -7 -4 -5
right_child=5 2 10 11 -6 6 -8 8 -10 -11 -12 -13
leaf_value=-0.0023222043771902691 -0.00391439488613083 0.0035957215284397807 0.00036224985344711233 -0.00076426003150921549 0.0077525882003548841 -0.00084425095785789148 0.0031253698424304976 -0.0015398817930118963 -0.0072963972754744233 0.0015688948986511361 -0.003244209087549708 0.002890436382013457
leaf_weight=19 30 75 32 36 32 385 23 40 21 96 33 18
leaf_count=19 30 75 32 36 32 385 23 40 21 96 33 18
internal_value=-7.945e-05 0.00138138 0.00200188 0.00340487 0.00487021 -0.000712421 -0.000502951 -0.000729575 -0.00341653 -0.000334626 -0.0010374 0.000986026
internal_weight=840 245 226 161 107 595 565 542 61 481 65 54
internal_count=840 245 226 161 107 595 565 542 61 481 65 54
cat_boundaries=0 1
cat_threshold=1309245736
is_linear=0
shrinkage=0.0680866


Tree=74
num_leaves=16
num_cat=0
split_feature=31 267 72 46 138 153 14 177 5 125 168 60 60 136 2
split_gain=0.103863 0.295706 0.180961 0.30839 0.526347 0.234127 0.114667 0.147894 0.110169 0.204489 0.178179 0.173055 0.118467 0.0680414 0.0576098
threshold=622822.59200968535 1.0000000180025095e-35 160348.31034482762 190218.96886695133 775000.00000000012 0.013238079563014602 2.1250000000000004 1.0000000180025095e-35 3.0250000000000004 1.0000000180025095e-35 1.0000000180025095e-35 93.500000000000014 32.500000000000007 8.4495192307692317 2024.5000000000002
decision_type=2 2 8 10 2 2 2 2 2 2 2 8 8 2 2
left_child=2 8 5 13 -5 6 7 -1 10 -10 12 -11 -2 -4 -12
right_child=1 -3 3 4 -6 -7 -8 -9 9 11 14 -13 -14 -15 -16
leaf_value=-0.00045763628921185291 0.0010232643312766613 -0.0055788902480282286 0.0013131469047982416 0.002022109447776259 0.011942973318679035 -0.0061961948932204823 0.0015963804778504041 -0.0057088831945563074 0.00043239580480584634 -0.0075332308857025887 0.0040172752027367352 -0.001885907963091252 -0.002288473557410057 -0.00071659185662383863 0.0011969594195855038
leaf_weight=36 63 33 169 35 19 18 52 17 52 30 54 26 94 102 40
leaf_count=36 63 33 169 35 19 18 52 17 52 30 54 26 94 102 40
internal_value=-7.68479e-05 -0.000864556 0.000611303 0.00144606 0.00538252 -0.00140156 -0.000367151 -0.00213755 -0.000315418 -0.00194677 0.000446642 -0.00449436 -0.000824433 0.00055898 0.00257532
internal_weight=840 392 448 325 54 123 105 53 359 108 251 56 157 271 94
internal_count=840 392 448 325 54 123 105 53 359 108 251 56 157 271 94
is_linear=0
shrinkage=0.0680866


Tree=75
num_leaves=14
num_cat=0
split_feature=23 64 10 94 55 67 8 256 70 87 92 103 156
split_gain=0.128123 0.204989 0.129349 0.177553 0.558925 0.108972 0.0842291 0.0797969 0.0584975 0.0575147 0.0431552 0.0416277 0.0309586
threshold=1113630.6818181819 35.775210084033624 1.0000000180025095e-35 -150647.45635686503 29.500000000000004 2.3269016697588127 1.0000000180025095e-35 1.0000000180025095e-35 524299.12996031763 1.0000000180025095e-35 0.97752844224800206 1.0000000180025095e-35 1.0000000180025095e-35
decision_type=10 10 2 2 8 8 2 2 2 2 10 2 2
left_child=1 2 3 4 -1 -4 10 -7 -2 -5 -3 -12 -10
right_child=8 6 5 9 -6 7 -8 -9 12 -11 11 -13 -14
leaf_value=0.0100234158625346 -0.0047575189301440378 -8.9093342689525949e-05 -4.9246763691058611e-06 0.00029071500901315311 -0.00077740467219097279 -0.0050740321193188925 0.0049564735864721819 -0.0014316006860001181 -0.0027226027115773471 -0.0011715158293157195 0.0011042138052152779 0.0036005180776735556 -0.00029382161825686746
leaf_weight=18 22 23 33 314 23 55 30 18 23 173 39 43 24
leaf_count=18 22 23 33 314 23 55 30 18 23 173 39 43 24
internal_value=-4.32086e-05 0.000205647 -0.000293236 0.000122782 0.00355248 -0.00226356 0.00243154 -0.00375108 -0.00246824 -0.000227158 0.00173858 0.00234732 -0.00161085
internal_weight=838 769 634 528 41 106 135 73 69 487 105 82 47
internal_count=838 769 634 528 41 106 135 73 69 487 105 82 47
is_linear=0
shrinkage=0.0680866


Tree=76
num_leaves=16
num_cat=1
split_feature=1 86 64 15 24 82 38 37 92 155 22 24 269 52 71
split_gain=0.171988 0.24893 0.17364 0.180652 0.171975 0.309504 0.173543 0.131373 0.126583 0.0883013 0.0973636 0.0800471 0.0675933 0.0525075 0.042984
threshold=0 0.47165230019577464 36.16801619433199 350124.05131310591 3.0250000000000004 17264489.785714291 17152.857966107815 450845.48975323857 1.4074641353589772 1.0000000180025095e-35 2.8500000000000001 2.0350000000000006 0.062206158544219153 991536.85896530992 182486.30769230772
decision_type=9 8 8 10 8 2 8 2 8 2 10 10 2 2 10
left_child=1 2 13 -4 5 7 -6 -2 -5 10 -7 -11 -8 14 -1
right_child=4 -3 3 8 6 9 12 -9 -10 11 -12 -13 -14 -15 -16
leaf_value=-0.0026930950662587575 0.0088065244816008092 -0.0059365052826758176 0.0046797686083321919 0.0020557708599787433 -0.0042943342396963681 0.0021986982786338419 -0.00044199456337551185 0.0038398210937813462 -0.0017757623406495426 0.00065260032984319196 -0.0010758484859718651 -0.0030751575220936385 0.002423628307978206 -0.004197015988408174 -0.00067104811702776697
leaf_weight=70 26 24 27 48 30 151 142 29 67 25 31 35 25 24 84
leaf_count=70 26 24 27 48 30 151 142 29 67 25 31 35 25 24 84
internal_value=-3.64118e-05 -0.00114992 -0.000703716 0.00094781 0.000751842 0.00178285 -0.000683433 0.00566614 -2.74377e-05 0.000802042 0.0014704 -0.0011399 5.67985e-05 -0.00202302 -0.00163741
internal_weight=838 344 320 142 494 297 197 55 115 242 182 60 167 178 154
internal_count=838 344 320 142 494 297 197 55 115 242 182 60 167 178 154
cat_boundaries=0 2
cat_threshold=286666296 1
is_linear=0
shrinkage=0.0680866


Tree=77
num_leaves=15
num_cat=1
split_feature=1 23 26 53 79 16 201 276 142 217 165 114 8 84
split_gain=0.0859993 0.185315 0.103934 0.0861999 0.135842 0.120056 0.174989 0.106698 0.0942627 0.0468258 0.0776921 0.064856 0.0458393 0.0123621
threshold=0 850720.98268398282 2.5650000000000004 1.0724502074325397 1.2988100654164383 1.5850000000000002 0.086647124994215757 1.3833333333333335 2.5000000000000004 1.0000000180025095e-35 0.62840770351141984 4.5000000000000009 1.0000000180025095e-35 -11259.400031680778
decision_type=9 8 8 2 2 8 2 2 2 2 2 2 2 2
left_child=1 13 -3 4 5 6 -2 -7 9 10 -5 -11 -4 -1
right_child=3 2 12 8 -6 7 -8 -9 -10 11 -12 -13 -14 -15
leaf_value=0.0042062632850632855 0.004100935820304962 -0.0033266349667982549 0.0025106815800790619 0.003761284243335437 -0.0043005371031773643 -0.0020483534460154036 -0.0007097379612030502 0.00015156013439983723 0.003498404403314032 -0.0028006899882466732 0.00015925664693814152 0.0001230650072136441 -0.00054748030382137641 0.0060377878049239688
leaf_weight=24 44 17 27 27 26 213 48 154 26 20 35 141 17 19
leaf_count=24 44 17 27 27 26 213 48 154 26 20 35 141 17 19
internal_value=-3.92249e-05 0.00153054 -0.000225702 -0.000304 -0.000830307 -0.000561259 0.00139782 -0.00109415 0.00066834 0.000254419 0.00158849 -0.00033406 0.000973568 0.00454399
internal_weight=838 104 61 734 485 459 92 367 249 223 62 161 44 43
internal_count=838 104 61 734 485 459 92 367 249 223 62 161 44 43
cat_boundaries=0 1
cat_threshold=134283524
is_linear=0
shrinkage=0.0680866


Tree=78
num_leaves=9
num_cat=0
split_feature=29 275 203 7 28 66 75 53
split_gain=0.204398 0.155224 0.112751 0.0933011 0.137842 0.113127 0.073718 0.173322
threshold=218433.03935860062 5.5000000000000009 4.5000000000000009 1.5000000000000002 1.6550000000000002 2.3660287081339719 0.22361111111111112 0.65909502308415768
decision_type=8 2 2 2 8 2 10 2
left_child=-1 3 -3 6 -5 -6 7 -2
right_child=1 2 -4 4 5 -7 -8 -9
leaf_value=0.0044602677556643258 -0.0049784367326028691 -0.0067778333476270786 -0.001635139574539031 0.0042868887483923515 -0.0013570122879958343 0.0014456413361598566 0.0018955228899178499 -0.00045098290082932823
leaf_weight=23 19 18 17 30 79 165 31 449
leaf_count=23 19 18 17 30 79 165 31 449
internal_value=2.18128e-05 -0.000164637 -0.00358877 3.46825e-05 0.00100789 0.000510357 -0.000501983 -0.000732599
internal_weight=831 808 35 773 274 244 499 468
internal_count=831 808 35 773 274 244 499 468
is_linear=0
shrinkage=0.0680866


Tree=79
num_leaves=16
num_cat=1
split_feature=1 80 34 60 86 22 11 13 23 5 26 17 29 60 166
split_gain=0.227663 0.120988 0.29231 0.144997 0.134294 0.0898318 0.0763092 0.0737071 0.0710098 0.136893 0.120122 0.0664165 0.196429 0.0620004 0.0478782
threshold=0 1.0157539198394363 1.0000000180025095e-35 56.500000000000007 0.51708526776033203 1.8550000000000002 1.0000000180025095e-35 713176.50852534582 840847.0841856061 2.8900000000000001 1.9100000000000004 362606.62222222233 348029.47420634929 18.500000000000004 9.1856060606060641
decision_type=9 2 2 10 8 10 2 2 10 2 10 10 8 8 2
left_child=1 3 5 4 6 -3 -1 11 9 13 -10 12 -2 -9 -14
right_child=7 2 -4 -5 -6 -7 -8 8 10 -11 -12 -13 14 -15 -16
leaf_value=0.00080385846865309806 0.004310499447987606 -0.0033522305522104396 -0.0077932219814762348 -0.0039010298072603574 0.0038068338492047876 0.00030654738296984004 -0.0016335440400361088 0.0043177732019270615 0.0014672598992616361 -0.00179533216430206 -0.0026430961589218628 0.0024634126171069037 -0.00029217730452790904 0.0013539511261830865 -0.0030467664760837876
leaf_weight=94 20 31 25 27 18 48 96 31 27 31 70 176 49 62 26
leaf_count=94 20 31 25 27 18 48 96 31 27 31 70 176 49 62 26
internal_value=2.39103e-05 -0.00126592 -0.00308717 -0.000519419 0.000110235 -0.00139802 -0.000390749 0.000932423 8.72271e-05 0.00104317 -0.00118237 0.00169399 0.000409737 0.00232628 -0.00117532
internal_weight=831 339 104 235 208 79 190 492 221 124 97 271 95 93 75
internal_count=831 339 104 235 208 79 190 492 221 124 97 271 95 93 75
cat_boundaries=0 2
cat_threshold=4055237265 1
is_linear=0
shrinkage=0.0680866


Tree=80
num_leaves=16
num_cat=0
split_feature=53 7 43 111 18 93 176 253 19 7 58 293 221 30 7
split_gain=0.147213 0.161453 0.109194 0.248607 0.257631 0.19489 0.112363 0.110205 0.106207 0.101582 0.0960176 0.0629423 0.0606956 0.0576416 0.0366767
threshold=0.83783934514525182 1.5000000000000002 593024.46853741503 8.5000000000000018 2.2050000000000005 0.99999999996864697 1.0000000180025095e-35 61042563.133368753 439539.42369477911 1.0000000180025095e-35 42.500000000000007 0.08454623859584702 13.000000000000002 3.7600000000000002 1.5000000000000002
decision_type=2 2 2 2 10 2 2 2 10 2 2 2 2 8 2
left_child=1 8 6 4 5 -4 14 13 10 -6 -1 12 -3 -8 -2
right_child=2 11 3 -5 9 -7 7 -9 -10 -11 -12 -13 -14 -15 -16
leaf_value=-0.0075249500382083626 0.00026028598089613175 -0.0012388223692848842 0.00067951213558571904 -0.0051389887863392998 -7.5158337496243776e-05 -0.0036180924674400158 0.0043838684080946327 0.0059938437475452831 -0.0010887958428050456 0.0025889602970524776 -0.0032947422181546313 -0.0019351482809935596 0.0019245472117749381 0.0014923072208814533 -0.0022050722257090844
leaf_weight=31 48 18 59 20 79 95 18 17 17 159 26 34 62 129 19
leaf_count=31 48 18 59 20 79 95 18 17 17 159 26 34 62 129 19
internal_value=2.05608e-05 -0.00155652 0.000504345 -0.000129843 0.000242117 -0.00176211 0.00164167 0.00260054 -0.00379448 0.00159668 -0.00533583 -0.000164919 0.000879317 0.00204573 -0.000305712
internal_weight=831 188 643 412 392 154 231 164 74 238 57 114 80 147 67
internal_count=831 188 643 412 392 154 231 164 74 238 57 114 80 147 67
is_linear=0
shrinkage=0.0680866


Tree=81
num_leaves=16
num_cat=0
split_feature=80 72 138 23 22 79 208 213 53 213 214 7 133 189 68
split_gain=0.153925 0.13796 0.21184 0.158844 0.212693 0.150737 0.135039 0.0933572 0.077111 0.0773501 0.0766087 0.0742888 0.0540797 0.0604353 0.0465075
threshold=0.67543364271124184 166747.02545454548 775000.00000000012 711007.56172335614 1.7750000000000001 0.87634745869432795 1.0000000180025095e-35 1.0000000180025095e-35 1.1587214241080606 1.0000000180025095e-35 0.035688884662456059 1.0000000180025095e-35 0.16397849462365588 23.000000000000004 3.1686991869918706
decision_type=2 10 2 10 10 2 2 2 2 2 2 2 2 2 10
left_child=6 2 8 4 11 -6 -1 -5 10 -10 -2 -3 -8 -14 -9
right_child=1 3 -4 7 5 -7 12 14 9 -11 -12 -13 13 -15 -16
leaf_value=-0.00057039965534561032 -0.00014094211656738321 -0.0032854871466925549 -0.0049974794031803181 0.00036308062437903432 0.0069650245801788973 0.0025938601217781352 0.0061052498436202198 -0.0014933213115763118 0.0023921163169046316 -0.00097617038173971747 -0.0024030496896296732 0.00044801688526474218 0.0010928111727528452 0.0045371287314534166 -0.0044915877440513058
leaf_weight=17 135 20 33 150 32 86 26 32 60 27 102 30 20 24 21
leaf_count=17 135 20 33 150 32 86 26 32 60 27 102 30 20 24 21
internal_value=0.000234462 -8.37123e-05 -0.00101605 0.000800357 0.00227776 0.00382853 0.00263347 -0.000379957 -0.000512572 0.0010305 -0.00110818 -0.000669645 0.00412861 0.00307607 -0.00247586
internal_weight=815 728 357 371 168 118 87 203 324 87 237 50 70 44 53
internal_count=815 728 357 371 168 118 87 203 324 87 237 50 70 44 53
is_linear=0
shrinkage=0.0680866


Tree=82
num_leaves=13
num_cat=0
split_feature=64 56 177 80 138 7 63 289 64 150 43 94
split_gain=0.163915 0.120119 0.177315 0.143345 0.218179 0.121316 0.0868665 0.083894 0.0677289 0.0514313 0.0441196 0.0334115
threshold=0.67619047619047634 30.500000000000004 1.0000000180025095e-35 0.66820813461115147 1100000.0000000002 1.5000000000000002 4.8806818181818192 1.0000000180025095e-35 72.0754985754986 1.0000000180025095e-35 844882.74791666679 25800.054122739621
decision_type=8 8 2 2 2 2 10 2 10 2 2 2
left_child=9 2 6 5 8 10 -2 -4 -5 -1 -3 -8
right_child=1 3 7 4 -6 -7 11 -9 -10 -11 -12 -13
leaf_value=-0.001615719617721532 0.0067236658710782974 -0.00020213569786233334 -0.0028351163774132555 -0.00019417323507291574 -0.0048441222303268489 0.0060145718241389496 0.0012542880805214043 0.0012110469273499743 0.002004208707428087 -0.004859568937177935 0.0027199501700843143 0.0040340437621574571
leaf_weight=22 30 24 19 512 22 19 20 28 50 28 23 18
leaf_count=22 30 24 19 512 22 19 20 28 50 28 23 18
internal_value=0.000211576 0.000460852 0.0023112 0.000108229 -0.000232125 0.00268216 0.0044 -0.000123411 2.9742e-05 -0.00289412 0.00142493 0.00291145
internal_weight=815 765 115 650 584 66 68 47 562 50 47 38
internal_count=815 765 115 650 584 66 68 47 562 50 47 38
is_linear=0
shrinkage=0.0680866


Tree=83
num_leaves=16
num_cat=1
split_feature=1 64 113 31 25 96 97 238 92 21 21 59 64 249 118
split_gain=0.165812 0.106795 0.121576 0.102832 0.121703 0.0902754 0.150196 0.147037 0.146415 0.0725266 0.0712731 0.0588589 0.0583879 0.0563233 0.08419
threshold=0 2.5441176470588238 8.3114035087719316 593028.0703231293 911284.09090909094 7.7615868944160823e-11 148951.90625000006 1.0000000180025095e-35 1.3454032328971834 529679.07986111124 472831.0797511313 57.500000000000007 5.4375000000000009 24.500000000000004 0.019124553853945354
decision_type=9 8 2 2 8 2 2 2 8 8 10 8 10 2 2
left_child=5 2 -2 4 -3 6 7 11 -9 -6 -5 -1 -8 14 -7
right_child=1 3 -4 10 9 13 12 8 -10 -11 -12 -13 -14 -15 -16
leaf_value=-0.0011789547527397747 0.0017301279250893807 0.0043608792077276092 0.0064520686114256619 -0.0018218561708655441 -0.0015629023595402495 -0.0048017196379397682 -0.0038539888454381479 0.0018411707636070539 0.0074865238146993663 0.0017978562216814139 0.00044756677997448093 0.0019769422820322489 -0.00083143327929170957 -0.00084656344993009887 -0.0012163386282515777
leaf_weight=59 36 51 21 60 25 54 38 21 19 50 246 18 37 51 29
leaf_count=59 36 51 21 60 25 54 38 21 19 50 246 18 37 51 29
internal_value=0.000197036 0.000963539 0.00332632 0.000635964 0.0021289 -0.000934575 -9.89102e-05 0.00133463 0.00408976 0.00069793 -1.83531e-05 -6.32578e-05 -0.00213146 -0.00224981 -0.00332576
internal_weight=815 489 57 432 126 326 192 117 40 75 306 77 75 134 83
internal_count=815 489 57 432 126 326 192 117 40 75 306 77 75 134 83
cat_boundaries=0 2
cat_threshold=3781185155 1
is_linear=0
shrinkage=0.0680866


Tree=84
num_leaves=8
num_cat=0
split_feature=138 29 51 257 53 127 221
split_gain=0.22519 0.132453 0.148959 0.092136 0.174054 0.0697378 0.0619835
threshold=1100000.0000000002 265121.65416666673 0.35909984553748847 1.0000000180025095e-35 0.87330829594518489 1.0000000180025095e-35 18.000000000000004
decision_type=2 8 10 2 2 2 2
left_child=1 -1 3 4 -3 -4 -5
right_child=-2 2 5 6 -6 -7 -8
leaf_value=0.0029866053919905856 -0.004927350373287653 -0.0015745087512914564 -0.001805371688036358 -0.00084092923947380572 0.00085581437014796706 -0.0055397266743676381 -0.003926136589589139
leaf_weight=37 24 164 24 44 477 26 33
leaf_count=37 24 164 24 44 477 26 33
internal_value=-0.000321163 -0.000117161 -0.000310493 -6.05993e-05 0.000205682 -0.00327089 -0.00200338
internal_weight=829 805 768 718 641 50 77
internal_count=829 805 768 718 641 50 77
is_linear=0
shrinkage=0.0680866


Tree=85
num_leaves=14
num_cat=0
split_feature=111 7 81 249 255 27 28 56 128 63 49 24 203
split_gain=0.155957 0.0528322 0.0894574 0.0959111 0.0855836 0.0967017 0.0992462 0.0783394 0.0774105 0.0726129 0.100542 0.0682079 0.041188
threshold=8.5000000000000018 1.5000000000000002 0.8551825522808123 7.5000000000000009 0.05308023163820641 651711.32305194822 1.8550000000000002 21.500000000000004 1.0000000180025095e-35 26.139578163771713 9008.3541666666879 2.5900000000000003 3.5000000000000004
decision_type=2 2 2 2 2 8 10 10 2 8 10 10 2
left_child=1 2 9 -4 5 6 -3 -6 -7 10 -1 -11 -5
right_child=-2 4 3 12 7 8 -8 -9 -10 11 -12 -13 -14
leaf_value=2.0299787293638269e-05 -0.0042712590587345705 0.0045087240817444606 -0.0050801302747307221 -0.0029616666885281064 0.005442608622099181 -3.913288551033905e-05 0.00060816652680205797 0.001346600293188422 -0.0029109820527026993 0.0019234281667162428 -0.0025593240636669601 -0.00037411507455874211 -0.00030824883308355386
leaf_weight=169 21 23 22 20 19 96 62 23 43 106 85 86 54
leaf_count=169 21 23 22 20 19 96 62 23 43 106 85 86 54
internal_value=-0.000303778 -0.000142943 -0.000520022 -0.00221547 0.000609597 0.000120867 0.00170166 0.00288547 -0.000921153 -0.000126841 -0.000842796 0.000821523 -0.00130068
internal_weight=829 808 542 96 266 224 85 42 139 446 254 192 74
internal_count=829 808 542 96 266 224 85 42 139 446 254 192 74
is_linear=0
shrinkage=0.0680866


Tree=86
num_leaves=16
num_cat=1
split_feature=1 220 22 23 225 118 48 68 46 46 238 11 68 11 176
split_gain=0.165788 0.179247 0.133598 0.23273 0.244348 0.245349 0.112594 0.281403 0.290709 0.212141 0.0937236 0.0752812 0.0727539 0.0686517 0.0681065
threshold=0 18.500000000000004 2.3400000000000003 377882.85602453112 1.0000000180025095e-35 0.031467293294268908 556572.19791666686 4.4660633484162906 282753.89327896218 313179.6689868801 1.0000000180025095e-35 -0.6830127018922193 2.5080645161290325 0.25000000000000011 1.0000000180025095e-35
decision_type=9 2 10 8 2 2 2 8 10 8 2 2 8 2 2
left_child=1 6 3 14 -5 -6 7 8 -1 -9 11 -4 -3 -12 -2
right_child=2 12 10 4 5 -7 -8 9 -10 -11 13 -13 -14 -15 -16
leaf_value=-0.0028250053634865202 0.0031518592566649188 0.0026704487615956513 0.00038544437009591158 0.0018346441167964931 0.00013061947729658136 -0.0065510436214675444 -0.0057041144208908037 -0.00075985331189999227 -0.009605947777767845 0.005219111178084236 0.0032461235340633414 -0.0022825546967530324 -0.00033117944229959199 -0.000140478086135972 0.0067458303177192402
leaf_weight=78 24 26 48 144 26 28 29 54 17 17 31 126 115 31 35
leaf_count=78 24 26 48 144 26 28 29 54 17 17 31 126 115 31 35
internal_value=-0.000289579 -0.0013941 0.000486508 0.00154382 0.00051335 -0.00277446 -0.00273568 -0.00213409 -0.00427308 0.000690483 -0.000596296 -0.00141754 0.0002315 0.00127517 0.00474984
internal_weight=829 336 493 257 198 54 195 166 95 71 236 174 141 62 59
internal_count=829 336 493 257 198 54 195 166 95 71 236 174 141 62 59
cat_boundaries=0 2
cat_threshold=1897612338 1
is_linear=0
shrinkage=0.0680866


Tree=87
num_leaves=16
num_cat=0
split_feature=53 258 85 78 267 294 138 11 7 120 189 244 238 29 120
split_gain=0.193004 0.0955509 0.0763792 0.11217 0.152908 0.110314 0.110046 0.15139 0.0674734 0.0697672 0.089836 0.0559254 0.0379386 0.0226629 0.0132868
threshold=0.83783934514525182 0.073526361405362561 0.95745691143780887 -16.499999999999996 1.0000000180025095e-35 1.0000000180025095e-35 725000.00000000012 -0.5 1.5000000000000002 1.0000000180025095e-35 15.000000000000002 0.043108822951628011 1.0000000180025095e-35 418219.87536848075 1.0000000180025095e-35
decision_type=2 2 2 10 2 2 2 2 2 2 2 2 2 10 2
left_child=8 2 3 4 -2 -5 7 -4 9 -1 -11 -3 13 -10 -14
right_child=1 11 6 5 -6 -7 -8 -9 12 10 -12 -13 14 -15 -16
leaf_value=-0.0014784973438329327 0.0015988579068720356 -0.0035090305306085035 0.0015970058899836756 0.0023126068619644907 -0.0036077006791648894 0.0061470073165596851 0.003282320934778852 -0.0011098642700367147 -0.0034613139353389757 -0.002759628467135854 -0.007195567972125499 -0.00055116546622877266 -0.00079746580289986988 -0.0011796418684478045 0.00071036263211587177
leaf_weight=27 43 18 145 109 18 24 33 198 20 18 24 75 21 20 47
leaf_count=27 43 18 145 109 18 24 33 198 20 18 24 75 21 20 47
internal_value=0.000123463 0.000650037 0.00098611 0.0020303 5.94317e-05 0.00311796 0.000437896 5.56892e-05 -0.00174967 -0.00329545 -0.00491434 -0.00114023 -0.000877835 -0.00211665 3.45568e-05
internal_weight=840 663 570 194 61 133 376 343 177 69 42 93 108 40 68
internal_count=840 663 570 194 61 133 376 343 177 69 42 93 108 40 68
is_linear=0
shrinkage=0.0680866


Tree=88
num_leaves=16
num_cat=0
split_feature=89 53 13 37 290 133 23 53 203 24 67 26 49 86 24
split_gain=0.105525 0.330015 0.177424 0.127796 0.119494 0.109159 0.0799635 0.0750955 0.160169 0.113465 0.102535 0.0886684 0.0797438 0.0461707 0.033134
threshold=611270.91666666674 1.833321145999254 509097.97120708757 793957.03052024019 1.0000000180025095e-35 0.16397849462365588 510288.49229691888 1.4602231301022777 2.5000000000000004 2.5900000000000003 2.9119922630560935 1.5600000000000003 -9250.8991627420455 0.22733243254223065 1.5850000000000002
decision_type=2 2 2 2 2 2 10 2 2 8 10 8 8 8 8
left_child=1 2 6 -3 5 -4 13 8 9 -2 -9 -10 -13 -1 -6
right_child=7 3 4 -5 14 -7 -8 10 11 -11 -12 12 -14 -15 -16
leaf_value=-0.0004580682083383809 0.0014878796040610298 0.0020210609513986295 -0.0039464896943823 0.0073255468336567292 -0.0034364523312717704 -0.008727520857749891 -0.0028801033046867721 0.0061022472394567911 0.0029238604520035179 0.0059704738253135827 0.0013494458211213999 0.0012655489352436699 -0.0010082214484263996 0.0013465607906034353 -0.0011146959169375317
leaf_weight=148 31 19 28 22 21 17 23 17 20 29 22 78 215 82 68
leaf_count=148 31 19 28 22 21 17 23 17 20 29 22 78 215 82 68
internal_value=0.000116932 -0.000609741 -0.00124361 0.0039827 -0.00310767 -0.00555656 -0.000239194 0.000874969 0.000595324 0.00331175 0.00313618 -1.03e-05 -0.000345481 0.000183199 -0.00192951
internal_weight=840 428 387 41 134 45 253 412 373 60 39 313 293 230 89
internal_count=840 428 387 41 134 45 253 412 373 60 39 313 293 230 89
is_linear=0
shrinkage=0.0680866


Tree=89
num_leaves=16
num_cat=0
split_feature=53 62 93 18 86 259 244 187 26 231 253 259 290 22 94
split_gain=0.102861 0.147445 0.0877897 0.217777 0.104349 0.0857368 0.0837775 0.067785 0.0449497 0.0555451 0.0431977 0.142395 0.124045 0.109425 0.0790984
threshold=0.89362843175735995 8.1875000000000018 1.0509238865195785 1.6550000000000002 0.38137992782347374 1.0000000180025095e-35 0.049217198598121563 34.500000000000007 1.7750000000000001 0.023609072262139954 61408217.867738344 1.0000000180025095e-35 1.0000000180025095e-35 2.4400000000000004 160200.60665331848
decision_type=2 2 2 8 10 2 2 2 8 2 2 2 2 8 2
left_child=1 5 3 -2 6 -1 -5 8 -3 -10 11 13 14 -4 -12
right_child=2 7 10 4 -6 -7 -8 -9 9 -11 12 -13 -14 -15 -16
leaf_value=-0.00030204476034599006 0.0053704863314883089 -0.0015535002590887793 0.0011921087331921848 0.0017986150164364446 -0.0025227734587850983 0.0031682983418415806 -0.00075798619023844424 -0.00016245745599522803 -0.0054402792271959731 -0.0025070321064240659 -0.0013666451356605116 0.0021155542130635837 -0.0042271433430161737 -0.002045097141222071 0.0026726362840172094
leaf_weight=65 33 26 50 187 18 27 58 17 48 33 23 92 28 116 19
leaf_count=65 33 26 50 187 18 27 58 17 48 33 23 92 28 116 19
internal_value=0.000111888 -0.00110121 0.000549164 0.00137587 0.000753943 0.000667735 0.00111222 -0.00257115 -0.00331547 -0.00411011 -0.000179585 0.000182395 -0.00149895 -0.000912831 0.000198881
internal_weight=840 216 624 296 263 92 245 124 107 81 328 258 70 166 42
internal_count=840 216 624 296 263 92 245 124 107 81 328 258 70 166 42
is_linear=0
shrinkage=0.0680866


Tree=90
num_leaves=14
num_cat=0
split_feature=53 55 51 156 12 83 221 18 133 23 53 189 50
split_gain=0.277896 0.0948638 0.101926 0.0974951 0.0796878 0.116531 0.0664227 0.236358 0.101346 0.0897051 0.0559897 0.0217491 0.00960848
threshold=2.1606042344073249 15.500000000000002 0.31519752422180441 1.0000000180025095e-35 1.0000000180025095e-35 0.9025505791339693 16.000000000000004 5.1250000000000009 0.11666666666666667 558737.73552631587 0.9877647113199316 10.500000000000002 -17065.733333333334
decision_type=2 10 10 2 2 2 2 8 2 8 2 2 10
left_child=1 6 4 11 10 -6 9 8 -8 12 -3 -4 -1
right_child=-2 2 3 -5 5 -7 7 -9 -10 -11 -12 -13 -14
leaf_value=0.0014185958343547556 0.0053719755341138592 -0.00014561972113225955 -0.003836859879083992 -0.00071429428498208066 -0.0044964502509693373 -0.00070493996915255153 0.0053314984286006338 -0.0037923387347433717 0.00083148856350034428 0.0047986553965623426 0.0016536219664559596 -0.0061083686248531183 -1.0019199675516896e-05
leaf_weight=19 19 190 24 32 19 285 17 26 31 32 103 20 19
leaf_count=19 19 190 24 32 19 285 17 26 31 32 103 20 19
internal_value=-5.01927e-05 -0.00025379 -0.000592674 -0.00264908 -0.000299902 -0.00103994 0.0012095 9.29531e-05 0.00230082 0.0026123 0.000472722 -0.00459086 0.000988529
internal_weight=836 817 673 76 597 304 144 74 48 70 293 44 38
internal_count=836 817 673 76 597 304 144 74 48 70 293 44 38
is_linear=0
shrinkage=0.0680866


Tree=91
num_leaves=16
num_cat=0
split_feature=31 41 75 244 23 11 17 295 122 50 5 97 211 22 126
split_gain=0.122983 0.171339 0.101089 0.0939545 0.157821 0.126487 0.082203 0.0811831 0.0590736 0.0871265 0.0722224 0.0445001 0.105466 0.0843612 0.0438119
threshold=593028.0703231293 484520.45054532349 0.17316341829085458 0.049217198598121563 245653.01054421772 -0.5 345732.0991471216 12.252316359845699 1.0000000180025095e-35 -73537.765981108343 2.7950000000000004 123606.83333333337 0.16617750948514551 2.3400000000000003 0.016869451187920655
decision_type=2 2 8 2 10 2 10 10 2 10 2 2 2 10 2
left_child=2 -2 3 4 5 -1 -3 -6 9 -8 -10 12 -5 -13 -4
right_child=1 6 14 11 7 -7 8 -9 10 -11 -12 13 -14 -15 -16
leaf_value=0.0061920093258754577 -0.004242925139726357 -0.0033612741631106877 0.0023709112751777802 -0.00073348304790552519 0.00052755048536063363 0.0019724712785611984 5.302665686841243e-05 -0.0025205080854064253 0.0013162589155039815 -0.0033544064477374984 -0.00079073654283091574 0.0020430925823710306 -0.0048544559241756107 -0.0020030454803419335 0.0056106887659710314
leaf_weight=25 40 18 19 58 132 79 45 30 142 45 114 33 21 18 17
leaf_count=25 40 18 19 58 132 79 45 30 142 45 114 33 21 18 17
internal_value=-4.36286e-05 -0.000875461 0.00073197 0.000434039 0.00113226 0.00302723 -0.000432901 -7.33428e-05 -0.000169634 -0.00149793 0.000340731 -0.000946843 -0.00195167 0.000219668 0.00342988
internal_weight=836 404 432 396 266 104 364 162 346 90 256 130 79 51 36
internal_count=836 404 432 396 266 104 364 162 346 90 256 130 79 51 36
is_linear=0
shrinkage=0.0680866


Tree=92
num_leaves=10
num_cat=0
split_feature=35 53 5 100 83 42 49 253 4
split_gain=0.124716 0.17096 0.146459 0.145333 0.0840217 0.125324 0.0920536 0.0805985 0.0674778
threshold=1.9650000000000001 0.55799201359349571 2.5900000000000003 1.0000000180025095e-35 0.99999999994073474 265690.00697514252 117090.74363811863 61346251.660937496 91.500000000000014
decision_type=2 2 2 2 2 8 10 2 2
left_child=1 -1 3 7 5 -4 -6 -3 -2
right_child=8 2 4 -5 6 -7 -8 -9 -10
leaf_value=-0.0040955401398186046 0.0010931772538388552 0.0010285692874581912 -0.0014690432293627035 -0.0024655779370839014 0.00058513186205052278 -0.005578279731351137 -0.0020750652587015581 0.0041353227518891285 0.0048699925046035439
leaf_weight=28 19 332 125 31 169 21 64 20 27
leaf_count=28 19 332 125 31 169 21 64 20 27
internal_value=-4.76959e-05 -0.000251362 -5.45299e-05 0.0008575 -0.000974207 -0.00218917 -0.000228586 0.00128276 0.00274811
internal_weight=836 790 762 383 379 146 233 352 46
internal_count=836 790 762 383 379 146 233 352 46
is_linear=0
shrinkage=0.0680866


Tree=93
num_leaves=13
num_cat=0
split_feature=81 15 111 214 23 85 28 15 18 66 16 5
split_gain=0.113604 0.0713252 0.061034 0.0802604 0.198334 0.0848944 0.0764322 0.0516205 0.0479426 0.0765945 0.0578649 0.0431255
threshold=-0.88569016976059645 740693.77867965377 2.5000000000000004 0.065744591129563254 357694.01157105615 0.83721077111181541 3.0650000000000004 414875.95740740746 3.3750000000000004 3.0540935672514626 2.4400000000000004 3.1750000000000003
decision_type=2 10 2 2 8 2 10 10 10 2 10 2
left_child=1 8 3 5 11 7 -7 -2 9 10 -1 -5
right_child=2 -3 -4 4 -6 6 -8 -9 -10 -11 -12 -13
leaf_value=0.002777617487198264 0.0040994752493039533 -0.00046239506140878842 -0.0022966388593078997 -0.00067270391195447209 -0.0053181154993514994 -0.00044844127326672527 0.0016809488717492293 0.0013264392033706896 0.0047596558995965082 0.004241123075553732 -0.00032920739189806482 0.0022200367930497616
leaf_weight=22 20 21 33 29 28 401 72 86 20 28 47 18
leaf_count=22 20 21 33 29 28 401 72 86 20 28 47 18
internal_value=0.000236232 0.00188327 -0.00011448 2.36691e-05 -0.00179727 0.000296819 -7.68295e-05 0.00187595 0.00264479 0.00209383 0.000934785 0.000192058
internal_weight=825 138 687 654 75 579 473 106 117 97 69 47
internal_count=825 138 687 654 75 579 473 106 117 97 69 47
is_linear=0
shrinkage=0.0680866


Tree=94
num_leaves=16
num_cat=0
split_feature=81 53 81 72 203 86 18 46 238 64 18 23 156 22 213
split_gain=0.192822 0.13853 0.165973 0.143636 0.136853 0.11986 0.12592 0.0841484 0.0762318 0.0727659 0.0641463 0.059821 0.0577088 0.0502408 0.0979775
threshold=-0.59572390478293646 1.5022502035591117 0.60875361916927806 276152.86752136756 2.5000000000000004 0.22282059914144567 2.5650000000000004 94583.901703988624 1.0000000180025095e-35 69.497326203208573 2.8900000000000001 937326.79166666686 1.0000000180025095e-35 2.8500000000000001 1.0000000180025095e-35
decision_type=2 2 2 8 2 8 10 10 2 8 8 10 2 10 2
left_child=4 2 3 7 -1 12 -7 -2 9 -3 -5 -6 -4 14 -10
right_child=1 8 5 10 11 6 -8 -9 13 -11 -12 -13 -14 -15 -16
leaf_value=0.0054369367033543677 -0.00084196684252399478 0.0054003281165198452 -0.0027097648574047947 0.0016008148415414542 0.0017265985739963472 -0.00845826420565585 -0.0031913934981777094 -0.0040701127040590722 0.0012642685038668651 0.0015608674538840509 -0.00045744518211228305 -0.00076172112589446687 0.00033630719565157262 0.0020883683023273617 -0.0029416606961768059
leaf_weight=20 59 25 48 130 197 23 18 47 26 23 104 31 22 23 29
leaf_count=20 59 25 48 130 197 23 18 47 26 23 104 31 22 23 29
internal_value=0.000221138 -0.000445858 -0.0010063 -0.000291431 0.00173916 -0.00309447 -0.0055969 -0.00215008 0.00136699 0.00324733 0.000626965 0.00131644 -0.00176023 0.000334635 -0.000736767
internal_weight=825 577 451 340 248 111 41 106 126 48 234 228 70 78 55
internal_count=825 577 451 340 248 111 41 106 126 48 234 228 70 78 55
is_linear=0
shrinkage=0.0680866


Tree=95
num_leaves=16
num_cat=1
split_feature=1 42 217 12 27 231 31 18 267 255 201 78 263 30 15
split_gain=0.167888 0.128665 0.301646 0.147436 0.13336 0.107074 0.0770039 0.126961 0.113828 0.0886859 0.0850248 0.0644253 0.103092 0.0533145 0.0499245
threshold=0 214983.77490266462 1.0000000180025095e-35 -1.0000000180025095e-35 647296.44103597559 0.069369184237438014 583996.57073643419 2.4400000000000004 1.0000000180025095e-35 0.060108539588368155 0.083365922359110459 -9.4999999999999982 0.027961894991153601 2.5650000000000004 284764.54861111112
decision_type=9 10 2 2 10 2 2 10 2 2 2 8 2 10 10
left_child=1 3 -3 11 5 -5 8 10 -2 13 -8 -1 -13 -9 -10
right_child=6 2 -4 4 -6 -7 7 9 14 -11 -12 12 -14 -15 -16
leaf_value=-0.00092964343514010555 0.0040565780950996989 -3.3333468465096028e-05 -0.0078133543699247365 -0.0049353976945793821 0.0013704095448034759 -0.001425578611866587 6.4733290580104526e-05 -0.00014034425131898983 -0.00040824762754441583 0.0035070334792142426 -0.002988805555056069 0.0034629893486088728 5.98009839747345e-05 0.0026879079603102773 0.0018171321797772692
leaf_weight=35 64 20 25 50 21 69 64 94 53 49 56 61 55 18 91
leaf_count=35 64 20 25 50 21 69 64 94 53 49 56 61 55 18 91
internal_value=0.000209859 -0.00090706 -0.00370144 -0.000452102 -0.00191073 -0.00287825 0.000987681 0.000312541 0.00196705 0.0014586 -0.00123787 0.000930758 0.00175301 0.00054837 0.00101392
internal_weight=825 336 45 291 140 119 489 281 208 161 120 151 116 112 144
internal_count=825 336 45 291 140 119 489 281 208 161 120 151 116 112 144
cat_boundaries=0 2
cat_threshold=1910899345 1
is_linear=0
shrinkage=0.0680866


Tree=96
num_leaves=16
num_cat=0
split_feature=31 21 138 68 214 79 85 21 42 235 7 11 26 153 208
split_gain=0.0854139 0.159887 0.0861287 0.24236 0.114682 0.0731925 0.0625878 0.19211 0.0549178 0.145591 0.100339 0.0540208 0.0452377 0.0169168 0.0183397
threshold=782545.75951690832 478331.11961538467 725000.00000000012 2.3303030303030305 0.12851282597872188 1.0365451845262996 0.83721077111181541 529679.07986111124 141218.49163854105 0.022921636832596754 1.5000000000000002 -1.0000000180025095e-35 2.5350000000000006 1.0000000180025095e-35 1.0000000180025095e-35
decision_type=2 10 2 10 2 2 2 10 10 2 2 2 10 2 2
left_child=2 -2 4 -4 6 -6 7 -1 13 10 -10 -8 -11 -3 -15
right_child=1 8 3 -5 5 -7 11 -9 9 12 -12 -13 -14 14 -16
leaf_value=0.0043968102697108753 -0.0046092134379615403 -0.00013540789922105226 -0.00064556904928010086 0.0058643390803653824 -0.0046093279156161678 -0.0010194709689096563 0.00054060401478802983 -0.0001958325505576215 -0.0067418579480164886 0.0015541778523184464 -0.0022741534578873427 -0.0010548461869941768 -0.0011110200571295373 0.00057312654141363569 0.0024460545771613556
leaf_weight=46 35 25 29 29 29 32 187 81 19 44 30 160 29 19 29
leaf_count=46 35 25 29 29 29 32 187 81 19 44 30 160 29 19 29
internal_value=-0.000242922 -0.00130407 0.000178587 0.00228423 -7.80951e-05 -0.00244065 0.000266334 0.00146207 -0.000608489 -0.00138692 -0.00380008 -0.000180277 0.000215312 0.000696914 0.00149487
internal_weight=823 230 593 58 535 61 474 127 195 122 49 347 73 73 48
internal_count=823 230 593 58 535 61 474 127 195 122 49 347 73 73 48
is_linear=0
shrinkage=0.0680866


Tree=97
num_leaves=10
num_cat=0
split_feature=43 138 77 26 10 127 23 42 81
split_gain=0.126184 0.173643 0.0752812 0.0646441 0.0970845 0.126022 0.0931826 0.0812464 0.0667488
threshold=1522015.080392157 1100000.0000000002 0.045081833060556457 1.7750000000000001 1.0000000180025095e-35 1.0000000180025095e-35 888011.36363636376 128813.0506139153 -0.84377094103183359
decision_type=2 2 2 8 2 2 10 10 2
left_child=1 3 -2 4 5 -1 8 -8 -5
right_child=2 -3 -4 6 -6 -7 7 -9 -10
leaf_value=0.00083665717121843015 0.004433213547441083 -0.0047481784402741501 0.00077337828679935794 0.0011665903124356111 -0.0015308299247380856 0.0052574803932418281 -0.00081403234263667187 -0.0041665159799383249 -0.00056381922149201312
leaf_weight=55 32 19 24 108 20 25 44 46 450
leaf_count=55 32 19 24 108 20 25 44 46 450
internal_value=-0.0002314 -0.00046083 0.00237894 -0.000288333 0.00115787 0.00229374 -0.000532847 -0.00234593 -0.000211031
internal_weight=823 767 56 748 100 80 648 90 558
internal_count=823 767 56 748 100 80 648 90 558
is_linear=0
shrinkage=0.0680866


Tree=98
num_leaves=12
num_cat=0
split_feature=126 53 25 139 17 5 11 60 123 33 156
split_gain=0.0750329 0.150049 0.0791649 0.123474 0.0974929 0.167845 0.166262 0.0581202 0.0858248 0.0399771 0.0127522
threshold=0.098812842025828768 1.5319141956472511 922553.04285714298 1.0000000180025095e-35 307263.95188492077 3.5350000000000006 -0.5 82.500000000000014 16.500000000000004 2.5350000000000006 1.0000000180025095e-35
decision_type=2 2 10 2 10 2 2 8 2 2 2
left_child=1 2 4 9 6 -6 -1 8 -3 -4 -10
right_child=-2 7 3 -5 5 -7 -8 -9 10 -11 -12
leaf_value=0.00053565388340063409 0.0024636398423513685 0.0050227381017622684 -3.5581475524091949e-05 -0.0059820280261194169 0.00028083771572809776 -0.0041675150692241933 -0.0036121221379535424 -0.00028249846754251269 0.0018978752447724075 -0.0026860816806684035 0.00046086384396210479
leaf_weight=50 23 29 32 17 461 19 89 18 39 25 21
leaf_count=50 23 29 32 17 461 19 89 18 39 25 21
internal_value=-0.00021997 -0.000337106 -0.000702376 -0.00254214 -0.000456299 -5.21915e-06 -0.00191907 0.00180403 0.00268852 -0.00139343 0.00148423
internal_weight=823 800 693 74 619 480 139 107 89 57 60
internal_count=823 800 693 74 619 480 139 107 89 57 60
is_linear=0
shrinkage=0.0680866


Tree=99
num_leaves=15
num_cat=0
split_feature=63 24 36 18 244 269 60 110 16 22 230 4 53 172
split_gain=0.139491 0.14959 0.173504 0.0684129 0.190286 0.0901254 0.0858257 0.166061 0.0921072 0.0611825 0.12153 0.0761363 0.0128439 0.00423203
threshold=0.87867647058823539 2.3400000000000003 2.6300000000000003 1.5600000000000003 0.028041361549965605 0.038991874025650609 31.500000000000004 16.000000000000004 2.5650000000000004 2.1250000000000004 1.0000000180025095e-35 118.00000000000001 0.99999999998479516 0.051619321243529359
decision_type=8 10 2 8 2 2 8 2 8 10 2 2 2 2
left_child=1 2 -1 4 13 -6 9 8 -8 11 -11 -5 -3 -2
right_child=3 12 -4 6 5 -7 7 -9 -10 10 -12 -13 -14 -15
leaf_value=0.0023485835079072055 -0.0024231190920850042 -0.001048959814474287 0.008130864233714008 -0.0021771334420513521 0.0022974353344532182 0.0065377192973116848 -0.0020238554595850555 -0.0050517510786683697 4.1463843566192592e-05 0.00050168295886915718 0.0042400552154910785 0.0010629501994131112 0.00060054518117956188 -0.0012133460345043867
leaf_weight=28 17 19 23 47 26 23 123 19 287 102 36 40 21 17
leaf_count=28 17 19 23 47 26 23 123 19 287 102 36 40 21 17
internal_value=0.000202789 0.00244262 0.00470949 -0.000102521 0.00151341 0.00395567 -0.000340554 -0.000896658 -0.00060475 0.00067569 0.00155372 -0.000517157 0.000237356 -0.00127542
internal_weight=828 91 51 737 83 49 654 429 410 225 138 87 40 34
internal_count=828 91 51 737 83 49 654 429 410 225 138 87 40 34
is_linear=0
shrinkage=0.0680866


Tree=100
num_leaves=16
num_cat=1
split_feature=1 15 28 287 24 53 99 68 84 26 259 56 28 57 64
split_gain=0.0644364 0.181942 0.114344 0.110385 0.10956 0.0868274 0.0487942 0.103822 0.0671461 0.060429 0.0561435 0.0331511 0.029047 0.0659815 0.0518594
threshold=0 361329.72500000003 1.0000000180025095e-35 18.500000000000004 2.8900000000000001 0.89362843175735995 18.500000000000004 2.980015299292408 -32112.74890809532 2.5900000000000003 1.0000000180025095e-35 150.50000000000003 3.0250000000000004 71.166666666666671 36.16801619433199
decision_type=9 8 10 2 8 2 2 10 2 10 2 8 10 2 8
left_child=1 2 -1 4 -3 12 7 9 -8 -7 -9 -10 13 14 -2
right_child=5 3 -4 -5 -6 6 8 10 11 -11 -12 -13 -14 -15 -16
leaf_value=0.0046006347026926195 -0.0013585183269809022 -0.0076832499566065375 -0.00021028813417072338 -0.00095156750548468455 -0.0028379483137835775 0.00045063973224552579 0.0019342598350959739 0.0062823611253595224 0.00064472006459577729 0.0028895920930435397 0.0027385945542395896 -0.00098481497566183808 0.00022121950748339017 -0.0031541080276001584 0.001309432533532997
leaf_weight=17 60 26 26 23 18 186 58 20 69 38 21 128 65 41 32
leaf_count=17 60 26 26 23 18 186 58 20 69 38 21 128 65 41 32
internal_value=0.000185955 -0.00114186 0.00139536 -0.00328962 -0.00523243 0.000421635 0.000884975 0.00151601 0.000244562 0.000973863 0.0040463 -0.000348618 -0.000711301 -0.00130987 -0.000423706
internal_weight=828 110 43 67 44 718 520 265 255 224 41 197 198 133 92
internal_count=828 110 43 67 44 718 520 265 255 224 41 197 198 133 92
cat_boundaries=0 2
cat_threshold=151011840 1
is_linear=0
shrinkage=0.0680866


Tree=101
num_leaves=16
num_cat=0
split_feature=53 11 83 11 221 213 5 171 92 18 5 18 76 89 21
split_gain=0.0752736 0.0708805 0.061876 0.258039 0.0517316 0.043383 0.0581835 0.10404 0.0559163 0.0495497 0.0417252 0.0415094 0.0517033 0.0629874 0.0612144
threshold=0.99999999994288891 -0.93301270189221908 0.97240287279378823 -1.0000000180025095e-35 13.000000000000002 1.0000000180025095e-35 2.5650000000000004 1.0000000180025095e-35 0.94638671480805281 2.0350000000000006 2.0350000000000006 1.6550000000000002 0.032795698924731158 828020.76666666672 439381.16594202904
decision_type=2 2 2 2 2 2 2 2 8 10 2 8 8 2 8
left_child=1 4 3 -2 -1 8 10 -8 -3 -10 -7 -4 13 -13 -14
right_child=2 5 11 -5 -6 6 7 -9 9 -11 -12 12 14 -15 -16
leaf_value=-0.0001382865192632633 0.0066802039454914551 -0.0018861158208097815 -0.0014411382469637589 0.00029014551100972928 0.003076917265377455 -0.0021665716985100319 -0.006317243884406817 -0.0019292726505938367 -0.0010276318131321163 0.0015155793968260097 0.0005787721442026898 0.00075744093470040666 -0.0017927265708585528 0.0033604305756639685 0.00046366123241153336
leaf_weight=18 22 48 30 54 28 22 18 41 34 68 35 110 49 41 210
leaf_count=18 22 48 30 54 28 22 18 41 34 68 35 110 49 41 210
internal_value=0.000181608 -0.000620565 0.000676898 0.00225508 0.0013431 -0.00106932 -0.00199041 -0.00333978 -0.000364226 0.000494141 -0.000735754 0.000379427 0.000555516 0.00149094 6.97092e-06
internal_weight=828 312 516 76 46 266 116 59 150 102 57 440 410 151 259
internal_count=828 312 516 76 46 266 116 59 150 102 57 440 410 151 259
is_linear=0
shrinkage=0.0680866


Tree=102
num_leaves=16
num_cat=0
split_feature=84 31 21 92 63 125 8 87 143 30 125 136 72 30 99
split_gain=0.0665118 0.0844293 0.121052 0.0829071 0.0673587 0.0626936 0.11422 0.0613821 0.121222 0.0780225 0.166798 0.0572939 0.0566554 0.0473569 0.0467533
threshold=-1723.3159722222188 577940.85788690497 719361.39595543349 1.0331377911918473 11.054112554112555 1.0000000180025095e-35 1.0000000180025095e-35 1.0000000180025095e-35 1.0000000180025095e-35 4.1650000000000009 1.0000000180025095e-35 9.0900735294117663 517457.90796857467 5.1250000000000009 7.5000000000000009
decision_type=2 2 8 8 10 2 2 2 2 8 2 2 8 8 2
left_child=1 2 3 4 -1 -3 13 -2 9 10 -9 -11 -4 -7 -5
right_child=7 5 12 14 -6 6 -8 8 -10 11 -12 -13 -14 -15 -16
leaf_value=0.00059702227366476934 -0.00015698618336186708 0.0010932157925388002 0.0017742727215110876 0.00057164324166400211 0.0041812335717895058 -0.0043751409006218865 0.00078697437627199616 7.356594906073063e-05 -0.005204664206465915 0.0012642442396582226 -0.0051782025541088393 -0.0015166658598452561 0.0050227956475542039 -0.0016669491063333551 -0.002118347439776104
leaf_weight=28 280 45 21 25 23 38 42 27 18 58 38 36 42 40 53
leaf_count=28 280 45 21 25 23 38 42 27 18 58 38 36 42 40 53
internal_value=-0.000221045 0.000450489 0.00139016 0.000325095 0.00201202 -0.00057838 -0.00140372 -0.000752892 -0.00169832 -0.00114196 -0.00265742 4.53574e-06 0.00352093 -0.00284343 -0.000976249
internal_weight=814 357 192 129 51 165 120 457 177 159 65 94 63 78 78
internal_count=814 357 192 129 51 165 120 457 177 159 65 94 63 78 78
is_linear=0
shrinkage=0.0680866


Tree=103
num_leaves=16
num_cat=0
split_feature=64 73 176 62 163 80 67 39 63 68 87 63 22 16 24
split_gain=0.0757687 0.165318 0.101996 0.0965956 0.108648 0.0675461 0.0945482 0.123128 0.0575418 0.0650716 0.0465151 0.0462721 0.0450747 0.0406039 0.03126
threshold=0.67619047619047634 183652.59869093235 1.0000000180025095e-35 20.55314648334215 1.0000000180025095e-35 1.0550371598252761 2.5488095238095241 599614.58125000016 11.974025974025976 2.2419017763845352 1.0000000180025095e-35 1.683014354066986 2.4400000000000004 4.1650000000000009 4.6500000000000012
decision_type=8 2 2 2 2 2 8 2 8 10 2 8 10 10 8
left_child=12 2 11 4 -4 6 7 -3 9 -7 -10 -2 -1 -8 -13
right_child=1 5 3 -5 -6 8 13 -9 10 -11 -12 14 -14 -15 -16
leaf_value=-0.0013637381767767211 0.0014082297222794712 -0.0041426342726349616 0.0032140055754966831 0.0058960178947498037 -0.00064289107454173404 -0.0056907948429125643 0.0010765478230579579 -0.00021139989556244942 0.00050955100625175542 -0.0019795363918272244 -0.0015285330258854389 -0.00054898529608150685 -0.004496220540242942 -0.00098472126697721923 -0.0031811620952155234
leaf_weight=23 17 36 76 18 26 17 215 74 49 27 147 22 19 30 18
leaf_count=23 17 36 76 18 26 17 215 74 49 27 147 22 19 30 18
internal_value=-0.00020421 -4.75694e-05 0.00166762 0.00281037 0.00210605 -0.000580959 -1.79688e-05 -0.00149953 -0.0014327 -0.00326528 -0.000980914 -0.000202645 -0.00245477 0.000717164 -0.00155705
internal_weight=814 772 177 120 102 595 355 110 240 44 196 57 42 245 40
internal_count=814 772 177 120 102 595 355 110 240 44 196 57 42 245 40
is_linear=0
shrinkage=0.0680866


Tree=104
num_leaves=16
num_cat=1
split_feature=1 46 84 6 138 51 38 138 3 10 96 16 176 17 60
split_gain=0.148747 0.172278 0.112187 0.153791 0.0722523 0.0521811 0.0744203 0.0489333 0.104128 0.0466533 0.0436481 0.0418785 0.070237 0.0625362 0.0910249
threshold=0 197587.67551562021 -34568.486111111146 2.5000000000000004 850000.00000000012 0.35021384782898529 164471.47984152846 650000.00000000012 8.5000000000000018 1.0000000180025095e-35 -590167.76840581885 2.8900000000000001 1.0000000180025095e-35 314876.21041092119 107.50000000000001
decision_type=9 10 2 2 2 10 10 2 2 2 2 8 2 10 8
left_child=1 11 3 4 9 7 -7 10 -9 -2 -4 13 -13 -1 -15
right_child=2 -3 5 -5 -6 6 -8 8 -10 -11 -12 12 -14 14 -16
leaf_value=-0.0036980382262137962 0.0020950174233948706 -0.0053689130952444108 0.00096590150099931736 0.0048702743573845984 -0.001553662728461343 -0.00042090777452413584 -0.0043883019041320763 0.0042893531322939892 -7.3020904698375828e-05 -0.00028898393450685719 -0.00077018480847714367 -0.0016698625233683671 0.0017385816456778752 0.00021382361918835993 -0.0032629442201438466
leaf_weight=30 104 27 67 35 25 18 21 22 31 29 230 25 43 78 29
leaf_count=30 104 27 67 35 25 18 21 22 31 29 230 25 43 78 29
internal_value=-0.000192392 -0.00154447 0.000380517 0.00166516 0.000861144 -0.000245104 -0.00211946 -6.89757e-06 0.00158484 0.00142094 -0.000326465 -0.00100022 0.00019665 -0.00161013 -0.000921957
internal_weight=814 232 582 193 158 389 39 350 53 133 297 205 68 137 107
internal_count=814 232 582 193 158 389 39 350 53 133 297 205 68 137 107
cat_boundaries=0 1
cat_threshold=321012241
is_linear=0
shrinkage=0.0680866


Tree=105
num_leaves=11
num_cat=0
split_feature=53 81 53 35 11 133 126 28 42 71
split_gain=0.111363 0.104226 0.0707015 0.132289 0.112759 0.0711914 0.0539893 0.082861 0.0826063 0.0472909
threshold=0.51176751555671218 -1.1962654952396088 0.99999999997013667 1.6500000000000001 -1.0000000180025095e-35 1.0000000180025095e-35 0.0079791692771560025 3.0250000000000004 217566.23863255038 335058.32075471705
decision_type=2 2 2 2 2 2 2 10 10 10
left_child=-1 9 6 4 -4 -5 7 -3 -8 -2
right_child=1 2 3 5 -6 -7 8 -9 -10 -11
leaf_value=-0.0034449360551581268 0.0039282015024717535 -0.0037264296846271517 0.00080464687126963912 0.0011598423078567656 -0.0013036097185287188 0.0047891091182964921 2.5635668766378895e-05 -0.00014448921341108181 -0.0029985969438199958 0.00092320329218332673
leaf_weight=24 35 60 225 25 199 33 174 22 29 17
leaf_count=24 35 60 225 25 199 33 174 22 29 17
internal_value=-0.000204789 -6.31102e-05 -0.000263256 0.000221883 -0.000174081 0.00279965 -0.00108397 -0.00241511 -0.00054001 0.00237969
internal_weight=843 819 767 482 424 58 285 82 203 52
internal_count=843 819 767 482 424 58 285 82 203 52
is_linear=0
shrinkage=0.0680866


Tree=106
num_leaves=9
num_cat=0
split_feature=5 267 3 133 5 238 39 31
split_gain=0.106027 0.112593 0.0667736 0.180416 0.0978261 0.0587304 0.0545268 0.0894785
threshold=0.89500000000000013 1.0000000180025095e-35 1.5000000000000002 0.46666666666666673 3.5350000000000006 1.0000000180025095e-35 219545.60000000003 422266.31481481489
decision_type=2 2 2 2 2 2 2 2
left_child=1 -1 3 -2 6 -6 -4 -8
right_child=2 -3 4 -5 5 -7 7 -9
leaf_value=-0.00084858764578311279 -0.00018708733743388867 -0.0055530432742026056 -0.0022348304547910825 0.0059342274026341745 -0.0015458862335895947 -0.0052780892632291127 0.0013434384251046223 -0.00031388599050481247
leaf_weight=26 24 23 24 17 18 17 187 507
leaf_count=26 24 23 24 17 18 17 187 507
internal_value=-0.000194281 -0.00271615 -2.84833e-06 0.00212696 -0.000148133 -0.00286176 2.12977e-05 0.000140973
internal_weight=843 49 794 41 753 35 718 694
internal_count=843 49 794 41 753 35 718 694
is_linear=0
shrinkage=0.0680866


Tree=107
num_leaves=12
num_cat=0
split_feature=5 267 92 287 51 70 95 16 128 60 125
split_gain=0.0437443 0.143295 0.0690039 0.173519 0.103048 0.0829335 0.171738 0.0880658 0.0513135 0.0224593 0.0207618
threshold=1.2900000000000003 1.0000000180025095e-35 1.3192582518221985 9.5000000000000018 0.35909984553748847 298504.28571428574 1133024.6654761906 3.0650000000000004 1.0000000180025095e-35 50.500000000000007 1.0000000180025095e-35
decision_type=2 2 10 2 10 2 2 8 2 8 2
left_child=1 8 4 -4 5 7 -7 -2 -1 -6 -5
right_child=2 -3 3 10 9 6 -8 -9 -10 -11 -12
leaf_value=-0.00060974957644152595 -0.0013868147785214128 -0.0041729241725211299 0.0050533559283467379 0.00023364648912155183 -0.0018877361691238071 0.0047251098674517015 0.0003255419678311067 0.00097059073936908138 0.0026455577388929865 -0.0040818223917055132 -0.0019092390647735529
leaf_weight=24 243 35 27 18 23 23 312 77 17 27 17
leaf_count=24 243 35 27 18 23 23 312 77 17 27 17
internal_value=-0.00018358 -0.00154363 -2.80899e-05 0.00182295 -0.000218462 3.21621e-06 0.000733229 -0.000746884 0.000451181 -0.00267314 -0.000352697
internal_weight=843 76 767 62 705 655 335 320 41 50 35
internal_count=843 76 767 62 705 655 335 320 41 50 35
is_linear=0
shrinkage=0.0680866


Tree=108
num_leaves=16
num_cat=0
split_feature=48 24 78 118 85 238 86 40 267 81 177 201 29 25 67
split_gain=0.0790545 0.108683 0.0957458 0.0904293 0.186282 0.0762391 0.0604288 0.0560096 0.181994 0.0748798 0.0984455 0.0550236 0.0642897 0.0452021 0.0562285
threshold=389707.79292929301 1.9100000000000004 -9.4999999999999982 0.096171240981052217 1.220959087272768 1.0000000180025095e-35 0.29529146848117188 528305.11805555574 1.0000000180025095e-35 -0.45572196114531194 1.0000000180025095e-35 0.10853871791275137 265121.65416666673 750839.17630952399 3.0750469043151978
decision_type=2 10 8 2 2 2 10 2 2 2 2 2 10 10 10
left_child=1 2 5 4 -4 -1 11 9 13 -2 -11 12 -3 14 -9
right_child=7 6 3 -5 -6 -7 -8 8 -10 10 -12 -13 -14 -15 -16
leaf_value=-0.00028320730001279721 0.0036965310193597879 -0.0013024599020104359 0.0038184519076542938 -0.00088753304279763276 -0.0012434909637175199 -0.0042062737412982823 -0.003790831428017844 0.0022472358598835257 -0.0042535289115552457 -0.0017408579354242656 0.0025015527810350888 0.00030513813123628496 -0.0043216220365629035 -0.00019999232077373683 -3.3787983980818999e-05
leaf_weight=21 43 90 79 41 26 22 38 101 17 27 27 46 23 155 58
leaf_count=21 43 90 79 41 26 22 38 101 17 27 27 46 23 155 58
internal_value=-5.30431e-05 -0.000740702 0.000332268 0.00118473 0.00222211 -0.00186039 -0.00181945 0.00056516 0.000167292 0.00187044 0.00055854 -0.00130939 -0.00202232 0.000548941 0.00131649
internal_weight=814 386 189 146 105 43 197 428 331 97 54 159 113 314 159
internal_count=814 386 189 146 105 43 197 428 331 97 54 159 113 314 159
is_linear=0
shrinkage=0.0680866


Tree=109
num_leaves=16
num_cat=1
split_feature=35 168 0 9 198 18 57 72 295 56 18 102 129 18 189
split_gain=0.0762225 0.144802 0.0607834 0.0584698 0.0532741 0.068381 0.0574308 0.0377068 0.0966979 0.06892 0.0563691 0.0627674 0.0404205 0.0358755 0.0207552
threshold=1.5650000000000002 1.0000000180025095e-35 0 1.0000000180025095e-35 9.6770833333333339 2.5650000000000004 35.166666666666679 305168.65833333338 11.49595076157933 5.5000000000000009 2.1250000000000004 1.0000000180025095e-35 1.0000000180025095e-35 1.9100000000000004 15.000000000000002
decision_type=2 2 1 2 2 10 2 8 10 10 8 2 2 10 2
left_child=2 3 4 14 5 13 -7 8 9 -4 11 -9 -12 -1 -2
right_child=1 -3 7 -5 -6 6 -8 10 -10 -11 12 -13 -14 -15 -16
leaf_value=-0.00088334407691089128 0.0051149691460030434 -0.0018174806308363033 -0.002358463542189462 0.00084331222365766534 -0.0008520689955230378 0.0055855033615997106 0.0021582060093758059 0.0023741686797362047 -0.0032703012951810816 0.00056138310024215316 -0.0010938719122231442 -0.00029636455580743352 0.00070717332103538975 0.0017869560510598852 0.0031090650226861432
leaf_weight=33 29 19 32 17 28 18 30 57 62 91 242 57 49 17 33
leaf_count=33 29 19 32 17 28 18 30 57 62 91 242 57 49 17 33
internal_value=-6.04883e-05 0.00153467 -0.000303458 0.00289794 0.000892049 0.00175962 0.00334632 -0.000591524 -0.00136624 -0.000379258 -0.00024421 0.00092632 -0.000722497 0.000363115 0.00394075
internal_weight=814 98 716 79 126 98 48 590 185 123 405 114 291 50 62
internal_count=814 98 716 79 126 98 48 590 185 123 405 114 291 50 62
cat_boundaries=0 1
cat_threshold=36
is_linear=0
shrinkage=0.0680866


Tree=110
num_leaves=16
num_cat=0
split_feature=53 79 11 238 56 15 51 181 103 11 156 69 259 11 55
split_gain=0.0553214 0.127154 0.246932 0.237097 0.0715562 0.0679059 0.0705421 0.0716958 0.0642363 0.0566487 0.0512297 0.0464802 0.0642643 0.0391613 0.0351658
threshold=0.91616304632548162 0.92068217632308869 0.25000000000000011 1.0000000180025095e-35 45.500000000000007 1330973.2666666668 -0.12529881794886397 0.017781035620892803 1.0000000180025095e-35 -0.5 1.0000000180025095e-35 2.6545618247298925 1.0000000180025095e-35 -0.24999999999999994 165.50000000000003
decision_type=2 2 2 2 8 8 10 2 2 2 2 2 2 2 8
left_child=4 2 -2 -4 9 6 8 -8 -3 -1 -5 -6 -13 -11 -7
right_child=1 5 3 10 11 14 7 -9 -10 13 -12 12 -14 -15 -16
leaf_value=-0.0041364145358212222 0.0063289542726496879 -0.0049548332766918435 0.0043793128876137028 -0.0034270122840532459 -0.0014322689087550673 0.0030473425969086082 -0.00091987977806029313 0.00090788137044485841 -0.001115136232070564 0.00049441767839708843 -0.0003003575453907057 -0.00033737322218296313 0.0025341848825526903 -0.002119088073762316 0.00059210174572583204
leaf_weight=32 29 20 23 34 47 31 231 139 17 18 18 59 39 43 34
leaf_count=32 29 20 23 34 47 31 231 139 17 18 18 59 39 43 34
internal_value=-6.33839e-05 0.000288319 0.00223952 0.000563278 -0.000897612 -0.000166721 -0.00050133 -0.000223695 -0.0027198 -0.00224907 -0.00180279 -6.76235e-05 0.000767498 -0.0013098 0.001566
internal_weight=814 576 104 75 238 472 407 370 37 93 52 145 98 61 65
internal_count=814 576 104 75 238 472 407 370 37 93 52 145 98 61 65
is_linear=0
shrinkage=0.0680866


Tree=111
num_leaves=16
num_cat=0
split_feature=23 265 7 90 46 217 214 38 168 80 35 82 3 67 33
split_gain=0.101631 0.199685 0.176242 0.0824617 0.216596 0.163423 0.0744411 0.0800018 0.0639451 0.0619932 0.046654 0.0361276 0.0331529 0.0238104 0.0195672
threshold=593028.0703231293 0.021722703092676304 1.5000000000000002 310687.42619047622 167196.92955431293 1.0000000180025095e-35 0.15353990724888247 16193.294289655521 1.0000000180025095e-35 0.66820813461115147 -0.25999999999999995 57766074.02240897 8.5000000000000018 2.6015873015873026 2.8500000000000001
decision_type=10 2 2 2 8 2 2 10 2 2 2 2 2 10 2
left_child=3 2 10 6 5 -5 8 -8 9 -1 -2 13 -10 -3 -13
right_child=1 11 -4 4 -6 -7 7 -9 12 -11 -12 14 -14 -15 -16
leaf_value=0.0026580669380981831 -0.0045145900880832791 0.00069882177194462223 -0.0012031194508474174 -0.0027178274501881961 0.006211885724253052 0.0024684172592915211 -0.0045443314501816016 -0.00056547979697486796 -0.0030821465954677667 0.00039826822627477351 -0.0075890395696455127 0.00016777616620728509 -0.00052188169656404437 0.0027335772215746749 -0.0013397956646898444
leaf_weight=46 28 38 72 25 24 42 19 29 24 278 25 86 20 27 37
leaf_count=46 28 38 72 25 24 42 19 29 24 278 25 86 20 27 37
internal_value=-8.11248e-05 -0.00101292 -0.00297896 0.000499031 0.00216418 0.000553317 0.000110982 -0.00195358 0.000428431 0.000767369 -0.00560804 0.000269819 -0.00151381 0.00145124 -0.000278565
internal_weight=820 313 125 507 91 67 416 48 368 324 53 188 44 65 123
internal_count=820 313 125 507 91 67 416 48 368 324 53 188 44 65 123
is_linear=0
shrinkage=0.0680866


Tree=112
num_leaves=16
num_cat=0
split_feature=53 39 141 225 53 107 42 22 289 201 129 80 273 36 276
split_gain=0.114938 0.0699834 0.179819 0.109089 0.141336 0.102265 0.0916813 0.0742968 0.0929695 0.0489436 0.0353479 0.0898663 0.0630902 0.040781 0.0332774
threshold=0.71542437629802558 579858.93506493524 825.00000000000011 1.0000000180025095e-35 1.3130051506265534 1.0000000180025095e-35 247354.30496572054 2.9600000000000004 1.0000000180025095e-35 0.083365922359110459 1.0000000180025095e-35 0.7760536248902955 1.0000000180025095e-35 2.4400000000000004 0.68817204301075285
decision_type=2 2 2 2 2 2 8 8 2 2 2 2 2 2 2
left_child=10 3 -3 6 5 -5 9 8 -4 -2 11 12 -1 -13 -9
right_child=1 2 7 4 -6 -7 -8 14 -10 -11 -12 13 -14 -15 -16
leaf_value=0.00090684264268196888 0.0032541682051827193 -0.0045056697296646745 -0.0016332235718284468 -0.00067417940915226048 0.0027427000033664493 -0.0046497240462936885 0.0052560397680725375 -0.0022569169584076764 0.0014149316185455378 0.00091005783438231956 -0.00043295456333142138 -0.0064309915696243317 -0.0026693389676792985 -0.0034320249451840461 -0.00046133911066129166
leaf_weight=26 39 21 35 81 27 18 17 49 192 107 22 19 19 25 123
leaf_count=26 39 21 35 81 27 18 17 49 192 107 22 19 19 25 123
internal_value=-7.22496e-05 0.000240674 -0.000297385 0.00103088 -0.00030924 -0.00153612 0.00215029 1.92252e-05 0.000802031 0.00165648 -0.00192241 -0.00265533 -0.000965487 -0.00450073 -0.000968396
internal_weight=820 709 420 289 126 99 163 399 227 146 111 89 45 44 172
internal_count=820 709 420 289 126 99 163 399 227 146 111 89 45 44 172
is_linear=0
shrinkage=0.0680866


Tree=113
num_leaves=16
num_cat=0
split_feature=53 217 85 218 215 96 3 87 167 31 24 10 151 25 181
split_gain=0.0806573 0.0744948 0.058045 0.102253 0.100698 0.103977 0.113764 0.0979197 0.0612882 0.0380238 0.0370428 0.041459 0.0278035 0.0258267 0.0215618
threshold=0.7462472020663673 1.0000000180025095e-35 1.1368225017129243 1.0000000180025095e-35 9.4375000000000018 -7.2378101321935653e-11 9.5000000000000018 1.0000000180025095e-35 1.0000000180025095e-35 1220003.7134259262 0.89500000000000013 1.0000000180025095e-35 1.0000000180025095e-35 704411.85007974494 0.05104395298374461
decision_type=2 2 2 2 2 2 2 2 2 2 10 2 2 8 2
left_child=1 -1 4 10 5 6 -2 14 -7 12 -4 -12 -3 -6 -5
right_child=2 9 3 7 13 8 -8 -9 -10 -11 11 -13 -14 -15 -16
leaf_value=-0.0042391939193664688 0.0041742360761898231 0.00038537627703973842 -0.0035884425533965372 0.0019392974354131168 -0.00086388987365534865 0.0019032177351201529 0.00057944262212783135 -0.00092392090321254626 -0.00016455938771250912 -0.0026399330410454528 -0.0022329384150847013 0.00037545294624351358 -0.0016472549206033545 -0.0031230284837031734 0.0040431619393967288
leaf_weight=18 72 66 36 34 26 65 50 55 238 23 47 21 24 27 18
leaf_count=18 72 66 36 34 26 65 50 55 238 23 47 21 24 27 18
internal_value=-6.87031e-05 -0.0014948 0.000219534 -0.00066392 0.000631767 0.000988915 0.00253443 0.000618632 0.000340092 -0.000960894 -0.0020842 -0.00137241 -0.000308454 -0.00167439 0.00249725
internal_weight=820 131 689 211 478 425 122 107 303 113 104 68 90 53 52
internal_count=820 131 689 211 478 425 122 107 303 113 104 68 90 53 52
is_linear=0
shrinkage=0.0680866


Tree=114
num_leaves=16
num_cat=1
split_feature=1 138 53 25 51 126 33 18 295 15 13 17 51 270 21
split_gain=0.171513 0.0959437 0.0844389 0.114625 0.10171 0.0408438 0.0384994 0.0325742 0.164876 0.0382643 0.0264129 0.0370991 0.0390654 0.0192325 0.014826
threshold=0 775000.00000000012 1.4467459158713505 675600.00000000012 0.12660200981013189 0.033486800596155705 2.1250000000000004 2.6300000000000003 12.466287273509471 740693.77867965377 843960.06403200643 1092202.4885487531 0.048767042330329691 1.0000000180025095e-35 762062.50000000012
decision_type=9 2 2 8 10 2 2 10 10 10 2 8 10 2 10
left_child=7 2 4 -4 5 -2 -6 10 9 -9 11 12 -1 -12 -11
right_child=1 -3 3 -5 6 -7 -8 8 -10 14 13 -13 -14 -15 -16
leaf_value=0.0039928007589992483 -0.00075053304653971734 -0.0037029814671812001 0.0038221478674083341 -0.00021938252057183608 -0.0041359444255923009 0.00066890041172756756 -0.0018747358138555225 -0.00044352970967822717 0.0060959346051076332 0.002929505126681521 0.00048997120054171015 0.00010479611116571391 0.0011471595994073549 -0.0013514598053221989 0.0011634619586055469
leaf_weight=28 271 23 33 50 33 113 76 28 21 25 40 20 20 19 25
leaf_count=28 271 23 33 50 33 113 76 28 21 25 40 20 20 19 25
internal_value=-6.61578e-05 -0.000659235 -0.000499465 0.00126778 -0.000830949 -0.000326443 -0.00250245 0.00141556 0.00238279 0.00113486 0.000865083 0.00161307 0.00259088 -4.62772e-05 0.00193993
internal_weight=825 599 576 83 493 384 109 226 99 78 127 68 48 59 50
internal_count=825 599 576 83 493 384 109 226 99 78 127 68 48 59 50
cat_boundaries=0 1
cat_threshold=134848780
is_linear=0
shrinkage=0.0680866


Tree=115
num_leaves=16
num_cat=1
split_feature=1 53 81 172 93 65 22 71 49 28 22 269 114 177 89
split_gain=0.115552 0.130327 0.109193 0.122986 0.0744613 0.0633713 0.0617137 0.0609254 0.0642596 0.0574778 0.0567236 0.0500303 0.0545263 0.0485133 0.0190859
threshold=0 1.4171810181132052 0.69523115681833414 0.022376315473298953 0.69649998325632168 8.1916666666666682 2.7950000000000004 488426.91754385974 -35212.473886827524 2.0350000000000006 2.7350000000000008 0.0086147870720112516 26.500000000000004 1.0000000180025095e-35 1101463.0623376628
decision_type=9 2 2 2 2 2 8 10 10 10 10 2 2 2 2
left_child=9 2 4 6 5 -2 -4 11 -9 10 -1 12 -3 -6 -11
right_child=1 7 3 -5 13 -7 -8 8 -10 14 -12 -13 -14 -15 -16
leaf_value=0.0051161536192010203 -0.00093832297803337662 0.005827517180164575 -0.0029461898562945319 -0.0059063556570000441 -0.00068511014025931605 -0.0044797151708011289 0.0002209219393985258 -0.0021227075149620679 0.0015890423612733811 -0.00046123736047468783 0.0017739515109452732 0.001183078858700472 0.0024012503130991332 0.00063790254494766434 0.001462059220305483
leaf_weight=31 24 26 35 23 277 26 30 19 20 23 22 26 19 200 24
leaf_count=31 24 26 35 23 277 26 30 19 20 23 22 26 19 200 24
internal_value=-6.38385e-05 -0.000368819 -0.000760919 -0.0027395 -0.000399897 -0.00245069 -0.00158682 0.00157486 7.27536e-05 0.00178521 0.00341222 0.00279393 0.00409024 -0.000128427 0.00067598
internal_weight=825 725 615 88 527 50 65 110 39 100 53 71 45 477 47
internal_count=825 725 615 88 527 50 65 110 39 100 53 71 45 477 47
cat_boundaries=0 1
cat_threshold=106496
is_linear=0
shrinkage=0.0680866


Tree=116
num_leaves=14
num_cat=0
split_feature=275 53 51 235 296 86 23 30 8 214 116 92 54
split_gain=0.0738465 0.093338 0.0741718 0.115204 0.0713138 0.0556781 0.0472962 0.0701341 0.0500935 0.0461216 0.037444 0.03541 0.0230772
threshold=22.000000000000004 1.0724502074325397 -0.091900654123751924 0.027603143862701702 10.952710428774305 0.21751328226719055 647296.44103597559 2.8500000000000001 1.0000000180025095e-35 0.12851282597872188 27.500000000000004 1.1619007061196569 21.500000000000004
decision_type=2 2 8 2 8 10 10 8 2 2 2 10 2
left_child=1 2 3 12 9 -6 8 -8 10 -4 -3 -9 -1
right_child=-2 6 4 -5 5 -7 7 11 -10 -11 -12 -13 -14
leaf_value=0.0011289134924874929 -0.0028605712398134717 0.0018318373579081291 -0.0018055059825296804 0.0036827480226001084 0.00014237148866900191 -0.0017105904080209912 -0.0023080579863205852 -0.0001968814753057814 0.0035059392365589435 -0.0044567707627934001 -8.6391554651556529e-05 0.0022188143964106048 -0.0006302349590441075
leaf_weight=27 19 99 77 28 207 87 26 31 34 21 50 32 87
leaf_count=27 19 99 77 28 207 87 26 31 34 21 50 32 87
internal_value=-6.44933e-05 3.88214e-05 -0.000469533 0.000747925 -0.000952265 -0.00044761 0.00102663 -6.29886e-05 0.00165895 -0.00239441 0.00116885 0.000877429 -5.32419e-05
internal_weight=825 806 534 142 392 294 272 89 183 98 149 63 114
internal_count=825 806 534 142 392 294 272 89 183 98 149 63 114
is_linear=0
shrinkage=0.0680866


Tree=117
num_leaves=14
num_cat=0
split_feature=81 92 49 38 59 8 95 197 190 89 135 290 47
split_gain=0.0740556 0.0809886 0.0693423 0.115846 0.0611351 0.0514665 0.0740066 0.0477815 0.0472117 0.0398435 0.037053 0.0311104 0.0198644
threshold=-1.1451008742361581 0.91332762768314157 202415.59952509301 14999.843624523708 25.500000000000004 1.0000000180025095e-35 3737070.7000000007 1.0000000180025095e-35 1.0000000180025095e-35 184084.60119047618 1.0000000180025095e-35 1.0000000180025095e-35 491367.1124480096
decision_type=2 8 8 10 8 2 2 2 2 2 2 2 2
left_child=1 -1 3 7 9 10 -7 8 -2 -4 -5 -6 -3
right_child=2 12 4 5 11 6 -8 -9 -10 -11 -12 -13 -14
leaf_value=-7.2260620320892867e-05 -0.0052810788082694061 0.0048342032610853153 -0.0014700196908418702 0.001871045323426253 -0.0046397345347953178 0.0030106068991639433 0.00038239227729394644 -0.00068783390986120992 -0.0021566528366101585 0.0014818546046337234 -0.00020761306915421658 -0.0022159469104275874 0.0026760312248236802
leaf_weight=27 25 23 18 20 23 57 109 18 23 20 408 36 21
leaf_count=27 25 23 18 20 23 57 109 18 23 20 408 36 21
internal_value=-2.03202e-05 0.00179736 -0.000218281 2.29475e-05 -0.00174442 0.000327546 0.00128526 -0.00229045 -0.00357404 -0.000258134 -4.76824e-05 -0.00306808 0.00351211
internal_weight=828 71 757 660 97 594 166 66 48 38 428 59 44
internal_count=828 71 757 660 97 594 166 66 48 38 428 59 44
is_linear=0
shrinkage=0.0680866


Tree=118
num_leaves=14
num_cat=1
split_feature=18 189 25 3 253 0 64 156 24 181 259 23 238
split_gain=0.0561869 0.0731952 0.0444235 0.0716509 0.0791727 0.0694874 0.0775081 0.042112 0.0401607 0.0747425 0.0503887 0.032212 0.0170466
threshold=-1.0000000180025095e-35 23.000000000000004 895344.43507483916 4.5000000000000009 61491573.981583044 0 33.638235294117656 1.0000000180025095e-35 1.2900000000000003 0.05104395298374461 1.0000000180025095e-35 1042562.9918126256 1.0000000180025095e-35
decision_type=10 2 10 2 2 1 10 2 10 2 2 10 2
left_child=1 7 5 -4 12 8 11 -1 9 -2 -10 -7 -5
right_child=2 -3 3 4 -6 6 -8 -9 10 -11 -12 -13 -14
leaf_value=-0.0018436764265695319 0.0010331816544212535 0.00046905664112597423 -0.0033156676216437018 0.00077219682979264405 -0.0020781264565522322 -0.00059691017170218305 0.0019169031362452503 -0.0047248742268448983 5.2564978011910304e-07 0.0041809756261737621 0.0019327611255435071 -0.0026401048903093778 0.0026370999988252391
leaf_weight=29 71 22 26 32 33 244 35 23 178 33 66 18 18
leaf_count=29 71 22 26 32 33 244 35 23 178 33 66 18 18
internal_value=-1.65466e-05 -0.00157551 0.000155969 -0.000989809 -0.000187399 0.000372362 -0.000357298 -0.00297361 0.000992892 0.00205336 0.000574572 -0.000797793 0.00130975
internal_weight=828 74 754 109 83 645 297 52 348 104 244 262 50
internal_count=828 74 754 109 83 645 297 52 348 104 244 262 50
cat_boundaries=0 1
cat_threshold=278
is_linear=0
shrinkage=0.0680866


Tree=119
num_leaves=13
num_cat=0
split_feature=53 15 94 80 17 25 125 46 128 238 87 196
split_gain=0.177702 0.150961 0.125238 0.100991 0.137742 0.0929121 0.0899236 0.0840231 0.0630256 0.0584448 0.0403136 0.0400484
threshold=1.7042707874410972 1074788.8692348357 195841.99415914525 0.68746623255696127 245653.01054421772 375558.31004526699 1.0000000180025095e-35 84937.324117353783 1.0000000180025095e-35 1.0000000180025095e-35 1.0000000180025095e-35 0.52419354838709686
decision_type=2 10 2 2 10 8 2 8 2 2 2 2
left_child=2 9 3 5 7 -1 -4 -5 -7 -2 -6 -11
right_child=1 -3 6 4 10 8 -8 -9 -10 11 -12 -13
leaf_value=-0.0011532569789551737 0.0032865617554266291 0.0064848707766707722 -0.0011457677097398292 -0.0016564069945398921 0.00052694476622928337 0.0039389919360511803 -0.0054215069213763758 -0.0052409803055674473 0.00094738911448178427 0.0011388471804286272 -0.00062500701380329338 -0.0018379728337589239
leaf_weight=17 20 19 20 54 264 56 28 27 35 19 252 17
leaf_count=17 20 19 20 54 264 56 28 27 35 19 252 17
internal_value=-1.47771e-05 0.00273712 -0.000329323 -0.000102199 -0.000441961 0.00163273 -0.00308546 -0.00274236 0.00262907 0.00148903 -4.18942e-05 1.94606e-05
internal_weight=828 75 753 705 597 108 48 81 91 56 516 36
internal_count=828 75 753 705 597 108 48 81 91 56 516 36
is_linear=0
shrinkage=0.0680866


Tree=120
num_leaves=13
num_cat=0
split_feature=53 25 235 80 259 23 43 189 27 69 53 238
split_gain=0.0858909 0.0823352 0.124819 0.103467 0.073102 0.0723834 0.0688528 0.0584978 0.134 0.122771 0.00649482 0.0014326
threshold=1.6276221540121336 985391.87307098776 0.017503998576677202 1.513558405690939 1.0000000180025095e-35 961591.32126823801 1043701.0577940579 15.000000000000002 1052328.6694607844 2.7342592592592601 0.9307146074934608 1.0000000180025095e-35
decision_type=2 10 2 2 2 10 2 2 8 2 2 2
left_child=1 3 -3 4 6 -6 -1 9 -9 11 -4 -2
right_child=7 2 10 -5 5 -7 -8 8 -10 -11 -12 -13
leaf_value=-0.00014224897978013963 0.0050146589706247992 -0.0052803787277154119 0.00010194076842088958 -0.0032995454698731136 0.0016446294362883677 -0.0010235705572622675 -0.0022786936752350767 -0.0025439988431783345 0.0027722977930917832 0.00039353513885840669 -0.0010267617618903017 0.0061865742623197781
leaf_weight=384 17 25 20 23 170 38 61 22 19 19 24 17
leaf_count=384 17 25 20 23 170 38 61 22 19 19 24 17
internal_value=-0.000138696 -0.000382738 -0.00231914 -0.000156992 9.07772e-06 0.00101244 -0.000465787 0.00159102 0.00025987 0.0030167 -0.000745973 0.00518501
internal_weight=839 745 69 676 653 208 445 94 41 53 44 34
internal_count=839 745 69 676 653 208 445 94 41 53 44 34
is_linear=0
shrinkage=0.0680866


Tree=121
num_leaves=16
num_cat=2
split_feature=1 1 42 27 56 2 49 14 215 31 89 27 11 13 122
split_gain=0.0782328 0.104413 0.204752 0.0917669 0.0687518 0.123518 0.0383749 0.0362144 0.0704775 0.0399623 0.0877691 0.0271348 0.0259563 0.0218372 0.00240782
threshold=0 1 237833.27302138886 837872.07864906837 269.50000000000006 2025.5000000000002 -19968.749999999996 3.5000000000000004 8.3125000000000018 1011048.7584033615 669623.905982906 864926.86872759869 1.0000000180025095e-35 880526.64301948075 1.0000000180025095e-35
decision_type=9 9 10 8 8 2 8 2 2 2 2 10 2 2 2
left_child=4 2 3 12 5 13 -5 9 -9 10 -3 -11 -2 -1 -6
right_child=1 7 -4 6 14 -7 -8 8 -10 11 -12 -13 -14 -15 -16
leaf_value=-0.00039313882708822025 0.0014538053788555291 -0.00054849620322449896 -0.0055336421628841576 -0.0039004149553189455 0.0032896103975943555 0.0032644195237444603 -0.0015326096268621187 0.0033892938439578466 0.00013145026561924334 -0.0027164896348237043 0.0015269738085036892 -0.00052153680134484016 -0.00035138052759930061 -0.0024274238450942599 0.004418640500670464
leaf_weight=31 54 237 30 26 18 25 71 30 45 31 124 31 45 24 17
leaf_count=31 54 237 30 26 18 25 71 30 45 31 124 31 45 24 17
internal_value=-0.000139602 -0.000403113 -0.00153199 -0.00085954 0.00129465 0.00052398 -0.00216119 0.000134431 0.00135012 -8.64695e-05 0.000172089 -0.0014503 0.000475275 -0.00109731 0.00344051
internal_weight=839 724 226 196 115 80 97 498 75 423 361 62 99 55 35
internal_count=839 724 226 196 115 80 97 498 75 423 361 62 99 55 35
cat_boundaries=0 1 3
cat_threshold=67674112 2711752740 1
is_linear=0
shrinkage=0.0680866


Tree=122
num_leaves=16
num_cat=1
split_feature=16 269 196 82 213 5 79 72 0 89 247 211 50 267 23
split_gain=0.0694965 0.0925098 0.0746928 0.131923 0.114704 0.059449 0.141641 0.373392 0.0682691 0.10917 0.0806133 0.0556239 0.0935076 0.0803832 0.0420718
threshold=2.8900000000000001 0.062206158544219153 0.14731182795698924 42918805.210769244 1.0000000180025095e-35 2.6300000000000003 0.93711725473333474 212448.3483516484 0 286468.110930736 1.0000000180025095e-35 0.061288523874654957 57424.82823647753 1.0000000180025095e-35 515098.43160919548
decision_type=8 2 2 2 2 2 2 8 1 2 2 2 10 2 8
left_child=5 2 3 -2 -4 8 7 -7 9 -1 -11 13 -13 -8 -10
right_child=1 -3 4 -5 -6 6 11 -9 14 10 -12 12 -14 -15 -16
leaf_value=-0.0039484575976420876 0.0041103230462974641 0.0029103274306877241 -0.0022764578714743696 -7.1154083730537996e-05 0.0013085751397305505 -0.0087761218207011819 -0.0027620100702869512 -0.0012878020289162813 -0.00021585769451773075 0.0012199749329328139 -0.0022823939296807687 -0.00074307562983908545 0.0028920597155314858 0.00046545464602587051 0.0016481788013608114
leaf_weight=27 35 51 82 60 44 21 52 74 68 56 26 40 43 43 117
leaf_count=27 35 51 82 60 44 21 52 74 68 56 26 40 43 43 117
internal_value=-0.000131367 0.000724143 0.00017056 0.00143865 -0.000847648 -0.000553734 -0.00125666 -0.00318151 7.91591e-05 -0.00106219 -0.00013376 -0.00020846 0.000978496 -0.00116173 0.000841265
internal_weight=839 272 221 95 126 567 273 95 294 109 82 178 83 95 185
internal_count=839 272 221 95 126 567 273 95 294 109 82 178 83 95 185
cat_boundaries=0 1
cat_threshold=802
is_linear=0
shrinkage=0.0680866


Tree=123
num_leaves=16
num_cat=1
split_feature=1 63 201 61 8 24 25 23 3 92 109 25 23 61 25
split_gain=0.182221 0.114842 0.107377 0.108176 0.0955965 0.0953188 0.0630653 0.0514359 0.0865091 0.0525213 0.0460466 0.0540613 0.0411671 0.0582037 0.0244918
threshold=0 1.4073170731707318 0.072877553330114905 14.500000000000002 1.0000000180025095e-35 2.3400000000000003 469252.71031746041 357694.01157105615 7.5000000000000009 1.0900221914202399 1.0000000180025095e-35 507193.36170212773 822654.7465909092 28.583333333333339 1504192.5508578434
decision_type=9 8 2 2 2 10 8 8 2 8 2 8 10 2 8
left_child=5 4 3 -3 10 12 -5 9 -9 -4 -2 -12 13 -1 -15
right_child=1 2 7 6 -6 -7 -8 8 -10 -11 11 -13 -14 14 -16
leaf_value=0.0050287736637458147 -0.0018299187280263014 -4.6590956159377531e-05 0.002997367951332609 -0.0063661562156780054 0.0035532270304512573 6.4907360916854632e-06 -0.0031945983847047267 -0.0018474858015115989 0.00022420955502437521 -0.00013425860279937395 -0.00028930573122995425 0.0027803684068173082 0.0011001521270869188 0.0034685054156811156 0.0013482586533800432
leaf_weight=38 22 19 22 22 32 90 64 192 139 28 37 22 39 21 46
leaf_count=38 22 19 22 22 32 90 64 192 139 28 37 22 39 21 46
internal_value=-8.57053e-05 -0.00070386 -0.00117454 -0.00292869 0.00104418 0.00141215 -0.00406553 -0.000662805 -0.000952113 0.00101252 0.000100211 0.000840846 0.0025504 0.00328212 0.00226669
internal_weight=833 599 486 105 113 234 86 381 331 50 81 59 144 105 67
internal_count=833 599 486 105 113 234 86 381 331 50 81 59 144 105 67
cat_boundaries=0 1
cat_threshold=2349457664
is_linear=0
shrinkage=0.0680866


Tree=124
num_leaves=11
num_cat=0
split_feature=15 65 31 6 43 21 6 55 23 18
split_gain=0.0803442 0.104813 0.0659398 0.0403622 0.140069 0.236173 0.0579081 0.0562763 0.0539243 0.0228685
threshold=1330973.2666666668 65.175697309936467 1154309.8935693938 1.5000000000000002 1229744.6646341465 459908.96696296299 2.5000000000000004 29.500000000000004 622822.59200968535 3.3750000000000004
decision_type=10 2 2 2 2 8 2 10 8 10
left_child=2 -2 3 4 5 -1 8 -8 -5 -4
right_child=1 -3 9 6 -6 -7 7 -9 -10 -11
leaf_value=-0.002876366267519144 0.004700613652680069 0.00021362704689480933 -0.0032777608582409573 0.00052089625831049416 -0.0041438362560077182 0.0019092438303185807 0.0017504591776251086 9.4851277779929474e-05 -0.001535716248824294 -0.0011296900306888749
leaf_weight=60 25 23 35 75 29 88 134 222 121 21
leaf_count=60 25 23 35 75 29 88 134 222 121 21
internal_value=-7.64353e-05 0.00213222 -0.000244322 -7.18398e-05 -0.000910828 -0.000136766 0.000209786 0.000719298 -0.000667983 -0.00213323
internal_weight=833 48 785 729 177 148 552 356 196 56
internal_count=833 48 785 729 177 148 552 356 196 56
is_linear=0
shrinkage=0.0680866


Tree=125
num_leaves=16
num_cat=0
split_feature=53 53 198 206 50 28 10 8 34 253 27 66 238 238 250
split_gain=0.0934203 0.141389 0.0889174 0.0819695 0.09537 0.0644007 0.0628373 0.0878259 0.0567589 0.0770494 0.0613067 0.0679054 0.0627215 0.043499 0.0411391
threshold=1.2530950096411366 1.9912400271291739 9.278273809523812 116.07874455000001 -40964.678571428543 1.5850000000000002 1.0000000180025095e-35 1.0000000180025095e-35 1.0000000180025095e-35 58571755.649288006 904193.48296221334 2.2052631578947373 1.0000000180025095e-35 1.0000000180025095e-35 7.0000000000000009
decision_type=2 2 2 2 8 10 2 2 2 2 8 2 2 2 2
left_child=3 2 5 8 -5 -2 7 -6 10 14 12 -12 -1 -11 -10
right_child=1 -3 -4 4 6 -7 -8 -9 9 13 11 -13 -14 -15 -16
leaf_value=-0.0011331016536425874 -0.0030174018690815635 0.0043731186032022621 0.0021142991472670337 -0.0049334994433072564 -0.0015848571643404352 -4.401502206718161e-06 -0.0035254903940455224 0.0017766871334600363 -0.001492033833696288 0.0033435992155213929 -0.0042377664432460002 -0.00095871472350893435 0.00084821540762833585 0.0008748100561477651 0.0011749109746004283
leaf_weight=113 23 31 63 17 79 78 21 31 53 53 26 50 138 39 18
leaf_count=113 23 31 63 17 79 78 21 31 53 53 26 50 138 39 18
internal_value=-7.38285e-05 0.00115524 0.000444739 -0.000467563 -0.00177788 -0.000722087 -0.00123794 -0.00055568 -5.62122e-05 0.00091903 -0.00054997 -0.00204297 -6.69726e-05 0.00214755 -0.000461779
internal_weight=833 195 164 638 148 101 131 110 490 163 327 76 251 92 71
internal_count=833 195 164 638 148 101 131 110 490 163 327 76 251 92 71
is_linear=0
shrinkage=0.0680866


Tree=126
num_leaves=16
num_cat=1
split_feature=0 78 5 40 23 35 85 43 217 8 60 89 24 5 14
split_gain=0.055087 0.0919605 0.0877025 0.16493 0.111324 0.0711562 0.0609057 0.0505895 0.0492787 0.0652471 0.0490841 0.0853088 0.0540943 0.0381617 0.0268637
threshold=0 -28.499999999999996 1.6550000000000002 431027.19047619059 502102.62755540438 -0.87999999999999978 1.0638991915648275 327318.88839285722 1.0000000180025095e-35 1.0000000180025095e-35 35.500000000000007 377299.61468253977 2.7950000000000004 3.0650000000000004 2.7350000000000008
decision_type=1 8 2 2 10 2 2 2 2 2 10 2 10 2 2
left_child=2 5 3 -1 8 -2 10 -8 -4 -10 11 -3 -12 -9 -6
right_child=1 6 4 -5 14 -7 7 13 9 -11 12 -13 -14 -15 -16
leaf_value=-0.00054963737984987905 -0.00027708010270850259 0.0035166022157635071 -0.00060544555085707895 -0.0059523014288719008 -0.0036610473076656076 -0.0041077467208919952 -0.0024025651282842757 0.00064032146490395269 0.00085279239208727628 0.003973173833484828 0.0012931631933918324 0.00092572233934760939 -0.0013447764751158085 -0.0013430903827445757 -0.0013440596813219501
leaf_weight=30 17 73 50 26 32 26 20 141 80 21 52 133 45 38 23
leaf_count=30 17 73 50 26 32 26 20 141 80 21 52 133 45 38 23
internal_value=2.11882e-05 0.000403643 -0.000737334 -0.00278983 -0.000167226 -0.00199995 0.000680112 -0.000181668 0.000751941 0.00160671 0.00127287 0.00185974 0.000147169 0.00012653 -0.00233121
internal_weight=807 545 262 56 206 43 502 199 151 101 303 206 97 179 55
internal_count=807 545 262 56 206 43 502 199 151 101 303 206 97 179 55
cat_boundaries=0 1
cat_threshold=771
is_linear=0
shrinkage=0.0680866


Tree=127
num_leaves=16
num_cat=1
split_feature=1 33 23 28 122 23 29 71 244 10 181 22 50 169 89
split_gain=0.124941 0.129485 0.121503 0.0675811 0.0383691 0.0335605 0.0701938 0.0645993 0.0452674 0.0415018 0.0275239 0.0283088 0.0316013 0.0271414 0.0641971
threshold=0 2.7350000000000008 496439.34889069269 2.6800000000000002 1.0000000180025095e-35 396388.5261904762 706347.8920454547 382826.40706168837 0.080428089922415555 1.0000000180025095e-35 0.048078008553628905 -1.0000000180025095e-35 364525.06257575768 34.500000000000007 329338.98780663789
decision_type=9 2 8 8 2 10 8 10 2 2 2 10 8 2 2
left_child=1 2 3 -1 -4 6 8 9 -2 -8 11 -3 -13 14 -7
right_child=5 10 4 -5 -6 13 7 -9 -10 -11 -12 12 -14 -15 -16
leaf_value=0.00055048231814443119 0.0052534906827741285 0.0013890825531875269 -0.0035734630274769676 -0.002895089385279805 -0.0061523181487640466 -0.0017645955623563322 0.001836064161156815 -0.0013024604132941078 0.0020778971727659968 -0.0005107071521170259 0.0019194421488276229 1.0329669514207016e-05 -0.0024561111386117982 0.0014125635559968919 0.00037772524196699302
leaf_weight=47 19 17 46 19 25 60 113 38 22 22 26 29 18 46 260
leaf_count=47 19 17 46 19 25 60 113 38 22 22 26 29 18 46 260
internal_value=1.54241e-05 -0.00123923 -0.00257394 -0.000843592 -0.0043701 0.000537314 0.00120001 0.000649219 0.00324411 0.00127845 0.000421528 -4.48243e-05 -0.000869321 0.000167643 -5.74077e-05
internal_weight=807 227 137 66 71 580 214 173 41 135 90 64 47 366 320
internal_count=807 227 137 66 71 580 214 173 41 135 90 64 47 366 320
cat_boundaries=0 1
cat_threshold=3517055505
is_linear=0
shrinkage=0.0680866


Tree=128
num_leaves=16
num_cat=1
split_feature=1 31 80 92 12 16 31 16 42 53 85 8 201 27 26
split_gain=0.107818 0.138555 0.113974 0.0677855 0.0593536 0.057397 0.0519823 0.0520393 0.15251 0.10222 0.0471388 0.0354439 0.0284765 0.0298982 0.0295302
threshold=0 382035.19101562508 1.1859066028189982 1.1472281099090684 -0.68301270189221952 2.9600000000000004 877810.97833401174 1.5850000000000002 75775.914401512375 1.833321145999254 1.0296769957110372 1.0000000180025095e-35 1.0000000180025095e-35 694844.8567894625 3.7600000000000002
decision_type=9 2 2 8 2 8 2 8 10 2 2 2 2 8 8
left_child=1 3 4 -1 -3 -5 7 8 -2 10 -9 -6 -8 -14 -15
right_child=6 2 -4 5 11 -7 12 9 -10 -11 -12 -13 13 14 -16
leaf_value=0.0025741901308852719 0.0060828867960494373 -0.0037199732599866617 -0.0058479056126436385 -0.001577039345963333 -0.0014807434090545746 0.0014716345242955964 0.0011250013192688336 0.00084145010422376871 0.00080044917057137544 0.0032690837896361558 -0.00070472973247627513 0.00093975348635263892 -0.0023488652177687118 0.00032133176427607272 -0.0015782354069545468
leaf_weight=29 18 29 22 53 54 22 18 196 41 36 132 18 28 73 38
leaf_count=29 18 29 22 53 54 22 18 196 41 36 132 18 28 73 38
internal_value=1.27348e-05 -0.00115261 -0.00267633 0.000383072 -0.00187051 -0.000418871 0.000497723 0.000899994 0.00249813 0.000607072 0.000217424 -0.000836433 -0.000464527 -0.00086518 -0.000409172
internal_weight=807 227 123 104 101 75 580 423 59 364 328 72 157 139 111
internal_count=807 227 123 104 101 75 580 423 59 364 328 72 157 139 111
cat_boundaries=0 1
cat_threshold=3517055505
is_linear=0
shrinkage=0.0680866


Tree=129
num_leaves=16
num_cat=1
split_feature=1 275 26 25 215 5 93 189 89 67 89 166 45 189 21
split_gain=0.110567 0.10808 0.0592219 0.0575931 0.085991 0.0685579 0.0655837 0.0438611 0.0434602 0.0419412 0.0413638 0.0203358 0.0200372 0.0473508 0.024282
threshold=0 8.5000000000000018 2.2950000000000004 1229744.6646341465 9.5647058823529427 2.2050000000000005 1.1903892222543513 1.0000000180025095e-35 800034.29032258072 2.2714987714987722 872536.87967687089 8.0104166666666696 814668.50443149486 1.0000000180025095e-35 459908.96696296299
decision_type=9 2 10 8 2 2 2 2 2 10 2 2 2 2 10
left_child=2 3 12 6 5 -5 9 11 -8 -2 -9 -4 14 -14 -1
right_child=1 -3 7 4 -6 -7 8 10 -10 -11 -12 -13 13 -15 -16
leaf_value=0.0019295942901334548 0.0014862008344958505 -0.0040312431099174184 -0.00080442656972716606 -0.0027573094936005796 -0.0043286002679543576 -0.00023318696195741626 -0.002581834050279301 -0.00036562223655738416 -7.8339436403690647e-05 -7.6605564636296597e-05 0.0022989962001242399 -0.0029643596929569541 0.0029206435485051598 1.7789399749713805e-05 0.0039866975406718025
leaf_weight=41 97 20 22 49 19 141 58 29 28 204 30 17 20 39 28
leaf_count=41 97 20 22 49 19 141 58 29 28 204 30 17 20 39 28
internal_value=-0.000224128 -0.000686033 0.000973902 -0.000528609 -0.00138879 -0.000982028 -4.3505e-05 -4.4589e-05 -0.00150043 0.000425057 0.000836652 -0.00154226 0.00196114 0.00122111 0.0027333
internal_weight=842 616 226 596 209 190 387 98 86 301 59 39 128 59 69
internal_count=842 616 226 596 209 190 387 98 86 301 59 39 128 59 69
cat_boundaries=0 1
cat_threshold=67659144
is_linear=0
shrinkage=0.0680866


Tree=130
num_leaves=16
num_cat=1
split_feature=1 28 123 36 14 39 21 46 21 177 66 95 233 120 152
split_gain=0.132965 0.18352 0.253716 0.086296 0.078274 0.103921 0.0928573 0.0741578 0.0678257 0.0523856 0.0482805 0.0407919 0.0497189 0.0298535 0.0261157
threshold=0 1.9100000000000004 2.5000000000000004 1.5850000000000002 2.6850000000000005 529710.49166666681 325765.14754098369 126610.12594886193 723857.90714285732 1.0000000180025095e-35 2.6525862068965522 15154308.100310018 1.0000000180025095e-35 1.0000000180025095e-35 1.0000000180025095e-35
decision_type=9 10 2 2 2 2 10 8 8 2 2 2 2 2 2
left_child=1 2 -1 9 6 8 -2 14 -6 -3 -9 12 -8 -7 -4
right_child=4 3 7 -5 5 13 11 10 -10 -11 -12 -13 -14 -15 -16
leaf_value=-0.0071602995653906546 -0.002686695874315327 0.0042668421178817389 -0.0017907905561754093 -0.00046590573188489792 0.0025751064044400107 0.0022624772120487984 -0.00045161258890778571 -0.0047747510186512071 0.0063914475770332534 0.00097902488146869534 -0.0019541691277871844 0.0023182347833229874 0.0017640276896937282 0.00034832333636063991 0.0001950390490435719
leaf_weight=26 38 27 22 114 25 26 183 31 18 18 40 17 37 149 71
leaf_count=26 38 27 22 114 25 26 183 31 18 18 40 17 37 149 71
internal_value=-0.000214898 -0.00118069 -0.00259283 0.000340142 0.000486173 0.0014279 -0.000216179 -0.00169588 0.00387407 0.00247069 -0.00307567 0.000238389 1.02213e-05 0.000760797 -0.00048871
internal_weight=842 349 190 159 493 218 275 164 43 45 71 237 220 175 93
internal_count=842 349 190 159 493 218 275 164 43 45 71 237 220 175 93
cat_boundaries=0 2
cat_threshold=166140482 1
is_linear=0
shrinkage=0.0680866


Tree=131
num_leaves=15
num_cat=0
split_feature=111 70 84 26 81 13 122 9 131 19 221 256 166 44
split_gain=0.0926704 0.10088 0.0453826 0.101113 0.0639952 0.0831148 0.0980203 0.0489211 0.0470566 0.0300937 0.0233215 0.028066 0.0157229 0.00148223
threshold=2.5000000000000004 529412.57142857148 -70834.222787454826 1.7750000000000001 0.57465765283207026 1382277.6900898872 1.0000000180025095e-35 1.0000000180025095e-35 9.3541666666666696 360990.27592690976 5.5000000000000009 1.0000000180025095e-35 9.0192307692307718 704825.16477272741
decision_type=2 2 2 8 2 2 2 2 2 10 2 2 2 2
left_child=2 -2 3 9 7 6 -6 8 -4 -1 12 -12 -5 -11
right_child=1 -3 4 10 5 -7 -8 -9 -10 13 11 -13 -14 -15
leaf_value=0.004186925471798204 -0.0058097701814965163 -0.0010937921362432872 0.00065714926069093606 0.00032031087908001275 -0.0040454285200671085 0.0010793530997059478 -0.00093782497362777223 -0.0021239035407868028 -0.0010586631894373498 0.0013702133837086518 -0.0013132120931388395 0.00053789794632260152 0.0021380901917723225 0.0021450442610289394
leaf_weight=28 17 18 310 23 52 28 105 19 71 22 80 35 17 17
leaf_count=28 17 18 310 23 52 28 105 19 71 22 80 35 17 17
internal_value=-0.000202923 -0.00284979 -4.95592e-05 0.000738044 -0.000357874 -0.00135002 -0.00200227 0.000103399 0.000296232 0.00267051 -0.000109214 -0.000631569 0.00094391 0.00189886
internal_weight=842 35 807 222 585 185 157 400 381 67 155 115 40 39
internal_count=842 35 807 222 585 185 157 400 381 67 155 115 40 39
is_linear=0
shrinkage=0.0680866


Tree=132
num_leaves=12
num_cat=0
split_feature=26 96 53 157 93 136 26 255 128 86 196
split_gain=0.0556939 0.208254 0.103769 0.0896582 0.076029 0.0796226 0.0671395 0.0603601 0.0819459 0.0262255 0.01968
threshold=1.2900000000000003 123028.45833333333 1.6830240748071434 20.500000000000004 0.95771539134292216 9.5710784313725501 2.1250000000000004 0.076222314114895259 1.0000000180025095e-35 0.18106918650765624 0.4252688172043011
decision_type=8 2 2 2 2 2 8 2 2 10 2
left_child=1 -1 4 -4 5 6 -2 8 -6 -9 -5
right_child=2 -3 3 10 7 -7 -8 9 -10 -11 -12
leaf_value=0.0053653336024064198 -0.0010380648038428675 -0.00094759545351291187 0.004335794500356531 0.0014208370720709845 -0.00082017204037518961 -0.0021037498524016538 0.0013367383401285602 0.0016443587112081326 -0.0032630278840827735 -0.00034325231244462936 -0.00052384157515875357
leaf_weight=25 46 24 32 25 277 25 230 45 58 31 23
leaf_count=25 46 24 32 25 277 25 230 45 58 31 23
internal_value=0.000104002 0.00193204 -3.22289e-05 0.002005 -0.000295172 0.000488804 0.000858382 -0.000886474 -0.00128717 0.000597512 0.000672213
internal_weight=841 49 792 80 712 301 276 411 335 76 48
internal_count=841 49 792 80 712 301 276 411 335 76 48
is_linear=0
shrinkage=0.0680866


Tree=133
num_leaves=16
num_cat=0
split_feature=42 84 7 175 22 80 7 6 18 46 73 296 196 209 22
split_gain=0.0807698 0.0585302 0.0641224 0.0504778 0.185785 0.0431616 0.0672451 0.0748852 0.0431584 0.0409599 0.125178 0.050635 0.0400481 0.0351398 0.0784483
threshold=37889.214112356451 145483.89044933164 1.5000000000000002 0.045844190168126756 2.5350000000000006 0.70898648226441041 1.5000000000000002 1.5000000000000002 1.5600000000000003 297552.48221182096 473165.5162907269 11.611619529974535 0.18333333333333332 0.054272273740958353 2.2050000000000005
decision_type=8 2 2 2 8 2 2 2 10 8 2 10 2 2 10
left_child=5 2 9 8 -5 -1 7 -7 -4 11 -11 -2 -8 -3 -15
right_child=1 13 3 4 -6 6 12 -9 -10 10 -12 -13 -14 14 -16
leaf_value=0.00035808758914407894 0.0012545073517787255 -0.0014041472197095606 -0.00076475187104646123 0.0062115326945936054 0.00082176524413840385 -0.0026095046910280281 -0.0022239001512898617 0.00083401894048366388 0.0016780902249641794 -0.00023350705372037476 0.0046225151665529231 -0.0005001483972816922 -0.0051526713892334477 -0.0013352202231879785 0.0027194192944122804
leaf_weight=30 82 105 30 30 44 29 20 42 61 28 22 250 27 19 22
leaf_count=30 82 105 30 30 44 29 20 42 61 28 22 250 27 19 22
internal_value=9.36692e-05 0.000399367 0.000723177 0.00177964 0.00299963 -0.0012441 -0.00189475 -0.000773576 0.000866562 0.000254331 0.00173624 -2.33642e-05 -0.00357582 -0.000713792 0.000532592
internal_weight=841 693 547 165 74 148 118 71 91 382 50 332 47 146 41
internal_count=841 693 547 165 74 148 118 71 91 382 50 332 47 146 41
is_linear=0
shrinkage=0.0680866


Tree=134
num_leaves=12
num_cat=0
split_feature=215 12 25 96 53 83 60 85 267 163 86
split_gain=0.0558921 0.141305 0.074433 0.055142 0.135759 0.0917794 0.0912789 0.0888353 0.0451594 0.0935233 0.0519071
threshold=9.5147058823529438 0.25000000000000017 343765.41326530621 -2.2130861438105057e-10 1.7951383554930014 0.7472019405654563 100.50000000000001 1.0029678301763034 1.0000000180025095e-35 1.0000000180025095e-35 0.30733748752471163
decision_type=2 2 8 2 2 2 10 2 2 2 10
left_child=3 2 -2 5 6 -1 7 -5 10 -10 -7
right_child=1 -3 -4 4 -6 8 -8 -9 9 -11 -12
leaf_value=0.0036365537421784852 -0.0016653735167807024 0.0012898624474026463 -0.0056228860503471541 -0.00029504785269365662 0.0029931969903529191 0.0014627422788174387 0.0021815120337204748 -0.0024988753605442713 -0.00288322477682136 0.0005776584641775241 -0.0011118031533172562
leaf_weight=28 19 23 27 268 31 195 26 97 32 76 19
leaf_count=28 19 23 27 268 31 195 26 97 32 76 19
internal_value=8.97481e-05 -0.0015086 -0.00354918 0.000256668 -0.000247895 0.000871693 -0.000611315 -0.000907395 0.000558704 -0.000469407 0.00109521
internal_weight=841 69 46 772 422 350 391 365 322 108 214
internal_count=841 69 46 772 422 350 391 365 322 108 214
is_linear=0
shrinkage=0.0680866


Tree=135
num_leaves=16
num_cat=1
split_feature=1 31 72 241 21 36 189 60 8 31 62 76 24 123 165
split_gain=0.08122 0.0782781 0.173793 0.154471 0.122229 0.250978 0.0972767 0.0637524 0.0550984 0.0386339 0.0322446 0.0205149 0.0150467 0.00666776 0.00594238
threshold=0 593028.0703231293 264360.96521739132 1.0000000180025095e-35 465912.21260964911 2.6850000000000005 15.000000000000002 67.000000000000014 1.0000000180025095e-35 707484.67359307373 8.1875000000000018 0.081666666666666665 2.6850000000000005 24.500000000000004 1.0826924511736646
decision_type=9 2 10 2 10 2 2 10 2 2 2 8 10 2 2
left_child=9 2 3 -2 5 -3 13 10 -5 -1 -6 14 -9 -4 -11
right_child=1 4 6 8 7 -7 -8 12 -10 11 -12 -13 -14 -15 -16
leaf_value=0.0033611406524363054 -0.0042735611055667918 -0.006848532554177853 0.0019189016214588312 -0.00028261336441591316 0.0016405992253494643 -0.00069731072832090242 0.005499658581441867 -0.0036599268002582763 0.0016555563350189656 0.00059738675264784031 -0.00011114546144962117 0.0021256541190394418 -0.0016630672382100511 0.00070492653095529723 -0.00051767391607726674
leaf_weight=35 17 30 30 252 41 49 31 17 66 24 163 24 17 18 17
leaf_count=35 17 30 30 252 41 49 31 17 66 24 163 24 17 18 17
internal_value=0.00011455 -0.000139576 0.000451645 -0.000186554 -0.000923772 -0.00298274 0.00298415 -0.000205701 0.000142592 0.00166522 0.000263616 0.00108908 -0.00226769 0.00165593 0.000243617
internal_weight=831 731 414 335 317 79 79 238 318 100 204 65 34 48 41
internal_count=831 731 414 335 317 79 79 238 318 100 204 65 34 48 41
cat_boundaries=0 1
cat_threshold=134250760
is_linear=0
shrinkage=0.0680866


Tree=136
num_leaves=16
num_cat=0
split_feature=53 60 5 189 55 28 126 65 153 171 221 208 269 30 189
split_gain=0.0878664 0.0572482 0.0798926 0.136797 0.0470883 0.091796 0.0734171 0.0650918 0.073285 0.0858927 0.0448089 0.0770435 0.042993 0.0398746 0.0350096
threshold=0.97170639202281672 7.5000000000000009 2.8500000000000001 10.500000000000002 48.500000000000007 1.8550000000000002 0.057491055019845305 51.100271493212674 0.021868066850532303 1.0000000180025095e-35 18.000000000000004 1.0000000180025095e-35 0.050747688384539705 2.8500000000000001 1.0000000180025095e-35
decision_type=2 10 2 2 8 8 2 2 2 2 2 2 2 10 2
left_child=1 -1 14 -4 5 -2 13 8 12 -10 11 -9 -6 -7 -3
right_child=4 2 3 -5 7 6 -8 10 9 -11 -12 -13 -14 -15 -16
leaf_value=-0.002608583075007749 0.0040973447877126947 -0.00047304249188435883 -0.00020380390751061067 -0.0046953288170462964 -0.00016189005447060184 0.00069217348711741902 0.003260669983270942 0.0010176197942232371 -0.0038007154532075848 -0.00034642576042137938 7.1524774192548098e-05 0.0047182129710826625 0.0020233960621548158 -0.0015344084075301298 0.0013827920661528853
leaf_weight=50 26 62 46 32 132 148 26 34 43 41 31 26 32 23 79
leaf_count=50 26 62 46 32 132 148 26 34 43 41 31 26 32 23 79
internal_value=0.000106408 -0.000861281 -0.000435651 -0.001948 0.00058288 0.00132335 0.000854928 9.85492e-05 -0.000460908 -0.00192904 0.00147287 0.0025576 0.000292114 0.000317931 0.00047521
internal_weight=831 269 219 78 562 223 197 339 248 84 91 60 164 171 141
internal_count=831 269 219 78 562 223 197 339 248 84 91 60 164 171 141
is_linear=0
shrinkage=0.0680866


Tree=137
num_leaves=16
num_cat=1
split_feature=82 214 8 0 90 66 221 287 60 28 53 18 56 156 197
split_gain=0.0496689 0.158891 0.162591 0.101565 0.0792138 0.0730276 0.0612443 0.059932 0.0544766 0.058953 0.0558057 0.0390389 0.0710827 0.032854 0.0233481
threshold=13912365.165079368 0.052611353891074512 1.0000000180025095e-35 0 377894.53525641031 2.8599439775910374 3.5000000000000004 36.500000000000007 29.500000000000004 2.2050000000000005 0.81649977220529968 2.6300000000000003 68.500000000000014 1.0000000180025095e-35 1.0000000180025095e-35
decision_type=2 2 2 1 2 2 2 2 8 10 2 10 10 2 2
left_child=1 2 6 4 11 14 -1 8 9 -5 -10 12 -2 -8 -3
right_child=3 5 -4 7 -6 -7 13 -9 10 -11 -12 -13 -14 -15 -16
leaf_value=0.0035995630135498952 -0.00068337789457767267 -0.0010788020264178417 0.0059291667884902102 -0.00070851355879353946 -0.0046050928922028271 0.0015866529496983827 -0.00037047229982448197 0.0014573531296680254 -0.0025367650337958137 0.0017662866903426337 -0.00031342012511976651 0.00018292931158047751 -0.0041965768664462685 0.0019143230056629576 -0.0029246553728947554
leaf_weight=18 38 68 28 49 21 22 57 115 49 90 168 33 25 22 28
leaf_count=18 38 68 28 49 21 22 57 115 49 90 168 33 25 22 28
internal_value=0.000100382 0.00088322 0.00247264 -0.000229407 -0.00179217 -0.000707828 0.00136518 0.000211786 -0.000192899 0.000761287 -0.000849989 -0.00127269 -0.00208484 0.000469229 -0.00161725
internal_weight=831 243 125 588 117 118 97 471 356 139 217 96 63 79 96
internal_count=831 243 125 588 117 118 97 471 356 139 217 96 63 79 96
cat_boundaries=0 1
cat_threshold=641
is_linear=0
shrinkage=0.0680866


Tree=138
num_leaves=16
num_cat=0
split_feature=31 126 72 138 64 79 23 46 21 71 84 30 92 221 190
split_gain=0.0814392 0.0454439 0.216303 0.139686 0.0765108 0.0559086 0.0900829 0.0805615 0.0441861 0.0422778 0.0316053 0.0211249 0.0417709 0.0128277 0.0125973
threshold=984597.32363315707 0.051314552693363207 199613.17500000002 1100000.0000000002 0.81379310344827605 1.082489935141951 444744.52083333337 90680.011051100955 352172.54543650796 550739.80882352951 -52221.803897306359 3.1750000000000003 1.2201431957610898 3.5000000000000004 0.14374500725831221
decision_type=2 2 8 2 8 2 8 10 10 10 2 8 10 2 2
left_child=1 4 -3 8 13 6 -6 -7 -4 10 -2 12 -11 -1 -12
right_child=9 2 3 -5 5 7 -8 -9 -10 11 14 -13 -14 -15 -16
leaf_value=-0.0036221246288941338 -0.0045158428795005826 -0.0028770502881630424 0.0029232970997774823 0.0057012780732004012 0.0025396093766123194 0.0010966958022066227 5.7566850115160271e-05 -0.0017392067939015678 0.00067297563058542082 0.001984098405062678 -0.0026733557351516636 -0.0016314641174208148 -0.0010181282993154482 -0.0017955443299368752 -0.00094634760043901367
leaf_weight=23 19 30 36 19 67 44 248 122 112 19 22 23 19 17 17
leaf_count=23 19 30 36 19 67 44 248 122 112 19 22 23 19 17 17
internal_value=-7.75176e-05 0.000190376 0.00102752 0.0020052 -0.000128642 9.90857e-05 0.000621929 -0.000837377 0.0013544 -0.00158484 -0.0028227 -0.00061966 0.000282929 -0.0023995 -0.00205097
internal_weight=837 718 197 167 521 481 315 166 148 119 58 61 38 40 39
internal_count=837 718 197 167 521 481 315 166 148 119 58 61 38 40 39
is_linear=0
shrinkage=0.0680866


Tree=139
num_leaves=15
num_cat=0
split_feature=31 29 276 18 18 31 150 83 93 24 276 86 30 94
split_gain=0.0330586 0.0798313 0.0628445 0.0642421 0.0944851 0.0500369 0.0578866 0.0461761 0.151749 0.0550551 0.0264678 0.0241854 0.0130606 0.0134363
threshold=331279.38130952389 897741.40476190497 1.9500000000000002 1.9100000000000004 2.9600000000000004 1027484.403215832 1.0000000180025095e-35 0.81167918134901862 0.8023202893266278 2.2950000000000004 2.166666666666667 0.1775940654963469 2.5650000000000004 -145720.79433632971
decision_type=2 8 2 10 10 2 2 2 2 8 2 10 8 2
left_child=1 11 3 -3 -5 6 7 8 -2 -9 12 -1 -7 -14
right_child=5 2 -4 4 -6 10 -8 9 -10 -11 -12 -13 13 -15
leaf_value=0.0019230175691214762 -0.00011986619016060643 0.00081309957914511269 0.0018107428761730624 -0.0045657953079544294 -0.0003659120229718611 -6.3251888872370546e-05 -0.0023174483557914577 -0.0011298206045492901 0.0048509880368272267 0.00034783218066688338 -0.0029134849683898054 0.0041913139014795103 -0.0025402331871687612 -0.00087231701436375384
leaf_weight=26 46 21 26 29 22 24 25 147 23 345 29 22 17 35
leaf_count=26 46 21 26 29 22 24 25 147 23 345 29 22 17 35
internal_value=-7.17762e-05 0.000788926 -0.000145122 -0.00117908 -0.00244077 -0.000267414 -2.6398e-05 0.000122907 0.0015486 -9.89719e-05 -0.00150637 0.00270162 -0.00100009 -0.00145825
internal_weight=837 146 98 72 51 691 586 561 69 492 105 48 76 52
internal_count=837 146 98 72 51 691 586 561 69 492 105 48 76 52
is_linear=0
shrinkage=0.0680866


Tree=140
num_leaves=16
num_cat=1
split_feature=1 42 20 27 92 46 85 156 23 72 190 133 85 175 65
split_gain=0.0890154 0.22089 0.0814208 0.0665307 0.0783765 0.057199 0.0465342 0.0573194 0.0626711 0.0549288 0.0376142 0.0348538 0.028123 0.0387513 0.0338199
threshold=0 244220.27084451864 3.1750000000000003 583467.13703703717 1.2655479920197885 218496.11387622167 0.82612382022399411 1.0000000180025095e-35 658831.27604166686 526806.11696428584 0.12865904038162862 0.11666666666666667 0.88590671427919554 0.062183845794785107 25.588763575605686
decision_type=9 10 10 8 10 8 2 2 10 8 2 2 2 2 2
left_child=3 5 -3 4 -1 12 11 9 -9 -8 -7 -5 14 -14 -2
right_child=1 2 -4 6 -6 10 7 8 -10 -11 -12 -13 13 -15 -16
leaf_value=0.0013550902906875647 0.0011949282433422715 -0.007698188478265494 -0.0032777817137150901 0.0034019688219844263 0.0050495359189770403 0.00074330260123107322 -0.002926581594330133 0.002869417780739375 -4.3715917228449535e-06 -0.00030139861136581868 0.0037093483334690257 0.00076372494432076418 -0.0013874474433495064 2.1686034780517674e-05 -0.00080420435281105141
leaf_weight=46 75 17 18 25 20 17 31 35 60 92 17 25 187 131 41
leaf_count=46 75 17 18 25 20 17 31 35 60 92 17 25 187 131 41
internal_value=-6.43103e-05 -0.000620098 -0.00466386 0.000753945 0.00246015 -0.00024897 0.000336036 -8.83234e-05 0.00100662 -0.0010054 0.0018129 0.00186082 -0.000454759 -0.000782175 0.000358057
internal_weight=837 503 35 334 66 468 268 218 95 123 34 50 434 318 116
internal_count=837 503 35 334 66 468 268 218 95 123 34 50 434 318 116
cat_boundaries=0 1
cat_threshold=3423188360
is_linear=0
shrinkage=0.0680866


Tree=141
num_leaves=16
num_cat=1
split_feature=1 44 286 109 26 5 198 53 238 75 13 156 198 115 22
split_gain=0.0616437 0.201122 0.187728 0.184221 0.114546 0.0533624 0.0900454 0.0499864 0.075191 0.0911301 0.0541802 0.0516945 0.0410848 0.0379741 0.0537112
threshold=0 333241.5651612904 1.0000000180025095e-35 1.0000000180025095e-35 2.0350000000000006 2.6850000000000005 9.6770833333333339 0.99999999996869104 1.0000000180025095e-35 0.031280547409579654 818143.62599206355 1.0000000180025095e-35 8.8548951048951068 1.0000000180025095e-35 3.5350000000000006
decision_type=9 2 2 2 10 2 2 2 2 10 2 2 2 2 8
left_child=1 3 -3 -1 -5 6 13 10 11 -10 12 -9 -7 14 -2
right_child=5 2 -4 4 -6 7 -8 8 9 -11 -12 -13 -14 -15 -16
leaf_value=0.0044030153773286559 0.00020538933969494965 -0.0086038934880279007 -0.0024299651881664343 0.00055410758143562314 -0.0042670701638637164 -0.00095665172213630679 -0.0015876991367873791 0.0021785383147257245 -0.00040876682726397301 -0.0041194593621670167 5.7076145449512962e-05 -0.00034627395185551294 -0.003458570581602911 0.0025074784625825275 0.0022628206070566871
leaf_weight=17 218 18 28 24 19 27 55 70 83 19 31 38 63 42 55
leaf_count=17 218 18 28 24 19 27 55 70 83 19 31 38 63 42 55
internal_value=-0.000279651 -0.00159238 -0.00458905 0.000338831 -0.00135096 -3.55129e-05 0.000510392 -0.000640884 -5.05668e-05 -0.00122202 -0.00166808 0.00110653 -0.00252909 0.000964158 0.000685529
internal_weight=807 106 46 60 43 701 370 331 210 102 121 108 90 315 273
internal_count=807 106 46 60 43 701 370 331 210 102 121 108 90 315 273
cat_boundaries=0 2
cat_threshold=1090519073 1
is_linear=0
shrinkage=0.0680866


Tree=142
num_leaves=16
num_cat=0
split_feature=95 182 2 225 87 138 26 30 72 23 56 13 201 211 23
split_gain=0.086271 0.0776025 0.166717 0.0765857 0.0611777 0.0466672 0.0602406 0.0824101 0.0533474 0.0576242 0.033274 0.0320146 0.0356671 0.0273955 0.0858681
threshold=3116994.0583333336 1.5000000000000002 2025.5000000000002 1.0000000180025095e-35 1.0000000180025095e-35 485000.00000000006 2.1250000000000004 2.6800000000000002 181557.27710843374 850720.98268398282 47.500000000000007 533533.39869281056 0.072877553330114905 0.050357291100280359 899954.73809523822
decision_type=2 2 2 2 2 2 8 10 10 8 10 2 2 2 8
left_child=1 2 3 4 -1 6 -3 -8 9 -7 -4 12 -2 14 -13
right_child=11 5 10 -5 -6 8 7 -9 -10 -11 -12 13 -14 -15 -16
leaf_value=-0.0045103470765498442 0.0029765854869670495 0.00068263962355063015 -0.0074842842638442406 0.00094373004243207504 -0.00093044471039726944 -0.0018457909886496124 -0.00065726787486777177 -0.0036087972439144203 0.003078208880151239 0.0015358827978332499 -0.0045656327235355024 0.0011846291524209259 0.00072671526959149579 0.00077100175783852165 -0.0015434891867428266
leaf_weight=19 29 61 17 40 25 21 112 42 21 25 19 66 67 135 108
leaf_count=19 29 61 17 40 25 21 112 42 21 25 19 66 67 135 108
internal_value=-0.000259113 -0.000947077 -0.00229194 -0.000894298 -0.00233462 -0.000365721 -0.000814731 -0.00151431 0.000992463 0.000114991 -0.00539012 0.000419902 0.00141042 0.000106837 -0.000428867
internal_weight=807 402 120 84 44 282 215 154 67 46 36 405 96 309 174
internal_count=807 402 120 84 44 282 215 154 67 46 36 405 96 309 174
is_linear=0
shrinkage=0.0680866


Tree=143
num_leaves=16
num_cat=0
split_feature=3 23 214 75 253 17 23 133 109 67 155 68 62 189 211
split_gain=0.0538542 0.0864156 0.0788573 0.0507861 0.0504678 0.055362 0.048292 0.0415313 0.0294434 0.028721 0.02828 0.015669 0.0149133 0.0145876 0.0112417
threshold=8.5000000000000018 367623.65196078439 0.14067427137301866 0.31698564593301443 61128372.761037648 293863.37500000006 1009339.2814828764 1.0000000180025095e-35 1.0000000180025095e-35 3.412778904665315 1.0000000180025095e-35 3.2060606060606065 17.506410256410259 1.0000000180025095e-35 0.049155176973836805
decision_type=2 8 2 8 2 10 10 2 2 10 2 8 2 2 2
left_child=2 10 3 4 5 -1 -6 -4 9 12 -2 14 -3 -13 -10
right_child=1 8 7 -5 6 -7 -8 -9 11 -11 -12 13 -14 -15 -16
leaf_value=-0.0027062135057441274 0.0021107372255391057 -0.0009233394020431566 -0.0050237164442296454 0.0017463706232721025 0.001317103157907191 -0.00062220098293269005 -0.0011916958059410084 -0.0018714912732297662 0.00082042465813357091 -0.0020685145154238967 0.0047771035890751146 0.0028181885707978228 0.00048183245154796603 0.0010276230652465398 -0.00069602971772449716
leaf_weight=48 17 36 18 25 95 331 27 18 24 25 18 19 61 26 19
leaf_count=48 17 36 18 25 95 331 27 18 24 25 18 19 61 26 19
internal_value=-0.000237694 0.000563347 -0.000599109 -0.000390511 -0.000542357 -0.000924718 0.000548503 -0.00299988 8.35284e-05 -0.000561191 0.00300339 0.00090776 -0.00010592 0.00171662 0.000216638
internal_weight=807 245 562 526 501 379 122 36 210 122 35 88 97 45 43
internal_count=807 245 562 526 501 379 122 36 210 122 35 88 97 45 43
is_linear=0
shrinkage=0.0680866


Tree=144
num_leaves=15
num_cat=0
split_feature=31 7 76 138 29 41 22 181 273 23 54 138 83 28
split_gain=0.0503237 0.0835245 0.0707772 0.114689 0.13201 0.0632565 0.0557934 0.0431807 0.040087 0.033874 0.0476797 0.0240074 0.0229307 0.0171381
threshold=622822.59200968535 1.0000000180025095e-35 0.10072463768115943 725000.00000000012 205845.99561403514 515830.73108967976 2.1250000000000004 0.050228730632556763 1.0000000180025095e-35 1009339.2814828764 75.500000000000014 1100000.0000000002 0.96449460091811601 2.5350000000000006
decision_type=2 2 10 2 8 2 10 2 2 10 2 2 2 10
left_child=2 6 3 4 -1 13 -2 -8 -6 10 -7 -5 -11 -3
right_child=1 5 -4 11 8 9 7 -9 -10 12 -12 -13 -14 -15
leaf_value=0.0041729188636699718 -0.0040694455895744627 -0.0033978603782385255 -0.0020529938933252414 0.0029070441332586061 -0.00048056323380901798 0.0017923122388776005 0.00023788212558509622 -0.0026255953176627564 0.00093541264300157391 -0.0014953434467760327 -0.00011547272244561584 0.0053512987300571753 0.00039305431381671035 -0.0013892480851362995
leaf_weight=17 32 18 21 20 207 102 29 21 131 51 91 18 25 22
leaf_count=17 32 18 21 20 207 102 29 21 131 51 91 18 25 22
internal_value=4.70226e-05 -0.000488696 0.000557717 0.000788359 0.000411977 -1.24626e-05 -0.00220248 -0.00117977 8.47178e-05 0.000378298 0.000853264 0.00358117 -0.000657953 -0.00198952
internal_weight=805 391 414 393 355 309 82 50 338 269 193 38 76 40
internal_count=805 391 414 393 355 309 82 50 338 269 193 38 76 40
is_linear=0
shrinkage=0.0680866


Tree=145
num_leaves=16
num_cat=0
split_feature=82 136 198 12 25 141 77 92 3 133 24 63 244 50 68
split_gain=0.054923 0.106625 0.221494 0.10818 0.0826724 0.0771712 0.109511 0.0551048 0.0415408 0.0885027 0.0704035 0.0513081 0.0299944 0.0295382 0.015778
threshold=12746560.969444444 6.8543956043956049 9.7603485838779971 1.0000000180025095e-35 335178.74826388893 825.00000000000011 0.03069177380816929 1.2417370476628105 4.5000000000000009 0.22956989247311829 2.6300000000000003 0.65476190476190488 0.032106933275886505 -90982.751661855567 2.1970149253731353
decision_type=2 2 2 2 10 2 2 10 2 2 8 10 2 10 10
left_child=1 14 3 4 -3 6 -2 -4 9 10 -7 -10 -13 -11 -1
right_child=5 2 7 -5 -6 8 -8 -9 11 13 -12 12 -14 -15 -16
leaf_value=-0.00070209974169599409 -0.0056744072063179491 0.0082813195229358982 -0.0018230142714980688 0.0019946025831868558 0.004143124662525235 -0.0036519258040828718 -0.00078788601802349178 0.0012957681572780765 0.0026674034611642757 -0.00045453667099678056 -0.0007458040861210572 0.00068349813736714885 -0.00046587494783840734 0.001793517760969029 -0.0024896148380930158
leaf_weight=29 17 26 51 34 22 51 19 18 17 21 60 194 179 45 22
leaf_count=29 17 26 51 34 22 51 19 18 17 21 60 194 179 45 22
internal_value=4.35515e-05 0.00096433 0.00187362 0.00404941 0.00602516 -0.000273958 -0.00265042 -0.000498632 -8.12489e-05 -0.000891835 -0.0020155 0.000301169 0.000131402 0.000737168 -0.00119286
internal_weight=805 202 151 82 48 603 36 69 567 177 111 390 373 66 51
internal_count=805 202 151 82 48 603 36 69 567 177 111 390 373 66 51
is_linear=0
shrinkage=0.0680866


Tree=146
num_leaves=11
num_cat=0
split_feature=43 42 92 23 203 92 24 64 66 163
split_gain=0.0499742 0.107684 0.13132 0.0936074 0.194499 0.0834287 0.0815535 0.0797051 0.0404111 0.00672641
threshold=1470886.7151958251 253792.47526756817 0.87375817502860065 558737.73552631587 1.5000000000000002 0.97752844224800206 1.7750000000000001 20.250000000000004 2.9119922630560935 1.0000000180025095e-35
decision_type=2 10 10 10 2 8 10 10 2 2
left_child=1 3 -3 4 -1 -6 -5 -8 -2 -10
right_child=8 2 -4 6 5 -7 7 -9 9 -11
leaf_value=0.0052285184703780912 0.0034863084276133857 -0.00080218904811181209 -0.0059019590321696931 -0.0036571850090449565 0.0023033002837910838 -1.7027674232052738e-05 -0.0016958383128212805 0.00064155546855075259 0.00014175592915976711 0.0012648135537015612
leaf_weight=18 20 28 20 23 64 365 113 109 22 23
leaf_count=18 20 28 20 23 64 365 113 109 22 23
internal_value=3.90872e-05 -0.00011706 -0.00266955 9.48763e-05 0.000672151 0.000375678 -0.000920225 -0.000556867 0.00158906 0.000819643
internal_weight=805 740 48 692 447 429 245 222 65 45
internal_count=805 740 48 692 447 429 245 222 65 45
is_linear=0
shrinkage=0.0680866


Tree=147
num_leaves=16
num_cat=0
split_feature=11 72 53 295 167 72 289 160 85 66 79 215 8 76 18
split_gain=0.0427892 0.0951074 0.16985 0.100584 0.0674838 0.0702725 0.0620723 0.0502988 0.0466564 0.0374373 0.0359954 0.0287078 0.0393085 0.0292638 0.00888881
threshold=0.25000000000000011 191935.26232558143 1.7042707874410972 12.038564346397836 1.0000000180025095e-35 1017186.0490683231 1.0000000180025095e-35 1.0000000180025095e-35 0.75009050932420995 2.2875939849624065 1.142706284497218 8.7250000000000014 1.0000000180025095e-35 0.078689370485036117 2.5350000000000006
decision_type=2 8 2 10 2 8 2 2 2 2 2 2 2 10 10
left_child=4 6 3 7 5 14 -2 -3 -6 -8 -5 13 -13 -10 -1
right_child=1 2 -4 10 8 -7 9 -9 11 -11 -12 12 -14 -15 -16
leaf_value=0.00065919962150401911 -0.0011067342056680558 0.0014001602028588017 0.003657293842937768 -0.0015815845126339392 0.0027777096701266865 -0.0030574355891582489 -0.0032296817732262646 -0.0012472264293121578 0.00044482427042137385 -0.0062985682568392843 -0.0039380181988590583 0.00057827839850646198 0.0028171364514460182 -0.0014071241501804233 -0.00052383713146845535
leaf_weight=36 28 92 28 90 29 33 17 23 244 17 18 61 43 22 34
leaf_count=36 28 92 28 90 29 33 17 23 244 17 18 61 43 22 34
internal_value=2.8634e-05 -0.000571611 -2.56949e-05 -0.000620575 0.000411329 -0.000974264 -0.00261817 0.000617767 0.000813634 -0.00442303 -0.00200383 0.000611769 0.00147315 0.0002381 -5.36404e-05
internal_weight=815 313 251 223 502 103 62 115 399 34 108 370 104 266 70
internal_count=815 313 251 223 502 103 62 115 399 34 108 370 104 266 70
is_linear=0
shrinkage=0.0680866


Tree=148
num_leaves=16
num_cat=0
split_feature=6 17 14 48 187 55 127 68 296 176 24 221 63 53 296
split_gain=0.0450431 0.0541313 0.0515477 0.0439847 0.0791814 0.0725833 0.0490888 0.108765 0.0409686 0.0367549 0.0395391 0.0358277 0.0281078 0.0227838 0.0285628
threshold=2.5000000000000004 307263.95188492077 3.0650000000000004 353481.71875000006 12.500000000000002 22.500000000000004 1.0000000180025095e-35 2.2052631578947373 11.998309303465033 1.0000000180025095e-35 1.0000000180025095e-35 3.5000000000000004 5.6306818181818192 0.81649977220529968 11.912337316721745
decision_type=2 10 2 2 2 10 2 10 10 2 10 2 10 2 8
left_child=1 2 11 4 5 -3 7 -5 -6 10 -2 -1 -8 -11 -15
right_child=9 3 -4 6 8 -7 12 -9 -10 13 -12 -13 -14 14 -16
leaf_value=-0.0017896369474581929 -0.0022543165945577352 0.0012591315240516184 -0.00050129087331445639 0.0021552726510682876 0.0016593481098290824 -0.0026090681601677315 -0.00071410215477611563 -0.0011809760368020209 0.0044638537884448435 9.6491401378352899e-05 7.0352944394716339e-05 -0.0045823607409657416 -0.0028833163042261594 0.00062017662715940542 0.0020567286090843583
leaf_weight=17 24 17 32 50 38 27 19 93 18 99 83 30 48 123 97
leaf_count=17 24 17 32 50 38 27 19 93 18 99 83 30 48 123 97
internal_value=2.7305e-05 -0.000484885 -0.00189309 -0.000101123 0.000962016 -0.00065402 -0.000624111 2.26406e-06 0.00250186 0.000500015 -0.000466804 -0.00324112 -0.00195403 0.000869171 0.00125016
internal_weight=815 389 79 310 100 44 210 143 56 426 107 47 67 319 220
internal_count=815 389 79 310 100 44 210 143 56 426 107 47 67 319 220
is_linear=0
shrinkage=0.0680866


Tree=149
num_leaves=16
num_cat=0
split_feature=68 296 157 49 22 270 64 53 80 5 68 41 66 24 231
split_gain=0.0616321 0.0669237 0.0350261 0.0979734 0.171601 0.0950659 0.0352249 0.0310797 0.0432722 0.068557 0.0427592 0.0362402 0.0291557 0.0246791 0.0214493
threshold=4.0833333333333339 12.210435359593143 9.5000000000000018 -69547.801515151514 2.0350000000000006 1.0000000180025095e-35 27.083333333333339 0.79316953962635606 0.84359574852724195 3.5000000000000004 1.0333333333333337 745229.24169210019 2.7111953612845681 2.8900000000000001 0.032724743911053754
decision_type=10 10 2 8 8 2 8 2 2 2 10 2 2 8 2
left_child=2 -2 3 4 -1 14 -6 11 10 -10 -9 12 -4 -7 -5
right_child=1 -3 7 5 6 13 -8 8 9 -11 -12 -13 -14 -15 -16
leaf_value=-0.0060230535751121701 0.00076535803390071031 0.0045976922708611387 0.00093149693444535082 -0.0001262736053202893 0.0011283934613718512 0.0037901759272174042 -0.0016498764267707372 0.0007170270087770769 -0.00022915848752088231 0.0026234364662201279 0.0030083513091556068 -0.0025137909877747736 -0.0012348268254058512 0.0014247193688097881 -0.0014943417770465625
leaf_weight=26 18 17 36 99 19 23 19 72 276 21 41 22 32 20 74
leaf_count=26 18 17 36 99 19 23 19 72 276 21 41 22 32 20 74
internal_value=2.78508e-05 0.00218562 -9.76178e-05 -0.00068627 -0.00270222 -3.85978e-05 -0.000640861 0.000231855 0.000487787 7.28759e-05 0.00152523 -0.000773875 -0.000164737 0.0022754 -0.00069252
internal_weight=815 35 780 280 64 216 38 500 410 297 113 90 68 43 173
internal_count=815 35 780 280 64 216 38 500 410 297 113 90 68 43 173
is_linear=0
shrinkage=0.0680866


Tree=150
num_leaves=16
num_cat=0
split_feature=80 53 41 38 24 234 57 94 294 51 22 22 48 17 21
split_gain=0.0656666 0.139343 0.0540836 0.0704923 0.0652824 0.0562662 0.0525724 0.0500925 0.0604092 0.0580276 0.0428446 0.0366113 0.0364298 0.021725 0.0221584
threshold=0.7867649988162656 1.8565777540393349 726389.96814285347 45571.283385599723 2.2950000000000004 1.0000000180025095e-35 114.50000000000001 -51880.948508528665 1.0000000180025095e-35 0.028925733445662231 -1.0000000180025095e-35 2.5650000000000004 314574.44362745102 436323.92329545465 299193.87156862748
decision_type=2 2 2 8 10 2 2 2 2 8 10 8 2 8 8
left_child=2 7 3 13 -5 11 -3 8 -2 10 -9 -4 -11 14 -1
right_child=1 6 5 4 -6 -7 -8 9 -10 12 -12 -13 -14 -15 -16
leaf_value=0.0020098515800186928 4.7200774567642375e-05 0.0048343945606715661 -0.0036766490800400394 0.0044622401465008081 0.0013406732859537365 0.0013506855089112514 0.0014037713565996661 0.0016504769053802234 0.0029923011698365256 -0.0029940864172309208 -0.00050664760948880691 -0.00077117587369986661 -0.0012038496543769976 -0.00098624778988326946 0.00015442754342857908
leaf_weight=27 115 24 18 48 35 17 18 29 17 55 188 18 151 17 43
leaf_count=27 115 24 18 48 35 17 18 29 17 55 188 18 151 17 43
internal_value=0.000113367 -0.000249928 0.00106239 0.00167285 0.00296428 -0.000451348 0.00275954 -0.000546162 0.000506666 -0.000906263 -0.000169993 -0.00194616 -0.0016916 0.000489816 0.000859202
internal_weight=820 597 223 170 83 53 42 555 132 423 217 36 206 87 70
internal_count=820 597 223 170 83 53 42 555 132 423 217 36 206 87 70
is_linear=0
shrinkage=0.0680866


Tree=151
num_leaves=14
num_cat=0
split_feature=214 81 65 23 22 43 53 79 213 71 92 21 257
split_gain=0.0652732 0.0658824 0.0609167 0.0545697 0.0886718 0.0417723 0.110871 0.0731065 0.0344523 0.0332537 0.0251548 0.0220438 0.00129422
threshold=0.065744591129563254 -0.636157394953212 9.0797552231375711 322601.04924242431 1.9100000000000004 1549925.1888756615 2.1606042344073249 1.1871982697626329 1.0000000180025095e-35 577116.06756756769 0.99603188936714016 690449.32727272739 1.0000000180025095e-35
decision_type=2 2 2 8 10 2 2 2 2 8 8 8 2
left_child=1 2 8 12 -5 6 7 -3 11 10 -4 -1 -2
right_child=3 5 9 4 -6 -7 -8 -9 -10 -11 -12 -13 -14
leaf_value=0.0024269413413316684 0.00025737537058285727 2.7829362115286826e-05 0.001026651064340076 -0.0050765709965928732 -0.00084216175137624336 0.0016750632874383898 0.0032169987617366937 -0.0017393679886991409 0.0040596314800727118 0.0021067597291472978 -0.00075230537164548239 0.00044061032881317642 -0.00026596717817617979
leaf_weight=36 20 339 36 27 17 34 17 130 32 20 73 17 22
leaf_count=36 20 339 36 27 17 34 17 130 32 20 73 17 22
internal_value=0.000109057 0.00031692 0.00127449 -0.00145883 -0.00298176 -8.19244e-05 -0.000256432 -0.000472338 0.00257384 0.000449651 -5.35833e-05 0.00178059 -0.000254458
internal_weight=820 734 214 86 44 520 486 469 85 129 109 53 42
internal_count=820 734 214 86 44 520 486 469 85 129 109 53 42
is_linear=0
shrinkage=0.0680866


Tree=152
num_leaves=16
num_cat=0
split_feature=214 96 80 99 24 81 102 64 154 78 159 38 18 69 138
split_gain=0.0455139 0.0542425 0.0805749 0.0638858 0.0594182 0.0470863 0.0518237 0.0454812 0.0475813 0.0465447 0.0326486 0.0304151 0.0250852 0.023477 0.0231502
threshold=0.070353481356061662 344971.75823597709 0.71571777627711275 6.5000000000000009 2.1250000000000004 0.10786391347243671 1.0000000180025095e-35 0.81379310344827605 0.052558390694738451 -5.4999999999999991 3.5000000000000004 23388.427060229613 2.0350000000000006 2.7342592592592601 495000.00000000006
decision_type=2 2 2 2 10 2 2 10 2 10 2 10 10 2 2
left_child=1 2 4 14 10 -5 -7 8 -4 -9 -1 -2 -13 -6 -3
right_child=11 3 7 5 13 6 -8 9 -10 -11 -12 12 -14 -15 -16
leaf_value=0.0049607679312030379 -0.0028402631437969479 -0.0016812094125192446 -0.00019310128454221877 -0.0009268686772841956 0.0015013199869269404 0.00031218586194158644 0.0033623781750747109 -0.00053194550513037961 -0.0026591209555323521 0.0012775938579335266 0.0024759048511646406 -0.0018622559383072654 0.00026662389909716311 -0.00067898232003630742 -0.0039896341600236702
leaf_weight=29 23 20 149 91 25 47 17 68 22 202 30 20 37 18 22
leaf_count=29 23 20 149 91 25 47 17 68 22 202 30 20 37 18 22
internal_value=0.000109737 0.000276995 0.000625231 -0.000630819 0.00218614 -6.58626e-05 0.00116784 0.000238306 -0.000580403 0.000759098 0.00353116 -0.0012417 -0.000640773 0.000754538 -0.00255043
internal_weight=820 740 543 197 102 155 64 441 171 270 59 80 57 43 42
internal_count=820 740 543 197 102 155 64 441 171 270 59 80 57 43 42
is_linear=0
shrinkage=0.0680866


Tree=153
num_leaves=10
num_cat=0
split_feature=80 63 5 138 93 39 23 253 53
split_gain=0.0588122 0.156701 0.0727179 0.173087 0.0717755 0.0628136 0.0398764 0.0413692 0.0407837
threshold=0.6067521041339472 5.6306818181818192 3.5350000000000006 1.0000000180025095e-35 1.0030641345575575 219545.60000000003 754451.03441295552 59379594.086564668 0.87330829594518489
decision_type=2 10 2 2 2 2 10 2 2
left_child=1 -1 5 -4 -5 -2 7 -7 -8
right_child=2 -3 3 4 -6 6 8 -9 -10
leaf_value=0.0054258616757563083 -0.0022456870899349134 -0.00037709167964682029 0.0008002402474369015 -0.00744862607426132 -0.0032720054662201373 -0.00036974012190715892 -0.0015658290183256105 0.00086620856870526684 0.00021291564791548604
leaf_weight=18 31 20 21 17 17 163 97 351 92
leaf_count=18 31 20 21 17 17 163 97 351 92
internal_value=-3.92075e-05 0.00201031 -0.000168776 -0.00216541 -0.00484077 5.80692e-06 0.000145877 0.000454451 -0.000645562
internal_weight=827 38 789 55 34 734 703 514 189
internal_count=827 38 789 55 34 734 703 514 189
is_linear=0
shrinkage=0.0680866


Tree=154
num_leaves=15
num_cat=0
split_feature=126 22 53 2 16 163 22 287 17 217 37 33 51 54
split_gain=0.0423539 0.0495537 0.040026 0.0546603 0.0476683 0.0626388 0.0466433 0.0317679 0.0316468 0.0504582 0.0488335 0.0367027 0.0354933 0.0187198
threshold=0.069586564134403769 2.5650000000000004 0.99999999999523526 2025.5000000000002 2.0350000000000006 1.0000000180025095e-35 2.5350000000000006 36.500000000000007 1135062.4270833337 1.0000000180025095e-35 731047.83879629639 2.5650000000000004 -0.051605299555311783 41.500000000000007
decision_type=2 10 2 2 10 2 8 2 10 2 2 2 10 2
left_child=2 -2 3 4 5 -1 -5 -6 10 -10 11 -4 -12 -8
right_child=1 -3 8 6 7 -7 13 -9 9 -11 12 -13 -14 -15
leaf_value=0.0019778619499004231 0.0033249107415102034 0.00032344835376728825 0.00082536182836834423 -0.003847135226797963 -0.0012852645004094434 -0.00033704160131727543 0.00011024222614722568 0.00039109897284070994 0.00035406602481742339 -0.002609347294458159 0.0034468161928423932 -0.0010367241390089976 0.0011832631652044848 -0.0018293975734320466
leaf_weight=68 25 27 89 28 182 106 19 45 34 24 29 63 65 23
leaf_count=68 25 27 89 28 182 106 19 45 34 24 29 63 65 23
internal_value=-3.64524e-05 0.00151942 -0.000164758 -0.000551877 -0.000256372 0.000541716 -0.00207846 -0.000869698 0.000416994 -0.000755953 0.000767738 6.96249e-05 0.00187192 -0.0010741
internal_weight=827 52 775 471 401 174 70 227 304 58 246 152 94 42
internal_count=827 52 775 471 401 174 70 227 304 58 246 152 94 42
is_linear=0
shrinkage=0.0680866


Tree=155
num_leaves=16
num_cat=0
split_feature=31 253 7 8 22 289 120 42 19 171 21 202 60 59 136
split_gain=0.0469745 0.104444 0.109735 0.0929836 0.0547237 0.0847187 0.0493498 0.0429443 0.0689582 0.0388202 0.0376045 0.0366553 0.0344241 0.0283049 0.0237936
threshold=431272.33100414084 60488791.811821714 1.5000000000000002 1.0000000180025095e-35 2.4400000000000004 1.0000000180025095e-35 1.0000000180025095e-35 53104.606656801661 685201.79187436192 1.0000000180025095e-35 422266.31481481489 1.0000000180025095e-35 49.500000000000007 86.500000000000014 8.0277777777777803
decision_type=2 2 2 2 8 2 2 8 8 2 10 2 8 10 2
left_child=1 2 9 12 -4 -6 14 -8 -9 10 -1 -11 -3 -10 -2
right_child=6 3 4 -5 5 -7 7 8 13 11 -12 -13 -14 -15 -16
leaf_value=0.0040633047300678432 -0.0011080753902107431 0.0024709287893571945 -0.0045655489908730936 0.005490471129420871 -0.0032838767250206939 0.00093799151903082277 -0.0017888227033339983 -0.0023757467599544143 0.00064734352204294564 0.00076459619248443744 0.0011292032865075833 -0.0014367610817185264 6.9379570600770275e-05 -0.00093208178491063028 -0.0028857374237407302
leaf_weight=18 100 37 18 18 21 19 36 22 308 96 20 25 24 38 27
leaf_count=18 100 37 18 18 21 19 36 22 308 96 20 25 24 38 27
internal_value=-3.32441e-05 0.000625927 -7.89328e-05 0.00250598 -0.00224696 -0.00137501 -0.00041011 -5.55276e-05 0.000169316 0.000748667 0.00228178 0.00023472 0.00156613 0.000421908 -0.00149233
internal_weight=827 296 217 79 58 40 531 404 368 159 38 121 61 346 127
internal_count=827 296 217 79 58 40 531 404 368 159 38 121 61 346 127
is_linear=0
shrinkage=0.0680866


Tree=156
num_leaves=16
num_cat=0
split_feature=231 37 25 53 33 23 72 43 2 49 16 24 25 67 12
split_gain=0.047119 0.0657468 0.0861238 0.0593679 0.0587715 0.0551746 0.0515508 0.0569923 0.047688 0.0423722 0.0754696 0.0345733 0.0330285 0.0205903 0.0210507
threshold=0.042596974841447206 488910.01907116285 500854.10202476574 0.99999999996789335 2.5350000000000006 722883.52916666691 399094.73684210534 978830.99068527075 2025.5000000000002 -154590.87993326105 4.1650000000000009 2.5650000000000004 555423.32435897447 2.6015873015873026 -1.0000000180025095e-35
decision_type=2 2 8 2 2 10 10 2 2 10 10 10 10 10 2
left_child=1 3 -3 13 -5 8 7 9 -4 -2 -11 -7 -9 14 -1
right_child=6 2 5 4 -6 11 -8 12 -10 10 -12 -13 -14 -15 -16
leaf_value=-0.001080700487461483 -0.0026275854282769625 -0.002486526483286372 0.00075121368520635371 0.0052173081631516818 0.0018836015924714078 0.00024283932412330159 -0.0024985105084845789 0.0026623702745001429 0.0031800578442567179 -9.4845271020609811e-06 -0.0029438266529969279 -0.0016129325536905785 0.00041523408728934372 0.0016284879654641534 0.00097054543818643751
leaf_weight=31 25 33 117 25 30 81 30 29 28 210 25 58 51 33 17
leaf_count=31 25 33 117 25 30 81 30 29 28 210 25 58 51 33 17
internal_value=8.52584e-05 0.000540883 2.79934e-05 0.00170696 0.00323592 0.000394076 -0.000465048 -0.00023711 0.00127298 -0.000704363 -0.000433117 -0.000480073 0.00115737 0.000736778 -9.50798e-05
internal_weight=823 453 317 136 55 284 370 340 145 260 235 139 80 81 48
internal_count=823 453 317 136 55 284 370 340 145 260 235 139 80 81 48
is_linear=0
shrinkage=0.0680866


Tree=157
num_leaves=16
num_cat=0
split_feature=231 18 29 23 10 89 57 72 53 10 7 70 72 187 22
split_gain=0.0419475 0.098828 0.0771657 0.0463801 0.0461082 0.111281 0.132476 0.0497461 0.0433984 0.0380201 0.0323627 0.0320028 0.0313491 0.0288932 0.0244759
threshold=0.042596974841447206 5.1250000000000009 1171901.2764705883 718491.23436503985 1.0000000180025095e-35 828020.76666666672 58.500000000000007 462695.27525252529 0.91027213615011637 1.0000000180025095e-35 1.5000000000000002 330415.60227272735 368975.8421052632 12.500000000000002 2.8500000000000001
decision_type=2 8 8 10 2 2 2 10 2 2 2 2 10 2 10
left_child=3 2 8 4 5 7 -7 -1 10 -4 -2 -5 -6 -3 -13
right_child=1 13 9 11 12 6 -8 -9 -10 -11 -12 14 -14 -15 -16
leaf_value=0.00039395719335527153 -0.0039764186510724449 -0.0046958214376150867 0.00039818419147775541 0.0013744779896456766 -0.0016949992784295789 0.0073784503706387228 0.0019387651403828376 0.0028969566254786125 -0.00043331150802251552 0.0024190765796127866 -0.001421001423104731 -0.00022026692839684423 0.00078064005585669935 -0.0020835996979343529 -0.0018468011378889116
leaf_weight=178 27 21 152 18 34 18 20 22 93 34 24 103 17 19 43
leaf_count=178 27 21 152 18 34 18 20 22 93 34 24 103 17 19 43
internal_value=7.47658e-05 -0.000444358 -7.22737e-05 0.000504775 0.00101652 0.00142366 0.00408685 0.00081218 -0.00116051 0.000798709 -0.0025521 -0.000332435 -0.000479933 -0.00298519 -0.000728131
internal_weight=823 370 330 453 289 238 38 200 144 186 51 164 51 40 146
internal_count=823 370 330 453 289 238 38 200 144 186 51 164 51 40 146
is_linear=0
shrinkage=0.0680866


Tree=158
num_leaves=16
num_cat=0
split_feature=31 145 72 3 176 51 115 79 46 244 24 22 68 114 52
split_gain=0.0350949 0.0941549 0.120535 0.0709243 0.0635968 0.0521725 0.0471992 0.0459621 0.0499883 0.0433306 0.0921013 0.0377765 0.029686 0.0279715 0.0230735
threshold=493690.30833333341 0.007612764918684501 219536.7627877238 5.5000000000000009 1.0000000180025095e-35 0.037515450784347516 1.0000000180025095e-35 0.91084403507134126 204598.44285041725 0.091943719823570205 3.0250000000000004 2.2050000000000005 2.4558441558441566 35.500000000000007 744580.84578386159
decision_type=2 2 8 2 2 8 2 2 10 2 10 10 10 2 2
left_child=1 5 -3 4 -2 9 13 8 -5 10 -1 -6 -7 -4 -9
right_child=3 2 6 7 11 12 -8 14 -10 -11 -12 -13 -14 -15 -16
leaf_value=0.0032611043190076934 0.00023239661420306715 -0.00075905229060893597 0.0047840474129658486 0.0004584586422948561 -0.0035453726357905246 -0.0021825227609308358 0.0012696025483216642 -0.0010105309964698361 0.0030263765649866867 -0.00036361741588077838 -0.00068619336617897688 -0.0013890355641175236 -6.4199790449502632e-05 0.0024774851543704641 0.00027304406646939993
leaf_weight=46 45 27 58 65 49 64 18 92 36 80 21 62 22 17 121
leaf_count=46 45 27 58 65 49 64 18 92 36 80 21 62 22 17 121
internal_value=7.42253e-05 0.000572434 0.0020037 -0.000299545 -0.00141502 -0.00016735 0.003204 0.000256327 0.00135305 0.000515819 0.00166386 -0.00229799 -0.00138295 0.00402834 -0.0002574
internal_weight=823 353 120 470 156 233 93 314 101 147 67 111 86 75 213
internal_count=823 353 120 470 156 233 93 314 101 147 67 111 86 75 213
is_linear=0
shrinkage=0.0680866


Tree=159
num_leaves=15
num_cat=1
split_feature=53 1 83 24 196 85 196 78 165 27 138 95 259 7
split_gain=0.07334 0.0697907 0.0999478 0.095245 0.0564958 0.101381 0.0555341 0.045504 0.036063 0.0335904 0.0749074 0.0473064 0.0127501 0.0102837
threshold=0.57833372579469611 0 0.81167918134901862 3.0250000000000004 0.82258064516129037 1.0573622162945697 0.098387096774193564 -1.4999999999999998 0.62840770351141984 847774.72311403521 725000.00000000012 1212087.1230769232 1.0000000180025095e-35 1.0000000180025095e-35
decision_type=2 9 2 8 2 2 2 10 2 8 2 2 2 2
left_child=8 2 -2 4 13 -6 12 -8 -1 10 -4 -11 -5 -3
right_child=1 3 9 6 5 -7 7 -9 -10 11 -12 -13 -14 -15
leaf_value=-0.0040790961736440999 0.0039269830551969444 -0.0010753730964027843 0.00051515802708950863 -0.00043139399476480375 0.0035230556961614264 0.00012733647405026337 -0.00095308933743561543 -0.0031424684938049551 -0.0011260690122993535 0.0031915760258187254 -0.0026877454495841677 0.00083094569857761333 0.0010538488418241282 -3.509633294066089e-06
leaf_weight=18 27 37 116 30 53 61 61 75 17 27 20 161 28 92
leaf_count=18 27 37 116 30 53 61 61 75 17 27 20 161 28 92
internal_value=0.000166679 0.000306277 0.000985313 -0.000251775 0.000581189 0.00162481 -0.00133614 -0.00209785 -0.00218276 0.000694259 -5.71362e-05 0.00124124 6.92255e-05 -0.000269551
internal_weight=823 788 351 437 243 114 194 136 35 324 136 188 58 129
internal_count=823 788 351 437 243 114 194 136 35 324 136 188 58 129
cat_boundaries=0 2
cat_threshold=453617450 1
is_linear=0
shrinkage=0.0680866


Tree=160
num_leaves=16
num_cat=0
split_feature=80 42 5 16 196 12 171 260 11 69 43 108 43 181 291
split_gain=0.0795852 0.0503594 0.0556681 0.097588 0.061478 0.0325789 0.0462379 0.0279223 0.0535709 0.0546647 0.027353 0.0247101 0.0229549 0.0131685 0.00796285
threshold=0.69464813451947116 53104.606656801661 3.3750000000000004 1.5850000000000002 0.52419354838709686 1.0000000180025095e-35 1.0000000180025095e-35 0.022744212486812052 -0.6830127018922193 3.4039185335284632 575843.60159759677 1.0000000180025095e-35 739722.50992063491 0.021064686327975601 3.5000000000000004
decision_type=2 10 2 8 2 2 2 2 2 2 2 2 2 2 2
left_child=5 2 3 -2 -5 6 -1 10 11 -10 14 -9 -12 -8 -3
right_child=1 7 -4 4 -6 -7 13 8 9 -11 12 -13 -14 -15 -16
leaf_value=0.0027157299369143261 0.0022966217306872204 0.0031137838582717698 -0.0031130476884510773 4.0816730043422873e-05 -0.0025959138454907911 0.0034397868529880541 0.0007480640084154735 0.00033208334262999555 -5.6387062264995827e-05 -0.002025839865904567 -0.00097956542526913084 0.0022279517620324386 0.00074823305312132001 -0.00076727778014601432 0.0016230348106644993
leaf_weight=36 22 19 30 52 63 21 34 44 178 74 20 41 147 25 17
leaf_count=36 22 19 30 52 63 21 34 44 178 74 20 41 147 25 17
internal_value=0.000157038 -0.000108519 -0.0010808 -0.000575772 -0.00130776 0.00166354 0.00126889 0.000197843 -0.00015928 -0.000654379 0.000802341 0.00112906 0.000471636 0.00021169 0.00215362
internal_weight=823 707 167 137 115 116 95 540 337 252 203 85 167 59 36
internal_count=823 707 167 137 115 116 95 540 337 252 203 85 167 59 36
is_linear=0
shrinkage=0.0680866


Tree=161
num_leaves=16
num_cat=1
split_feature=1 25 39 295 80 68 55 26 26 64 51 12 189 12 156
split_gain=0.0642817 0.0613569 0.141106 0.0534477 0.0510705 0.0680073 0.0539947 0.0430311 0.041364 0.0527752 0.0366316 0.0326826 0.0290237 0.0266715 0.0252713
threshold=0 432366.21898463421 474857.63830958982 12.641399344714634 1.1296560201324906 2.4791304347826091 97.500000000000014 2.0350000000000006 1.7750000000000001 13.062500000000002 -0.020992158427775683 -0.5 10.500000000000002 -0.5 1.0000000180025095e-35
decision_type=9 8 2 10 2 8 10 8 8 10 10 2 2 2 2
left_child=1 10 -3 -4 8 -6 14 -5 11 13 -1 -2 -11 -10 -7
right_child=4 2 3 7 5 6 -8 -9 9 12 -12 -13 -14 -15 -16
leaf_value=-0.0028015285703067226 0.0028594130935579794 0.0047465556989498862 0.00038357781175688807 0.0046356821220252661 0.00066365152501026846 -0.0055108366003965977 -0.0012001057999525184 0.0014773761183082112 -0.0015707955870639667 -0.00015112547682317667 -0.00014521900283864702 0.00041565281800075022 0.0018595079393003379 -0.00021190951262892887 -0.003067284920400786
leaf_weight=19 28 25 231 17 22 19 46 20 104 31 27 30 58 124 22
leaf_count=19 28 25 231 17 22 19 46 20 104 31 27 30 58 124 22
internal_value=0.000149168 0.000831445 0.00123653 0.000785877 -0.000340362 -0.00153285 -0.00244392 0.00264383 3.7241e-06 -0.000280113 -0.000988118 0.00142265 0.000951241 -0.000818684 -0.00397774
internal_weight=823 339 293 268 484 109 87 37 375 317 46 58 89 228 41
internal_count=823 339 293 268 484 109 87 37 375 317 46 58 89 228 41
cat_boundaries=0 2
cat_threshold=437102376 1
is_linear=0
shrinkage=0.0680866


Tree=162
num_leaves=7
num_cat=0
split_feature=63 186 275 31 296 25
split_gain=0.0606121 0.0984857 0.0634023 0.0565738 0.104195 0.0471182
threshold=102.47084367245658 1.0000000180025095e-35 5.5000000000000009 1072595.2324594732 12.612476093032058 831838.21498015884
decision_type=10 2 2 2 10 8
left_child=1 2 3 4 -1 -5
right_child=-2 -3 -4 5 -6 -7
leaf_value=0.00014920826603482011 0.0023541685485742219 -0.0033299003214495807 -0.0024773900430286734 -0.0033708436464664174 0.0034778595972981266 -0.0006515259226568574
leaf_weight=630 24 20 23 22 23 61
leaf_count=630 24 20 23 22 23 61
internal_value=-3.18024e-05 -0.000141963 -9.91435e-06 0.000104816 0.000319193 -0.00136649
internal_weight=803 779 759 736 653 83
internal_count=803 779 759 736 653 83
is_linear=0
shrinkage=0.0680866


Tree=163
num_leaves=13
num_cat=0
split_feature=186 38 15 267 23 84 133 267 68 23 122 25
split_gain=0.0939572 0.0193642 0.0603336 0.0584263 0.0712576 0.0476267 0.0712899 0.0688393 0.0430849 0.0372865 0.0476014 0.0411787
threshold=1.0000000180025095e-35 164471.47984152846 1359746.6666666667 1.0000000180025095e-35 857368.67018398282 -73357.195757399328 0.31182795698924737 1.0000000180025095e-35 4.3607142857142867 380237.46357336047 1.0000000180025095e-35 719924.31170634925
decision_type=2 8 10 2 10 2 2 2 8 8 2 8
left_child=1 5 3 4 -3 6 8 -8 -1 10 -7 -11
right_child=-2 2 -4 -5 -6 9 7 -9 -10 11 -12 -13
leaf_value=0.0020714738247921559 -0.0031462427545707124 0.00038245773563687054 0.0017694124083103074 -0.0030314320999671202 -0.0025573303788479084 0.0028939207450888855 -0.00153677289696345 0.0018473116244763972 0.004898130590995602 -0.0014651015795384642 0.00032510387764622526 4.2042774432418904e-05
leaf_weight=46 20 107 23 29 30 25 39 27 17 94 84 262
leaf_count=46 20 107 23 29 30 25 39 27 17 94 84 262
internal_value=-3.12099e-05 9.13792e-05 -0.000469598 -0.000954611 -0.000412327 0.000282471 0.00134965 0.00011063 0.00282913 -2.44615e-05 0.000962762 -0.000363117
internal_weight=803 783 189 166 137 594 129 66 63 465 109 356
internal_count=803 783 189 166 137 594 129 66 63 465 109 356
is_linear=0
shrinkage=0.0680866


Tree=164
num_leaves=7
num_cat=0
split_feature=186 20 93 68 86 96
split_gain=0.0860207 0.0420684 0.0234662 0.0269876 0.0441314 0.024262
threshold=1.0000000180025095e-35 5.1250000000000009 0.62158446896791142 3.6306818181818183 0.19619134090436055 367003.9457070707
decision_type=2 10 2 10 10 2
left_child=1 2 -1 4 -4 -5
right_child=-2 -3 3 5 -6 -7
leaf_value=0.0014980497965236138 -0.0030114327628496147 0.0020987626317681431 0.000232251838378622 0.0024738189249516344 -0.00084507287191083605 0.00034438194009661801
leaf_weight=23 20 23 416 24 269 28
leaf_count=23 20 23 416 24 269 28
internal_value=-3.08296e-05 8.63787e-05 -4.40657e-07 -7.37031e-05 -0.000190373 0.0011606
internal_weight=803 783 760 737 685 52
internal_count=803 783 760 737 685 52
is_linear=0
shrinkage=0.0680866


Tree=165
num_leaves=13
num_cat=1
split_feature=1 23 7 16 31 84 273 24 54 30 120 42
split_gain=0.038287 0.0662911 0.0401502 0.0380375 0.0338486 0.0506249 0.0897756 0.0507342 0.0283535 0.029107 0.0243148 0.0130636
threshold=0 1168762.9656862749 1.5000000000000002 1.0000000180025095e-35 1072595.2324594732 -192252.6598454242 1.0000000180025095e-35 1.5850000000000002 67.500000000000014 5.1250000000000009 1.0000000180025095e-35 108637.05493461592
decision_type=9 8 2 10 2 2 2 8 2 8 2 10
left_child=1 2 11 10 5 6 -5 -7 -6 -10 -2 -1
right_child=3 -3 -4 4 8 7 -8 -9 9 -11 -12 -13
leaf_value=-0.00043403715523703993 0.0032931913806594944 -0.0033607043407399857 0.0012794758329664315 -0.0034492446785304746 2.7598512163380986e-05 0.0018751669867553755 0.00032872306436811653 0.00021996220562601514 -0.0010693705823254069 -0.0034253183497177232 0.00097429904766305317 -0.002077030868063046
leaf_weight=21 19 25 27 31 35 82 37 449 35 21 23 28
leaf_count=21 19 25 27 31 35 82 37 449 35 21 23 28
internal_value=3.05755e-05 -0.00102902 -0.000306389 0.000206214 8.74648e-05 0.000271005 -0.00122544 0.000498102 -0.00100038 -0.00192411 0.00180132 -0.00120557
internal_weight=833 101 76 732 690 599 68 531 91 56 42 49
internal_count=833 101 76 732 690 599 68 531 91 56 42 49
cat_boundaries=0 1
cat_threshold=1073873410
is_linear=0
shrinkage=0.0680866


Tree=166
num_leaves=16
num_cat=1
split_feature=1 31 243 96 221 60 100 221 23 224 103 12 24 18 68
split_gain=0.0392773 0.123582 0.0484192 0.0356875 0.0732092 0.0565211 0.034314 0.0333203 0.123352 0.0555963 0.0372094 0.0253845 0.0303943 0.0241441 0.0358515
threshold=0 457860.51196581201 19.000000000000004 -2.4887290148503274e-10 3.5000000000000004 25.500000000000004 1.0000000180025095e-35 19.500000000000004 525278.34749068611 1.0000000180025095e-35 1.0000000180025095e-35 -0.5 1.5600000000000003 2.5350000000000006 2.6583333333333337
decision_type=9 2 2 2 2 8 2 2 8 2 2 2 10 10 8
left_child=1 -1 -3 7 11 -6 -7 13 9 -9 -10 -5 -13 14 -2
right_child=3 2 -4 4 5 6 -8 8 10 -11 -12 12 -14 -15 -16
leaf_value=0.004275954850744312 -0.00079690379508128711 -0.0020251216800031891 0.00080518533056155874 -2.0022538519504848e-06 0.00029013859826596238 -0.0013271716173602686 -0.0034085216375916417 0.0054628430296689906 -0.0013843717492819233 0.0019948022021087407 0.00074645768762955048 0.0035269624532768881 0.001055388927334475 -0.0007806771180708063 0.0015921068693873629
leaf_weight=24 24 17 60 22 81 212 21 26 43 19 63 21 29 121 50
leaf_count=24 24 17 60 22 81 212 21 26 43 19 63 21 29 121 50
internal_value=2.91365e-05 0.00110464 0.00012618 -0.000146283 -0.000589493 -0.00104169 -0.00157523 0.000331859 0.00105456 0.00350768 -4.18051e-05 0.00108599 0.00202833 -0.000201719 0.000601462
internal_weight=833 101 77 732 386 314 233 346 151 45 106 72 50 195 74
internal_count=833 101 77 732 386 314 233 346 151 45 106 72 50 195 74
cat_boundaries=0 2
cat_threshold=135274512 1
is_linear=0
shrinkage=0.0680866


Tree=167
num_leaves=16
num_cat=0
split_feature=3 85 221 92 217 34 92 92 133 23 221 120 29 23 18
split_gain=0.0295651 0.134342 0.0643856 0.0452074 0.0415118 0.0537373 0.0382196 0.0810447 0.040852 0.0323126 0.0900962 0.0282741 0.0274269 0.0245771 0.0213449
threshold=5.5000000000000009 0.7726690677483099 1.0000000180025095e-35 0.77180063394718912 1.0000000180025095e-35 1.0000000180025095e-35 0.90955972815235964 1.2950490587328407 0.46666666666666673 434550.26875000005 5.5000000000000009 1.0000000180025095e-35 1341907.3371794873 822654.7465909092 1.8550000000000002
decision_type=2 2 2 8 2 2 10 10 2 8 2 2 8 10 10
left_child=2 11 12 -4 5 -3 8 -8 -5 10 -6 -2 -1 -11 -7
right_child=1 4 3 6 9 14 7 -9 -10 13 -12 -13 -14 -15 -16
leaf_value=0.00041807104151924876 0.0026071342383361838 -0.00021360486286557762 -0.0030549179271821014 -0.0004426687654968133 -0.00019086603364270701 -0.0042018213137085068 0.00093840118045556342 -0.0023969509654346551 -0.002514149687714269 0.00055945297846083167 0.0038708581487503905 0.0052805057098196783 0.0026276885219958255 -0.00074419272398895708 -0.0018828575665217476
leaf_weight=24 17 114 18 71 24 17 106 22 63 186 29 20 30 74 18
leaf_count=24 17 114 18 71 24 17 106 22 63 186 29 20 30 74 18
internal_value=2.70809e-05 0.000353254 -0.000449904 -0.000873599 4.02124e-05 -0.000832092 -0.000648284 0.000123479 -0.00138146 0.00046583 0.00175241 0.00343662 0.00131779 0.000171414 -0.00267884
internal_weight=833 499 334 280 462 149 262 128 134 313 53 37 54 260 35
internal_count=833 499 334 280 462 149 262 128 134 313 53 37 54 260 35
is_linear=0
shrinkage=0.0680866


Tree=168
num_leaves=8
num_cat=0
split_feature=40 220 49 15 126 7 75
split_gain=0.0440358 0.0767507 0.0449287 0.0344509 0.0270949 0.0544757 0.0290964
threshold=1070608.4479166667 26.500000000000004 333059.30555555562 1538998.7684262488 0.051314552693363207 1.0000000180025095e-35 0.26904761904761904
decision_type=2 2 10 8 2 2 10
left_child=2 -2 3 4 6 -6 -1
right_child=1 -3 -4 -5 5 -7 -8
leaf_value=-0.00036035055361487796 -0.0035886814624396658 6.9749011412830586e-05 -0.0022262401556251755 0.00179931414217453 0.0025016901573966816 0.00014740141602705546 0.0015216372361278859
leaf_weight=507 32 26 17 29 37 161 17
leaf_count=507 32 26 17 29 37 161 17
internal_value=-0.000129615 -0.00165303 4.63415e-06 9.31645e-05 1.49989e-06 0.000639449 -0.0002528
internal_weight=826 58 768 751 722 198 524
internal_count=826 58 768 751 722 198 524
is_linear=0
shrinkage=0.0680866


Tree=169
num_leaves=16
num_cat=1
split_feature=1 60 18 31 108 286 6 30 83 89 16 23 68 51 197
split_gain=0.0644039 0.081854 0.0728295 0.113386 0.100744 0.0542823 0.0483997 0.0688615 0.0913412 0.0476954 0.0309602 0.0219934 0.0384066 0.0232927 0.0136408
threshold=0 54.500000000000007 4.5450000000000008 445304.1687925171 1.0000000180025095e-35 2.5000000000000004 1.5000000000000002 2.5350000000000006 1.0189108512406404 841433.75009920646 3.5350000000000006 899954.73809523822 3.145502645502646 0.24476686497890676 1.0000000180025095e-35
decision_type=9 10 10 2 2 2 2 10 2 2 10 8 8 10 2
left_child=6 2 3 4 -2 -3 7 8 -1 -5 11 13 -13 -8 -12
right_child=1 5 -4 9 -6 -7 10 -9 -10 -11 14 12 -14 -15 -16
leaf_value=0.0020335333253863096 0.0045022926994958655 -0.0031849782326441567 -0.0016091017646537678 -0.00052233885509865249 0.0010941095572135806 -0.00036441218608080408 0.00025994367013480556 -0.0037976192610396113 -0.0022370128697199771 0.001264702333899977 0.0018020043558025231 -0.0030680601487475963 -0.00069042585545590668 -0.0014526379519838189 0.00021347487074378329
leaf_weight=17 60 29 27 131 57 57 109 41 29 101 30 27 64 27 20
leaf_count=17 60 29 27 131 57 57 109 41 29 101 30 27 64 27 20
internal_value=-0.000118139 0.0003984 0.000845269 0.00112854 0.00271327 -0.00125185 -0.000763876 -0.00204544 -0.000677857 0.000298178 -0.000373226 -0.000687914 -0.00143323 -0.000183379 0.000890257
internal_weight=826 462 376 349 117 86 364 87 46 232 277 227 91 136 50
internal_count=826 462 376 349 117 86 364 87 46 232 277 227 91 136 50
cat_boundaries=0 1
cat_threshold=365177615
is_linear=0
shrinkage=0.0680866


Tree=170
num_leaves=14
num_cat=0
split_feature=96 80 63 80 68 30 92 116 33 68 125 103 189
split_gain=0.0939151 0.102594 0.0976778 0.0644063 0.0452129 0.043848 0.0485182 0.0306681 0.0284329 0.0208342 0.0148439 0.0144613 0.00221004
threshold=483939.08479594847 0.66820813461115147 112.12121212121214 1.1787694363436743 2.3148286140089422 3.0650000000000004 1.0411771105263454 25.500000000000004 2.6850000000000005 2.021276595744681 1.0000000180025095e-35 1.0000000180025095e-35 10.500000000000002
decision_type=2 2 8 2 10 8 10 2 2 10 2 2 2
left_child=1 4 5 9 8 6 -3 -7 -1 -2 -11 -5 -6
right_child=3 2 -4 11 12 7 -8 -9 -10 10 -12 -13 -14
leaf_value=0.0047854966876193991 0.00036223125868577703 0.001971302777633572 0.0027764116563214333 -0.0049799646412726668 0.00014209572337677787 -0.0010601712320562301 -0.00021036809669744828 3.3047364456831431e-05 0.0024248244056023468 -0.0006449040753472501 -0.0024577096763469279 -0.0030670219683880083 0.00083577085192737457
leaf_weight=23 26 58 27 18 17 294 85 162 33 22 21 23 17
leaf_count=23 26 58 27 18 17 294 85 162 33 22 21 23 17
internal_value=-0.000115637 0.000163354 -0.000134788 -0.00179623 0.0020798 -0.000328273 0.000626051 -0.000652536 0.00329723 -0.000817314 -0.00145045 -0.00363851 0.000735593
internal_weight=826 716 626 110 90 599 143 456 56 69 43 41 34
internal_count=826 716 626 110 90 599 143 456 56 69 43 41 34
is_linear=0
shrinkage=0.0680866


Tree=171
num_leaves=15
num_cat=0
split_feature=27 16 138 17 35 68 286 291 12 16 289 92 133 97
split_gain=0.0479807 0.0876581 0.0609238 0.0458061 0.045656 0.0529227 0.0473845 0.0380627 0.031326 0.021531 0.0710697 0.017336 0.0300041 0.0124521
threshold=383925.31332533027 1.7750000000000001 775000.00000000012 358586.80590866297 2.8500000000000001 2.5683229813664608 1.5000000000000002 3.5000000000000004 -1.0000000180025095e-35 2.4400000000000004 1.0000000180025095e-35 1.205240284570017 0.11666666666666667 -226793.51666666669
decision_type=8 8 2 10 2 8 2 2 2 10 2 8 2 2
left_child=3 2 11 9 5 6 -3 -7 -5 10 -1 12 -2 -13
right_child=1 4 -4 8 -6 7 -8 -9 -10 -11 -12 13 -14 -15
leaf_value=0.0007908906230708378 0.00090997060925779793 0.0024847246185799757 0.0041242040979310194 -0.0040538430110366955 0.001836591193803505 -0.0012998812006284443 3.7565039202264411e-05 -8.3570278093847281e-05 -0.0014261579519971555 0.00085640585419037465 -0.0028900936879583503 -0.00055274998658757341 0.0032489515308334782 0.0010628781605620664
leaf_weight=24 39 44 21 25 29 178 53 276 19 28 25 26 22 17
leaf_count=24 39 44 21 25 29 178 53 276 19 28 25 26 22 17
internal_value=2.19095e-05 0.000236016 0.00173884 -0.00112111 -0.000104314 -0.000255167 0.00103016 -0.000562822 -0.00261945 -0.000312774 -0.000948582 0.0012019 0.00178309 0.000283742
internal_weight=826 705 125 121 580 551 97 454 44 77 49 104 61 43
internal_count=826 705 125 121 580 551 97 454 44 77 49 104 61 43
is_linear=0
shrinkage=0.0680866


Tree=172
num_leaves=16
num_cat=0
split_feature=89 11 92 18 51 206 22 49 194 11 7 53 16 221 120
split_gain=0.0308489 0.0386782 0.0408899 0.0458019 0.0367457 0.0458782 0.0344994 0.0296154 0.0483202 0.209276 0.056898 0.0887675 0.0392739 0.0287482 0.0265244
threshold=766219.28478664218 -0.5 1.4500428257771143 3.5350000000000006 0.13684174762897627 116.05845900000001 2.5650000000000004 24942.117557923706 4.5000000000000009 -1.0000000180025095e-35 1.5000000000000002 1.7951383554930014 1.8550000000000002 1.0000000180025095e-35 1.0000000180025095e-35
decision_type=2 2 8 10 8 2 8 10 2 2 2 2 8 2 2
left_child=7 2 -2 -4 14 6 -6 8 9 -1 11 -10 -11 -9 -3
right_child=1 4 3 -5 5 -7 -8 13 10 12 -12 -13 -14 -15 -16
leaf_value=-0.0054697536023591911 0.00064491563086973484 0.0021196384073182122 0.0045568426934050775 0.0014691420951206543 -0.0013741550945681358 -0.0030199081849977697 0.0013642344071977102 -0.0025406878919531774 -0.00024036213732862486 0.0020808924609978297 0.0025903238985497765 0.0031793118176468909 -0.00045959493426322599 -0.00065727085081068455 0.0001137260685014273
leaf_weight=19 107 19 21 25 20 25 18 28 224 21 29 17 47 122 84
leaf_count=19 107 19 21 25 20 25 18 28 224 21 29 17 47 122 84
internal_value=2.6058e-05 0.000533926 0.00127917 0.00270612 -0.000113725 -0.00126118 -0.000267008 -0.000294566 2.09963e-05 -0.00120084 0.000468556 0.000140345 0.00024554 -0.00104751 0.00055282
internal_weight=826 319 153 46 166 63 38 507 357 87 270 241 68 150 103
internal_count=826 319 153 46 166 63 38 507 357 87 270 241 68 150 103
is_linear=0
shrinkage=0.0680866


Tree=173
num_leaves=16
num_cat=0
split_feature=25 3 29 58 93 224 58 47 64 201 132 71 15 49 49
split_gain=0.0424661 0.0726584 0.0456201 0.0792027 0.060475 0.0467661 0.0426575 0.0479961 0.0346042 0.0326031 0.0100329 0.00890866 0.00617977 0.00429738 0.00206427
threshold=996853.88793183956 5.5000000000000009 613592.7927927929 20.500000000000004 1.1834153324789416 1.0000000180025095e-35 58.500000000000007 1225111.6041666667 73.24488304093569 0.036562826239876556 0.023558639562873056 481382.60936408112 690857.64000000013 35022.913535617532 -28349.471874999985
decision_type=10 2 10 2 2 2 2 2 8 2 2 10 10 10 10
left_child=2 -2 4 10 6 9 7 -1 -8 -6 -4 -3 -5 -13 -14
right_child=1 11 3 12 5 -7 8 -9 -10 -11 -12 13 14 -15 -16
leaf_value=0.0001539135286206315 -0.003628429176366816 0.00052982309071319684 0.0024174467387644955 -0.00048786537286622035 0.00051643454902466869 -0.0028640178251758074 0.00043358478366999862 -0.002204191994141633 0.002433304958478882 -0.0014725059359489711 0.0039742791973132021 -0.0012726471691595579 0.00088937164149010682 -0.00026892847831240556 0.00017679594725822687
leaf_weight=329 23 23 21 38 49 38 60 21 58 55 31 18 18 24 20
leaf_count=329 23 23 21 38 49 38 60 21 58 55 31 18 18 24 20
internal_value=2.48213e-05 -0.00122744 0.000193741 0.00126971 -4.23009e-05 -0.00118761 0.000315567 -3.75629e-05 0.0013452 -0.000568996 0.0030437 -0.000310154 0.000144291 -0.000683147 0.000476097
internal_weight=826 88 738 128 610 142 468 350 118 104 52 65 76 42 38
internal_count=826 88 738 128 610 142 468 350 118 104 52 65 76 42 38
is_linear=0
shrinkage=0.0680866


Tree=174
num_leaves=13
num_cat=0
split_feature=63 141 80 62 66 133 41 24 231 28 221 68
split_gain=0.0931946 0.0824139 0.062374 0.0332054 0.0824157 0.0631394 0.0601026 0.0469743 0.0300003 0.0343568 0.00452759 0.000597216
threshold=0.98000000000000009 825.00000000000011 0.71571777627711275 1.1225000000000003 2.3373983739837398 0.11666666666666667 336786.62760839588 -1.0000000180025095e-35 0.067442739139416411 2.6800000000000002 18.000000000000004 2.5729483282674779
decision_type=8 2 2 2 2 2 2 10 2 8 2 8
left_child=8 2 -2 7 5 -5 -6 -3 -1 -10 -9 -11
right_child=1 3 -4 4 6 -7 -8 10 9 11 -12 -13
leaf_value=0.003230074638277364 -0.00085064079230947893 -0.00068596793076432347 -0.0042864480386397806 -0.00073435811652819319 -0.0024502765345102416 -0.0033478442349783692 0.00021027393184787647 0.0029123903510451269 0.0025685918463742088 8.4516183339774029e-05 0.0017776100070363275 -0.00025199587549349078
leaf_weight=28 18 17 34 76 19 54 469 26 21 23 20 18
leaf_count=28 18 17 34 76 19 54 469 26 21 23 20 18
internal_value=-0.000148856 -0.000402067 -0.00257113 -0.000204192 -0.000353565 -0.0017569 3.77445e-05 0.00106227 0.00168713 0.00112618 0.00222118 0.000136049
internal_weight=823 733 52 681 618 130 488 63 90 62 46 41
internal_count=823 733 52 681 618 130 488 63 90 62 46 41
is_linear=0
shrinkage=0.0680866


Tree=175
num_leaves=10
num_cat=0
split_feature=111 42 62 29 29 68 31 83 217
split_gain=0.0745083 0.0770525 0.0433786 0.0440911 0.0353902 0.0440756 0.0303521 0.0265092 0.0178844
threshold=20.000000000000004 320742.92325113743 1.0357142857142858 433391.55702811241 449932.22672413796 2.2052631578947373 410933.75329218112 1.0101688992631941 1.0000000180025095e-35
decision_type=2 10 2 8 8 8 2 2 2
left_child=1 2 3 -1 6 -6 -4 -3 -5
right_child=-2 7 4 8 5 -7 -8 -9 -10
leaf_value=0.0028392499926818862 -0.0030202360899000136 0.0040030415173514166 -0.00099566559964419992 -0.00070789634107739372 0.0012645167358921808 -0.00042542368661158814 -0.0032928575847099395 0.0015180842274455947 0.00089108961292582855
leaf_weight=24 17 18 47 28 58 530 21 21 59
leaf_count=24 17 18 47 28 58 530 21 21 59
internal_value=-0.000140237 -3.67297e-05 -0.000189038 0.000934588 -0.000400866 -0.000233044 -0.00167256 0.00228894 0.000361744
internal_weight=823 806 767 111 656 588 68 39 87
internal_count=823 806 767 111 656 588 68 39 87
is_linear=0
shrinkage=0.0680866


Tree=176
num_leaves=13
num_cat=0
split_feature=62 275 133 11 24 152 53 18 127 209 56 257
split_gain=0.0676777 0.0633095 0.0476579 0.0328811 0.0537884 0.0616762 0.0504891 0.0886815 0.0403418 0.0343564 0.0177511 0.0151737
threshold=0.98000000000000009 22.000000000000004 0.16397849462365588 0.25000000000000011 2.8900000000000001 1.0000000180025095e-35 1.0835761898811229 2.5650000000000004 1.0000000180025095e-35 0.058687730955887508 10.500000000000002 1.0000000180025095e-35
decision_type=2 2 2 2 8 2 2 10 2 2 10 2
left_child=2 3 10 6 5 -5 9 -8 -6 -2 -1 -4
right_child=1 -3 11 4 8 -7 7 -9 -10 -11 -12 -13
leaf_value=0.0021444625373696377 -0.00065830456139269824 -0.0028243229695515157 -0.00079469950938327314 0.00048350090957902727 0.00081793415400750736 -0.0023770230358764574 9.9634432373886113e-05 0.0033950532442997053 -0.0013681645908404721 0.00080166742137676101 0.0040824792639231585 0.00097697967562018415
leaf_weight=35 253 23 25 22 95 115 66 40 35 78 17 19
leaf_count=35 253 23 25 22 95 115 66 40 35 78 17 19
internal_value=-0.000130757 -0.000354551 0.00138738 -0.000235798 -0.000805155 -0.00169876 0.000117314 0.00129653 7.3377e-05 -0.000270917 0.00269985 0.000237971
internal_weight=823 727 96 704 267 137 437 106 130 331 52 44
internal_count=823 727 96 704 267 137 437 106 130 331 52 44
is_linear=0
shrinkage=0.0680866


Tree=177
num_leaves=16
num_cat=0
split_feature=71 21 214 139 69 18 147 50 294 167 63 184 104 26 24
split_gain=0.0319115 0.10786 0.0334327 0.0512052 0.026328 0.0427211 0.0421433 0.0550033 0.0388842 0.0246906 0.0156712 0.0372094 0.0307137 0.0137801 0.00720173
threshold=142069.6398809524 410031.5913874192 0.14531777688511069 1.0000000180025095e-35 3.2317367492806093 1.5600000000000003 9.7902097902097918 81504.676730225983 1.0000000180025095e-35 1.0000000180025095e-35 11.780303030303033 22.500000000000004 8.5000000000000018 2.8500000000000001 2.1250000000000004
decision_type=10 10 2 2 2 8 2 8 2 2 10 2 2 10 8
left_child=1 2 3 9 6 -6 10 -8 13 -1 12 -12 -2 -7 -4
right_child=4 -3 14 -5 5 8 7 -9 -10 -11 11 -13 -14 -15 -16
leaf_value=0.00046163084633963036 0.0015801749741808436 -0.0032101398971996218 -0.00057341371274247392 -0.0010770593368912471 0.0017294320587007885 0.00022099194297171964 0.00051562640612409414 -0.0024098879991936708 -0.0023931595397963207 0.0023168364866426447 0.0020576501633117073 0.00049946728369018036 -0.00020256380682532129 -0.0010379797677999298 -0.001844471916089521
leaf_weight=28 47 34 23 25 20 94 41 30 26 60 130 115 96 37 24
leaf_count=28 47 34 23 25 20 94 41 30 26 60 130 115 96 37 24
internal_value=0.000203399 -0.00051451 0.000145216 0.00078082 0.000434054 -0.000217771 0.000704787 -0.000596969 -0.000640217 0.00155797 0.000986587 0.00131387 0.000454415 -0.000199357 -0.00104281
internal_weight=830 194 160 113 636 177 459 71 157 88 388 245 143 131 47
internal_count=830 194 160 113 636 177 459 71 157 88 388 245 143 131 47
is_linear=0
shrinkage=0.0680866


Tree=178
num_leaves=16
num_cat=0
split_feature=31 33 12 66 296 139 267 54 75 68 259 85 7 214 100
split_gain=0.0452901 0.0420874 0.0557762 0.0372551 0.0385637 0.0607269 0.0362975 0.0329797 0.0442195 0.031153 0.0527188 0.0289368 0.0269133 0.0265138 0.0241692
threshold=370788.13720238098 2.5650000000000004 0.6830127018922193 2.3269016697588127 12.191433942365977 1.0000000180025095e-35 1.0000000180025095e-35 69.500000000000014 0.24025974025974023 3.1796187683284458 1.0000000180025095e-35 0.95745691143780887 1.0000000180025095e-35 0.030534282280844507 1.0000000180025095e-35
decision_type=2 2 2 2 8 2 2 2 8 8 2 2 2 2 2
left_child=1 6 13 4 5 -2 -1 9 12 10 -5 -8 -9 -3 -11
right_child=3 2 -4 7 -6 -7 11 8 -10 14 -12 -13 -14 -15 -16
leaf_value=0.0039356457525809956 -0.001609695600354582 0.00027129558419324658 0.0022917454104476012 -0.0015668591942221766 -0.0026485762620459753 0.0012318313385790856 0.0026038886716999994 -0.0017949833663513913 0.0011941892557113943 0.0019547720451932125 0.00098362544640682049 0.00042758287311685884 -0.00031407607815433646 -0.0016005363598947727 0.00012287737718046166
leaf_weight=18 57 50 23 41 33 37 31 59 48 98 65 40 169 41 20
leaf_count=18 57 50 23 41 33 37 31 59 48 98 65 40 169 41 20
internal_value=0.000183569 0.00102054 0.00026053 -9.52709e-05 -0.00105716 -0.000474826 0.00205057 0.000155922 -0.000312566 0.000747368 2.33271e-05 0.00149874 -0.000718404 -0.000498387 0.00147114
internal_weight=830 203 114 627 127 94 89 500 276 224 106 71 228 91 118
internal_count=830 203 114 627 127 94 89 500 276 224 106 71 228 91 118
is_linear=0
shrinkage=0.0680866


Tree=179
num_leaves=16
num_cat=0
split_feature=192 31 15 16 25 70 96 7 104 296 17 63 290 286 52
split_gain=0.0243714 0.0328738 0.0629279 0.051485 0.0514387 0.0465888 0.0756773 0.0645919 0.0280703 0.0255783 0.0241802 0.0355805 0.022363 0.0192319 0.00699795
threshold=0.066147296971644717 335213.02728174609 287658.87179487187 2.5650000000000004 473012.93750000006 218979.50000000003 -333395.42198719759 1.5000000000000002 8.5000000000000018 11.826534784473301 969947.75524475542 2.3666666666666667 1.0000000180025095e-35 1.5000000000000002 439618.88747904095
decision_type=2 2 8 10 8 2 2 2 2 10 10 8 2 2 2
left_child=1 2 3 -1 -4 6 9 -8 -6 -3 11 -7 -12 -2 -15
right_child=13 5 4 -5 8 10 7 -9 -10 -11 12 -13 -14 14 -16
leaf_value=0.00076264842079467969 0.0026162037988970879 -7.6985530110872864e-05 0.0007480598505337512 -0.0022230770652905832 0.0051738574530320099 -0.0017550053789450201 -0.0011605081025409818 -0.0040905851372673076 0.0026407446594087247 0.002256623661525885 0.0023670554436072727 0.00010234802202710268 0.00058295889685990748 0.0011813937344738624 2.0544417465961524e-05
leaf_weight=34 19 17 33 25 19 31 74 32 23 22 21 334 103 25 18
leaf_count=34 19 17 33 25 19 31 74 32 23 22 21 334 103 25 18
internal_value=0.000173085 6.63606e-05 0.000959093 -0.000358991 0.00217493 -0.000134576 -0.00113275 -0.00207761 0.00359912 0.000793089 0.000169903 -9.00809e-05 0.000929978 0.00127802 0.000733495
internal_weight=830 768 134 59 75 634 145 106 42 39 489 365 124 62 43
internal_count=830 768 134 59 75 634 145 106 42 39 489 365 124 62 43
is_linear=0
shrinkage=0.0680866


Tree=180
num_leaves=11
num_cat=0
split_feature=64 53 109 53 144 53 156 287 276 153
split_gain=0.0362144 0.0402422 0.088375 0.0715248 0.0836375 0.0461626 0.0473834 0.0358554 0.00734434 0.00711904
threshold=56.093750000000007 0.62286523282132555 1.0000000180025095e-35 1.7042707874410972 24.500000000000004 1.5549240034329297 1.0000000180025095e-35 12.500000000000002 2.4919354838709684 0.074109981794743512
decision_type=10 2 2 2 2 2 2 2 2 2
left_child=1 2 8 5 -5 6 -3 -2 -1 -9
right_child=7 3 -4 4 -6 -7 -8 9 -10 -11
leaf_value=-0.00064641833655772272 0.0025784505582109531 -0.00059862994049291027 -0.0042517880994031448 0.004486627639205344 0.00045252624964858254 -0.002317156500277496 0.00058766016654440299 -0.00025498277302073787 0.00060897889784536341 0.00081185982770360895
leaf_weight=22 31 375 21 22 24 25 232 33 17 33
leaf_count=22 31 375 21 22 24 25 232 33 17 33
internal_value=-5.84251e-05 -0.000221134 -0.00165425 -7.2309e-05 0.00203086 -0.000261029 -0.000139618 0.00104746 -0.000342818 0.000351576
internal_weight=835 738 60 678 46 632 607 97 39 66
internal_count=835 738 60 678 46 632 607 97 39 66
is_linear=0
shrinkage=0.0680866


Tree=181
num_leaves=13
num_cat=0
split_feature=78 66 92 15 80 71 177 115 16 38 273 76
split_gain=0.0439119 0.10399 0.060827 0.0403868 0.0523779 0.0527549 0.0292441 0.0224229 0.0210233 0.0196781 0.0136537 0.000732811
threshold=-16.499999999999996 2.4791304347826091 1.1619007061196569 1395438.381987578 0.65658258546944193 245053.96959459464 1.0000000180025095e-35 1.0000000180025095e-35 4.5450000000000008 258670.10955239472 1.0000000180025095e-35 0.15192307692307691
decision_type=8 2 10 10 2 8 2 2 10 10 2 8
left_child=1 6 7 4 5 -2 -1 10 9 -6 -3 -7
right_child=3 2 -4 -5 8 11 -8 -9 -10 -11 -12 -13
leaf_value=-0.0051957547191631365 0.0032753385914490339 -0.00042472164362174566 -0.0018214882699952297 0.0019659215253785083 4.1923800336291345e-05 -0.00011401460048248033 -0.0025931425181804717 0.0025358558030845984 -0.0014083873265503389 -0.0013081619558593007 0.0012141659294493531 0.00033310074071593181
leaf_weight=19 33 20 30 31 536 17 22 19 35 31 25 17
leaf_count=19 33 20 30 31 536 17 22 19 35 31 25 17
internal_value=-5.58681e-05 -0.00109392 -5.84021e-05 0.000155894 4.32951e-05 0.00159423 -0.00343236 0.00109734 -0.000155299 -5.51254e-05 0.000528134 0.000386119
internal_weight=835 135 94 700 669 67 41 64 602 567 45 34
internal_count=835 135 94 700 669 67 41 64 602 567 45 34
is_linear=0
shrinkage=0.0680866


Tree=182
num_leaves=11
num_cat=0
split_feature=64 43 42 138 241 111 65 128 175 30
split_gain=0.0674691 0.088054 0.102646 0.059923 0.0481551 0.0478864 0.0478148 0.0302077 0.0266998 0.0180678
threshold=61.650000000000006 1504192.5508578434 177841.37137747617 850000.00000000012 1.0000000180025095e-35 1.0000000180025095e-35 17.66432651395932 1.0000000180025095e-35 0.099134291128230204 2.5900000000000003
decision_type=10 2 10 2 2 2 2 2 2 10
left_child=1 2 4 6 -1 -3 -4 9 -6 -2
right_child=7 5 3 -5 8 -7 -8 -9 -10 -11
leaf_value=0.0022531106333448575 -2.968451060458728e-05 0.0010526769513458875 0.00010458392564740398 -0.0041379443932230706 -0.00039643429688428759 0.0042713287173489671 -0.0021950129303514886 0.0030023492185659649 0.00066766296946468352 0.0017792752316311607
leaf_weight=18 30 23 42 26 417 19 85 31 121 23
leaf_count=18 30 23 42 26 417 19 85 31 121 23
internal_value=-5.30147e-05 -0.000257829 -0.00044363 -0.00189936 -2.20207e-05 0.00215496 -0.00140144 0.00156021 -0.000139362 0.000875928
internal_weight=835 751 709 153 556 42 127 84 538 53
internal_count=835 751 709 153 556 42 127 84 538 53
is_linear=0
shrinkage=0.0680866


Tree=183
num_leaves=16
num_cat=1
split_feature=1 31 22 91 14 93 50 273 221 59 49 49 91 160 27
split_gain=0.0816501 0.0531983 0.115372 0.0474422 0.0507807 0.0399949 0.0453107 0.0257336 0.0382498 0.0335956 0.0245884 0.0152104 0.0358424 0.031251 0.00368586
threshold=0 352172.54543650796 2.7350000000000008 5.5000000000000009 2.7350000000000008 0.74866864074917816 253100.89053315119 1.0000000180025095e-35 20.500000000000004 111.50000000000001 43612.688750000008 -25603.384920634966 14.500000000000002 1.0000000180025095e-35 348758.16666666669
decision_type=9 2 8 10 2 2 10 2 2 10 10 10 10 2 10
left_child=5 2 -2 7 -5 14 11 8 -3 -9 -6 13 -13 -7 -1
right_child=1 3 -4 4 10 6 -8 9 -10 -11 -12 12 -14 -15 -16
leaf_value=-0.0020352812145832777 0.0051644021725503969 -0.0011244386501621142 0.00038033284841174444 0.0039432006982391956 0.001973742002750373 0.0012232955514046378 -0.0025018078393267765 0.0010973653681963925 0.00059532431431809146 -0.0010458262472349588 -0.00031097597543819594 -0.0001864809884470776 -0.0023692310742009629 -0.00096626588848568856 -0.0031686084136723601
leaf_weight=19 24 107 21 23 18 68 20 162 86 17 21 190 18 21 18
leaf_count=19 24 107 21 23 18 68 20 162 86 17 21 190 18 21 18
internal_value=0.00014745 0.00070707 0.00253755 0.000501059 0.00197956 -0.000601422 -0.000391506 0.000206036 -0.000311974 0.000752517 0.000945183 -0.000160678 -0.00045939 0.000501157 -0.00229087
internal_weight=833 479 45 434 62 354 317 372 193 179 39 297 208 89 37
internal_count=833 479 45 434 62 354 317 372 193 179 39 297 208 89 37
cat_boundaries=0 1
cat_threshold=3777105587
is_linear=0
shrinkage=0.0680866


Tree=184
num_leaves=16
num_cat=0
split_feature=253 23 171 241 81 65 65 259 116 23 80 153 194 84 167
split_gain=0.0211004 0.127372 0.104891 0.104525 0.0575785 0.0556442 0.0475728 0.0362241 0.0264975 0.0378247 0.0250175 0.0485812 0.0306389 0.024278 0.0101113
threshold=60742410.978686832 631332.03333333344 1.0000000180025095e-35 1.0000000180025095e-35 1.3847958442872808 43.956967812993646 20.008318179985178 1.0000000180025095e-35 8.5000000000000018 864024.84722222236 0.92057730719990605 0.0146084006645019 44.500000000000007 -45412.965674603176 1.0000000180025095e-35
decision_type=2 10 2 2 2 2 2 2 2 10 2 2 2 2 2
left_child=3 2 -2 -1 5 6 -3 10 13 -10 12 -12 -5 -9 -4
right_child=1 4 14 7 -6 -7 -8 8 9 -11 11 -13 -14 -15 -16
leaf_value=-0.0034772073114691573 0.0044709967180361953 -0.00022465137023686122 -1.3545448517196211e-05 -0.00016168986424735309 -0.0033683642182345342 0.0015291461818571286 -0.0030379869462442742 0.00082534746234794024 0.0019589820964225168 -0.00010845836783358139 -0.00038902560899532187 -0.0027359165709307711 0.0016541391822828379 -0.0011030245793025716 0.0011868206704865678
leaf_weight=17 36 36 17 166 17 26 26 33 103 35 134 32 31 41 83
leaf_count=17 36 36 17 166 17 26 26 33 103 35 134 32 31 41 83
internal_value=0.000132609 0.000645757 0.00194367 -7.94841e-05 -0.00093044 -0.000396536 -0.00132016 8.02432e-05 0.000756075 0.00130942 -0.000313839 -0.000903339 0.000157871 -9.74935e-05 0.000985171
internal_weight=833 241 136 592 105 88 62 575 212 138 363 166 197 74 100
internal_count=833 241 136 592 105 88 62 575 212 138 363 166 197 74 100
is_linear=0
shrinkage=0.0680866


Tree=185
num_leaves=13
num_cat=0
split_feature=27 47 53 17 55 36 97 225 62 136 221 175
split_gain=0.0230062 0.114884 0.0650998 0.0365359 0.0870927 0.0671812 0.0397364 0.0384107 0.0367365 0.0294029 0.0969287 0.0165748
threshold=372178.17886904773 491367.1124480096 1.9912400271291739 239271.56785714289 14.500000000000002 3.1750000000000003 365329.2504029079 1.0000000180025095e-35 2.1857366771159881 8.6805555555555571 21.500000000000004 0.036379292616446006
decision_type=8 2 2 10 10 2 2 2 2 2 2 2
left_child=1 9 3 5 8 -2 -6 -7 -5 -1 -11 -3
right_child=2 11 -4 4 6 7 -8 -9 -10 10 -12 -13
leaf_value=-0.00066426954313192517 -0.0032061392858115543 -0.0023419532639919441 0.002632429532333105 0.00176015849833977 0.00044273890176049215 0.0016304270873679209 -0.00072812116374856351 -0.0010687878673428894 0.0045745791670417412 7.692987339677997e-05 0.0043072541134547429 -0.0043673523580289404
leaf_weight=20 27 19 28 25 394 22 174 28 19 36 18 23
leaf_count=20 27 19 28 25 394 22 174 28 19 36 18 23
internal_value=0.000119508 -0.000687506 0.000263321 0.000128777 0.000302578 -0.00109111 7.66988e-05 -2.31471e-05 0.00265603 0.000645687 0.00154354 -0.00302159
internal_weight=833 116 717 689 612 77 568 50 44 74 54 42
internal_count=833 116 717 689 612 77 568 50 44 74 54 42
is_linear=0
shrinkage=0.0680866


Tree=186
num_leaves=16
num_cat=0
split_feature=53 54 34 59 260 64 211 82 29 93 37 63 163 11 18
split_gain=0.0621509 0.0550634 0.0437796 0.0507373 0.0495346 0.0615743 0.0492681 0.0413415 0.0379276 0.0721368 0.0269186 0.0209237 0.0170441 0.0136893 0.00506244
threshold=1.6830240748071434 108.50000000000001 1.0000000180025095e-35 25.500000000000004 0.022744212486812052 50.911764705882355 0.043311953540879508 57265602.19404763 442331.98457482998 0.94613132833699198 706622.64964681386 5.6306818181818192 1.0000000180025095e-35 0.68301270189221941 1.9100000000000004
decision_type=2 2 2 10 2 10 2 2 8 2 2 10 2 2 8
left_child=1 2 4 10 11 -6 -5 -2 -3 14 -4 -1 -9 -11 -10
right_child=7 8 3 6 5 -7 -8 12 9 13 -12 -13 -14 -15 -16
leaf_value=0.00026222374907756963 0.0034340733016808289 -0.0010138973466873253 0.0022543959562815051 8.2547491681922466e-05 -0.0023606941569299365 8.4176377925275278e-05 -0.0027877014237819671 0.001623573017248059 0.0038122934658016013 -0.00011234488736625655 0.00021840269883081198 -0.0010102467853033985 -0.00011727264149632805 0.0013122124133899779 0.0026352321195894069
leaf_weight=122 22 27 55 44 154 40 21 27 19 102 23 77 27 18 32
leaf_count=122 22 27 55 44 154 40 21 27 19 102 23 77 27 18 32
internal_value=-6.99019e-05 -0.000262287 -0.000618044 0.000311312 -0.000987958 -0.00173064 -0.000811658 0.00154507 0.000647805 0.00106853 0.00141253 -0.000275721 0.000839126 0.000239919 0.00285997
internal_weight=810 734 536 143 393 194 65 76 198 171 78 199 54 120 51
internal_count=810 734 536 143 393 194 65 76 198 171 78 199 54 120 51
is_linear=0
shrinkage=0.0680866


Tree=187
num_leaves=16
num_cat=1
split_feature=46 1 92 17 129 72 189 26 65 85 59 67 38 163 74
split_gain=0.116746 0.07539 0.050928 0.0536428 0.05577 0.0531067 0.085542 0.0480269 0.0670397 0.0528294 0.0414421 0.026394 0.0257513 0.0256246 0.0219684
threshold=368732.26274122664 0 0.95763510444970612 673583.42023809534 1.0000000180025095e-35 374323.82142857154 23.000000000000004 2.0350000000000006 2.6570106095277723 0.99999999996864697 53.500000000000007 2.9364919354838714 57861.221051853667 1.0000000180025095e-35 0.068217054263565863
decision_type=10 9 10 10 2 8 2 10 2 2 10 10 8 2 2
left_child=1 7 5 13 -5 11 -7 8 -1 10 -9 -3 -10 -4 -11
right_child=-2 2 3 4 -6 6 -8 9 12 14 -12 -13 -14 -15 -16
leaf_value=0.0009336118910976503 -0.0034948671756763984 0.0043499934462051621 -0.0017469342426233588 0.0021852265767240112 -0.00062570919443997075 1.0530614368499514e-05 0.0027471783923186215 -0.0021082922329729442 -0.0030444892637401097 0.0020306588151769176 0.00045559687002485815 0.0018969691309397351 -0.0014125385631956664 -0.00013470776192017498 0.0002829897907548187
leaf_weight=21 21 28 69 61 29 139 54 50 54 51 24 17 97 62 33
leaf_count=21 21 28 69 61 29 139 54 50 54 51 24 17 97 62 33
internal_value=-6.36727e-05 7.48426e-05 0.000622752 -5.13261e-05 0.00104674 0.00130903 0.000858817 -0.000668482 -0.00145214 7.7325e-05 -0.00101813 0.00304544 -0.00200006 -0.000901579 0.00116779
internal_weight=810 789 459 221 90 238 193 330 172 158 74 45 151 131 84
internal_count=810 789 459 221 90 238 193 330 172 158 74 45 151 131 84
cat_boundaries=0 1
cat_threshold=1661146325
is_linear=0
shrinkage=0.0680866


Tree=188
num_leaves=16
num_cat=0
split_feature=53 47 30 220 133 11 84 80 31 107 160 125 60 190 33
split_gain=0.0729424 0.0505672 0.234599 0.0472451 0.035043 0.0429935 0.0367369 0.0309881 0.0456181 0.0792843 0.0427204 0.0361173 0.03258 0.0202403 0.0194409
threshold=1.726085067806405 1354595.4166666667 1.0000000180025095e-35 44.500000000000007 0.11666666666666667 0.25000000000000011 104502.63409813568 0.86633449725205458 555194.86611111125 1.0000000180025095e-35 1.0000000180025095e-35 1.0000000180025095e-35 28.500000000000004 0.19050084755374944 2.2950000000000004
decision_type=2 2 10 2 2 2 2 2 2 2 2 2 8 2 2
left_child=1 7 -3 13 5 -4 -6 8 9 -1 14 -10 -12 -2 -9
right_child=3 2 4 -5 6 -7 -8 10 11 -11 12 -13 -14 -15 -16
leaf_value=0.0017445129775688598 0.0041859428553123901 -0.0058968385499312383 0.0002371317658201476 0.00018683798348433098 0.0025786121814783789 -0.0027923074924690559 -0.00016184206389616799 -0.00070096987187546643 0.00098090143247969675 -0.00154466307548258 -0.00051805718833691436 -0.001216355049432324 -0.0029220326141385427 0.0020588587439607075 0.00031945338365640355
leaf_weight=149 27 22 18 19 26 20 17 127 28 18 18 81 42 20 178
leaf_count=149 27 22 18 19 26 20 17 127 28 18 18 81 42 20 178
internal_value=-5.97506e-05 -0.000253185 -0.00151824 0.00179769 -0.000101997 -0.00110705 0.00114701 -3.16429e-05 0.000492026 0.00117879 -0.000429101 -0.000459441 -0.00184505 0.00304308 -0.000117703
internal_weight=810 744 103 66 81 38 43 641 276 167 365 109 60 47 305
internal_count=810 744 103 66 81 38 43 641 276 167 365 109 60 47 305
is_linear=0
shrinkage=0.0680866


Tree=189
num_leaves=11
num_cat=0
split_feature=64 43 2 42 109 21 28 39 27 13
split_gain=0.0538445 0.0773241 0.0582217 0.177371 0.052423 0.0422747 0.0489023 0.0355307 0.0232388 0.0216108
threshold=0.47727272727272729 1504192.5508578434 2025.5000000000002 204218.74705199609 1.0000000180025095e-35 1025933.3469658318 3.3950000000000005 620791.27719487052 488138.620962733 1236430.7045454548
decision_type=8 2 2 10 2 10 8 2 8 2
left_child=-1 2 5 7 -5 8 -7 -4 -2 -3
right_child=1 9 3 4 -6 6 -8 -9 -10 -11
leaf_value=-0.0021309360993670692 0.001186929876694004 0.0036087978501129917 -0.00056315347471695611 -0.006652413291481904 -0.0031532787758476919 -0.00018985319180107624 -0.0032676578845229004 0.0016422053917202132 0.00016363642148903049 0.0015485347288054002
leaf_weight=29 111 23 61 20 19 24 22 31 434 32
leaf_count=29 111 23 61 20 19 24 22 31 434 32
internal_value=2.21503e-06 0.000114698 -6.86043e-05 -0.00126758 -0.00437181 0.000209092 -0.00138941 9.93616e-05 0.000383947 0.00217272
internal_weight=806 777 722 131 39 591 46 92 545 55
internal_count=806 777 722 131 39 591 46 92 545 55
is_linear=0
shrinkage=0.0680866


Tree=190
num_leaves=14
num_cat=0
split_feature=51 89 60 201 41 53 55 12 60 44 27 269 87
split_gain=0.0797835 0.0644958 0.0595431 0.123233 0.083369 0.066265 0.0587117 0.0451331 0.031565 0.0235975 0.0238495 0.0232753 0.0154251
threshold=0.35021384782898529 857249.19811320759 27.500000000000004 0.08599312583400881 713316.07142857148 1.8565777540393349 20.500000000000004 0.25000000000000017 60.500000000000007 472606.03685897443 473012.93750000006 0.053233296743299151 1.0000000180025095e-35
decision_type=10 2 10 2 2 2 10 2 8 2 10 2 2
left_child=1 2 5 4 -4 11 -3 -5 -2 10 -8 -1 -11
right_child=8 6 3 7 -6 -7 9 -9 -10 12 -12 -13 -14
leaf_value=-0.0002093819324509253 -0.0011711234462778539 0.0033352019131698994 -0.0015206702669637979 0.0012633805878140109 -0.0049828455694468686 0.0028677970898687536 0.00060246038601119705 -0.0013055136155924226 -0.0035805430007619888 0.00028302189661035963 -0.0014434013133687324 0.001066367533397295 0.0016431514272739281
leaf_weight=266 32 27 50 69 36 20 30 25 27 38 27 62 97
leaf_count=266 32 27 50 69 36 20 30 25 27 38 27 62 97
internal_value=4.6841e-07 0.000192378 -0.000200966 -0.00115578 -0.00286202 0.000290492 0.00112935 0.000299111 -0.00203244 0.000755409 -0.000218976 6.13839e-05 0.00119337
internal_weight=806 747 528 180 86 348 219 94 59 192 57 328 135
internal_count=806 747 528 180 86 348 219 94 59 192 57 328 135
is_linear=0
shrinkage=0.0680866


Tree=191
num_leaves=14
num_cat=0
split_feature=60 201 36 71 74 11 59 191 55 90 73 81 99
split_gain=0.0513045 0.0624471 0.0451335 0.0521721 0.0352333 0.0364722 0.0312531 0.0245305 0.0321891 0.112805 0.0365208 0.0248244 0.016075
threshold=56.500000000000007 0.05889429318890816 2.5650000000000004 359389.50000000006 0.043167701863354009 -1.0000000180025095e-35 99.500000000000014 0.054461247686476609 30.500000000000004 377894.53525641031 508837.18549836607 1.2608635467583662 4.5000000000000009
decision_type=10 2 2 10 2 2 10 2 10 2 2 2 2
left_child=6 4 -3 -4 5 -2 7 8 9 -1 -10 12 -9
right_child=1 2 3 -5 -6 -7 -8 11 10 -11 -12 -13 -14
leaf_value=0.0001257333875032162 -0.0056256978349949671 -0.001461211842339641 0.0029720250769599997 -0.00028433424705314912 -0.0012530240652241665 -0.0026780901738635496 -0.0013079151172976208 0.00052790461429926103 -0.00075033094557370517 0.0036196559567724914 0.00065602597538505102 -0.00028578562391712574 0.0020197767472546948
leaf_weight=161 17 29 24 19 21 20 33 20 218 32 108 18 86
leaf_count=161 17 29 24 19 21 20 33 20 218 32 108 18 86
internal_value=2.83058e-06 -0.00113411 -7.67234e-05 0.00121244 -0.00261979 -0.003864 0.000239668 0.000352398 0.000149239 0.000804358 -0.000250127 0.00114396 0.00159929
internal_weight=806 130 72 43 58 37 676 643 519 193 326 124 106
internal_count=806 130 72 43 58 37 676 643 519 193 326 124 106
is_linear=0
shrinkage=0.0680866


Tree=192
num_leaves=13
num_cat=0
split_feature=202 23 67 220 144 241 46 81 122 127 30 3
split_gain=0.0326875 0.0363006 0.0349828 0.0344273 0.0336786 0.0779363 0.0309017 0.0306245 0.0445411 0.040983 0.0130573 0.0112034
threshold=1.0000000180025095e-35 789092.85714285728 2.7559523809523814 45.500000000000007 1.5000000000000002 1.0000000180025095e-35 270778.50770797482 -0.16184213573477954 1.0000000180025095e-35 1.0000000180025095e-35 3.1750000000000003 6.5000000000000009
decision_type=2 10 10 2 2 2 10 2 2 2 8 2
left_child=1 4 10 11 -1 -6 -7 8 -4 -9 -3 -2
right_child=3 2 7 -5 5 6 -8 9 -10 -11 -12 -13
leaf_value=-0.0014111434893356147 -0.0010437969025246547 -0.001390503233593475 0.0024108844965171805 -0.0028725347194174869 0.0030429822854549557 3.3744554471649869e-05 0.0017235095796092391 -0.00018520011837284419 -0.00048307340357906376 -0.0028396289316916898 -0.0030199158072586898 0.00044922144794130029
leaf_weight=31 26 27 26 28 24 499 32 39 24 21 29 18
leaf_count=31 26 27 26 28 24 499 32 39 24 21 29 18
internal_value=-0.000160667 -2.66062e-05 -0.000857714 -0.00136251 0.000220461 0.000351792 0.000174021 -0.000251343 0.000810247 -0.00108855 -0.00206716 -0.000509904
internal_weight=824 752 166 72 586 555 531 110 50 60 56 44
internal_count=824 752 166 72 586 555 531 110 50 60 56 44
is_linear=0
shrinkage=0.0680866


Tree=193
num_leaves=15
num_cat=0
split_feature=253 53 79 38 171 89 202 81 54 29 26 28 56 30
split_gain=0.0439672 0.0395564 0.0448215 0.0455182 0.0653137 0.040677 0.0385485 0.0471024 0.0268926 0.0660931 0.0292002 0.0268969 0.0124389 0.00890007
threshold=65377102.667050697 0.91616304632548162 0.95947904065711265 89984.249209146816 1.0000000180025095e-35 433739.86904761911 1.0000000180025095e-35 -0.74090576934522456 116.50000000000001 727838.37200276589 3.1750000000000003 1.6550000000000002 154.50000000000003 2.5350000000000006
decision_type=2 2 2 10 2 2 2 2 2 10 10 8 8 10
left_child=1 8 3 5 -5 -3 7 -4 9 11 -10 -1 -8 -11
right_child=-2 2 6 4 -6 -7 12 -9 10 13 -12 -13 -14 -15
leaf_value=-0.0038778684550143335 0.001738926848109374 0.0011754009639480219 0.0018045577261073897 -0.0018730908092407575 0.0013047725909582626 0.0038142348435575915 -0.00099449000822560856 -0.00029701736787328761 -0.0007857757201753465 0.0010698065254278997 0.0017259779361969338 -0.0018404948562159252 -0.0026861925488273221 -0.00017103895435341065
leaf_weight=17 31 38 33 29 45 28 17 350 18 30 20 110 31 27
leaf_count=17 31 38 33 29 45 28 17 350 18 30 20 110 31 27
internal_value=-0.000149173 -0.000251685 3.81335e-05 0.00102442 0.000104616 0.00220993 -0.000288509 -6.77231e-05 -0.000986404 -0.00135309 0.000247323 -0.00217669 -0.00178251 0.000221143
internal_weight=824 793 571 140 74 66 431 383 222 184 38 127 48 57
internal_count=824 793 571 140 74 66 431 383 222 184 38 127 48 57
is_linear=0
shrinkage=0.0680866


Tree=194
num_leaves=16
num_cat=0
split_feature=31 94 18 167 94 24 18 21 21 28 66 295 75 115 24
split_gain=0.0294821 0.092633 0.0643577 0.0376649 0.0574811 0.0301194 0.0281658 0.0562913 0.0476324 0.0416976 0.031107 0.0269206 0.0265038 0.0233128 0.0203566
threshold=683013.22082214477 -132312.05496878547 2.7950000000000004 1.0000000180025095e-35 -7237.1944845413955 2.0350000000000006 5.3750000000000009 493690.30833333341 378023.86363636371 2.8500000000000001 2.5420197740112997 11.513705340700703 0.038711288711288656 1.0000000180025095e-35 1.9100000000000004
decision_type=2 2 10 2 2 10 8 8 10 8 2 10 10 2 10
left_child=1 -1 3 -2 11 -6 7 9 -9 -3 -8 -5 13 14 -4
right_child=2 6 12 4 5 -7 10 8 -10 -11 -12 -13 -14 -15 -16
leaf_value=0.0031153599153346976 -0.00012655316929817108 0.00032133115562631251 0.0014869419488966655 0.00016193426520728503 -0.0046680361975281392 -0.0021649082109100846 -0.0027828571017113621 0.0026700233035511331 0.00046893904512519235 -0.001266584884139845 -0.00025045194844573596 -0.001736068153502251 -0.00060237703533724363 0.0024151786547373863 -0.00030054347746819569
leaf_weight=24 49 125 30 35 35 19 24 43 125 132 17 55 47 24 40
leaf_count=24 49 125 30 35 35 19 24 43 125 132 17 55 47 24 40
internal_value=-0.000136337 0.000189616 -0.000614149 -0.00139514 -0.00196017 -0.00346663 -1.81337e-05 0.000136999 0.0010509 -0.000461307 -0.00137922 -0.00103557 0.000384755 0.0010607 0.000545017
internal_weight=824 490 334 193 144 54 466 425 168 257 41 90 141 94 70
internal_count=824 490 334 193 144 54 466 425 168 257 41 90 141 94 70
is_linear=0
shrinkage=0.0680866


Tree=195
num_leaves=13
num_cat=0
split_feature=63 257 78 65 244 18 269 238 33 238 67 249
split_gain=0.070001 0.0500382 0.0667208 0.0475462 0.0438424 0.0349264 0.118288 0.0569117 0.0455417 0.0900483 0.023444 0.00949324
threshold=0.52586206896551735 1.0000000180025095e-35 -2.4999999999999996 0.77341269841269844 0.057721546364850503 1.5600000000000003 0.012236812646423951 1.0000000180025095e-35 2.4400000000000004 1.0000000180025095e-35 3.3829690346083794 4.5000000000000009
decision_type=8 2 10 2 2 8 2 2 2 2 8 2
left_child=3 5 -3 11 -4 6 -2 -8 9 -7 -10 -1
right_child=1 2 4 -5 -6 8 7 -9 10 -11 -12 -13
leaf_value=0.00012395993134268267 -0.00066926300973477941 0.00028380676070312251 -0.0016403579921711027 0.0039196186728793388 -0.0046526029453458273 0.00070493216895679909 0.0022128728522582777 0.0057893318643252581 0.00088397522221790245 -0.0016786382682747801 -0.00022759191508602532 0.0015507579652665464
leaf_weight=17 31 32 25 28 22 110 20 20 282 138 97 18
leaf_count=17 31 32 25 28 22 110 20 20 282 138 97 18
internal_value=0.000268684 9.0111e-05 -0.00133321 0.00212923 -0.00285204 0.000271586 0.00151413 0.00363373 0.000111254 -0.000573778 0.000566081 0.0010405
internal_weight=840 777 79 63 47 698 71 40 627 248 379 35
internal_count=840 777 79 63 47 698 71 40 627 248 379 35
is_linear=0
shrinkage=0.0680866


Tree=196
num_leaves=14
num_cat=1
split_feature=1 186 54 126 17 24 17 156 68 34 28 166 36
split_gain=0.0479031 0.0357701 0.0480111 0.0632402 0.0746269 0.0493726 0.04338 0.0428019 0.0376774 0.0249907 0.012615 0.00460636 0.00398091
threshold=0 1.0000000180025095e-35 25.500000000000004 0.029068829553547056 469537.20098039223 2.5900000000000003 377957.68181818194 1.0000000180025095e-35 2.3260560037968681 1.0000000180025095e-35 4.1650000000000009 9.2116477272727302 1.9100000000000004
decision_type=9 2 2 2 8 10 10 2 8 2 8 2 2
left_child=9 2 3 6 -5 8 -2 -7 -4 10 11 12 -1
right_child=1 -3 5 4 -6 7 -8 -9 -10 -11 -12 -13 -14
leaf_value=0.0023220833868476498 -0.00064686304984740617 -0.0018931035222891131 -0.0021750909197967559 0.0042392334572476679 0.00062509082629165708 -0.00010852870870586785 0.0015411468381863118 0.0018526347072434337 -0.00041276459732266814 0.0027938752867437099 3.4816987767984282e-05 0.00070385689078923609 0.0013429324929826645
leaf_weight=18 82 20 45 39 21 89 46 69 303 29 22 18 39
leaf_count=18 82 20 45 39 21 89 46 69 303 29 22 18 39
internal_value=0.000251024 2.50535e-05 0.000110393 0.000988603 0.00257683 -0.000223327 0.000235119 0.000695161 -0.000672394 0.00132411 0.00100496 0.00135858 0.00167875
internal_weight=840 714 694 188 60 506 128 158 348 126 97 75 57
internal_count=840 714 694 188 60 506 128 158 348 126 97 75 57
cat_boundaries=0 1
cat_threshold=67149952
is_linear=0
shrinkage=0.0680866


Tree=197
num_leaves=14
num_cat=1
split_feature=1 50 93 80 138 63 231 91 73 22 87 175 73
split_gain=0.0652873 0.0551306 0.0931154 0.0334894 0.0301659 0.02714 0.0605069 0.0312136 0.0343457 0.023528 0.0358368 0.0082288 0.00358147
threshold=0 253100.89053315119 1.0792898758734066 0.66820813461115147 1.0000000180025095e-35 0.52586206896551735 0.050326636972304904 -1.4999999999999998 306687.7926559755 2.2050000000000005 1.0000000180025095e-35 0.077274291772049461 293773.85000000003
decision_type=9 8 2 2 2 8 2 8 2 10 2 2 2
left_child=1 9 -3 4 -2 6 -5 12 -9 -1 -11 -6 -7
right_child=3 2 -4 5 11 7 -8 8 -10 10 -12 -13 -14
leaf_value=-0.0010232103756339865 0.00057868368014073765 -0.00095603058924942971 -0.0051572084389857314 0.0036850399854317251 0.0023545324667198588 0.0025490166343731034 0.00031046407894376113 -0.00056529604765067287 0.00047996232324710428 -0.00028090978903727592 0.0024990039646255332 0.0038357208831982267 0.001451382551970537
leaf_weight=34 24 31 22 21 24 18 28 213 354 18 19 17 17
leaf_count=34 24 31 22 21 24 18 28 213 354 18 19 17 17
internal_value=0.000231384 -0.00103718 -0.00259194 0.000479659 0.00175428 0.000341152 0.00160638 0.000210419 8.18509e-05 -0.00014796 0.000900243 0.00284188 0.00173147
internal_weight=840 124 53 716 65 651 49 602 567 71 37 41 35
internal_count=840 124 53 716 65 651 49 602 567 71 37 41 35
cat_boundaries=0 1
cat_threshold=2164654112
is_linear=0
shrinkage=0.0680866


Tree=198
num_leaves=16
num_cat=1
split_feature=1 157 260 81 63 64 196 50 171 259 64 24 3 16 7
split_gain=0.0993921 0.1203 0.0903343 0.039856 0.0627162 0.0380663 0.0676595 0.0270953 0.0337763 0.0258035 0.0277114 0.0249164 0.0425587 0.0409752 0.0217402
threshold=0 3.5000000000000004 0.022744212486812052 -0.65751652930269866 10.055555555555557 2.5441176470588238 0.14731182795698924 380917.0021446296 1.0000000180025095e-35 1.0000000180025095e-35 0.23636363636363639 5.1250000000000009 4.5000000000000009 1.6550000000000002 1.0000000180025095e-35
decision_type=9 2 2 2 8 8 2 8 2 2 10 8 2 10 2
left_child=1 2 -1 4 -3 6 -2 14 -9 11 -11 13 -13 -7 -5
right_child=5 3 -4 7 -6 9 -8 8 -10 10 -12 12 -14 -15 -16
leaf_value=-0.0024060124358517196 0.00034351972583133268 0.0022041695648777173 -0.0069517751699457531 0.0006010244594772976 -0.0010542874651536438 0.0017941991520060473 0.0036505245992886821 -0.0040545758544315389 -0.0013616202416535952 0.0020324020284366731 0.00038958505249206339 0.0006904834963564299 -0.0015556444475099465 -0.00010812675327522762 -0.0011859644484260685
leaf_weight=20 34 37 17 26 26 45 31 18 26 48 126 34 94 189 57
leaf_count=20 34 37 17 26 26 45 31 18 26 48 126 34 94 189 57
internal_value=-5.4302e-05 -0.00118086 -0.0040373 -0.000609059 0.000597979 0.000395624 0.00174269 -0.00122293 -0.00237261 0.000220784 0.000857186 -9.66248e-05 -0.000810384 0.000287315 -0.000605069
internal_weight=828 227 37 190 63 601 65 127 44 536 174 362 128 234 83
internal_count=828 227 37 190 63 601 65 127 44 536 174 362 128 234 83
cat_boundaries=0 2
cat_threshold=2433092132 1
is_linear=0
shrinkage=0.0680866


Tree=199
num_leaves=16
num_cat=0
split_feature=276 85 72 80 6 235 86 80 29 177 31 28 93 18 256
split_gain=0.0366517 0.113573 0.0421156 0.0480769 0.0471226 0.0354198 0.0369542 0.0325201 0.0262541 0.0324915 0.0256974 0.10333 0.0239867 0.0206608 0.0156552
threshold=0.9833333333333335 0.628162903839805 223210.82068452385 1.0258350282798936 2.5000000000000004 0.10525441754173837 0.34096108247016926 1.0443384017320361 983819.77360449755 1.0000000180025095e-35 314574.44362745102 1.5600000000000003 1.1550782601213887 2.5350000000000006 1.0000000180025095e-35
decision_type=2 2 10 2 2 2 8 2 8 2 2 10 2 10 2
left_child=1 -1 3 4 -3 6 10 -8 9 -4 11 -2 -5 -10 -12
right_child=5 2 8 12 -6 -7 7 -9 13 -11 14 -13 -14 -15 -16
leaf_value=-0.0039691364468798793 -0.0012270638757083568 -0.0012397874355297889 0.0010422376603670461 -0.0036947868915639085 0.00099807512355095935 0.0022027281291317567 0.002870326406545015 0.00043724089676350501 0.0028306879787554258 -0.0013034305916170632 1.4318233863542443e-05 0.0032870491350508982 -0.0015404957972908963 0.00080128772867908607 -0.00089875892710683666
leaf_weight=20 18 67 30 23 60 20 32 21 26 32 296 30 33 26 94
leaf_count=20 18 67 30 23 60 20 32 21 26 32 296 30 33 26 94
internal_value=-4.90822e-05 -0.000605503 -0.000274874 -0.000869631 -0.000213274 0.000297682 0.00018198 0.00158965 0.000663869 -4.12505e-05 -2.01875e-05 0.00118593 -0.00229223 0.00167938 -0.000209821
internal_weight=828 317 297 183 127 511 491 53 114 62 438 48 56 52 390
internal_count=828 317 297 183 127 511 491 53 114 62 438 48 56 52 390
is_linear=0
shrinkage=0.0680866


Tree=200
num_leaves=13
num_cat=0
split_feature=68 42 25 53 217 23 51 140 169 80 156 253
split_gain=0.0321032 0.0330243 0.118599 0.0281864 0.0450647 0.0212626 0.0209845 0.0206584 0.0470015 0.0197586 0.0139182 0.00815616
threshold=3.5375000000000001 265690.00697514252 555423.32435897447 0.99999999999523526 1.0000000180025095e-35 1137001.9580066784 -0.28408633284835233 1.0000000180025095e-35 21.500000000000004 0.99214081774550389 1.0000000180025095e-35 61635541.693596177
decision_type=10 10 10 2 2 8 10 2 2 2 2 2
left_child=1 3 -3 4 5 -1 -6 8 -5 11 -4 -2
right_child=9 2 10 7 6 -7 -8 -9 -10 -11 -12 -13
leaf_value=-0.00038760799254874002 0.0010000925191185207 -0.0045039280108523901 0.001064383335745182 0.0012101832137974399 0.0012952533105371649 -0.0020270696903100169 -0.00013621747184848081 -0.00094863464388334048 -0.00070054661914225062 0.0023898110082758292 -0.00061858159363054261 -0.00022391362915160514
leaf_weight=37 34 20 24 183 32 84 277 17 59 24 20 17
leaf_count=37 34 20 24 183 32 84 277 17 59 24 20 17
internal_value=-4.80112e-05 -0.000182773 -0.00144825 -4.57689e-05 -0.000374829 -0.00140139 3.28488e-05 0.000490894 0.000685858 0.00112003 -4.2195e-06 0.000589209
internal_weight=828 753 64 689 430 121 309 259 242 75 44 51
internal_count=828 753 64 689 430 121 309 259 242 75 44 51
is_linear=0
shrinkage=0.0680866


Tree=201
num_leaves=16
num_cat=1
split_feature=1 16 82 51 35 163 64 81 76 17 217 40 93 253 113
split_gain=0.0403687 0.0756249 0.0706038 0.0876968 0.0646002 0.0631162 0.0498938 0.0475582 0.0417957 0.0397368 0.0380927 0.0302832 0.0362442 0.0285689 0.0234178
threshold=0 2.1250000000000004 38539804.805952393 -0.1654004011439959 1.5650000000000002 1.0000000180025095e-35 8.017241379310347 -0.5112597961735299 0.27738927738927738 727561.78125000012 1.0000000180025095e-35 385961.79031385289 1.0209038403722028 58222620.279283486 8.0381944444444464
decision_type=9 8 2 10 2 2 8 2 8 10 2 2 2 2 2
left_child=1 5 3 -3 6 -1 14 -6 -5 -7 -4 12 -8 -13 -2
right_child=4 2 10 8 7 9 11 -9 -10 -11 -12 13 -14 -15 -16
leaf_value=0.0029578609298940195 -0.00015864427564548264 -0.0050283658383280909 -0.0010497225070312003 -0.0002757355881318499 0.0042746320972897591 -0.0010881732077010966 0.0031224561799814447 0.0012486015552627021 -0.0027832503438133776 0.0012474861210092383 0.00094766304223184168 -0.00085418327288164133 0.00057356387490456798 0.00068147462386715298 -0.0018600127528607881
leaf_weight=29 55 24 71 44 24 46 35 29 31 42 59 49 26 211 52
leaf_count=29 55 24 71 44 24 46 35 29 31 42 59 49 26 211 52
internal_value=0.000123656 -0.000411144 -0.00112977 -0.00239346 0.000513436 0.000836987 0.000254788 0.00239461 -0.00145925 0.000100798 -0.000190429 0.000661876 0.00183586 0.000358951 -0.000897217
internal_weight=827 346 229 99 481 117 428 53 75 88 130 321 61 260 107
internal_count=827 346 229 99 481 117 428 53 75 88 130 321 61 260 107
cat_boundaries=0 2
cat_threshold=3495959258 1
is_linear=0
shrinkage=0.0680866


Tree=202
num_leaves=13
num_cat=0
split_feature=53 43 72 198 94 23 141 28 235 214 33 127
split_gain=0.0526239 0.0798174 0.0249694 0.0491055 0.0301176 0.0921745 0.0645702 0.0436705 0.0352583 0.020855 0.0317799 0.00767041
threshold=1.833321145999254 1100697.4801587304 127148.00000000001 9.1145833333333339 -9018.9910932119947 583467.13703703717 825.00000000000011 1.5600000000000003 0.052723446899577954 0.041869325276796959 2.6300000000000003 1.0000000180025095e-35
decision_type=2 2 8 2 2 10 2 10 2 2 2 2
left_child=2 -2 3 -1 5 7 -6 -4 -8 -5 -11 -7
right_child=1 -3 4 9 6 11 8 -9 -10 10 -12 -13
leaf_value=-0.0030818181877142817 0.00050260772195168276 0.0043827435926679066 0.0012434687022597642 0.00075399538068568711 -0.0028011280066015882 6.0475509928482299e-05 -0.00024623314089806811 0.0036415068090607885 0.0016054348700216036 -0.00013512736090775317 -0.0025335537759004724 -0.00072716566385816971
leaf_weight=18 29 20 58 31 20 123 335 42 31 35 19 66
leaf_count=18 29 20 58 31 20 123 335 42 31 35 19 66
internal_value=0.000114609 0.00189046 -2.00185e-05 -0.00091346 0.000124596 0.000633913 -0.000252051 0.00215539 -4.47733e-05 -0.000337528 -0.000969527 -0.000174993
internal_weight=827 49 778 103 675 289 386 100 366 85 54 189
internal_count=827 49 778 103 675 289 386 100 366 85 54 189
is_linear=0
shrinkage=0.0680866


Tree=203
num_leaves=12
num_cat=0
split_feature=53 69 68 2 256 108 64 59 72 108 171
split_gain=0.0460202 0.0794042 0.0347832 0.0375826 0.0314617 0.0394769 0.0222949 0.0174863 0.0205225 0.0159049 0.0132651
threshold=1.6276221540121336 2.7237225006961858 4.3607142857142867 2025.5000000000002 1.0000000180025095e-35 1.0000000180025095e-35 57.808510638297882 101.50000000000001 474648.10958904115 1.0000000180025095e-35 1.0000000180025095e-35
decision_type=2 2 10 2 2 2 8 10 10 2 2
left_child=2 10 3 7 5 -5 -3 8 -1 -9 -2
right_child=1 6 -4 4 -6 -7 -8 9 -10 -11 -12
leaf_value=0.00031697353727673012 0.0046216680223348135 -0.0013372068257966171 0.0017198903972862006 -0.0028232952157009107 0.00019604310970152512 -0.00051929173143368311 0.0008027357243285526 -0.00033202849837073997 -0.0008174561417114652 -0.0021577284842538543 0.0027919138229740774
leaf_weight=492 17 23 25 56 30 41 20 17 62 20 24
leaf_count=492 17 23 25 56 30 41 20 17 62 20 24
internal_value=0.000105303 0.00143945 -6.18426e-05 -0.000156707 -0.00113393 -0.00176641 -2.98793e-05 6.37032e-05 0.00016701 -0.00104628 0.00329439
internal_weight=827 84 743 718 127 97 43 591 554 37 41
internal_count=827 84 743 718 127 97 43 591 554 37 41
is_linear=0
shrinkage=0.0680866


Tree=204
num_leaves=11
num_cat=0
split_feature=26 53 95 249 26 22 194 29 183 175
split_gain=0.0295134 0.0295581 0.0555376 0.088949 0.0697942 0.065815 0.0379968 0.0423138 0.0237595 0.0152359
threshold=0.89500000000000013 1.9912400271291739 2968335.3598484853 18.500000000000004 2.0350000000000006 2.6850000000000005 21.500000000000004 658056.97130310477 1.0000000180025095e-35 0.058162260812490811
decision_type=8 2 2 2 8 10 2 8 2 2
left_child=9 2 3 4 -2 -5 7 -4 -8 -1
right_child=1 -3 6 5 -6 -7 8 -9 -10 -11
leaf_value=0.00085293390819863495 -0.0035096528009151088 0.0015877556053276618 0.0029942511197330671 0.0019860442964915511 -0.00095826831204983787 -0.0006703937789754174 0.00030234705519464335 0.00072733329146494358 -0.0011264806779294045 0.0028043933675473091
leaf_weight=17 42 28 23 67 189 58 102 195 69 18
leaf_count=17 42 28 23 67 189 58 102 195 69 18
internal_value=8.08996e-05 -5.98375e-06 -9.33836e-05 -0.000691574 -0.00146801 0.000622587 0.000448824 0.00103232 -0.000240531 0.00157304
internal_weight=808 773 745 356 231 125 389 218 171 35
internal_count=808 773 745 356 231 125 389 218 171 35
is_linear=0
shrinkage=0.0680866


Tree=205
num_leaves=16
num_cat=0
split_feature=11 214 25 63 267 163 203 60 55 5 296 18 38 46 21
split_gain=0.0253295 0.054396 0.0461896 0.0455694 0.0617823 0.0282793 0.0373626 0.0658393 0.035101 0.0304412 0.0314398 0.0303148 0.0409719 0.0300293 0.022566
threshold=-0.24999999999999994 0.14888789673396599 322424.60479797988 1.4073170731707318 1.0000000180025095e-35 1.0000000180025095e-35 3.5000000000000004 27.500000000000004 29.500000000000004 2.2950000000000004 11.813895260241503 2.4400000000000004 144566.94989116438 47999.514240503668 719361.39595543349
decision_type=2 2 8 10 2 2 2 10 10 2 8 10 8 10 8
left_child=1 2 -1 4 -4 6 7 -2 11 10 -8 12 -7 -11 -10
right_child=5 -3 3 -5 -6 8 9 -9 14 13 -12 -13 -14 -15 -16
leaf_value=0.0029712317576893071 -0.0030519319168948191 -0.0015957009309153687 0.00093130010024747377 0.00020971043983352526 0.0044949550738329867 -0.0042773534745392978 0.00082576577394555251 0.00064096471974422922 -0.0010181342719929702 0.00035006555278044885 -0.0015081466929481174 -0.00056204939605201509 -0.0014239890437048931 0.00232838324877108 0.00038580738281305361
leaf_weight=18 24 28 29 263 17 26 29 18 67 38 30 30 25 63 103
leaf_count=18 24 28 29 263 17 26 29 18 67 38 30 30 25 63 103
internal_value=7.76208e-05 0.000496093 0.000761407 0.000560621 0.0021588 -0.000249038 0.000304827 -0.00109663 -0.000720661 0.000791558 -0.000194209 -0.0017664 -0.00273826 0.00147607 -0.000208307
internal_weight=808 355 327 309 46 453 202 42 251 160 59 81 51 101 170
internal_count=808 355 327 309 46 453 202 42 251 160 59 81 51 101 170
is_linear=0
shrinkage=0.0680866


Tree=206
num_leaves=16
num_cat=0
split_feature=49 287 40 26 82 48 138 83 238 25 3 80 22 95 64
split_gain=0.0237882 0.0568686 0.050914 0.0393105 0.061005 0.0377008 0.0760253 0.0645916 0.0639523 0.0232998 0.0178607 0.0144984 0.0135424 0.00903336 0.00450855
threshold=-125751.56388888885 10.500000000000002 806328.23957823135 2.3400000000000003 9764325.0000000019 656898.54166666686 725000.00000000012 0.96449460091811601 1.0000000180025095e-35 754924.34210526326 2.5000000000000004 1.1978596660972383 1.6550000000000002 1274799.5928571431 27.55482456140351
decision_type=10 2 2 10 2 2 2 2 2 10 2 2 10 2 10
left_child=1 3 13 4 -1 6 9 -8 12 10 -2 -11 -7 -3 -14
right_child=5 2 -4 -5 -6 8 7 -9 -10 11 -12 -13 14 -15 -16
leaf_value=-0.00095222118825603235 0.0013778926122751274 -8.9862207373243754e-05 0.0020962556101959007 -0.00020464676738545233 -0.0043147172555811656 0.0010701025779669079 0.0044449621668901235 0.0010845747628987197 -0.0029069947388455125 -0.00025776580842830566 0.00020969002894969676 -0.0018486875050988485 -0.0008971967829125235 -0.0013793188595321124 -5.7533403724469186e-05
leaf_weight=23 49 21 33 17 35 21 28 34 28 25 374 29 27 28 36
leaf_count=23 49 21 33 17 35 21 28 34 28 25 374 29 27 28 36
internal_value=7.3221e-05 -0.000625105 0.000407742 -0.00185545 -0.00276884 0.000253593 0.000490729 0.0024027 -0.000770696 0.000204333 0.000368152 -0.00090407 -2.66745e-05 -0.000608489 -0.000367972
internal_weight=808 157 82 75 58 651 539 62 112 477 423 54 84 49 63
internal_count=808 157 82 75 58 651 539 62 112 477 423 54 84 49 63
is_linear=0
shrinkage=0.0680866


Tree=207
num_leaves=14
num_cat=0
split_feature=21 26 79 47 52 85 110 169 92 21 260 167 178
split_gain=0.0389255 0.0523866 0.0451725 0.0358016 0.0784127 0.0523986 0.048629 0.0376354 0.0376242 0.0329398 0.0297725 0.0251817 0.00970739
threshold=980807.30721966212 2.1250000000000004 0.88579662308649032 1263291.6666666667 870252.74895705772 1.1166837270279071 16.000000000000004 3.5000000000000004 1.2176029449342702 675600.00000000012 0.018289110187567802 1.0000000180025095e-35 1.0000000180025095e-35
decision_type=10 8 2 2 2 2 2 2 8 10 2 2 2
left_child=3 2 -2 6 -5 -6 7 8 -1 -9 -3 -12 -7
right_child=1 10 -4 4 5 12 -8 9 -10 -11 11 -13 -14
leaf_value=9.100958715571471e-05 0.0042855517718519741 0.0012746499231903259 0.0012503109185324737 -0.0038278798454867724 0.0015122180076892115 -0.0025455023023657967 0.0022448884650536011 -1.1039154647517467e-05 -0.0013523731546098532 0.0014045560278284472 -6.4436966307698034e-05 -0.0022867399906220031 -0.00094876050462608722
leaf_weight=128 24 28 24 23 24 17 19 233 158 83 24 20 17
leaf_count=128 24 28 24 23 24 17 19 233 158 83 24 20 17
internal_value=2.42975e-06 0.0010395 0.00254318 -0.000186744 -0.00137319 -0.000326021 -1.36286e-05 -0.00012639 -0.00067432 0.00036225 0.000132456 -0.000904149 -0.00152935
internal_weight=822 120 48 702 81 58 621 602 286 316 72 44 34
internal_count=822 120 48 702 81 58 621 602 286 316 72 44 34
is_linear=0
shrinkage=0.0680866


Tree=208
num_leaves=14
num_cat=0
split_feature=58 273 257 24 150 244 85 51 75 22 8 75 10
split_gain=0.0341759 0.0401832 0.0309584 0.0249583 0.0334644 0.0377503 0.0242342 0.0334094 0.0276705 0.0632363 0.0265164 0.0167991 0.0162664
threshold=3.5000000000000004 1.0000000180025095e-35 1.0000000180025095e-35 3.0250000000000004 1.0000000180025095e-35 0.10343316741158516 1.220959087272768 -0.17732236959584893 0.10620300751879695 0.89500000000000013 1.0000000180025095e-35 0.048003072196620554 1.0000000180025095e-35
decision_type=2 2 2 10 2 2 2 10 10 10 2 8 2
left_child=1 12 6 4 -4 -6 7 11 9 -8 -9 -2 -1
right_child=2 -3 3 -5 5 -7 8 10 -10 -11 -12 -13 -14
leaf_value=-0.0010137425547579284 -0.00084117085766524538 -0.0029510143235435982 -0.0020494549612575801 -0.0024814115006704415 0.0018640426644568684 -0.00076518424710228386 -0.0021011176435507331 0.0004493208979996201 -0.0022253149349202319 0.0010441228046427996 0.00157275874254855 0.00045276801521455351 0.00081900333920067482
leaf_weight=25 102 25 19 18 24 29 25 299 18 52 120 49 17
leaf_count=25 102 25 19 18 24 29 25 299 18 52 120 49 17
internal_value=5.34934e-06 -0.00125879 0.000137451 -0.00091091 -0.000480151 0.000318742 0.000299924 0.000469716 -0.000591363 -0.000142662 0.000779378 -0.000327111 -0.000347699
internal_weight=822 67 755 90 72 53 665 570 95 77 419 151 42
internal_count=822 67 755 90 72 53 665 570 95 77 419 151 42
is_linear=0
shrinkage=0.0680866


Tree=209
num_leaves=16
num_cat=1
split_feature=0 8 68 63 296 62 65 257 244 3 92 133 103 231 68
split_gain=0.0281009 0.0639979 0.0678496 0.0400291 0.0494205 0.0259697 0.0573894 0.0558225 0.0514686 0.0421387 0.0405622 0.0331251 0.0300694 0.0213697 0.0170183
threshold=0 1.0000000180025095e-35 1.8452380952380951 25.718750000000004 12.603349092182269 0.65476190476190488 58.205037957211879 1.0000000180025095e-35 0.13870556076340274 5.5000000000000009 1.2005315559178722 0.46666666666666673 1.0000000180025095e-35 0.036076984500682654 2.4791304347826091
decision_type=1 2 10 10 8 2 2 2 2 2 10 2 2 2 8
left_child=1 3 -3 4 14 8 7 10 11 -9 -7 -2 -8 -5 -1
right_child=5 2 -4 13 -6 6 12 9 -10 -11 -12 -13 -14 -15 -16
leaf_value=0.0010178051764530259 0.0037391148754823775 0.0044401806829620994 0.00094955373108226234 0.0023913403869651848 -0.0029366153417875267 -0.00010016267622447647 0.0024669391017762689 -0.0041125596598352845 -0.00077563815645852099 -0.0013975411286187491 -0.0017823934500944319 0.00099869181544099263 0.00035697049862278344 0.00045386285982469508 -0.00072081881883298625
leaf_weight=20 22 25 34 19 22 346 31 23 21 42 58 18 53 49 39
leaf_count=20 22 25 34 19 22 346 31 23 21 42 58 18 53 49 39
internal_value=0 0.000631491 0.00228807 2.69979e-07 -0.000953697 -0.000227234 -0.00038309 -0.000676767 0.000890177 -0.0022704 -0.00038671 0.00223207 0.00105404 0.000995313 -0.000159106
internal_weight=822 208 59 149 81 614 553 469 61 65 404 40 84 68 59
internal_count=822 208 59 149 81 614 553 469 61 65 404 40 84 68 59
cat_boundaries=0 1
cat_threshold=548
is_linear=0
shrinkage=0.0680866


Tree=210
num_leaves=13
num_cat=0
split_feature=53 97 72 295 141 290 107 55 23 238 59 69
split_gain=0.0637506 0.0677773 0.0678407 0.117801 0.0649053 0.0416164 0.0391896 0.025213 0.0226815 0.0201972 0.0142294 0.00324114
threshold=2.0621945682452183 470118.93211639085 188308.73529411768 11.752972786967947 825.00000000000011 1.0000000180025095e-35 1.0000000180025095e-35 82.500000000000014 583467.13703703717 1.0000000180025095e-35 21.500000000000004 2.9263076794935876
decision_type=2 2 8 10 2 2 2 10 10 2 10 2
left_child=1 2 3 6 -4 7 -1 -3 -7 -10 -6 -9
right_child=-2 5 4 -5 10 8 -8 11 9 -11 -12 -13
leaf_value=-0.00074659861106662244 0.0023728073784618181 -0.0042189244695347624 0.0028356417411623215 -0.0041042287957640039 0.00070493098911403687 0.00033728217507911343 0.0016563981200226085 -0.0013014580391549487 -0.0004581030463239892 -0.0023473250391595826 -2.2632879196378606e-05 -0.0023211063481461368
leaf_weight=102 22 22 26 28 176 37 17 17 24 32 297 17
leaf_count=102 22 22 26 28 176 37 17 17 24 32 297 17
internal_value=-0.000129669 -0.000236614 5.65568e-05 -0.00112819 0.000434941 -0.00145405 -0.000316679 -0.00276716 -0.000725807 -0.00138874 0.000253478 -0.00199789
internal_weight=817 795 646 147 499 149 119 56 93 56 473 34
internal_count=817 795 646 147 499 149 119 56 93 56 473 34
is_linear=0
shrinkage=0.0680866


Tree=211
num_leaves=13
num_cat=0
split_feature=97 79 241 16 295 30 3 78 259 194 75 118
split_gain=0.0299969 0.0577478 0.077134 0.0461081 0.0795939 0.0401357 0.0610159 0.0273094 0.0260366 0.0238722 0.0188897 0.0139867
threshold=454426.03054893127 0.62158446896791142 1.0000000180025095e-35 2.2050000000000005 12.07344585509129 2.395 5.5000000000000009 45.500000000000007 1.0000000180025095e-35 53.500000000000007 0.057189542483660101 0.035498342890963062
decision_type=2 2 2 10 10 10 2 8 2 2 8 2
left_child=1 -1 -3 4 -2 6 -5 9 -8 -4 -6 -9
right_child=3 2 7 5 10 -7 8 11 -10 -11 -12 -13
leaf_value=0.0024422109833925829 -0.0043292609803857081 -0.0029523213914195 8.7234387910465792e-05 0.0029743609234948835 -0.0014435089138484995 -0.0016469307025016495 -0.0013201800952593781 0.0025143618396273166 0.00080575991845189155 -0.0013655304639210877 0.00053934429654526868 0.0007379713803059106
leaf_weight=23 27 17 526 19 21 28 31 22 28 34 20 21
leaf_count=23 27 17 526 19 21 28 31 22 28 34 20 21
internal_value=-0.000117363 9.14224e-05 -3.15691e-05 -0.000862093 -0.00209496 -8.74176e-05 0.000687255 0.000100242 -0.000155191 -2.1487e-05 -0.000697161 0.00142891
internal_weight=817 643 620 174 68 106 78 603 59 560 41 43
internal_count=817 643 620 174 68 106 78 603 59 560 41 43
is_linear=0
shrinkage=0.0680866


Tree=212
num_leaves=16
num_cat=0
split_feature=72 45 270 21 31 133 206 19 267 81 132 250 214 108 198
split_gain=0.0425792 0.120011 0.107457 0.0469661 0.0395722 0.0329485 0.0490413 0.0292685 0.0160249 0.0148546 0.0124474 0.00966642 0.00767908 0.00932602 0.00332366
threshold=181557.27710843374 426509.78598639864 1.0000000180025095e-35 398504.79514411034 1042562.9918126256 0.51666666666666672 116.0766636 700518.4392857143 1.0000000180025095e-35 -0.28272962056946443 0.023558639562873056 3.5000000000000004 0.030534282280844507 1.0000000180025095e-35 9.5156250000000018
decision_type=8 2 2 8 2 2 2 8 2 2 2 2 2 2 2
left_child=1 12 -3 8 5 7 -7 -5 -2 -6 -11 -10 13 -1 -14
right_child=3 2 -4 4 9 6 -8 -9 11 10 -12 -13 14 -15 -16
leaf_value=0.0012551639571903887 -0.0022041945268942227 -0.0065066437472005318 -0.0015687506825692709 -0.001287868134622308 -0.0018406261932312818 0.00064436985454364222 0.0031282496689965704 0.00046037759531726894 -2.7075039339533297e-05 -0.0010280169067739047 0.00035547382247421512 -0.0013273126274030121 -0.00096033888408697543 -7.4250179933988759e-05 -0.00015340873849755408
leaf_weight=27 34 21 17 26 28 68 40 350 31 37 34 24 20 20 40
leaf_count=27 34 21 17 26 28 68 40 350 31 37 34 24 20 20 40
internal_value=-0.000111685 -0.0010934 -0.00372123 0.000111009 0.000336366 0.000591667 0.00154887 0.000299424 -0.001176 -0.000766867 -0.000387908 -0.000673613 -0.000103294 0.000527274 -0.000433637
internal_weight=817 145 38 672 583 484 108 376 89 99 71 55 107 47 60
internal_count=817 145 38 672 583 484 108 376 89 99 71 55 107 47 60
is_linear=0
shrinkage=0.0680866


Tree=213
num_leaves=13
num_cat=1
split_feature=1 5 68 22 69 53 63 21 64 144 50 296
split_gain=0.0550311 0.152245 0.0523378 0.0730205 0.0208521 0.054329 0.0318996 0.0293758 0.0294964 0.0279477 0.0255556 0.0160987
threshold=0 2.2050000000000005 3.6306818181818183 1.6550000000000002 4.4660331384015608 0.99999999998516842 0.87867647058823539 449932.22672413796 71.082871396895797 14.500000000000002 134067.34967560679 12.347747498958519
decision_type=9 2 8 10 2 2 8 8 8 2 10 8
left_child=1 11 -3 -4 5 7 -7 9 -9 -2 -8 -1
right_child=4 2 3 -5 -6 6 10 8 -10 -11 -12 -13
leaf_value=-0.00070899834898334501 -0.0026259786541179878 0.0018428434950504755 0.0031449672327941562 0.0072552117226737586 0.0012824894039753212 0.0020670736338668154 0.00057196182581414662 -0.00096379127423848465 0.00037959293749486445 -0.0007198053556674058 -0.00067349013478901849 -0.0027317829913681038
leaf_weight=17 57 32 20 17 21 25 218 158 104 46 87 18
leaf_count=17 57 32 20 17 21 25 218 158 104 46 87 18
internal_value=6.08082e-05 0.00131552 0.00318568 0.00480947 -0.000154422 -0.00022932 0.000377754 -0.000786776 -0.000428091 -0.00168504 0.000198834 -0.00124924
internal_weight=820 104 69 37 716 695 330 365 262 103 305 35
internal_count=820 104 69 37 716 695 330 365 262 103 305 35
cat_boundaries=0 2
cat_threshold=1073768448 1
is_linear=0
shrinkage=0.0680866


Tree=214
num_leaves=13
num_cat=1
split_feature=61 1 90 56 15 69 53 71 269 26 257 81
split_gain=0.0456045 0.0604198 0.0592999 0.0679165 0.0434186 0.0264818 0.0444688 0.0172892 0.0434784 0.0252775 0.0171474 0.016874
threshold=5.166666666666667 0 237693.48506944449 110.50000000000001 764204.86111111124 4.0962005483744628 0.91027213615011637 248970.33012820515 0.0086147870720112516 2.5650000000000004 1.0000000180025095e-35 0.47344527302318334
decision_type=2 9 2 8 10 2 2 10 2 8 2 2
left_child=4 2 7 -4 -1 6 10 8 -2 -9 -3 -8
right_child=1 5 3 -5 -6 -7 11 9 -10 -11 -12 -13
leaf_value=0.00038778185160786487 0.00081507523772637771 -0.0011395074154149851 0.0015233253924949958 0.0055472327705454851 0.0032626177708391761 0.0011212760140976966 0.00021186302571531588 0.0024903470320861891 -0.0022768194816043777 0.0002866103203940562 -0.0027172865917503689 -0.00060725492708434451
leaf_weight=20 19 152 17 17 29 30 284 18 17 37 17 163
leaf_count=20 19 152 17 17 29 30 284 18 17 37 17 163
internal_value=5.80604e-05 -6.82565e-05 0.00113159 0.00315034 0.00171144 -0.000336344 -0.000446559 0.000474796 -0.0004649 0.00105607 -0.00132998 -9.76165e-05
internal_weight=820 771 125 34 49 646 616 91 36 55 169 447
internal_count=820 771 125 34 49 646 616 91 36 55 169 447
cat_boundaries=0 2
cat_threshold=1107322880 1
is_linear=0
shrinkage=0.0680866


Tree=215
num_leaves=16
num_cat=0
split_feature=53 80 86 56 69 176 133 102 42 69 211 8 137 260 65
split_gain=0.0419357 0.04472 0.031812 0.0713021 0.0768424 0.0482633 0.0742256 0.0264881 0.0498659 0.053562 0.0451587 0.0278994 0.0250947 0.0413181 0.0297241
threshold=1.2709765291655386 0.70095456667952705 0.23068346212463411 63.500000000000007 2.7708091004763489 1.0000000180025095e-35 1.0000000180025095e-35 1.0000000180025095e-35 161538.26930391308 2.6132635615657693 0.077895756099041313 1.0000000180025095e-35 6.5000000000000009 0.018289110187567802 12.314441552599449
decision_type=2 2 10 10 2 2 2 2 8 2 2 2 2 2 2
left_child=1 12 5 4 -4 -2 -7 8 10 -10 -3 -9 13 -1 -14
right_child=2 7 3 -5 -6 6 -8 11 9 -11 -12 -13 14 -15 -16
leaf_value=0.00083105827061763862 0.0016048701384977289 5.447106816986129e-05 0.0052123946946282858 0.00011884986084072567 0.0013457370917766974 0.00053698107279403324 -0.0029820412336221151 -0.0002390086767502343 -0.0038739541484805523 -0.0010987413937471222 -0.0017851506160658885 0.0015659314985948818 0.001207046340258791 0.0038097204997023237 -0.00080427783223686921
leaf_weight=17 39 235 29 37 23 36 27 85 31 59 57 37 51 19 38
leaf_count=17 39 235 29 37 23 36 27 85 31 59 57 37 51 19 38
internal_value=5.55521e-05 -0.000206045 0.000890313 0.0017727 0.00322726 0.000180727 -0.000876341 -0.000493159 -0.000772434 -0.00202849 -0.000356883 0.000290951 0.000841659 0.00209424 0.00035384
internal_weight=820 629 191 89 52 102 63 504 382 90 292 122 125 36 89
internal_count=820 629 191 89 52 102 63 504 382 90 292 122 125 36 89
is_linear=0
shrinkage=0.0680866


Tree=216
num_leaves=15
num_cat=0
split_feature=5 83 94 26 278 67 50 17 82 63 21 50 39 177
split_gain=0.0629146 0.0660563 0.0350249 0.157459 0.0262437 0.0264084 0.0384102 0.0278883 0.0246677 0.0291911 0.018253 0.0119591 0.00957725 0.0139795
threshold=3.5000000000000004 1.0929490498347996 -132312.05496878547 1.5850000000000002 1.0000000180025095e-35 2.7111953612845681 -22210.675510204132 733456.6341607566 55570289.389751561 2.7386363636363638 697006.63043478271 118763.52199944302 546660.50000000012 1.0000000180025095e-35
decision_type=2 2 2 10 2 10 10 8 2 10 8 10 2 2
left_child=2 -2 3 -1 5 7 -7 -4 9 -6 -10 -3 -5 -14
right_child=1 11 4 12 8 6 -8 -9 10 -11 -12 -13 13 -15
leaf_value=0.0044397114133054548 -0.0036928885349194985 0.00068162827205572548 0.00022061817095885702 -0.0012916025770370815 -0.0016128012111652744 -0.0013949058641243143 0.00042443990519003586 0.0015511686455578467 -0.00080363038413752523 0.00045861188945038611 -0.0024316726329535357 -0.00097006714059219611 -0.00078551515801140797 0.0008894129807880877
leaf_weight=28 32 17 235 19 20 82 84 80 51 90 38 18 24 21
leaf_count=28 32 17 235 19 20 82 84 80 51 90 38 18 24 21
internal_value=-5.78782e-05 -0.00177828 0.000112986 0.00122724 -4.88935e-05 0.000211643 -0.000427062 0.000573667 -0.000674916 -7.51087e-05 -0.0014565 -0.000448765 -0.000264199 -4.64239e-05
internal_weight=839 67 772 92 680 481 166 315 199 110 89 35 64 45
internal_count=839 67 772 92 680 481 166 315 199 110 89 35 64 45
is_linear=0
shrinkage=0.0680866


Tree=217
num_leaves=16
num_cat=1
split_feature=1 80 24 86 291 28 116 86 25 29 255 210 50 118 92
split_gain=0.0417457 0.0748771 0.0588878 0.0582307 0.0577105 0.0312584 0.0298762 0.0237321 0.0275931 0.0465938 0.0269534 0.0256166 0.0233518 0.0228325 0.0226068
threshold=0 0.79889777381591209 1.9100000000000004 0.2455076520302707 3.5000000000000004 4.6500000000000012 56.500000000000007 0.14444558497594781 421430.59349593503 243310.83333333334 0.05589325672796986 1.0000000180025095e-35 22125.000000000004 0.027023453376123153 1.9817863434410057
decision_type=9 2 10 10 2 8 2 8 8 10 2 2 8 2 8
left_child=1 2 4 5 -1 -4 7 10 9 -9 11 -2 -10 -3 -8
right_child=6 13 3 -5 -6 -7 14 8 12 -11 -12 -13 -14 -15 -16
leaf_value=0.0035520258190231066 -0.0011343470392663178 -0.0023429556970548625 0.0014297155004755662 -0.0029379682101318919 0.0004784771934310547 -0.0010028294787750849 -0.0023875380546348125 0.0034851756422746849 -0.00023439409754485725 0.00049664799765978336 0.0012332466284913147 0.00066168695592821027 0.00095379043558276836 -0.00094341185499576387 -0.00021275449964057569
leaf_weight=30 98 81 29 19 39 22 22 31 94 18 25 28 186 100 17
leaf_count=30 98 81 29 19 39 22 22 31 94 18 25 28 186 100 17
internal_value=-5.369e-05 -0.000634013 0.000417117 -0.000695723 0.001718 0.000168409 0.000312242 0.000476325 0.000794988 0.00203391 -0.000168586 -0.000610427 0.000543989 -0.00153437 -0.00109492
internal_weight=839 320 139 70 69 51 519 480 329 49 151 126 280 181 39
internal_count=839 320 139 70 69 51 519 480 329 49 151 126 280 181 39
cat_boundaries=0 2
cat_threshold=2704492644 1
is_linear=0
shrinkage=0.0680866


Tree=218
num_leaves=13
num_cat=0
split_feature=5 15 93 5 91 103 153 3 215 15 291 179
split_gain=0.0567678 0.0652813 0.0420881 0.048959 0.0428327 0.0326815 0.0295194 0.0253161 0.0209715 0.0130281 0.0158813 0.0087289
threshold=3.5350000000000006 1330973.2666666668 0.93354902119825345 0.89500000000000013 -2.4999999999999996 1.0000000180025095e-35 0.021868066850532303 9.5000000000000018 8.6625000000000014 908740.50925925933 4.5000000000000009 0.055138340660759809
decision_type=2 8 2 2 10 2 2 2 2 10 2 2
left_child=2 -2 4 5 -1 -4 7 -5 -8 10 -6 -11
right_child=1 -3 3 6 9 -7 8 -9 -10 11 -12 -13
leaf_value=0.0027410573902899144 -0.0036701373742657087 -0.00020572867268481954 -0.0038553032109476695 -0.00015303607515020318 0.00030691871484764336 -0.0010608729139255594 -0.001484816806073982 0.0010259139987508653 -0.00011390825680824976 -0.0012804634755716983 0.001393583374555108 6.3840217705099728e-05
leaf_weight=22 31 22 19 187 157 17 85 115 70 19 76 19
leaf_count=22 31 22 19 187 157 17 85 115 70 19 76 19
internal_value=-5.03693e-05 -0.00184323 9.31935e-05 -0.000277645 0.000718383 -0.00215995 -9.14611e-05 0.000287244 -0.00080069 0.000496772 0.000676955 -0.000407863
internal_weight=839 53 786 493 293 36 457 302 155 271 233 38
internal_count=839 53 786 493 293 36 457 302 155 271 233 38
is_linear=0
shrinkage=0.0680866


Tree=219
num_leaves=16
num_cat=0
split_feature=45 103 50 133 60 126 21 220 12 253 7 116 295 24 168
split_gain=0.0435314 0.0469611 0.0567301 0.0532304 0.0565516 0.0458082 0.0576138 0.0185912 0.046384 0.0288832 0.025979 0.0196681 0.0147359 0.0137688 0.033303
threshold=555275.07722628175 1.0000000180025095e-35 238859.0254746344 0.39354838709677425 26.500000000000004 0.04654567597588586 394561.2069854954 18.500000000000004 0.25000000000000017 59091463.226894379 1.0000000180025095e-35 27.500000000000004 11.612110067226359 2.5900000000000003 1.0000000180025095e-35
decision_type=2 2 10 2 10 2 8 2 2 2 2 2 8 10 2
left_child=5 2 3 -2 -5 7 -7 8 9 -1 -10 -9 -8 14 -3
right_child=1 13 -4 4 -6 6 12 11 10 -11 -12 -13 -14 -15 -16
leaf_value=-0.0028599515620080797 -9.8625051263393119e-05 0.00060473906583992647 -0.0037074042313879805 -0.0013977468573280062 -0.0045623467582139093 0.00041605268428053272 0.0027449762806221502 0.0016169486386576584 -9.9778256086163996e-06 -0.00078229927105541225 0.0021301640519091826 0.00011921054899810183 0.0047431629301249393 0.00058064842155396731 -0.0012325109252794414
leaf_weight=20 107 59 20 52 17 37 18 38 27 89 28 101 17 98 77
leaf_count=20 107 59 20 52 17 37 18 38 27 89 28 101 17 98 77
internal_value=-0.000149683 -0.000606387 -0.00135268 -0.000991883 -0.00224085 0.000367652 0.00171909 2.1977e-05 -0.000444606 -0.00122383 0.000856954 0.000549873 0.00341392 -4.18912e-06 -0.000379276
internal_weight=805 430 196 176 69 375 72 303 164 109 55 139 35 234 136
internal_count=805 430 196 176 69 375 72 303 164 109 55 139 35 234 136
is_linear=0
shrinkage=0.0680866


Tree=220
num_leaves=15
num_cat=0
split_feature=53 187 295 53 213 93 3 55 93 68 7 295 92 221
split_gain=0.061389 0.0959119 0.0843228 0.0412162 0.0400594 0.0367062 0.0299781 0.0268192 0.0247252 0.0222423 0.0185957 0.0112466 0.00750414 0.00343842
threshold=1.7674460604571081 24.500000000000004 12.242473401806366 0.79316953962635606 1.0000000180025095e-35 0.87376077159685661 5.5000000000000009 112.50000000000001 1.1713151094630359 2.9045454545454548 1.5000000000000002 11.23554881398619 0.90955972815235964 23.500000000000004
decision_type=2 2 10 2 2 2 2 8 2 10 2 10 10 2
left_child=2 -2 3 10 8 6 -5 -7 13 -6 12 -12 -1 -4
right_child=1 -3 4 5 9 7 -8 -9 -10 -11 11 -13 -14 -15
leaf_value=-0.0030045189866768802 0.0042277468325397074 0.00012719809531536871 -0.00056114686175981704 0.00093608539222816067 -0.0047797212697581661 -0.0003179038541939227 0.0032991364379360436 0.00072241411842588639 -0.0023515460116415921 -0.0025099374329578586 0.00016345598886591885 -0.0010551233657203427 -0.0015526066761021426 0.00019196271779283307
leaf_weight=18 24 33 44 40 17 271 19 164 24 25 35 56 17 18
leaf_count=18 24 33 44 40 17 271 19 164 24 25 35 56 17 18
internal_value=-0.000142426 0.00166336 -0.000308163 9.95167e-06 -0.00177163 0.000293078 0.00164429 8.26867e-05 -0.00111067 -0.00326334 -0.000989841 -0.00058468 -0.00209638 -0.000380248
internal_weight=805 57 748 620 128 494 59 435 86 42 126 91 35 62
internal_count=805 57 748 620 128 494 59 435 86 42 126 91 35 62
is_linear=0
shrinkage=0.0680866


Tree=221
num_leaves=16
num_cat=0
split_feature=23 243 14 28 18 177 49 12 115 81 94 86 51 55 24
split_gain=0.0200622 0.039901 0.0590832 0.0554296 0.0457835 0.0443325 0.0254237 0.0233613 0.0226464 0.0311261 0.0251936 0.0244812 0.0228798 0.0240854 0.0221959
threshold=335178.74826388893 17.000000000000004 2.5650000000000004 4.6500000000000012 2.7950000000000004 1.0000000180025095e-35 24942.117557923706 -1.0000000180025095e-35 1.0000000180025095e-35 -0.1711002280975075 -89448.364503205186 0.24746097527480129 0.1184889908557807 91.500000000000014 2.5350000000000006
decision_type=10 2 2 8 8 2 8 2 2 2 2 10 10 10 10
left_child=1 2 -1 7 -4 -5 -7 -3 10 14 11 -2 -12 -14 -10
right_child=8 3 4 5 -6 6 -8 -9 9 -11 12 -13 13 -15 -16
leaf_value=0.0027572795759493157 -0.0003782733198168968 0.0023771141330598731 -0.0016903030353776693 -0.0023275009205711481 0.00095366481739362491 0.0014489824509360527 -0.00088395858616537916 0.0003214246134486003 0.00077811482532808625 -0.0024348659150356129 0.00048781280557850197 -0.0021764134902565063 -0.0015930476932529281 0.00016791502991622508 -0.0012624936755657283
leaf_weight=47 65 22 22 63 63 20 19 38 25 42 222 37 50 44 26
leaf_count=47 65 22 22 63 63 20 19 38 25 42 222 37 50 44 26
internal_value=-0.000132496 0.000295529 0.00112312 -0.000350547 0.000214163 -0.00127432 2.87329e-05 0.00098401 -0.000386052 -0.00125083 -0.000178261 -0.00101183 0.000113554 -0.000665111 -0.000372571
internal_weight=805 294 132 162 85 102 39 60 511 93 418 102 316 94 51
internal_count=805 294 132 162 85 102 39 60 511 93 418 102 316 94 51
is_linear=0
shrinkage=0.0680866


Tree=222
num_leaves=16
num_cat=0
split_feature=97 20 175 60 23 51 92 21 33 10 61 18 122 295 61
split_gain=0.0387641 0.044596 0.050583 0.0397537 0.0332326 0.060052 0.123942 0.0409306 0.0300202 0.0275754 0.022767 0.0226087 0.0318862 0.0258058 0.0201819
threshold=-157196.90931372545 3.3950000000000005 0.062183845794785107 54.500000000000007 396388.5261904762 -0.049873314237067569 1.3521714034148706 537197.40337301593 2.8500000000000001 1.0000000180025095e-35 37.833333333333336 2.6300000000000003 1.0000000180025095e-35 11.36914714758977 43.166666666666679
decision_type=2 10 2 10 10 8 8 10 2 2 2 8 2 10 2
left_child=1 8 -3 4 5 6 -2 10 11 -7 -6 13 -13 -1 -9
right_child=3 2 -4 -5 7 9 -8 14 -10 -11 -12 12 -14 -15 -16
leaf_value=0.00011486208962366155 0.0054957288555058407 -0.00031707744972690922 0.0030184736934621655 -0.0011767071176980836 -0.0021819614103818236 0.00079927744955439787 0.00097397632442103831 0.00084299476691902331 -0.00029941221558889595 -0.00092328632308501561 -0.00021634578847116179 -0.0042334247937212263 -0.0016611400797874915 -0.0016824404236384829 -0.00084629821807953305
leaf_weight=32 23 17 19 55 47 108 48 121 137 39 19 20 28 76 18
leaf_count=32 23 17 19 55 47 108 48 121 137 39 19 20 28 76 18
internal_value=-0.000133109 -0.000683758 0.00103764 0.000246633 0.000479494 0.00104238 0.00247615 -9.67692e-05 -0.000980589 0.000326117 -0.00132562 -0.00159561 -0.00265257 -0.00111469 0.000481082
internal_weight=807 329 36 478 423 218 71 205 293 147 66 156 48 108 139
internal_count=807 329 36 478 423 218 71 205 293 147 66 156 48 108 139
is_linear=0
shrinkage=0.0680866


Tree=223
num_leaves=10
num_cat=0
split_feature=241 67 83 89 53 92 51 49 102
split_gain=0.0436748 0.043989 0.0195806 0.0225477 0.0261716 0.0208814 0.0151768 0.0141507 0.00701255
threshold=1.0000000180025095e-35 3.8786764705882359 1.3453402214505787 657117.75000000012 0.83783934514525182 1.0900221914202399 -0.06419852064786237 13398.658737373715 1.0000000180025095e-35
decision_type=2 10 2 2 2 8 10 10 2
left_child=-1 2 3 7 -5 -4 -3 -2 -8
right_child=1 6 5 4 -6 -7 8 -9 -10
leaf_value=-0.0020670018192136381 -3.0033258827113139e-05 -0.0006117957624155885 0.0024349641470709457 -0.00033633123268248368 0.00091205122104423509 0.00041672992987587716 -0.003240814418737417 -0.00085728055146754056 -0.0018779263922839766
leaf_weight=28 258 19 23 95 195 23 17 125 24
leaf_count=28 258 19 23 95 195 23 17 125 24
internal_value=-0.000124202 -2.42838e-05 0.000122339 2.90895e-05 0.000465145 0.00122804 -0.00152315 -0.000302823 -0.00235862
internal_weight=807 779 719 673 290 46 60 383 41
internal_count=807 779 719 673 290 46 60 383 41
is_linear=0
shrinkage=0.0680866


Tree=224
num_leaves=13
num_cat=1
split_feature=1 123 23 37 153 18 60 20 11 64 65 225
split_gain=0.0923335 0.0704488 0.0269079 0.030795 0.0284594 0.0462095 0.0236571 0.0160524 0.0394798 0.0240451 0.0212508 0.0134144
threshold=0 3.5000000000000004 888011.36363636376 1173196.4509774318 0.050993241109210503 1.5850000000000002 51.500000000000007 4.6500000000000012 -0.5 14.852380952380953 18.195220332157938 1.0000000180025095e-35
decision_type=9 2 10 2 2 8 8 8 2 10 2 2
left_child=1 -1 3 4 5 -2 11 -3 10 -10 -9 -4
right_child=2 7 6 -5 -6 -7 -8 8 9 -11 -12 -13
leaf_value=-0.0032697572371319155 -0.00081333993724794456 0.00044710611927866042 -0.00056240749146462844 0.0026117161902675426 -0.00077923048000313197 0.0011546890842689069 0.00066137286089418116 0.0012181474709163397 -0.0019212895832468571 -0.00048004390205558527 -0.00044027299694401417 -0.0021250108866711827
leaf_weight=32 43 30 36 17 35 276 29 41 120 68 54 26
leaf_count=32 43 30 36 17 35 276 29 41 120 68 54 26
internal_value=-0.000118035 -0.000919563 0.000491341 0.000769514 0.000628839 0.000828109 -0.000408868 -0.000655726 -0.00080722 -0.00135503 0.000185191 -0.00116728
internal_weight=807 345 462 371 354 319 91 313 283 188 95 62
internal_count=807 345 462 371 354 319 91 313 283 188 95 62
cat_boundaries=0 2
cat_threshold=845303979 1
is_linear=0
shrinkage=0.0680866


Tree=225
num_leaves=14
num_cat=1
split_feature=0 10 255 241 79 93 93 58 87 22 259 231 72
split_gain=0.0293747 0.037187 0.031676 0.0299378 0.0284475 0.0274677 0.0271079 0.0421451 0.0220451 0.0206684 0.0493091 0.0321062 0.0197522
threshold=0 1.0000000180025095e-35 0.11418601044926727 1.0000000180025095e-35 0.75987920703755474 0.90744468173266257 0.95771539134292216 18.500000000000004 1.0000000180025095e-35 2.0350000000000006 1.0000000180025095e-35 0.15725447246351537 617742.99057315255
decision_type=1 2 2 2 2 2 2 2 2 10 2 2 8
left_child=1 3 6 -1 -5 -6 7 12 -9 10 -8 -11 -2
right_child=2 -3 -4 4 5 -7 9 8 -10 11 -12 -13 -14
leaf_value=-0.0022410594286314425 0.0025397827056223934 -0.0027405009966945692 0.0016132283157944537 -0.0016349189930543293 0.0017203639014145371 -0.00025036014111623646 -0.00029217543175485251 -0.0008985612135171821 0.00044967400241849656 -0.00038137451665160526 -0.0024145315006028093 0.0014202948100036934 0.000635488485046225
leaf_weight=19 45 27 29 22 28 61 121 73 109 180 56 35 22
leaf_count=19 45 27 29 22 28 61 121 73 109 180 56 35 22
internal_value=-0.000221735 -0.000973628 -1.7808e-05 -0.000613576 -0.000157042 0.000375626 -0.00011886 0.000406827 -7.08763e-05 -0.00046547 -0.000987135 -4.19117e-05 0.0016815
internal_weight=827 157 670 130 111 89 641 249 182 392 177 215 67
internal_count=827 157 670 130 111 89 641 249 182 392 177 215 67
cat_boundaries=0 1
cat_threshold=641
is_linear=0
shrinkage=0.0680866


Tree=226
num_leaves=10
num_cat=0
split_feature=53 241 93 36 86 269 29 27 167
split_gain=0.0776757 0.0342017 0.0307667 0.0389107 0.0416966 0.0198307 0.0496798 0.0222764 0.016643
threshold=2.1606042344073249 1.0000000180025095e-35 0.97247802278441531 2.8500000000000001 0.18573408725305973 1.0000000180025095e-35 739012.59931746044 1164449.2666666668 1.0000000180025095e-35
decision_type=2 2 2 2 8 2 8 8 2
left_child=1 -1 5 4 -4 6 -3 -7 -5
right_child=-2 2 3 8 -6 7 -8 -9 -10
leaf_value=-0.0021551305105027255 0.002726627752076354 -0.0016979576805887082 -0.0003629354469806838 -0.00069708502311966358 -0.0019551263139674204 0.0011547906875709478 0.0004688231134176307 -0.00021659903400757452 0.00056081523062962888
leaf_weight=22 17 55 137 49 127 134 104 58 124
leaf_count=22 17 55 137 49 127 134 104 58 124
internal_value=-0.00020933 -0.000314296 -0.000235938 -0.000607245 -0.00111624 0.000221342 -0.000282193 0.000678028 0.000119622
internal_weight=827 810 788 437 264 351 159 192 173
internal_count=827 810 788 437 264 351 159 192 173
is_linear=0
shrinkage=0.0680866


Tree=227
num_leaves=10
num_cat=0
split_feature=50 156 241 17 80 21 126 47 38
split_gain=0.0283261 0.0628281 0.0276879 0.0237916 0.0269757 0.0189183 0.0226968 0.0224636 0.0183098
threshold=297603.70548103214 1.0000000180025095e-35 1.0000000180025095e-35 314876.21041092119 1.2054905552747626 1306622.2216931221 0.021283115172867805 620791.27719487052 2189.4282943675694
decision_type=10 2 2 10 2 8 2 2 10
left_child=2 -2 -1 4 8 6 -5 -7 -4
right_child=1 -3 3 5 -6 7 -8 -9 -10
leaf_value=-0.0017053304805766121 -0.0033002194546395878 0.00016422079045983433 0.00067816606592502587 -0.00046388304454070408 -0.0024053949098357414 0.0023237335251077122 0.00041163696214653768 0.00049184756405195045 -0.00081004955233691055
leaf_weight=24 28 21 29 231 17 23 274 74 106
leaf_count=24 28 21 29 231 17 23 274 74 106
internal_value=-0.000195651 -0.00149987 -9.31198e-05 -1.39663e-05 -0.000722466 0.000173927 9.99762e-06 0.000957601 -0.000437837
internal_weight=827 49 778 754 152 602 505 97 135
internal_count=827 49 778 754 152 602 505 97 135
is_linear=0
shrinkage=0.0680866


Tree=228
num_leaves=15
num_cat=0
split_feature=23 53 172 71 208 220 11 65 296 9 49 30 19 53
split_gain=0.0468611 0.0510142 0.0398402 0.0270441 0.038818 0.0335693 0.0167948 0.0159216 0.0475775 0.0257238 0.0153902 0.0223458 0.00617656 0.0109057
threshold=789092.85714285728 1.9912400271291739 0.03864601802954961 309384.18014705885 1.0000000180025095e-35 39.500000000000007 -0.6830127018922193 16.77955124169517 11.987921106864768 1.0000000180025095e-35 -14691.544871794873 2.7950000000000004 736858.1453823956 1.1587214241080606
decision_type=10 2 2 10 2 2 2 2 8 2 10 10 10 2
left_child=1 3 10 7 -5 -6 -4 9 -9 -1 11 -2 13 -12
right_child=2 -3 6 4 5 -7 -8 8 -10 -11 12 -13 -14 -15
leaf_value=0.00066357652387703141 0.0018219996463807186 0.0026383545005747109 -0.0013072200920781966 -0.0020093420787915986 -0.0002322326818936784 0.0016730303035382694 -0.0031418657761138752 0.00084878676823278948 0.003535577543707679 -0.0010364223103844438 -0.00043412818523866521 -0.00023511349431250056 7.7802120932009251e-05 -0.001871110982649011
leaf_weight=244 28 28 30 24 165 31 24 102 17 24 44 21 18 18
leaf_count=244 28 28 30 24 165 31 24 102 17 24 44 21 18 18
internal_value=0.000266927 0.000540361 -0.000632367 0.000407906 -0.000161444 0.000116633 -0.00197133 0.000739099 0.00135245 0.000460383 -7.01766e-05 0.000738153 -0.000551389 -0.000905111
internal_weight=818 635 183 607 220 196 54 387 119 268 129 49 80 62
internal_count=818 635 183 607 220 196 54 387 119 268 129 49 80 62
is_linear=0
shrinkage=0.0680866


Tree=229
num_leaves=16
num_cat=1
split_feature=1 28 92 13 84 157 28 42 29 30 81 75 46 289 53
split_gain=0.0403153 0.0672454 0.0489587 0.0486725 0.0444942 0.043217 0.0394941 0.0414594 0.035308 0.0261139 0.0330296 0.0234507 0.0228398 0.0225999 0.0262501
threshold=0 2.0350000000000006 0.93782413484044669 359282.93055555556 -155712.26441351866 2.5000000000000004 1.9100000000000004 127129.96530812616 449932.22672413796 2.6800000000000002 0.28916650853637482 0.064866760168302909 198425.94328146524 1.0000000180025095e-35 1.6830240748071434
decision_type=9 10 8 2 2 2 10 8 10 8 2 10 10 2 2
left_child=2 3 -1 5 8 -2 7 -4 -5 10 -3 -6 -9 -11 -15
right_child=1 9 6 4 11 -7 -8 12 -10 13 -12 -13 -14 14 -16
leaf_value=0.0012768335449852952 0.0010947672121043354 -0.00027663095008936703 -0.0026847387716227205 -0.0023986636217025368 0.0016250647996344891 0.0039761505405964855 0.00013703780692220897 0.0004400740191632588 0.00023443013098608766 -0.0010256472328380522 -0.0028371972406513435 0.0001900433009672952 -0.0015978653491268849 0.00010325800393567236 0.0018929504658458122
leaf_weight=35 19 19 67 21 158 41 70 36 24 45 25 47 21 166 24
leaf_count=35 19 19 67 21 158 41 70 36 24 45 25 47 21 166 24
internal_value=0.000250031 0.000539156 -0.000466136 0.00121973 0.00083198 0.00272214 -0.000936234 -0.00163593 -0.000731198 -0.000177758 -0.00142754 0.00122815 -0.000530619 6.37999e-05 0.000392892
internal_weight=818 589 229 310 250 60 194 124 45 279 44 205 57 235 190
internal_count=818 589 229 310 250 60 194 124 45 279 44 205 57 235 190
cat_boundaries=0 1
cat_threshold=1394888768
is_linear=0
shrinkage=0.0680866


Tree=230
num_leaves=16
num_cat=1
split_feature=31 267 14 1 25 27 289 120 24 72 25 26 67 289 220
split_gain=0.0555784 0.0823537 0.0351958 0.0289928 0.0499512 0.0255524 0.02316 0.0230141 0.0286943 0.0504026 0.0271188 0.0354252 0.0244039 0.0170494 0.015046
threshold=414466.66666666669 1.0000000180025095e-35 1.5850000000000002 0 492006.24376114085 372178.17886904773 1.0000000180025095e-35 1.0000000180025095e-35 2.7950000000000004 284195.75862068968 961271.3906455863 1.5850000000000002 3.3580586080586086 1.0000000180025095e-35 9.5000000000000018
decision_type=2 2 2 9 10 10 2 2 8 10 10 8 10 2 2
left_child=1 5 13 4 -2 -1 -4 8 9 -5 11 -9 -12 -3 -6
right_child=3 2 6 7 14 -7 -8 10 -10 -11 12 -13 -14 -15 -16
leaf_value=0.0024290502149540813 0.0022972804573516679 0.0031558747400122701 -0.00060183237513082653 -0.0037542547026099982 0.0009057185807665758 0.0047296520178326928 0.00080480399860498927 0.0017465039225254355 -0.00036672869229604539 -0.00065073948546232974 -0.0021801527695816171 -0.00012702514787461174 -0.00016561772338750854 0.0011100189108090141 -0.00060636755363490552
leaf_weight=32 41 20 97 31 23 19 75 33 53 18 41 229 23 17 66
leaf_count=32 41 20 97 31 23 19 75 33 53 18 41 229 23 17 66
internal_value=0.000233243 0.00102101 0.000471043 -0.000139616 0.0006389 0.00307598 3.99118e-05 -0.000411062 -0.00123182 -0.00228586 -0.00015149 0.000148677 -0.00121711 0.00192728 -5.1738e-05
internal_weight=818 260 209 558 130 51 172 428 102 49 326 262 64 37 89
internal_count=818 260 209 558 130 51 172 428 102 49 326 262 64 37 89
cat_boundaries=0 1
cat_threshold=67109146
is_linear=0
shrinkage=0.0680866


Tree=231
num_leaves=14
num_cat=0
split_feature=72 41 241 81 35 81 204 103 16 21 197 21 211
split_gain=0.0373439 0.105324 0.0271302 0.0221699 0.0198174 0.0176306 0.0375151 0.0385276 0.0344888 0.0368309 0.0229746 0.0143476 0.0113371
threshold=163852.88301761387 470438.56046226987 1.0000000180025095e-35 -0.55337065822729237 0.54500000000000015 0.23461700903801744 1.0000000180025095e-35 1.0000000180025095e-35 2.5900000000000003 1225353.142520492 1.0000000180025095e-35 690449.32727272739 0.069139917713549173
decision_type=8 2 2 2 2 2 2 2 10 10 2 10 2
left_child=1 3 -2 12 -5 8 7 -7 10 -10 -4 -8 -1
right_child=2 -3 5 4 -6 6 11 -9 9 -11 -12 -13 -14
leaf_value=0.00039855662330988715 0.0019396689090946878 -0.003789372029290109 0.00074593895319149299 -0.0015844448143493962 0.00018805655232307516 -0.0022998285365505612 0.0009582757970009627 -0.00017554111018456547 -0.00033171829069664292 0.0018069646341889452 0.0022663892557898864 -0.00028853850912996743 0.0020466578107943517
leaf_weight=19 20 25 153 36 31 52 87 62 230 20 41 44 18
leaf_count=19 20 25 153 36 31 52 87 62 230 20 41 44 18
internal_value=7.00853e-05 -0.000906516 0.00026318 -9.24717e-05 -0.000655334 0.000187952 -0.000251952 -0.00109679 0.000437507 -5.5678e-05 0.0010873 0.000444264 0.00101976
internal_weight=838 129 709 104 67 689 245 114 444 250 194 131 37
internal_count=838 129 709 104 67 689 245 114 444 250 194 131 37
is_linear=0
shrinkage=0.0680866


Tree=232
num_leaves=16
num_cat=0
split_feature=72 153 31 46 21 21 120 68 62 86 49 194 80 196 169
split_gain=0.0331479 0.120477 0.0501197 0.0573879 0.0517574 0.0367815 0.0266435 0.02369 0.0248288 0.0123339 0.0213782 0.0120434 0.0308718 0.0215048 0.0112498
threshold=185421.25000000003 0.021868066850532303 414466.66666666669 185049.11507090923 499461.33421717171 472831.0797511313 1.0000000180025095e-35 22.125000000000004 17.506410256410259 0.062803979733804763 -256201.26521164019 17.500000000000004 0.80588400643652824 0.26236559139784948 6.5000000000000009
decision_type=8 2 2 10 10 8 2 8 2 8 8 2 2 2 2
left_child=1 11 3 4 5 -2 7 8 -4 -8 -11 12 -1 -14 -9
right_child=2 -3 6 -5 -6 -7 9 14 -10 10 -12 -13 13 -15 -16
leaf_value=0.00088493762122862673 0.00048759568874751769 -0.0041336065406053848 0.00081629276550917909 0.0034994608315822174 -0.0014578394245706326 0.0026283408631807394 -0.00081660867442686432 -0.0026182203859682119 -0.0011603397737254687 -0.00087768508964814059 0.00049159524720297548 0.0006658081442873846 -0.0026383918560929694 -0.00061518712319415638 -0.0010963364638696138
leaf_weight=24 71 20 39 24 17 40 25 30 32 37 351 46 19 38 25
leaf_count=24 71 20 39 24 17 40 25 30 32 37 351 46 19 38 25
internal_value=6.64815e-05 -0.000792393 0.00026293 0.00128166 0.000787727 0.00128062 -3.28056e-05 -0.000835851 -0.000165055 0.000215565 0.000322111 -8.7734e-05 -0.000485372 -0.00129102 -0.00178434
internal_weight=838 147 691 152 128 111 539 126 71 413 388 127 81 57 55
internal_count=838 147 691 152 128 111 539 126 71 413 388 127 81 57 55
is_linear=0
shrinkage=0.0680866


Tree=233
num_leaves=16
num_cat=0
split_feature=53 115 2 127 81 211 56 163 49 175 21 51 27 267 56
split_gain=0.0115142 0.0309759 0.0294325 0.0288794 0.0280648 0.021123 0.0207193 0.0520429 0.0240943 0.0271546 0.0208286 0.0117558 0.0106195 0.00836427 0.0184772
threshold=1.4951933149717156 1.0000000180025095e-35 2025.5000000000002 1.0000000180025095e-35 0.34561160280905351 0.069139917713549173 24.500000000000004 1.0000000180025095e-35 114062.75969631602 0.021674738943799305 675600.00000000012 -0.02909322582193213 492603.60128205136 1.0000000180025095e-35 170.50000000000003
decision_type=2 2 2 2 2 2 8 2 8 2 8 10 10 2 8
left_child=4 2 3 12 6 13 7 -1 10 -10 -8 -9 -2 14 -6
right_child=1 -3 -4 -5 5 -7 8 11 9 -11 -12 -13 -14 -15 -16
leaf_value=-0.0020433173182934643 0.0021754049463994524 -0.000844892085800958 0.002473000369197449 -0.00096872681515513159 -0.00055662551609202333 -0.0017654303796998769 -0.00034789777335847747 -1.4403909091821972e-05 0.00044458230490132392 0.0026638373413927735 0.00058240268365333922 0.0014526348507088555 0.00066946796506573217 -0.00087148061933399153 0.001239389544877764
leaf_weight=47 18 26 33 22 33 54 174 24 27 31 229 26 30 39 25
leaf_count=47 18 26 33 22 33 54 174 24 27 31 229 26 30 39 25
internal_value=5.81085e-05 0.000602606 0.00114988 0.000483791 -4.59501e-05 -0.000814614 0.000168601 -0.000632444 0.000361838 0.00146065 0.000178394 0.000529909 0.00120122 -0.000307676 0.00016461
internal_weight=838 129 103 70 709 151 558 97 461 58 403 50 48 97 58
internal_count=838 129 103 70 709 151 558 97 461 58 403 50 48 97 58
is_linear=0
shrinkage=0.0680866


Tree=234
num_leaves=10
num_cat=0
split_feature=66 53 8 289 290 81 86 25 238
split_gain=0.0517741 0.0270438 0.0181559 0.0476722 0.0292763 0.0198018 0.0340513 0.0193268 0.0191755
threshold=4.9062500000000009 2.0621945682452183 1.0000000180025095e-35 1.0000000180025095e-35 1.0000000180025095e-35 -0.52255952921047677 0.25665165814849361 425864.46084694884 1.0000000180025095e-35
decision_type=2 2 2 2 2 2 8 8 2
left_child=1 2 5 8 -5 6 -1 -7 -4
right_child=-2 -3 3 4 -6 7 -8 -9 -10
leaf_value=0.0011251830661583274 0.0026692250530831927 0.00190883142462348 -0.0017344234928578029 0.0023296443746136496 0.00062980915649644335 -0.0011583032985590571 -0.00050887895787944909 -7.6226879259968367e-05 5.9952322148581328e-05
leaf_weight=130 19 20 31 62 88 77 71 309 29
leaf_count=130 19 20 31 62 88 77 71 309 29
internal_value=0.000324249 0.000235056 0.000165857 0.000680115 0.00131861 -2.32182e-05 0.000488425 -0.000306729 -0.000650762
internal_weight=836 817 797 210 150 587 201 386 60
internal_count=836 817 797 210 150 587 201 386 60
is_linear=0
shrinkage=0.0680866


Tree=235
num_leaves=12
num_cat=0
split_feature=14 93 286 60 56 110 96 92 93 80 127
split_gain=0.0180096 0.0285816 0.0201007 0.0327559 0.018308 0.0178174 0.0333479 0.0499275 0.020939 0.017263 0.005764
threshold=1.7750000000000001 1.0907044634781033 3.5000000000000004 30.500000000000004 14.500000000000002 16.000000000000004 298735.61002470512 0.93235164714789664 0.98345747166182007 1.0573423482460991 1.0000000180025095e-35
decision_type=2 2 2 10 8 2 2 8 2 2 2
left_child=1 2 3 10 9 6 8 -8 -6 -2 -1
right_child=4 -3 -4 -5 5 -7 7 -9 -10 -11 -12
leaf_value=0.0019532248385838642 -0.0017424230396480538 -0.0006670917965921195 0.0025079594019039794 -0.00045957108094029351 0.0011201159550747919 0.0014234878496167285 -0.0028253986711450269 -0.00021595085921012551 0.00015543039379456534 3.8680983644919769e-06 0.00089086153319967935
leaf_weight=58 34 19 29 33 142 34 18 155 271 22 21
leaf_count=58 34 19 29 33 142 34 18 155 271 22 21
internal_value=0.000305181 0.000913067 0.00128959 0.000910442 0.000150911 0.000256358 0.000166211 -0.000575519 0.000490313 -0.000833838 0.00155552
internal_weight=836 160 141 112 676 620 586 173 413 56 79
internal_count=836 160 141 112 676 620 586 173 413 56 79
is_linear=0
shrinkage=0.0680866


Tree=236
num_leaves=16
num_cat=0
split_feature=24 197 201 56 175 63 92 178 289 62 83 35 72 197 60
split_gain=0.0107818 0.0492864 0.0306018 0.0294841 0.0239403 0.0613255 0.0321639 0.0552128 0.0369345 0.03147 0.0633392 0.0303016 0.0225806 0.0202278 0.0120436
threshold=2.8500000000000001 1.0000000180025095e-35 0.036562826239876556 43.500000000000007 0.021674738943799305 0.87867647058823539 0.77180063394718912 1.0000000180025095e-35 1.0000000180025095e-35 3.2808080808080811 0.97240287279378823 -0.11499999999999998 431617.24722222233 1.0000000180025095e-35 5.5000000000000009
decision_type=10 2 2 8 2 10 10 2 2 2 2 2 8 2 10
left_child=4 2 3 -2 6 -6 7 8 -1 10 -7 -11 -4 14 -8
right_child=1 -3 12 -5 5 9 13 -9 -10 11 -12 -13 -14 -15 -16
leaf_value=-0.0013670240959039199 -0.0031634078411641718 0.0015505254804882992 0.00089107368461521363 -0.0008872108598339492 0.0030757581079816237 -0.0027823130561761534 -3.983052432948479e-06 -0.0027814006743900675 0.00085287861357144252 0.00203300672637468 0.00067107211748500793 0.00044795989488134746 -0.00082472771982335569 -0.00041812492392156585 0.0012072672449643996
leaf_weight=37 23 39 50 42 28 23 24 28 58 55 27 182 45 50 125
leaf_count=37 23 39 50 42 28 23 24 28 58 55 27 182 45 50 125
internal_value=0.000282134 -0.000125524 -0.000658943 -0.0016659 0.000417159 0.000826622 1.6071e-05 -0.000784683 -0.000113394 0.000537561 -0.000735 0.000846679 -9.39799e-06 0.000513573 0.000918608
internal_weight=836 199 160 65 637 315 322 123 95 287 50 237 95 199 149
internal_count=836 199 160 65 637 315 322 123 95 287 50 237 95 199 149
is_linear=0
shrinkage=0.0680866


Tree=237
num_leaves=11
num_cat=0
split_feature=19 214 70 53 99 42 62 279 62 60
split_gain=0.0194821 0.0457446 0.0206333 0.0356904 0.0299981 0.0232474 0.0211223 0.0199807 0.0193465 0.0123224
threshold=606619.74859571329 0.065744591129563254 308682.06698564597 0.73702333613057247 1.5000000000000002 89151.823493272983 19.565789473684216 1.0000000180025095e-35 15.215988779803649 45.500000000000007
decision_type=8 2 2 2 2 10 2 2 2 8
left_child=-1 2 4 8 -2 -6 -5 -3 -4 -9
right_child=1 7 3 6 5 -7 -8 9 -10 -11
leaf_value=0.0012892346980039871 -0.0019910908963276519 -0.002650737656059375 -6.502670614976469e-05 0.0014708389278135377 0.0003530915192012512 -0.00075051454480020753 0.00035144034573013388 -2.9081394144517224e-05 -0.0019100687565343601 -0.001484237758786742
leaf_weight=25 23 29 22 88 170 138 256 23 35 33
leaf_count=25 23 29 22 88 170 138 256 23 35 33
internal_value=-4.82085e-05 -0.000109625 5.93544e-05 0.000383048 -0.000319752 -0.00014661 0.000651278 -0.00143258 -0.0009241 -0.000905335
internal_weight=842 817 732 401 331 308 344 85 57 56
internal_count=842 817 732 401 331 308 344 85 57 56
is_linear=0
shrinkage=0.0680866


Tree=238
num_leaves=13
num_cat=0
split_feature=64 79 133 72 54 26 63 126 22 270 22 150
split_gain=0.0307099 0.0273761 0.0537668 0.0358933 0.0582243 0.033223 0.0323353 0.0295016 0.0451206 0.0260982 0.0226446 0.0182482
threshold=0.67619047619047634 0.70237532702987315 0.39354838709677425 462695.27525252529 33.500000000000007 3.1750000000000003 45.550505050505059 0.042126124050278206 1.7750000000000001 1.0000000180025095e-35 2.1250000000000004 1.0000000180025095e-35
decision_type=8 2 2 8 2 8 10 2 8 2 10 2
left_child=11 2 -2 4 6 -4 -3 8 -5 -6 -9 -1
right_child=1 3 5 7 9 -7 -8 10 -10 -11 -12 -13
leaf_value=-0.00051750782254617034 0.00045290510461254245 0.0026159468024242755 -0.0038639884952684864 -0.0028822736419436348 -0.00040331216038152069 -0.0011513173453472764 0.00044754839383081299 0.0010443590952146703 -0.00046878099279144369 0.0010245135074593262 -0.00023840320016500248 -0.0024285970355784154
leaf_weight=20 30 82 25 20 141 18 20 92 180 69 115 30
leaf_count=20 30 82 25 20 141 18 20 92 180 69 115 30
internal_value=-4.55797e-05 5.60121e-05 -0.00103094 0.000186079 0.000719057 -0.00242752 0.00193885 -0.000218356 -0.000789413 0.000114048 0.000304983 -0.00139361
internal_weight=842 792 73 719 312 43 102 407 200 210 207 50
internal_count=842 792 73 719 312 43 102 407 200 210 207 50
is_linear=0
shrinkage=0.0680866


Tree=239
num_leaves=16
num_cat=0
split_feature=44 136 93 64 196 211 64 53 97 14 18 179 60 14 65
split_gain=0.0287223 0.0235339 0.0413524 0.0523676 0.0315947 0.028067 0.0188039 0.0170254 0.0259276 0.0340808 0.0520228 0.0260724 0.0248727 0.0181491 0.0360753
threshold=387701.32566738821 7.9356060606060614 0.75987920703755474 0.52586206896551735 0.098387096774193564 0.074235184183114353 89.774456521739154 0.84727727743157 440734.73326019599 2.6300000000000003 2.3400000000000003 0.055138340660759809 13.500000000000002 3.0650000000000004 27.699647402820773
decision_type=2 2 2 10 2 2 8 2 2 2 10 2 8 2 2
left_child=1 4 -3 5 -1 -4 -6 12 13 10 -10 -11 -2 -9 -15
right_child=7 2 3 -5 6 -7 -8 8 9 11 -12 -13 -14 14 -16
leaf_value=0.0016466011254716068 0.00069768331059556082 -0.0026366937079543287 -0.00089776535950073302 0.00054645229577693485 0.00019723213073446179 -0.0028388534274018016 -0.0014609098669325807 0.0012962079436417001 -0.0022562913704473934 0.0019732483469097712 0.00037160348973945968 -0.00025533876207491524 -0.0010473927665703999 0.00098099352153988278 -0.0014256290524454968
leaf_weight=31 36 32 81 89 53 30 28 170 49 35 42 17 78 46 25
leaf_count=31 36 32 81 89 53 30 28 170 49 35 42 17 78 46 25
internal_value=-4.3718e-05 -0.000508154 -0.000898499 -0.000552857 0.000202742 -0.00143556 -0.000354856 0.000277157 0.000497666 -0.000159681 -0.000928783 0.000931658 -0.000373197 0.000917095 0.000130829
internal_weight=842 344 232 200 112 111 81 498 384 143 91 52 114 241 71
internal_count=842 344 232 200 112 111 81 498 384 143 91 52 114 241 71
is_linear=0
shrinkage=0.0680866


Tree=240
num_leaves=15
num_cat=0
split_feature=53 80 102 131 30 95 92 138 65 80 213 177 65 29
split_gain=0.0335511 0.0377692 0.0404495 0.0354916 0.0413778 0.0315094 0.0263035 0.0254288 0.0246706 0.0208199 0.0357743 0.0145727 0.0114087 0.00674204
threshold=0.83783934514525182 0.61114226462976229 1.0000000180025095e-35 8.5208333333333339 3.0250000000000004 4703075.9404761912 1.1653791017830912 550000.00000000012 11.759559884559879 0.65658258546944193 1.0000000180025095e-35 1.0000000180025095e-35 41.002993848257013 973305.21037168254
decision_type=2 2 2 2 8 2 8 2 2 2 2 2 2 8
left_child=8 -2 3 4 -3 6 -4 -7 9 -1 -11 -5 13 -10
right_child=1 2 5 11 -6 7 -8 -9 12 10 -12 -13 -14 -15
leaf_value=0.0013811732003050753 0.0020886708427625472 0.00065972292912055822 0.0033066415779046906 0.00074212624737417081 -0.0014673544219393118 0.0014117239566341997 0.0012511080330025754 -0.00072262847578183809 -0.0024008573810428541 -0.0017615700184400623 0.00088845337815267463 -0.00013239100646147701 -0.00047888397677298171 -0.0013179544916446606
leaf_weight=23 31 35 31 167 123 21 45 39 31 27 20 136 21 51
leaf_count=23 31 35 31 167 123 21 45 39 31 27 20 136 21 51
internal_value=0.000110531 0.000339683 0.000218398 -7.82e-05 -0.00085914 0.00116871 0.00204702 0.000227843 -0.000673766 0.000113732 -0.000449999 0.000326625 -0.00133013 -0.00172814
internal_weight=801 628 597 461 158 136 76 60 173 70 47 303 103 82
internal_count=801 628 597 461 158 136 76 60 173 70 47 303 103 82
is_linear=0
shrinkage=0.0680866


Tree=241
num_leaves=16
num_cat=0
split_feature=85 234 18 92 218 24 203 24 163 44 67 12 78 29 28
split_gain=0.0209443 0.0356814 0.02341 0.0199906 0.0293317 0.0268034 0.0193583 0.0180491 0.0160919 0.012982 0.0318973 0.0168978 0.0852685 0.0170798 0.0107676
threshold=1.2023584963824174 1.0000000180025095e-35 2.7950000000000004 1.1925213940616974 1.0000000180025095e-35 -1.0000000180025095e-35 5.5000000000000009 2.1250000000000004 1.0000000180025095e-35 748053.16091954033 3.2469512195121957 0.25000000000000017 -2.4999999999999996 910724.34366998263 4.1650000000000009
decision_type=2 2 10 10 2 10 2 10 2 2 8 2 10 8 8
left_child=1 9 14 5 -5 -2 8 -4 -7 11 -11 13 -13 -1 -3
right_child=3 2 7 4 -6 6 -8 -9 -10 10 -12 12 -14 -15 -16
leaf_value=0.00019942435268669083 -0.0013452915943472333 0.0011553673893880572 0.003457350486476969 -0.0030468937841991329 -0.0005850661071434641 0.0022632530354824505 -0.00055592814520417997 0.001483970226400606 0.00044603102860356439 -0.00027853652669147078 0.0019948499745817624 -0.00093936123086762243 0.0021114759177907521 -0.00077125687591004881 7.5422057227079585e-05
leaf_weight=106 31 59 19 21 21 25 18 28 24 32 33 64 58 204 58
leaf_count=106 31 59 19 21 21 25 18 28 24 32 33 64 58 204 58
internal_value=0.000108505 0.000268064 0.00108462 -0.000587661 -0.00162506 -0.000139011 0.000562388 0.00218453 0.00127429 -7.10575e-06 0.000751116 -0.000149415 0.000462156 -0.000414114 0.000644372
internal_weight=801 661 164 140 42 98 67 47 49 497 65 432 122 310 117
internal_count=801 661 164 140 42 98 67 47 49 497 65 432 122 310 117
is_linear=0
shrinkage=0.0680866


Tree=242
num_leaves=16
num_cat=0
split_feature=102 16 76 177 90 23 42 84 26 24 10 75 50 138 68
split_gain=0.0158771 0.0251552 0.0518688 0.0223161 0.0189 0.0346879 0.0183043 0.024237 0.0209097 0.016518 0.014837 0.0305499 0.0102935 0.00675326 0.00665814
threshold=1.0000000180025095e-35 1.8550000000000002 0.15504807692307693 1.0000000180025095e-35 326631.5647321429 533533.39869281056 105262.2386218981 95898.056547619155 2.5350000000000006 1.6550000000000002 1.0000000180025095e-35 0.23582887700534758 -30020.368402777774 390000.00000000006 1.2250000000000003
decision_type=2 8 8 2 2 8 8 2 10 10 2 10 8 2 10
left_child=1 2 3 14 10 -6 12 8 -8 -9 11 -3 -2 -5 -1
right_child=6 4 -4 13 5 -7 7 9 -10 -11 -12 -13 -14 -15 -16
leaf_value=0.0016866080879493434 -0.0012455921452417219 -0.00042189434776365253 0.0027301407238635804 -0.0012095780727624703 -0.0027161397018499564 -0.00048151894947041349 0.0021376681343206316 -0.00094533544677279991 0.00046297055167676481 0.0008487528238590007 0.00092428532697698363 0.0015093064231048578 0.00012203995478106472 -0.0001316474458096323 0.00052940131338332914
leaf_weight=21 20 295 24 41 24 79 73 31 35 19 36 19 31 18 35
leaf_count=21 20 295 24 41 24 79 73 31 35 19 36 19 31 18 35
internal_value=9.9822e-05 -7.45202e-05 0.000659076 0.000129384 -0.000320559 -0.0010579 0.000584104 0.00095422 0.00150526 -1.61642e-05 -9.00089e-05 -0.000235612 -0.00029888 -0.000684157 0.000911204
internal_weight=801 592 139 115 453 103 209 158 108 50 350 314 51 59 56
internal_count=801 592 139 115 453 103 209 158 108 50 350 314 51 59 56
is_linear=0
shrinkage=0.0680866


Tree=243
num_leaves=12
num_cat=0
split_feature=5 203 83 78 187 190 79 50 259 176 290
split_gain=0.0334939 0.159918 0.050903 0.0285957 0.0291184 0.0288541 0.0458376 0.0231985 0.0205188 0.00648943 0.00343921
threshold=3.5000000000000004 5.5000000000000009 1.035848444890324 -42.499999999999993 37.500000000000007 0.099371526853450673 1.1063536138795518 -17065.733333333334 1.0000000180025095e-35 1.0000000180025095e-35 1.0000000180025095e-35
decision_type=2 2 2 8 2 2 2 10 2 2 2
left_child=3 2 -2 -1 5 7 -7 -5 9 -6 -4
right_child=1 -3 10 4 8 6 -8 -9 -10 -11 -12
leaf_value=0.0015196519932146318 -0.0049012670535058117 0.0021654231726519458 -0.001114976203559249 -0.00030103649129844021 -6.834092824194819e-05 -0.00033931554859450031 -0.0020157304824111448 0.00086947534489190831 0.0021186925007820466 0.00079415333784239211 -0.0021418378528953235
leaf_weight=26 26 17 18 177 51 246 83 104 19 57 17
leaf_count=26 26 17 18 177 51 246 83 104 19 57 17
internal_value=-0.000220653 -0.00139807 -0.00302213 -8.20207e-05 -0.00016294 -0.000358182 -0.000780638 0.000119959 0.000692753 0.000396497 -0.00187851
internal_weight=841 78 61 763 737 610 329 281 127 108 35
internal_count=841 78 61 763 737 610 329 281 127 108 35
is_linear=0
shrinkage=0.0680866


Tree=244
num_leaves=16
num_cat=0
split_feature=23 63 259 246 72 123 113 181 60 50 45 3 79 45 113
split_gain=0.0244406 0.0314693 0.0594089 0.03126 0.0290488 0.0264233 0.0215017 0.0275855 0.0212813 0.0249076 0.0194983 0.0402878 0.0481641 0.0337678 0.0212118
threshold=413546.47417105845 7.0625000000000009 1.0000000180025095e-35 1.0000000180025095e-35 55093.250000000007 18.500000000000004 8.5357142857142865 0.017781035620892803 59.500000000000007 -178551.31712731713 503359.67274363147 5.5000000000000009 0.95771539134292216 534255.98307617276 7.9527243589743604
decision_type=8 10 2 2 10 2 2 2 10 10 2 2 2 2 2
left_child=10 2 3 5 6 -2 7 -3 9 -6 11 14 -13 -12 -1
right_child=1 4 -4 -5 8 -7 -8 -9 -10 -11 13 12 -14 -15 -16
leaf_value=-0.0016869343817517953 -0.0020158525060516986 0.0027484800382366107 0.00030207688126194539 -0.0035038174445934283 -0.001592166179240246 -0.00022429909854698271 1.6613655767071316e-05 0.00061070514613468336 -0.0013855225157331547 6.8771485479516826e-05 0.00054137464404001062 0.0036851413246169846 0.00093348348644483768 -0.0021784766189285494 0.00024820026173565888
leaf_weight=18 79 29 68 24 26 33 69 41 64 229 18 22 63 18 40
leaf_count=18 79 29 68 24 26 33 69 41 64 229 18 22 63 18 40
internal_value=-0.000201288 -0.000390478 -0.00105991 -0.0018601 -8.41803e-05 -0.00144754 0.000677902 0.00146151 -0.000425701 -0.000161851 0.000458059 0.000841012 0.00171077 -0.000584126 -0.000276454
internal_weight=841 662 204 136 458 112 139 70 319 255 179 143 85 36 58
internal_count=841 662 204 136 458 112 139 70 319 255 179 143 85 36 58
is_linear=0
shrinkage=0.0680866


Tree=245
num_leaves=16
num_cat=0
split_feature=53 104 29 118 8 22 22 28 80 6 38 175 234 129 29
split_gain=0.0301463 0.0210521 0.018679 0.0319732 0.01933 0.0226524 0.0691086 0.0222254 0.0207569 0.0166922 0.045621 0.042663 0.0223047 0.0152434 0.0133215
threshold=0.99999999998550881 1.5000000000000002 353292.95819327736 0.039491326671621661 1.0000000180025095e-35 2.4400000000000004 1.7750000000000001 3.1750000000000003 1.3433462821270494 2.5000000000000004 94875.273926653535 0.12192054852945046 1.0000000180025095e-35 1.0000000180025095e-35 762062.50000000012
decision_type=2 2 10 2 2 8 10 8 2 2 8 2 2 2 10
left_child=1 -1 4 13 5 6 -2 -7 -6 10 11 -3 -12 14 -4
right_child=2 9 3 -5 8 7 -8 -9 -10 -11 12 -13 -14 -15 -16
leaf_value=-0.0019939358909952408 -0.00035093635134035486 -0.002860094081958588 0.0015053352769118335 -0.0017410828380237462 0.00071138308162989696 -0.0015418969407625625 0.0029767465334571541 0.00012564222934743238 0.0025855264530994728 -8.6003162341206107e-05 -0.00059368502169754539 -0.0003609679498352646 0.0010966847294253464 -0.00082342042312448689 5.8942983084379045e-05
leaf_weight=22 36 64 35 36 41 28 31 97 28 245 68 24 35 20 31
leaf_count=22 36 64 35 36 41 28 31 97 28 245 68 24 35 20 31
internal_value=-0.000189253 -0.000553902 0.000240445 -0.000376256 0.000567648 0.00023829 0.00109151 -0.000269483 0.00142551 -0.000451066 -0.000899124 -0.00193386 -6.01865e-05 0.000199389 0.000726366
internal_weight=841 458 383 122 261 192 67 125 69 436 191 88 103 86 66
internal_count=841 458 383 122 261 192 67 125 69 436 191 88 103 86 66
is_linear=0
shrinkage=0.0680866


Tree=246
num_leaves=16
num_cat=1
split_feature=1 46 27 257 30 177 78 66 289 53 19 22 86 92 72
split_gain=0.0921891 0.0247293 0.0233789 0.023561 0.0371286 0.0233464 0.0316068 0.0221564 0.0199855 0.0185965 0.0248291 0.0184564 0.034064 0.0170886 0.0130142
threshold=0 74617.660072371233 1052328.6694607844 1.0000000180025095e-35 2.5900000000000003 1.0000000180025095e-35 1.5000000000000002 2.4941860465116283 1.0000000180025095e-35 0.67674622149081209 2115686.0211489904 3.7750000000000004 0.2455076520302707 1.1247975626901148 418019.56250000006
decision_type=9 8 8 2 10 2 10 2 2 2 8 8 10 10 8
left_child=1 7 5 4 8 6 13 -1 -4 -7 -11 12 14 -2 -3
right_child=2 11 3 -5 -6 9 -8 -9 -10 10 -12 -13 -14 -15 -16
leaf_value=-0.00071556515686802002 7.7339811840776895e-05 -0.0011031068130008112 0.0020765094580214075 -0.0011351733979659846 -0.0014208036793656052 -0.00079405665096024438 0.0026106159457772358 0.0012220191872369343 0.00045941243639473087 -0.00068129275320168159 0.0011309304676710907 -0.0024521928836714808 -0.0022607956556170363 0.001615948658638622 0.00020671604601014227
leaf_weight=37 48 35 20 36 23 24 62 25 180 22 114 40 47 36 62
leaf_count=37 48 35 20 36 23 24 62 25 180 22 114 40 47 36 62
internal_value=9.89581e-05 -0.000927573 0.000567592 0.000124164 0.000365381 0.00097579 0.00157153 -2.6338e-05 0.000680279 0.000446961 0.000716652 -0.00138763 -0.00105781 0.000827105 -0.000356483
internal_weight=811 246 565 259 223 306 146 62 200 160 136 184 144 84 97
internal_count=811 246 565 259 223 306 146 62 200 160 136 184 144 84 97
cat_boundaries=0 2
cat_threshold=673335617 1
is_linear=0
shrinkage=0.0680866


Tree=247
num_leaves=10
num_cat=0
split_feature=202 33 12 253 214 64 63 60 122
split_gain=0.0158215 0.0254561 0.0239151 0.0156945 0.0142687 0.0263229 0.0261373 0.0616282 0.0166996
threshold=1.0000000180025095e-35 3.3750000000000004 0.25000000000000017 65847688.165486716 0.15353990724888247 46.599099099099107 71.898148148148167 58.500000000000007 1.0000000180025095e-35
decision_type=2 2 2 2 2 8 10 8 2
left_child=3 2 -2 4 6 -6 8 -8 -1
right_child=1 -3 -4 -5 5 -7 7 -9 -10
leaf_value=6.9062410595362362e-06 -0.00057199504451484109 0.00047183734283664185 -0.0026538108277857431 0.0014677612054935063 4.8147294916972243e-05 -0.002253441690976017 4.9613882136851468e-05 -0.0032182047185732292 0.00069400861925505378
leaf_weight=291 33 27 27 20 23 19 45 18 308
leaf_count=291 33 27 27 20 23 19 45 18 308
internal_value=8.69324e-05 -0.000678442 -0.00144925 0.00019198 0.000134685 -0.000832937 0.000213432 -0.00090349 0.000354486
internal_weight=811 87 60 724 704 42 662 63 599
internal_count=811 87 60 724 704 42 662 63 599
is_linear=0
shrinkage=0.0680866


Tree=248
num_leaves=16
num_cat=0
split_feature=84 231 7 182 27 23 100 68 296 46 8 56 289 295 290
split_gain=0.0196729 0.0428946 0.0330385 0.0231569 0.021349 0.0283827 0.0673969 0.0538339 0.022381 0.0413012 0.0204338 0.0186131 0.0189061 0.0162513 0.00736955
threshold=172865.3268144606 0.12416757140342095 1.0000000180025095e-35 3.5000000000000004 404649.66666666669 341719.05555555556 1.0000000180025095e-35 2.3070719602977672 12.036260558473721 134240.71269046489 1.0000000180025095e-35 116.50000000000001 1.0000000180025095e-35 11.8190136275788 1.0000000180025095e-35
decision_type=2 2 2 2 10 10 2 8 10 10 2 10 2 10 2
left_child=4 2 -2 -4 5 8 7 -7 9 -1 11 12 -6 14 -12
right_child=1 -3 3 -5 10 6 -8 -9 -10 -11 13 -13 -14 -15 -16
leaf_value=0.00035792385338122951 -0.0028258499821490419 0.00082278904032351827 -0.00159615895968926 0.0005197109141725372 0.00024429389414664174 -0.0036155612890742305 0.0015729939935173575 -0.00086035103959019958 0.0017069971672885854 -0.0018511782512903392 0.00097180890492757624 0.00014391646355023214 0.0017104843530666388 -0.0014230925697646794 -0.00021109321619801962
leaf_weight=240 34 33 22 26 28 24 18 86 23 22 20 58 131 19 27
leaf_count=240 34 33 22 26 28 24 18 86 23 22 20 58 131 19 27
internal_value=8.10617e-05 -0.000666874 -0.00149042 -0.000602358 0.000217418 -8.05376e-05 -0.000864348 -0.00155058 0.000271204 9.77423e-05 0.000657873 0.000982516 0.00135747 -0.000208469 0.000225552
internal_weight=811 115 82 48 696 413 128 110 285 262 283 217 159 66 47
internal_count=811 115 82 48 696 413 128 110 285 262 283 217 159 66 47
is_linear=0
shrinkage=0.0680866


Tree=249
num_leaves=16
num_cat=0
split_feature=31 24 27 79 125 109 24 279 57 11 7 81 72 27 215
split_gain=0.047467 0.0284537 0.0659102 0.0452716 0.031849 0.0308759 0.0319965 0.0251731 0.0803107 0.0226016 0.020407 0.0193273 0.0187503 0.0264523 0.0163626
threshold=395019.79587438429 2.5900000000000003 383925.31332533027 0.80962191526597438 1.0000000180025095e-35 1.0000000180025095e-35 1.9100000000000004 1.0000000180025095e-35 31.166666666666668 -0.24999999999999994 1.5000000000000002 -1.0000000180025095e-35 261734.93888888889 597396.73128342268 7.8251748251748259
decision_type=2 8 10 2 2 2 10 2 2 2 2 2 10 8 2
left_child=7 2 3 -2 -4 10 -7 8 -1 -6 -3 14 13 -10 -9
right_child=1 5 4 -5 9 6 -8 11 12 -11 -12 -13 -14 -15 -16
leaf_value=0.0037357108553993409 -0.0048927371954348448 -0.00095025055981272106 0.00078307880681122762 -0.0017296025085927289 -0.00019148533402913213 -0.00015634387206029225 0.0016328301163482291 -0.0016421417046139446 0.00092800422022065959 -0.0016053723283344765 0.00036966600565966766 0.0010318392212892923 0.0017885323689718746 -0.0010290943840368225 -1.1773377718525916e-05
leaf_weight=30 18 122 56 23 92 57 81 25 44 77 61 33 18 37 39
leaf_count=30 18 122 56 23 92 57 81 25 44 77 61 33 18 37 39
internal_value=-7.45928e-06 -0.000326188 -0.000831929 -0.00284635 -0.00040087 7.96564e-05 0.000807567 0.000788092 0.00139975 -0.000825957 -0.000446952 8.5563e-05 0.000568479 7.23595e-05 -0.000587029
internal_weight=813 587 266 41 225 321 138 226 129 169 183 97 99 81 64
internal_count=813 587 266 41 225 321 138 226 129 169 183 97 99 81 64
is_linear=0
shrinkage=0.0680866


Tree=250
num_leaves=8
num_cat=0
split_feature=5 62 53 110 49 72 218
split_gain=0.0494771 0.0541151 0.0404838 0.0169556 0.0261058 0.0493023 0.0189654
threshold=3.5350000000000006 12.900269541778979 0.55799201359349571 16.000000000000004 51725.224789916021 513575.02651113475 1.0000000180025095e-35
decision_type=2 2 2 2 10 10 2
left_child=2 -2 -1 4 5 -4 -6
right_child=1 -3 3 -5 6 -7 -8
leaf_value=-0.0017364366305195218 -0.0034600138911309824 -0.00042092775834883726 0.00070652983448212545 0.0014029652758264515 -0.00097691127120680681 -0.0012006229090598484 0.00014661032343175946
leaf_weight=27 27 33 417 33 116 49 111
leaf_count=27 27 33 417 33 116 49 111
internal_value=-2.7943e-06 -0.00159671 0.000144692 0.000248271 0.000174225 0.000459371 -0.000392974
internal_weight=813 60 753 726 693 466 227
internal_count=813 60 753 726 693 466 227
is_linear=0
shrinkage=0.0680866


Tree=251
num_leaves=16
num_cat=0
split_feature=61 46 178 38 61 42 60 46 54 209 31 109 30 50 64
split_gain=0.0202344 0.0275968 0.0324657 0.0290593 0.0239724 0.0435047 0.0364904 0.0218144 0.0203826 0.0188974 0.0416319 0.0156847 0.0112782 0.0071502 0.00629723
threshold=57.166666666666679 186335.61408931759 1.0000000180025095e-35 109980.05159810236 40.166666666666679 164549.96528620465 56.500000000000007 350462.96591796103 53.500000000000007 0.090347131937068267 395019.79587438429 1.0000000180025095e-35 2.1250000000000004 97527.77499999998 27.083333333333339
decision_type=2 8 2 8 2 10 8 8 2 2 2 2 10 8 8
left_child=4 2 11 -3 7 12 -7 9 -5 10 -1 -2 14 -13 -6
right_child=1 3 -4 8 5 6 -8 -9 -10 -11 -12 13 -14 -15 -16
leaf_value=0.00094791542021293391 -0.0013417574332503645 0.0029544193915551028 0.0014197697843065312 0.0015436755867837141 0.0010520053586924362 -0.00124869690157647 -0.0041649720145939609 0.0014808800998301294 -0.00042830003781437067 -0.0015040540935158811 -0.00039378905877230882 0.00091251844767287215 -0.00095587877277991131 -0.00029935206149982202 2.8679608918103014e-06
leaf_weight=131 51 25 30 28 19 17 21 21 20 18 325 17 32 23 35
leaf_count=131 51 25 30 28 19 17 21 21 20 18 325 17 32 23 35
internal_value=-5.37771e-06 0.000565281 3.01293e-05 0.00150243 -0.000194206 -0.000972992 -0.00253003 6.80108e-06 0.000766014 -8.44472e-05 1.59311e-07 -0.000612726 -0.000257065 9.23492e-05 0.000311351
internal_weight=813 194 121 73 619 124 38 495 48 474 456 91 86 40 54
internal_count=813 194 121 73 619 124 38 495 48 474 456 91 86 40 54
is_linear=0
shrinkage=0.0680866


Tree=252
num_leaves=16
num_cat=1
split_feature=29 31 214 1 92 92 31 29 60 84 286 6 70 127 92
split_gain=0.0184539 0.078393 0.0568075 0.0541852 0.048343 0.0443231 0.0398581 0.0350458 0.0314948 0.0584009 0.0355659 0.032845 0.0267188 0.0233711 0.0198914
threshold=658056.97130310477 365234.80931372562 0.070353481356061662 0 0.96935194539393932 1.0639305189605144 518197.01041666669 397198.19166666671 36.500000000000007 10376.386581877976 1.5000000000000002 1.5000000000000002 251932.69999999998 1.0000000180025095e-35 1.0547663240014924
decision_type=8 2 2 9 10 10 2 10 10 2 2 2 2 2 10
left_child=1 2 -1 5 6 12 -3 -7 11 10 -10 -5 13 -2 -6
right_child=3 4 -4 8 14 7 -8 -9 9 -11 -12 -13 -14 -15 -16
leaf_value=0.0044537203257487747 -0.0035188569277123708 -0.00018642912858937824 0.0011828089386812595 0.0015634797079172261 -0.0028794297661779173 0.0018064895590784026 0.0027615945994289865 -0.00081730145362778745 -0.0033473533266336051 0.00095198598787656151 -0.00093171786341404012 0.00015030531031332226 -0.0010095200268401521 -0.0014801930195958691 -0.00096304081866756036
leaf_weight=21 43 18 34 80 20 26 18 21 27 33 45 275 95 26 42
leaf_count=21 43 18 34 80 20 26 18 21 27 33 45 275 95 26 42
internal_value=-7.90649e-05 0.000545808 0.00230477 -0.000232333 -0.000441998 -0.00106475 0.000978253 0.000330497 0.000173072 -0.000743544 -0.00179919 0.000487575 -0.00166011 -0.00258644 -0.00154265
internal_weight=824 153 55 671 98 211 36 47 460 105 72 355 164 69 62
internal_count=824 153 55 671 98 211 36 47 460 105 72 355 164 69 62
cat_boundaries=0 1
cat_threshold=1394020376
is_linear=0
shrinkage=0.0680866


Tree=253
num_leaves=13
num_cat=0
split_feature=13 111 253 67 23 190 71 23 126 95 56 60
split_gain=0.0274416 0.0330874 0.0260899 0.0158529 0.0468385 0.0198916 0.0371789 0.0217807 0.014967 0.0166219 0.00860703 0.00646451
threshold=316588.55331632664 8.5000000000000018 59463036.762753598 3.412778904665315 335178.74826388893 0.044728513943898006 723505.29751461989 772446.92460317479 0.033486800596155705 1899015.5130597877 84.500000000000014 44.500000000000007
decision_type=2 2 2 10 10 2 8 8 2 2 10 8
left_child=2 3 -1 5 -5 7 -7 -2 9 11 -6 -4
right_child=1 -3 8 4 10 6 -8 -9 -10 -11 -12 -13
leaf_value=-0.00051865482852941425 9.0263481251066693e-05 -0.0020977876648925931 -0.00044851024856134414 -0.0027186066241965223 -0.0006828642658033002 9.7207418698936205e-05 0.0019422040961629631 -0.0010902817478278179 0.0025274292492827159 0.001984154171602442 0.00033039630703009124 0.00067719831975039235
leaf_weight=22 128 19 19 24 54 287 37 111 22 22 52 27
leaf_count=22 128 19 19 24 54 287 37 111 22 22 52 27
internal_value=-7.01151e-05 -0.000225861 0.000826919 -0.000144269 -0.000766184 7.9441e-06 0.000349468 -0.000435509 0.00139425 0.000977275 -0.000220895 0.000274354
internal_weight=824 712 112 693 130 563 324 239 90 68 106 46
internal_count=824 712 112 693 130 563 324 239 90 68 106 46
is_linear=0
shrinkage=0.0680866


Tree=254
num_leaves=14
num_cat=0
split_feature=95 31 171 144 275 81 15 253 59 139 27 157 7
split_gain=0.0157746 0.0449849 0.0297431 0.0266662 0.0318401 0.0308942 0.0235576 0.021316 0.0195783 0.0228552 0.0179482 0.0132358 0.012136
threshold=15644704.16666667 388995.50000000006 1.0000000180025095e-35 6.5000000000000009 1.0000000180025095e-35 0.74223733859433239 491460.50993640703 59994116.068291239 25.500000000000004 1.0000000180025095e-35 716844.05487786036 24.500000000000004 1.0000000180025095e-35
decision_type=2 2 2 2 2 2 10 2 10 2 8 2 2
left_child=1 2 6 4 -3 -6 -1 11 10 -10 -5 -4 -9
right_child=-2 3 7 8 5 -7 -8 12 9 -11 -12 -13 -14
leaf_value=0.0035127323493539223 0.0011350040805882338 0.00013417932342288318 -0.0017875498384209627 -0.00081726958236894443 -0.0013427465329042332 -0.0035577216432856958 0.0011481202540798447 0.0015696018004726965 -0.00030485411406869965 -0.0017450637424858164 0.00052616676545654527 -0.00020371674192981134 0.00037935827538395359
leaf_weight=18 25 28 18 35 78 19 19 38 188 45 184 28 101
leaf_count=18 25 28 18 35 78 19 19 38 188 45 184 28 101
internal_value=-6.70662e-05 -0.000123699 0.000655518 -0.000437087 -0.00125171 -0.00186254 0.00206396 0.000344505 -0.000201184 -0.000611309 0.000238673 -0.000686543 0.000726436
internal_weight=824 799 222 577 125 97 37 185 452 233 219 46 139
internal_count=824 799 222 577 125 97 37 185 452 233 219 46 139
is_linear=0
shrinkage=0.0680866


Tree=255
num_leaves=16
num_cat=0
split_feature=21 294 36 28 31 21 42 91 108 218 56 76 27 122 218
split_gain=0.022735 0.0363161 0.0295066 0.0395079 0.0224813 0.0230241 0.0208219 0.0207246 0.0374912 0.0206292 0.01715 0.0167867 0.0103379 0.00413809 0.00195605
threshold=740693.77867965377 1.0000000180025095e-35 2.8500000000000001 2.8500000000000001 888011.36363636376 623556.63888888899 253792.47526756817 15.500000000000002 1.0000000180025095e-35 1.0000000180025095e-35 78.500000000000014 0.17157275021026072 736971.78174603183 1.0000000180025095e-35 1.0000000180025095e-35
decision_type=10 2 2 10 2 8 10 10 2 2 10 8 10 2 2
left_child=4 2 3 11 6 -6 7 10 -9 13 -1 -2 -11 -4 -5
right_child=1 -3 9 14 5 -7 -8 8 -10 12 -12 -13 -14 -15 -16
leaf_value=0.0001370755715645839 0.0011984607203686728 0.0024275714686501143 -0.0023822927844324745 -9.1519659788751184e-05 -0.00016066112441810495 -0.002213848002543563 -0.0013973436778828008 0.0029670643472536496 9.8212329745312694e-05 0.0010101472401026891 -0.00079517910057007313 0.0028132133950133057 -0.00042489772323702347 -0.0012653767330660615 -0.00072680537304549355
leaf_weight=347 59 21 18 24 17 39 27 18 17 18 97 28 26 18 31
leaf_count=347 59 21 18 24 17 39 27 18 17 18 97 28 26 18 31
internal_value=3.16737e-05 0.000558564 0.000315761 0.000856148 -0.0001994 -0.0012884 -5.88369e-05 4.70023e-05 0.00128019 -0.000602636 -7.32534e-05 0.0017041 6.62621e-05 -0.00164521 -0.000277442
internal_weight=805 243 222 142 562 56 506 479 35 80 444 87 44 36 55
internal_count=805 243 222 142 562 56 506 479 35 80 444 87 44 36 55
is_linear=0
shrinkage=0.0680866


Tree=256
num_leaves=16
num_cat=1
split_feature=1 72 71 253 3 3 244 68 29 295 10 7 71 24 28
split_gain=0.0290784 0.0378877 0.0421489 0.038357 0.030589 0.0274577 0.0440566 0.0280263 0.0255924 0.0303502 0.0227344 0.0213712 0.013879 0.0123676 0.0112862
threshold=0 166747.02545454548 172699.06250000003 60124148.419459082 7.5000000000000009 7.5000000000000009 1.0000000180025095e-35 2.5463121783876503 719361.39595543349 11.8190136275788 1.0000000180025095e-35 1.0000000180025095e-35 200216.22500000003 2.0350000000000006 2.8500000000000001
decision_type=9 8 8 2 2 2 2 8 8 10 2 2 10 10 8
left_child=5 4 3 -3 -2 8 -7 -8 11 13 12 -1 -4 -10 -12
right_child=1 2 10 -5 -6 6 7 -9 9 -11 14 -13 -14 -15 -16
leaf_value=-0.0036460154916572009 -0.00023445208700400612 0.0002863338004882306 0.0015260354708298736 0.0028272289904902196 -0.0024294546697830491 0.0019945698056166002 0.0005841916896145049 -0.0015431282925934266 -0.0022975770344946084 0.00068258791507219989 -0.0016010918365535693 -0.0015552306159669386 0.00034740067545197369 -0.00065892107008167248 -0.00025309805213931619
leaf_weight=18 51 18 31 53 26 24 27 41 26 33 26 34 325 21 51
leaf_count=18 51 18 31 53 26 24 27 41 26 33 26 34 325 21 51
internal_value=3.03274e-05 0.000281029 0.00050463 0.0018421 -0.000933283 -0.000579062 0.000159088 -0.000534392 -0.00121605 -0.000567262 0.000257818 -0.00224133 0.000477866 -0.0014176 -0.000667561
internal_weight=805 581 504 71 77 224 92 68 132 80 433 52 356 47 77
internal_count=805 581 504 71 77 224 92 68 132 80 433 52 356 47 77
cat_boundaries=0 1
cat_threshold=2686717995
is_linear=0
shrinkage=0.0680866


Tree=257
num_leaves=14
num_cat=0
split_feature=9 22 81 86 189 64 94 269 238 69 72 282 267
split_gain=0.0220667 0.0307046 0.0147415 0.0369 0.0362272 0.0288158 0.0482605 0.0242539 0.0372717 0.0174559 0.016918 0.0132702 0.0060703
threshold=1.0000000180025095e-35 2.7350000000000008 -0.56548679639036703 0.29059000482620173 15.000000000000002 1.2426470588235297 23146.693523658385 0.013756282744443652 1.0000000180025095e-35 1.5888888888888888 361874.97580645169 0.045372553174021009 1.0000000180025095e-35
decision_type=2 8 2 10 2 8 2 2 2 2 8 2 2
left_child=2 12 3 7 -5 6 -4 10 -9 -7 -1 -11 -2
right_child=1 -3 5 4 -6 9 -8 8 -10 11 -12 -13 -14
leaf_value=9.7720111076600032e-05 -0.0017155018207089922 9.3383751831279196e-05 -0.0030763524746799074 0.0010712166806467434 0.0037826326644381141 0.0012259704932868517 -2.4752213626326602e-05 0.0019920362280201709 -0.00026324418177399873 -0.00011172855301592258 -0.0013672738001663277 0.001132113978120988 -0.0030208302500608669
leaf_weight=49 21 28 25 32 17 35 22 48 39 406 46 20 17
leaf_count=49 21 28 25 32 17 35 22 48 39 406 46 20 17
internal_value=2.89428e-05 -0.000991395 0.000136909 0.000568636 0.00194584 -5.90997e-05 -0.00137214 0.000154223 0.000865155 9.58104e-05 -0.0005337 -1.70485e-05 -0.00213383
internal_weight=805 66 739 231 49 508 47 182 87 461 95 426 38
internal_count=805 66 739 231 49 508 47 182 87 461 95 426 38
is_linear=0
shrinkage=0.0680866


Tree=258
num_leaves=16
num_cat=0
split_feature=15 92 133 56 217 53 137 65 60 49 126 26 139 181 51
split_gain=0.0356505 0.0385545 0.0335118 0.0530193 0.0315151 0.0195847 0.0189576 0.027049 0.0301597 0.0318907 0.0202991 0.01443 0.0140977 0.0119761 0.0104731
threshold=626545.32018849219 1.1117905921390168 1.0000000180025095e-35 26.500000000000004 1.0000000180025095e-35 0.60127841096067669 63.500000000000007 7.7958333333333334 40.500000000000007 74760.421225937214 0.042126124050278206 2.6300000000000003 1.0000000180025095e-35 0.027689672418345152 0.026601592074216352
decision_type=8 8 2 8 2 2 2 2 8 10 2 10 2 2 10
left_child=1 5 11 4 -4 -1 7 -2 9 -9 -10 -3 14 -5 -7
right_child=6 2 3 13 -6 12 -8 8 10 -11 -12 -13 -14 -15 -16
leaf_value=0.00020405150962530649 -0.0020661019498971278 -0.0013001238821982637 -9.6550013984928371e-05 0.00088938890622382598 -0.0026708983288416047 0.0018053972638862536 0.00092039758846113615 0.0009549861627579201 -0.00038222820049239501 -0.00075152232440461799 -0.0016955705517221172 2.5546380199675751e-05 0.0027129504048513083 0.0021443406591682779 0.00058221610646503198
leaf_weight=36 31 93 18 79 21 52 17 96 92 64 87 30 26 36 42
leaf_count=36 31 93 18 79 21 52 17 96 92 64 87 30 26 36 42
internal_value=-2.19362e-05 0.000389306 -5.78169e-05 0.000542021 -0.0011076 0.0011977 -0.000484789 -0.000609518 -0.000431205 0.000200698 -0.000997878 -0.000847125 0.00164322 0.00127204 0.00129494
internal_weight=820 433 277 154 39 156 387 370 339 160 179 123 120 115 94
internal_count=820 433 277 154 39 156 387 370 339 160 179 123 120 115 94
is_linear=0
shrinkage=0.0680866


Tree=259
num_leaves=11
num_cat=0
split_feature=29 289 91 25 197 49 54 64 6 189
split_gain=0.0241462 0.0171218 0.0377899 0.0264969 0.0232936 0.0192289 0.0354903 0.0127457 0.0103669 0.00532901
threshold=243310.83333333334 1.0000000180025095e-35 -3.4999999999999996 808703.34455555561 1.0000000180025095e-35 86412.771181759439 10.500000000000002 21.087387387387391 2.5000000000000004 1.0000000180025095e-35
decision_type=8 2 8 8 2 10 2 10 2 2
left_child=-1 5 -3 7 -5 6 -2 -4 -8 -7
right_child=1 2 3 4 -6 9 8 -9 -10 -11
leaf_value=0.0014856363140511586 -0.0020402403707399075 0.0017982123802634316 0.00012827883366463392 -0.00073988855560516589 0.00052026628757478909 -0.001311738489433804 -0.00040903939308615638 0.0010670247208267485 0.00059058477059499071 -0.0025505196596007089
leaf_weight=24 23 33 153 253 65 18 69 89 75 18
leaf_count=24 23 33 153 253 65 18 69 89 75 18
internal_value=-2.01262e-05 -8.89455e-05 8.90175e-05 -3.83445e-05 -0.000437855 -0.000601545 -0.000323126 0.0004683 7.0951e-05 -0.00173458
internal_weight=820 796 593 560 318 203 167 242 144 36
internal_count=820 796 593 560 318 203 167 242 144 36
is_linear=0
shrinkage=0.0680866


Tree=260
num_leaves=16
num_cat=0
split_feature=15 92 18 238 163 12 94 120 38 17 31 38 296 92 50
split_gain=0.0309865 0.0399088 0.0278743 0.0485549 0.0410852 0.031918 0.023772 0.0232637 0.0173563 0.0142949 0.0185949 0.0159899 0.0124623 0.0414682 0.0200008
threshold=591115.99309593032 0.99603188936714016 1.2900000000000003 1.0000000180025095e-35 1.0000000180025095e-35 0.25000000000000017 -50575.940554567722 1.0000000180025095e-35 76076.120376214662 909534.93172568188 376656.14239926747 28760.351712371845 12.203602551762851 0.96179736616593436 115179.68088158809
decision_type=8 8 8 2 2 2 2 2 10 10 2 8 10 10 8
left_child=1 6 3 -3 5 -4 7 -1 -6 10 -2 -12 14 -14 -11
right_child=9 2 4 -5 8 -7 -8 -9 -10 12 11 -13 13 -15 -16
leaf_value=-0.00040667721868490703 0.00058224693172016708 0.00010155665306497214 -0.0018052775073499065 0.0033904220782351429 0.00011684023342969467 -4.5931091724823942e-05 0.002510816320916185 0.0016382273861727909 0.0014940896428385874 -0.00029104592163781303 -0.0022492871469408579 -0.00076551114968756884 -0.0016738848251319825 0.00061472719909388951 0.0016341299302155977
leaf_weight=26 19 17 81 17 93 61 45 28 45 18 17 217 42 58 36
leaf_count=26 19 17 81 17 93 61 45 28 45 18 17 217 42 58 36
internal_value=-1.64593e-05 0.00038558 2.76459e-05 0.00142966 -0.000201249 -0.000967139 0.0014658 0.000732288 0.000555921 -0.000428236 -0.00074154 -0.000929317 3.27404e-05 -0.000333051 0.000762259
internal_weight=820 413 314 34 280 142 99 54 138 407 253 234 154 100 54
internal_count=820 413 314 34 280 142 99 54 138 407 253 234 154 100 54
is_linear=0
shrinkage=0.0680866


Tree=261
num_leaves=16
num_cat=1
split_feature=0 217 24 85 133 22 69 18 16 31 25 72 46 24 22
split_gain=0.0185512 0.0250139 0.0350016 0.0334324 0.0303782 0.0249634 0.024841 0.0370178 0.0211696 0.0192622 0.0273956 0.0162066 0.0168732 0.013872 0.0130414
threshold=0 1.0000000180025095e-35 2.6300000000000003 0.90120345789119483 0.16397849462365588 2.7350000000000008 3.8561798105276375 2.2050000000000005 2.9600000000000004 445304.1687925171 430073.23002136761 238200.63945578234 35096.305704470004 2.7350000000000008 2.2050000000000005
decision_type=1 2 10 2 2 10 2 8 8 2 10 10 10 8 8
left_child=1 8 3 4 -3 -5 7 -2 13 10 -9 12 -4 -1 -11
right_child=6 2 11 5 -6 -7 -8 9 -10 14 -12 -13 -14 -15 -16
leaf_value=-0.00016668748387737976 -0.00040636128386227033 8.2858192900443976e-05 -0.00092560954076978722 0.00055788803047359173 -0.0024352218042172232 0.0023243214033288645 -0.0010720430749506307 0.0010899959176623613 -0.0026428531154881955 -0.00050219808881300126 0.0033257237891747959 -0.00029573897581077819 -0.0028731179782865769 -0.0016378545820571353 0.00071873015743759551
leaf_weight=50 146 21 18 100 18 31 35 47 19 23 18 34 26 30 214
leaf_count=50 146 21 18 100 18 31 35 47 19 23 18 34 26 30 214
internal_value=-5.50907e-06 -0.000368876 -3.44238e-05 0.000489753 -0.00083868 0.00101744 0.000257001 0.000408408 -0.00121114 0.000829156 0.00173953 -0.00107009 -0.00189507 -0.000820873 0.000561388
internal_weight=830 347 248 170 39 131 483 448 99 302 65 78 44 80 237
internal_count=830 347 248 170 39 131 483 448 99 302 65 78 44 80 237
cat_boundaries=0 1
cat_threshold=848
is_linear=0
shrinkage=0.0680866


Tree=262
num_leaves=10
num_cat=0
split_feature=141 253 83 91 92 156 25 51 83
split_gain=0.024243 0.0510595 0.0139268 0.0149203 0.0149032 0.0148956 0.0244141 0.0150648 0.0115456
threshold=825.00000000000011 61346251.660937496 0.72243025988963094 8.5000000000000018 1.1709582154749849 1.0000000180025095e-35 880982.82635281398 0.094082540443898591 1.0297312991959131
decision_type=2 2 2 10 8 2 10 8 2
left_child=1 -1 -2 5 -5 7 -7 -4 -6
right_child=2 -3 3 4 8 6 -8 -9 -10
leaf_value=-0.0026689320364895854 -0.00096935683392076945 0.00035465196442724313 4.4364290709552911e-05 0.001833787018834368 0.00094572057070830867 0.00071254518765071417 -0.00058230214210951668 -0.00081480717926994 -0.00060444448978563044
leaf_weight=33 31 23 243 35 22 238 66 120 19
leaf_count=33 31 23 243 35 22 238 66 120 19
internal_value=-8.22825e-06 -0.00115582 8.86858e-05 0.000152423 0.000942958 4.88117e-05 0.000387705 -0.000235557 0.000298623
internal_weight=830 56 774 743 76 667 304 363 41
internal_count=830 56 774 743 76 667 304 363 41
is_linear=0
shrinkage=0.0680866


end of trees

feature_importances:
price_base_vs_anchor=125
price_lag_12=103
dynamic_anchor_price=65
price_yoy_historical=62
inflation_lag_9=59
inflation_lag_12=58
range_booking_arrival_lag_15=54
inflation_lag_6=52
roomId=50
price_lag_9=50
price_lag_15=50
season_strength=49
price_vs_property_avg=48
price_zscore_property=47
month_cos=45
is_peak_season=43
price_lag_24=42
num_of_nights_lag_15=42
month_sin=41
leftover_rooms_lag_15=41
commission_lag_15=40
inflation_lag_15=39
range_booking_arrival_lag_5=36
inflation_lag_16=35
price_roll_std_6=34
month=33
inflation_rate=33
price_diff_1=33
inflation_lag_24=31
price_diff_12=31
price_lag_6=30
price_lag_16=30
price_roll_std_12=30
price_growth_1=29
price_cv_6=29
season_price_interaction=29
room_cfg_rack_rate_lag_4=29
inflation_lag_5=28
used_room_nights_lag_15=27
price_vs_trend_12=27
ch_publish_ratio_lag_4=27
range_booking_arrival_roll_mean_3=26
trend_3_vs_12=26
cal_soldout_rate_lag_4=26
price_vs_roll_mean_6=24
ch_connect_inventory_ratio_lag_4=24
tfidf_friendly_lag_4=23
is_major_holiday_month=22
price_lag_5=22
log_price_roll_std_12=22
is_fallback_anchor=21
price_roll_std_3=21
month_sin_price=21
dynamic_anchor_inflation=20
price_to_mean_ratio=20
prop_feature_codes_count_lag_4=20
masterId_lag_4=20
price_roll_max_6=19
commission_lag_5=19
trend_strength=19
month_cos_price=19
room_cfg_feature_count_lag_4=19
price_lag_4=18
num_of_nights_lag_5=18
trend_slope=18
ch_price_per_day_ratio_lag_4=18
room_fc_bath_toilet_lag_4=18
used_room_nights_lag_5=17
room_fc_safe_lag_4=17
room_fc_refrigerator_lag_4=17
log_price_roll_std_6=17
current_known_inflation=16
num_of_nights_lag_4=16
tfidf_location_lag_4=16
room_cfg_roomType_double_lag_4=16
propertyId=15
inflation_lag_4=15
inflation_diff_since_anchor=15
range_booking_arrival_lag_4=15
num_of_nights_roll_mean_3=15
month_price_interaction=15
tfidf_super_lag_4=15
room_fc_toiletries_lag_4=15
tfidf_great_lag_4=15
used_room_nights_lag_4=14
numChild_lag_5=14
occupancy_trend=14
is_volatile_room=14
room_fc_desk_lag_4=14
avg_comfort_score_lag_4=14
room_fc_air_conditioning_lag_4=14
room_fc_deck_patio_uncovered_lag_4=14
cal_low_avail_rate_lag_4=14
tfidf_en_lag_4=14
tfidf_room_lag_4=14
leftover_rooms_lag_5=13
leftover_rooms_roll_mean_3=13
numChild_lag_15=13
occupancy_price_interaction=13
room_fc_shampoo_lag_4=12
room_fc_towels_lag_4=12
ch_connect_limited_ratio_lag_4=12
room_fc_bath_shower_lag_4=12
room_fc_bathroom_lag_4=12
tfidf_staff_lag_4=12
room_cfg_control_priority_lag_4=12
room_fc_breakfast_possible_lag_4=12
room_cfg_max_children_lag_4=12
room_fc_bed_single_lag_4=12
tfidf_un_lag_4=12
quarter=11
room_fc_satellite_lag_4=11
avg_staff_score_lag_4=11
price_roll_max_3=10
occupancy_season_interaction=10
room_fc_linens_lag_4=10
tfidf_sehr_lag_4=10
tfidf_la_lag_4=10
room_fc_garden_lag_4=10
prop_type_bungalow_lag_4=10
year=9
price_lag_36=9
price_roll_mean_6=9
peak_price_interaction=9
avg_review_score_lag_4=9
allowAutoAction_enable_lag_4=9
prop_group_keywords_count_lag_4=9
cal_numAvail_low_days_lag_4=9
room_fc_tv_lag_4=9
room_fc_cable_lag_4=9
is_eid_month=8
price_roll_min_3=8
price_roll_mean_12=8
price_roll_max_12=8
price_roll_min_12=8
used_room_nights_roll_mean_3=8
commission_lag_4=8
commission_roll_mean_3=8
cal_numAvail_zero_days_lag_4=8
tfidf_good_lag_4=8
room_fc_coffee_maker_lag_4=8
prop_checkin_start_min_lag_4=8
tfidf_et_lag_4=8
cal_numAvail_max_lag_4=8
inflation_lag_36=7
price_roll_mean_3=7
leftover_rooms_lag_4=7
room_fc_closets_in_room_lag_4=7
room_fc_separate_toilet_area_lag_4=7
avg_facilities_score_lag_4=7
room_fc_minibar_lag_4=7
avg_value_score_lag_4=7
room_fc_cleaning_included_lag_4=7
apiSource_Booking_com_lag_4=7
cal_numAvail_mean_lag_4=7
price_roll_min_6=6
room_fc_wakeupcall_lag_4=6
allowChannelUpdate_all_lag_4=6
title_RO_lag_4=6
channel_booking_lag_4=6
avg_clean_score_lag_4=6
room_fc_hair_dryer_lag_4=6
custom1_Paid_OTA_lag_4=6
room_fc_wifi_lag_4=6
cancelTime_2024_08_05T03_15_10Z_lag_4=6
room_fc_balcony_lag_4=6
tfidf_el_lag_4=6
subStatus_none_lag_4=6
price_ema_3=5
allowReview_default_lag_4=5
refererEditable_Booking_com_lag_4=5
cal_days_covered_lag_4=5
room_fc_scuba_or_snorkeling_lag_4=5
cal_numAvail_std_lag_4=5
status_confirmed_lag_4=5
status_new_lag_4=5
room_cfg_roomType_single_lag_4=5
tfidf_le_lag_4=5
prop_type_resort_lag_4=5
tfidf_clean_lag_4=5
room_cfg_qty_raw_lag_4=5
total_capacity_nights=4
numChild_roll_mean_3=4
room_cfg_roomType_quadruple_lag_4=4
room_cfg_roomType_bungalow_lag_4=4
tfidf_pool_lag_4=4
allowCancellation__type_propertyDefault__lag_4=4
room_fc_breakfast_included_lag_4=4
room_fc_laptop_friendly_lag_4=4
tfidf_muy_lag_4=4
room_fc_car_available_lag_4=4
cal_numAvail_min_lag_4=4
prop_longitude_lag_4=4
room_fc_bed_double_lag_4=4
tfidf_nice_lag_4=4
qty_lag_4=4
prop_type_hotel_lag_4=4
groupNote_Room_Only__lag_4=3
referer_Booking_com_lag_4=3
avg_location_score_lag_4=3
room_fc_baggage_storage_lag_4=3
tfidf_trs_lag_4=3
prop_type_guesthouse_lag_4=3
prop_latitude_lag_4=3
room_fc_tv_hd_32_plus_lag_4=3
room_cfg_room_size_lag_4=3
room_fc_kettle_lag_4=3
numChild_lag_4=2
room_cfg_overbookingProtection_property_lag_4=2
tfidf_que_lag_4=2
room_fc_bedroom_lag_4=2
room_cfg_units_count_lag_4=2
tfidf_der_lag_4=2
room_fc_hangers_lag_4=2
tfidf_stay_lag_4=2
room_fc_sitting_area_lag_4=2
ch_enabled_ratio_lag_4=2
room_fc_beach_front_lag_4=2
room_fc_luxory_linen_lag_4=2
tfidf_beach_lag_4=2
room_fc_reception_24_hour_lag_4=2
room_cfg_roomType_twin_lag_4=1
room_cfg_max_people_lag_4=1
room_fc_dining_area_lag_4=1
room_fc_breakfast_in_room_lag_4=1
arrivalTime_16_30_lag_4=1
tfidf_die_lag_4=1
prop_type_villa_lag_4=1
room_fc_bicycle_lag_4=1
room_fc_cleaning_possible_lag_4=1
room_fc_bath_or_shower_lag_4=1
tfidf_place_lag_4=1
tfidf_da_lag_4=1
room_fc_airport_shuttle_lag_4=1
room_fc_private_bathroom_lag_4=1
tfidf_est_lag_4=1
tfidf_de_lag_4=1

parameters:
[boosting: gbdt]
[objective: regression]
[metric: rmse]
[tree_learner: serial]
[device_type: cpu]
[data_sample_strategy: bagging]
[data: ]
[valid: ]
[num_iterations: 263]
[learning_rate: 0.0680866]
[num_leaves: 16]
[num_threads: 0]
[seed: 222]
[deterministic: 0]
[force_col_wise: 0]
[force_row_wise: 0]
[histogram_pool_size: -1]
[max_depth: 5]
[min_data_in_leaf: 17]
[min_sum_hessian_in_leaf: 0.0117029]
[bagging_fraction: 0.766981]
[pos_bagging_fraction: 1]
[neg_bagging_fraction: 1]
[bagging_freq: 3]
[bagging_seed: 1801]
[bagging_by_query: 0]
[feature_fraction: 0.736694]
[feature_fraction_bynode: 0.822941]
[feature_fraction_seed: 3308]
[extra_trees: 1]
[extra_seed: 31563]
[early_stopping_round: 0]
[early_stopping_min_delta: 0]
[first_metric_only: 0]
[max_delta_step: 0]
[lambda_l1: 0.0244679]
[lambda_l2: 9.39341e-06]
[linear_lambda: 0]
[min_gain_to_split: 0.000109921]
[drop_rate: 0.184734]
[max_drop: 42]
[skip_drop: 0.63443]
[xgboost_dart_mode: 0]
[uniform_drop: 0]
[drop_seed: 22156]
[top_rate: 0.2]
[other_rate: 0.1]
[min_data_per_group: 100]
[max_cat_threshold: 32]
[cat_l2: 10]
[cat_smooth: 10]
[max_cat_to_onehot: 4]
[top_k: 20]
[monotone_constraints: ]
[monotone_constraints_method: basic]
[monotone_penalty: 0]
[feature_contri: ]
[forcedsplits_filename: ]
[refit_decay_rate: 0.9]
[cegb_tradeoff: 1]
[cegb_penalty_split: 0]
[cegb_penalty_feature_lazy: ]
[cegb_penalty_feature_coupled: ]
[path_smooth: 11.8139]
[interaction_constraints: ]
[verbosity: -1]
[saved_feature_importance_type: 0]
[use_quantized_grad: 0]
[num_grad_quant_bins: 4]
[quant_train_renew_leaf: 0]
[stochastic_rounding: 1]
[linear_tree: 0]
[max_bin: 146]
[max_bin_by_feature: ]
[min_data_in_bin: 3]
[bin_construct_sample_cnt: 200000]
[data_random_seed: 763]
[is_enable_sparse: 1]
[enable_bundle: 1]
[use_missing: 1]
[zero_as_missing: 0]
[feature_pre_filter: 1]
[pre_partition: 0]
[two_round: 0]
[header: 0]
[label_column: ]
[weight_column: ]
[group_column: ]
[ignore_column: ]
[categorical_feature: 0,1]
[forcedbins_filename: ]
[precise_float_parser: 0]
[parser_config_file: ]
[objective_seed: 4930]
[num_class: 1]
[is_unbalance: 0]
[scale_pos_weight: 1]
[sigmoid: 1]
[boost_from_average: 1]
[reg_sqrt: 0]
[alpha: 0.754224]
[fair_c: 1]
[poisson_max_delta_step: 0.7]
[tweedie_variance_power: 1.5]
[lambdarank_truncation_level: 30]
[lambdarank_norm: 1]
[label_gain: ]
[lambdarank_position_bias_regularization: 0]
[eval_at: ]
[multi_error_top_k: 1]
[auc_mu_weights: ]
[num_machines: 1]
[local_listen_port: 12400]
[time_out: 120]
[machine_list_filename: ]
[machines: ]
[gpu_platform_id: -1]
[gpu_device_id: -1]
[gpu_use_dp: 0]
[num_gpu: 1]

end of parameters

pandas_categorical:[[158986, 158990, 161014, 163277, 169082, 174792, 179195, 193394, 201589, 243134], [350455, 350464, 354680, 354681, 354682, 354683, 359135, 359136, 359142, 370147, 370148, 370149, 370150, 381255, 388810, 388811, 388812, 388813, 416397, 416398, 416400, 431070, 431071, 431095, 462631, 462632, 462634, 500275, 502851, 512298, 512299, 512300, 515268, 622210]]
